Edisk/V,Idisk/mA,Iring/mA,E-iR vs RHE,jdisk mAcm-2,jring mAcm-2,jCER,jOER,I cer,I OER
0.959377907,-0.005110427,-0.032573677,1.204446829,-0.02602713,-0.122887076,0.140343469,-0.214516325,0.02755644,-0.04212028
0.960447493,0.000993969,-0.028109525,1.205434088,0.005062229,-0.106045666,0.093637879,-0.136721376,0.018385798,-0.026845242
0.961467663,0.003787743,-0.025660627,1.206416579,0.01929077,-0.096806982,0.068016617,-0.096871572,0.013355063,-0.019020733
0.962477963,0.005459821,-0.023861816,1.207404329,0.027806574,-0.090020808,0.049196801,-0.069535952,0.009659792,-0.013653384
0.963488577,0.006595376,-0.022532574,1.208399627,0.033589895,-0.085006127,0.035289791,-0.049845621,0.00692915,-0.009787188
0.964449367,0.007355865,-0.021370115,1.209350161,0.037463026,-0.080620649,0.023127725,-0.033810425,0.004541129,-0.006638677
0.96554198,0.008476888,-0.020461669,1.210427655,0.043172333,-0.077193455,1.36E-02,-0.018596622,0.002674921,-0.003651447
0.966540637,0.009026163,-0.019846492,1.211418904,0.045969765,-0.074872644,0.00718702,-0.009362981,0.001411171,-0.001838421
0.96756049,0.009453413,-0.019159551,1.212432995,0.048145725,-0.072281101,0,0,0,0
0.96855267,0.009816666,-0.01865139,1.213420276,0.049995753,-0.070364016,0.005316572,-0.003466545,0.001043909,-0.000680656
0.969582023,0.010227713,-0.018259304,1.214444086,0.052089192,-0.068884838,0.009418715,-0.005475249,0.001849365,-0.001075065
0.97060927,0.010434747,-0.017987261,1.21546854,0.053143607,-0.067858532,0.012264928,-0.007267047,0.002408219,-0.001426885
0.971556287,0.010645279,-0.017402172,1.216412717,0.054215833,-0.065651232,0.018386342,-0.012316234,0.003610158,-0.002418293
0.97257678,0.011050015,-0.01708129,1.217427752,0.056277132,-0.064440677,0.021743523,-0.013612117,0.004269341,-0.002672739
0.973551057,0.011230843,-0.016777957,1.21839959,0.05719808,-0.063296325,0.024917107,-0.015864752,0.004892474,-0.003115044
0.974516173,0.011435752,-0.016519059,1.219361943,0.05824167,-0.062319609,0.027625795,-0.01752985,0.005424325,-0.003441986
0.97561125,0.011504394,-0.01644996,1.220456094,0.058591261,-0.062058927,0.028348734,-0.017903199,0.005566274,-0.003515293
0.976648707,0.011501267,-0.01644817,1.221493593,0.058575334,-0.062052174,0.028367462,-0.017937853,0.005569951,-0.003522097
0.977626483,0.011703352,-0.016148218,1.222468644,0.059604545,-0.060920578,0.031505669,-0.02004685,0.006186138,-0.003936199
0.97865935,0.011909486,-0.016034764,1.223498731,0.060654374,-0.060492563,0.032692666,-0.020184018,0.006419205,-0.003963132
0.97962401,0.012150086,-0.015648804,1.224460146,0.061879733,-0.059036496,0.036730717,-0.022996709,0.007212076,-0.004515404
0.98067524,0.012335816,-0.015418438,1.225508871,0.062825648,-0.05816742,0.03914089,-0.024460967,0.007685314,-0.004802911
0.98162836,0.012448647,-0.015534658,1.226460469,0.063400292,-0.05860587,0.037924954,-0.022670387,0.007446565,-0.004451331
0.982667607,0.012534521,-0.015355171,1.227498558,0.063837642,-0.057928738,0.039802815,-0.024110899,0.007815283,-0.004734175
0.983671547,0.012496606,-0.015168063,1.228503009,0.063644541,-0.057222857,0.041760407,-0.026261592,0.008199656,-0.005156464
0.98463448,0.012642147,-0.015131341,1.22946398,0.064385775,-0.057084321,0.042144603,-0.025904553,0.008275093,-0.005086359
0.98563548,0.012836929,-0.014887939,1.230462353,0.065377788,-0.056166066,0.044691163,-0.027459101,0.00877511,-0.005391594
0.986677923,0.013025001,-0.014889673,1.231502259,0.066335629,-0.056172606,0.044673025,-0.026483122,0.008771548,-0.005199961
0.987637363,0.013087463,-0.014837067,1.232460857,0.066653748,-0.055974148,0.045223401,-0.026715379,0.008879615,-0.005245565
0.98863701,0.013209815,-0.014616326,1.233458854,0.06727688,-0.055141382,0.047532877,-0.028401723,0.00933308,-0.005576678
0.989670277,0.01323143,-0.014586722,1.234491829,0.06738696,-0.055029697,0.047842609,-0.028601374,0.009393896,-0.00561588
0.990671377,0.013279541,-0.014363356,1.23549228,0.067631987,-0.054187031,0.050179538,-0.030693276,0.009852752,-0.006026625
0.991631983,0.013410899,-0.014352654,1.236451115,0.068300986,-0.054146656,0.05029151,-0.030136249,0.009874738,-0.005917252
0.992642067,0.01350678,-0.014403271,1.237459905,0.068789307,-0.054337613,0.049761936,-0.029118355,0.009770756,-0.005717389
0.99365312,0.013580525,-0.014377332,1.238469964,0.069164886,-0.054239754,0.050033323,-0.029014163,0.009824043,-0.005696931
0.994606773,0.013720664,-0.014078943,1.239421727,0.069878603,-0.053114057,0.053155174,-0.031422296,0.010437018,-0.006169768
0.995631913,0.013758018,-0.014326434,1.240446364,0.070068846,-0.054047737,0.050565836,-0.028642715,0.009928602,-0.005623997
0.996665517,0.013685643,-0.01421071,1.241480943,0.069700244,-0.053611161,0.051776576,-0.030222057,0.010166331,-0.005934101
0.997671547,0.01379937,-0.014078026,1.242485439,0.070279448,-0.053110596,0.053164771,-0.031031049,0.010438903,-0.006092946
0.998613317,0.013961873,-0.013980855,1.243425018,0.071107071,-0.052744011,0.054181406,-0.031220061,0.010638519,-0.006130059
0.99966648,0.014173962,-0.013836671,1.24447532,0.072187229,-0.052200065,0.055689908,-0.031648405,0.010934713,-0.006214164
1.000689627,0.014185372,-0.013791502,1.245498313,0.072245336,-0.05202966,0.056162486,-0.032062876,0.011027504,-0.006295546
1.0016716,0.014217501,-0.013659542,1.246479853,0.072408967,-0.051531831,0.057543096,-0.033279855,0.011298587,-0.006534499
1.0026377,0.014219096,-0.01342735,1.247445932,0.072417094,-0.050655863,0.05997238,-0.035701012,0.011775577,-0.007009894
1.003632167,0.014320267,-0.013517174,1.248439034,0.07293235,-0.050994733,0.059032606,-0.034245981,0.011591052,-0.006724198
1.004641333,0.014535843,-0.013386509,1.249445293,0.074030269,-0.050501787,0.060399674,-0.03451513,0.011859476,-0.006777046
1.0056502,0.014623346,-0.013416029,1.25045298,0.074475914,-0.050613155,0.060090821,-0.033760633,0.011798833,-0.0066289
1.006649167,0.014597683,-0.013529675,1.251452293,0.074345217,-0.051041895,0.058901816,-0.032702324,0.011565371,-0.006421101
1.007653667,0.014696392,-0.013587315,1.252455461,0.074847937,-0.051259348,0.058298761,-0.03159655,0.011446962,-0.006203983
1.008650267,0.014700956,-0.013507865,1.253452,0.074871179,-0.050959613,0.059130003,-0.03240455,0.011610176,-0.006362633
1.009634233,0.014677027,-0.013239436,1.254436289,0.07474931,-0.049946942,0.061938402,-0.035334817,0.012161605,-0.006937991
1.010653567,0.014871962,-0.013241037,1.255452993,0.075742105,-0.049952981,0.061921655,-0.034325275,0.012158317,-0.006739768
1.011645767,0.01499251,-0.013198646,1.256443568,0.076356046,-0.049793058,0.062365161,-0.034154841,0.012245399,-0.006706303
1.0126281,0.015114655,-0.01308797,1.257424254,0.076978126,-0.049375522,0.063523098,-0.034690697,0.01247276,-0.006811518
1.013647233,0.015232202,-0.012978629,1.258441802,0.077576788,-0.048963024,0.064667063,-0.035236,0.012697378,-0.006918589
1.014653767,0.015308026,-0.012952239,1.259447312,0.077962956,-0.048863466,0.064943161,-0.035125931,0.01275159,-0.006896977
1.015673333,0.01522176,-0.013190923,1.260468043,0.077523608,-0.049763924,0.062445959,-0.033068077,0.012261264,-0.006492917
1.0166459,0.015231972,-0.013141495,1.261440471,0.077575617,-0.049577451,0.062963096,-0.033533205,0.012362804,-0.006584245
1.017686867,0.015422614,-0.013072986,1.262478867,0.078546544,-0.049318994,0.063679866,-0.033279047,0.012503542,-0.006534341
1.018613933,0.015494731,-0.01314122,1.263404961,0.078913834,-0.049576413,0.062965977,-0.032197868,0.01236337,-0.006322051
1.019663367,0.015553055,-0.013014756,1.264453608,0.079210873,-0.049099316,0.064289089,-0.033223941,0.012623163,-0.006523521
1.020662633,0.01562623,-0.012957072,1.265451888,0.079583548,-0.048881698,0.0648926,-0.033454777,0.012741662,-0.006568846
1.0216535,0.015671294,-0.013032555,1.266442146,0.079813058,-0.049166464,0.064102869,-0.032435537,0.012586598,-0.006368718
1.022623267,0.015696536,-0.012908814,1.267411573,0.079941613,-0.048699642,0.065397489,-0.033601602,0.012840797,-0.006597675
1.0236367,0.015850127,-0.012731257,1.268422935,0.080723847,-0.048029793,0.067255152,-0.03467703,0.013205549,-0.006808835
1.024655633,0.016118782,-0.012876975,1.269438245,0.082092091,-0.048579527,0.065730597,-0.031784232,0.012906203,-0.006240834
1.025705933,0.016530752,-0.012793996,1.270482989,0.08419023,-0.048266482,0.066598754,-0.030554249,0.013076665,-0.005999327
1.026682933,0.016547401,-0.012887757,1.271459764,0.084275026,-0.048620203,0.065617792,-0.029488491,0.012884053,-0.005790065
1.027737733,0.016257641,-0.012780643,1.272518472,0.08279929,-0.048216104,0.066738464,-0.0320849,0.013104098,-0.00629987
1.028685233,0.016188765,-0.012800507,1.273466901,0.082448509,-0.048291043,0.06653064,-0.032227857,0.013063291,-0.00632794
1.029655533,0.016341704,-0.01296139,1.274435138,0.083227422,-0.04889799,0.064847417,-0.02976572,0.01273279,-0.005844499
1.030704667,0.016413746,-0.012838499,1.2754833,0.083594325,-0.048434373,0.066133147,-0.030684548,0.012985243,-0.006024911
1.031682567,0.016560888,-0.012566954,1.276459215,0.084343714,-0.047409945,0.068974153,-0.032776164,0.013543075,-0.0064356
1.0326956,0.016691355,-0.012678308,1.277470489,0.085008172,-0.047830039,0.067809124,-0.030946677,0.013314321,-0.00607638
1.033685333,0.016756272,-0.012679241,1.278459347,0.085338791,-0.047833556,0.067799369,-0.030606303,0.013312406,-0.006009548
1.034691267,0.016705242,-0.012449885,1.279465969,0.0850789,-0.046968293,0.070198968,-0.033265794,0.013783567,-0.006531739
1.03572,0.016833215,-0.012654554,1.280492976,0.085730658,-0.047740422,0.068057654,-0.030472721,0.01336312,-0.005983319
1.036670133,0.017044774,-0.012332167,1.281440256,0.086808118,-0.04652419,0.07143058,-0.032768188,0.014025394,-0.006434034
1.037704567,0.017198243,-0.012465994,1.28247262,0.087589729,-0.047029063,0.070030437,-0.030586433,0.013750476,-0.006005646
1.038700633,0.017224131,-0.012613559,1.283468337,0.087721574,-0.047585766,0.068486555,-0.028910706,0.013447335,-0.005676617
1.039737133,0.017361475,-0.012294253,1.284502985,0.088421059,-0.046381157,0.071827247,-0.031551913,0.01410328,-0.006195218
1.040682333,0.01747181,-0.012353462,1.285446697,0.088982988,-0.046604526,0.071207788,-0.030370525,0.013981649,-0.005963253
1.041728667,0.017420101,-0.012254626,1.286493728,0.088719637,-0.046231661,0.072241839,-0.031667928,0.014184685,-0.006217998
1.0426891,0.017608898,-0.012406535,1.287451615,0.089681173,-0.04680475,0.070652515,-0.029117067,0.013872621,-0.005717136
1.04369,0.017727163,-0.012365112,1.28845092,0.09028349,-0.046648479,0.071085894,-0.028948129,0.013957715,-0.005683965
1.0446906,0.017877327,-0.012374481,1.289449494,0.091048264,-0.046683823,0.070987876,-0.028085337,0.013938469,-0.005514556
1.0457097,0.017942413,-0.012530136,1.290467717,0.091379744,-0.047271047,0.069359353,-0.026125335,0.013618709,-0.005129709
1.0466959,0.018023456,-0.012287948,1.291452824,0.091792491,-0.04635737,0.071893215,-0.02824645,0.014116233,-0.00554619
1.047704267,0.017994738,-0.012166189,1.292461578,0.091646232,-0.045898022,0.073167106,-0.029666599,0.014366361,-0.005825037
1.0486868,0.018147433,-0.012041246,1.293442052,0.092423903,-0.045426666,0.074474298,-0.030196121,0.014623028,-0.005929008
1.049715833,0.018429047,-0.012002243,1.294467287,0.093858146,-0.045279524,0.074882362,-0.029169941,0.014703152,-0.005727518
1.050714133,0.018638812,-0.012274388,1.295462758,0.094926468,-0.046306215,0.072035082,-0.025254339,0.014144088,-0.004958689
1.0517085,0.018611475,-0.012176756,1.296457493,0.09478724,-0.045937887,0.07305655,-0.026415035,0.014344654,-0.005186592
1.052734967,0.018799604,-0.012116891,1.297481423,0.095745371,-0.045712042,0.073682876,-0.02608323,0.014467633,-0.005121442
1.0536838,0.018816318,-0.01217659,1.298430031,0.095830498,-0.045937261,0.073058287,-0.025373514,0.014344995,-0.004982089
1.054689133,0.01885811,-0.012217478,1.2994348,0.096043341,-0.046091515,0.072630498,-0.024732883,0.014260998,-0.004856302
1.055738367,0.019026817,-0.012370125,1.300481758,0.096902558,-0.04666739,0.07103345,-0.022276617,0.013947418,-0.004374014
1.056724833,0.019226624,-0.012164929,1.30146553,0.097920161,-0.04589327,0.073180285,-0.023405849,0.014368949,-0.004595738
1.057712667,0.019331386,-0.012195247,1.302451951,0.09845371,-0.046007646,0.072863091,-0.022555106,0.014306668,-0.004428695
1.058725267,0.019539961,-0.012037816,1.303461738,0.099515971,-0.045413726,0.074510184,-0.023139938,0.014630075,-0.004543527
1.059680467,0.019594221,-0.012099251,1.304416206,0.099792315,-0.045645494,0.073867432,-0.022220843,0.01450387,-0.004363063
1.0606978,0.019594322,-0.012041149,1.305433538,0.099792827,-0.045426297,0.07447532,-0.022828218,0.014623229,-0.004482321
1.061680167,0.019787728,-0.011819742,1.306413296,0.100777837,-0.04459102,0.076791761,-0.024159649,0.015078062,-0.004743747
1.062692233,0.020022465,-0.012072426,1.307422197,0.101973337,-0.045544295,0.074148082,-0.02032047,0.014558976,-0.003989924
1.0636758,0.020219242,-0.012164916,1.30840311,0.102975511,-0.045893222,0.073180418,-0.018350632,0.014368975,-0.003603147
1.064721933,0.02030711,-0.012041404,1.309448058,0.10342302,-0.045427259,0.074472652,-0.019195357,0.014622705,-0.003769008
1.065679567,0.020423802,-0.012019249,1.310404118,0.104017326,-0.045343678,0.074704446,-0.018832845,0.014668218,-0.003697829
1.066722,0.020484714,-0.011956637,1.311445729,0.104327548,-0.045107468,0.075359515,-0.019177693,0.014796841,-0.00376554
1.067683933,0.020611932,-0.011895754,1.312405947,0.104975462,-0.044877784,0.075996488,-0.019166752,0.01492191,-0.003763392
1.068713867,0.020850806,-0.012005942,1.313432659,0.106192036,-0.045293478,0.074843661,-0.016797351,0.014695553,-0.00329816
1.069712467,0.021009128,-0.012019991,1.314429124,0.106998362,-0.045346477,0.074696683,-0.015844046,0.014666694,-0.003110978
1.070678333,0.021148693,-0.012002929,1.315393108,0.107709155,-0.04528211,0.074875188,-0.015311758,0.014701743,-0.003006464
1.071689133,0.021341827,-0.012027128,1.316401303,0.10869278,-0.045373403,0.074622009,-0.014074955,0.014652032,-0.002763617
1.072701333,0.021405981,-0.01201401,1.317412638,0.109019509,-0.045323913,0.074759258,-0.013885474,0.01467898,-0.002726413
1.073693267,0.021512827,-0.011744515,1.31840313,0.109563674,-0.044307219,0.077578813,-0.016160865,0.0152326,-0.003173186
1.0747134,0.021763168,-0.011794151,1.319419887,0.110838645,-0.044494476,0.077059503,-0.014366583,0.015130633,-0.002820879
1.075682367,0.021961274,-0.011834782,1.320386182,0.111847587,-0.044647762,0.0766344,-0.012932538,0.015047164,-0.002539304
1.076690867,0.02206153,-0.012004962,1.32139333,0.112358189,-0.045289781,0.074853914,-0.010641451,0.014697566,-0.002089449
1.077692667,0.022275533,-0.011933674,1.322392244,0.113448093,-0.045020839,0.075599762,-0.010297395,0.014844013,-0.002021894
1.078697633,0.022441543,-0.011770871,1.323394972,0.114293571,-0.04440665,0.077303067,-0.011155221,0.015178457,-0.002190328
1.079699233,0.022534806,-0.011787099,1.324395314,0.114768558,-0.044467871,0.077133283,-0.010510451,0.01514512,-0.002063727
1.080698033,0.02274564,-0.011917941,1.32539127,0.115842321,-0.044961486,0.075764363,-0.008067768,0.014876333,-0.001584106
1.081686,0.02300992,-0.011957174,1.326375673,0.117188286,-0.045109496,0.075353893,-0.006311333,0.014795737,-0.00123923
1.082718633,0.023239434,-0.012083209,1.327405211,0.11835719,-0.045584974,0.074035269,-0.003823804,0.014536825,-0.000750804
1.083676267,0.02335729,-0.011981046,1.328361255,0.118957421,-0.045199555,0.075104136,-0.00429244,0.014746697,-0.000842821
1.084678367,0.023582182,-0.012115173,1.329360322,0.120102784,-0.045705562,0.073700847,-0.001743788,0.014471161,-0.000342393
1.0856901,0.023693709,-0.011918936,1.330370551,0.120670789,-0.044965239,0.075753953,-0.00322889,0.014874289,-0.000633993
1.086694667,0.023852872,-0.011827418,1.331372971,0.121481394,-0.04461998,0.076711448,-0.00337578,0.015062293,-0.000662834
1.087663767,0.024154969,-0.011950977,1.332337997,0.123019958,-0.045086117,0.075418729,-0.000544497,0.014808467,-0.000106912
1.0886884,0.024402068,-0.011978183,1.333359297,0.124278419,-0.045188754,0.07513409,0.000998604,0.014752578,0.000196076
1.0896861,0.024627082,-0.011791841,1.334353963,0.125424405,-0.044485764,0.077083664,0.000195016,0.015135377,3.82914E-05
1.090686667,0.024897467,-0.01211806,1.335350883,0.12680146,-0.045716452,0.073670646,0.004985089,0.014465231,0.000978822
1.091707267,0.02500508,-0.012026137,1.336370031,0.127349529,-0.045369665,0.074632377,0.004571426,0.014654067,0.000897599
1.092704433,0.025103159,-0.012056171,1.337365875,0.12784904,-0.045482972,0.074318147,0.005385167,0.014592368,0.001057378
1.093722667,0.025410318,-0.011931132,1.338379966,0.129413383,-0.045011251,0.075626351,0.005641306,0.014849234,0.00110767
1.094727467,0.025676833,-0.011837725,1.339381172,0.130770731,-0.044658864,0.076603612,0.006021393,0.015041119,0.001182301
1.095676,0.02595058,-0.011872955,1.340326013,0.132164911,-0.044791772,0.076235023,0.007784163,0.014968747,0.00152842
1.0967202,0.026216244,-0.011849282,1.34136663,0.133517924,-0.044702465,0.076482695,0.008889503,0.015017377,0.001745454
1.097697533,0.026482959,-0.011985823,1.342340366,0.134876287,-0.045217578,0.075054154,0.011676408,0.014736883,0.002292663
1.098685567,0.026660034,-0.011990829,1.343326012,0.135778121,-0.045236462,0.075001783,0.012630613,0.0147266,0.002480021
1.0996715,0.026849882,-0.012077002,1.344309385,0.136745006,-0.045561559,0.074100206,0.014499075,0.014549575,0.002846893
1.100696567,0.027218228,-0.012028977,1.345329484,0.138620971,-0.045380379,0.074602664,0.015872581,0.014648233,0.003116581
1.101684933,0.027539471,-0.011820911,1.346313518,0.140257048,-0.044595431,0.076779527,0.015331796,0.01507566,0.003010398
1.102692067,0.027804731,-0.011932264,1.347317074,0.141607999,-0.045015522,0.075614507,0.017847766,0.014846909,0.003504409
1.103710933,0.028095878,-0.011796313,1.348332014,0.143090795,-0.044502632,0.077036883,0.017908187,0.015126192,0.003516272
1.104681833,0.028329937,-0.011758487,1.349299757,0.144282849,-0.044359933,0.077432626,0.018704497,0.015203896,0.003672628
1.105667467,0.0285056,-0.011811787,1.350283021,0.145177487,-0.044561009,0.076874989,0.020156773,0.015094404,0.003957782
1.1067031,0.028882689,-0.011752765,1.351313569,0.147097985,-0.044338343,0.077492498,0.021459761,0.015215652,0.004213624
1.107702133,0.029164358,-0.01208841,1.352308803,0.148532507,-0.045604594,0.073980858,0.026405923,0.014526141,0.005184803
1.108684833,0.029489654,-0.011979625,1.353287116,0.150189223,-0.045194193,0.075119006,0.026924491,0.014749617,0.005286624
1.1096965,0.029828448,-0.012061105,1.354294214,0.151914685,-0.045501583,0.074266533,0.029502426,0.014582234,0.005792801
1.1106646,0.030064973,-0.012093911,1.355259124,0.153119294,-0.045625348,0.073923301,0.031050267,0.01451484,0.00609672
1.111682767,0.030200103,-0.011851029,1.356275468,0.153807504,-0.044709055,0.076464418,0.029197361,0.015013788,0.005732902
1.1126347,0.030568311,-0.01190373,1.357222435,0.155682764,-0.044907872,0.075913048,0.031623991,0.014905527,0.006209371
1.113675067,0.030966944,-0.012140761,1.358257426,0.15771298,-0.045802095,0.073433136,0.036134119,0.014418596,0.007094934
1.114683167,0.031365823,-0.011999325,1.359260146,0.15974445,-0.045268515,0.074912891,0.036685833,0.014709146,0.007203263
1.115700633,0.031583404,-0.012062139,1.360274678,0.160852581,-0.045505485,0.074255711,0.038451144,0.014580109,0.007549882
1.116696,0.031976833,-0.01218384,1.361264739,0.162856291,-0.045964613,0.072982431,0.041728134,0.0143301,0.008193319
1.1176886,0.03214606,-0.012092098,1.362255057,0.163718155,-0.04561851,0.073942266,0.041630163,0.014518564,0.008174083
1.1187014,0.03236768,-0.012149934,1.363264868,0.164846853,-0.045836701,0.073337165,0.043363963,0.014399752,0.008514514
1.1196805,0.032770366,-0.011957607,1.364238537,0.166897713,-0.04511113,0.07534936,0.043402628,0.014794847,0.008522106
1.1206788,0.03314919,-0.012235227,1.365231728,0.168827042,-0.046158476,0.072444798,0.048236518,0.014224536,0.00947124
1.121722,0.033407093,-0.01219188,1.36627145,0.170140531,-0.045994943,0.072898317,0.049096489,0.014313585,0.009640096
1.122709567,0.033788427,-0.012088007,1.367253873,0.172082642,-0.045603073,0.073985074,0.049951842,0.014526969,0.009808044
1.123705733,0.034079832,-0.012161263,1.36824611,0.173566755,-0.045879438,0.073218644,0.052202386,0.014376481,0.010249938
1.124710767,0.034233379,-0.012238041,1.369249072,0.17434876,-0.046169092,0.072415357,0.053787677,0.014218755,0.01056121
1.125683967,0.034575229,-0.012148195,1.370217662,0.176089784,-0.045830139,0.073355362,0.054588696,0.014403325,0.01071849
1.1267158,0.034999471,-0.01227068,1.371243774,0.178250425,-0.046292226,0.072073876,0.058030824,0.014151706,0.011394352
1.127699633,0.03550507,-0.012319915,1.372220788,0.180825414,-0.046477969,0.071558762,0.061120927,0.014050563,0.012001094
1.128683367,0.035715475,-0.012476857,1.373201684,0.181896993,-0.047070044,0.069916784,0.063834484,0.013728161,0.012533901
1.129702133,0.03600026,-0.012434457,1.37421661,0.183347392,-0.046910088,0.070360385,0.064841281,0.013815262,0.012731586
1.130690767,0.036191272,-0.012463122,1.375202667,0.184320205,-0.047018229,0.070060481,0.066113999,0.013756376,0.012981484
1.131702833,0.036420077,-0.012416198,1.376211648,0.185485495,-0.046841204,0.070551417,0.066788353,0.013852771,0.013113893
1.132697567,0.036876006,-0.012380917,1.377200232,0.187807515,-0.046708105,0.070920536,0.068741254,0.013925247,0.013497345
1.1336987,0.037203807,-0.012330384,1.378196945,0.189476992,-0.046517465,0.071449231,0.069882035,0.014029057,0.013721338
1.134717433,0.037517781,-0.012387786,1.379211444,0.191076043,-0.046734016,0.070848677,0.07208164,0.013911138,0.01415323
1.135730267,0.037904563,-0.012604991,1.38021906,0.193045903,-0.047553442,0.068576196,0.076323981,0.013464936,0.014986214
1.1367143,0.038166241,-0.012815012,1.381199565,0.194378616,-0.048345765,0.06637888,0.079854011,0.013033493,0.015679335
1.1376804,0.038328832,-0.012963262,1.382163472,0.195206684,-0.048905053,0.064827831,0.082233127,0.012728945,0.016146475
1.1387105,0.038725566,-0.012927567,1.383188221,0.197227227,-0.048770389,0.065201289,0.083880213,0.012802273,0.01646988
1.1397299,0.039136389,-0.012799886,1.384202081,0.199319525,-0.048288701,0.066537134,0.084636665,0.013064566,0.016618409
1.140654033,0.039567797,-0.012936822,1.385120396,0.201516664,-0.048805304,0.065104459,0.088266479,0.012783261,0.017331123
1.1417152,0.039900201,-0.012948676,1.386177079,0.203209582,-0.048850026,0.064980435,0.090083421,0.012758908,0.01768788
1.142698567,0.040262443,-0.013176795,1.387155561,0.205054459,-0.049710622,0.062593778,0.094314955,0.012290288,0.018518741
1.143712067,0.040408344,-0.013193568,1.388167093,0.205797527,-0.049773902,0.062418286,0.095233515,0.01225583,0.018699101
1.1447302,0.040721691,-0.013300489,1.389181,0.207393384,-0.050177269,0.061299646,0.097948012,0.012036186,0.019232092
1.145693333,0.041215724,-0.01337438,1.390137471,0.209909469,-0.050456032,0.060526565,0.101237179,0.011884391,0.01987792
1.146703,0.04166379,-0.013517925,1.391141094,0.212191442,-0.050997568,0.059024745,0.105020972,0.011589509,0.020620868
1.1477366,0.041991717,-0.01331123,1.392170272,0.213861557,-0.05021779,0.06118727,0.104528561,0.01201412,0.020524183
1.1487207,0.042497701,-0.013608203,1.393147548,0.216438506,-0.051338147,0.058080231,0.11021255,0.011404053,0.021640234
1.1497274,0.042786362,-0.013837315,1.394150355,0.217908644,-0.052202495,0.05568317,0.114079749,0.010933391,0.022399559
1.150703367,0.0431124,-0.013830565,1.395121924,0.219569135,-0.052177027,0.055753798,0.115669611,0.010947258,0.022711728
1.151712133,0.043603999,-0.013944649,1.396124061,0.222072824,-0.052607422,0.054560203,0.119366896,0.010712896,0.02343769
1.152725367,0.04407683,-0.014149131,1.397130917,0.224480929,-0.053378847,0.052420841,0.123914362,0.010292832,0.024330585
1.153684833,0.044597361,-0.014153913,1.398083364,0.227131965,-0.053396886,0.052370814,0.126615426,0.010283009,0.024860939
1.154722267,0.045099504,-0.014316292,1.399114025,0.229689351,-0.054009478,0.050671939,0.130871686,0.009949435,0.025696656
1.155700767,0.045507804,-0.014389386,1.400087018,0.231768799,-0.05428523,0.049907206,0.133715867,0.00979928,0.026255111
1.156682733,0.04581965,-0.014450874,1.401064779,0.233357016,-0.0545172,0.049263893,0.135947397,0.009672965,0.026693271
1.157684933,0.046339513,-0.014570644,1.402059968,0.236004652,-0.054969041,0.048010822,0.139848104,0.009426925,0.027459175
1.1587337,0.046961791,-0.014712622,1.403100342,0.239173877,-0.055504668,0.04652539,0.144502761,0.00913526,0.028373117
1.159704233,0.047561803,-0.014869628,1.404062783,0.242229707,-0.056096987,0.044882736,0.149201246,0.008812725,0.029295665
1.1606995,0.048098472,-0.015204645,1.405050812,0.244962934,-0.057360867,0.04137767,0.155439538,0.008124505,0.030520553
1.1617041,0.048726313,-0.015326253,1.406046944,0.248160492,-0.057819645,0.040105359,0.159909408,0.007874687,0.031398212
1.1627222,0.049205735,-0.01563362,1.407058579,0.250602166,-0.058979212,0.036889581,0.16556686,0.007243269,0.032509053
1.1636804,0.049726278,-0.015940008,1.408009758,0.25325326,-0.060135088,0.033684038,0.171423497,0.006613861,0.033659004
1.164696833,0.050472745,-0.015979192,1.409016124,0.257054978,-0.060282913,0.033274081,0.175635172,0.006533366,0.034485966
1.1656961,0.051259654,-0.016088558,1.410004778,0.261062665,-0.060695508,0.032129847,0.180787093,0.006308695,0.035497546
1.1666931,0.051932586,-0.01637813,1.410992703,0.264489868,-0.061787943,0.029100242,0.1872439,0.005713833,0.03676534
1.167693467,0.052728582,-0.016747465,1.411982334,0.268543835,-0.06318129,0.025236129,0.195161981,0.004955114,0.038320055
1.1687181,0.053430012,-0.01711485,1.412997507,0.27211618,-0.064567285,0.021392406,0.202578049,0.004200399,0.0397762
1.169701167,0.054040006,-0.017381089,1.413972347,0.275222847,-0.065571694,0.01860692,0.208470201,0.003653469,0.040933124
1.170678933,0.054968467,-0.017818906,1.414937592,0.279951447,-0.067223398,0.014026319,0.217779402,0.002754068,0.042760986
1.1717242,0.055858262,-0.017992866,1.415970858,0.284483127,-0.067879676,0.01220629,0.224131111,0.002396705,0.044008144
1.172732367,0.05684789,-0.018370742,1.416965678,0.289523249,-0.069305248,0.00825281,0.233124713,0.001620439,0.045774037
1.1737236,0.057769888,-0.018630753,1.417944477,0.294218937,-0.070286162,0.005532481,0.240540731,0.001086303,0.047230173
1.174749667,0.058789294,-0.019070007,1.418956795,0.299410717,-0.071943285,0.000936849,0.250328143,0.00018395,0.049151931
1.1757143,0.059644615,-0.019497121,1.419909893,0.303766818,-0.073554611,0.003531773,0.252089319,0.000693464,0.049497738
1.176715833,0.060757613,-0.020028122,1.420896416,0.30943526,-0.075557859,0.009087299,0.252202236,0.001784291,0.049519909
1.177717433,0.061992767,-0.020403359,1.421881358,0.315725833,-0.076973475,0.013013169,0.254566939,0.002555136,0.049984218
1.178698233,0.063208035,-0.02100683,1.422845768,0.321915126,-0.079250121,0.019326898,0.254442502,0.003794836,0.049959785
1.179703633,0.06447492,-0.021591919,1.423834082,0.328367305,-0.081457421,0.025448312,0.254773267,0.004996776,0.050024731
1.180714867,0.06584469,-0.022102143,1.424826841,0.335343468,-0.083382289,0.030786469,0.256411274,0.006044923,0.050346354
1.181689167,0.06722042,-0.022590879,1.425782587,0.342349986,-0.085226086,0.035899796,0.258304464,0.007048925,0.050718082
1.182724533,0.068640297,-0.02322575,1.426798805,0.349581345,-0.087621194,0.042542051,0.258893568,0.008353132,0.050833752
1.1836949,0.070265164,-0.023893201,1.427747257,0.357856705,-0.090139212,0.049525166,0.260185813,0.009724266,0.051087484
1.184653267,0.071868802,-0.024495136,1.428683996,0.366023947,-0.092410064,0.055822826,0.262055396,0.010960812,0.051454577
1.185708633,0.073655971,-0.025214465,1.42971526,0.375125901,-0.095123797,0.063348711,0.263631465,0.012438519,0.051764038
1.1867311,0.075492504,-0.026194219,1.430712958,0.384479265,-0.098820006,0.073599254,0.262734286,0.014451213,0.051587877
1.187681967,0.077402219,-0.026827384,1.431638069,0.394205344,-0.101208678,0.08022366,0.265835959,0.015751916,0.05219689
1.188717267,0.079247271,-0.027725895,1.432648485,0.403602093,-0.104598389,0.089624206,0.265832162,0.017597713,0.052196145
1.1896718,0.081388633,-0.028762966,1.433574139,0.414507933,-0.108510832,0.100474424,0.265887784,0.019728153,0.052207066
1.190687833,0.083708751,-0.029648215,1.434558881,0.426324171,-0.111850512,0.109736221,0.268442225,0.021546707,0.052708631
1.191696633,0.086153974,-0.030588096,1.435534703,0.438777562,-0.115396297,0.119569598,0.271062239,0.023477491,0.053223071
1.192713467,0.088606353,-0.031754661,1.436518462,0.451267393,-0.119797265,0.131774622,0.271347046,0.025873947,0.053278992
1.193729133,0.09122322,-0.032968882,1.437498836,0.464594956,-0.12437802,0.144478241,0.27197099,0.028368303,0.053401504
1.194693167,0.093848417,-0.033925566,1.438427464,0.477964945,-0.127987195,0.154487417,0.275331803,0.030333604,0.054061399
1.195672633,0.096653244,-0.035496327,1.439369103,0.492249778,-0.133913031,0.170921294,0.273182759,0.033560396,0.053639435
1.1966808,0.099782699,-0.036703893,1.440335064,0.508187923,-0.13846868,0.183555289,0.276486909,0.036041081,0.054288204
1.197768367,0.103295804,-0.038195586,1.441375251,0.526079978,-0.144096225,0.199161928,0.278772325,0.039105444,0.054736946
1.198804967,0.10732414,-0.039883437,1.442357522,0.546596078,-0.150463792,0.216820839,0.281629514,0.042572772,0.055297955
1.1998764,0.111298373,-0.041474024,1.443375356,0.566836635,-0.156464422,0.233462139,0.28522877,0.045840291,0.056004669
1.200940167,0.115587543,-0.043395021,1.444381276,0.588681148,-0.163711553,0.253560309,0.286975113,0.049786567,0.056347563
1.2019876,0.11994343,-0.045084361,1.445369963,0.610865444,-0.170084736,0.271234796,0.291484923,0.053256952,0.057233065
1.202991567,0.12423013,-0.047194018,1.446316116,0.632697377,-0.178043604,0.293306795,0.291244856,0.057590789,0.057185928
1.203970067,0.128617043,-0.049069558,1.447235451,0.655039691,-0.185119245,0.312929381,0.293964585,0.061443684,0.057719946
1.204994767,0.133243493,-0.051004831,1.448197756,0.678601952,-0.192420231,0.333176905,0.297279322,0.065419285,0.058370795
1.205971167,0.138053207,-0.053188145,1.449109289,0.703097564,-0.200656977,0.356019534,0.298932305,0.069904435,0.058695358
1.207005567,0.142926673,-0.055344671,1.450077962,0.727917868,-0.208792662,0.378581894,0.301190248,0.074334555,0.059138705
1.207962,0.14795557,-0.057379779,1.450966573,0.753529768,-0.216470286,0.399873931,0.305510112,0.078515246,0.05998691
1.2089948,0.153471707,-0.059970646,1.451924978,0.781623156,-0.226244562,0.426980528,0.306496902,0.083837627,0.060180667
1.2099995,0.15923756,-0.062465448,1.452851916,0.810988337,-0.235656424,0.453082058,0.309760553,0.088962662,0.060821485
1.2109952,0.165195907,-0.065099561,1.453767258,0.841333877,-0.245593847,0.480641104,0.312547047,0.094373881,0.061368613
1.2119769,0.17145089,-0.067950837,1.454664599,0.873190171,-0.256350539,0.510472195,0.31457225,0.100231215,0.061766261
1.212965767,0.177975913,-0.071023248,1.455565465,0.906421764,-0.26794148,0.542616874,0.315659165,0.106542823,0.061979677
1.213980533,0.184585063,-0.073637999,1.456491096,0.94008181,-0.27780586,0.569973354,0.32196273,0.111914268,0.063217382
1.214986167,0.191609423,-0.076716597,1.457401994,0.975856498,-0.289420141,0.60218276,0.325528012,0.118238585,0.063917425
1.215977333,0.199085017,-0.080421639,1.45829234,1.013929293,-0.303397741,0.640946265,0.324837302,0.125849799,0.063781804
1.217004333,0.206795697,-0.083294347,1.459215349,1.053199372,-0.314235285,0.671001578,0.334052068,0.13175116,0.065591124
1.217963067,0.214794073,-0.086809267,1.460066211,1.093934674,-0.327495633,0.707775954,0.338012995,0.138971809,0.066368852
1.219017133,0.223228643,-0.09033224,1.461006523,1.136891486,-0.340786358,0.744634577,0.344111184,0.146208999,0.067566231
1.219995333,0.23178559,-0.094167786,1.461869318,1.180471556,-0.355256296,0.784763459,0.347562372,0.154088305,0.068243872
1.2209939,0.240527443,-0.097658078,1.462749987,1.224993345,-0.36842373,0.821280161,0.355567459,0.16125836,0.069815671
1.221983933,0.249977803,-0.102047292,1.463612566,1.273123521,-0.384982426,0.867201712,0.357776084,0.170275056,0.070249334
1.222967967,0.25957917,-0.10611861,1.464467109,1.322022765,-0.400341834,0.909797326,0.364079714,0.178638705,0.071487052
1.224003833,0.26952769,-0.10961608,1.465368803,1.372690043,-0.413536349,0.94638913,0.378155187,0.185823506,0.074250771
1.2250081,0.279877433,-0.113703103,1.466233486,1.42540073,-0.428955006,0.989149056,0.388105948,0.194219417,0.076204603
1.225955167,0.290624783,-0.11776815,1.467035607,1.480136406,-0.444290753,1.031679054,0.400311626,0.202570182,0.078601188
1.226989433,0.301493693,-0.122565463,1.467923288,1.535491181,-0.462389042,1.081870293,0.405475163,0.212425232,0.079615048
1.227969467,0.312960833,-0.127979247,1.468748668,1.593892709,-0.482813018,1.138511265,0.407235718,0.223546687,0.079960733
1.228951033,0.324732793,-0.1320817,1.46957147,1.653846668,-0.498289886,1.181432625,0.424268318,0.231974296,0.083305084
1.2299846,0.337148173,-0.137998917,1.470437595,1.717077532,-0.520613108,1.243340699,0.425591107,0.244129946,0.083564814
1.231008433,0.34960544,-0.142816273,1.471293421,1.780521721,-0.538787012,1.293741639,0.438634357,0.254026171,0.086125856
1.232005633,0.362535387,-0.148301373,1.472116239,1.846373245,-0.559480037,1.351128751,0.447098768,0.26529413,0.087787843
1.232985633,0.375743617,-0.153869117,1.472918104,1.913642051,-0.58048484,1.409380509,0.456115816,0.276731863,0.089558341
1.233981533,0.3893511,-0.16025502,1.473730485,1.982944232,-0.604576225,1.476192154,0.458606353,0.289850329,0.090047357
1.234964267,0.403396827,-0.16571264,1.474523788,2.054478363,-0.625165579,1.533291761,0.473040877,0.301061837,0.092881576
1.235977733,0.41823089,-0.173307447,1.475337193,2.130027451,-0.653817658,1.612751393,0.469130332,0.316663736,0.092113741
1.236959067,0.432997323,-0.179452887,1.476119376,2.205232103,-0.677001874,1.677047224,0.480039154,0.329288222,0.094255688
1.237988767,0.44831732,-0.185148,1.47694246,2.283256022,-0.698487192,1.736631572,0.498478725,0.340987609,0.097876298
1.238949033,0.464029583,-0.192297147,1.477690821,2.363277735,-0.72545798,1.811428547,0.503703463,0.355673995,0.098902175
1.2399566,0.47996084,-0.198901277,1.478483528,2.44441477,-0.750372644,1.880523359,0.515745685,0.369240762,0.101266665
1.240988767,0.49646756,-0.206057277,1.479293074,2.528482608,-0.777369286,1.955392036,0.524944846,0.383941226,0.103072921
1.2419776,0.513297053,-0.212909143,1.480054934,2.614194313,-0.803218559,2.027078759,0.538969828,0.398016914,0.105826726
1.242977933,0.530594447,-0.219924413,1.480821983,2.702289008,-0.829684285,2.100475068,0.553668214,0.41242828,0.108712754
1.244008233,0.548356333,-0.227518623,1.481612734,2.792749342,-0.858334113,2.179928457,0.564675159,0.428028953,0.110873968
1.245008333,0.56673976,-0.236073093,1.482364903,2.886375146,-0.890606607,2.269428436,0.568800985,0.445602273,0.111684073
1.245971333,0.58471352,-0.242454557,1.483085497,2.97791454,-0.914681241,2.336193629,0.593575186,0.458711619,0.116548488
1.246993033,0.60387047,-0.25145809,1.483848834,3.075479857,-0.948647867,2.430391872,0.59694226,0.477207444,0.117209613
1.248006367,0.622787573,-0.25862643,1.484607038,3.171823648,-0.975691063,2.505389654,0.618288269,0.491933259,0.121400902
1.2489724,0.64240873,-0.266045223,1.485308448,3.271753145,-1.003679116,2.583007771,0.640599649,0.507173576,0.125781741
1.2499778,0.662625947,-0.27549857,1.486041185,3.374718343,-1.039342702,2.681912125,0.644660493,0.526593446,0.126579088
1.251010633,0.68286127,-0.28311497,1.486801111,3.477775758,-1.068076244,2.761597674,0.668032358,0.542239703,0.131168154
1.251969767,0.703698533,-0.29276691,1.487479219,3.58389882,-1.104489041,2.862579784,0.673173311,0.562067541,0.13217758
1.252997233,0.724452357,-0.30080084,1.488226786,3.689596927,-1.134797752,2.946633684,0.694817518,0.578571524,0.13642742
1.253991967,0.745950857,-0.30949934,1.488931576,3.799087633,-1.167613611,3.037640557,0.71330135,0.596440723,0.14005672
1.254989733,0.767752033,-0.31854432,1.489635318,3.910119854,-1.201736598,3.13227243,0.729701698,0.615021692,0.143276928
1.2559831,0.790122547,-0.327875833,1.490326981,4.024051676,-1.236940557,3.22990212,0.746003831,0.634191281,0.146477852
1.2570023,0.812911253,-0.338089527,1.491038837,4.140113335,-1.275472617,3.336761497,0.755206112,0.65517312,0.14828472
1.258002,0.835766793,-0.34812554,1.491730292,4.256515372,-1.313334365,3.441761922,0.766607725,0.675789953,0.150523427
1.258995433,0.8586273,-0.356575677,1.492415413,4.372942704,-1.345213252,3.530170328,0.794626651,0.693148944,0.156024943
1.260000333,0.881902297,-0.36662568,1.493106411,4.491481012,-1.383127778,3.635317121,0.808018165,0.713794517,0.158654367
1.261020833,0.905876023,-0.376425633,1.493803585,4.613577914,-1.420098968,3.7378478,0.827584388,0.733926416,0.162496195
1.2619731,0.93064028,-0.38802886,1.494421865,4.739700942,-1.463873166,3.859244981,0.832310235,0.757762752,0.163424115
1.2629454,0.955397683,-0.39888253,1.49506027,4.865789067,-1.504819595,3.972800028,0.844843314,0.780059285,0.165884985
1.263956633,0.980003083,-0.405997823,1.495739658,4.991103047,-1.531662668,4.047242817,0.895714505,0.794676127,0.175873543
1.264959133,1.005001917,-0.416421783,1.496405007,5.118420762,-1.570987978,4.156302081,0.913972956,0.816089914,0.17945859
1.265982167,1.030277913,-0.427458583,1.497087152,5.247150055,-1.612625281,4.2717731,0.92723123,0.838762648,0.182061852
1.2669618,1.0563087,-0.437980653,1.497715717,5.379723453,-1.65232072,4.381858826,0.949718901,0.860377981,0.186477306
1.268099333,1.0847712,-0.44742625,1.498469386,5.524681436,-1.687955068,4.480682097,0.995853614,0.87978193,0.195535857
1.269176567,1.115023133,-0.463670113,1.499138621,5.678752907,-1.749236478,4.650631308,0.979975873,0.913151457,0.192418263
1.2702067,1.1439653,-0.47824803,1.499778421,5.826153807,-1.804232957,4.803150779,0.974857302,0.943098655,0.191413231
1.2712804,1.172298067,-0.487699737,1.500470007,5.970451065,-1.839890356,4.902037975,1.020267365,0.962515156,0.200329497
1.272279267,1.1994785,-0.498672887,1.5011023,6.108879552,-1.881287534,5.016843065,1.043890762,0.985057136,0.204967951
1.273247267,1.227169833,-0.508569083,1.501696836,6.249910025,-1.918621811,5.120380676,1.081383623,1.005386746,0.212329674
1.274282667,1.255454867,-0.520930803,1.502350765,6.39396418,-1.965257492,5.249713491,1.096104963,1.030781244,0.21522021
1.275301033,1.283408567,-0.53138747,1.50299213,6.536330872,-2.004706191,5.359114944,1.129070202,1.052262219,0.221692934
1.276271433,1.311325833,-0.53988123,1.503586019,6.678512011,-2.036749651,5.447979753,1.182386532,1.069710824,0.232161596
1.277276367,1.3411178,-0.557795783,1.504189158,6.830240896,-2.104333887,5.635408331,1.14668684,1.106512426,0.225151961
1.278293833,1.370022033,-0.569859823,1.504816803,6.977448604,-2.149846544,5.761626709,1.167676169,1.131295404,0.229273216
1.2792737,1.3994084,-0.579836387,1.505400345,7.12711179,-2.187484011,5.866005146,1.212960918,1.15179011,0.238164876
1.280294733,1.428781467,-0.589131533,1.506025234,7.27670724,-2.222550773,5.963254354,1.265307161,1.170884992,0.248443061
1.281262767,1.458914533,-0.601340433,1.506586873,7.43017333,-2.268609927,6.09098831,1.291039294,1.195965555,0.253495565
1.282309033,1.489041133,-0.614963393,1.507226832,7.583606485,-2.320003747,6.233516677,1.301944083,1.223950999,0.255636721
1.283258533,1.5190053,-0.625771623,1.507772215,7.736212376,-2.36077875,6.346596313,1.341470337,1.246154186,0.263397701
1.284260033,1.549130433,-0.635890087,1.508367428,7.889638061,-2.398951547,6.45245936,1.389032976,1.266940395,0.272736625
1.285289767,1.580422933,-0.65113497,1.508975129,8.049009082,-2.456464217,6.611956879,1.388906478,1.298257733,0.272711787
1.2862501,1.611656733,-0.664572317,1.509514223,8.208081148,-2.507157795,6.752543291,1.407392131,1.325861875,0.276341445
1.2872527,1.642391767,-0.67537238,1.51010231,8.364613021,-2.547901988,6.865537485,1.45092981,1.348048285,0.284890068
1.2882915,1.6748139,-0.691461823,1.510703843,8.529737204,-2.608600835,7.033871098,1.44772038,1.38110059,0.284259897
1.289283467,1.706550767,-0.703413723,1.511267785,8.691371361,-2.653690434,7.158916227,1.484309409,1.405653201,0.291444152
1.290299767,1.737352733,-0.711055873,1.511868669,8.848244122,-2.68252112,7.238871182,1.561227215,1.421352357,0.306546964
1.2912747,1.769466333,-0.727425973,1.512410497,9.011796961,-2.744278769,7.410141127,1.553510109,1.45498121,0.30503171
1.2922511,1.8025532,-0.744139573,1.512940666,9.180306595,-2.807332302,7.585004894,1.547155976,1.489315711,0.303784076
1.293258533,1.8352152,-0.756708643,1.513507598,9.346652406,-2.854750229,7.71650708,1.581999601,1.515136165,0.310625622
1.2942488,1.867097,-0.764585237,1.514067885,9.509024701,-2.884465374,7.798914866,1.661964109,1.531316934,0.326326653
1.295280333,1.9014495,-0.783611617,1.514636118,9.683980138,-2.956244074,7.99797578,1.637858632,1.570402544,0.321593542
1.2962764,1.934148733,-0.793952343,1.515191181,9.850515576,-2.995255379,8.106164226,1.696205624,1.591645346,0.333049974
1.297274133,1.967582567,-0.80873259,1.515738003,10.02079229,-3.051015166,8.260800547,1.71184602,1.622008187,0.336120966
1.2982658,1.999920033,-0.816959937,1.516293545,10.18548527,-3.082053558,8.346878043,1.790461504,1.638909504,0.351557116
1.299305733,2.033648933,-0.829893747,1.516878588,10.35726475,-3.130847499,8.482196271,1.826922752,1.665479238,0.358716282
1.3002651,2.068821833,-0.848828417,1.51736359,10.53639844,-3.202280215,8.680297681,1.807955031,1.70437645,0.35499197
1.3012446,2.101942933,-0.859131657,1.517896396,10.70508242,-3.241150099,8.788093929,1.868842767,1.725542243,0.366947277
1.302264233,2.137254333,-0.875443377,1.518439797,10.88492148,-3.302687504,8.958753081,1.878022677,1.759051167,0.368749753
1.3032707,2.171527767,-0.886696977,1.518984029,11.05947424,-3.345142704,9.076492341,1.934836172,1.782169271,0.379905082
1.304291667,2.2056474,-0.899114987,1.519544835,11.2332437,-3.391990745,9.206414082,1.97868389,1.807679405,0.388514582
1.305242633,2.240212633,-0.911611717,1.520029632,11.40928257,-3.439135763,9.33715942,2.023977428,1.833351252,0.397407968
1.3062479,2.2731166,-0.914161423,1.520591134,11.57686071,-3.448754757,9.363835379,2.164879603,1.838589077,0.42507411
1.307274833,2.312271733,-0.944364887,1.521089995,11.7762757,-3.562699991,9.679835007,2.048294965,1.900635604,0.402182716
1.308238467,2.3471151,-0.956305123,1.521583708,11.95373109,-3.607745589,9.80475811,2.100827257,1.925164255,0.412497432
1.3092721,2.381588633,-0.967315773,1.522152408,12.12930295,-3.649284239,9.919955538,2.161201682,1.94778327,0.42435195
1.310302067,2.417379467,-0.983746683,1.522699676,12.31158374,-3.711271299,10.0918617,2.171576311,1.981537045,0.426389009
1.3112846,2.4522025,-0.992056497,1.523212562,12.48893557,-3.742620805,10.17880199,2.261987857,1.998607771,0.444141316
1.3122401,2.488599933,-1.010565633,1.523677182,12.67430575,-3.812448158,10.37245132,2.253708704,2.036630816,0.442515704
1.313266567,2.5249161,-1.025100333,1.524213865,12.85926203,-3.867281599,10.52451864,2.286597667,2.066489235,0.448973452
1.3142494,2.561246167,-1.04025562,1.524706727,13.04428911,-3.924456257,10.68307877,2.313064619,2.097622516,0.454170238
1.315286067,2.5982264,-1.058101833,1.525244653,13.23262745,-3.991782674,10.86979235,2.31468938,2.134283727,0.45448926
1.3162673,2.634280467,-1.068396267,1.525739637,13.41624888,-4.030619333,10.97749645,2.390606696,2.155431429,0.469395625
1.317254333,2.669202567,-1.084794233,1.526255688,13.59410525,-4.092482112,11.14905795,2.396901578,2.189117529,0.470631625
1.3182476,2.705260767,-1.099018767,1.52676265,13.77774773,-4.146145421,11.2978802,2.431721808,2.218338777,0.477468577
1.319282633,2.741908733,-1.1121528,1.527303424,13.96439385,-4.195694722,11.43529323,2.480954895,2.245319826,0.487135494
1.320249233,2.7789151,-1.124569467,1.527770932,14.15286529,-4.242537694,11.56520092,2.539518646,2.270827201,0.498634486
1.321266433,2.817480867,-1.1434432,1.528268008,14.34927867,-4.313740521,11.76266479,2.538468155,2.309599231,0.498428222
1.322243567,2.8535373,-1.1549986,1.52875886,14.53291215,-4.357334289,11.88356159,2.601204831,2.333337318,0.510746569
1.3232859,2.8909699,-1.1677505,1.529296353,14.72355437,-4.405441959,12.01697661,2.658432032,2.359533357,0.521983129
1.324267,2.926826733,-1.177834233,1.529793863,14.90617129,-4.443483734,12.1224763,2.735549269,2.380248221,0.537125099
1.325267633,2.9643163,-1.191286633,1.530288888,15.09710364,-4.494234102,12.2632202,2.785737712,2.407883287,0.5469796
1.326286267,3.0024159,-1.2058921,1.530793684,15.29114286,-4.549334515,12.41602791,2.826969219,2.437887081,0.555075406
1.3272963,3.041029367,-1.222530167,1.531282951,15.48779917,-4.612103092,12.59010142,2.84955202,2.472066414,0.559509539
1.328280533,3.078838667,-1.2341233,1.531757263,15.6803599,-4.655839212,12.711393,2.920821172,2.495882016,0.573503237
1.3292693,3.117455,-1.252524067,1.532225224,15.87703081,-4.725257731,12.90390852,2.924976564,2.533682439,0.574319148
1.330265,3.154332167,-1.264025767,1.532723574,16.06484424,-4.76864891,13.0242435,2.99245502,2.55731021,0.587568543
1.331247667,3.1944701,-1.2840254,1.533164913,16.26926458,-4.844099295,13.23348694,2.987631914,2.598395161,0.586621526
1.3322586,3.233293133,-1.298711933,1.533652253,16.4669882,-4.899505539,13.3871428,3.031699679,2.628565488,0.595274232
1.3332916,3.272215467,-1.315682067,1.534160321,16.66521755,-4.963526867,13.56469051,3.052381319,2.663426982,0.599335072
1.334284133,3.310152033,-1.324594733,1.534641216,16.85842645,-4.99715069,13.65793807,3.152342651,2.681736141,0.61896248
1.335295867,3.3496588,-1.342071333,1.535120135,17.05963229,-5.063082708,13.84078462,3.17070194,2.717638061,0.622567326
1.336305367,3.387914,-1.357551867,1.5356137,17.25446397,-5.121484388,14.0027476,3.203570643,2.749439491,0.629021096
1.337267933,3.426386767,-1.371935833,1.536057397,17.4504037,-5.175749173,14.15323789,3.249020082,2.77898826,0.637945093
1.338267733,3.465604533,-1.389185067,1.53652828,17.65013768,-5.24082343,14.33370565,3.268286302,2.814423105,0.641728015
1.339267067,3.505365767,-1.405405633,1.536991367,17.8526395,-5.302016951,14.50341112,3.301082654,2.847744774,0.648167579
1.3403186,3.541985333,-1.406296067,1.537549024,18.03914099,-5.30537619,14.51272716,3.478268102,2.849573978,0.682957942
1.341257467,3.5857242,-1.442470433,1.537898,18.26190069,-5.441847185,14.89119655,3.322558407,2.923886443,0.652384343
1.342256667,3.623524867,-1.4515658,1.538387395,18.45441745,-5.47616026,14.98635559,3.419916135,2.94257092,0.671500533
1.343238967,3.6636993,-1.466693567,1.538827875,18.65902368,-5.533231096,15.14462779,3.466250164,2.973647667,0.68059822
1.344272867,3.703145567,-1.477789867,1.539329777,18.8599214,-5.575092869,15.26072132,3.55105435,2.996442632,0.697249522
1.345243533,3.740253233,-1.4812691,1.539799985,19.04890875,-5.588218584,15.29712233,3.703640697,3.003589969,0.727209851
1.3462666,3.783037767,-1.508198833,1.540246031,19.26680808,-5.689813383,15.578871,3.639791354,3.058911321,0.714673032
1.347264767,3.821589333,-1.5176069,1.540724265,19.46314914,-5.725306146,15.67730162,3.737701793,3.078238173,0.733897747
1.348288533,3.8629743,-1.534087633,1.541189887,19.67392055,-5.787481168,15.84972905,3.776045773,3.112094299,0.741426588
1.3492934,3.901809767,-1.547257467,1.541670992,19.8717075,-5.837165529,15.98751664,3.836045128,3.139148893,0.753207461
1.350266233,3.942283933,-1.565364867,1.542097964,20.07784025,-5.905477295,16.17696285,3.852731674,3.176346656,0.756483864
1.351265267,3.9827412,-1.576324933,1.542551364,20.28388694,-5.946825115,16.29163106,3.944110152,3.198861758,0.774426028
1.352292533,4.024043633,-1.594220733,1.543021598,20.49423801,-6.014338602,16.47886343,3.967228852,3.235624835,0.778965385
1.353240233,4.064574033,-1.611281433,1.543422678,20.70065716,-6.078701601,16.65735869,3.995152748,3.270672378,0.784448242
1.3543184,4.103348333,-1.620376867,1.543977909,20.89813259,-6.113014927,16.75251842,4.09746844,3.289356992,0.804537928
1.3552601,4.144841067,-1.636250333,1.54436001,21.10945285,-6.172898983,16.91859241,4.142714715,3.321965619,0.813422034
1.3562817,4.184717967,-1.652675133,1.544843804,21.31254376,-6.234862992,17.09043464,4.173963388,3.355706842,0.819557711
1.357267867,4.225442733,-1.6686155,1.545280729,21.51995281,-6.294999434,17.25720856,4.214598518,3.388452901,0.827536419
1.358286367,4.2675705,-1.685923933,1.545731066,21.73450726,-6.360297028,17.43829569,4.24806584,3.424009359,0.834107728
1.359276133,4.306887633,-1.698016733,1.546190575,21.9347473,-6.405918185,17.56481497,4.321786612,3.448851419,0.848582801
1.3602931,4.346760133,-1.709272,1.546669795,22.13781581,-6.448379673,17.68257166,4.407098415,3.471972946,0.865333774
1.361272033,4.3905503,-1.735408733,1.547058145,22.36083677,-6.54698281,17.95602368,4.356667362,3.52566525,0.855431637
1.362290567,4.431310033,-1.749065467,1.547526965,22.5684239,-6.598504043,18.0989054,4.421372779,3.553720075,0.868136545
1.363272333,4.4710258,-1.7574895,1.547973099,22.77069417,-6.630284453,18.1870407,4.535507741,3.571025442,0.890546945
1.364309467,4.514671967,-1.780728867,1.548421591,22.99298175,-6.717957018,18.43017942,4.514656609,3.618765728,0.886452825
1.365250533,4.557198033,-1.801185233,1.548789123,23.20956472,-6.795130469,18.64420137,4.517217627,3.660788939,0.886955681
1.3662847,4.5954364,-1.803588033,1.549307581,23.40431067,-6.804195244,18.66934034,4.686824606,3.665724975,0.920258011
1.3672661,4.6349519,-1.8100313,1.549756049,23.60556099,-6.828503037,18.73675214,4.820663123,3.678961283,0.946537204
1.368291667,4.6781133,-1.833158433,1.550199512,23.82537968,-6.915752191,18.97871663,4.798517327,3.72647101,0.942188877
1.369274333,4.722019667,-1.857216,1.550590028,24.04899245,-7.006511488,19.23041565,4.770431073,3.775892112,0.936674141
1.370287033,4.7616609,-1.8594677,1.5510681,24.25088312,-7.015006225,19.25397375,4.94876364,3.780517746,0.971689741
1.371251,4.804431133,-1.879978967,1.551455239,24.46870962,-7.092386791,19.46857009,4.951993802,3.822653737,0.972323983
1.372275467,4.846000867,-1.892634167,1.551919068,24.68042204,-7.140129651,19.6009734,5.031302911,3.848651127,0.987896327
1.373259967,4.8860375,-1.902009833,1.552363608,24.88432646,-7.175500182,19.69906504,5.137115696,3.86791142,1.008672667
1.374266533,4.929591667,-1.924933767,1.552782774,25.10614549,-7.261982747,19.93890357,5.119096191,3.915003716,1.005134537
1.3752523,4.970375533,-1.9364976,1.553218502,25.31385553,-7.30560833,20.05988861,5.205821199,3.938759128,1.022162992
1.376259333,5.012293033,-1.9500467,1.553660208,25.52733911,-7.356723507,20.20164422,5.277549158,3.966592843,1.036246777
1.3772625,5.0537103,-1.963568367,1.554104794,25.73827502,-7.407735189,20.34311282,5.347016473,3.994370202,1.049886684
1.378263333,5.101075333,-1.993325967,1.554466831,25.97950259,-7.519998365,20.65444766,5.276909199,4.055500799,1.036121121
1.379279533,5.1396233,-1.997764333,1.554963147,26.17582531,-7.536742496,20.70088347,5.426796115,4.06461847,1.065551417
1.380269267,5.179531433,-2.005103733,1.555414653,26.37907529,-7.564431031,20.77767095,5.553258619,4.07969569,1.09038233
1.381245367,5.223097133,-2.026876,1.555803197,26.60095306,-7.646568831,21.00546033,5.547347009,4.124422135,1.089221585
1.382276433,5.2652661,-2.041190233,1.556265545,26.81571734,-7.700570541,21.15522105,5.612350571,4.153827652,1.101985035
1.383260667,5.309709067,-2.069640833,1.55665039,27.04206298,-7.807902944,21.45288158,5.541035678,4.212273298,1.087982355
1.384284,5.349348233,-2.076832733,1.557139123,27.24394313,-7.835035022,21.52812585,5.667671548,4.227047512,1.112847309
1.385276233,5.391281133,-2.087698,1.557565822,27.45750514,-7.876025201,21.64180223,5.76755718,4.249367868,1.132459852
1.3862643,5.4355407,-2.1073435,1.557956974,27.68291673,-7.950139586,21.8473406,5.787430403,4.289725327,1.13636196
1.3872442,5.477717533,-2.121802467,1.55836805,27.89772108,-8.004687315,21.99861557,5.850959776,4.319428168,1.148835952
1.388247433,5.517943867,-2.131247767,1.558828764,28.10259163,-8.040320544,22.09743574,5.957010164,4.338831508,1.169658946
1.389271067,5.561325067,-2.144781967,1.559267329,28.32352975,-8.09137951,22.23903547,6.036348557,4.366634614,1.185237039
1.3902853,5.6057269,-2.165121333,1.55968273,28.5496659,-8.168111568,22.45183333,6.049686851,4.408417474,1.187856013
1.3912665,5.6498785,-2.179344567,1.560068472,28.77452763,-8.221769973,22.60064197,6.125739933,4.437636051,1.202789036
1.392267067,5.690446067,-2.189103933,1.560521917,28.98113607,-8.258588046,22.70274802,6.230242323,4.457684573,1.22330808
1.393262733,5.7286415,-2.191915067,1.561002455,29.17566336,-8.269193295,22.73215912,6.395358513,4.463459443,1.255728644
1.3942567,5.7766061,-2.223861433,1.561349539,29.41994449,-8.389713786,23.06639363,6.305405126,4.52908639,1.238066297
1.395231667,5.819493467,-2.237225933,1.561746098,29.63836754,-8.440132544,23.2062179,6.384003917,4.556540884,1.253499169
1.396263267,5.860951433,-2.246517467,1.562218568,29.84951074,-8.475185674,23.3034293,6.497935709,4.575628344,1.275869677
1.397259967,5.9061464,-2.2710278,1.562605739,30.07968627,-8.567653073,23.55986533,6.471675217,4.625979558,1.270713429
1.3982685,5.9493906,-2.2743966,1.563031052,30.29992666,-8.580362168,23.59511094,6.656669992,4.632900034,1.307037153
1.399274467,5.988682267,-2.274834567,1.563507105,30.50003701,-8.582014436,23.59969311,6.852198172,4.633799742,1.345429111
1.4002456,6.031174667,-2.292660933,1.563905158,30.71644852,-8.64926598,23.78619905,6.882103745,4.670420183,1.35130107
1.401254833,6.077946967,-2.325036067,1.564283589,30.95465733,-8.771404032,24.12491948,6.781592126,4.73692794,1.331565614
1.402243233,6.121140633,-2.3373293,1.56468945,31.17464035,-8.817781341,24.25353576,6.872958868,4.762181746,1.349505474
1.4032351,6.164665367,-2.348506233,1.565094313,31.39630948,-8.85994731,24.37047291,6.977690851,4.785142355,1.370069599
1.404253533,6.207013433,-2.352810533,1.565541612,31.61198591,-8.876185662,24.41550606,7.148334125,4.793984615,1.403575406
1.405282133,6.251913533,-2.3835673,1.565964659,31.84065971,-8.992218282,24.73729455,7.055219433,4.857167784,1.385292336
1.406288467,6.2913141,-2.387093133,1.566439611,32.04132468,-9.0055198,24.7741831,7.218995851,4.864410852,1.417449835
1.407260233,6.332839633,-2.403895367,1.566851336,32.25281199,-9.06890771,24.94997418,7.254692079,4.89892743,1.42445879
1.408274867,6.3776032,-2.426074167,1.567262258,32.48079043,-9.152579193,25.18201686,7.25062784,4.94448901,1.423660776
1.409268433,6.423573367,-2.4427433,1.567635841,32.71491401,-9.215464972,25.3564154,7.310352888,4.978732164,1.43538779
1.410264,6.464561933,-2.446785767,1.568078608,32.92366658,-9.230715534,25.39870916,7.476811698,4.987036543,1.468071977
1.411269267,6.509573633,-2.4699514,1.568476817,33.15290875,-9.318109933,25.64107645,7.463686579,5.03462536,1.46549486
1.412273767,6.5507593,-2.4779564,1.56892586,33.36266514,-9.348309503,25.72482767,7.589691743,5.051069913,1.490235974
1.413281267,6.598159633,-2.5084191,1.569294087,33.60407249,-9.463232731,26.04353953,7.512387237,5.113648986,1.475057234
1.4142651,6.640473533,-2.512007767,1.569707247,33.81957491,-9.476771293,26.08108546,7.690343719,5.121021131,1.509998989
1.4152711,6.682128733,-2.5199125,1.570151457,34.0317226,-9.506592598,26.16378766,7.819789217,5.137259707,1.535415613
1.416252067,6.727268067,-2.540871533,1.570523645,34.2616148,-9.585662404,26.3830687,7.83040038,5.180315539,1.537499115
1.417277133,6.771489133,-2.5568561,1.570952317,34.48683032,-9.645965594,26.55030505,7.888379542,5.213152397,1.548883323
1.418217867,6.8103005,-2.5522224,1.571369614,34.68449453,-9.628484551,26.5018256,8.134523203,5.203633456,1.597213631
1.419249667,6.859654133,-2.585527633,1.571735798,34.93584993,-9.754131487,26.85027707,8.037427131,5.272051903,1.578148817
1.420275233,6.898559233,-2.5830025,1.572236664,35.13399151,-9.744605199,26.82385821,8.261987579,5.266864559,1.622241261
1.4212207,6.9455994,-2.6036473,1.572547716,35.37356455,-9.822489531,27.03985162,8.285567208,5.309274866,1.626871121
1.422229767,6.991543133,-2.6202251,1.572937155,35.60755352,-9.885030747,27.2132946,8.346113195,5.343330394,1.638759326
1.423259667,7.0326506,-2.626919833,1.573412652,35.81691164,-9.91028722,27.28333734,8.485428577,5.357083286,1.666113901
1.4242435,7.074642367,-2.6379363,1.573830157,36.03077345,-9.951847814,27.39859562,8.584032104,5.37971425,1.685474704
1.425237067,7.121524833,-2.6650498,1.574191435,36.26954333,-10.05413589,27.68226693,8.539130681,5.435413111,1.676658309
1.4262453,7.1613792,-2.662354067,1.574662166,36.47251948,-10.043966,27.65406318,8.770310572,5.429875306,1.722050481
1.427245367,7.206157833,-2.686085767,1.575058318,36.70057465,-10.13349593,27.90235287,8.750076062,5.478626985,1.718077435
1.428236167,7.253648433,-2.709627567,1.575408628,36.94244173,-10.22230945,28.14865575,8.745640254,5.526988556,1.717206464
1.429217367,7.2976923,-2.724560267,1.575795823,37.16675477,-10.27864438,28.30488709,8.813721958,5.55766458,1.730574306
1.4302649,7.338208833,-2.727548967,1.576296924,37.3731033,-10.28991952,28.33615596,8.988801618,5.563804222,1.764951198
1.431234833,7.3807856,-2.739006933,1.576692638,37.58994449,-10.33314571,28.45603338,9.085765385,5.587342154,1.783990033
1.432274033,7.4264253,-2.762001867,1.577116311,37.82238503,-10.41989613,28.69661474,9.077624561,5.634580304,1.782391583
1.433250167,7.4713119,-2.7815474,1.577487074,38.05099007,-10.49363338,28.90110722,9.101737119,5.674732404,1.787126083
1.434277367,7.517183467,-2.795945767,1.577895619,38.28461149,-10.54795249,29.05174818,9.18471759,5.704310755,1.803419299
1.4353222,7.557750233,-2.791519,1.578393342,38.49121586,-10.53125212,29.00543373,9.437636397,5.695216914,1.853079907
1.4362944,7.607985333,-2.8245124,1.578688038,38.74706052,-10.65572264,29.35062269,9.348292101,5.762994766,1.835537154
1.4373072,7.649756267,-2.825829033,1.579137487,38.95979764,-10.66068975,29.36439779,9.547254123,5.765699506,1.874603347
1.438319733,7.695267067,-2.8414866,1.579536231,39.1915817,-10.71975931,29.52821295,9.61522302,5.797864613,1.88794904
1.439284367,7.738608867,-2.858709267,1.579916328,39.41231916,-10.78473334,29.70840276,9.655770671,5.833244882,1.895910571
1.440339667,7.783486833,-2.8740378,1.580366374,39.64088023,-10.84256159,29.86877546,9.723959048,5.864734061,1.909299359
1.441298933,7.8228456,-2.865935067,1.580794822,39.84133231,-10.81199331,29.78400171,10.00918488,5.848088736,1.965303451
1.4423228,7.872166333,-2.899714633,1.581153517,40.09252016,-10.93942971,30.13741583,9.9069586,5.917481599,1.945231321
1.443308733,7.916173767,-2.912514533,1.581545936,40.31664765,-10.98771846,30.27133305,9.99716888,5.943776244,1.96294411
1.4443069,7.9578193,-2.9108514,1.581982444,40.52874612,-10.98144415,30.25393274,10.22666765,5.940359694,2.008006193
1.445309533,8.006173567,-2.9361616,1.582332939,40.7750118,-11.07692911,30.51873727,10.20812881,5.992354062,2.004366091
1.446302,8.045097067,-2.933161867,1.582800458,40.97324709,-11.06561235,30.48735296,10.4377484,5.986191755,2.049451899
1.447284433,8.0935537,-2.9606935,1.583129372,41.22003412,-11.16947787,30.77539893,10.39648946,6.042749581,2.041350706
1.448323733,8.139578333,-2.979996133,1.583547954,41.45443511,-11.24229876,30.97735011,10.42893927,6.082402694,2.047722226
1.449302967,8.1807874,-2.9823529,1.583971414,41.66431067,-11.25118987,31.00200746,10.61415748,6.087244165,2.084089822
1.4503407,8.228629433,-3.005885733,1.584363918,41.90796757,-11.33996957,31.24821653,10.61160532,6.135587316,2.083588704
1.4513086,8.267632167,-2.999466967,1.584805801,42.1066064,-11.3157542,31.18106106,10.87739962,6.122401339,2.135777415
1.452284633,8.313758867,-3.023743233,1.585159739,42.3415272,-11.40733856,31.4350482,10.85833328,6.172271713,2.13203374
1.4532813,8.354558933,-3.031270667,1.585606149,42.54931975,-11.43573647,31.51380294,10.98737108,6.187735208,2.157370312
1.454305833,8.4059423,-3.066675667,1.585937692,42.81101248,-11.56930496,31.88422294,10.87864381,6.260467175,2.136021712
1.455280333,8.448089,-3.066256533,1.586343773,43.02566336,-11.56772375,31.87983782,11.09767981,6.259606155,2.179029432
1.456315867,8.490987167,-3.080323133,1.586800753,43.24414141,-11.62079124,32.02700771,11.16898798,6.288502963,2.19303079
1.457277567,8.5377887,-3.1023297,1.587131256,43.48249911,-11.70381296,32.25724842,11.17710497,6.333710727,2.19462456
1.458305333,8.5817938,-3.110818733,1.587565541,43.70661472,-11.73583858,32.34606377,11.31240522,6.351149622,2.221190765
1.459280933,8.621985767,-3.1134072,1.587999085,43.91131025,-11.7456038,32.37314525,11.49001927,6.356467071,2.256065283
1.460312433,8.6747945,-3.150998467,1.588318372,44.18026229,-11.88742018,32.76643877,11.36567779,6.433690252,2.231650834
1.461288767,8.714210833,-3.1425644,1.58876311,44.38100755,-11.85560192,32.67819849,11.65466333,6.416364274,2.288393146
1.4623359,8.7611119,-3.1696878,1.589177704,44.61987217,-11.95792734,32.96197338,11.60975306,6.472083473,2.279575014
1.463297833,8.795753133,-3.1427815,1.589672443,44.79629811,-11.85642095,32.68046987,12.06768251,6.41681026,2.36948946
1.4643051,8.847629533,-3.189056567,1.58998007,45.06050182,-12.03099772,33.16461647,11.84773963,6.511872443,2.326303677
1.465310333,8.892706533,-3.195108633,1.590377365,45.29007656,-12.05382968,33.22793539,12.01399545,6.524305114,2.358948006
1.466288167,8.937717767,-3.202752367,1.590748146,45.51931636,-12.08266634,33.30790691,12.16326372,6.540007522,2.388256832
1.4672784,8.982060433,-3.222500467,1.591140345,45.74515118,-12.15716779,33.51451872,12.18248673,6.580575751,2.392031269
1.4683215,9.0252803,-3.2227783,1.591600553,45.96526763,-12.15821594,33.51742552,12.39969639,6.5811465,2.434680387
1.4692968,9.072476367,-3.244550367,1.591939335,46.20563467,-12.24035299,33.7452128,12.41227614,6.625872534,2.43715042
1.470303233,9.1197284,-3.2676358,1.592308496,46.44628673,-12.32744483,33.98674101,12.4114,6.673296597,2.43697839
1.4712828,9.161458333,-3.266671967,1.592725265,46.65881504,-12.32380868,33.97665703,12.63401228,6.671316609,2.480688312
1.472312167,9.208287233,-3.2846171,1.593123066,46.89731211,-12.39150828,34.16440555,12.68476084,6.70818103,2.49065279
1.473282267,9.2494052,-3.2813974,1.593538622,47.10672371,-12.37936168,34.13071988,12.9278581,6.701566848,2.538384939
1.4742997,9.2960383,-3.305900167,1.59392713,47.34422358,-12.47180053,34.38707674,12.90900111,6.751902518,2.534682369
1.475295267,9.342481933,-3.3237939,1.594296327,47.58075851,-12.53930622,34.57428749,12.95832529,6.788661349,2.544367171
1.4762949,9.3829368,-3.325299567,1.594750359,47.78679297,-12.54498648,34.59004033,13.14860692,6.791754418,2.581728969
1.4772827,9.431127867,-3.357873133,1.595088222,48.03222748,-12.66787314,34.93083684,13.05324492,6.858669813,2.56300464
1.4783427,9.474712067,-3.358250233,1.595560417,48.25419947,-12.66929578,34.9347822,13.27127155,6.859444484,2.605814169
1.479347333,9.5173836,-3.365274967,1.595989553,48.4715233,-12.69579721,35.00827751,13.41510006,6.87387529,2.634054897
1.480278867,9.5648406,-3.3876803,1.59628105,48.71321925,-12.78032331,35.24269027,13.42238326,6.919902234,2.635484953
1.481293533,9.607851033,-3.395030967,1.596715649,48.93226908,-12.80805435,35.31959562,13.56452774,6.935002599,2.663395021
1.4823167,9.656764367,-3.417962933,1.597079138,49.18138206,-12.89456722,35.5595182,13.57371813,6.982111398,2.665199555
1.483282467,9.700240133,-3.423299967,1.597458561,49.4028018,-12.91470165,35.61535618,13.73929989,6.993075187,2.697711533
1.4842817,9.739047067,-3.4096759,1.597934419,49.60044343,-12.86330366,35.47281624,14.07948146,6.965087469,2.764506185
1.485296367,9.784553933,-3.431918133,1.598335349,49.83220745,-12.94721445,35.70552258,14.07853915,7.010779359,2.764321161
1.486311133,9.8313051,-3.4567066,1.598719599,50.07030863,-13.04073113,35.96486854,14.05729436,7.061701938,2.760149748
1.487298767,9.878471367,-3.472184833,1.599071116,50.31052389,-13.09912413,36.12680745,14.13557071,7.093498644,2.77551931
1.4883016,9.922362833,-3.476938867,1.599482,50.53406078,-13.11705914,36.17654588,14.30936917,7.103264784,2.809644636
1.489289233,9.9684152,-3.487179467,1.59984854,50.768603,-13.15569271,36.28368677,14.43677051,7.124301897,2.83465989
1.4903053,10.0061179,-3.473540067,1.600356123,50.96062083,-13.10423687,36.1409864,14.77148871,7.096282679,2.900381807
1.491277067,10.05799093,-3.5102223,1.600628296,51.2248074,-13.24262384,36.52476928,14.6518924,7.171638448,2.876899073
1.4923053,10.09792647,-3.4950692,1.601117932,51.42819693,-13.18545743,36.36623203,15.01381917,7.140509659,2.947963395
1.4933083,10.14779427,-3.5242726,1.601448381,51.68217095,-13.29562983,36.67176863,14.9622566,7.200501771,2.937839083
1.494294767,10.18864307,-3.531997933,1.601883934,51.8902117,-13.32477434,36.75259388,15.08947209,7.216371808,2.962817845
1.495271767,10.2359553,-3.554598633,1.60222285,52.13117036,-13.41003747,36.98905063,15.093974,7.262800091,2.963701796
1.4962503,10.28029867,-3.559886933,1.602603339,52.35700874,-13.42998805,37.04437875,15.26448427,7.273663768,2.997181486
1.497258533,10.32708533,-3.579508133,1.602980576,52.59529072,-13.50401076,37.24966289,15.29748211,7.313971308,3.003660612
1.498284667,10.36755333,-3.5762654,1.603460931,52.80139207,-13.49177727,37.21573623,15.53751012,7.307309809,3.050790111
1.499294233,10.41560433,-3.598619767,1.60382245,53.04611323,-13.57611109,37.44961575,15.54835176,7.353232053,3.052918867
1.500280833,10.45739433,-3.598876567,1.604245442,53.25894746,-13.57707989,37.45230249,15.75849925,7.353759593,3.094181327
1.501292367,10.505027,-3.623131433,1.604614569,53.50153807,-13.66858352,37.70606573,15.74732661,7.403586006,3.091987581
1.502308067,10.54999067,-3.636890033,1.605023859,53.73053561,-13.72048905,37.85001321,15.83237667,7.431850094,3.108687159
1.5032849,10.59936667,-3.665636833,1.605334775,53.98200492,-13.8289389,38.1507727,15.7830865,7.490904219,3.099009034
1.5042633,10.64101133,-3.663879633,1.605751527,54.19409897,-13.8223097,38.13238823,16.01356502,7.487294429,3.144263491
1.5052626,10.68350333,-3.662719,1.606177752,54.41050845,-13.81793111,38.12024526,16.24211746,7.484910158,3.189139763
1.5063335,10.73692167,-3.6575942,1.606528216,54.68256515,-13.79859735,38.06662774,16.56779168,7.474382357,3.253085897
1.5073944,10.788363,-3.711639167,1.606895344,54.94455309,-14.00248676,38.63206586,16.26434151,7.585406131,3.193503456
1.508401867,10.83189533,-3.7074813,1.607315705,55.16626093,-13.98680085,38.58856474,16.52955046,7.576864687,3.245577233
1.5094078,10.87209,-3.713313033,1.607779546,55.37097021,-14.00880157,38.64957846,16.67324602,7.58884473,3.273791857
1.510351,10.91901667,-3.736840967,1.608089862,55.6099652,-14.09756278,38.89573626,16.66608321,7.637177815,3.272385439
1.5113868,10.95977733,-3.7341217,1.608575936,55.81755708,-14.08730411,38.8672863,16.90212506,7.631591666,3.318732255
1.5124012,11.01538167,-3.761086533,1.608840419,56.10074697,-14.18903133,39.1494022,16.90319904,7.686985123,3.318943131
1.513502767,11.061394,-3.756299167,1.609321433,56.33508531,-14.17097056,39.09931503,17.18762455,7.677150507,3.37479008
1.514507367,11.108684,-3.7663614,1.609688248,56.57593074,-14.20893123,39.20458978,17.32319523,7.697821203,3.401409384
1.515504267,11.15673333,-3.784032,1.610037123,56.82064341,-14.27559513,39.38946603,17.38303165,7.734121655,3.413158265
1.5165056,11.19985133,-3.788859067,1.610456938,57.04024107,-14.29380566,39.43996856,17.55212678,7.744037826,3.446360094
1.517520167,11.24123767,-3.784604567,1.610913341,57.25101944,-14.27775518,39.39545643,17.80741728,7.73529787,3.496486383
1.518548833,11.294956,-3.8053898,1.611217527,57.52460402,-14.35616931,39.61291911,17.86353919,7.777996667,3.50750592
1.5195728,11.33841633,-3.7925851,1.611655358,57.74594517,-14.30786245,39.47895168,18.21884777,7.751692161,3.577270759
1.5205948,11.38680533,-3.8129647,1.612024752,57.99238774,-14.38474629,39.69217047,18.25207155,7.793557672,3.583794249
1.5215822,11.43754033,-3.861253167,1.612327906,58.25077837,-14.5669188,40.19738198,18.00525066,7.892755953,3.535330967
1.522586033,11.48028433,-3.862348467,1.612755265,58.46847127,-14.57105092,40.20884141,18.21148413,7.895006011,3.575824909
1.523616033,11.52337967,-3.8578834,1.613204053,58.68795348,-14.55420606,40.16212626,18.4776815,7.885833491,3.628092762
1.524554367,11.56962967,-3.870180767,1.613518628,58.92350225,-14.60059896,40.29078579,18.58457074,7.911095789,3.649080464
1.525577967,11.61498133,-3.875116433,1.613930585,59.15447585,-14.6192192,40.34242453,18.7639056,7.921235056,3.684292864
1.5265847,11.65885167,-3.880086267,1.614345654,59.3779051,-14.63796834,40.39442073,18.93533864,7.931444511,3.717953743
1.5275873,11.70759133,-3.900729967,1.614690918,59.6261336,-14.71584852,40.61040264,18.96758524,7.973852558,3.724285362
1.528596767,11.74977167,-3.902249933,1.615131513,59.84095578,-14.72158273,40.62630508,19.16650497,7.976975003,3.763343251
1.529605067,11.79724333,-3.918073667,1.615499578,60.08272642,-14.78127916,40.79185874,19.24272196,8.009481463,3.778308457
1.5305936,11.837227,-3.9250673,1.615948865,60.28636109,-14.80766326,40.86502868,19.37318669,8.023848381,3.803925206
1.531579267,11.88650233,-3.9468387,1.616269972,60.53731771,-14.88979779,41.09280899,19.396363,8.068573045,3.808475875
1.532575033,11.931467,-3.949097267,1.616659315,60.76632035,-14.89831843,41.11643894,19.60173569,8.073212785,3.848800802
1.5335945,11.97701933,-3.9568868,1.617064433,60.99831593,-14.92770513,41.19793587,19.75223434,8.089214708,3.878351212
1.534573933,12.020465,-3.968346267,1.617457929,61.21958238,-14.97093699,41.31782898,19.85360767,8.11275572,3.898255866
1.535579,12.06566267,-3.981556033,1.61785343,61.44977167,-15.020772,41.45603437,19.94559157,8.139892348,3.916316905
1.536591767,12.11147933,-3.991053133,1.618248282,61.68311349,-15.05660065,41.55539649,20.07957128,8.1594021,3.94262382
1.537589467,12.154523,-3.9924496,1.618665466,61.90233257,-15.06186894,41.57000683,20.28418002,8.162270841,3.982798746
1.538585533,12.20084667,-4.007024767,1.619036781,62.13825651,-15.11685504,41.72249753,20.36761326,8.192212389,3.999180864
1.5396117,12.246179,-4.0176939,1.619451566,62.36913165,-15.15710529,41.83412188,20.48686404,8.214129832,4.022595755
1.540586867,12.28355967,-4.007455767,1.619922592,62.55950938,-15.11848103,41.72700681,20.78435685,8.193097786,4.081008467
1.541583167,12.33725133,-4.0473755,1.62019477,62.83295815,-15.26908175,42.14466159,20.64015084,8.275104303,4.052693617
1.5425842,12.37998733,-4.039239067,1.620619437,63.0506103,-15.23838634,42.05953526,20.94292932,8.258389748,4.112144172
1.5436103,12.420925,-4.034687667,1.621093425,63.25910364,-15.22121578,42.01191686,21.19904106,8.249039875,4.162431712
1.5446305,12.47040733,-4.065233367,1.621446273,63.51111451,-15.33645213,42.33149709,21.13147169,8.311789453,4.149164467
1.5455986,12.51918767,-4.0720927,1.621756489,63.75955012,-15.36232957,42.40326193,21.30814247,8.32588048,4.183853773
1.546600867,12.56057033,-4.0756105,1.622200641,63.97030982,-15.37560078,42.44006644,21.48209766,8.333107045,4.218009875
1.5476001,12.596655,-4.047797433,1.622713213,64.15408709,-15.27067353,42.14907601,21.95686536,8.275971074,4.311230513
1.548563367,12.647648,-4.0891598,1.622988754,64.4137917,-15.42671672,42.58182414,21.78382183,8.360941171,4.277253416
1.549576267,12.695482,-4.094418067,1.623356533,64.65740769,-15.44655399,42.63683804,21.97242392,8.37174315,4.314285437
1.550571667,12.74715567,-4.116361467,1.623655027,64.9205789,-15.52933741,42.86641788,22.00601529,8.416821151,4.320881102
1.551605333,12.78568067,-4.103589033,1.62416912,65.11678465,-15.48115227,42.73278804,22.33585089,8.390582931,4.385644323
1.552625767,12.82818633,-4.108260967,1.624616294,65.33326373,-15.49877756,42.7816675,22.5034505,8.400180414,4.418552506
1.553580067,12.873788,-4.1273085,1.624955579,65.56551057,-15.57063606,42.98094973,22.53641511,8.43930948,4.425025107
1.554563367,12.92247267,-4.141664967,1.625282285,65.81345896,-15.6247971,43.13115231,22.63416092,8.468801756,4.444217497
1.5555745,12.971414,-4.168415233,1.625633363,66.06271454,-15.72571484,43.41102334,22.60354548,8.523754432,4.438206154
1.556592733,13.01377767,-4.1619167,1.626080252,66.27847042,-15.70119855,43.34303332,22.88729138,8.510404592,4.493919662
1.5575928,13.05325067,-4.15089,1.626547959,66.47950429,-15.65959935,43.22766797,23.20369059,8.487752605,4.556044648
1.558607567,13.107882,-4.1859743,1.626825931,66.75773873,-15.79195797,43.59473269,23.11486032,8.559825763,4.538602824
1.559576167,13.148752,-4.1811681,1.627243331,66.96588745,-15.77382616,43.54444847,23.37329325,8.549952457,4.589346129
1.5605951,13.18407167,-4.166547133,1.62778592,67.14576861,-15.71866727,43.3914786,23.70614429,8.519916822,4.654701431
1.561626367,13.23907867,-4.210647233,1.628075326,67.42591631,-15.88503879,43.8528699,23.52490069,8.610511004,4.61911425
1.562612033,13.28088,-4.2027647,1.628497232,67.63880825,-15.85530124,43.77039996,23.82026256,8.594318033,4.677108554
1.5635922,13.329759,-4.216345667,1.628818184,67.88774637,-15.90653664,43.91248898,23.92711167,8.622217211,4.698088376
1.564626667,13.37991633,-4.2372303,1.629176195,68.14319497,-15.98532576,44.13099162,23.96405763,8.665120204,4.705342716
1.565596633,13.42044167,-4.226265433,1.62959961,68.34958832,-15.94395983,44.01627319,24.28516941,8.642595241,4.768393013
1.5666315,13.47327233,-4.259685833,1.629921967,68.61865207,-16.07004125,44.36592958,24.20457676,8.711250273,4.752568647
1.567621533,13.518897,-4.2659014,1.630296676,68.85101604,-16.09349002,44.4309591,24.37191122,8.724018819,4.785424767
1.568588367,13.55519867,-4.248366967,1.630773921,69.03589848,-16.02733982,44.24750748,24.74024528,8.687998093,4.857747161
1.569606167,13.60321767,-4.2644094,1.631144104,69.28045667,-16.08786132,44.41534925,24.81696169,8.720953826,4.872810428
1.570615,13.64020733,-4.256770433,1.63165407,69.46884305,-16.05904264,44.3354276,25.08526972,8.70526121,4.92549271
1.5716227,13.68890533,-4.266859667,1.632004997,69.71685935,-16.09710517,44.44098483,25.22772879,8.725987372,4.953464548
1.5726212,13.736905,-4.273918133,1.632356141,69.96131907,-16.12373386,44.51483308,25.39834027,8.740487476,4.986964111
1.5735855,13.78150433,-4.2880637,1.632718945,70.18846108,-16.17709926,44.66282915,25.47748621,8.769546504,5.002504416
1.574623533,13.82721133,-4.290155567,1.633140543,70.42124438,-16.18499101,44.68471502,25.68838363,8.773843794,5.043914126
1.575579067,13.87790167,-4.314523233,1.633412433,70.67940752,-16.27692018,44.93965842,25.69160338,8.823901931,5.044546323
1.576585767,13.91586533,-4.3074848,1.63390713,70.87275444,-16.25036707,44.86601977,25.95858894,8.809442981,5.096968939
1.577588367,13.95836233,-4.3065697,1.634336587,71.08918937,-16.24691478,44.85644566,26.18459799,8.807563105,5.141345815
1.578580933,14.00824067,-4.332060667,1.634656461,71.34321704,-16.3430817,45.12314143,26.17192989,8.85992882,5.138858433
1.579581733,14.05469433,-4.3366596,1.635030756,71.57980307,-16.36043158,45.17125715,26.3604002,8.869376341,5.17586458
1.580573233,14.10109533,-4.352126467,1.635396461,71.81612087,-16.41878171,45.33307713,26.43489801,8.901149695,5.190492225
1.581613967,14.14272333,-4.349518933,1.635875771,72.02813004,-16.40894456,45.30579617,26.67418814,8.895793078,5.237476842
1.582597033,14.19155667,-4.360976667,1.636200239,72.27683558,-16.45216987,45.42567115,26.80301871,8.91933053,5.262772723
1.5835903,14.24625933,-4.4011181,1.636455749,72.55543332,-16.60360697,45.84564544,26.66164216,9.001792481,5.235013439
1.584628067,14.28409267,-4.3807192,1.63698327,72.74811646,-16.52665032,45.63222472,27.06774601,8.959887324,5.31475193
1.585590067,14.32886467,-4.386421033,1.637341445,72.97613785,-16.54816099,45.69187938,27.23611275,8.971600515,5.347810738
1.586608367,14.37465233,-4.403490533,1.637742222,73.20933198,-16.61255719,45.8704667,27.29071955,9.006666136,5.358532784
1.587594633,14.40626567,-4.358240433,1.63830213,73.37033698,-16.44184719,45.39704368,27.92514758,8.913709527,5.483102727
1.588613367,14.459911,-4.405677967,1.638597367,73.64354978,-16.62080947,45.89335242,27.70205164,9.011159748,5.439297839
1.589617667,14.515778,-4.432501933,1.638848207,73.92807741,-16.72200526,46.17399453,27.70593716,9.066263825,5.440060762
1.590596867,14.55782133,-4.4176272,1.639260383,74.14220185,-16.66588901,46.01836965,28.07568647,9.035706881,5.512661039
1.591604733,14.59881367,-4.424493133,1.6397154,74.3509736,-16.69179135,46.09020354,28.21262433,9.049811466,5.539548788
1.592579,14.64408733,-4.425087467,1.640079075,74.58154995,-16.69403353,46.09642168,28.43698255,9.051032396,5.583601524
1.593577067,14.68658367,-4.421727967,1.640504008,74.7979815,-16.68135952,46.06127336,28.68856241,9.044131025,5.632999228
1.5946139,14.735454,-4.4434872,1.640881744,75.04687548,-16.76344815,46.28892638,28.70980337,9.088830695,5.637169891
1.5956083,14.77742567,-4.431589133,1.641310086,75.26063492,-16.71856164,46.16444448,29.04804472,9.064388674,5.70358358
1.596606233,14.82310233,-4.435385233,1.641691993,75.49326373,-16.73288276,46.20416066,29.24095734,9.072186945,5.741461975
1.597614133,14.875745,-4.4654875,1.641989919,75.76137,-16.84644622,46.51910153,29.19412275,9.134025586,5.732266001
1.598574767,14.922529,-4.478080267,1.642319592,75.9996384,-16.89395355,46.65085164,29.30064104,9.159894719,5.753180867
1.5995827,14.971194,-4.4995758,1.642671197,76.24748663,-16.97504735,46.87574573,29.32359517,9.204052675,5.757687912
1.6005876,15.01269533,-4.487884233,1.643116382,76.45885069,-16.93093988,46.75342431,29.65728066,9.180034863,5.823207057
1.601615867,15.050997,-4.4774011,1.643628087,76.65391902,-16.89139133,46.64374595,29.96202735,9.158499517,5.883044069
1.602598367,15.10042133,-4.5084667,1.643944018,76.9056345,-17.00858905,46.96876557,29.8887232,9.222317119,5.868650801
1.6035944,15.14509567,-4.504399133,1.644337543,77.13315848,-16.9932438,46.9262092,30.15880355,9.213961177,5.921681076
1.6045918,15.202277,-4.5361026,1.644563758,77.42437993,-17.11284793,47.25790241,30.1183318,9.279089139,5.913734448
1.605578133,15.23319467,-4.4957048,1.645133115,77.58184195,-16.96044366,46.83524592,30.6984503,9.196100537,6.027640716
1.6065896,15.29232367,-4.560110733,1.645347128,77.88298277,-17.20342073,47.50908424,30.3257528,9.328408691,5.954461562
1.607578267,15.33100067,-4.5358941,1.645814171,78.07996265,-17.11206134,47.25572101,30.77609592,9.27866082,6.042886433
1.6085755,15.37314667,-4.5309639,1.646242995,78.29460997,-17.09346173,47.20413946,31.04232478,9.268532783,6.09516047
1.6096041,15.427129,-4.576834667,1.646543554,78.56953909,-17.26651325,47.68405612,30.83733724,9.362764419,6.054911168
1.610577667,15.46888433,-4.563450367,1.64695398,78.78219676,-17.21601979,47.5440247,31.19002633,9.33526925,6.12416167
1.6116011,15.51478833,-4.5673213,1.647358321,79.01598336,-17.23062323,47.58452382,31.38331382,9.343221251,6.162113669
1.612574733,15.56384567,-4.5865547,1.647670335,79.26582973,-17.30318293,47.78575065,31.43193335,9.38273214,6.171660114
1.6135722,15.60475933,-4.5677686,1.648116012,79.47420083,-17.23231071,47.58920363,31.83685148,9.344140133,6.251165787
1.614600933,15.65554233,-4.592377033,1.648459852,79.73283592,-17.3251482,47.84666602,31.83802418,9.394692873,6.251396047
1.615625867,15.695677,-4.5781315,1.648943503,79.93723962,-17.27140567,47.69762406,32.19146983,9.365428485,6.320795102
1.616624567,15.748024,-4.609637567,1.649236216,80.20384008,-17.39026509,48.027252,32.12844235,9.43015093,6.308419656
1.617604933,15.784692,-4.592803633,1.649722054,80.39058824,-17.32675759,47.85112926,32.49131325,9.395569231,6.379669356
1.618565633,15.83170433,-4.607529633,1.650048714,80.63001952,-17.38231272,48.00519804,32.57667576,9.425820634,6.396430286
1.619587767,15.87312067,-4.5845604,1.650512279,80.84095068,-17.29565926,47.76488556,33.0279194,9.378635279,6.485031975
1.620590767,15.91951533,-4.593713933,1.65088957,81.07723623,-17.33019177,47.86065315,33.16843735,9.397439247,6.512622674
1.621590967,15.971477,-4.620355433,1.65118898,81.3418742,-17.43069919,48.13938622,33.15434226,9.452168485,6.509855102
1.622595733,16.01065,-4.602695467,1.651665434,81.54138019,-17.3640754,47.95462122,33.53861324,9.415889877,6.585306709
1.6236106,16.05716733,-4.622062867,1.652052937,81.77829047,-17.43714063,48.15725001,33.57289473,9.45567604,6.59203788
1.624626933,16.10550267,-4.649089033,1.652417387,82.02445972,-17.53909923,48.44000761,33.53630639,9.511195494,6.58485376
1.625625633,16.14526733,-4.635032967,1.652879795,82.22697903,-17.48607148,48.29294792,33.88588539,9.482320324,6.653493596
1.626584867,16.19358533,-4.645690467,1.653187379,82.47306001,-17.52627784,48.40445056,34.02046372,9.504213868,6.679918052
1.627587833,16.23387867,-4.624437967,1.653646923,82.67827179,-17.4461009,48.18209917,34.44802689,9.460555173,6.763870081
1.6285788,16.28829833,-4.662320967,1.65390395,82.95542823,-17.58901787,48.57844491,34.3288376,9.538377658,6.740467262
1.6296016,16.33193167,-4.658901833,1.654338282,83.17765045,-17.57611889,48.54267269,34.58683204,9.531353783,6.79112447
1.630583933,16.3677,-4.650058133,1.654838219,83.35981665,-17.54275525,48.45014668,34.86152425,9.513186301,6.845060286
1.631600467,16.425213,-4.692083833,1.655079094,83.65272727,-17.70130091,48.88983485,34.71474669,9.599519074,6.816240513
1.632592833,16.46411533,-4.6680816,1.655546798,83.85085477,-17.61075037,48.63871475,35.16399429,9.550211642,6.904450278
1.633607033,16.51794667,-4.697356533,1.655834993,84.12501485,-17.72119264,48.94499976,35.13186937,9.610350703,6.89814255
1.634562233,16.563415,-4.698501133,1.656176976,84.35658263,-17.72551075,48.95697498,35.35146192,9.612702038,6.941259549
1.635589067,16.60277567,-4.684868167,1.656672966,84.55704439,-17.67407917,48.81434192,35.69455674,9.584696037,7.008626217
1.6365835,16.65698667,-4.714965967,1.656936273,84.8331381,-17.78762578,49.12923606,35.65575632,9.646525501,7.001007752
1.6375848,16.701737,-4.7110103,1.65733404,85.06104915,-17.77270268,49.08785044,35.92505298,9.638399434,7.053884153
1.6385959,16.75149533,-4.721711633,1.657674066,85.31446567,-17.81307441,49.19981168,36.06650826,9.660383024,7.081658896
1.639635967,16.794487,-4.721971667,1.658134319,85.53341991,-17.81405541,49.20253225,36.28274194,9.660917207,7.12411638
1.6406507,16.833372,-4.711023967,1.658624623,85.73145913,-17.77275424,49.08799342,36.59531998,9.638427509,7.185491078
1.641690167,16.88705867,-4.736969,1.658940035,86.00488244,-17.87063417,49.35943981,36.59729691,9.691726006,7.185879247
1.6426907,16.925046,-4.707761133,1.659428246,86.19834989,-17.76044491,49.05385647,37.09634769,9.631724719,7.283867868
1.643699133,16.980921,-4.7469902,1.659683112,86.48291826,-17.90844003,49.46428525,36.97048728,9.712312409,7.259155178
1.644671267,17.01873333,-4.724750533,1.660145283,86.67549444,-17.82453893,49.23160576,37.39574295,9.666625791,7.342654129
1.645683733,17.06857367,-4.7539266,1.66048557,86.92932858,-17.93460822,49.53685639,37.34432646,9.726561752,7.332558501
1.646684233,17.10853067,-4.7528248,1.660947183,87.13282743,-17.93045158,49.52532896,37.55935275,9.724298341,7.374778912
1.6476706,17.152027,-4.749681167,1.661346929,87.35435192,-17.91859194,49.49243912,37.81376707,9.717840422,7.424733165
1.648686167,17.19793733,-4.753317667,1.661743318,87.58817078,-17.93231096,49.53048551,38.00953955,9.72531083,7.46317309
1.649623833,17.25154867,-4.7738048,1.661957947,87.86121042,-18.00960048,49.74482936,38.06823534,9.767397244,7.474698009
1.650638733,17.29439433,-4.7714804,1.662395002,88.0794211,-18.00083148,49.72051064,38.31076474,9.762622264,7.522318657
1.651667167,17.34440267,-4.7921807,1.662748989,88.33411086,-18.07892519,49.93708471,38.34888042,9.805146583,7.529802671
1.652680667,17.38149333,-4.777209433,1.66326226,88.52301163,-18.02244476,49.78044987,38.69441603,9.774391332,7.597648588
1.653667733,17.41674333,-4.746169867,1.663773922,88.70253798,-17.90534525,49.45570262,39.19868964,9.71062721,7.69666271
1.654681533,17.473898,-4.789358633,1.664016896,88.99362363,-18.06827869,49.90755922,39.03791868,9.799349253,7.665095334
1.655626,17.51849067,-4.785809067,1.664359956,89.22073169,-18.05488764,49.87042236,39.3021636,9.792057431,7.716979822
1.656645333,17.55246933,-4.7682179,1.66492103,89.39378321,-17.98852341,49.68637717,39.65926031,9.755920158,7.787095762
1.657611367,17.60409667,-4.7953539,1.665190783,89.65671844,-18.09089637,49.97028388,39.63828884,9.811665241,7.782978013
1.658669267,17.64985433,-4.7868967,1.665631565,89.88975978,-18.05899083,49.88180158,39.95981248,9.79429174,7.84610918
1.659619067,17.69973933,-4.804469267,1.665908582,90.14382141,-18.12528489,50.06565217,40.03002351,9.830390803,7.859895117
1.660670767,17.75214833,-4.835516767,1.666253459,90.41073763,-18.24241433,50.39048242,39.97210949,9.894171222,7.848523698
1.6616503,17.785448,-4.797231667,1.666783891,90.58033104,-18.09798041,49.98992976,40.54225555,9.815522709,7.960471878
1.662631267,17.84018367,-4.820479233,1.667026656,90.85909685,-18.18568391,50.23315427,40.57779686,9.86327984,7.967450413
1.663661833,17.87595167,-4.8026681,1.667574832,91.04126135,-18.11848983,50.04680771,40.94630792,9.826690693,8.03980756
1.664641267,17.92066767,-4.803061167,1.667951195,91.26899754,-18.11997271,50.05092011,41.1699317,9.827498164,8.083716089
1.665650533,17.97840433,-4.839489133,1.668181787,91.56304728,-18.25740044,50.43204276,41.08285879,9.902331596,8.066619324
1.6666808,18.01921067,-4.816040833,1.668661712,91.77087174,-18.16893965,50.18671811,41.53600791,9.854162101,8.155595152
1.667675933,18.06962367,-4.831063433,1.668976942,92.02762244,-18.22561374,50.34389002,41.6355867,9.885022806,8.175147448
1.668685233,18.11725033,-4.846419167,1.669343917,92.2701825,-18.2835446,50.50454729,41.71748948,9.916567861,8.191229059
1.669670667,18.16082667,-4.848492967,1.669741651,92.49211442,-18.29136819,50.52624414,41.91772455,9.920828037,8.230545216
1.670666833,18.20936167,-4.862484133,1.670083242,92.73930057,-18.3441511,50.67262482,42.01853002,9.949569884,8.25033837
1.671664433,18.253919,-4.8690181,1.670479912,92.96622867,-18.36880107,50.74098556,42.17709739,9.962992515,8.281473072
1.672652433,18.29410867,-4.843046533,1.670925888,93.17091249,-18.27082104,50.46926157,42.65350519,9.90963951,8.375015743
1.6736644,18.345254,-4.8747018,1.671248074,93.43139292,-18.39024333,50.8004505,42.5827967,9.974668455,8.361132132
1.674665467,18.38394467,-4.8611539,1.671727333,93.62844241,-18.33913268,50.65870744,42.92158925,9.946837205,8.427654048
1.675664567,18.428141,-4.868869767,1.672130372,93.85353196,-18.36824147,50.73943364,43.06595259,9.962687796,8.455999791
1.676660033,18.467345,-4.851091233,1.672597107,94.05319582,-18.30117038,50.55342815,43.45162194,9.926165618,8.531725969
1.677649367,18.51790933,-4.863010233,1.672904496,94.31071726,-18.34613586,50.67812907,43.58444246,9.950650643,8.557805277
1.678651533,18.55821867,-4.8608554,1.673363024,94.51601053,-18.33800656,50.65558442,43.81228038,9.946224001,8.602541252
1.6796523,18.60962733,-4.879031033,1.673670459,94.7778321,-18.40657575,50.84574451,43.88394186,9.983561935,8.616611985
1.680683733,18.654603,-4.890081867,1.674095321,95.00689076,-18.44826599,50.96136235,43.99738268,10.0062635,8.638886089
1.681661233,18.691553,-4.8695331,1.674574489,95.19507512,-18.37074395,50.74637368,44.40055572,9.964050471,8.718049115
1.6826781,18.74691,-4.900767167,1.674844774,95.47700535,-18.48857723,51.07315585,44.35570377,10.02821415,8.709242435
1.6836634,18.779938,-4.8462717,1.675384636,95.64521518,-18.28298827,50.50300444,45.09406501,9.916264922,8.854219665
1.6846638,18.83049633,-4.879568433,1.675703173,95.90270605,-18.40860314,50.85136699,45.00319334,9.984665908,8.836377012
1.685662,18.878041,-4.886835933,1.676060154,96.14484848,-18.43602042,50.92740222,45.16930054,9.999595425,8.868992161
1.686657433,18.91769333,-4.8545343,1.676520809,96.34679569,-18.31415966,50.58945077,45.70919919,9.933238659,8.975001261
1.6876257,18.963797,-4.864709233,1.676867291,96.58159919,-18.35254549,50.69590463,45.83754883,9.954140874,9.000202713
1.688670333,19.01367933,-4.888128,1.677239178,96.83564723,-18.44089486,50.94092029,45.84658121,10.0022497,9.001976221
1.689656067,19.05388333,-4.883390267,1.677682693,97.04040404,-18.42302134,50.8913524,46.10090592,9.992517043,9.051912877
1.690644867,19.10162167,-4.884282767,1.678027662,97.28353281,-18.42638838,50.90069006,46.33469702,9.994350493,9.09781776
1.6916566,19.14108933,-4.869967633,1.678507109,97.48453951,-18.37238327,50.75091992,46.68547386,9.964943127,9.166692793
1.6926153,19.189509,-4.8890478,1.678812789,97.73113827,-18.44436488,50.95054357,46.73244898,10.00413923,9.175916356
1.693667167,19.233792,-4.885900633,1.679267425,97.95666921,-18.43249192,50.91761677,46.99090672,9.997674053,9.226664534
1.694644967,19.263534,-4.845692633,1.679844105,98.10814362,-18.28080369,50.49694604,47.56305186,9.915075354,9.339005233
1.695612567,19.31568767,-4.878052233,1.680108326,98.37375944,-18.40288314,50.83550395,47.49010977,9.981551201,9.324683053
1.696620667,19.36388833,-4.877494633,1.680466359,98.61924285,-18.40077954,50.82967014,47.74142699,9.980405731,9.374029189
1.697661067,19.40321133,-4.870720567,1.680976423,98.81951277,-18.37522378,50.75879739,48.01256966,9.966489867,9.427268054
1.698623533,19.44738467,-4.875847033,1.681343139,99.04448519,-18.39456383,50.81243235,48.18390712,9.977021091,9.460910162
1.699640167,19.495128,-4.888192667,1.681715874,99.28763942,-18.44113882,50.94159686,48.29789684,10.00238254,9.483292044
1.7006269,19.54022533,-4.8847186,1.682094394,99.51731771,-18.4280326,50.90524991,48.56392208,9.995245819,9.535526101
1.701617467,19.58850933,-4.9046656,1.682433771,99.76322553,-18.50328442,51.11394268,48.60113713,10.03622265,9.542833275
1.702618,19.63153,-4.9069859,1.682854099,99.98232748,-18.51203795,51.1382185,48.79596325,10.0409892,9.581087384
1.703630067,19.67081,-4.8879741,1.683336409,100.1823784,-18.44031426,50.93931013,49.19492255,10.00193354,9.659423042
1.7046484,19.71025233,-4.862248133,1.683822797,100.3832561,-18.34326077,50.6701557,49.66495466,9.949085072,9.751713848
1.7056628,19.76162833,-4.876649867,1.684144306,100.6449113,-18.39759259,50.82083188,49.77593369,9.97867034,9.77350458
1.706655467,19.81183933,-4.8927787,1.684459794,100.9006332,-18.45844003,50.98957761,49.86290989,10.01180356,9.790582357
1.707632667,19.84833633,-4.8678689,1.684944771,101.0865105,-18.36446561,50.72896221,50.30940255,9.96063173,9.87825119
1.708629067,19.90634667,-4.909019933,1.685158805,101.381954,-18.51971152,51.1594993,50.17430897,10.04516769,9.851725566
1.7096316,19.94576533,-4.8884975,1.685629712,101.5827111,-18.44228883,50.94478613,50.58977929,10.00300876,9.933303163
1.710668067,19.996059,-4.909731067,1.685987884,101.8388541,-18.52239434,51.16693944,50.62376892,10.04662856,9.939977028
1.711664667,20.04746933,-4.918256433,1.68629113,102.1006842,-18.55455704,51.25613493,50.7964035,10.06414209,9.973873827
1.712632467,20.08607233,-4.8961301,1.686738304,102.2972872,-18.47108349,51.02464117,51.22450026,10.01868829,10.05793063
1.7136378,20.12942867,-4.902592333,1.687158905,102.5180986,-18.49546283,51.09225141,51.3777015,10.03196356,10.08801169
1.714628333,20.17364,-4.913339767,1.687553175,102.7432646,-18.53600848,51.20469497,51.49042388,10.05404186,10.11014473
1.715591233,20.22477533,-4.932039733,1.68782643,103.0036941,-18.60655575,51.40034083,51.55520753,10.09245692,10.122865
1.716630033,20.26611867,-4.9154628,1.688307646,103.2142535,-18.54401781,51.22690692,51.93920082,10.05840317,10.19826208
1.717646467,20.313336,-4.917898967,1.688687275,103.4547288,-18.55320846,51.25239498,52.1541881,10.06340775,10.24047483
1.7186722,20.35529633,-4.917576167,1.689147103,103.6684305,-18.55199067,51.24901773,52.37126707,10.06274463,10.28309829
1.7196652,20.40556467,-4.926250633,1.689462151,103.9244444,-18.58471586,51.33977316,52.53652556,10.08056446,10.31554679
1.7206674,20.446492,-4.913284767,1.689912378,104.1328852,-18.53580098,51.20411954,52.88061989,10.05392887,10.38310972
1.721665233,20.487154,-4.913278067,1.690361816,104.3399745,-18.53577571,51.20404944,53.08777937,10.05391511,10.42378548
1.722642133,20.53854,-4.926842367,1.690645691,104.6016807,-18.58694823,51.34596409,53.20757086,10.08178005,10.44730654
1.7236241,20.58765467,-4.935012967,1.690965264,104.851819,-18.61777254,51.43144788,53.37222543,10.09856479,10.47963646
1.7246525,20.63395633,-4.9373517,1.691369209,105.0876309,-18.62659562,51.45591656,53.58356865,10.10336922,10.5211337
1.725657233,20.67193333,-4.9148504,1.691861759,105.2810458,-18.54170747,51.22049977,54.01240026,10.05714513,10.60533479
1.726643567,20.722115,-4.943809033,1.692171309,105.5366183,-18.65095648,51.52347553,53.96499703,10.11663442,10.59602717
1.727653433,20.76670967,-4.932264633,1.692579742,105.7637365,-18.60740421,51.40269381,54.31289699,10.09291893,10.66433732
1.728637233,20.81163133,-4.939754967,1.692957699,105.9925202,-18.63566215,51.48106041,54.46331403,10.10830621,10.69387171
1.7296651,20.85480367,-4.938018467,1.693403315,106.2123945,-18.62911105,51.46289251,54.7013563,10.10473894,10.74061131
1.7306486,20.89335,-4.9074184,1.693866953,106.4087089,-18.5136696,51.14274348,55.21781974,10.04187768,10.84201891
1.7316482,20.93860567,-4.914635167,1.694256205,106.6391936,-18.54089549,51.21824792,55.37279998,10.05670298,10.87244928
1.7326381,20.98409167,-4.933137933,1.69463265,106.8708514,-18.61069881,51.4118306,55.41087505,10.09471294,10.87992532
1.7336331,21.02299933,-4.9091714,1.695102916,107.069006,-18.52028294,51.161084,55.8597763,10.04547884,10.96806708
1.7346378,21.069006,-4.9311787,1.695487139,107.3033155,-18.60330743,51.39133238,55.8638374,10.09068811,10.96886447
1.735621867,21.11361133,-4.9097088,1.695869628,107.5304881,-18.52231033,51.16670647,56.31563587,10.04658282,11.0575751
1.7366304,21.15545733,-4.904742067,1.696313799,107.7436075,-18.50357289,51.1147427,56.58071908,10.03637973,11.10962419
1.737629633,21.205968,-4.9145371,1.696631812,108.0008556,-18.54052552,51.21722191,56.73548798,10.05650152,11.14001307
1.7386201,21.247858,-4.911936767,1.697057322,108.2141991,-18.53071553,51.19001627,56.97603714,10.0511597,11.18724489
1.739639,21.28830467,-4.893623833,1.697530731,108.4201918,-18.46162837,50.9984197,57.37362641,10.01353971,11.26531155
1.740642233,21.344228,-4.931479133,1.697779745,108.7050064,-18.60444084,51.39447563,57.26238501,10.09130529,11.2434693
1.741677133,21.380972,-4.913613333,1.698319091,108.8921416,-18.53704053,51.20755712,57.63643873,10.05460384,11.31691475
1.742639067,21.42486467,-4.9166654,1.698689059,109.1156846,-18.54855472,51.23948896,57.8280499,10.06087366,11.3545376
1.7436171,21.47632333,-4.925854833,1.698973086,109.3777608,-18.58322267,51.33563215,57.99398292,10.07975137,11.38711855
1.744662167,21.51356767,-4.899383867,1.699515851,109.5674442,-18.48335861,51.05868326,58.4606152,10.02537246,11.47874179
1.7456458,21.56303267,-4.926953167,1.699832366,109.8193668,-18.58736623,51.34712332,58.42409774,10.08200766,11.47157159
1.7466663,21.60750833,-4.913826633,1.700253038,110.045879,-18.53784522,51.20978875,58.78794449,10.05504202,11.5430129
1.747684767,21.65158967,-4.920470533,1.700676994,110.2703828,-18.56290992,51.27929965,58.94293745,10.06869049,11.57344577
1.748668767,21.694061,-4.915220067,1.701088197,110.486687,-18.54310207,51.22436735,59.21417396,10.05790453,11.62670306
1.749677433,21.73378033,-4.8958446,1.701561183,110.6889755,-18.47000641,51.02165417,59.61917558,10.0181018,11.70622512
1.7506784,21.773632,-4.8833704,1.702024683,110.8919379,-18.42294639,50.89114455,59.95264759,9.992476232,11.77170236
1.7516608,21.83390767,-4.925773,1.702194165,111.1989186,-18.58291395,51.33477598,59.81599689,10.07958326,11.74487099
1.752648267,21.86843,-4.901201733,1.702716041,111.374739,-18.49021667,51.07770245,60.24889081,10.02910688,11.82986971
1.7536465,21.91993767,-4.919324567,1.703019607,111.6370648,-18.55858666,51.26731013,60.32160891,10.06633634,11.84414791
1.754650633,21.96239233,-4.9086277,1.703451169,111.8532841,-18.51823179,51.15539561,60.64974276,10.04436193,11.90857699
1.755675467,22.01309067,-4.922010567,1.703792251,112.111488,-18.56871984,51.29541204,60.76793023,10.07185415,11.9317831
1.756631267,22.06069367,-4.931719333,1.704106045,112.3539275,-18.60534702,51.39698869,60.9087931,10.09179873,11.95944152
1.757663033,22.09732067,-4.890673,1.704643835,112.5404669,-18.4504961,50.96754701,61.52477412,10.00747785,12.0803894
1.758634333,22.14652233,-4.915600633,1.704951569,112.7910483,-18.5445378,51.22834898,61.51455359,10.05868632,12.0783826
1.759635733,22.18601467,-4.9085301,1.705420349,112.9921806,-18.51786358,51.15437449,61.78966042,10.04416143,12.13239982
1.760647833,22.228879,-4.8882923,1.705854352,113.2104864,-18.44151469,50.94263926,62.21970139,10.00258722,12.21683837
1.761675367,22.27743067,-4.903504367,1.706227085,113.4577574,-18.49890356,51.10179343,62.30781825,10.03383714,12.23414011
1.7626677,22.318247,-4.892185533,1.706668942,113.6656328,-18.45620226,50.98337168,62.63411539,10.01058503,12.29820856
1.763623433,22.36764533,-4.908205867,1.706958457,113.9172159,-18.51664038,51.15098224,62.71808789,10.04349536,12.31469656
1.764636167,22.413658,-4.900422733,1.707350632,114.1515559,-18.48727783,51.06955227,63.0338579,10.02750659,12.376698
1.765676767,22.46471767,-4.9220762,1.707702608,114.4116,-18.56896744,51.29609872,63.06735559,10.07198898,12.38327527
1.766630333,22.50046733,-4.891941867,1.708174031,114.5936712,-18.45528301,50.98082235,63.56470309,10.01008447,12.48092945
1.7676279,22.54764433,-4.897123933,1.708535337,114.8339411,-18.47483281,51.03503902,63.75075635,10.02072991,12.51746101
1.7686529,22.589377,-4.891961433,1.708997502,115.0464833,-18.45535682,50.98102706,64.01731053,10.01012466,12.56979892
1.7696644,22.64618667,-4.916923967,1.709242829,115.3358119,-18.54953019,51.24219417,64.045472,10.06140483,12.57532843
1.7706523,22.68607833,-4.9178327,1.709692724,115.538978,-18.55295846,51.25170167,64.23913062,10.06327162,12.6133533
1.771644533,22.73026033,-4.910849533,1.710089089,115.7639946,-18.52661385,51.17864124,64.5372076,10.04892621,12.67188071
1.7726489,22.78264433,-4.934993267,1.71038697,116.0307835,-18.61769822,51.43124177,64.55139597,10.09852432,12.6746666
1.7736033,22.82244533,-4.9164316,1.710804587,116.2334878,-18.54767269,51.23704286,64.94829924,10.06039336,12.75259856
1.774647467,22.861659,-4.8962021,1.711319892,116.4332009,-18.47135511,51.02539446,65.35966073,10.0188362,12.83336938
1.775670167,22.911877,-4.9131659,1.711665319,116.6889585,-18.53535255,51.20287591,65.43793685,10.05368469,12.8487389
1.776673,22.959891,-4.903930033,1.712020603,116.9334912,-18.50050943,51.10624691,65.77909857,10.03471158,12.91572601
1.7776507,23.00807233,-4.927004633,1.712348498,117.1788762,-18.58756039,51.34766178,65.78306865,10.08211339,12.91650553
1.778638,23.04679433,-4.908157333,1.712813567,117.3760852,-18.51645729,51.15047447,66.17746503,10.04339566,12.99394526
1.779661067,23.087728,-4.8898352,1.713284575,117.5845582,-18.44733542,50.95878164,66.57763082,10.00575677,13.07251781
1.780634867,23.13157333,-4.893598533,1.713667048,117.8078601,-18.46153293,50.998155,66.76155939,10.01348773,13.10863219
1.781637767,23.170389,-4.8751195,1.714146454,118.0055462,-18.39181914,50.80482063,67.15257987,9.97552653,13.18540906
1.782633433,23.21713633,-4.885340867,1.714511655,118.2436279,-18.43038015,50.91176029,67.28372186,9.996524132,13.21115879
1.783646367,23.26554367,-4.9094259,1.714871734,118.4901638,-18.52124307,51.16374667,67.27827143,10.04600166,13.21008859
1.7846007,23.299334,-4.861704333,1.715370349,118.6622562,-18.34120924,50.66446627,67.94964418,9.947967952,13.34191263
1.7856612,23.35130933,-4.885463267,1.715729875,118.9269638,-18.43084192,50.91304088,67.96577715,9.996775577,13.34508034
1.7866286,23.39560767,-4.876600267,1.716099838,119.1525728,-18.39740547,50.82031295,68.28411411,9.978568447,13.40758581
1.7876354,23.43430667,-4.869589967,1.716584717,119.3496647,-18.37095849,50.74696864,68.55455035,9.964167292,13.46068596
1.7886493,23.47998167,-4.863739167,1.716982614,119.582285,-18.34888583,50.68575544,68.84838387,9.95214808,13.51838017
1.789656067,23.52315167,-4.870054267,1.717407161,119.8021475,-18.3727101,50.75182631,69.00217549,9.965121096,13.54857716
1.7906612,23.56757033,-4.863079233,1.717813235,120.0283694,-18.34639617,50.67885097,69.30137271,9.950792389,13.60732453
1.791636967,23.61791567,-4.870101633,1.718110011,120.2847755,-18.3728888,50.75232188,69.48430788,9.965218401,13.64324385
1.7926134,23.65434833,-4.8417627,1.718595089,120.4703251,-18.26597767,50.45582964,69.96634973,9.90700215,13.73789277
1.793658267,23.70471333,-4.8802266,1.7189607,120.7268313,-18.41108613,50.85825297,69.82043265,9.98601797,13.70924195
1.794660367,23.74266233,-4.861643,1.719450994,120.9201036,-18.34097785,50.66382458,70.20813325,9.947841956,13.78536696
1.795633167,23.781324,-4.847078,1.719902377,121.1170053,-18.28603011,50.51144025,70.55741938,9.917921292,13.85394929
1.796631133,23.83045833,-4.8484033,1.720237685,121.3672439,-18.29102992,50.52530602,70.79379212,9.920643837,13.90036108
1.7976555,23.875714,-4.854989233,1.720651704,121.5977285,-18.31587593,50.59421045,70.95537237,9.934173222,13.93208737
1.7986317,23.92379033,-4.857459533,1.720979514,121.8425787,-18.32519536,50.62005563,71.17437738,9.939247922,13.975089
1.799668033,23.96929133,-4.8568891,1.721402191,122.0743129,-18.32304335,50.61408755,71.4120796,9.93807609,14.02176183
1.800660967,24.01328467,-4.8615823,1.721801801,122.2983686,-18.34074886,50.66318951,71.58703332,9.947717261,14.05611399
1.8016556,24.05072633,-4.830676733,1.722291471,122.489057,-18.22415488,50.33984422,72.10106701,9.884228413,14.15704451
1.802638633,24.10435433,-4.8476663,1.722551241,122.7621815,-18.28824952,50.51759526,72.1964405,9.919129828,14.17577109
1.8036562,24.15326,-4.856152033,1.722909233,123.0112554,-18.3202627,50.60637609,72.3567336,9.936561945,14.20724464
1.804602933,24.194547,-4.853148467,1.723299143,123.2215279,-18.30893148,50.57495168,72.59843048,9.930391762,14.25470182
1.805642,24.239024,-4.840265267,1.723738363,123.4480469,-18.26032847,50.44016295,72.95973818,9.903925995,14.32564459
1.806658267,24.282544,-4.836054967,1.72416769,123.6696919,-18.24444474,50.39611326,73.22543289,9.895276838,14.37781375
1.8076374,24.33205033,-4.861032967,1.724479148,123.921825,-18.33867645,50.65744219,73.21623706,9.946588774,14.37600815
1.8086291,24.37277233,-4.8331744,1.724921644,124.1292199,-18.23357755,50.36597572,73.71509848,9.889359333,14.47395959
1.809638633,24.42516467,-4.867372367,1.725224579,124.3960513,-18.3625924,50.7237673,73.62413825,9.959611709,14.45609954
1.810611033,24.45920733,-4.8388168,1.725737857,124.5694287,-18.254864,50.42500857,74.09627445,9.900950432,14.54880349
1.811616333,24.50925067,-4.8518324,1.726068239,124.8242967,-18.3039665,50.56118251,74.21496851,9.927688186,14.57210907
1.8126023,24.54994067,-4.834150333,1.726505434,125.0315287,-18.23725934,50.37618629,74.60719672,9.891364178,14.64912308
1.8136416,24.59427733,-4.836540833,1.72694678,125.257333,-18.24627771,50.40119657,74.80799069,9.896274947,14.68854897
1.8146009,24.63091433,-4.817283467,1.727411969,125.4439233,-18.1736276,50.19971899,75.19605855,9.856714824,14.7647461
1.815638533,24.679002,-4.8284491,1.72780106,125.6888312,-18.21575093,50.31653791,75.32414753,9.879652219,14.78989637
1.816604533,24.73282233,-4.841157267,1.728041203,125.9629352,-18.26369362,50.44949538,75.46529413,9.905758418,14.8176105
1.817634067,24.77440867,-4.836928033,1.728509875,126.1747322,-18.24773846,50.4052476,75.72133887,9.897070366,14.86788489
1.818625867,24.80734867,-4.795683533,1.729057424,126.3424938,-18.09213994,49.97373263,76.32061549,9.812342402,14.98555285
1.819665667,24.85635633,-4.800500067,1.729436274,126.5920873,-18.11031074,50.02412495,76.51981658,9.822236935,15.02466599
1.820654733,24.893219,-4.7989718,1.729928186,126.7798268,-18.10454521,50.00813567,76.72354544,9.819097439,15.06466815
1.821649967,24.94196567,-4.803864467,1.73026599,127.028091,-18.12300323,50.05932453,76.92062074,9.829148372,15.10336388
1.8226161,24.98489367,-4.805081867,1.730653167,127.246721,-18.12759598,50.07206141,77.12651385,9.831649258,15.143791
1.8236316,25.02647267,-4.797715833,1.731107905,127.4584806,-18.09980697,49.99499529,77.41533959,9.816517325,15.20050193
1.8246131,25.07068433,-4.7815129,1.731493137,127.6836482,-18.03867997,49.8254743,77.81002822,9.78323188,15.27799904
1.825642967,25.118336,-4.799549567,1.731880342,127.9263356,-18.10672489,50.01418048,77.86400942,9.820284336,15.28859825
1.826630733,25.159696,-4.795823567,1.7323103,128.1369799,-18.09266823,49.97519771,78.11363645,9.81263007,15.33761252
1.827687867,25.20334567,-4.766409733,1.732778745,128.3592853,-17.98170194,49.66745948,78.64368009,9.752205668,15.44168659
1.828641333,25.24207733,-4.758242933,1.73320985,128.5565436,-17.95089197,49.58201544,78.92638242,9.735428732,15.49719519
1.829651333,25.284606,-4.7481189,1.73364628,128.7731398,-17.91269816,49.47609412,79.24889996,9.71463108,15.56052151
1.830648733,25.32643767,-4.738273033,1.734079511,128.9861862,-17.87555375,49.37308308,79.56495743,9.694404863,15.62257939
1.8316404,25.364329,-4.7353722,1.73456015,129.1791648,-17.8646101,49.3427335,79.78828553,9.688445724,15.66642986
1.8326493,25.411307,-4.753455167,1.734935473,129.4184212,-17.93282969,49.53192408,79.83835138,9.725593294,15.67626029
1.8336545,25.46526833,-4.7668632,1.735212914,129.6932434,-17.98341268,49.67220381,79.97289382,9.753137218,15.7026777
1.834643333,25.50564,-4.734747067,1.735657269,129.8988541,-17.86225173,49.33619313,80.51451523,9.687161521,15.80902507
1.835622967,25.553329,-4.754257833,1.735993736,130.1417316,-17.93585782,49.54032188,80.553264,9.7272422,15.81663339
1.8366281,25.600757,-4.749667633,1.736359224,130.3832799,-17.91854089,49.49229753,80.8428366,9.71781262,15.87349097
1.837644467,25.62838467,-4.712983767,1.737002985,130.5239861,-17.78014776,49.10849757,81.36734279,9.642453497,15.97647776
1.838615233,25.68342333,-4.7556987,1.737231464,130.8042951,-17.94129362,49.55539675,81.20075258,9.730202151,15.94376777
1.839609167,25.73418167,-4.7501168,1.737540837,131.0628045,-17.92023541,49.49699688,81.51766191,9.718735337,16.00599292
1.840598633,25.78811967,-4.765971633,1.737802859,131.3375079,-17.98004917,49.66287591,81.62648621,9.751305686,16.02736057
1.841655967,25.82067667,-4.744823467,1.738421107,131.5033189,-17.90026584,49.4416161,82.01355708,9.707861321,16.10336193
1.842614567,25.88022033,-4.771424633,1.738576662,131.8065716,-18.00062109,49.71992719,82.03849869,9.762507703,16.10825922
1.843648767,25.91418267,-4.746060967,1.739152823,131.9795399,-17.90493442,49.45456327,82.47683094,9.710403498,16.19432575
1.844689933,25.94079467,-4.697635667,1.739835083,132.1150734,-17.7222457,48.94792016,83.11900754,9.610924123,16.32041713
1.845682467,25.99507,-4.722894333,1.740095623,132.3914948,-17.81753625,49.21218552,83.13116353,9.662812627,16.32280396
1.8466988,26.047083,-4.741875467,1.740410474,132.6563942,-17.88914425,49.41077305,83.19747542,9.701805288,16.3358243
1.847729367,26.093672,-4.721050433,1.74081271,132.8936695,-17.81057997,49.19289397,83.65262977,9.659024731,16.42519386
1.848703933,26.147469,-4.7621015,1.741061735,133.1676547,-17.96544875,49.62238517,83.4971238,9.743355328,16.39466026
1.849691733,26.18259067,-4.730507367,1.741575861,133.3465275,-17.84625709,49.29183585,84.00654589,9.678451969,16.49468528
1.850691767,26.230718,-4.732417433,1.741926817,133.5916374,-17.85346298,49.31181966,84.231672,9.68237579,16.5388888
1.8516848,26.27472233,-4.733242333,1.742326378,133.8157491,-17.85657499,49.32045006,84.4471533,9.68407037,16.58119855
1.8526608,26.31827067,-4.718788,1.742715056,134.0375384,-17.80204474,49.16922357,84.82016912,9.654377047,16.65444021
1.853674533,26.36471167,-4.7313897,1.743102455,134.2740599,-17.84958577,49.30106714,84.92484706,9.680264533,16.67499372
1.854674633,26.406168,-4.713234267,1.743543448,134.4851948,-17.78109279,49.11111839,85.32593069,9.642968095,16.75374649
1.855673967,26.44748333,-4.715924933,1.743985575,134.6956116,-17.79124357,49.13926912,85.50819673,9.648495492,16.78953443
1.8567001,26.49156833,-4.716742667,1.744417148,134.9201341,-17.79432854,49.14782455,85.72416384,9.650175349,16.83193957
1.857682433,26.53035733,-4.6773707,1.744876347,135.1176844,-17.64579432,48.7359007,86.33363798,9.569294102,16.95160982
1.858674033,26.578658,-4.693322033,1.745216532,135.3636771,-17.70597213,48.90278935,86.41274203,9.60206269,16.9671419
1.8596821,26.626592,-4.7251458,1.745578129,135.6078024,-17.82603011,49.23574119,86.32391548,9.667437782,16.94970081
1.8606921,26.66326333,-4.691434533,1.746093555,135.7945675,-17.69885137,48.88304164,86.86338016,9.598185226,17.05562469
1.861686967,26.71898133,-4.714671,1.746336972,136.0783363,-17.786513,49.12615001,86.90404056,9.645919555,17.06360836
1.8626537,26.75254067,-4.6834906,1.746851102,136.2492522,-17.66888218,48.79992932,87.40117714,9.581866122,17.16122113
1.863681233,26.78527,-4.6582389,1.747437225,136.4159409,-17.57361791,48.53573684,87.83205835,9.529991929,17.24582466
1.864691267,26.829897,-4.6621418,1.747845389,136.6432238,-17.58834195,48.5765704,88.01850771,9.538009599,17.28243399
1.865686333,26.87399667,-4.6559704,1.748245698,136.8678211,-17.5650598,48.51200297,88.30767237,9.525331783,17.33921147
1.8666899,26.92050633,-4.665203733,1.748622005,137.1046923,-17.59989336,48.60860546,88.44794111,9.544299683,17.36675324
1.867623467,26.954337,-4.6432894,1.749099308,137.2769901,-17.5172196,48.37932973,88.84951461,9.499281393,17.44560219
1.868684833,27.00281467,-4.631098567,1.749506873,137.5238842,-17.47122861,48.2517848,89.2239537,9.474237945,17.51912331
1.869686733,27.046173,-4.625974333,1.749924013,137.7447059,-17.45189698,48.1981732,89.49838696,9.463711308,17.57300828
1.8707108,27.09634133,-4.6482771,1.750271477,138.0002105,-17.53603614,48.43151286,89.52055192,9.509527551,17.57736037
1.8717285,27.142051,-4.630973333,1.750672706,138.2330074,-17.47075615,48.25047456,89.9343871,9.47398068,17.65861691
1.872685533,27.195779,-4.6636585,1.750905127,138.5066412,-17.59406383,48.59243867,89.86605681,9.541125333,17.64520025
1.8736871,27.23398267,-4.652885433,1.751391454,138.7012104,-17.55342149,48.47972693,90.17333777,9.518994382,17.70553487
1.874711367,27.27051367,-4.627271833,1.751923039,138.8872608,-17.45679192,48.21174812,90.627367,9.466376743,17.79468351
1.875687067,27.31794333,-4.6161863,1.752259071,139.1288176,-17.41497076,48.09576723,90.98490463,9.443603896,17.86488602
1.8766842,27.35754833,-4.6178139,1.752722065,139.3305237,-17.42111103,48.11279578,91.16958222,9.446947451,17.90114747
1.877696967,27.40648667,-4.622654767,1.753074816,139.579764,-17.43937362,48.16344269,91.36817562,9.456891971,17.94014128
1.878721167,27.44677967,-4.623426433,1.753555598,139.7849741,-17.44228481,48.17151614,91.56531224,9.458477195,17.97884906
1.8797044,27.496647,-4.6307869,1.753866287,140.0389458,-17.47005282,48.24852403,91.74227601,9.473597692,18.01359589
1.880680867,27.52973367,-4.609767767,1.754396525,140.2074544,-17.39075628,48.0286142,92.13069445,9.430418398,18.08986186
1.881690633,27.582432,-4.625026533,1.754695567,140.4758442,-17.44832132,48.18825697,92.23944146,9.461764257,18.11121433
1.882696267,27.634378,-4.6328888,1.755000622,140.7404023,-17.47798242,48.27051487,92.42174175,9.477915594,18.14700899
1.883699533,27.68546033,-4.641615533,1.755314958,141.0005619,-17.51090479,48.36181713,92.59059907,9.495842793,18.18016413
1.884691133,27.71635433,-4.604272533,1.755889901,141.1579034,-17.37002502,47.97112107,93.13863661,9.419129622,18.2877713
1.8857471,27.76190833,-4.612680433,1.756331496,141.3899075,-17.40174457,48.05908758,93.28267417,9.436401846,18.31605307
1.886705667,27.79171233,-4.566408967,1.756888106,141.5416976,-17.22718137,47.57497865,93.91857327,9.341347058,18.44091186
1.887686667,27.84131633,-4.606982067,1.757200114,141.7943282,-17.38024698,47.99946919,93.74671324,9.424695776,18.40716714
1.888674633,27.87519033,-4.572251667,1.757731233,141.9668466,-17.24922348,47.63610711,94.28259379,9.35334963,18.51238729
1.889672733,27.93867133,-4.613381233,1.757873186,142.2901519,-17.4043884,48.0664196,94.17558661,9.437841489,18.49137643
1.890658433,27.97278667,-4.567783067,1.758398784,142.4638995,-17.23236529,47.58935499,94.82639879,9.344169852,18.6191634
1.891663167,28.02535433,-4.594433133,1.758694555,142.7316238,-17.33290502,47.86817768,94.81530039,9.398916688,18.61698423
1.892703367,28.06851367,-4.5926078,1.759152679,142.951432,-17.32601879,47.84908038,95.05420586,9.395166933,18.66389332
1.8936815,28.10761467,-4.585825767,1.75960347,143.1505713,-17.30043297,47.77812428,95.32430125,9.381234703,18.71692655
1.894679733,28.15302467,-4.579638333,1.759989274,143.3818419,-17.27709033,47.7133891,95.62030712,9.36852395,18.7750473
1.8956703,28.191667,-4.5673313,1.760458684,143.5786453,-17.23066096,47.58462844,95.94587111,9.343241794,18.83897179
1.896655367,28.24235467,-4.564928233,1.760760143,143.8367948,-17.22159518,47.55948668,96.22916243,9.33830521,18.89459604
1.8976675,28.28624133,-4.574025767,1.761180392,144.0603073,-17.25591642,47.65466839,96.35749316,9.356994138,18.91979378
1.898700233,28.32268867,-4.566046533,1.761721572,144.2459316,-17.22581406,47.57118674,96.62659912,9.340602517,18.97263274
1.899726033,28.36835767,-4.547150433,1.76213145,144.4785213,-17.15452685,47.37348887,97.05688676,9.301784539,19.05711971
1.900704633,28.422476,-4.572465733,1.762380174,144.7541431,-17.25003106,47.63834675,97.06765064,9.353789384,19.0592332
1.9016626,28.45494767,-4.5274393,1.762900206,144.9195196,-17.08016486,47.16726381,97.70411003,9.26129225,19.184202
1.902683467,28.50278733,-4.543189033,1.763275875,145.1631644,-17.13958212,47.33204326,97.78297543,9.293646694,19.19968723
1.9036819,28.53841133,-4.516979667,1.763793859,145.3445955,-17.04070497,47.05783132,98.23861849,9.23980518,19.28915274
1.9046972,28.58496633,-4.516740967,1.764181287,145.5816976,-17.03980445,47.05533396,98.47821797,9.239314822,19.3361981
1.9056876,28.621556,-4.5117752,1.764678215,145.7680469,-17.02107066,47.0033803,98.71652083,9.229113721,19.38298887
1.906634133,28.67894567,-4.535369867,1.764850753,146.0603293,-17.11008363,47.25023629,98.76194733,9.277583895,19.39190836
1.907660533,28.71204733,-4.508047733,1.765430722,146.2289144,-17.00700846,46.96438218,99.21638644,9.221456442,19.48113748
1.908684,28.74417867,-4.4729449,1.766020844,146.3925575,-16.87457992,46.59712356,99.74728822,9.149345212,19.58538004
1.909698533,28.80407333,-4.502676833,1.766227598,146.6975978,-16.98674627,46.90818987,99.74126223,9.210423082,19.58419684
1.910664267,28.85452733,-4.502716233,1.766512875,146.9545573,-16.98689491,46.90860209,99.99780952,9.210504021,19.6345699
1.911655633,28.89804333,-4.496952233,1.766917356,147.176182,-16.96514971,46.84829702,100.2797392,9.198663121,19.6899268
1.912654767,28.945811,-4.5152653,1.767272262,147.4194601,-17.03423737,47.03989499,100.3314194,9.236283382,19.7000742
1.913690267,28.983837,-4.497392333,1.767794918,147.6131245,-16.96681003,46.85290151,100.7120773,9.199567212,19.77481638
1.9146786,29.031326,-4.5035858,1.768142783,147.8549834,-16.99017543,46.91769981,100.8891379,9.212290358,19.80958223
1.915697333,29.063745,-4.478327933,1.768724292,148.0200917,-16.89488789,46.65344282,101.3185031,9.160403497,19.89388809
1.9166646,29.10549,-4.487296733,1.769128558,148.2326967,-16.92872348,46.74727767,101.4372733,9.17882797,19.91720862
1.917666733,29.150086,-4.483830467,1.76952924,148.4598217,-16.91564668,46.71101233,101.7006637,9.17170727,19.96892532
1.918642733,29.19760533,-4.4678205,1.769864363,148.7018352,-16.85524767,46.54351023,102.1101792,9.138818233,20.04933369
1.919634967,29.246117,-4.497868867,1.770202335,148.9489025,-16.96860779,46.85788718,102.0428696,9.200546147,20.03611744
1.9206828,29.28542233,-4.4840258,1.770720071,149.1490824,-16.9163836,46.71305597,102.3878807,9.17210854,20.10386038
1.921669,29.33210533,-4.473863133,1.771076673,149.3868364,-16.87804404,46.60673046,102.7319603,9.151231525,20.1714204
1.9227007,29.37572333,-4.4625006,1.771520111,149.6089806,-16.83517788,46.4878515,103.0729833,9.127889641,20.23838028
1.9237107,29.41497133,-4.445951967,1.772000787,149.8088685,-16.7727467,46.31471367,103.4460091,9.093894029,20.31162389
1.924667367,29.44168733,-4.3959864,1.772597143,149.9449317,-16.58424718,45.79195572,104.1048302,8.991250506,20.44098341
1.9256473,29.50384733,-4.4459664,1.772738746,150.2615092,-16.77280115,46.31486468,103.8984988,9.093923679,20.40047024
1.9266755,29.542887,-4.440681467,1.773240431,150.4603361,-16.75286327,46.25957178,104.1526186,9.083066919,20.45036667
1.927674067,29.58580967,-4.434272467,1.773660114,150.678939,-16.72868475,46.19251849,104.4382748,9.069901005,20.50645525
1.9286759,29.627063,-4.430050367,1.774105577,150.88904,-16.7127565,46.14834534,104.6925489,9.061227608,20.55638198
1.929685833,29.67197467,-4.435202767,1.774509802,151.1177727,-16.73219439,46.20225163,104.8673753,9.071812107,20.59070915
1.930702133,29.719778,-4.425082533,1.774881394,151.3612325,-16.69401491,46.09637006,105.2167167,9.051022262,20.65930233
1.9316353,29.75475667,-4.407026933,1.775342815,151.539377,-16.62589857,45.9074658,105.5837654,9.01393091,20.73137234
1.9326587,29.79908367,-4.416178267,1.775768392,151.765132,-16.66042278,46.00321038,105.7137759,9.032730359,20.75689989
1.933676933,29.84400367,-4.404802333,1.776180804,151.9939071,-16.61750607,45.88419123,106.0615702,9.009360947,20.82518931
1.934682367,29.88787433,-4.402541467,1.776594568,152.2173381,-16.60897675,45.86053722,106.3086551,9.004716483,20.87370444
1.935673233,29.92694033,-4.386731767,1.777058565,152.4162991,-16.54933326,45.69513038,106.673023,8.97223885,20.94524807
1.936658367,29.97682567,-4.407525367,1.777370911,152.6703624,-16.62777895,45.91268059,106.7095361,9.014954834,20.95241742
1.937659933,30.01924833,-4.394759967,1.777800337,152.8864188,-16.57962035,45.77912433,107.0591488,8.988731062,21.02106386
1.938671233,30.062972,-4.389657333,1.778221951,153.1091011,-16.56037022,45.72573872,107.3352166,8.978248798,21.07526979
1.939657233,30.117795,-4.428737,1.778468571,153.3883117,-16.70780171,46.13460442,107.2055615,9.058529578,21.04981201
1.940666033,30.14435567,-4.368838,1.779119157,153.5235837,-16.48182744,45.50791928,107.9675187,8.935479951,21.1994223
1.9416766,30.19532267,-4.387669067,1.779442348,153.7831559,-16.5528693,45.70493675,108.0300734,8.974164332,21.21170492
1.9426566,30.23580033,-4.370510567,1.77987644,153.9893065,-16.48813735,45.52541828,108.4157425,8.93891588,21.28743104
1.943674467,30.27419533,-4.348998533,1.780376486,154.1848502,-16.4069813,45.30035156,108.8363529,8.894724028,21.37001789
1.944635967,30.32617967,-4.381464967,1.78063689,154.4496036,-16.52946379,45.6400272,108.7614307,8.961419341,21.35530691
1.945659867,30.36362033,-4.364174367,1.78115584,154.6402869,-16.46423347,45.45912665,109.1330145,8.925899518,21.4282674
1.946652433,30.39102867,-4.321966467,1.78177876,154.7798761,-16.30500044,45.01753224,109.7141981,8.839192455,21.5423828
1.947652667,30.44374067,-4.332856967,1.782068084,155.0483355,-16.34608581,45.13147261,109.8687171,8.861564647,21.57272261
1.948671233,30.48759733,-4.328492633,1.782495171,155.2716951,-16.32962098,45.08581137,110.137738,8.852599062,21.62554486
1.949687533,30.545267,-4.366464933,1.782733699,155.5654036,-16.47287484,45.48309139,110.0341665,8.930604995,21.60520859
1.950681967,30.58023267,-4.3261021,1.783256562,155.7434819,-16.32060248,45.06080074,110.6345354,8.847688225,21.72309103
1.951669333,30.636639,-4.360147633,1.783483195,156.0307563,-16.44904227,45.4169975,110.5656131,8.917627459,21.70955813
1.952686167,30.67932633,-4.370387067,1.783924319,156.2481606,-16.48767143,45.52412618,110.6758887,8.938662175,21.73121074
1.9537025,30.703045,-4.296642933,1.784620766,156.3689585,-16.20946517,44.75258821,111.5682246,8.787170695,21.90642089
1.954622767,30.761408,-4.3458643,1.784753911,156.6661981,-16.39515713,45.26756007,111.3504923,8.888285419,21.86366917
1.955177833,30.788114,-4.3439949,1.784948803,156.8022103,-16.38810465,45.24800172,111.5060629,8.884445139,21.89421545
1.955384133,30.79631867,-4.342446,1.785044449,156.8439963,-16.38226129,45.23179657,111.564054,8.881263256,21.905602
1.955171133,30.77194333,-4.3196826,1.785160191,156.719854,-16.29638435,44.99363759,111.6780707,8.834500741,21.92798918
1.954413067,30.75108667,-4.338683433,1.784683411,156.6136321,-16.36806667,45.19243123,111.3730552,8.873533871,21.86809938
1.953674333,30.701308,-4.315805133,1.784616026,156.360112,-16.28175627,44.95307012,111.3588962,8.826535319,21.86531927
1.951650467,30.59701133,-4.320727333,1.783998774,155.8289347,-16.3003257,45.00456797,110.776221,8.836646921,21.750911
1.950685,30.54509167,-4.316694567,1.78373353,155.5645107,-16.28511173,44.9623757,110.5539892,8.828362469,21.70727578
1.949693867,30.48688067,-4.302694967,1.783527469,155.2680452,-16.232297,44.81590679,110.4039926,8.799603298,21.67782396
1.948684667,30.43595767,-4.318224567,1.783205051,155.0086971,-16.29088379,44.97838312,109.9821682,8.831505525,21.59499873
1.9476341,30.38618733,-4.312316067,1.78282572,154.7552194,-16.26859345,44.91656624,109.7905075,8.819367781,21.55736614
1.946642433,30.332431,-4.313447167,1.782559047,154.4814413,-16.27286063,44.92840022,109.5048954,8.821691383,21.5012862
1.945659167,30.28591767,-4.337406967,1.78220309,154.2445514,-16.36325109,45.17907637,109.0173293,8.870911645,21.40555261
1.9446796,30.22885133,-4.3064424,1.781993158,153.9539156,-16.24643453,44.8551138,109.0506561,8.807301595,21.41209633
1.943699267,30.16869533,-4.317227867,1.781824129,153.6475444,-16.28712365,44.96795528,108.6314433,8.829458019,21.3297839
1.942674567,30.12856033,-4.354441667,1.781340716,153.443139,-16.427516,45.3572996,108.0376936,8.905905776,21.21320114
1.941661833,30.05657133,-4.264936933,1.781298875,153.0765028,-16.08985149,44.4208685,108.6074886,8.72203753,21.32508039
1.940653367,30.02153967,-4.3479729,1.780762868,152.8980884,-16.40311201,45.28962101,107.5603217,8.892617085,21.11946917
1.939671967,29.95953267,-4.296140333,1.780617736,152.5822901,-16.20756907,44.74732983,107.7868146,8.786138212,21.16394104
1.9386828,29.92572933,-4.346824333,1.780084464,152.4101316,-16.39877894,45.27760429,107.0843816,8.890257602,21.02601832
1.937656767,29.869198,-4.3248442,1.77982085,152.1222205,-16.31585694,45.04764013,107.0264347,8.84510414,21.01464045
1.9366716,29.82109333,-4.344888833,1.779484455,151.877226,-16.39147709,45.25735438,106.5717259,8.886281533,20.92535839
1.935700433,29.767312,-4.3441178,1.779238619,151.6033206,-16.3885683,45.24928755,106.3058873,8.88469761,20.87316098
1.9346668,29.71659033,-4.365485033,1.778889052,151.3449979,-16.46917808,45.47283932,105.8240128,8.928592001,20.77854492
1.933669067,29.65069267,-4.323384767,1.778780058,151.0093846,-16.3103511,45.03237101,105.9288679,8.842106047,20.79913321
1.932631533,29.61442733,-4.341300967,1.778231623,150.8246872,-16.37794155,45.21981681,105.5567247,8.878911031,20.72606289
1.9316587,29.55208167,-4.3190988,1.778099625,150.5071641,-16.29418191,44.98752966,105.4714887,8.833301449,20.7093268
1.9306998,29.51277867,-4.337766167,1.777670792,150.306996,-16.3646062,45.18283445,105.0760158,8.871649544,20.63167571
1.929698633,29.460879,-4.340132533,1.777369579,150.0426738,-16.37353353,45.20759224,104.7869358,8.876510736,20.57491485
1.928676633,29.40709567,-4.338100733,1.777072936,149.7687582,-16.36586839,45.18633481,104.5342776,8.872336839,20.52530541
1.9276628,29.35227867,-4.333916333,1.776798402,149.4895781,-16.35008237,45.14255609,104.2988763,8.863740889,20.47908436
1.926642067,29.31673433,-4.3857735,1.776257043,149.3085528,-16.54571811,45.68510465,103.5753024,8.970270297,20.33701062
1.925665567,29.265498,-4.3696704,1.77597155,149.0476089,-16.48496774,45.51662815,103.482835,8.937189938,20.31885465
1.924654267,29.208091,-4.357788067,1.775734479,148.7552381,-16.44014059,45.39231086,103.3147815,8.912780236,20.28585735
1.92368,29.15358333,-4.3842683,1.775495339,148.4776335,-16.54003961,45.6693567,102.7601311,8.967178187,20.17695173
1.9226886,29.092316,-4.3268994,1.775330232,148.1656022,-16.32361037,45.06914238,103.0483141,8.849326106,20.23353648
1.921666567,29.04897133,-4.3746891,1.774892773,147.9448502,-16.50390123,45.56913562,102.3275688,8.947499779,20.09201814
1.9206664,28.99501733,-4.3481676,1.774620266,147.6700654,-16.40384653,45.29165803,102.3302616,8.893017054,20.09254687
1.919661867,28.945064,-4.356064633,1.774289437,147.4156557,-16.43363879,45.37427967,101.9932303,8.909239813,20.02637077
1.918668133,28.904487,-4.407187767,1.773842952,147.2089992,-16.62650533,45.9091485,101.251705,9.014261308,19.88077228
1.917651333,28.84513567,-4.3732141,1.773626604,146.9067261,-16.49833667,45.55370363,101.3048767,8.944469708,19.89121255
1.9167201,28.78869633,-4.3477745,1.773456549,146.6192836,-16.40236353,45.28754528,101.2835926,8.892209515,19.88703341
1.9156804,28.73478,-4.338875633,1.773144,146.3446906,-16.36879177,45.19444209,101.1021028,8.873928705,19.85139788
1.914672,28.68809567,-4.366575867,1.772765216,146.1069298,-16.47329334,45.48425202,100.5745321,8.930832884,19.74780937
1.913649967,28.64414667,-4.378582,1.772335909,145.8830999,-16.51858754,45.60986455,100.2250896,8.955496905,19.67919635
1.912701167,28.58944333,-4.3860642,1.772124874,145.6044988,-16.5468148,45.68814605,99.86820699,8.970867478,19.60912244
1.911660567,28.54204967,-4.389153333,1.771723457,145.3631254,-16.55846883,45.72046569,99.59451395,8.977213439,19.55538281
1.9106697,28.48544233,-4.382127767,1.771496034,145.0748273,-16.53196426,45.64696166,99.37971988,8.962780921,19.513208
1.909666333,28.43842067,-4.3938724,1.771126833,144.8353484,-16.57627193,45.76983829,99.01736443,8.986907747,19.44205951
1.908658267,28.38685867,-4.3911357,1.770814166,144.5727459,-16.56594749,45.74120593,98.78339429,8.981285785,19.39611947
1.907671267,28.33324567,-4.383231667,1.770550227,144.2996978,-16.53612882,45.65851106,98.59304103,8.965048647,19.35874361
1.906694633,28.284445,-4.400187367,1.770231752,144.0511586,-16.6000957,45.83590777,98.16710515,8.99988049,19.2751111
1.905707267,28.240951,-4.4028511,1.769830974,143.829646,-16.61014487,45.86377671,97.9177236,9.005352558,19.22614503
1.904679067,28.17837367,-4.361542867,1.769646734,143.510943,-16.45430591,45.43159494,98.03120238,8.920493666,19.24842659
1.903669867,28.145326,-4.430432,1.769083237,143.3426331,-16.71419625,46.15233813,97.1421492,9.062011592,19.073861
1.902687133,28.08944,-4.403769333,1.768854219,143.0580087,-16.61360898,45.8733836,97.13647933,9.007238871,19.07274772
1.9016736,28.03895833,-4.390738167,1.768521515,142.8009082,-16.56444776,45.7370468,97.01571572,8.980469138,19.04903578
1.900680533,27.989444,-4.3991723,1.768196232,142.5487344,-16.59626627,45.82528777,96.67530091,8.997795253,18.98219533
1.899671133,27.94557733,-4.419031633,1.767778447,142.3253238,-16.67118736,46.03306334,96.24411476,9.038591987,18.89753193
1.8986609,27.887258,-4.395399433,1.767554747,142.0283066,-16.5820328,45.78581466,96.19434621,8.990044709,18.88775988
1.897658367,27.840563,-4.416462267,1.767181974,141.7904915,-16.6614942,46.00618169,95.73616405,9.033313776,18.79779581
1.896674133,27.79137233,-4.4309316,1.766861158,141.539966,-16.71608104,46.15756513,95.3342552,9.063037913,18.71888101
1.895669567,27.74479233,-4.420991567,1.766484801,141.3027366,-16.67858138,46.05356888,95.20102201,9.042618249,18.69272067
1.894675833,27.69417733,-4.435032833,1.766173695,141.0449571,-16.7315533,46.20047372,94.79633769,9.071463015,18.6132609
1.893662133,27.64046033,-4.427503267,1.765884458,140.7713793,-16.70314734,46.12169665,94.60153696,9.055995138,18.57501178
1.892687133,27.59487367,-4.446475467,1.76552427,140.5392089,-16.77472165,46.32019072,94.17087245,9.094969447,18.49045081
1.891691967,27.550433,-4.4684178,1.76512846,140.312875,-16.85750104,46.5497594,93.71496985,9.140045257,18.40093433
1.890677733,27.49364933,-4.439872433,1.764880049,140.0236788,-16.74981112,46.25110738,93.7244257,9.081404934,18.40279099
1.889678533,27.452454,-4.446945967,1.764436437,139.8138732,-16.77649665,46.32511326,93.4406142,9.095935989,18.3470646
1.8886679,27.399126,-4.466158867,1.764145021,139.5422765,-16.84897901,46.52612561,92.96800521,9.135404764,18.25426782
1.887660467,27.346634,-4.461169233,1.763845529,139.2749376,-16.83015518,46.47392225,92.75286963,9.125154634,18.21202595
1.886744433,27.29754333,-4.456665167,1.763591566,139.0249215,-16.81316319,46.42679907,92.54997669,9.115901997,18.17218792
1.885706467,27.26132233,-4.501128833,1.763042099,138.8404499,-16.9809063,46.89199413,91.90031002,9.207243048,18.04462587
1.8847131,27.190097,-4.444646867,1.763009325,138.4777031,-16.76782309,46.30105924,92.12849812,9.091212982,18.08943061
1.883649167,27.15700967,-4.503413533,1.76239163,138.3091911,-16.98952553,46.9158975,91.34514785,9.211936474,17.93561978
1.8827115,27.106907,-4.500909367,1.762129681,138.0540209,-16.98007834,46.88969799,91.11617716,9.206792201,17.89066139
1.881670533,27.04844533,-4.473593067,1.761877167,137.7562788,-16.87702519,46.60390492,91.10422811,9.150676731,17.88831519
1.8806639,27.00130933,-4.4768842,1.761506241,137.5162176,-16.88944128,46.63833795,90.82973396,9.157437657,17.83441826
1.8796854,26.93908633,-4.454516567,1.761366922,137.1993192,-16.80505741,46.40431963,90.74685388,9.11148816,17.81814476
1.878721733,26.88558567,-4.448836333,1.761124801,136.9268432,-16.78362822,46.34489096,90.53380653,9.099819341,17.77631291
1.877722233,26.84266,-4.476669633,1.760704225,136.7082251,-16.88863181,46.63609308,90.0239863,9.156996876,17.67620971
1.8766786,26.78825067,-4.459284467,1.760394393,136.4311213,-16.82304473,46.45420314,89.92877243,9.121282786,17.65751447
1.875708767,26.743297,-4.481694867,1.760030834,136.2021747,-16.90758994,46.6886689,89.46536006,9.167320139,17.56652345
1.874694767,26.69304967,-4.480172467,1.759694503,135.9462677,-16.90184656,46.672741,89.225381,9.164192695,17.51940356
1.873648733,26.63881567,-4.467956867,1.759379906,135.6700569,-16.85576213,46.54493694,89.0769742,9.139098369,17.49026388
1.8726999,26.597889,-4.5027383,1.758983037,135.4616196,-16.98697816,46.90883296,88.50464087,9.210549352,17.37788624
1.871687867,26.55016,-4.5061803,1.758614709,135.2185383,-16.99996341,46.94484442,88.22554818,9.217620201,17.32308639
1.870676533,26.50408867,-4.5071255,1.758224724,134.9838995,-17.00352926,46.95473344,87.98102033,9.219561912,17.27507334
1.869687167,26.45219167,-4.509419433,1.757935275,134.7195909,-17.01218332,46.97873341,87.69271173,9.224274305,17.21846395
1.8686531,26.39840333,-4.493766633,1.757626634,134.4456498,-16.95313175,46.81496812,87.58253593,9.19211899,17.19683093
1.867694,26.352032,-4.510241333,1.757292928,134.2094831,-17.01528401,46.98733243,87.17400491,9.225962722,17.11661586
1.8666482,26.29649267,-4.488896533,1.756996169,133.9266242,-16.93475887,46.76401536,87.11446314,9.182114416,17.10492484
1.865648867,26.24551,-4.498769267,1.756684422,133.6669722,-16.97200463,46.86730749,86.75151903,9.202395825,17.03366076
1.864696467,26.19890467,-4.5203174,1.756360572,133.4296138,-17.05329686,47.0927519,86.28871616,9.246661836,16.94278942
1.863666767,26.156455,-4.518626533,1.755903377,133.2134199,-17.04691792,47.07506144,86.09021275,9.243188314,16.90381327
1.8626709,26.11255367,-4.526576833,1.755499593,132.9898328,-17.07691113,47.15824037,85.78344668,9.259520497,16.84357976
1.861671767,26.055467,-4.513490167,1.755270368,132.6990935,-17.02754052,47.0213229,85.62962483,9.232636752,16.81337683
1.860685167,26.00504867,-4.5049097,1.754963744,132.4423156,-16.99516996,46.93155094,85.46261893,9.215010027,16.78058523
1.859667533,25.95424333,-4.5051932,1.754631305,132.1835668,-16.99623948,46.93451702,85.20090402,9.215592416,16.7291975
1.858710933,25.91028033,-4.537544733,1.754267619,131.9596656,-17.1182885,47.27299054,84.6385293,9.282051692,16.61877523
1.8576955,25.86386233,-4.5428651,1.75387821,131.7232612,-17.13836006,47.32865415,84.34646131,9.292981242,16.56142768
1.856690633,25.80783467,-4.516371567,1.75362897,131.4379153,-17.03841086,47.05146916,84.3383004,9.238555969,16.55982528
1.855689567,25.75862267,-4.533010167,1.753291609,131.1872812,-17.10118145,47.22554825,83.91358724,9.272736399,16.47643285
1.8547033,25.69996767,-4.5149506,1.753096403,130.8885545,-17.03305014,47.03660249,83.80380624,9.235636899,16.45487735
1.853663367,25.66057667,-4.5354034,1.752587723,130.6879382,-17.11021013,47.25058713,83.38920535,9.277652782,16.37347047
1.8526813,25.60889133,-4.525571833,1.752302719,130.4247076,-17.07311968,47.1477257,83.22883616,9.257455941,16.34198198
1.851683333,25.562544,-4.526170867,1.751929823,130.1886631,-17.07537959,47.153993,82.98652437,9.258686526,16.29440406
1.850709667,25.52220433,-4.562554667,1.751500204,129.9832153,-17.21264069,47.53465356,82.40041606,9.333429227,16.17932169
1.849669567,25.471271,-4.5471226,1.751147025,129.7238146,-17.15442185,47.37319766,82.30247123,9.301727361,16.16009023
1.848686767,25.430013,-4.5657894,1.750720658,129.5136898,-17.224844,47.56849652,81.89704759,9.340074292,16.0804853
1.847721433,25.37781533,-4.5565036,1.750459297,129.2478499,-17.1898125,47.4713451,81.7283591,9.32099861,16.04736331
1.8466828,25.32420933,-4.5411383,1.75014363,128.9748375,-17.13184555,47.31058774,81.61610399,9.289433902,16.02532202
1.845694133,25.27185,-4.5381969,1.749861116,128.7081742,-17.12074886,47.27981374,81.38021471,9.283391428,15.97900516
1.844653767,25.231975,-4.578339233,1.749358531,128.5050929,-17.27218936,47.69979744,80.75714978,9.365855228,15.85666636
1.843628033,25.17301433,-4.562047333,1.74912798,128.2048094,-17.21072673,47.52934566,80.62731806,9.33238702,15.8311739
1.842643467,25.13246967,-4.596637267,1.748690226,127.9983176,-17.34122031,47.89123813,80.05893377,9.403444607,15.71957165
1.841630067,25.07482,-4.557927133,1.748454328,127.704711,-17.19518291,47.48623862,80.17032663,9.323922954,15.74144363
1.840619167,25.02504267,-4.557320133,1.748114758,127.4511977,-17.19289295,47.47988797,79.923164,9.322676003,15.69291325
1.8396269,24.96985233,-4.536224667,1.747866825,127.1701163,-17.11330843,47.25917952,79.86279105,9.279339898,15.68105902
1.8385901,24.92487367,-4.5410334,1.747436637,126.9410424,-17.13144981,47.30949024,79.58340639,9.289218408,15.62620185
1.837626767,24.88088233,-4.5614581,1.7470666,126.7169969,-17.20850379,47.52318088,79.14567025,9.331176566,15.54025235
1.8366309,24.83811267,-4.589588467,1.746647554,126.4991732,-17.31462809,47.81749102,78.6335365,9.388964362,15.43969489
1.835639233,24.77682633,-4.542805667,1.746482436,126.1870452,-17.13813584,47.32803234,78.81086718,9.292859149,15.47451377
1.834633667,24.750126,-4.6174148,1.745836967,126.0510619,-17.41960539,48.10862025,77.89429591,9.446127586,15.294545
1.833678233,24.68750533,-4.5531977,1.745726078,125.7321382,-17.1773407,47.43675757,78.24723489,9.314207349,15.36384457
1.832636167,24.635129,-4.5595161,1.745390394,125.4653883,-17.20117742,47.50286297,77.91437964,9.327187145,15.29848844
1.831638167,24.58717933,-4.5738484,1.745039075,125.2211833,-17.25524729,47.65281271,77.52022482,9.356629776,15.22109614
1.8306103,24.545426,-4.608844467,1.744574321,125.0085358,-17.38727305,48.0189543,76.94143575,9.428521677,15.10745091
1.8296233,24.48769133,-4.5829854,1.74436597,124.7144962,-17.28971743,47.74840733,76.91794317,9.37539978,15.10283814
1.8286615,24.43619033,-4.561547433,1.744098746,124.4522044,-17.20884081,47.52411552,76.87994315,9.331360082,15.09537684
1.827649667,24.395524,-4.582129,1.743635366,124.2450929,-17.28648659,47.73944736,76.45749986,9.37364049,15.0124301
1.826638233,24.34952033,-4.6119051,1.743244369,124.0107987,-17.39881956,48.05097576,75.91167726,9.434809091,14.90525783
1.825634567,24.293292,-4.577371933,1.742999035,123.7244309,-17.26854013,47.6896772,75.98660794,9.363868118,14.91997047
1.8246193,24.247874,-4.5866653,1.742596306,123.4931194,-17.30360018,47.78690779,75.65806592,9.382959344,14.85546124
1.823628767,24.202722,-4.592144633,1.742214723,123.2631627,-17.32427145,47.84423456,75.37078243,9.394215457,14.79905313
1.8226263,24.14951233,-4.595969367,1.741929877,122.9921687,-17.33870059,47.88425032,75.0597727,9.40207255,14.73798637
1.821639433,24.10333167,-4.596755367,1.741565834,122.7569731,-17.34166585,47.89247374,74.81635363,9.403687218,14.69019104
1.820643567,24.05693567,-4.579811433,1.741195694,122.5206808,-17.27774336,47.71520014,74.75733489,9.368879547,14.67860271
1.819648633,24.02208,-4.6419196,1.740670848,122.3431627,-17.51205191,48.36499839,73.93001861,9.496467433,14.51615915
1.818637533,23.96848867,-4.621532733,1.740382516,122.0702249,-17.43514065,48.15170356,73.87037565,9.454586995,14.50444826
1.8176322,23.92659833,-4.6315128,1.739942144,121.8568797,-17.47279134,48.25611866,73.55261534,9.475088898,14.44205602
1.816616467,23.87917467,-4.644654267,1.739565998,121.6153535,-17.52236868,48.39360946,73.17359835,9.502085218,14.36763604
1.815636633,23.830001,-4.629535833,1.739249353,121.3649147,-17.46533306,48.23543491,73.08133406,9.471027645,14.34951994
1.8146233,23.77585833,-4.6305836,1.738966224,121.089169,-17.46928585,48.24639703,72.79462625,9.473180056,14.29322486
1.813655033,23.728009,-4.630471067,1.738643285,120.8454749,-17.46886131,48.24521966,72.55210953,9.472948881,14.24560671
1.8126136,23.662683,-4.586357933,1.738482882,120.5127731,-17.30244061,47.783692,72.68093538,9.382327925,14.27090166
1.8116086,23.62293233,-4.620471467,1.738013986,120.3103251,-17.43113693,48.14060021,72.12157917,9.452406851,14.16107207
1.810622767,23.57524667,-4.6137371,1.737671273,120.0674646,-17.40573094,48.07014281,71.94917602,9.438572541,14.12722071
1.809627733,23.527705,-4.627354,1.737317419,119.8253374,-17.4571019,48.21260778,71.56458391,9.466545537,14.05170605
1.808618033,23.48182167,-4.637724733,1.736926532,119.5916561,-17.49622641,48.32111016,71.22240017,9.487849981,13.98451827
1.807641767,23.423439,-4.6277895,1.736737653,119.2943163,-17.45874486,48.21716414,71.02900641,9.467440178,13.94654541
1.806682033,23.38782033,-4.673714467,1.736258296,119.1129123,-17.63200086,48.69764785,70.36711874,9.561783156,13.81658376
1.805659333,23.338964,-4.6528282,1.735894506,118.8640896,-17.55320557,48.47912813,70.33681578,9.518876808,13.81063378
1.804630033,23.29617733,-4.6741619,1.735442255,118.6461794,-17.63368884,48.70232906,69.89570465,9.562702312,13.72402161
1.803646733,23.249474,-4.677651567,1.735088827,118.4083219,-17.64685391,48.73883923,69.62133692,9.569871082,13.6701495
1.802638433,23.186539,-4.6171355,1.734929311,118.0877973,-17.4185517,48.10569811,69.93395347,9.445553824,13.73153176
1.8016324,23.14356033,-4.6681827,1.734502916,117.8689093,-17.61113178,48.6397725,69.18099104,9.55041933,13.58368759
1.8006441,23.110134,-4.7031846,1.733965426,117.6986707,-17.74317954,49.00597512,68.6445499,9.622323214,13.47835737
1.799633433,23.055055,-4.664341767,1.733697592,117.4181564,-17.59664152,48.59958725,68.77042337,9.542528957,13.50307263
1.798657333,23.00224333,-4.646074633,1.733433745,117.1491894,-17.52772714,48.40846986,68.69257379,9.505003056,13.48778686
1.797641767,22.953926,-4.642900467,1.733069818,116.9031118,-17.51575232,48.37526057,68.4797055,9.498482413,13.44599017
1.796648867,22.91198333,-4.6739909,1.732642585,116.6895,-17.63304372,48.70054,67.94081432,9.562351029,13.34017889
1.7956385,22.863205,-4.657643333,1.732290075,116.4410746,-17.57137108,48.52950581,67.86342308,9.528768465,13.32498312
1.794632567,22.81786367,-4.666605967,1.731895645,116.2101536,-17.60518341,48.62327614,67.53873177,9.54718027,13.26122998
1.793618433,22.77625367,-4.7059199,1.731442692,115.9982361,-17.7534987,49.03459282,66.9154976,9.6279423,13.13885795
1.792641333,22.72096,-4.670981433,1.731211319,115.7166285,-17.62169025,48.66905386,66.99942888,9.556168726,13.15533786
1.791622133,22.67428933,-4.672614733,1.730821551,115.4789373,-17.62785201,48.68614204,66.7446495,9.55952399,13.10531193
1.790678033,22.62426567,-4.681281233,1.730552104,115.2241694,-17.66054715,48.77681412,66.39920958,9.577327453,13.0374848
1.789638,22.57865833,-4.6724434,1.730127161,114.9918937,-17.62720564,48.68434949,66.25939851,9.559172023,13.0100329
1.788628767,22.53687167,-4.6914366,1.729681491,114.7790765,-17.69885917,48.88306326,65.84786749,9.598189472,12.92922878
1.787636567,22.49141967,-4.7159338,1.729302287,114.5475919,-17.79127702,49.13936189,65.36008427,9.648513707,12.83345255
1.7866608,22.443618,-4.715456467,1.728971205,114.3041406,-17.78947624,49.13436785,65.12162699,9.647533128,12.78663146
1.785638967,22.38922433,-4.692269633,1.728682961,114.0271165,-17.70200186,48.89177876,65.08719206,9.59990076,12.77987016
1.784647733,22.35206967,-4.714023233,1.72819282,113.8378898,-17.78406924,49.11937284,64.67037125,9.644588858,12.6980274
1.783650767,22.29278167,-4.682275633,1.727995451,113.5359392,-17.66429861,48.7872179,64.7005756,9.579370234,12.70395802
1.782672167,22.25364433,-4.727910833,1.727544683,113.3366149,-17.83646144,49.26466997,64.02379919,9.673117949,12.57107297
1.781651567,22.198351,-4.686699867,1.727269806,113.0550089,-17.68098942,48.83350584,64.17335735,9.588458871,12.60043872
1.780649433,22.14864433,-4.689516567,1.72693805,112.8018555,-17.69161567,48.86297518,63.89073463,9.594245176,12.54494574
1.7796686,22.09881267,-4.693428067,1.72662928,112.5480655,-17.70637215,48.90389871,63.59602109,9.602280512,12.48707874
1.778659733,22.051594,-4.6971814,1.726257236,112.3075834,-17.72053193,48.94316745,63.31627022,9.609990929,12.43214966
1.777678233,22.00443,-4.6882135,1.725911821,112.0673797,-17.68669974,48.84934202,63.16989194,9.591568305,12.40340828
1.776652167,21.956756,-4.689551833,1.725528717,111.8245786,-17.69174872,48.86334415,62.91308868,9.594317624,12.35298496
1.775673167,21.912554,-4.704726067,1.725145855,111.5994601,-17.74899486,49.0221025,62.52921192,9.625489826,12.27761076
1.774615933,21.86625367,-4.7113668,1.724713059,111.363655,-17.77404761,49.09158027,62.22392904,9.639131786,12.21766847
1.773622,21.81384867,-4.6953028,1.724425894,111.0967592,-17.71344475,48.92351286,62.12510061,9.606131749,12.1982635
1.772616433,21.769714,-4.710868667,1.724015557,110.8719837,-17.77216836,49.08636862,61.73746936,9.638108478,12.12215211
1.7716242,21.716985,-4.6831762,1.723734462,110.6034377,-17.66769608,48.79663995,61.75865206,9.581220255,12.12631133
1.7706511,21.66584333,-4.6902477,1.723451093,110.342976,-17.69437394,48.87062456,61.42420569,9.595747132,12.06064279
1.7696682,21.62023767,-4.690187133,1.723083261,110.1107088,-17.69414545,48.86999089,61.19257215,9.595622711,12.01516154
1.768675467,21.57521733,-4.712151033,1.722697702,109.8814226,-17.7770062,49.09978521,60.7334917,9.640742825,11.92502109
1.767657833,21.53398967,-4.725490767,1.722236093,109.6714523,-17.82733152,49.23935035,60.38395626,9.668146442,11.85638981
1.766660067,21.47917867,-4.708379267,1.721977544,109.3923029,-17.76277688,49.06032361,60.28383352,9.632994541,11.83673071
1.765644667,21.431333,-4.702130167,1.721607422,109.1486275,-17.73920159,48.99494325,60.10553847,9.620157107,11.80172248
1.764634767,21.39195967,-4.7297012,1.721128537,108.9481012,-17.84321575,49.28340144,59.61655402,9.676795872,11.70571038
1.7636305,21.32605833,-4.6645686,1.72101306,108.6124692,-17.59749726,48.60196047,59.96236304,9.542994938,11.77360998
1.762679067,21.280543,-4.6848734,1.720675477,108.3806621,-17.67409892,48.81439668,59.51811968,9.584706787,11.6863828
1.761669667,21.24231467,-4.689230267,1.72018165,108.1859672,-17.69053558,48.8599798,59.27784171,9.593657034,11.63920422
1.7606376,21.195879,-4.699465133,1.719775845,107.9494729,-17.72914752,48.9670607,58.93426645,9.614682369,11.57174322
1.759636767,21.14804767,-4.703042533,1.719420097,107.7058705,-17.74264358,49.00448876,58.65323598,9.622031369,11.51656288
1.758651533,21.10722733,-4.746043333,1.718985394,107.4979747,-17.9048679,49.45437879,57.99545019,9.710367275,11.38740665
1.7576278,21.04501267,-4.680349067,1.718800729,107.1811188,-17.65703047,48.76706145,58.36591157,9.575412517,11.46014674
1.756636267,21.00148733,-4.6929496,1.718396207,106.9594466,-17.7045671,48.89889282,58.01240802,9.601297605,11.39073631
1.7556895,20.95748467,-4.7183822,1.71804289,106.7353433,-17.80051383,49.16497794,57.52221968,9.653543418,11.29448783
1.754665867,20.90945167,-4.708972133,1.717667062,106.4907139,-17.76501352,49.0665264,57.37604174,9.634212458,11.2657858
1.753657733,20.86801767,-4.718614433,1.717217735,106.2796927,-17.80138995,49.16740765,57.06413935,9.654020492,11.20454376
1.752648867,20.816107,-4.716810833,1.71690897,106.0153145,-17.79458571,49.14853773,56.81863103,9.650315383,11.1563382
1.751686667,20.75711233,-4.663468833,1.716742412,105.7148578,-17.5933483,48.59045431,57.07625779,9.540735703,11.20692322
1.750659767,20.721375,-4.713967167,1.716197489,105.5328495,-17.78385772,49.11878625,56.36591752,9.644473681,11.06744791
1.749663667,20.66641133,-4.674315467,1.715942666,105.2529225,-17.63426818,48.70393573,56.50084104,9.563017782,11.09394014
1.748642433,20.621975,-4.690870433,1.715520731,105.0266106,-17.69672326,48.87713982,56.1013251,9.597026404,11.01549518
1.7476552,20.574042,-4.685564967,1.715179954,104.7824905,-17.67670791,48.8216321,55.91271263,9.586127463,10.97846112
1.746643467,20.52635433,-4.6940492,1.714811368,104.5396197,-17.70871543,48.91039724,55.58107676,9.603556497,10.91334442
1.7456512,20.476738,-4.682839567,1.71448826,104.2869264,-17.6664261,48.79311797,55.44566271,9.580528714,10.88675587
1.7446403,20.42714967,-4.6695628,1.714146141,104.0343757,-17.61633833,48.65421161,55.33201836,9.553254449,10.8644418
1.743650333,20.37667133,-4.667993867,1.713836959,103.7772923,-17.61041939,48.63779685,55.09134967,9.550031412,10.81718651
1.742614967,20.338164,-4.700652933,1.713320928,103.5811765,-17.7336286,48.9794879,54.55354285,9.617122449,10.71158814
1.741649967,20.29926167,-4.721801767,1.712880591,103.383049,-17.81341444,49.20075469,54.13414856,9.660568184,10.62924007
1.740645433,20.24109833,-4.6774969,1.712660487,103.0868262,-17.64627042,48.73722105,54.30145947,9.569553353,10.66209157
1.739666267,20.19628467,-4.6969749,1.712285707,102.8585926,-17.7197529,48.94100697,53.86943995,9.609566719,10.57726453
1.738618267,20.151723,-4.6929019,1.711838696,102.6316425,-17.70438714,48.89839377,53.68510298,9.601199616,10.54106997
1.737654133,20.11763967,-4.738243567,1.711334233,102.4580579,-17.87544259,49.37277479,53.03713738,9.69434433,10.41384192
1.736617333,20.06884733,-4.7276017,1.710955479,102.2095612,-17.83529521,49.2614357,52.89997973,9.672482901,10.38691102
1.735616567,20.022596,-4.7352969,1.710578489,101.9740056,-17.86432603,49.34194569,52.58391419,9.688291036,10.32485155
1.734627467,19.97709567,-4.74132,1.710203036,101.7422748,-17.8870487,49.40496155,52.28916757,9.700664201,10.26697805
1.733645967,19.92506333,-4.725602467,1.709923279,101.477277,-17.82775292,49.240519,52.18861225,9.668375905,10.24723401
1.732638733,19.87615,-4.7185866,1.709575724,101.228164,-17.80128494,49.16711645,52.01290182,9.653963314,10.21273327
1.7316782,19.832152,-4.738266333,1.709208577,101.0040845,-17.87552848,49.37301298,51.58292584,9.694391099,10.12830749
1.7306362,19.77838133,-4.7068631,1.708891764,100.7302334,-17.757057,49.04446092,51.63762678,9.629879902,10.13904802
1.7296334,19.73518833,-4.710599067,1.708471493,100.5102538,-17.77115127,49.08354797,51.37856011,9.637554643,10.08818028
1.728652733,19.69180367,-4.7350427,1.708075941,100.289298,-17.86336704,49.33928616,50.90186614,9.687768837,9.994581417
1.7276443,19.64852,-4.749038867,1.70765126,100.0688566,-17.91616881,49.48571915,50.53499176,9.716520954,9.922545632
1.7266509,19.588654,-4.697878367,1.707465253,99.76396231,-17.7231613,48.95045937,50.76535721,9.611422698,9.967777889
1.725670367,19.54815333,-4.731805133,1.707030939,99.55769459,-17.85115303,49.30541355,50.20413531,9.681117951,9.857581969
1.724685333,19.50388967,-4.716626967,1.706642875,99.33226212,-17.79389205,49.14661405,50.13750234,9.649937669,9.844498585
1.7236675,19.45385533,-4.698236933,1.706299838,99.07743995,-17.72451403,48.95421083,50.07508339,9.612159296,9.832242624
1.722660967,19.40328333,-4.694289233,1.705975352,98.81987947,-17.70962098,48.91290855,49.85882519,9.604049594,9.789780326
1.721634133,19.35942333,-4.712137233,1.705540044,98.59650284,-17.77695414,49.09964083,49.44871629,9.640714476,9.709255444
1.720648633,19.32184867,-4.7417156,1.705061301,98.40513709,-17.88854114,49.40910046,48.9478909,9.701476876,9.610918377
1.7196613,19.26177633,-4.701331467,1.704884143,98.09919192,-17.73618843,48.98658696,49.06445923,9.61851635,9.63380657
1.718654533,19.21515733,-4.692335933,1.704506111,97.86176386,-17.70225198,48.89247242,48.92114571,9.600036959,9.605666961
1.7176556,19.18013067,-4.7351273,1.703979571,97.68337493,-17.8636862,49.34017127,48.29505793,9.687942629,9.482734624
1.716622233,19.129245,-4.720369667,1.703632482,97.42421696,-17.80801172,49.18577154,48.19029969,9.657626242,9.462165345
1.715656367,19.08733633,-4.741931767,1.703231824,97.21077837,-17.88935665,49.41136208,47.75127057,9.701920944,9.375961976
1.714610367,19.04404633,-4.7576019,1.702769662,96.99030473,-17.94847361,49.57530872,47.36685028,9.734111867,9.300481053
1.713647633,18.98303167,-4.7096747,1.702629813,96.67956031,-17.76766401,49.07387691,47.55753768,9.63565573,9.337922523
1.712644067,18.94411033,-4.7266515,1.702151165,96.48133605,-17.83171049,49.25149437,47.18169596,9.670530919,9.264126001
1.711683733,18.90040467,-4.744922333,1.701780276,96.25874544,-17.90063882,49.44265048,46.76794924,9.708064421,9.182886833
1.7106579,18.84800033,-4.7226639,1.701461202,95.99185298,-17.81666692,49.20977464,46.73393261,9.662339251,9.176207669
1.709660233,18.79774567,-4.7161641,1.701141303,95.73590867,-17.79214585,49.14177137,46.54599157,9.648986809,9.139305445
1.708636533,18.749586,-4.700880367,1.700767117,95.49063407,-17.73448661,48.98186739,46.46062096,9.617589662,9.122542925
1.707653,18.71142633,-4.7183617,1.70029823,95.29628894,-17.80043649,49.16476346,46.08337975,9.653501306,9.048471614
1.7066662,18.66793367,-4.739841433,1.699898001,95.07478313,-17.88147068,49.38949225,45.63714515,9.697626803,8.96085345
1.705640067,18.62156667,-4.743741067,1.699497204,94.83863849,-17.89618239,49.43029163,45.36020113,9.705637762,8.906475491
1.7046788,18.575122,-4.729248533,1.699162321,94.60209829,-17.84150803,49.27866547,45.27528709,9.675865966,8.889802621
1.703639567,18.52322067,-4.7088952,1.698823064,94.33776759,-17.76472328,49.06572149,45.22390037,9.634054415,8.879712838
1.7026349,18.48131267,-4.736696567,1.698383597,94.1243324,-17.86960639,49.35658951,44.71959716,9.69116635,8.780692903
1.701642433,18.430253,-4.704541967,1.698079755,93.86428826,-17.74830032,49.02017638,44.79596615,9.625111632,8.795687954
1.7006628,18.38498133,-4.701853767,1.697710685,93.63372209,-17.73815885,48.99205145,44.59352492,9.619589303,8.755938617
1.6996136,18.34022467,-4.711147167,1.697265103,93.4057788,-17.77321902,49.08928239,44.26835068,9.638680597,8.692090657
1.698663433,18.29682667,-4.718700867,1.696900231,93.18475511,-17.80171602,49.16831195,43.96829744,9.654198051,8.633175203
1.6976589,18.24701767,-4.713428367,1.696567455,92.93108055,-17.78182505,49.11314913,43.7697857,9.643366832,8.594197421
1.696641167,18.19402567,-4.694002767,1.696264407,92.66119514,-17.70854026,48.90991143,43.70313799,9.60346111,8.581111143
1.695646833,18.14489767,-4.695271467,1.695932647,92.41098888,-17.71332654,48.92318504,43.43965812,9.606067382,8.529376872
1.6946304,18.099968,-4.691112167,1.695522165,92.1821645,-17.69763522,48.87966892,43.25434985,9.597522993,8.492991593
1.693654433,18.04103533,-4.6414636,1.695341003,91.8820236,-17.51033161,48.36022755,43.47365032,9.495530679,8.536051241
1.692634267,18.01070067,-4.708356367,1.69472995,91.72753077,-17.76269048,49.06008402,42.61930102,9.632947498,8.368299756
1.691622567,17.963225,-4.698174467,1.694358539,91.48573975,-17.72427837,48.95355728,42.48403675,9.612030971,8.341740615
1.690643033,17.91856933,-4.7070791,1.693981262,91.25831084,-17.75787188,49.04672079,42.16344432,9.630323628,8.278792292
1.689632,17.87770967,-4.722682167,1.693521289,91.05021475,-17.81673583,49.20996576,41.79210327,9.662376776,8.205879477
1.6886468,17.83333267,-4.722358367,1.693134587,90.82420508,-17.81551427,49.20657804,41.56948131,9.661711599,8.162167655
1.687670133,17.78088633,-4.699830233,1.692865246,90.55709872,-17.73052489,48.97088051,41.53807248,9.615432388,8.156000532
1.686669067,17.74066933,-4.7194522,1.692406573,90.3522757,-17.8045505,49.17617267,41.1279573,9.655741504,8.075474417
1.685632033,17.685292,-4.691669633,1.692116395,90.07024191,-17.69973831,48.88550134,41.13659485,9.598668189,8.077170398
1.684677533,17.640414,-4.690756967,1.69176715,89.84168067,-17.69629519,48.87595269,40.91758225,9.596793311,8.034167276
1.6836712,17.597883,-4.698756233,1.691334418,89.62507257,-17.72647313,48.95964393,40.61728292,9.613226086,7.975203501
1.682635633,17.552335,-4.7002495,1.690913142,89.39309906,-17.73210661,48.97526703,40.3696863,9.616293682,7.926587905
1.681695033,17.50157833,-4.6807162,1.69065708,89.13459808,-17.65841551,48.77090254,40.31554982,9.576166713,7.915958207
1.680675933,17.46474667,-4.715948933,1.690134717,88.94701638,-17.79133411,49.13952022,39.75935044,9.648544795,7.806748459
1.6796749,17.41691733,-4.708845133,1.689778742,88.70342416,-17.7645344,49.06519768,39.59008076,9.633951564,7.773512356
1.678642033,17.37190133,-4.693436,1.689352991,88.47416009,-17.70640208,48.90398171,39.52203265,9.60229681,7.76015111
1.677640567,17.32629267,-4.690781733,1.688966633,88.2418776,-17.69638863,48.87621181,39.31752006,9.596844189,7.719995064
1.6766621,17.27965467,-4.690949267,1.688617157,88.00435277,-17.69702066,48.87796461,39.07824244,9.59718835,7.673012903
1.6756406,17.230869,-4.6894709,1.688253613,87.75588999,-17.69144339,48.8624974,38.84524687,9.594151364,7.627264223
1.6746878,17.19103767,-4.698088167,1.687838005,87.55303115,-17.72395279,48.95265438,38.55223105,9.611853687,7.569730567
1.673676167,17.14485733,-4.703075733,1.687449191,87.3178372,-17.74276883,49.00483611,38.26485536,9.622099571,7.513304349
1.672666267,17.09882367,-4.700203267,1.687060131,87.0833902,-17.73193219,48.97478332,38.06046116,9.616198705,7.473171548
1.671646333,17.04883433,-4.673261167,1.686714388,86.82879722,-17.63029074,48.69290526,38.08774623,9.560851949,7.478528971
1.670680667,17.00821333,-4.696087833,1.686296563,86.62191665,-17.71640636,48.93172616,37.64204476,9.607744432,7.391015489
1.6696429,16.961435,-4.688819067,1.68588968,86.38367711,-17.68898429,48.85567768,37.4798537,9.592812312,7.359169275
1.668666833,16.90038867,-4.6411867,1.685736925,86.07277141,-17.50928698,48.35733052,37.66729517,9.494961847,7.395973406
1.667652833,16.85904367,-4.6755945,1.685280531,85.86220355,-17.63909345,48.71731745,37.09674038,9.565645281,7.283944973
1.666676433,16.80597233,-4.6597487,1.685019886,85.5919141,-17.57931377,48.55153292,36.99223545,9.533093489,7.263425431
1.665630333,16.75763867,-4.644064567,1.684625647,85.34575333,-17.52014399,48.38743981,36.9101678,9.500873806,7.247311447
1.6646578,16.72099133,-4.6683987,1.684147364,85.15911043,-17.61194666,48.64203237,36.46893234,9.550863055,7.160674865
1.663645367,16.67109833,-4.657099367,1.68380782,84.90500806,-17.56931892,48.52381463,36.33304771,9.527651003,7.133993918
1.662625967,16.62260267,-4.6520125,1.683442465,84.65802224,-17.55012827,48.47059398,36.13928253,9.517201128,7.095948126
1.661650367,16.579034,-4.648548733,1.683054461,84.43612936,-17.5370609,48.43435479,35.95362884,9.510085563,7.059495024
1.6606637,16.52970367,-4.630837267,1.682733097,84.18489262,-17.47024283,48.24905098,35.88769592,9.47370116,7.046549094
1.659691867,16.48758333,-4.6455903,1.682329326,83.97037603,-17.52589995,48.40340258,35.51882772,9.504008097,6.974121823
1.6586359,16.44813067,-4.651109233,1.681805444,83.76944572,-17.54672061,48.46114367,35.26015632,9.51534556,6.923331693
1.6576417,16.39502567,-4.621647533,1.681527454,83.49898481,-17.43557375,48.15290464,35.29793444,9.454822827,6.930749427
1.656659267,16.35588333,-4.6501196,1.68107292,83.29963501,-17.54298714,48.45078977,34.80069951,9.513312571,6.833117349
1.6556742,16.314634,-4.6490946,1.680644169,83.08955437,-17.53912023,48.44006585,34.60134279,9.511206929,6.793973658
1.654653567,16.260772,-4.620644267,1.680349955,82.8152381,-17.43178884,48.1424081,34.62468427,9.452761831,6.798556756
1.653673,16.221329,-4.636931867,1.679901343,82.61435702,-17.49323525,48.3128149,34.25339639,9.486221206,6.725654381
1.652679333,16.16253833,-4.598257533,1.679700566,82.31493931,-17.34733291,47.90818995,34.35860363,9.406773097,6.746311823
1.651675433,16.12552333,-4.6458942,1.679195875,82.1264239,-17.52704644,48.4065821,33.67169608,9.504632395,6.611437525
1.6506532,16.07327133,-4.609394533,1.678878347,81.86030727,-17.38934822,48.0247093,33.78745225,9.429651671,6.634166249
1.649671633,16.02522567,-4.603586367,1.678544757,81.61561328,-17.3674364,47.96394214,33.60352541,9.41772004,6.598052213
1.648652,15.98329067,-4.616776167,1.678090687,81.40204057,-17.41719609,48.10193863,33.25195622,9.444815651,6.529021603
1.647656867,15.93369733,-4.5949575,1.677764402,81.14946439,-17.33488324,47.8736638,33.22765487,9.399993887,6.524250033
1.6466721,15.89700667,-4.6168839,1.67727447,80.9626008,-17.41760252,48.10306578,32.81138929,9.445036966,6.442516288
1.645716267,15.84584567,-4.602320067,1.677008628,80.70204057,-17.36265917,47.95069365,32.7032012,9.415118699,6.421273555
1.6446742,15.796286,-4.588264133,1.676634956,80.44963585,-17.30963192,47.80363536,32.59785477,9.386243803,6.400588784
1.643706633,15.748397,-4.5814837,1.676313252,80.20573975,-17.28405214,47.732696,32.42489803,9.37231486,6.366628727
1.642687833,15.70093433,-4.5758103,1.675934566,79.96401494,-17.26264873,47.67333882,32.24253039,9.360660078,6.330820842
1.641661667,15.66456667,-4.603752,1.675398878,79.77879637,-17.36806127,47.96567506,31.76497558,9.418060298,6.237052955
1.640674633,15.61359233,-4.585570633,1.675099318,79.51918683,-17.29947045,47.77545498,31.69558612,9.380710586,6.223428334
1.639639667,15.57269333,-4.6018594,1.674615943,79.31089042,-17.36092127,47.94587399,31.3168707,9.414172358,6.149067562
1.638617467,15.52083567,-4.583897433,1.67429313,79.04678211,-17.29315816,47.75794936,31.24068702,9.377273356,6.134108897
1.637604367,15.474769,-4.568345867,1.673901315,78.81216705,-17.2344885,47.5952432,31.16877812,9.345326003,6.119989584
1.636630067,15.42902667,-4.562276033,1.673543927,78.5792038,-17.21158952,47.5317384,30.99931968,9.332856835,6.086716419
1.635579933,15.38492333,-4.5622492,1.673088601,78.3545879,-17.21148829,47.53145766,30.77498451,9.332801711,6.042668209
1.634572433,15.337966,-4.558146167,1.672714399,78.11543672,-17.19600923,47.48853023,30.57876076,9.324372911,6.004139676
1.633562,15.29111933,-4.544732267,1.672335771,77.87684916,-17.14540411,47.34818913,30.48051431,9.296816935,5.984848985
1.632624167,15.25110067,-4.548909967,1.671937656,77.67303624,-17.16116485,47.39189774,30.23299278,9.305399122,5.936248131
1.631596633,15.203447,-4.535669333,1.671552811,77.43033868,-17.11121339,47.25336942,30.12882354,9.278199085,5.915794501
1.630597067,15.17074633,-4.578680667,1.670994268,77.26379594,-17.27347745,47.70336964,29.51228057,9.36655663,5.79473629
1.629585033,15.109653,-4.527890833,1.67080618,76.95265088,-17.08186831,47.17198792,29.73251723,9.262219828,5.837979759
1.628621067,15.063743,-4.538108033,1.670461386,76.71883372,-17.1204136,47.27888399,29.391804,9.283208871,5.771080716
1.627599367,15.01840333,-4.528146567,1.670051167,76.48792123,-17.08283309,47.1746635,29.26511201,9.262745177,5.746204743
1.626614933,14.977472,-4.5496481,1.669618761,76.27946015,-17.16394952,47.39962036,28.83169406,9.306915458,5.661103128
1.6256095,14.93012767,-4.5330545,1.669251845,76.038338,-17.1013487,47.22601208,28.7641802,9.272827472,5.647846782
1.6245933,14.88863867,-4.532083033,1.668795193,75.82703675,-17.09768376,47.21584824,28.56304279,9.270831802,5.608353451
1.623633,14.83764433,-4.498824767,1.668522637,75.56732535,-16.97221401,46.86788815,28.65129148,9.202509838,5.625681082
1.6226318,14.80039667,-4.5343097,1.668023784,75.37762499,-17.10608405,47.23914444,28.09033482,9.275406011,5.515537243
1.6216063,14.740564,-4.489801233,1.667805227,75.07290043,-16.93817193,46.77348066,28.25127405,9.183972928,5.547137659
1.620558767,14.69333767,-4.492315933,1.667394619,74.83237925,-16.94765886,46.79979037,27.98444316,9.189138838,5.494745415
1.619577567,14.65932033,-4.518226767,1.6668722,74.6591308,-17.04540977,47.07087894,27.54010614,9.242367079,5.407499841
1.618595333,14.606699,-4.4882334,1.666599653,74.39113318,-16.93225714,46.75707742,27.58591004,9.180752151,5.416493436
1.617592433,14.55314667,-4.4453392,1.666318995,74.11839402,-16.77043498,46.30830268,27.76194562,9.092635232,5.451058022
1.6166009,14.516683,-4.489398167,1.665819235,73.93268653,-16.93665132,46.76926363,27.11527717,9.183144914,5.324084673
1.615626567,14.47481467,-4.490658133,1.665409566,73.71945336,-16.94140466,46.78244586,26.88886177,9.185733244,5.279628009
1.6146273,14.424258,-4.447580033,1.66509214,73.46197097,-16.77888872,46.3317471,27.08207815,9.097238542,5.317566045
1.6135464,14.378076,-4.449624233,1.664634082,73.22676853,-16.78660065,46.35313426,26.82548854,9.101437912,5.267184675
1.612604633,14.322767,-4.426772267,1.664438249,72.94508276,-16.70038958,46.11404867,26.78288837,9.054493456,5.258820131
1.611562667,14.293697,-4.4704822,1.66378834,72.79703081,-16.86528917,46.5713579,26.17752719,9.144286124,5.139957463
1.610598233,14.237088,-4.416854567,1.663587373,72.50872422,-16.66297418,46.01028608,26.45029241,9.034119672,5.193514915
1.6095964,14.18678967,-4.393633833,1.663263897,72.25255751,-16.57537191,45.76734231,26.43706947,8.986417663,5.19091859
1.608615367,14.14759133,-4.421898233,1.662811518,72.0529225,-16.68200186,46.06305476,25.94172202,9.044480801,5.093657119
1.6075961,14.09866633,-4.411362167,1.662452087,71.80375011,-16.64225362,45.95282259,25.80278179,9.022836716,5.066376204
1.606587833,14.059737,-4.422473567,1.661968847,71.6054851,-16.68417236,46.0690741,25.48826528,9.0456627,5.004620887
1.605580367,14.01613067,-4.422513,1.661549484,71.38340039,-16.68432112,46.06948667,25.265768,9.045743707,4.960933546
1.604616067,13.96062533,-4.380049567,1.661333766,71.10071471,-16.52412407,45.62521877,25.42735021,8.958511706,4.992660214
1.6036273,13.923417,-4.408311833,1.660846816,70.91121467,-16.63074597,45.92090889,24.94216005,9.016570461,4.897393126
1.602646067,13.87942667,-4.401439367,1.660458866,70.68717426,-16.60481898,45.84900665,24.79002189,9.002452455,4.867520799
1.601612233,13.82910833,-4.370011933,1.660103659,70.4309057,-16.48625621,45.5202014,24.86255857,8.937891544,4.881763376
1.600615667,13.783255,-4.3807988,1.659725501,70.19737713,-16.52695062,45.63305752,24.51617388,8.960050845,4.813750742
1.599583733,13.746026,-4.3978872,1.659195663,70.00777184,-16.59141812,45.81184258,24.14778353,8.995155292,4.741417295
1.598616933,13.69462333,-4.370241333,1.658922113,69.74598082,-16.48712164,45.52260146,24.17523363,8.938362797,4.746807123
1.597632333,13.650417,-4.377056933,1.658533709,69.52084034,-16.51283409,45.59390875,23.87878586,8.952363984,4.688599603
1.5965908,13.61043233,-4.374666533,1.658031436,69.31720058,-16.5038161,45.56889952,23.70015533,8.94745342,4.6535255
1.595622733,13.55861167,-4.355363067,1.657762257,69.05328071,-16.43099206,45.36693962,23.63819536,8.907798595,4.641359659
1.594610467,13.511637,-4.340891967,1.657383522,68.81404125,-16.37639856,45.21553771,23.55035782,8.878070829,4.624112758
1.5935749,13.463772,-4.319824367,1.656993495,68.57026738,-16.29691918,44.99512081,23.52700085,8.83479197,4.619526616
1.5926053,13.42166033,-4.3371792,1.656591841,68.35579492,-16.36239182,45.17669339,23.13095581,8.870443747,4.541763173
1.5915972,13.370809,-4.3022798,1.656269556,68.09681182,-16.23073075,44.81156316,23.23710293,8.798750427,4.56260516
1.590593233,13.32796567,-4.3082968,1.655843403,67.87861302,-16.25343041,44.87451521,22.95595209,8.811111061,4.507401192
1.589565833,13.28240733,-4.2911679,1.655430433,67.64658688,-16.18881013,44.69530642,22.90313473,8.775923416,4.497030504
1.588600367,13.238583,-4.288287,1.655056011,67.4233919,-16.17794168,44.6651654,22.71008078,8.770005226,4.459124361
1.587635267,13.18965333,-4.268575667,1.654750809,67.17419574,-16.10357893,44.45893825,22.66711176,8.729512526,4.450687394
1.586582667,13.14688433,-4.269322567,1.65427502,66.95637552,-16.10639668,44.46675259,22.4414772,8.731046871,4.406384049
1.585601467,13.104277,-4.274608433,1.653868451,66.73937866,-16.12633807,44.52205525,22.16917768,8.741905549,4.352918038
1.584612533,13.05590933,-4.2507453,1.653531836,66.49304473,-16.03631229,44.27239046,22.17250854,8.692883868,4.353572052
1.5836037,13.00365967,-4.218893533,1.653227677,66.22693999,-15.91614869,43.93914569,22.23964858,8.627451256,4.366754998
1.582604733,12.97030033,-4.254655833,1.652678616,66.0570427,-16.05106513,44.31330389,21.69559308,8.700917218,4.259929702
1.5815685,12.91549733,-4.220457367,1.652381493,65.77793396,-15.92204839,43.95550708,21.77428115,8.630663815,4.275380105
1.580617767,12.87808467,-4.227515233,1.651935331,65.58739326,-15.94867482,44.02934905,21.50989848,8.645162686,4.223468567
1.579613233,12.831365,-4.225533,1.651560891,65.34945251,-15.94119667,44.0086102,21.29269658,8.641090614,4.180820973
1.5786095,12.78416867,-4.207045733,1.651193679,65.10908412,-15.87145182,43.81518969,21.2457487,8.603112496,4.171602758
1.577628033,12.74351,-4.207512233,1.650760562,64.90201171,-15.87321173,43.82007038,21.0337956,8.60407082,4.129985767
1.576614833,12.69729333,-4.191233467,1.650370671,64.66663271,-15.81179864,43.649756,20.96873099,8.570629591,4.117210329
1.575607767,12.65295333,-4.198328033,1.649961603,64.44081148,-15.83856352,43.72398194,20.66868381,8.585203854,4.058296066
1.574598967,12.607225,-4.187525567,1.649569526,64.20791953,-15.79781026,43.6109626,20.5488112,8.563012507,4.03475908
1.573620367,12.56308767,-4.192835633,1.649186191,63.98313046,-15.81784296,43.66651845,20.26846629,8.573920898,3.979713355
1.572636467,12.51950067,-4.1857031,1.648790134,63.76114422,-15.79093485,43.59189529,20.1211032,8.559268641,3.950778613
1.571634167,12.471068,-4.1554572,1.64844103,63.51447925,-15.67682952,43.27545168,20.19088184,8.497134937,3.96447965
1.570615633,12.43346167,-4.176851433,1.64792968,63.32295221,-15.75754115,43.49928593,19.77552055,8.541084793,3.88292346
1.5696131,12.378642,-4.127423133,1.647666482,63.04375859,-15.57106852,42.98214907,20.0134638,8.439544969,3.929643618
1.568596267,12.33657633,-4.1219806,1.647216974,62.82952041,-15.55053608,42.9252073,19.85616739,8.428364454,3.898758467
1.5675835,12.29217533,-4.122284567,1.646803029,62.60338851,-15.55168283,42.92838751,19.62685527,8.428988888,3.853733032
1.566595733,12.24896,-4.119108833,1.646398093,62.38329514,-15.53970209,42.89516183,19.43998758,8.422465026,3.817041561
1.565644567,12.19951033,-4.097279367,1.646113837,62.13145064,-15.4573485,42.66677401,19.41653091,8.377621076,3.812435844
1.564622067,12.157492,-4.099891833,1.645658025,61.91745353,-15.46720426,42.69410658,19.17520122,8.382987828,3.765050759
1.563612567,12.11189067,-4.094852933,1.645263535,61.68520839,-15.44819456,42.64138778,18.99567488,8.37263649,3.729800763
1.562623933,12.07199267,-4.103005867,1.644812992,61.48201002,-15.47895223,42.72668673,18.70717756,8.38938494,3.673154313
1.561585367,12.02399233,-4.072711633,1.64442179,61.2375469,-15.36466455,42.40973744,18.77966373,8.327151946,3.687386974
1.560596367,11.97255467,-4.056194033,1.644126513,60.97557762,-15.30235045,42.23692429,18.69050761,8.293220085,3.669881168
1.559606867,11.93031067,-4.071693733,1.643706743,60.7604312,-15.36082444,42.3990878,18.31319768,8.325060889,3.595796365
1.558606167,11.899171,-4.1133291,1.643126014,60.60183855,-15.51789754,42.83469216,17.71900067,8.410591805,3.479125781
1.557636933,11.85140633,-4.079051833,1.642800967,60.35857567,-15.38858352,42.47607092,17.83435903,8.340176525,3.501776395
1.556601867,11.81140233,-4.080474367,1.642305421,60.15483745,-15.39395015,42.49095398,17.61573775,8.343098814,3.458850106
1.555580633,11.76747333,-4.0691797,1.641876643,59.93110941,-15.35134002,42.37278507,17.51017862,8.319896348,3.438123573
1.554571733,11.71756033,-4.0511589,1.641540903,59.67690519,-15.28335496,42.1842449,17.44451457,8.282876485,3.425230435
1.553636,11.67279433,-4.0404816,1.641208914,59.44891435,-15.24307391,42.0725351,17.32823353,8.260942266,3.402398654
1.5525545,11.63127867,-4.042733033,1.640687322,59.23747729,-15.25156764,42.09609041,17.09324116,8.265567352,3.356257901
1.5516017,11.58347967,-4.0195569,1.640379171,58.99403956,-15.16413363,41.85361327,17.09228056,8.217956965,3.356069288
1.550603133,11.54292167,-4.030523767,1.639927596,58.78747984,-15.2055071,41.96835262,16.7709815,8.240486037,3.292982217
1.549618667,11.493468,-4.0059816,1.639610095,58.53561497,-15.11291961,41.71158354,16.77588571,8.190069428,3.293945159
1.5486024,11.44936667,-4.007109833,1.639188608,58.31100925,-15.11717597,41.72338753,16.539476,8.192387141,3.247526113
1.547608367,11.404283,-3.996297767,1.638802603,58.08140056,-15.07638649,41.61026775,16.42298709,8.170176072,3.224653514
1.546615667,11.36101933,-3.976249533,1.638393386,57.86106103,-15.00075276,41.40051583,16.41239947,8.128991284,3.222574636
1.545617533,11.31622133,-3.973507733,1.637999428,57.63290722,-14.99040907,41.37183012,16.21293137,8.123358845,3.183409075
1.5445997,11.27900533,-3.9820541,1.637483515,57.44336814,-15.022651,41.46124532,15.93397709,8.140915519,3.128636401
1.543600767,11.23629367,-3.9620242,1.637060619,57.22583991,-14.94708643,41.25168522,15.92600897,8.099768393,3.127071861
1.542601467,11.187478,-3.9405608,1.63671968,56.97722434,-14.86611386,41.02712731,15.9019513,8.055676448,3.122348139
1.5415901,11.14136967,-3.930800833,1.636330161,56.74239708,-14.82929352,40.92501499,15.76923636,8.035626693,3.09628956
1.540609867,11.09252067,-3.910900833,1.636008738,56.49361175,-14.75421901,40.71681395,15.72865208,7.994746418,3.088320835
1.5395816,11.05254833,-3.917446133,1.635519565,56.2900348,-14.77891173,40.78529326,15.45659582,8.008192331,3.034902589
1.538595633,11.01261867,-3.914412367,1.635072116,56.08667515,-14.76746658,40.75355289,15.28497654,8.001960109,3.001205144
1.537571733,10.964995,-3.8889842,1.634690501,55.84413038,-14.67153658,40.48751415,15.3084705,7.949723403,3.005818183
1.536577933,10.91891933,-3.8831071,1.634318108,55.60946948,-14.6493647,40.42602579,15.13529797,7.937650164,2.971815756
1.535571967,10.87976333,-3.888841667,1.633840225,55.41005008,-14.67099886,40.48602291,14.87588144,7.949430599,2.920879321
1.534585,10.83363067,-3.868859633,1.633475434,55.17509889,-14.59561487,40.27696361,14.84998955,7.908381804,2.915795449
1.533586733,10.786983,-3.846402,1.633106289,54.93752483,-14.51089146,40.04200367,14.84737543,7.862247421,2.915282166
1.532600333,10.74579867,-3.836220733,1.632675329,54.72777523,-14.47248173,39.93548356,14.74414595,7.841332196,2.895013057
1.531600633,10.70244233,-3.831781967,1.632260361,54.50696376,-14.45573609,39.88904356,14.56977447,7.832213704,2.860775217
1.530589067,10.65896933,-3.825705867,1.6318351,54.2855581,-14.43281347,39.82547319,14.41193918,7.819731661,2.829784259
1.529617867,10.60909967,-3.805579833,1.631536476,54.03157457,-14.35688623,39.61490731,14.36852154,7.778387049,2.821259204
1.528618033,10.56522933,-3.794481333,1.631128307,53.80814532,-14.31501616,39.49879076,14.26120883,7.755587565,2.800188355
1.527596033,10.529577,-3.808171267,1.630587138,53.6265699,-14.36666264,39.64201982,13.93640435,7.783710593,2.736412994
1.526618933,10.47988033,-3.7719396,1.630280281,53.37346745,-14.22997548,39.26295094,14.06237078,7.709280417,2.761146503
1.525588933,10.43651,-3.7724042,1.629835202,53.15258467,-14.23172822,39.26781175,13.83662719,7.710234838,2.716821749
1.5246045,10.38835,-3.740596033,1.629500286,52.90730838,-14.1117291,38.93502313,13.92413952,7.644891793,2.734004794
1.523596967,10.35037533,-3.759228233,1.629004905,52.71390544,-14.18202072,39.12995999,13.53579972,7.683167645,2.657754275
1.522564733,10.30480133,-3.7407445,1.628587313,52.48179951,-14.11228921,38.93657645,13.49707733,7.645196785,2.650151135
1.521605333,10.2544718,-3.713777033,1.62830669,52.2254739,-14.01055206,38.65443299,13.52289518,7.589797918,2.655220468
1.520624067,10.22719203,-3.756533933,1.627693337,52.08653951,-14.17185624,39.10177125,12.93662254,7.677632784,2.540105836
1.519621633,10.17852703,-3.717576567,1.627347232,51.83869128,-14.02488613,38.6941851,13.09636046,7.597603243,2.571470377
1.5185937,10.12996257,-3.693883233,1.626974272,51.59135506,-13.93550094,38.44629682,13.09691252,7.54893038,2.571578773
1.517601767,10.09017747,-3.694739667,1.626518907,51.38873169,-13.93873191,38.45525713,12.88532883,7.550689738,2.530034315
1.516554233,10.04039333,-3.665800467,1.626142795,51.13518377,-13.82955622,38.15248469,12.93455336,7.491240369,2.539699551
1.5156024,10.00327663,-3.672052033,1.625691542,50.94615041,-13.85314081,38.21789086,12.68011383,7.50408287,2.489740351
1.514578367,9.947330367,-3.6113717,1.625422038,50.66121908,-13.62421889,37.58303112,13.03004224,7.37942816,2.558448793
1.513587433,9.907648567,-3.626509967,1.62496628,50.45912181,-13.68132933,37.74141318,12.6695629,7.410526477,2.487668676
1.512592767,9.874326133,-3.6442123,1.624421022,50.28941244,-13.74811295,37.92662143,12.31464529,7.446892118,2.417980602
1.511564133,9.832270333,-3.632914233,1.623959581,50.07522451,-13.70549,37.80841695,12.21866184,7.423682667,2.399134253
1.510569733,9.784093767,-3.607375133,1.623614922,49.82986385,-13.60914148,37.54121758,12.24050054,7.371218073,2.403422281
1.509575,9.7425033,-3.602616367,1.623181105,49.61804584,-13.59118862,37.49142964,12.07847048,7.361442209,2.371607678
1.5085944,9.695789967,-3.581171433,1.622830513,49.38013734,-13.51028571,37.26706494,12.06492668,7.3173882,2.368948353
1.507606367,9.6580976,-3.591928033,1.622350824,49.18817214,-13.55086593,37.3796044,11.76042201,7.339485324,2.309158863
1.506596933,9.612126067,-3.575259767,1.621961393,48.95404159,-13.48798343,37.20521493,11.70068094,7.305243951,2.297428702
1.505599467,9.5715294,-3.572541967,1.62151144,48.74728495,-13.47773029,37.17678032,11.52235891,7.299660815,2.262415172
1.5045861,9.5298217,-3.5597938,1.621060571,48.53486988,-13.4296367,37.04340435,11.44331979,7.273472445,2.246895842
1.503567067,9.4901371,-3.552102767,1.620576751,48.33275834,-13.4006216,36.96293796,11.32167465,7.257672869,2.223010817
1.502551433,9.441408167,-3.528760667,1.620218309,48.0845845,-13.31256146,36.71872442,11.31771436,7.209721539,2.222233214
1.501567333,9.398066833,-3.5164168,1.619818739,47.86384942,-13.26599313,36.58957839,11.2261253,7.184363717,2.204249703
1.500569033,9.357084267,-3.511842467,1.619373157,47.65512741,-13.24873606,36.54172005,11.06526163,7.174966732,2.172664122
1.499581767,9.313406,-3.494218667,1.618974964,47.43267634,-13.18224871,36.35733344,11.02719718,7.138762421,2.165190166
1.498603667,9.2738107,-3.498865533,1.618530873,47.23101961,-13.19977943,36.40595065,10.77692323,7.14830841,2.116048877
1.497560833,9.223999033,-3.458927867,1.618159833,46.97733147,-13.04911105,35.98810824,10.9410775,7.066265054,2.148280566
1.496553767,9.189142567,-3.477502433,1.617622864,46.79980935,-13.11918525,36.18244212,10.56922151,7.104422511,2.075266643
1.4956063,9.1496741,-3.464896767,1.617207695,46.59879857,-13.07162926,36.05055705,10.5000958,7.078526876,2.06169381
1.494591867,9.107634533,-3.448668333,1.616760236,46.38469332,-13.01040606,35.88076927,10.45577832,7.045189046,2.052992074
1.493628167,9.067347533,-3.4567139,1.616339873,46.17951379,-13.04075867,35.96494492,10.16642315,7.061716935,1.996177185
1.4926113,9.022176133,-3.430129833,1.615932218,45.94945828,-12.94046793,35.68681274,10.21449982,7.007105681,2.005617039
1.4916406,8.977538733,-3.4132393,1.615563528,45.7221224,-12.8767469,35.51009783,10.16387885,6.972407709,1.995677612
1.4905758,8.935743967,-3.406386,1.6150624,45.5092639,-12.85089222,35.43839611,10.02272207,6.958329076,1.967961478
1.489627267,8.892310467,-3.3909735,1.61469964,45.28805942,-12.7927472,35.27714492,9.962768769,6.926667406,1.956189648
1.488579667,8.851908367,-3.376671633,1.614196929,45.08229369,-12.73879214,35.12751359,9.90663438,6.897287293,1.94516766
1.487600433,8.815258367,-3.3780528,1.613711982,44.89563721,-12.74400272,35.14196386,9.705527631,6.900124603,1.90568035
1.486581667,8.7636379,-3.344346933,1.613389404,44.63273695,-12.61684436,34.78932081,9.795270414,6.830883141,1.923301346
1.4856022,8.7285805,-3.367007967,1.612882744,44.45419149,-12.70233511,35.02640879,9.37963698,6.877435366,1.841691721
1.484585433,8.6851635,-3.346476467,1.612451528,44.23307105,-12.62487821,34.81160076,9.373324558,6.83525781,1.840452277
1.483625467,8.6384751,-3.320753167,1.612121232,43.99528953,-12.52783479,34.54247423,9.404669574,6.782414816,1.846606871
1.482575933,8.5995601,-3.327357467,1.611596533,43.79709753,-12.55275009,34.61157083,9.137380979,6.795981932,1.794124755
1.481576867,8.553828867,-3.301092933,1.611214228,43.56419082,-12.45366482,34.33678172,9.179263373,6.74202709,1.802348363
1.4805696,8.51603,-3.3060588,1.610716742,43.37168322,-12.47239899,34.38873642,8.934801072,6.752228396,1.75434819
1.479597133,8.473872167,-3.281842733,1.610312844,43.15697564,-12.38104174,34.13537912,8.973450796,6.70248169,1.761937064
1.4786172,8.4314337,-3.2774798,1.609905264,42.94083881,-12.36458219,34.08973252,8.802960562,6.69351898,1.728461306
1.477593467,8.3878498,-3.256628833,1.609469332,42.71886835,-12.28592007,33.87158212,8.799140505,6.650685149,1.727711238
1.476598833,8.345226267,-3.237923767,1.609049548,42.50178898,-12.21535355,33.6758829,8.777760356,6.612259608,1.723513246
1.4755947,8.302049333,-3.224484333,1.608627728,42.28189118,-12.1646521,33.53527466,8.698470798,6.584651179,1.707944741
1.474592567,8.2630264,-3.233471,1.608151884,42.08314948,-12.1985551,33.62929643,8.405707318,6.603112355,1.650460632
1.4736082,8.2181727,-3.208950833,1.607772444,41.85471199,-12.1060506,33.37275753,8.433808743,6.55274094,1.655978347
1.472599767,8.1759092,-3.196181367,1.607334005,41.63946626,-12.05787666,33.23915872,8.352161817,6.526508814,1.639946973
1.471617567,8.138330467,-3.202614933,1.606858616,41.44807979,-12.08214786,33.30646903,8.093465031,6.539725195,1.589151859
1.470606,8.096042633,-3.178783267,1.606417372,41.23271013,-11.99224079,33.05713346,8.127430939,6.490768155,1.595821065
1.4696055,8.057461733,-3.1693398,1.605937199,41.03621968,-11.95661448,32.95833248,8.029741475,6.471368582,1.576639739
1.468630667,8.0122595,-3.147417367,1.605571994,40.80600713,-11.87391016,32.728972,8.028889407,6.426333652,1.576472435
1.467576867,7.969709867,-3.139335867,1.605092046,40.58930413,-11.84342199,32.6444204,7.896738005,6.409731946,1.550524507
1.466586767,7.926726,-3.113199867,1.604681655,40.37038961,-11.74482162,32.37097606,7.951267828,6.356041149,1.561231438
1.4656356,7.884879433,-3.104714767,1.604294859,40.15726729,-11.71281083,32.28220185,7.826919717,6.338610334,1.536815686
1.464586633,7.845200033,-3.103032667,1.603781036,39.95518224,-11.70646496,32.26460311,7.642433407,6.335154821,1.500591799
1.463617,7.8003341,-3.0793159,1.603416494,39.72668245,-11.61699136,32.01646966,7.662067065,6.286433818,1.504446868
1.462605367,7.762040267,-3.0801776,1.602921317,39.53165402,-11.6202422,32.02548508,7.458023211,6.288203996,1.464382857
1.461597167,7.722903233,-3.0707302,1.602440945,39.33233121,-11.58460105,31.92664295,7.357542541,6.268796342,1.444653478
1.4605996,7.681432567,-3.050207933,1.602002679,39.12112333,-11.50717898,31.71193152,7.361046088,6.226637754,1.445341399
1.459585067,7.6358886,-3.034662,1.601602382,38.88917036,-11.44853058,31.54928431,7.291740326,6.194701974,1.431733213
1.458556833,7.592380367,-3.020135933,1.60116093,38.66758526,-11.39372971,31.39730731,7.222132229,6.16486129,1.418065663
1.457575667,7.554131067,-3.013861767,1.600695619,38.47278363,-11.37005986,31.33166469,7.092973215,6.151972363,1.392705291
1.4565829,7.510721233,-2.9932889,1.600288306,38.25169969,-11.2924469,31.11642387,7.087130086,6.109709828,1.391557992
1.455606167,7.471457833,-2.990119833,1.599841105,38.0517333,-11.28049132,31.08326795,6.920319628,6.103199661,1.358804759
1.454604367,7.425405033,-2.9579552,1.599460404,37.81718886,-11.1591474,30.74674984,7.022293295,6.037124332,1.378827288
1.453607833,7.3889052,-2.970751367,1.598956132,37.63129717,-11.20742206,30.880628,6.702523451,6.063411307,1.31604048
1.4525858,7.346371333,-2.949598133,1.598507739,37.41467448,-11.12761962,30.65931517,6.707213581,6.019956534,1.316961387
1.451613467,7.3052764,-2.932242967,1.598089639,37.20538019,-11.06214572,30.4777391,6.679495364,5.984304072,1.311518915
1.4505962,7.2630765,-2.917844933,1.597641508,36.99045837,-11.00782787,30.32710163,6.615211007,5.954726406,1.298896681
1.449606067,7.225221133,-2.918734867,1.597161918,36.79766302,-11.01118522,30.33641244,6.413104852,5.956554582,1.259213138
1.448601,7.180354133,-2.890129,1.596761957,36.5691578,-10.90326706,30.03712745,6.483884622,5.897789975,1.273110746
1.447613067,7.138264333,-2.881634,1.596341675,36.35479671,-10.87121892,29.94824967,6.358401314,5.880338822,1.248472098
1.446613633,7.098406,-2.868836567,1.595879798,36.15180036,-10.82293948,29.81435826,6.28929637,5.854049245,1.234903342
1.4456207,7.060091833,-2.866664267,1.595403595,35.95666836,-10.81474428,29.79163087,6.116891771,5.849586721,1.201051699
1.4445867,7.011086467,-2.828026,1.595030514,35.70708666,-10.66897801,29.38738326,6.271557683,5.770212702,1.231420351
1.443579733,6.974163033,-2.8271703,1.594521521,35.5190376,-10.6657498,29.37843061,6.092461266,5.768454851,1.19625477
1.442570767,6.933926567,-2.8184451,1.59405521,35.31411544,-10.63283321,29.28714439,5.978825321,5.750530802,1.173942352
1.441592333,6.889572133,-2.789813533,1.59367497,35.08822069,-10.5248181,28.98759052,6.052484448,5.691713399,1.188405321
1.440634333,6.8561727,-2.804377733,1.593167418,34.91811917,-10.57976283,29.13996648,5.730006967,5.721632419,1.125086868
1.439576767,6.814563433,-2.7861784,1.592671021,34.70620542,-10.51110424,28.94955843,5.708501258,5.684245798,1.120864222
1.438599267,6.766860967,-2.749205767,1.592336868,34.46325932,-10.37162171,28.56273728,5.852376307,5.608293466,1.149114088
1.4375966,6.7252806,-2.734329533,1.591894982,34.25149274,-10.31549981,28.40709672,5.796250302,5.57773344,1.138093747
1.436614133,6.6898066,-2.735194167,1.591390942,34.07082557,-10.31876171,28.41614282,5.606537017,5.579509644,1.100843543
1.435558933,6.647308833,-2.716523733,1.590908895,33.85438672,-10.24832585,28.22080595,5.585435045,5.541155249,1.096700171
1.4345589,6.605158967,-2.6996833,1.590477323,33.63971972,-10.18479383,28.04461521,5.546958782,5.506560197,1.089145357
1.433531667,6.564929333,-2.693560433,1.589992653,33.43483236,-10.16169477,27.98055555,5.406131081,5.493982082,1.061493838
1.432523033,6.5211288,-2.665240567,1.589574743,33.21175859,-10.05485557,27.6842628,5.479350072,5.435805,1.075870387
1.431524933,6.4835235,-2.661824567,1.589083813,33.02023682,-10.04196841,27.64852336,5.323567735,5.428787562,1.045282525
1.430545467,6.444785433,-2.655300133,1.588626794,32.82294593,-10.01735441,27.58026236,5.19453784,5.415384515,1.019947505
1.4295341,6.4036546,-2.641247267,1.588170145,32.61346881,-9.964338728,27.43323616,5.132086922,5.38651592,1.007685267
1.428486867,6.361951833,-2.625286833,1.587685343,32.40107886,-9.904126583,27.26625229,5.086680836,5.353728638,0.998769782
1.427538567,6.322189667,-2.610206533,1.587273302,32.19857228,-9.847234818,27.10847671,5.041949845,5.322749401,0.989986852
1.426529667,6.283080133,-2.604069967,1.586791859,31.99938953,-9.824084078,27.04427371,4.906970088,5.310143143,0.963483577
1.425537033,6.240797533,-2.5775292,1.586369477,31.78404652,-9.723956691,26.76659455,4.96930624,5.25562084,0.97572328
1.424521167,6.202482067,-2.572789667,1.585870359,31.5889079,-9.706076382,26.71700783,4.82375435,5.245884487,0.947144167
1.4235628,6.159059033,-2.5534223,1.585497624,31.36775673,-9.63301128,26.51437939,4.805231614,5.206098393,0.943507227
1.422512267,6.120605167,-2.5447241,1.584965705,31.17191325,-9.600196552,26.42337565,4.700391872,5.188229809,0.922921944
1.421552533,6.080513633,-2.527674067,1.584546673,30.96772923,-9.535873794,26.244992,4.674591502,5.153204179,0.917856041
1.420538167,6.0368654,-2.5039536,1.584120975,30.74543112,-9.446386238,25.99681984,4.700465552,5.104475576,0.922936411
1.4195347,6.000588567,-2.501714233,1.583606762,30.56067515,-9.437938029,25.97339077,4.539138658,5.099875278,0.891259876
1.418531533,5.9606266,-2.482313233,1.583142549,30.35715101,-9.364746042,25.77041045,4.538594833,5.060020091,0.891153096
1.417561867,5.9188323,-2.467184333,1.582736548,30.14429488,-9.30767093,25.61212639,4.484022768,5.028941016,0.880437871
1.4165767,5.879540767,-2.4561264,1.582281294,29.94418521,-9.265953899,25.49643426,4.399605224,5.006224868,0.863862486
1.415548033,5.8378919,-2.440987733,1.581814331,29.73206977,-9.208841941,25.33804802,4.345876025,4.975125729,0.853312758
1.414504833,5.798964367,-2.4354479,1.581296134,29.53381394,-9.18794243,25.28008827,4.205579942,4.963745332,0.825765622
1.4135341,5.757351367,-2.408081033,1.580886621,29.32188116,-9.084698507,24.99376615,4.27996929,4.907525983,0.84037197
1.412552933,5.716655267,-2.392063933,1.580454309,29.11461811,-9.024272582,24.82618942,4.24028297,4.874622292,0.832579561
1.411569067,5.6782446,-2.384414367,1.579988474,28.91899465,-8.995413916,24.74615687,4.12469206,4.858907901,0.809883286
1.410581833,5.640651833,-2.375504567,1.579508242,28.72753671,-8.961800908,24.6529393,4.02645169,4.840604631,0.790593789
1.409561967,5.5983448,-2.352941433,1.579058956,28.51206926,-8.876679493,24.41687558,4.047047957,4.794253521,0.794637866
1.4085311,5.5616552,-2.350535567,1.57852291,28.3252111,-8.867603149,24.39170453,3.885360848,4.789311184,0.762890602
1.4075478,5.519662233,-2.325895167,1.578105955,28.11134318,-8.774645062,24.13390769,3.929289759,4.738692776,0.771516044
1.406530167,5.4798236,-2.3055915,1.577625612,27.90844716,-8.698047686,23.92148334,3.938818092,4.696983254,0.773386932
1.405545867,5.442054267,-2.298797,1.577150695,27.71608998,-8.672414834,23.85039681,3.817547439,4.683025414,0.74957544
1.4045332,5.4031466,-2.283791433,1.576662763,27.51793532,-8.615805007,23.69340311,3.776386484,4.652199701,0.741493486
1.403534667,5.3612612,-2.259882133,1.576229124,27.30461523,-8.52560506,23.44325531,3.813214192,4.60308318,0.748724607
1.402530367,5.320463333,-2.2436962,1.575775051,27.09683389,-8.464542196,23.27391218,3.774775976,4.569832657,0.741177263
1.401527267,5.282594533,-2.236897867,1.575282675,26.90397012,-8.438894883,23.20278555,3.65303885,4.555866942,0.717274178
1.400530967,5.243060267,-2.2210857,1.574819561,26.70262423,-8.379242087,23.0373529,3.617125598,4.523384242,0.710222611
1.399563133,5.2056114,-2.2084178,1.574356788,26.51189916,-8.331451315,22.90481672,3.558936713,4.497360763,0.698797224
1.398549267,5.1676415,-2.202736933,1.573855008,26.3185205,-8.310019743,22.84538143,3.424993347,4.485690643,0.672497444
1.397545033,5.127470167,-2.179966867,1.573392552,26.11393006,-8.224117654,22.6071527,3.458631631,4.438914433,0.679102321
1.3965747,5.088950467,-2.169105667,1.572941721,25.91775129,-8.183142818,22.49351887,3.376086697,4.416602431,0.662894623
1.395582367,5.0469411,-2.1445794,1.572515954,25.70379985,-8.090615309,22.23691614,3.418737979,4.366218485,0.671269202
1.3945398,5.010268367,-2.141446833,1.571967981,25.51702759,-8.078797425,22.20414209,3.264739772,4.359783299,0.641031654
1.3935979,4.9703698,-2.123586433,1.571564179,25.31382633,-8.011417487,22.01728008,3.248400522,4.323092944,0.637823442
1.392554933,4.931324467,-2.105456033,1.571047804,25.11497055,-7.943018951,21.82759324,3.239231582,4.285847932,0.636023121
1.391563167,4.892424267,-2.093814767,1.570580671,24.91685392,-7.899101244,21.70579807,3.162910123,4.261933451,0.621037403
1.3905434,4.8570204,-2.088579233,1.570038385,24.73654393,-7.879349732,21.65102201,3.037376187,4.251178172,0.596388814
1.389549933,4.8165746,-2.0643004,1.569590397,24.53055564,-7.787755687,21.39700802,3.085401893,4.201302525,0.605818662
1.3885506,4.775498567,-2.045143967,1.569145043,24.32135761,-7.71548635,21.19658644,3.076625441,4.161949748,0.604095405
1.387570567,4.735642267,-2.026904433,1.568702538,24.11837162,-7.646676098,21.00575781,3.064468084,4.124480545,0.601708308
1.3864758,4.696819167,-2.017040433,1.568131366,23.92064765,-7.609463286,20.90255705,2.969944881,4.104217076,0.583148677
1.385445067,4.656738767,-2.0076525,1.567641183,23.71652033,-7.574046478,20.80433707,2.864037533,4.084931584,0.56235377
1.384431933,4.617071667,-1.9857276,1.567163027,23.51449792,-7.491332855,20.57495079,2.891401409,4.039891587,0.567726667
1.383434067,4.577876567,-1.970986033,1.566693771,23.31487938,-7.435718992,20.42071915,2.846014507,4.009608205,0.558814948
1.382469,4.539151367,-1.9555871,1.566250979,23.11765402,-7.377625156,20.2596099,2.80989839,3.977974405,0.551723549
1.381465267,4.501046033,-1.942667467,1.565761159,22.9235856,-7.328884697,20.12444,2.750999882,3.951433793,0.540158827
1.380465233,4.463812833,-1.934682033,1.565263278,22.73395892,-7.298758944,20.04089349,2.644919705,3.935029436,0.519329984
1.379399833,4.423508833,-1.915503067,1.564741444,22.52869281,-7.226404598,19.84023616,2.640310929,3.895630369,0.518425051
1.378341633,4.3842179,-1.909462567,1.564213148,22.3285862,-7.203616277,19.77703825,2.503402227,3.88322146,0.491543027
1.3772937,4.340888167,-1.8787504,1.563749588,22.10791019,-7.087751915,19.45571638,2.60404809,3.820129911,0.511304843
1.376281567,4.299340733,-1.8601833,1.563297791,21.89631135,-7.017705889,19.26146062,2.586705004,3.781987793,0.507899527
1.375272367,4.263683933,-1.8558294,1.562769483,21.71471318,-7.001280416,19.21590853,2.450658924,3.77304364,0.48118688
1.374271067,4.225511733,-1.839887267,1.562282998,21.52030422,-6.94113731,19.04911613,2.423042362,3.740293952,0.475764368
1.373298633,4.187581033,-1.822375333,1.561822124,21.3271252,-6.875071994,18.86589991,2.413079566,3.704319447,0.473808173
1.372279367,4.149250267,-1.804516833,1.561319811,21.13190867,-6.807699224,18.67905778,2.404705159,3.667632995,0.472163858
1.3712835,4.111765533,-1.7915255,1.560829489,20.94100093,-6.758688271,18.54313772,2.349717485,3.640945092,0.461367028
1.370263867,4.074377833,-1.7761032,1.560314091,20.75058739,-6.700506281,18.38178401,2.320657654,3.60926329,0.45566113
1.3692902,4.037300533,-1.762716433,1.559840473,20.56175469,-6.650003521,18.24172678,2.271882183,3.581763053,0.446084067
1.368286667,3.9972894,-1.737955967,1.559376557,20.35798014,-6.556592472,17.98267377,2.327160646,3.530897994,0.456937993
1.367295033,3.9621427,-1.733748767,1.558858935,20.17897988,-6.540720439,17.93865651,2.19217765,3.522255205,0.430434082
1.366310233,3.922834367,-1.7117496,1.558404274,19.97878465,-6.457726638,17.70849322,2.22214571,3.477062643,0.43631831
1.3652936,3.8863964,-1.704440267,1.557879067,19.79320805,-6.430151532,17.63202031,2.113042009,3.462047188,0.414895799
1.364264933,3.850137467,-1.690246667,1.557339413,19.60854325,-6.376604922,17.4835217,2.07687582,3.432889486,0.407794567
1.363258767,3.812827833,-1.6738546,1.556836429,19.41852729,-6.314764402,17.31202193,2.058359631,3.399215507,0.404158913
1.362275433,3.775271733,-1.657438633,1.556359602,19.22725609,-6.252833717,17.14027211,2.03883825,3.36549243,0.40032589
1.3612328,3.738795267,-1.641761933,1.555808915,19.04148341,-6.193691981,16.97625677,2.017080907,3.333288017,0.396053836
1.3603048,3.703317433,-1.6331503,1.555359392,18.86079671,-6.161203833,16.88615873,1.926492251,3.315597267,0.378266753
1.3592871,3.6648779,-1.613858233,1.554860113,18.66502623,-6.088422807,16.68431811,1.932562397,3.27596586,0.379458627
1.3582842,3.628905533,-1.601907633,1.554342361,18.4818209,-6.043338112,16.55928658,1.874388594,3.25141592,0.3680362
1.357278133,3.592273233,-1.589879667,1.553830342,18.29525456,-5.997961545,16.43344561,1.813663224,3.226707046,0.356112774
1.356244567,3.553299433,-1.564707467,1.553322402,18.09676309,-5.902997196,16.17008489,1.878532474,3.174996169,0.368849851
1.355251733,3.5176689,-1.555366867,1.552810105,17.9152987,-5.867758957,16.07236014,1.79479284,3.155807913,0.352407574
1.354259767,3.4815628,-1.538815533,1.55230509,17.73141227,-5.805317589,15.89919406,1.784072487,3.121806754,0.350302633
1.3532502,3.4443066,-1.524044233,1.551797985,17.54166845,-5.749591554,15.74465134,1.748871379,3.091462291,0.343390895
1.352281867,3.4098509,-1.513750333,1.551294344,17.36618742,-5.710756907,15.63695282,1.68108888,3.070315685,0.330081802
1.351277667,3.3747181,-1.503083567,1.550763969,17.18725796,-5.670515587,15.52535322,1.613759013,3.048403105,0.316861582
1.350254333,3.339007133,-1.4905719,1.550222257,17.00538392,-5.623314219,15.39445161,1.562786589,3.022700573,0.306853147
1.3492756,3.299636833,-1.461471967,1.549774498,16.8048731,-5.513532149,15.08999751,1.666729862,2.962921012,0.327262408
1.3482553,3.266279033,-1.458808933,1.549204083,16.63498362,-5.50348562,15.06213589,1.524702003,2.957450382,0.299375238
1.347263333,3.229091333,-1.4363711,1.548713655,16.44558866,-5.418836911,14.82738311,1.570059825,2.911356673,0.308281247
1.3462748,3.1950192,-1.430067333,1.548184641,16.27206112,-5.395055394,14.76143081,1.462484582,2.898406939,0.287158848
1.345256,3.157838633,-1.4100075,1.547667283,16.08270249,-5.3193779,14.55155753,1.482999233,2.857198321,0.291186899
1.3442449,3.122754267,-1.396596767,1.547129354,15.90401969,-5.268784724,14.41124956,1.444624412,2.82964885,0.283652003
1.3432657,3.086993467,-1.3788714,1.546632448,15.72189186,-5.201914211,14.22580032,1.447945817,2.793235892,0.284304161
1.342276967,3.051074367,-1.3671057,1.546128144,15.53895781,-5.157527068,14.10270328,1.388108807,2.769065789,0.272555164
1.341270433,3.015678567,-1.349081367,1.545598982,15.35868891,-5.089528678,13.91412614,1.396417036,2.732038668,0.274186485
1.340273733,2.980687567,-1.332700567,1.545074194,15.18048162,-5.027730662,13.74274425,1.389591646,2.698387834,0.27284632
1.339283267,2.945764267,-1.318626467,1.544554726,15.00261913,-4.974634876,13.59549589,1.358977513,2.669475619,0.266835235
1.3382904,2.912608467,-1.3150963,1.54400902,14.83375842,-4.961317011,13.55856201,1.227050694,2.66222365,0.240931404
1.3372649,2.876051833,-1.294716667,1.543476548,14.64757746,-4.884433043,13.34534286,1.254088867,2.620358071,0.246240349
1.3362659,2.841402067,-1.278343633,1.542944857,14.47110806,-4.822664328,13.17404223,1.248920102,2.586723192,0.245225462
1.3352902,2.8076365,-1.2687961,1.542424542,14.29914184,-4.786645414,13.07415246,1.176843654,2.567109835,0.231073251
1.334280533,2.771899867,-1.249554033,1.541896844,14.11713709,-4.714053017,12.87283495,1.196156406,2.527581143,0.23486531
1.3332511,2.739109433,-1.2443511,1.541309644,13.95013717,-4.694424492,12.81839997,1.083591474,2.516892834,0.212763186
1.3322452,2.702675167,-1.2182913,1.540795121,13.76457941,-4.596111593,12.54575286,1.170680825,2.463358573,0.22986318
1.331259,2.6704367,-1.215496167,1.54024371,13.60039063,-4.585566706,12.51650915,1.035735749,2.457616573,0.203366714
1.3302758,2.6344843,-1.1950728,1.539745388,13.41728699,-4.50851775,12.30283246,1.066308804,2.415661153,0.209369734
1.329298867,2.601298967,-1.181686633,1.539216015,13.24827587,-4.458017253,12.16278151,1.037348633,2.388162149,0.203683404
1.328261267,2.567672267,-1.164013167,1.538631927,13.07701689,-4.391342538,11.97787527,1.050995898,2.351855809,0.206363045
1.327282867,2.5333132,-1.152001333,1.538116916,12.90202801,-4.346026836,11.8522031,1.001679191,2.327180078,0.196679709
1.326224633,2.501066833,-1.141612033,1.537493579,12.737799,-4.306832283,11.74350646,0.946146816,2.305837493,0.185775927
1.325264367,2.466474567,-1.1216858,1.536999846,12.56162244,-4.231658807,11.53503095,0.978445767,2.264903327,0.192117826
1.324251,2.4326999,-1.105112833,1.536441987,12.38960988,-4.169135826,11.36163854,0.979825615,2.230857727,0.192388759
1.3232644,2.401942567,-1.105132133,1.535870201,12.23296443,-4.169208637,11.36184046,0.822978245,2.230897375,0.161591778
1.322271833,2.368436033,-1.085229133,1.535329526,12.06231746,-4.09412281,11.15360803,0.860563702,2.190010937,0.168971683
1.3213112,2.3369604,-1.075691433,1.534793394,11.90201375,-4.058140994,11.05382114,0.800046882,2.170417782,0.157089205
1.320275667,2.302240533,-1.0546106,1.534226116,11.72518734,-3.978611687,10.83326579,0.843775819,2.127111738,0.165675382
1.3192798,2.2707688,-1.050874343,1.533654698,11.56490349,-3.964516329,10.79417571,0.722582049,2.119436401,0.141878985
1.318263867,2.2374363,-1.032976377,1.533088309,11.39514286,-3.896994668,10.60692067,0.74007646,2.082668874,0.145314013
1.317266367,2.205481533,-1.02036172,1.532521772,11.23239895,-3.849404761,10.47494154,0.70931168,2.056754772,0.139273348
1.316271933,2.173203933,-1.003721317,1.531962656,11.06801086,-3.786627369,10.30084358,0.719021555,2.022570638,0.141179882
1.3152928,2.1411376,-0.98975045,1.531415991,10.90469875,-3.73392104,10.15467529,0.701877735,1.993870494,0.137813693
1.314291667,2.1090792,-0.977899877,1.530847219,10.74142704,-3.689213705,10.03069028,0.662591038,1.969526036,0.13009975
1.3132786,2.0768402,-0.962952157,1.530268949,10.57723555,-3.63282211,9.874301792,0.654788031,1.938819157,0.12856763
1.3122476,2.045479667,-0.952101827,1.529660898,10.41751804,-3.591888281,9.76078169,0.608590622,1.916529485,0.119496769
1.311273967,2.014129733,-0.940568307,1.52911007,10.25785451,-3.548377058,9.640113805,0.569594981,1.892836346,0.111839974
1.310269633,1.982538967,-0.924036223,1.528531791,10.09696443,-3.486008312,9.467149132,0.581669577,1.858874732,0.114210821
1.309289467,1.9500551,-0.904708427,1.527989724,9.931525847,-3.413092491,9.264934687,0.618445434,1.819169926,0.121431761
1.308248,1.9220065,-0.906659043,1.527326539,9.788675834,-3.420451365,9.285342749,0.45518736,1.823177049,0.089376038
1.3072777,1.889365967,-0.883732597,1.526796451,9.622439351,-3.333959319,9.045477918,0.528815708,1.776079589,0.103832964
1.3062275,1.858886967,-0.872737667,1.526157311,9.467211442,-3.292479974,8.930444958,0.488620758,1.753492868,0.095940686
1.305224633,1.828020167,-0.85998579,1.525570735,9.310008488,-3.244372392,8.797030183,0.46483258,1.727296876,0.091269877
1.304231033,1.7973728,-0.844223357,1.524990466,9.153923097,-3.184907219,8.632117867,0.473659504,1.694916343,0.093003044
1.303235933,1.7671285,-0.830462713,1.52440326,8.999890502,-3.132993976,8.488149008,0.463595768,1.666648058,0.091027029
1.302255267,1.737893333,-0.822141807,1.523816879,8.850997369,-3.101602621,8.401092653,0.40175899,1.649554542,0.078885378
1.3012776,1.707678667,-0.805917937,1.523246707,8.697115695,-3.040396637,8.23135262,0.41761735,1.616226087,0.081999167
1.3002558,1.678034933,-0.794917763,1.522624702,8.546141754,-2.998897511,8.116264802,0.381731226,1.593628594,0.074952926
1.299279567,1.649091367,-0.783855797,1.522038821,8.398733724,-2.957165265,8.00053048,0.350057518,1.57090416,0.068733794
1.2982838,1.6200024,-0.770615977,1.521435368,8.25058518,-2.907216874,7.862010664,0.34042879,1.543705794,0.066843193
1.297251933,1.5912748,-0.75977393,1.520790941,8.104277056,-2.866314294,7.748577225,0.307554106,1.521433138,0.060388249
1.296275333,1.5625384,-0.74774752,1.520201899,7.957924115,-2.8209436,7.622752545,0.287025844,1.496727462,0.056357525
1.295277933,1.533167467,-0.733687617,1.519600615,7.80833953,-2.767901372,7.475652719,0.284541086,1.467844411,0.055869642
1.294299833,1.5048032,-0.72304527,1.519005054,7.663881844,-2.727752179,7.364308614,0.251427504,1.445981996,0.04936779
1.2932735,1.475794933,-0.70768126,1.518369946,7.5161443,-2.669790093,7.203564749,0.264433826,1.414419938,0.051921582
1.292254967,1.448669267,-0.700817543,1.517717247,7.377994737,-2.643896115,7.131754046,0.198094965,1.400319907,0.038895946
1.291263033,1.419223867,-0.679307183,1.517122434,7.228030897,-2.562746381,6.90670483,0.273180342,1.356131493,0.05363896
1.290295967,1.393494433,-0.677217183,1.516502372,7.096992276,-2.554861672,6.884838489,0.164008061,1.351838037,0.032202983
1.289253033,1.365891867,-0.665297547,1.515831705,6.956413887,-2.509893789,6.760130911,0.14813725,1.327351704,0.029086749
1.288247567,1.337586,-0.6479011,1.51520799,6.812253629,-2.444264157,6.578122954,0.185984949,1.291614442,0.036518145
1.287289033,1.3103131,-0.63588802,1.514617277,6.673354214,-2.398943751,6.452437738,0.172770751,1.26693615,0.033923537
1.286280967,1.2836611,-0.622710367,1.513968657,6.53761701,-2.349229889,6.314568332,0.174902953,1.239865492,0.034342195
1.2852744,1.257795667,-0.617568573,1.513310929,6.405885748,-2.329832019,6.260773018,0.096967004,1.229302782,0.019039471
1.284272,1.230798367,-0.601172723,1.512672633,6.26838995,-2.267977226,6.089233667,0.131010557,1.195621031,0.025723923
1.2832575,1.2047793,-0.588988023,1.512009043,6.135876241,-2.222009369,5.9617529,0.125977616,1.170590182,0.024735705
1.282303467,1.179531333,-0.580802403,1.511395521,6.007289704,-2.191128394,5.876111964,0.083032014,1.153774584,0.016303336
1.281257367,1.154370267,-0.572942417,1.51068876,5.879145743,-2.161475899,5.793877923,0.037122095,1.13762793,0.007288923
1.2802621,1.127636867,-0.556215327,1.510054037,5.742993973,-2.098371474,5.618873018,0.07597523,1.103265717,0.014917736
1.279256967,1.1029717,-0.547228713,1.509381555,5.617375605,-2.064468681,5.524851798,0.044378081,1.084804651,0.008713636
1.278271867,1.077651667,-0.5341568,1.508737938,5.488422035,-2.015153733,5.388088682,0.052187628,1.057951213,0.010247041
1.277264433,1.05329688,-0.52400438,1.508058969,5.364384416,-1.976852831,5.281870369,0.034368321,1.037095247,0.00674822
1.2762838,1.028609547,-0.513063643,1.507411286,5.238653153,-1.935577935,5.167404399,0.023103029,1.014619854,0.00453628
1.275230333,1.004650027,-0.50449904,1.506680953,5.116628605,-1.903267212,5.077798401,-0.009315522,0.997025716,-0.001829103
1.274300667,0.98087143,-0.493654797,1.506071981,4.99552549,-1.862356346,4.96434198,-0.016962216,0.974748548,-0.003330531
1.273254067,0.95661161,-0.480596373,1.505352565,4.87197153,-1.81309229,4.827720002,-0.003894197,0.947922822,-0.000764626
1.2722993,0.93497898,-0.472594877,1.50468955,4.761797708,-1.782905937,4.744005431,-0.030353448,0.931485466,-0.0059599
1.2712774,0.912025947,-0.46105653,1.50397721,4.644899143,-1.739376504,4.623287048,-0.026533631,0.907782412,-0.005209878
1.270306933,0.889060713,-0.45091899,1.503316468,4.527938443,-1.701131739,4.517224414,-0.037431697,0.886957014,-0.007349714
1.2692619,0.865919093,-0.438380757,1.502583538,4.410079416,-1.653830145,4.386044853,-0.024111163,0.861199907,-0.004734227
1.268284567,0.84459287,-0.432291547,1.501893824,4.301466106,-1.630858063,4.322337322,-0.069016941,0.848690933,-0.013551476
1.267227633,0.82365326,-0.42149344,1.501119296,4.194821798,-1.590121251,4.209363599,-0.062687527,0.826508543,-0.012308696
1.266280667,0.80175237,-0.41145913,1.5004677,4.083281742,-1.55226593,4.104380995,-0.069244979,0.805895208,-0.013596252
1.265245,0.780491153,-0.40266511,1.499718776,3.974999508,-1.519089712,4.012374757,-0.085520975,0.787829783,-0.016792043
1.264298867,0.759687303,-0.39468829,1.499053217,3.869046617,-1.488996454,3.928918362,-0.10801747,0.77144312,-0.02120923
1.2632725,0.73839418,-0.38434103,1.498314024,3.760601884,-1.449960501,3.820661561,-0.108205403,0.750186898,-0.021246131
1.262289233,0.71781516,-0.375434667,1.4976083,3.655794041,-1.416360458,3.727479946,-0.11983163,0.731890687,-0.023528941
1.261271633,0.69756788,-0.36644543,1.496863768,3.552675732,-1.382447769,3.63343128,-0.128901273,0.713424232,-0.025309765
1.260274833,0.677401263,-0.35733414,1.496138948,3.449968237,-1.348074622,3.538105647,-0.136283136,0.694707044,-0.026759194
1.259277533,0.6577968,-0.34838307,1.495406047,3.350123759,-1.314305919,3.444456295,-0.142478262,0.676318993,-0.027975607
1.2582641,0.638573053,-0.340170273,1.494651878,3.25221825,-1.283322418,3.358531026,-0.154458502,0.659447567,-0.030327927
1.257275033,0.619341673,-0.332097183,1.493922179,3.154273865,-1.252865973,3.27406742,-0.167939281,0.642863138,-0.032974878
1.256291833,0.60051741,-0.323670823,1.493192855,3.058402903,-1.221076785,3.185907774,-0.175650597,0.625552992,-0.034488995
1.255267233,0.581602433,-0.31343782,1.492423355,2.962069943,-1.182471875,3.078846369,-0.164922151,0.604531484,-0.032382464
1.254269533,0.56344994,-0.306160213,1.491670472,2.86962027,-1.155016461,3.002705399,-0.181230854,0.589581205,-0.035584678
1.253270767,0.545684517,-0.298973203,1.490911301,2.779141923,-1.127902831,2.927512284,-0.196516086,0.574817037,-0.038585933
1.252266133,0.528187087,-0.290422123,1.49014265,2.690028453,-1.095643126,2.838047772,-0.196165045,0.55725068,-0.038517007
1.251266467,0.511110127,-0.28348429,1.489373295,2.603056413,-1.069469536,2.765461634,-0.210550947,0.542998392,-0.041341678
1.250268533,0.49393358,-0.27542,1.488607016,2.515577184,-1.03904629,2.681090097,-0.213658639,0.52643204,-0.041951874
1.2492772,0.476294687,-0.26670053,1.487853572,2.425743248,-1.006151319,2.589863828,-0.212266305,0.508519763,-0.041678489
1.248144033,0.459013123,-0.25979144,1.486953476,2.337729174,-0.980086166,2.517578413,-0.227994964,0.494326521,-0.044766811
1.247190333,0.442599237,-0.250782913,1.486221145,2.254134131,-0.946100703,2.423327928,-0.217339522,0.475820439,-0.042674615
1.2460702,0.42556999,-0.24387607,1.485330679,2.167405093,-0.920044026,2.351066019,-0.231806651,0.461631813,-0.045515236
1.244987933,0.408119163,-0.2353826,1.484483766,2.07852897,-0.88800166,2.262204244,-0.231820999,0.444183803,-0.045518053
1.2440094,0.392704317,-0.227414587,1.483713128,2.000021985,-0.857941625,2.178839988,-0.226963729,0.427815232,-0.044564328
1.2430094,0.378311427,-0.222502253,1.48290724,1.926719769,-0.839409414,2.127445368,-0.248871325,0.417723898,-0.048865885
1.241955267,0.36377147,-0.215361123,1.482049202,1.852668551,-0.81246887,2.052732267,-0.248209441,0.403053981,-0.048735924
1.240986467,0.34966321,-0.208475687,1.481270676,1.780815941,-0.786492952,1.980694322,-0.248024106,0.38890933,-0.048699533
1.239967233,0.336235107,-0.202450463,1.480432543,1.712427332,-0.763762264,1.917656242,-0.253374635,0.376531803,-0.04975011
1.238990867,0.322919667,-0.196918963,1.479635757,1.644612512,-0.742894191,1.859783676,-0.263316889,0.365168525,-0.051702271
1.237958833,0.30982822,-0.191234787,1.478780283,1.577938477,-0.721450133,1.80031375,-0.270520998,0.353491605,-0.053116798
1.2369685,0.2970301,-0.185155953,1.477962554,1.51275834,-0.698517197,1.736714783,-0.272102169,0.341003948,-0.053427261
1.235983433,0.28451513,-0.179387563,1.477146273,1.44902027,-0.676755436,1.676363787,-0.275489243,0.32915403,-0.054092313
1.234979467,0.27261383,-0.175491173,1.476302815,1.388407588,-0.66205596,1.635598336,-0.295336473,0.321149733,-0.057989317
1.233963433,0.260679153,-0.168208743,1.47544774,1.327624921,-0.634582349,1.559406903,-0.279927707,0.306189545,-0.054963805
1.2330094,0.249337963,-0.163075693,1.474646662,1.26986485,-0.615217465,1.505703065,-0.283983941,0.295644797,-0.055760247
1.2319777,0.238005323,-0.15786555,1.473767802,1.212148324,-0.595561738,1.451192649,-0.287190051,0.284941677,-0.056389767
1.2309394,0.22716578,-0.152967783,1.472875691,1.156943112,-0.577084481,1.399950431,-0.291153045,0.274880267,-0.0571679
1.2299802,0.216663603,-0.149381037,1.47205813,1.10345609,-0.563553162,1.362424582,-0.307114217,0.267512067,-0.060301877
1.228990167,0.206303427,-0.14392082,1.471207821,1.050692267,-0.542954012,1.305297808,-0.302751266,0.256295225,-0.059445211
1.227943633,0.196240907,-0.139546477,1.470296998,0.999444394,-0.526451415,1.259531836,-0.308233168,0.247309076,-0.060521582
1.226974633,0.186731807,-0.13454789,1.469456244,0.951015058,-0.507593805,1.207234802,-0.30436547,0.237040553,-0.05976216
1.225987633,0.17738659,-0.130766273,1.46859528,0.903420372,-0.493327322,1.167670152,-0.312395506,0.229272034,-0.061338858
1.2249717,0.168144723,-0.126531567,1.467703988,0.856352041,-0.477351517,1.123365109,-0.315158794,0.220572739,-0.061881429
1.223962133,0.159329037,-0.123029127,1.466813316,0.811454223,-0.464138253,1.086721307,-0.32341281,0.213377729,-0.063502105
1.222969533,0.150726633,-0.119001187,1.465936733,0.767642645,-0.448942493,1.044579533,-0.325082613,0.205103191,-0.063829971
1.221986333,0.142237127,-0.114505343,1.465068029,0.724406044,-0.431981527,0.997542383,-0.321282065,0.195867447,-0.063083733
1.220990333,0.134415453,-0.11124214,1.464177517,0.684570682,-0.419670804,0.963401562,-0.326976606,0.189163897,-0.064201857
1.219984967,0.126684033,-0.107071657,1.463276421,0.645194975,-0.403937288,0.919768451,-0.322719201,0.180596535,-0.063365915
1.2190203,0.119087157,-0.104349255,1.462414211,0.60650449,-0.393666785,0.891285687,-0.332926922,0.175003945,-0.065370201
1.218020267,0.111649604,-0.100735515,1.461514486,0.568625434,-0.380033631,0.853477423,-0.332997715,0.167580292,-0.065384101
1.216984567,0.104628272,-0.097585331,1.46057348,0.532866166,-0.368149286,0.820519059,-0.335798618,0.161108917,-0.065934059
1.215996967,0.097871306,-0.094333286,1.459677009,0.498453304,-0.355880659,0.78649498,-0.336187401,0.154428289,-0.066010396
1.215009533,0.091295138,-0.091645109,1.458778266,0.464961232,-0.345739273,0.75837029,-0.341554783,0.148906006,-0.067064282
1.2140342,0.085144935,-0.088466468,1.457885879,0.433638577,-0.333747567,0.725114187,-0.339621336,0.142376171,-0.066684649
1.213026867,0.079042432,-0.085560094,1.456960848,0.402558861,-0.322783015,0.694706645,-0.340293509,0.13640565,-0.066816631
1.212006567,0.07305865,-0.083164389,1.456021249,0.372083779,-0.313745006,0.669641907,-0.345703853,0.131484188,-0.067878952
1.210987433,0.06739608,-0.080881571,1.455078485,0.343244613,-0.305132873,0.645758234,-0.350659347,0.126794629,-0.068851963
1.209961,0.06187906,-0.077966782,1.454126458,0.315146728,-0.294136575,0.615262654,-0.348261652,0.120806822,-0.068381175
1.209003733,0.056606716,-0.07547007,1.453240297,0.288294963,-0.284717509,0.589141144,-0.348991907,0.115677864,-0.068524561
1.207923267,0.050857408,-0.073023379,1.45223737,0.259014048,-0.275487151,0.563542972,-0.35267465,0.110651663,-0.069247667
1.206904367,0.045443121,-0.070708166,1.45129149,0.231439375,-0.266752804,0.539320368,-0.356026718,0.105895554,-0.069905846
1.205804933,0.039526292,-0.068191113,1.450271855,0.201305281,-0.257257001,0.51298605,-0.359826494,0.100724811,-0.070651932
1.2047543,0.03451126,-0.0664907,1.449288858,0.175763993,-0.25084204,0.495195703,-0.367577436,0.097231676,-0.07217383
1.203653733,0.029461325,-0.064127111,1.448256398,0.150044945,-0.241925193,0.470466978,-0.368567758,0.092376191,-0.072368279
1.2026598,0.025302626,-0.061864562,1.447318552,0.128864913,-0.233389529,0.44679537,-0.366076183,0.087728271,-0.071879059
1.2016574,0.021508294,-0.060213815,1.446367325,0.109540586,-0.22716194,0.429524654,-0.368129794,0.084337166,-0.072282285
1.200675667,0.017924958,-0.058382504,1.445433919,0.091290848,-0.220253155,0.410364805,-0.367219683,0.080575129,-0.072103585
1.199657633,0.014213301,-0.056967971,1.444465943,0.072387579,-0.214916706,0.395565453,-0.371323599,0.077669277,-0.072909389
1.198680467,0.010676328,-0.055307504,1.443536479,0.054373965,-0.208652447,0.378193039,-0.3719648,0.074258203,-0.073035288
1.197670967,0.007359554,-0.053735487,1.442571711,0.037481811,-0.202721873,0.361746025,-0.372409939,0.071028832,-0.073122692
1.196680133,0.00422116,-0.052673782,1.441623204,0.021498143,-0.198716498,0.350638081,-0.377285663,0.068847787,-0.07408004
1.195669867,0.001213546,-0.051346419,1.4406535,0.006180525,-0.193708903,0.336750726,-0.378715927,0.066121005,-0.074360872
1.194699133,-0.001549322,-0.049749918,1.439720029,-0.007890611,-0.187685963,0.320047555,-0.376083892,0.062841337,-0.073844072
1.193661333,-0.00440744,-0.048405805,1.438720775,-0.022446854,-0.182615178,0.305984955,-0.376577535,0.060080146,-0.073940999
1.192667,-0.007149673,-0.047557643,1.437763425,-0.036412899,-0.179415412,0.297111176,-0.3816698,0.058337779,-0.074940865
1.1916862,-0.009776574,-0.046715715,1.436818053,-0.049791567,-0.176239164,0.288302619,-0.386239911,0.056608219,-0.075838207
1.190663367,-0.012158827,-0.045993855,1.435827349,-0.061924252,-0.173515881,0.28075025,-0.390820228,0.055125312,-0.076737552
1.189651833,-0.014496449,-0.045160911,1.434847342,-0.073829634,-0.170373528,0.27203569,-0.394011049,0.053414208,-0.07736407
1.188673533,-0.016545551,-0.044488403,1.433896678,-0.084265601,-0.167836431,0.264999663,-0.397410989,0.052032684,-0.078031648
1.1876721,-0.018695583,-0.043757534,1.432924241,-0.0952156,-0.165079164,0.257353049,-0.400714374,0.050531271,-0.078680267
1.186657933,-0.020747916,-0.042531529,1.431937754,-0.105668021,-0.160453951,0.244526135,-0.398339882,0.048012707,-0.078214036
1.185673433,-0.022594391,-0.041749105,1.430978156,-0.115072018,-0.157502187,0.23634013,-0.399557873,0.046405385,-0.078453188
1.1846504,-0.024480651,-0.040829234,1.429980562,-0.12467864,-0.154031892,0.226716105,-0.39954047,0.044515707,-0.078449771
1.183652267,-0.026229027,-0.039983594,1.429006009,-0.133583025,-0.150841642,0.217868715,-0.399597465,0.042778522,-0.078460962
1.182653967,-0.027723057,-0.03942034,1.428027858,-0.141192038,-0.148716716,0.211975746,-0.40131351,0.041621438,-0.078797908
1.181687433,-0.02917909,-0.038510786,1.427080962,-0.148607538,-0.145285342,0.202459658,-0.399212921,0.039752954,-0.078385457
1.180652833,-0.030797943,-0.037884235,1.426068195,-0.156852271,-0.142921626,0.19590446,-0.400902456,0.038465841,-0.078717197
1.179656233,-0.032249961,-0.037133285,1.425091178,-0.16424732,-0.140088599,0.188047744,-0.40044079,0.036923175,-0.078626549
1.178657133,-0.033555302,-0.036641453,1.424109683,-0.170895348,-0.138233118,0.182902015,-0.401943089,0.035912811,-0.078921526
1.1776954,-0.034861836,-0.03608783,1.42316557,-0.177549456,-0.136144527,0.17710981,-0.402804991,0.034775511,-0.07909076
1.1766795,-0.036087683,-0.03561327,1.422166203,-0.183792632,-0.134354207,0.172144791,-0.404083148,0.03380063,-0.079341726
1.1756878,-0.037076666,-0.034681767,1.421187841,-0.188829466,-0.130840032,0.162399074,-0.399374266,0.031887058,-0.078417137
1.174692433,-0.038126872,-0.034289138,1.420206638,-0.194178112,-0.129358803,0.158291243,-0.400615081,0.031080486,-0.078660771
1.1736864,-0.039318943,-0.033672729,1.419216681,-0.200249264,-0.127033345,0.151842144,-0.400237134,0.029814205,-0.078586561
1.1726398,-0.040231207,-0.033161969,1.418182385,-0.204895374,-0.12510646,0.146498394,-0.399539494,0.02876496,-0.07844958
1.171696667,-0.041139804,-0.032758312,1.417251505,-0.209522811,-0.123583626,0.142275181,-0.399943718,0.027935732,-0.078528949
1.1706638,-0.042060053,-0.032171223,1.41623105,-0.214209592,-0.121368783,0.136132849,-0.398488166,0.026729685,-0.078243151
1.169662667,-0.042719569,-0.032008679,1.415238811,-0.21756847,-0.120755571,0.134432254,-0.400146449,0.026395773,-0.078568755
1.1686973,-0.043411727,-0.031610693,1.414282779,-0.221093593,-0.119254134,0.13026838,-0.399507699,0.025578196,-0.078443337
1.167672467,-0.044246221,-0.031234897,1.413269201,-0.225343628,-0.117836409,0.126336662,-0.399826015,0.024806204,-0.078505838
1.1667039,-0.044987299,-0.030961771,1.412310629,-0.229117895,-0.116806019,0.123479122,-0.400742742,0.024245126,-0.078685837
1.165672967,-0.045657758,-0.030541022,1.411288738,-0.232532507,-0.115218704,0.119077089,-0.399755321,0.023380786,-0.078491957
1.164654767,-0.046193643,-0.030182544,1.410277765,-0.235261742,-0.113866313,0.115326558,-0.398734026,0.02264437,-0.078291426
1.163669867,-0.046762815,-0.029843167,1.409300541,-0.238160506,-0.112585984,0.111775873,-0.398082104,0.021947193,-0.078163421
1.162690367,-0.047092712,-0.029420882,1.40832549,-0.239840654,-0.110992877,0.107357777,-0.395344156,0.021079699,-0.077625825
1.1616703,-0.047637234,-0.028908049,1.407312767,-0.242613873,-0.109058171,0.101992335,-0.392751933,0.020026195,-0.077116842
1.160679433,-0.048119851,-0.028726747,1.40632841,-0.245071817,-0.108374192,0.100095484,-0.393313026,0.019653748,-0.077227013
1.15965,-0.04847409,-0.028749475,1.405303754,-0.246875934,-0.108459934,0.100333269,-0.395354928,0.019700437,-0.07762794
1.1586696,-0.048968303,-0.028393761,1.404330019,-0.249392934,-0.107117973,0.096611663,-0.394150323,0.0189697,-0.077391416
1.157660167,-0.049320926,-0.027973117,1.403325342,-0.251188828,-0.105531057,0.092210736,-0.391545289,0.018105578,-0.076879918
1.156660567,-0.049498473,-0.027902757,1.402328136,-0.252093065,-0.105265617,0.0914746,-0.391713391,0.017961038,-0.076912924
1.155642833,-0.049812481,-0.027408993,1.401314638,-0.253692288,-0.103402847,0.086308658,-0.388146671,0.016946705,-0.076212599
1.154674533,-0.050159894,-0.027350039,1.400351023,-0.255461645,-0.103180438,0.08569186,-0.38929923,0.016825597,-0.076438904
1.153681233,-0.050456026,-0.027014929,1.399361717,-0.256969829,-0.101916207,0.082185821,-0.387301376,0.016137186,-0.076046625
1.1526685,-0.050792579,-0.026886562,1.398353523,-0.258683874,-0.101431932,0.080842802,-0.387672401,0.015873484,-0.076119476
1.151652267,-0.050923623,-0.026766559,1.397339057,-0.259351276,-0.100979209,0.079587283,-0.387084285,0.015626963,-0.076003999
1.1506655,-0.051053978,-0.026733969,1.396354048,-0.260015168,-0.100856262,0.079246318,-0.387407212,0.015560015,-0.076067406
1.1496447,-0.051085306,-0.026696433,1.39533367,-0.260174719,-0.100714653,0.0788536,-0.387174044,0.015482904,-0.076021623
1.148676533,-0.051387904,-0.026431368,1.394369585,-0.261715832,-0.099714672,0.076080393,-0.385941951,0.014938385,-0.075779702
1.147668067,-0.051601488,-0.026309015,1.393363999,-0.262803606,-0.099253084,0.074800291,-0.385749623,0.014687037,-0.075741938
1.1466729,-0.051698995,-0.025804263,1.392370147,-0.263300205,-0.097348864,0.069519396,-0.380965327,0.013650133,-0.074802542
1.145655667,-0.051802204,-0.025707628,1.391354306,-0.263825843,-0.0969843,0.068508365,-0.380479934,0.013451618,-0.074707235
1.1446637,-0.051874903,-0.025474658,1.39036332,-0.264196095,-0.096105399,0.066070945,-0.378412766,0.01297303,-0.074301347
1.1436711,-0.05178992,-0.025602321,1.389369573,-0.263763278,-0.096587017,0.067406598,-0.379315602,0.013235286,-0.074478618
1.1426512,-0.051908353,-0.025428929,1.388351271,-0.264366453,-0.095932881,0.065592508,-0.378104686,0.012879089,-0.074240855
1.141678433,-0.052050557,-0.02535296,1.387380422,-0.265090692,-0.095646283,0.064797699,-0.378034117,0.012723028,-0.074226999
1.1407003,-0.052134521,-0.025189208,1.386403421,-0.265518316,-0.095028513,0.063084463,-0.376748504,0.012386634,-0.073974569
1.139673433,-0.052218929,-0.024879428,1.385377693,-0.2659482,-0.093859842,0.059843435,-0.37393736,0.011750259,-0.073422601
1.138692167,-0.052192718,-0.024670435,1.384396072,-0.265814707,-0.093071396,0.057656871,-0.371617303,0.011320927,-0.072967057
1.1376913,-0.05206178,-0.024438411,1.38339344,-0.265147848,-0.092196064,0.055229348,-0.368522922,0.010844282,-0.072359476
1.136675833,-0.051902874,-0.02413729,1.38237583,-0.264338549,-0.091060058,0.05207891,-0.364563184,0.010225694,-0.071581981
1.135681067,-0.051926376,-0.024433792,1.38138138,-0.264458241,-0.092178638,0.055181022,-0.367784989,0.010834794,-0.072214583
1.1346868,-0.051970838,-0.02461081,1.380387713,-0.264684687,-0.092846456,0.057033053,-0.369863465,0.01119844,-0.072622691
1.133667567,-0.051969023,-0.024474163,1.379368456,-0.264675442,-0.092330942,0.055603398,-0.368424566,0.010917727,-0.072340163
1.132665767,-0.051951334,-0.024247602,1.378366417,-0.264585353,-0.09147622,0.053233035,-0.365964113,0.010452306,-0.071857054
1.131653733,-0.051794513,-0.024159733,1.377352269,-0.263786672,-0.091144728,0.052313721,-0.364246118,0.010271799,-0.071519725
1.130705933,-0.051608822,-0.024194057,1.376401964,-0.262840957,-0.091274219,0.052672834,-0.363659517,0.010342311,-0.071404546
1.129688667,-0.051595674,-0.024186496,1.37538452,-0.262773995,-0.091245692,0.052593722,-0.363513442,0.010326777,-0.071375864
1.128674633,-0.051631453,-0.023780625,1.37437097,-0.262956216,-0.089714508,0.048347351,-0.359449293,0.009493002,-0.070577869
1.127664833,-0.051538722,-0.02354955,1.373359919,-0.262483942,-0.088842759,0.045929764,-0.356559432,0.009018309,-0.070010444
1.126666567,-0.05136694,-0.023726408,1.372359335,-0.261609065,-8.95E-02,0.04778012,-0.357534911,0.009381627,-0.07020198
1.1256363,-0.051248713,-0.023716786,1.371327474,-0.26100694,-0.089473672,0.047679451,-0.356832117,0.00936186,-0.070063986
1.124673267,-0.050930441,-0.023657609,1.370360149,-0.259386001,-8.93E-02,0.047060317,-0.354592043,0.009240293,-0.069624148
1.1236711,-0.050775988,-0.023447323,1.369355899,-0.258599377,-0.088457098,0.044860228,-0.35160533,0.008808306,-0.069037707
1.1226369,-0.050704186,-0.023323268,1.36832073,-0.258233695,-0.087989091,0.043562323,-0.349941743,0.008553462,-0.068711061
1.121660167,-0.050492943,-0.023349473,1.367341148,-0.257157844,-0.08808795,0.043836486,-0.349140055,0.008607294,-0.06855365
1.120648133,-0.050359175,-0.023249714,1.366327311,-0.256476571,-0.087711599,0.042792767,-0.347415063,0.00840236,-0.068214948
1.119681067,-0.050122667,-0.022978368,1.365357054,-0.255272052,-0.086687924,0.03995385,-0.343371627,0.007844938,-0.067421019
1.118645733,-0.049816006,-0.023029064,1.364317585,-0.253710242,-0.086879178,0.040484247,-0.342340214,0.007949082,-0.067218501
1.1177014,-0.049512591,-0.022871087,1.36336916,-0.252164966,-0.086283198,0.038831441,-0.339142132,0.007624553,-0.066590558
1.1166515,-0.049409765,-0.022824627,1.362317873,-0.251641277,-0.086107921,0.038345352,-0.338132354,0.00752911,-0.066392288
1.1156797,-0.049238273,-0.022530142,1.36134376,-0.25076788,-0.084996953,0.03526435,-0.334177956,0.006924155,-0.065615842
1.114613633,-0.048973252,-0.022825135,1.360274119,-0.249418143,-0.086109838,0.038350667,-0.335914535,0.007530153,-0.065956819
1.1136468,-0.048750029,-0.02274173,1.359304275,-0.24828128,-0.085795186,0.037478057,-0.333905063,0.007358817,-0.065562259
1.1126421,-0.048511991,-0.022487673,1.358296365,-0.247068964,-0.084836732,0.034820017,-0.330034706,0.00683691,-0.064802315
1.1116374,-0.048074278,-0.022668298,1.357285762,-0.244839713,-0.085518159,0.036709788,-0.329695227,0.007207967,-0.064735658
1.1106778,-0.047849143,-0.022420918,1.356323125,-0.243693116,-0.084584896,0.034121609,-0.32596045,0.006699778,-0.064002334
1.1096926,-0.047659669,-0.022482016,1.35533537,-0.242728135,-0.084815391,0.034760831,-0.325634692,0.006825289,-0.063938372
1.1086689,-0.047374533,-0.022588315,1.354307825,-0.241275949,-0.085216415,0.035872974,-0.325294649,0.007043658,-0.063871604
1.107682267,-0.047152339,-0.022201558,1.353318195,-0.240144329,-0.08375734,0.031826581,-0.320116636,0.006249149,-0.062854901
1.106643067,-0.046833939,-0.022274654,1.3522747,-0.238522733,-0.084033099,0.032591335,-0.319259793,0.006399309,-0.06268666
1.105658933,-0.046459275,-0.022148719,1.351285514,-0.23661459,-0.083558,0.03127376,-0.316034075,0.006140603,-0.062053291
1.1046162,-0.046092465,-0.022146722,1.350237834,-0.234746446,-0.083550465,0.031252863,-0.314145035,0.0061365,-0.061682378
1.1036586,-0.045942223,-0.022013092,1.349278207,-0.233981275,-0.083046335,0.029854781,-0.311981782,0.005861986,-0.061257623
1.102663767,-0.045675008,-0.022021238,1.34827977,-0.232620362,-0.083077066,0.029940008,-0.310706095,0.00587872,-0.061007142
1.101634,-0.045473538,-0.022046919,1.347247286,-0.231594287,-0.083173952,0.030208695,-0.309948708,0.005931477,-0.060858429
1.1006733,-0.045099351,-0.021851097,1.34628154,-0.229688573,-0.082435194,0.028159931,-0.305994229,0.005529202,-0.060081967
1.099658733,-0.044697759,-0.021799328,1.345261557,-0.227643287,-0.082239893,0.027618308,-0.30340732,0.005422855,-0.059574027
1.098649533,-0.044292062,-0.021896227,1.344246886,-0.225577094,-0.082605451,0.028632097,-0.302354916,0.005621912,-0.059367388
1.097630033,-0.044109574,-0.021738456,1.343224924,-0.22464769,-0.082010246,0.026981439,-0.299774855,0.005297806,-0.058860793
1.096721933,-0.043877569,-0.021521946,1.342313695,-0.223466103,-0.081193444,0.024716236,-0.296328065,0.004853033,-0.058184016
1.095674767,-0.043471301,-0.02151447,1.34126105,-0.221397002,-0.081165238,0.024638013,-0.29418074,0.004837674,-0.057762388
1.094663767,-0.043160031,-0.02173155,1.340245852,-0.219811721,-0.081984193,0.026909186,-0.294866632,0.005283619,-0.057897063
1.093658867,-0.04295306,-0.021692979,1.33923816,-0.218757628,-0.081838682,0.026505646,-0.293409,0.005204384,-0.057610857
1.092661967,-0.042570575,-0.021612337,1.338236102,-0.216809651,-0.081534453,0.02566194,-0.290617317,0.005038722,-0.05706271
1.0916539,-0.04223538,-0.021446562,1.337223514,-0.215102523,-0.080909049,0.023927535,-0.287175783,0.004698171,-0.056386965
1.090672567,-0.042032357,-0.021473465,1.336239443,-0.214068537,-0.081010546,0.024209011,-0.286423274,0.004753439,-0.05623921
1.0896571,-0.041751844,-0.021537618,1.335220193,-0.212639898,-0.081252567,0.024880199,-0.285665823,0.004885227,-0.056090484
1.088632667,-0.041550112,-0.021140883,1.334193039,-0.211612488,-0.079755851,0.020729417,-0.28048763,0.004070221,-0.055073746
1.087682,-0.04119197,-0.021000485,1.333237542,-0.209788492,-0.079226187,0.019260522,-0.277194739,0.003781803,-0.054427187
1.086672633,-0.040768975,-0.02102881,1.332222471,-0.207634199,-0.079333043,0.019556861,-0.275336786,0.00383999,-0.054062378
1.0856784,-0.040379666,-0.021307247,1.331222987,-0.205651469,-0.080383474,0.022469977,-0.276267172,0.00441198,-0.054245059
1.084651567,-0.040269151,-0.021278168,1.330194663,-0.205088622,-0.080273768,0.022165735,-0.275400083,0.004352242,-0.054074806
1.0836325,-0.040050051,-0.021138565,1.329172642,-0.203972758,-0.079747105,0.020705161,-0.272823645,0.004065458,-0.053568923
1.082677967,-0.039744069,-0.021035639,1.328213982,-0.20241441,-0.079358808,0.019628316,-0.270188451,0.00385402,-0.053051502
1.0816712,-0.039453563,-0.020797255,1.327203297,-0.200934878,-0.078459481,0.017134248,-0.266214852,0.00336431,-0.052271286
1.0806532,-0.039208472,-0.021033535,1.326181992,-0.19968664,-0.079350871,0.019606303,-0.267438668,0.003849698,-0.052511582
1.079680067,-0.038801243,-0.020942736,1.325203366,-0.197612644,-0.079008324,0.018656331,-0.2644147,0.003663171,-0.051917826
1.078647,-0.038575754,-0.020777979,1.324167258,-0.196464241,-0.078386761,0.016932576,-0.261542542,0.003324711,-0.051353878
1.0776569,-0.038413706,-0.020822339,1.323174973,-0.195638941,-0.078554113,0.017396686,-0.261181353,0.003415839,-0.051282959
1.0766541,-0.038098396,-0.020920738,1.32216792,-0.194033085,-0.078925334,0.018426179,-0.26060499,0.00361798,-0.05116979
1.0756457,-0.037892673,-0.020868743,1.321156746,-0.192985349,-0.078729178,0.017882189,-0.259013264,0.003511168,-0.050857254
1.074662567,-0.03771616,-0.020769974,1.320171232,-0.192086376,-0.078356561,0.016848825,-0.257080927,0.003308267,-0.05047784
1.073647,-0.037342419,-0.020581917,1.319150625,-0.190182935,-0.077647101,0.014881307,-0.253209968,0.002921945,-0.049717777
1.0726702,-0.037023056,-0.020663748,1.318169518,-0.188556435,-0.077955815,0.015737453,-0.252439614,0.003090049,-0.049566518
1.071662367,-0.036913924,-0.020543035,1.317160212,-0.188000632,-0.077500415,0.01447451,-0.250620867,0.00284207,-0.049209407
1.070648933,-0.03670638,-0.020720982,1.31614398,-0.186943623,-0.078171735,0.016336253,-0.251425601,0.003207623,-0.049367417
1.069698467,-0.036524969,-0.020378816,1.315191067,-0.186019703,-0.076880883,0.012756387,-0.246921816,0.002504717,-0.048483099
1.068667333,-0.036225231,-0.020377027,1.314155891,-0.184493155,-0.076874135,0.012737674,-0.245376554,0.002501042,-0.048179686
1.0676616,-0.036010281,-0.020478594,1.313147259,-0.183398428,-0.077257307,0.013800308,-0.245344461,0.00270969,-0.048173385
1.066670467,-0.035697788,-0.020488933,1.312151911,-0.181806916,-0.077296312,0.013908478,-0.24386112,0.00273093,-0.047882131
1.0656786,-0.035568362,-0.020263455,1.311158299,-0.181147755,-0.076445675,0.011549442,-0.240842922,0.002267733,-0.047289508
1.064705033,-0.035474941,-0.020409231,1.310183472,-0.180671968,-0.076995629,0.013074607,-0.241892301,0.002567199,-0.047495553
1.063674333,-0.035255969,-0.020475708,1.309149819,-0.179556754,-0.077246418,0.01377011,-0.24147259,0.002703761,-0.047413143
1.0626765,-0.035033852,-0.020300222,1.30814899,-0.178425524,-0.076584381,0.011934112,-0.238505361,0.002343263,-0.046830528
1.061661367,-0.034837042,-0.020189723,1.307131202,-0.177423185,-0.076167514,0.010778031,-0.236346941,0.002116266,-0.046406722
1.060666033,-0.03448909,-0.020265733,1.306131176,-0.175651082,-0.076454267,0.011573272,-0.23537008,0.002272412,-0.046214915
1.059704467,-0.034368277,-0.020075201,1.30516798,-0.175035786,-0.075735471,0.009579864,-0.232761376,0.001881006,-0.045702696
1.058688233,-0.034200126,-0.02014838,1.304149479,-0.174179402,-0.076011545,0.010345489,-0.232670617,0.002031337,-0.045684876
1.0576758,-0.034055409,-0.019957245,1.303135094,-0.173442368,-0.07529047,0.008345762,-0.229933855,0.00163869,-0.045147512
1.056684,-0.033857865,-0.019921541,1.30214063,-0.172436286,-0.075155775,0.007972217,-0.228554228,0.001565345,-0.044876623
1.055667733,-0.033698458,-0.020147883,1.301122213,-0.171624438,-0.076009668,0.010340282,-0.230110445,0.002030314,-0.045182186
1.054674333,-0.033467819,-0.019855532,1.300125703,-0.170449806,-7.49E-02,0.007281603,-0.225877134,0.001429743,-0.044350975
1.053643867,-0.033193145,-0.019913971,1.299091532,-0.169050902,-0.075127217,0.007893017,-0.225089644,0.001549794,-0.044196352
1.052670733,-0.033133907,-0.019924696,1.298117599,-0.168749206,-7.52E-02,0.008005219,-0.22490015,0.001571825,-0.044159145
1.051692967,-0.033071442,-0.019746728,1.29713899,-0.168431079,-0.074496275,0.006143253,-0.222720057,0.001206228,-0.043731083
1.0506441,-0.032945391,-0.01989737,1.296088424,-0.167789104,-0.075064585,0.007719324,-0.223654154,0.001515689,-0.043914493
1.049676633,-0.032725721,-0.0198857,1.295117994,-0.16667034,-0.075020562,0.007597235,-0.222413301,0.001491717,-0.043670852
1.048629233,-0.032546602,-0.019939357,1.294068179,-0.165758094,-0.075222986,0.008158611,-0.22206243,0.001601943,-0.043601958
1.047681767,-0.032300584,-0.019915243,1.293117394,-0.164505139,-0.075132015,0.007906325,-0.220557189,0.001552407,-0.043306404
1.046627633,-0.032194568,-0.019584172,1.292061831,-0.163965207,-0.073883021,0.004442539,-0.216553472,0.000872293,-0.042520274
1.0456559,-0.032110245,-0.019614788,1.29108896,-0.163535754,-0.073998521,0.004762852,-0.216444331,0.000935186,-0.042498844
1.0446607,-0.031894654,-0.019551338,1.290090853,-0.162437761,-0.07375915,0.004099015,-0.214682501,0.000804842,-0.042152909
1.043696567,-0.031824549,-0.019760743,1.289125774,-0.162080718,-0.074549148,0.006289883,-0.216516326,0.001235018,-0.042512981
1.04267,-0.031739558,-0.019690838,1.288098061,-0.161647864,-0.074285426,0.005558515,-0.215352104,0.001091414,-0.042284386
1.041690167,-0.031470971,-0.019506984,1.287114605,-0.160279964,-0.073591822,0.003634971,-0.21206066,0.000713726,-0.041638111
1.040659833,-0.031264802,-0.019649347,1.286081491,-0.159229957,-0.074128897,0.005124417,-0.212500099,0.001006179,-0.041724394
1.039697433,-0.031288776,-0.019565754,1.285119415,-0.159352053,-0.073813537,0.004249844,-0.211747622,0.000834457,-0.041576646
1.038692333,-0.03119031,-0.019607983,1.284112987,-0.158850575,-0.073972849,0.004691655,-0.211687955,0.000921207,-0.04156493
1.037668767,-0.031126121,-0.019676083,1.283088554,-0.158523662,-0.074229763,0.005404146,-0.212073533,0.001061104,-0.041640638
1.036633433,-0.030978446,-0.019540569,1.282051229,-0.157771559,-0.073718522,0.003986342,-0.209903627,0.000782718,-0.041214577
1.035676767,-0.030823939,-0.019337849,1.281092479,-0.156984663,-0.072953743,0.001865412,-0.206995801,0.000366274,-0.040643625
1.034641967,-0.030568292,-0.019316637,1.280054231,-0.155682667,-0.072873719,0.001643484,-0.205471876,0.000322698,-0.040344403
1.033649267,-0.030506816,-0.019080067,1.279060702,-0.155369573,-0.071981238,0.000831598,-0.204346896,0.000163284,-0.040123513
1.032675433,-0.0305301,-0.019324427,1.278087183,-0.155488157,-0.07290311,0.001724993,-0.205358875,0.000338702,-0.040322215
1.031665633,-0.030379934,-0.019057143,1.277075357,-0.15472337,-0.071894755,0.001071437,-0.203940532,0.000210377,-0.040043723
1.030625933,-0.030194689,-0.019091852,1.276033159,-0.153779927,-0.072025698,0.000708299,-0.202633951,0.000139074,-0.039787176
1.029614933,-0.030172605,-0.019170314,1.275021861,-0.153667454,-0.072321705,0.000112606,-0.201925786,2.21103E-05,-0.039648128
1.028662867,-0.029964713,-0.019088459,1.274066991,-0.152608675,-0.072012897,0.000743797,-0.201498198,0.000146045,-0.039564171
1.027696433,-0.029846072,-0.019227589,1.273098957,-0.152004439,-0.072537777,0.000711831,-0.200861996,0.000139768,-0.039439253
1.0266642,-0.029858025,-0.019002119,1.272066885,-0.152065319,-0.071687174,0.001647111,-0.201858155,0.00032341,-0.039634849
1.025654767,-0.030022481,-0.018917383,1.27105967,-0.152902881,-0.0713675,0.00253365,-0.203582256,0.000497482,-0.039973376
1.0246427,-0.030321056,-0.018939929,1.27005163,-0.154423509,-0.071452556,0.002297769,-0.204867003,0.000451167,-0.040225636
1.023574367,-0.029655315,-0.019208021,1.268974318,-0.151032926,-0.072463958,0.000507111,-0.199685762,9.95712E-05,-0.039208299
1.022572367,-0.029481189,-0.018801385,1.26796997,-0.15014611,-0.070929885,0.00374727,-0.202039105,0.000735776,-0.039670378
1.021637967,-0.029268593,-0.018773738,1.267032702,-0.149063372,-0.070825584,0.004036523,-0.20124562,0.000792571,-0.039514577
1.020629467,-0.029252349,-0.018839302,1.266023983,-0.148980643,-0.071072932,0.003350565,-0.200476934,0.000657883,-0.039363646
1.019608933,-0.029247529,-0.018782713,1.265003385,-0.148956095,-0.070859443,0.003942623,-0.201044444,0.000774134,-0.039475077
1.018603433,-0.029146852,-0.018830471,1.263996527,-0.148443353,-0.071039615,0.003442962,-0.20003204,0.000676026,-0.039276291
1.017595067,-0.029040147,-0.018644516,1.262986721,-0.147899908,-0.070338083,0.005388491,-0.201434124,0.00105803,-0.03955159
1.016605733,-0.028933838,-0.018695281,1.261995954,-0.147358482,-0.070529598,0.004857369,-0.200361577,0.000953744,-0.039340996
1.015636367,-0.028777658,-0.018738273,1.261024481,-0.146563064,-0.07069179,0.004407571,-0.199116361,0.000865427,-0.039096497
1.014631067,-0.028749962,-0.018763288,1.260018808,-0.146422012,-0.070786162,0.004145851,-0.198713588,0.000814038,-0.039017413
1.013616533,-0.028790277,-0.018726055,1.259004818,-0.146627334,-0.070645696,0.0045354,-0.199308459,0.000890526,-0.039134216
1.012596967,-0.028681155,-0.018347671,1.25798378,-0.14607158,-0.069218209,0.008494191,-0.202711496,0.001667834,-0.039802402
1.0116267,-0.028593237,-0.01841956,1.257012327,-0.145623821,-0.069489419,0.007742055,-0.201511602,0.001520153,-0.039566803
1.010621667,-0.028535646,-0.018444073,1.256006517,-0.145330512,-0.069581897,0.007485591,-0.200961829,0.001469796,-0.039458855
1.009586,-0.028333078,-0.018361342,1.254968119,-0.144298846,-0.069269785,0.008351157,-0.200795728,0.00163975,-0.039426241
1.008608633,-0.028205048,-0.01838013,1.253989025,-0.143646792,-0.069340666,0.008154586,-0.199947104,0.001601153,-0.039259614
1.007647267,-0.028267052,-0.018214413,1.253028495,-0.143962575,-0.068715481,0.009888385,-0.201996686,0.001941584,-0.039662049
1.0066204,-0.028222039,-0.018421281,1.252001021,-0.143733327,-0.069495912,0.007724049,-0.199603102,0.001516617,-0.039192069
1.005617367,-0.028119578,-0.018275876,1.250996606,-0.1432115,-0.068947357,0.009245333,-0.200602558,0.001815321,-0.039388312
1.004596833,-0.028059156,-0.018298324,1.249975258,-0.142903774,-0.069032044,0.009010474,-0.200059973,0.001769207,-0.039281776
1.003567033,-0.027931718,-0.018292983,1.248943739,-0.142254741,-0.069011894,0.009066357,-0.199466823,0.001780179,-0.039165311
1.0026042,-0.02780165,-0.01853356,1.247979152,-0.141592311,-0.069919494,0.006549346,-0.196287383,0.001285964,-0.038541028
1.001600633,-0.027850499,-0.018437705,1.246976244,-0.141841097,-0.069557873,0.007552216,-0.197539038,0.001482878,-0.03878679
1.000604477,-0.027891877,-0.018350659,1.245980645,-0.142051833,-0.069229484,0.008462923,-0.198660481,0.001661695,-0.039006985
0.999611613,-0.027806735,-0.018381162,1.244986633,-0.141618206,-0.069344559,0.008143789,-0.19790772,0.001599033,-0.038859181
0.998629413,-0.027743321,-0.018430836,1.244003578,-0.141295245,-0.069531958,0.007624085,-0.197065055,0.001496989,-0.038693724
0.997595967,-0.02771468,-0.018372256,1.242969745,-0.141149378,-0.069310958,0.008236974,-0.197532077,0.00161733,-0.038785423
0.996616783,-0.02748884,-0.017799332,1.241987516,-0.139999183,-0.067149552,0.014231113,-0.202376022,0.002794279,-0.039736532
0.995604337,-0.027379878,-0.017812413,1.2409736,-0.139444248,-0.067198903,0.014094248,-0.201684221,0.002767406,-0.039600697
0.994602583,-0.02740815,-0.017880083,1.239972228,-0.139588237,-0.067454194,0.01338626,-0.201120222,0.002628392,-0.039489956
0.993596893,-0.02731039,-0.017792864,1.238965219,-0.139090349,-0.067125151,0.014298784,-0.201534858,0.002807566,-0.039571369
0.992609283,-0.02730778,-0.017813543,1.237977574,-0.139077055,-0.067203166,0.014082426,-0.201305206,0.002765084,-0.039526277
0.99162517,-0.027247478,-0.017666468,1.236992648,-0.13876994,-0.066648313,0.015621178,-0.202536843,0.003067218,-0.039768109
0.990660387,-0.02710523,-0.018069067,1.236025946,-0.138045482,-0.068167153,0.011409041,-0.197600248,0.002240165,-0.038798809
0.989572007,-0.02707093,-0.018075331,1.234937103,-0.137870794,-0.068190785,0.011343504,-0.197360023,0.002227297,-0.038751641
0.988616523,-0.027119476,-0.017991501,1.233982275,-0.138118032,-0.067874526,0.012220571,-0.198484329,0.002399509,-0.038972398
0.987615783,-0.027119428,-0.017647579,1.232981534,-0.138117791,-0.066577051,0.015818805,-0.202082322,0.003106022,-0.039678864
0.986613653,-0.027050067,-0.017824306,1.231978469,-0.137764536,-0.06724377,0.013969823,-0.199880084,0.002742975,-0.039246455
0.98562181,-0.027001565,-0.01764129,1.230985971,-0.137517521,-0.066553327,0.015884599,-0.201547846,0.003118941,-0.03957392
0.984629433,-0.026905918,-0.017740888,1.229992304,-0.137030396,-0.066929067,0.014842576,-0.200018698,0.00291434,-0.039273671
0.983620547,-0.02672175,-0.017663947,1.228980934,-0.136092439,-0.066638802,0.015647553,-0.199885718,0.003072397,-0.039247561
0.98263083,-0.026772137,-0.017996838,1.227991897,-0.136349054,-0.067894662,0.01216473,-0.196659509,0.002388545,-0.038614095
0.981595793,-0.026868843,-0.017876954,1.226958164,-0.136841574,-0.067442389,0.013419,-0.198406299,0.002634821,-0.038957077
0.980585217,-0.026773298,-0.017655476,1.225946299,-0.136354968,-0.066606843,0.015736184,-0.200236877,0.0030898,-0.039316511
0.97961696,-0.02674764,-0.017779191,1.224977697,-0.136224295,-0.067073571,0.014441829,-0.198811849,0.002835653,-0.039036707
0.978587947,-0.026738474,-0.017836569,1.22394856,-0.13617761,-0.067290033,0.013841523,-0.198164858,0.002717783,-0.03890967
0.977627733,-0.026555444,-0.017705925,1.222985878,-0.135245449,-0.066797166,0.015208371,-0.198599546,0.002986164,-0.038995021
0.976603843,-0.026522529,-0.017691658,1.221961544,-0.135077815,-0.066743342,0.015357638,-0.198581178,0.003015472,-0.038991414
0.975593943,-0.026528924,-0.017689954,1.22095173,-0.135110385,-0.066736915,0.015375462,-0.198631572,0.003018972,-0.039001309
0.97460085,-0.026487192,-0.017616812,1.219958074,-0.134897844,-0.06646098,0.0161407,-0.19918427,0.003169227,-0.039109831
0.973618907,-0.026516136,-0.017432949,1.218976521,-0.135045258,-0.065767339,0.018064346,-0.201255329,0.003546934,-0.039516484
0.972593823,-0.026403783,-0.017503775,1.217949922,-0.134473048,-0.066034538,0.017323335,-0.199942108,0.003401437,-0.039258633
0.971624433,-0.026317296,-0.017501428,1.216979366,-0.134032576,-0.066025684,0.01734789,-0.199526192,0.003406258,-0.039176968
0.97060327,-0.026202738,-0.017608152,1.215956658,-0.133449138,-0.06642831,0.016231305,-0.197826168,0.003187017,-0.038843168
0.969628987,-0.02629686,-0.01731684,1.214983644,-0.133928493,-0.06532931,0.019279113,-0.201353332,0.003785454,-0.039535727
0.968641877,-0.026291046,-0.017162111,1.213996455,-0.133898883,-0.064745579,0.020897951,-0.20294256,0.004103313,-0.039847772
0.967640417,-0.026199011,-0.017172696,1.212993754,-0.133430157,-0.064785513,0.020787204,-0.202363086,0.004081567,-0.039733992
0.966610533,-0.026193003,-0.016969547,1.21196379,-0.133399555,-0.064019116,0.022912623,-0.204457903,0.004498893,-0.040145309
0.96559743,-0.026140897,-0.017002647,1.210949984,-0.133134184,-0.06414399,0.022566315,-0.203846224,0.004430896,-0.040025206
0.964625993,-0.025955584,-0.016974706,1.209976048,-0.132190395,-0.06403858,0.022858644,-0.203194764,0.004488295,-0.039897292
0.963628133,-0.025949312,-0.017085486,1.208978103,-0.132158453,-0.064456507,0.021699623,-0.202003802,0.004260721,-0.039663447
0.96263337,-0.026077085,-0.017134866,1.207985063,-0.132809191,-0.064642796,0.021182995,-0.202137912,0.004159281,-0.039689779
0.96163227,-0.026071944,-0.017111065,1.206983894,-0.132783008,-0.064553005,0.02143201,-0.202360743,0.004208175,-0.039733532
0.96060586,-0.026125353,-0.0170225,1.205958204,-0.133055017,-0.064218884,0.022358612,-0.203559355,0.004390114,-0.039968879
0.95960569,-0.026006199,-0.016832817,1.204956427,-0.132448172,-0.063503291,0.024343138,-0.204937036,0.004779775,-0.040239387
0.958616253,-0.025878899,-0.016999888,1.203965273,-0.13179984,-0.064133581,0.02259518,-0.202540746,0.004436564,-0.039768876
0.957629023,-0.02578443,-0.016938514,1.202976769,-0.131318715,-6.39E-02,0.023237301,-0.202701741,0.004562644,-0.039800487
0.956616227,-0.025895548,-0.016937852,1.201965471,-1.32E-01,-6.39E-02,0.023244231,-0.203274589,0.004564005,-0.039912966
0.955749613,-0.026385777,-0.016856929,1.20110547,-0.134381345,-6.36E-02,2.41E-02,-0.206617943,0.004730243,-0.040569433
0.955580473,-0.027426763,-0.017665689,1.200950369,-0.139683032,-6.66E-02,1.56E-02,-0.203458092,0.00306882,-0.039948996
0.95753169,-0.031784423,-0.01042877,1.202960356,-0.161876359,-0.039343456,0.091344612,-0.301366696,0.017935515,-0.059173351
0.95684004,-0.031820953,-0.010518645,1.202269199,-0.162062404,-0.039682518,0.090404307,-0.300612437,0.017750886,-0.059025252
0.95705032,-0.031750873,-0.013157125,1.202478533,-0.16170549,-0.049636417,0.062799569,-0.272650785,0.012330695,-0.053534982
