Edisk/V,Idisk/mA,Iring/mA,E-iR vs RHE,jdisk mAcm-2,jring mAcm-2,jCER,jOER,I cer,I OER
0.959866187,0.020205925,-0.022196318,1.203562189,0.10290769,-0.08373757,0.139773648,-0.141578194,0.027444556,-0.027798878
0.960853277,0.0199242,-0.018159083,1.204553517,0.10147288,-0.068506747,0.097057917,-0.100297274,0.019057322,-0.01969337
0.961874903,0.02004923,-0.015914002,1.205573263,0.102109649,-0.060036979,0.073303961,-0.075906548,0.014393233,-0.014904251
0.962884283,0.020190639,-0.013970156,1.206580515,0.102829841,-0.052703649,0.052737211,-0.054619607,0.010354951,-0.01072456
0.96393003,0.020342281,-0.012360631,1.20762398,0.103602142,-0.046631572,0.035707717,-0.036817811,0.00701121,-0.007229177
0.964889847,0.02027477,-0.011397588,1.208584813,0.103258313,-0.042998409,0.025518301,-0.026972225,0.005010518,-0.005295996
0.96585701,0.020341826,-0.010378693,1.209550967,0.103599829,-0.039154536,0.014737935,-0.015850343,0.002893794,-0.003112215
0.96687587,0.020474656,-0.009681276,1.210567829,0.104276323,-0.036523468,0.007358952,-0.007794866,0.00144493,-0.001530522
0.967915913,0.020560248,-0.008985752,1.211606584,0.104712237,-0.033899543,0,0,0,0
0.968873937,0.020578475,-0.008458944,1.212564334,0.104805067,-0.031912115,0.005573857,-0.005481026,0.001094427,-0.0010762
0.969854233,0.020673284,-0.008083452,1.213543204,0.105287923,-0.030495537,0.009546734,-0.008971048,0.001874501,-0.001761465
0.97088625,0.020724548,-0.007670812,1.214574449,0.105549008,-0.028938818,0.013912642,-0.013075871,0.002731747,-0.002567447
0.971920313,0.020773219,-0.007303524,1.21560778,0.105796888,-0.027553191,0.017798712,-0.016714061,0.003494777,-0.003281806
0.97289602,0.02085468,-0.006921832,1.216582261,0.106211765,-0.026113223,0.021837188,-0.02033766,0.004287732,-0.003993299
0.973877033,0.020814603,-0.006669902,1.217563878,0.106007655,-0.025162794,0.024502721,-0.023207303,0.004811109,-0.004556754
0.974830827,0.020867672,-0.006453523,1.218516873,0.106277931,-0.024346487,0.0267921,-0.025226406,0.005260629,-0.004953205
0.975916723,0.020866783,-0.006272818,1.219602783,0.106273406,-0.023664759,0.028704047,-0.027142878,0.00563604,-0.005329504
0.97687773,0.020971513,-0.005820236,1.220562214,0.106806789,-0.021957355,0.033492562,-0.03139801,0.006576265,-0.006164999
0.977909347,0.020899008,-0.005551676,1.221594921,0.106437525,-0.020944187,0.036334049,-0.034608761,0.00713419,-0.00679543
0.978878083,0.020987595,-0.005187379,1.222562325,0.106888692,-0.019569845,0.040188473,-0.038012017,0.007891007,-0.00746366
0.979832807,0.021095422,-0.005261782,1.223515426,0.107437849,-0.019850538,0.039401252,-0.03667564,0.007736436,-0.007201262
0.980923393,0.021145517,-0.005024997,1.224605259,0.107692982,-0.018957245,0.041906545,-0.0389258,0.00822835,-0.007643081
0.981845,0.021176098,-0.004958222,1.225526406,0.107848729,-0.018705331,0.04261305,-0.039476558,0.008367072,-0.007751222
0.982896483,0.021225762,-0.004715063,1.226577142,0.108101664,-0.017787991,0.045185784,-0.041796357,0.008872229,-0.008206715
0.98378833,0.021287925,-0.004773576,1.227468053,0.10841826,-0.018008737,0.044566691,-0.040860668,0.00875067,-0.008022992
0.984887143,0.02137797,-0.004387231,1.228565512,0.108876853,-0.016551215,0.048654394,-0.044489778,0.00955329,-0.008735568
0.985881927,0.021407375,-0.004345348,1.229559853,0.109026611,-0.01639321,0.049097529,-0.044783155,0.0096403,-0.008793172
0.98691106,0.021407358,-0.004407421,1.230588986,0.109026524,-0.016627385,0.048440771,-0.044126483,0.009511345,-0.008664235
0.98784713,0.021466563,-0.004071092,1.231524166,0.10932805,-0.015358556,0.051999277,-0.047383463,0.010210058,-0.009303743
0.988841277,0.021499967,-0.004064439,1.23251781,0.109498177,-0.015333457,0.05206967,-0.04728373,0.01022388,-0.00928416
0.98990923,0.021576842,-0.003813667,1.233584606,0.109889699,-0.014387398,0.054722947,-0.049545485,0.010744851,-0.009728256
0.99093902,0.021452526,-0.003742714,1.234616267,0.109256561,-0.014119719,0.055473666,-0.050929342,0.010892254,-0.009999976
0.991887923,0.02157646,-0.003658212,1.235563305,0.10988775,-0.013800927,0.056367737,-0.051192224,0.011067805,-0.010051593
0.992867823,0.021659316,-0.003587145,1.236541959,0.110309731,-0.013532821,0.057119657,-0.051522163,0.011215445,-0.010116377
0.99385629,0.02169361,-0.003518985,1.23752991,0.11048439,-0.013275684,0.057840814,-0.052068661,0.011357044,-0.010223682
0.99491018,0.021769648,-0.003479365,1.238582656,0.110871646,-0.013126212,0.058260015,-0.052100606,0.011439354,-0.010229954
0.99587844,0.021827324,-0.003331175,1.239550048,0.11116539,-0.01256715,0.059827937,-0.053374783,0.011747215,-0.010480139
0.99685983,0.021894615,-0.003271682,1.240530426,0.111508096,-0.012342709,0.060457394,-0.053661535,0.011870809,-0.010536442
0.99786953,0.021971823,-0.003307073,1.241538964,0.111901312,-0.012476225,0.060082943,-0.052893868,0.011797286,-0.010385711
0.998875283,0.021970978,-0.003187935,1.24254473,0.111897009,-0.012026768,0.06134347,-0.054158698,0.01204479,-0.01063406
0.999853097,0.021965598,-0.003111639,1.243522624,0.11186961,-0.011738933,0.06215072,-0.054993346,0.012203294,-0.010797943
1.0008949,0.022004983,-0.003174808,1.244563835,0.112070194,-0.011977242,0.061482369,-0.054124412,0.012072063,-0.010627328
1.001825,0.022079563,-0.003142383,1.245492813,0.112450028,-0.011854916,0.061825438,-0.054087647,0.012139425,-0.01062011
1.0028792,0.022110783,-0.003008519,1.246546543,0.112609028,-0.011349905,0.063241773,-0.055344982,0.012417522,-0.010866987
1.003863033,0.022054852,-0.002912727,1.247531218,0.112324176,-0.010988522,0.064255292,-0.056643353,0.012616527,-0.011121922
1.004888567,0.022209566,-0.002957683,1.248554424,0.113112126,-0.011158119,0.063779648,-0.055379758,0.012523134,-0.010873816
1.005894333,0.022249788,-0.002887792,1.249559585,0.113316975,-0.010894451,0.064519119,-0.05591438,0.012668329,-0.010978789
1.006870333,0.022299316,-0.002964475,1.25053484,0.11356922,-0.011183746,0.063707776,-0.054850792,0.012509022,-0.010769953
1.007878333,0.022350329,-0.002872274,1.251542073,0.113829026,-0.010835907,0.064683308,-0.055566519,0.012700568,-0.010910486
1.008885833,0.022444855,-0.002739776,1.25254815,0.114310442,-0.010336049,0.066085191,-0.056486985,0.012975827,-0.01109122
1.009870767,0.022536478,-0.002660646,1.253531705,0.114777073,-0.010037523,0.066922425,-0.056857588,0.013140218,-0.011163987
1.0108779,0.022588602,-0.002728986,1.254538054,0.115042536,-0.010295341,0.066199359,-0.05586906,0.012998244,-0.01096989
1.011884967,0.022571746,-0.002615865,1.255545375,0.114956691,-0.009868583,0.067396226,-0.057151772,0.013233249,-0.01122175
1.012849233,0.02262615,-0.002624805,1.256508823,0.115233766,-0.00990231,0.067301637,-0.056780107,0.013214676,-0.011148774
1.013926433,0.022654643,-0.002574287,1.257585594,0.115378881,-0.009711725,0.067836143,-0.057169498,0.013319627,-0.011225231
1.014860767,0.022758146,-0.002462893,1.25851837,0.115906013,-0.009291481,0.069014742,-0.057820966,0.013551045,-0.011353147
1.015907933,0.022741016,-0.002618647,1.259565795,0.115818771,-0.009879076,0.067366797,-0.056260262,0.013227471,-0.011046703
1.0168797,0.022736485,-0.0025626,1.26053763,0.115795695,-0.009667635,0.067959795,-0.056876337,0.013343906,-0.011167669
1.017898867,0.022912459,-0.002501328,1.261554149,0.116691924,-0.009436482,0.068608077,-0.05662839,0.013471196,-0.011118984
1.0188577,0.022990478,-0.002478154,1.262511808,0.117089271,-0.009349053,0.068853277,-0.056476243,0.013519341,-0.01108911
1.019876133,0.023011213,-0.002494607,1.26352993,0.11719487,-0.009411125,0.068679193,-0.05619656,0.01348516,-0.011034195
1.0208395,0.023102154,-0.002460573,1.264491928,0.117658027,-0.00928273,0.069039285,-0.056093494,0.013555864,-0.011013958
1.021895867,0.023139976,-0.002439172,1.265547726,0.117850654,-0.009201993,0.069265717,-0.056127299,0.013600323,-0.011020595
1.022877233,0.023282218,-0.00237759,1.266526952,0.118575084,-0.008969668,0.069917287,-0.05605444,0.013728259,-0.011006289
1.023877033,0.023318853,-0.002325791,1.267526201,0.118761665,-0.008774253,0.070465339,-0.05641591,0.013835869,-0.011077264
1.0248619,0.023363971,-0.002346737,1.268510389,0.118991449,-0.008853271,0.070243726,-0.055964514,0.013792356,-0.010988632
1.025850667,0.023407073,-0.002299945,1.269498507,0.119210963,-0.008676745,0.070738806,-0.056240079,0.013889564,-0.011042739
1.026912967,0.023481205,-0.002297477,1.270559692,0.119588515,-0.008667433,0.07076492,-0.055888641,0.013894692,-0.010973735
1.027861533,0.02353185,-0.002223616,1.271507497,0.119846446,-0.008388787,0.0715464,-0.05641219,0.014048136,-0.011076534
1.0288545,0.023530873,-0.002203662,1.272500478,0.11984147,-0.00831351,0.071757519,-0.056628285,0.014089589,-0.011118964
1.0299215,0.02361065,-0.002315083,1.273566278,0.12024777,-0.008733856,0.070578635,-0.055043101,0.013858115,-0.010807713
1.0308898,0.023754042,-0.002218402,1.27453242,0.120978061,-0.008369119,0.071601559,-0.055335734,0.014058966,-0.010865171
1.031947167,0.023828507,-0.002150409,1.275588667,0.121357306,-0.008112607,0.072320963,-0.055675894,0.014200221,-0.010931962
1.032839767,0.023870549,-0.002220234,1.276480634,0.121571423,-0.008376029,0.07158218,-0.054722993,0.014055161,-0.01074486
1.033898233,0.023998764,-0.002260636,1.277537172,0.122224416,-0.008528448,0.071154713,-0.053642534,0.013971228,-0.010532712
1.034817767,0.02409243,-0.002151501,1.278455296,0.12270145,-0.008116727,0.072309408,-0.054320194,0.014197952,-0.01066577
1.035885067,0.024211961,-0.002189409,1.279520798,0.123310218,-0.00825974,0.071908319,-0.053310338,0.014119199,-0.010467485
1.0368986,0.024287813,-0.002154361,1.28053319,0.123696527,-0.008127517,0.072279147,-0.053294857,0.014192011,-0.010464445
1.037892633,0.024316722,-0.002079515,1.281526788,0.123843759,-0.007845155,0.073071049,-0.053939527,0.0143475,-0.010591026
1.038855333,0.024348449,-0.002067309,1.282489011,0.124005343,-0.007799104,0.073200199,-0.053907094,0.014372859,-0.010584658
1.039851867,0.024485545,-0.002098031,1.283483482,0.124703567,-0.007915009,0.072875137,-0.052883807,0.014309033,-0.010383736
1.040869367,0.024572322,-0.002075704,1.284499676,0.125145514,-0.007830777,0.073111372,-0.052678094,0.014355418,-0.010343344
1.041899133,0.024534478,-0.002061149,1.285530012,0.124952777,-0.007775865,0.073265376,-0.053024836,0.014385657,-0.010411427
1.042850067,0.024667005,-0.002082106,1.286478952,0.125627729,-0.007854931,0.073043631,-0.052128139,0.014342117,-0.01023536
1.0438696,0.024850455,-0.002067736,1.287495725,0.126562034,-0.007800719,0.073195672,-0.051345875,0.01437197,-0.010081763
1.044871133,0.024910604,-0.002075147,1.288496353,0.126868368,-0.007828676,0.073117264,-0.050961133,0.014356575,-0.010006219
1.0458291,0.02497564,-0.002136927,1.289453341,0.127199594,-0.008061747,0.072463603,-0.049976245,0.014228228,-0.009812836
1.046910667,0.02512772,-0.001996825,1.29053262,0.127974126,-0.0075332,0.073945943,-0.050684053,0.014519286,-0.009951814
1.047868667,0.025240861,-0.001953279,1.291488918,0.128550351,-0.007368917,0.074406684,-0.05056857,0.014609752,-0.009929139
1.0488702,0.025329277,-0.00205038,1.292489121,0.129000647,-0.007735241,0.073379307,-0.049090897,0.014408027,-0.009638998
1.0498923,0.025452804,-0.002023075,1.293509363,0.129629763,-0.007632229,0.07366821,-0.048750684,0.014464753,-0.009572197
1.050887867,0.025512556,-0.002027974,1.29450403,0.129934075,-0.007650711,0.073616378,-0.048394539,0.014454576,-0.009502268
1.051827467,0.025608158,-0.001982932,1.295442192,0.130420971,-0.007480785,0.074092945,-0.048384211,0.01454815,-0.00950024
1.052850867,0.025730434,-0.002004363,1.296463752,0.131043716,-0.007561637,0.073866191,-0.047534711,0.014503627,-0.009333441
1.053900433,0.02583568,-0.001990468,1.297511736,0.131579732,-0.007509216,0.074013207,-0.047145712,0.014532493,-0.00925706
1.054908,0.025793711,-0.001978462,1.298519934,0.131365984,-0.007463921,0.07414024,-0.047486492,0.014557436,-0.009323973
1.055871367,0.026006856,-0.002010305,1.299480094,0.132451519,-0.007584052,0.073803325,-0.046064043,0.014491283,-0.009044675
1.0568913,0.026193667,-0.002016278,1.300497216,0.133402939,-0.007606586,0.073740129,-0.045049427,0.014478874,-0.008845455
1.057850433,0.026257441,-0.001985256,1.30145539,0.133727734,-0.007489554,0.074068352,-0.045052854,0.014543321,-0.008846128
1.058876633,0.026371771,-0.002038643,1.30247987,0.134310013,-0.007690961,0.073503492,-0.043905716,0.014432411,-0.008620887
1.0598188,0.026569133,-0.002049227,1.303419067,0.135315168,-0.007730891,0.073391507,-0.042788575,0.014410422,-0.008401537
1.060916933,0.026736881,-0.001974527,1.304514677,0.136169498,-0.007449077,0.07418187,-0.042724608,0.01456561,-0.008388977
1.061847,0.026851571,-0.002002841,1.305443018,0.136753607,-0.007555896,0.073882291,-0.041840921,0.014506788,-0.008215465
1.062865733,0.026969108,-0.001961481,1.306459983,0.13735222,-0.007399861,0.074319899,-0.041679916,0.014592712,-0.008183852
1.063829167,0.027046586,-0.001998982,1.307422251,0.137746809,-0.007541336,0.073923125,-0.040888553,0.014514806,-0.008028467
1.064844467,0.027162529,-0.002029356,1.308435806,0.138337299,-0.007655925,0.073601754,-0.039976692,0.014451704,-0.007849423
1.0658435,0.027341427,-0.001985609,1.309432148,0.139248419,-0.007490887,0.074064613,-0.039528431,0.014542587,-0.007761407
1.0668585,0.027437622,-0.002039039,1.310445701,0.139738336,-0.007692456,0.0734993,-0.038473201,0.014431588,-0.007554213
1.0678526,0.027500762,-0.00212265,1.311438851,0.140059905,-0.008007886,0.072614658,-0.03726699,0.014257888,-0.007317373
1.0688926,0.027724247,-0.002054096,1.312475489,0.141198102,-0.00774926,0.073339991,-0.036854126,0.014400307,-0.007236308
1.069854333,0.027895007,-0.002062439,1.313434653,0.142067772,-0.007780733,0.073251722,-0.035896187,0.014382976,-0.007048216
1.070901333,0.028069865,-0.00207559,1.314479022,0.142958314,-0.007830345,0.073112583,-0.034866506,0.014355656,-0.006846038
1.0718502,0.028220031,-0.002109195,1.31542563,0.143723103,-0.007957125,0.072757021,-0.033746154,0.014285841,-0.006626057
1.0728478,0.028368095,-0.002107378,1.316421002,0.144477184,-0.00795027,0.072776245,-0.033011298,0.014289616,-0.006481768
1.073928967,0.028538672,-0.002093497,1.317499602,0.145345921,-0.007897903,0.072923113,-0.032289428,0.014318453,-0.006340029
1.074866467,0.028731298,-0.002129402,1.318434204,0.146326959,-0.008033358,0.07254322,-0.030928498,0.014243861,-0.006072811
1.075848833,0.028899668,-0.002106766,1.319414038,0.147184456,-0.00794796,0.072782724,-0.030310505,0.014290888,-0.005951468
1.076807,0.029069357,-0.002175895,1.320369652,0.148048672,-0.008208755,0.072051309,-0.028714874,0.014147274,-0.005638165
1.0779082,0.029234938,-0.002109202,1.32146836,0.14889197,-0.007957149,0.072756953,-0.02857722,0.014285828,-0.005611137
1.0788468,0.029427134,-0.002141415,1.322404069,0.149870814,-0.008078679,0.072416116,-0.027257539,0.014218904,-0.005352018
1.0798529,0.029578948,-0.002210111,1.323407885,0.150643991,-0.008337838,0.07168929,-0.025757536,0.014076192,-0.005057492
1.080858167,0.029634637,-0.002227365,1.324412314,0.150927616,-0.00840293,0.071506736,-0.025291357,0.014040348,-0.004965958
1.081935033,0.029959577,-0.00224965,1.325484292,0.152582514,-0.008487003,0.071270947,-0.02340067,0.01399405,-0.004594721
1.0828664,0.030206436,-0.002250371,1.326411944,0.153839754,-0.008489722,0.071263322,-0.022135804,0.013992553,-0.004346365
1.083880633,0.030344404,-0.002274153,1.327424102,0.154542417,-0.008579443,0.071011695,-0.021181514,0.013943146,-0.00415899
1.084825867,0.030614841,-0.002222922,1.328365266,0.15591974,-0.00838617,0.07155374,-0.020346236,0.014049577,-0.003994983
1.085879067,0.030804097,-0.002257442,1.329415619,0.156883611,-0.008516398,0.071188508,-0.019017134,0.013977864,-0.003734014
1.0868565,0.031084477,-0.002364132,1.330388834,0.158311569,-0.008918897,0.070059676,-0.016460343,0.013756217,-0.003231988
1.087905767,0.031307626,-0.002324959,1.331434743,0.159448059,-0.008771115,0.070474139,-0.015738317,0.013837597,-0.003090219
1.088881033,0.031484118,-0.002388714,1.332407355,0.16034692,-0.009011635,0.069799587,-0.014164904,0.013705149,-0.002781279
1.089835267,0.031680089,-0.002397111,1.33335864,0.161344991,-0.009043314,0.06971074,-0.013077986,0.013687704,-0.002567862
1.09087,0.031924807,-0.002371253,1.334389691,0.162591327,-0.00894576,0.069984336,-0.012105246,0.013741424,-0.002376865
1.091871567,0.032192506,-0.002377639,1.33538723,0.163954702,-0.008969855,0.069916762,-0.010674297,0.013728156,-0.002095898
1.092923667,0.032325172,-0.002475115,1.336437334,0.164630362,-0.00933759,0.068885426,-0.0089673,0.013525653,-0.001760729
1.093878533,0.032502863,-0.002461556,1.337389528,0.165535333,-0.009286437,0.069028888,-0.008205792,0.013553822,-0.001611207
1.094833067,0.032876239,-0.002465913,1.338338444,0.167436917,-0.009302874,0.06898279,-0.00625811,0.013544771,-0.00122878
1.095904933,0.033139762,-0.002500804,1.339406346,0.168779027,-0.009434506,0.068613621,-0.00454683,0.013472284,-0.00089277
1.096826133,0.033366574,-0.002534138,1.340324133,0.16993417,-0.00956026,0.068260935,-0.003039001,0.013403035,-0.000596708
1.097915033,0.033660524,-0.00254892,1.341408611,0.171431238,-0.009616025,0.068104541,-0.001385539,0.013372327,-0.000272051
1.0988091,0.033945142,-0.002609356,1.342298395,0.172880784,-0.009844025,0.0674651,0.000703447,0.013246772,0.000138122
1.099876333,0.034257615,-0.002654636,1.343360928,0.174472191,-0.010014851,0.06698601,0.002773945,0.013152703,0.000544664
1.1008613,0.034507881,-0.002722104,1.344342129,0.175746782,-0.010269379,0.066272169,0.004762376,0.01301254,0.000935093
1.101859633,0.034767734,-0.002716298,1.345336553,0.177070203,-0.010247474,0.066333603,0.006024363,0.013024603,0.001182884
1.102868,0.034987026,-0.002739939,1.34634162,0.178187045,-0.010336663,0.06608347,0.007391339,0.012975489,0.001451289
1.103832933,0.03528114,-0.002835292,1.347302129,0.179684952,-0.01069639,0.065074594,0.009898121,0.012777397,0.001943496
1.1048369,0.0352121,-0.00290434,1.348307134,0.179333332,-0.010956881,0.064344031,0.010277064,0.01263395,0.002017902
1.105948633,0.03614428,-0.003009327,1.349404843,0.184080876,-0.011352951,0.06323323,0.01613541,0.012415845,0.003168188
1.107029133,0.036295633,-0.002843327,1.350483066,0.184851707,-0.010726704,0.064989577,0.015149894,0.012760703,0.002974682
1.1080375,0.036461406,-0.003034214,1.351488938,0.18569598,-0.011446841,0.06296991,0.018013833,0.012364142,0.003537016
1.1090928,0.036786637,-0.002982255,1.352539345,0.187352366,-0.011250821,0.063519658,0.019120471,0.012472085,0.003754305
1.1100575,0.037077129,-0.002955216,1.353499675,0.188831826,-0.011148814,0.063805743,0.020313846,0.012528258,0.003988624
1.111070733,0.037416247,-0.003006686,1.354507806,0.190558934,-0.01134299,0.063261165,0.022585532,0.01242133,0.004434669
1.1120889,0.037833465,-0.003054011,1.355519696,0.192683803,-0.011521527,0.062760449,0.025211117,0.012323014,0.004950203
1.113067,0.038102333,-0.003106224,1.35649375,0.194053136,-0.011718505,0.062208013,0.027132887,0.012214543,0.005327542
1.1140549,0.038414444,-0.003193844,1.357476955,0.195642698,-0.012049059,0.061280954,0.029649507,0.012032515,0.005821681
1.115037833,0.038693358,-0.003185289,1.358455692,0.197063195,-0.012016784,0.06137147,0.030979488,0.012050288,0.006082823
1.1160842,0.038965543,-0.003205377,1.359497963,0.198449417,-0.012092569,0.061158927,0.032578253,0.012008555,0.00639674
1.117044167,0.039367199,-0.003229134,1.360451887,0.200495029,-0.012182193,0.060907573,0.03487522,0.011959202,0.006847749
1.118079267,0.039609646,-0.003418787,1.36148334,0.201729797,-0.012897674,0.058900963,0.038116598,0.011565204,0.007484194
1.119122167,0.039875695,-0.003366279,1.362522237,0.203084772,-0.012699586,0.059456512,0.038916023,0.011674286,0.007641161
1.120075667,0.040243205,-0.003406654,1.363470208,0.204956479,-0.012851904,0.059029329,0.041214913,0.011590409,0.008092548
1.121082133,0.040571922,-0.003467356,1.364471729,0.206630619,-0.013080908,0.058387074,0.043531308,0.011464302,0.008547372
1.122022733,0.040923636,-0.003482102,1.365407037,0.208421881,-0.013136538,0.058231057,0.045478587,0.011433668,0.008929721
1.123049133,0.041291848,-0.00348107,1.366427897,0.210297162,-0.013132644,0.058241977,0.047342948,0.011435812,0.009295788
1.1241019,0.041626958,-0.003666535,1.367475622,0.212003859,-0.013832326,0.056279678,0.051011944,0.011050515,0.010016195
1.125041933,0.042242944,-0.003708585,1.368406388,0.215141044,-0.013990964,0.055834769,0.054594038,0.010963157,0.010719539
1.126085467,0.042493855,-0.003747396,1.369446147,0.216418919,-0.014137382,0.055424131,0.056282551,0.010882528,0.011051079
1.1270878,0.042743087,-0.003834879,1.37044473,0.217688244,-0.014467421,0.054498516,0.058477491,0.010700784,0.011482055
1.1280957,0.043081661,-0.003889101,1.371447536,0.219412585,-0.014671979,0.053924822,0.060775526,0.010588139,0.011933274
1.129095767,0.043372085,-0.003952399,1.372443234,0.220891697,-0.014910773,0.053255112,0.062924349,0.010456641,0.012355196
1.130099333,0.04376803,-0.003976497,1.373440843,0.222908223,-0.015001687,0.053000136,0.065195851,0.010406577,0.012801205
1.1310918,0.044110036,-0.004111222,1.374428165,0.224650043,-0.015509947,0.051574693,0.068363114,0.010126691,0.013423097
1.132026067,0.044328573,-0.004213824,1.375359143,0.22576304,-0.015897024,0.050489113,0.07056169,0.009913537,0.013854788
1.133139333,0.044826951,-0.004221331,1.376464912,0.228301253,-0.015925343,0.050409688,0.073179328,0.009897942,0.014368761
1.134099167,0.045183179,-0.004327869,1.377419386,0.230115505,-0.016327269,0.049282466,0.076120802,0.009676612,0.01494632
1.135043433,0.045559726,-0.004416595,1.378357987,0.232033235,-0.016661993,0.048343711,0.078977287,0.009492288,0.01550719
1.136037467,0.046011794,-0.004516706,1.379345219,0.234335596,-0.017039672,0.047284491,0.082338869,0.00928431,0.016167237
1.1370737,0.046357977,-0.004537481,1.380376244,0.236098686,-0.017118047,0.047064683,0.084321766,0.009241151,0.016556579
1.138069867,0.046827613,-0.004654994,1.381365345,0.238490517,-0.017561376,0.04582134,0.08795694,0.00899702,0.017270345
1.139079467,0.047287514,-0.004808618,1.382368026,0.240832766,-0.018140938,0.044195925,0.091924604,0.00867787,0.018049396
1.1400751,0.047649555,-0.004855002,1.383358212,0.242676623,-0.018315926,0.043705161,0.094259225,0.008581508,0.018507799
1.141083033,0.048044226,-0.004993278,1.384360208,0.24468666,-0.018837581,0.04224215,0.097732274,0.008294246,0.019189732
1.142072067,0.04844815,-0.00510785,1.385343164,0.246743827,-0.019269815,0.041029922,0.101001668,0.008056225,0.019831677
1.143109033,0.048856493,-0.005257249,1.386373987,0.248823494,-0.019833435,0.039449217,0.10466204,0.007745854,0.020550391
1.1440822,0.049214359,-0.005334463,1.38734177,0.250646088,-0.020124733,0.038632257,0.107301594,0.007585444,0.021068668
1.145097633,0.049639589,-0.005451652,1.388350806,0.25281176,-0.020566839,0.037392343,0.11070718,0.007341987,0.021737355
1.146123433,0.05030908,-0.005589599,1.389366533,0.25622144,-0.021087257,0.035932802,0.115576401,0.007055406,0.022693426
1.147080867,0.050687675,-0.00581965,1.390318271,0.258149604,-0.021955143,0.033498765,0.119938602,0.006577483,0.023549944
1.148095167,0.051153686,-0.005952383,1.391325559,0.260522974,-0.022455892,0.032094385,0.123716352,0.006301733,0.024291706
1.1490338,0.051709279,-0.006090934,1.392255834,0.263352581,-0.022978588,0.030628454,0.12801189,0.006013897,0.025135135
1.150093067,0.052197637,-0.006249969,1.393307753,0.265839762,-0.023578561,0.028945796,0.13218173,0.005683507,0.025953883
1.1510851,0.052777671,-0.006468173,1.39429106,0.268793844,-0.024401753,0.026637106,0.137444502,0.005230196,0.026987228
1.152095833,0.05338698,-0.006551304,1.395292626,0.271897022,-0.024715375,0.025757534,0.141427252,0.005057492,0.027769241
1.153114867,0.053856138,-0.006839477,1.396304601,0.274286417,-0.025802532,0.022708538,0.146865643,0.004458821,0.028837069
1.154037733,0.054387669,-0.006935843,1.397219471,0.276993474,-0.02616608,0.021688946,0.150592292,0.004258625,0.029568796
1.1550926,0.055039006,-0.007078055,1.398264538,0.2803107,-0.026702589,0.020184277,0.155414186,0.003963183,0.030515576
1.156112933,0.055621874,-0.007357774,1.399276102,0.283279216,-0.027757853,0.017224727,0.161342252,0.003382075,0.031679551
1.1570993,0.05615409,-0.007611316,1.400254462,0.285989761,-0.028714362,0.014542141,0.166735384,0.002855349,0.032738493
1.1580814,0.056818335,-0.007818428,1.401226568,0.289372727,-0.02949571,0.012350805,0.172309686,0.002425081,0.033833007
1.1590546,0.057537998,-0.008013375,1.402188941,0.293037931,-0.030231167,0.010288174,0.178037519,0.002020083,0.034957667
1.160051233,0.058280126,-0.008233289,1.403174409,0.296817552,-0.031060811,0.00796139,0.184143925,0.001563219,0.03615666
1.1610651,0.05898651,-0.008617121,1.404177648,0.300415126,-0.03250885,0.003900278,0.191802612,0.00076582,0.037660443
1.162063133,0.059788989,-0.008927398,1.405163608,0.304502107,-0.033679398,0.000617411,0.19917246,0.000121229,0.039107512
1.163094333,0.060626299,-0.009197524,1.406182211,0.308766483,-0.034698472,0.002240645,0.201813602,0.000439951,0.039626101
1.1640679,0.061454617,-0.009442951,1.407143315,0.312985061,-0.035624368,0.004837374,0.20343545,0.000949818,0.039944551
1.1651044,0.062305877,-0.009801152,1.408167008,0.317320486,-0.036975713,0.008627298,0.203980951,0.00169397,0.04005166
1.166052833,0.063178354,-0.010152351,1.409102315,0.321763964,-0.038300641,0.012343137,0.204708591,0.002423575,0.040194532
1.167093033,0.064064719,-0.010615582,1.41012918,0.326278172,-0.04004822,0.017244322,0.204321613,0.003385923,0.040118549
1.1680758,0.065048598,-0.010986777,1.411097144,0.331289013,-0.041448587,0.021171735,0.205405041,0.00415707,0.04033128
1.1690162,0.066032174,-0.011345535,1.412022746,0.336298314,-0.042802034,0.024967555,0.206618523,0.004902379,0.040569547
1.170093667,0.066973766,-0.011891906,1.413086046,0.341093792,-0.044863267,0.030748403,0.205633152,0.006037449,0.040376069
1.171084833,0.068123892,-0.012294502,1.414059909,0.346951322,-0.046382096,0.035008046,0.207231039,0.00687383,0.040689814
1.172085533,0.069286662,-0.012760645,1.415043116,0.352873247,-0.04814066,0.039940042,0.208220968,0.007842227,0.040884187
1.173043467,0.070625389,-0.013193525,1.415980908,0.359691313,-0.04977374,0.04452011,0.210458966,0.008741524,0.041323618
1.1740616,0.071815317,-0.013858969,1.416981139,0.365751551,-0.052284183,0.051560795,0.20947852,0.010123962,0.041131107
1.1750872,0.073185528,-0.014452458,1.417986124,0.372729964,-0.054523174,0.057840174,0.210177553,0.011356918,0.041268363
1.176049433,0.07462804,-0.015064042,1.418926654,0.380076598,-0.05683043,0.064311007,0.211053354,0.012627466,0.041440326
1.177083867,0.07597632,-0.015716837,1.419940803,0.386943314,-0.059293157,0.071217868,0.21101321,0.013983628,0.041432444
1.178036233,0.077656165,-0.016342958,1.420867896,0.395498676,-0.061655252,0.077842502,0.212943937,0.015284375,0.041811542
1.179062133,0.0792508,-0.017279707,1.421869805,0.403620066,-0.065189223,0.087753729,0.2111541,0.017230445,0.041460108
1.1800725,0.080881953,-0.017878088,1.422855631,0.411927442,-0.067446666,0.094084859,0.213130347,0.018473562,0.041848144
1.181056433,0.082789123,-0.018856658,1.423810871,0.421640555,-0.071138407,0.104438563,0.212489755,0.020506512,0.041722363
1.1820187,0.084613023,-0.019544096,1.424745697,0.43092958,-0.073731831,0.111711969,0.214505374,0.021934645,0.04211813
1.1830679,0.086497955,-0.020482104,1.425766538,0.440529437,-0.077270549,0.12163651,0.21418069,0.023883329,0.042054379
1.184053033,0.088659768,-0.0214106,1.426719147,0.451539436,-0.080773381,0.131460406,0.215366793,0.025812251,0.04228727
1.1850695,0.09091583,-0.022532804,1.427701671,0.463029437,-0.085006994,0.143333823,0.214983378,0.028143596,0.042211986
1.186035833,0.093248187,-0.023347592,1.428632914,0.474908006,-0.088080854,0.151954641,0.218241128,0.029836294,0.042851646
1.187097833,0.095943956,-0.024861995,1.429654357,0.488637411,-0.093794072,0.167977693,0.215947481,0.03298242,0.042401288
1.1881368,0.098888451,-0.025507965,1.430649023,0.503633568,-0.096231053,0.17481235,0.224108981,0.034324405,0.044003798
1.189122733,0.101613946,-0.027333589,1.431593952,0.517514366,-0.103118379,0.194128254,0.218673874,0.038117083,0.042936615
1.190192833,0.104537527,-0.028597713,1.432620066,0.53240401,-0.1078874,0.207503251,0.220188522,0.040743263,0.043234016
1.191135033,0.107527387,-0.030145992,1.433517284,0.547631206,-0.113728418,0.223884726,0.219034244,0.043959766,0.043007374
1.1922004,0.111140843,-0.031591316,1.434528286,0.56603434,-0.119181033,0.239176902,0.222145201,0.046962385,0.04361821
1.1931854,0.114721673,-0.032558363,1.435459412,0.584271318,-0.1228293,0.249408682,0.2301504,0.048971395,0.045190031
1.1943378,0.118342733,-0.034722511,1.436557334,0.602713182,-0.130993741,0.272306331,0.225694614,0.053467348,0.044315138
1.1953345,0.122688207,-0.036339902,1.437488656,0.624844444,-0.137095492,0.289419046,0.230713162,0.05682743,0.045300529
1.1963516,0.12659316,-0.038353749,1.438447006,0.644732162,-0.144692906,0.310726437,0.229293489,0.061011136,0.045021776
1.197332667,0.13071963,-0.040395901,1.43936599,0.665748052,-0.152397105,0.332333311,0.228702504,0.065253646,0.044905737
1.198344067,0.135097683,-0.042526474,1.440311522,0.688045242,-0.16043488,0.354875719,0.228457287,0.069679847,0.044857588
1.1993471,0.139613327,-0.044868771,1.441246618,0.711043171,-0.169271404,0.379658264,0.226672671,0.0745459,0.044507179
1.200326267,0.144479617,-0.046991956,1.442152571,0.735826925,-0.177281306,0.4021225,0.228992189,0.078956753,0.044962616
1.2013207,0.149488433,-0.049139977,1.443071647,0.761336559,-0.185384905,0.424849515,0.231774807,0.083419202,0.045508983
1.202362967,0.154845433,-0.051669487,1.444033317,0.788619472,-0.194927706,0.451612856,0.232294379,0.088674184,0.045611001
1.2033263,0.16032894,-0.053906666,1.444914151,0.816546677,-0.20336766,0.475283199,0.236551241,0.093321856,0.046446836
1.204355467,0.166060227,-0.056615135,1.445857091,0.845735812,-0.213585601,0.50394001,0.237083565,0.098948621,0.046551358
1.205315533,0.172059647,-0.058977045,1.446726896,0.876290536,-0.222496115,0.528930066,0.242648233,0.103855418,0.047643981
1.206333,0.178403927,-0.062239721,1.447648913,0.908601613,-0.234804849,0.563450626,0.240438751,0.11063353,0.047210149
1.207267,0.184968803,-0.064902544,1.448484144,0.942036177,-0.244850583,0.591624471,0.245699469,0.116165465,0.048243091
1.208393733,0.19174447,-0.068277917,1.449508938,0.976544283,-0.257584475,0.627337411,0.244494635,0.123177701,0.048006522
1.2093054,0.198960417,-0.07114412,1.450312041,1.013294712,-0.26839748,0.657663114,0.250919361,0.129132152,0.049268017
1.210357067,0.20644125,-0.074807515,1.451251158,1.051394194,-0.28221796,0.696423455,0.250258502,0.136742745,0.049138257
1.211346967,0.214295333,-0.078055588,1.452122893,1.091394618,-0.294471604,0.730789512,0.25589287,0.143490521,0.050244565
1.2123361,0.22249521,-0.08204098,1.45298866,1.13315615,-0.309506849,0.772956731,0.255487182,0.151770054,0.050164908
1.2133285,0.23101965,-0.085666031,1.453852809,1.176570665,-0.323182674,0.811311379,0.260547049,0.159300989,0.051158413
1.214355133,0.23992235,-0.089426961,1.454745502,1.221911637,-0.337371113,0.851103684,0.266095717,0.167114208,0.052247894
1.215310367,0.249245193,-0.092626464,1.455560473,1.269392378,-0.349441521,0.884955845,0.279724296,0.17376108,0.054923865
1.2163352,0.258825397,-0.097071128,1.456441172,1.318183838,-0.366209408,0.931982359,0.281489243,0.182994736,0.055270413
1.2173361,0.268697433,-0.101111562,1.457293547,1.368461591,-0.381452303,0.974731947,0.289017407,0.191388618,0.056748568
1.218361567,0.278973863,-0.10580887,1.458164405,1.420798897,-0.399173314,1.024431553,0.291655107,0.201147135,0.05726648
1.219310533,0.289578,-0.109875564,1.458953832,1.474805195,-0.414515276,1.06745898,0.302633978,0.209595571,0.059422182
1.220314633,0.300746503,-0.115640603,1.459789902,1.531685782,-0.436264396,1.128455651,0.298517895,0.221572267,0.058613989
1.2213421,0.312103543,-0.11974875,1.460646502,1.589526577,-0.451762742,1.171921665,0.312892675,0.230106819,0.061436477
1.222344033,0.323973733,-0.124995373,1.461469849,1.649980817,-0.471556092,1.227433268,0.317835312,0.241006522,0.062406964
1.2233551,0.336236387,-0.12909571,1.462296424,1.712433851,-0.487024975,1.270816649,0.336904966,0.249524849,0.06615129
1.224277367,0.348985683,-0.135503463,1.463026877,1.777365334,-0.51119879,1.338613522,0.334039575,0.262836765,0.065588671
1.225356767,0.361805277,-0.140026557,1.463913406,1.842654834,-0.52826256,1.386469857,0.351472741,0.272233356,0.069011673
1.2263119,0.375565577,-0.147472097,1.464661516,1.912735303,-0.556351517,1.465246973,0.342776093,0.287701243,0.067304086
1.227354767,0.389386457,-0.15184367,1.465496447,1.983124302,-0.572843664,1.511500159,0.366911906,0.296783056,0.072043153
1.228292433,0.403664657,-0.1578079,1.466219299,2.055842407,-0.595344249,1.574604358,0.376525812,0.309173566,0.073930843
1.229366067,0.418530413,-0.164632167,1.467069277,2.131552907,-0.621089398,1.646808128,0.380032543,0.323350776,0.07461939
1.230366033,0.433682243,-0.171402493,1.467841284,2.208720363,-0.646631053,1.718441188,0.385566939,0.337415927,0.075706068
1.231367967,0.44911042,-0.177513647,1.4686111,2.287295238,-0.669685919,1.783099901,0.3994831,0.350111666,0.078438507
1.232366767,0.464874097,-0.18351587,1.469372736,2.367578796,-0.692329837,1.846606087,0.416260472,0.362581105,0.081732744
1.2333346,0.481562087,-0.1924708,1.470089498,2.452569833,-0.726113102,1.94135322,0.406504376,0.381184705,0.079817134
1.2343354,0.497810097,-0.196852203,1.470845847,2.535320075,-0.742642333,1.987710411,0.442897427,0.390286939,0.08696291
1.235402067,0.51511205,-0.205016283,1.471652206,2.623437993,-0.773442047,2.07409,0.444635757,0.407247571,0.087304231
1.2363466,0.532709637,-0.212265733,1.472331984,2.713061557,-0.800791238,2.150792397,0.457556923,0.422308087,0.089841302
1.237371633,0.550856293,-0.220684217,1.473084,2.805481504,-0.83255071,2.239863686,0.460905581,0.439797235,0.090498811
1.238382167,0.569271027,-0.22858574,1.473817484,2.899266752,-0.862359905,2.323465309,0.471089206,0.456212413,0.092498366
1.239365733,0.58787282,-0.23600549,1.474521187,2.994004686,-0.890351568,2.401969556,0.487322893,0.471626722,0.09568585
1.2403457,0.607605953,-0.244092103,1.475204268,3.094504473,-0.920859031,2.487529513,0.502262724,0.48842642,0.098619286
1.241365567,0.627192337,-0.251828437,1.475929458,3.194256871,-0.950045032,2.569383352,0.520161282,0.504498421,0.102133668
1.242348033,0.64717553,-0.260418213,1.476611277,3.296030201,-0.982450724,2.660267001,0.531050964,0.522343426,0.104271857
1.243375033,0.667698403,-0.268794187,1.477329511,3.400552092,-1.014049823,2.748888515,0.546951341,0.53974426,0.107393896
1.244302667,0.688463213,-0.278182487,1.477944738,3.506306154,-1.049468015,2.848220894,0.553373023,0.559248173,0.108654793
1.2454149,0.709921757,-0.286547153,1.478734127,3.615593362,-1.081024459,2.936722779,0.574158347,0.576625518,0.112735991
1.246332933,0.73124997,-0.2948458,1.479331278,3.724216807,-1.112331837,3.024526143,0.594978427,0.593865708,0.116824014
1.2473995,0.753071187,-0.303514987,1.480069544,3.835351091,-1.14503711,3.116249984,0.61438887,0.611875684,0.120635255
1.248350133,0.775731127,-0.31359118,1.480679259,3.950756948,-1.18305044,3.22286058,0.623184131,0.632808675,0.122362204
1.249390967,0.79829997,-0.32168718,1.481380544,4.065698854,-1.213593315,3.308519852,0.652466765,0.649627873,0.128111849
1.2503885,0.821723103,-0.332753827,1.482025676,4.184991614,-1.255343218,3.425609884,0.654669493,0.672618501,0.128544355
1.2513381,0.844854353,-0.34109244,1.482627266,4.302797827,-1.286801373,3.513836113,0.684249477,0.689941721,0.134352385
1.2523269,0.86877352,-0.35089276,1.483256202,4.424616858,-1.323773947,3.617527847,0.702376774,0.710301593,0.13791168
1.253302167,0.892988503,-0.359908697,1.483867155,4.547942467,-1.357787364,3.712920457,0.730309773,0.729031932,0.143396324
1.254343167,0.91820971,-0.373137027,1.484528702,4.676392717,-1.407692408,3.852882058,0.718798423,0.756513392,0.14113607
1.255313833,0.942526033,-0.38116955,1.485133529,4.800234445,-1.437995812,3.937869719,0.75765249,0.773200719,0.148765066
1.2563369,0.967816703,-0.391486553,1.485776098,4.929038469,-1.476917619,4.047028192,0.777298041,0.794633985,0.15262247
1.257342967,0.993428813,-0.401159577,1.48639683,5.059479569,-1.513409955,4.14937307,0.805394262,0.814729402,0.158139163
1.258379533,1.020786087,-0.413255293,1.487021807,5.198808692,-1.559042115,4.277351119,0.816745336,0.839857892,0.160367947
1.259424567,1.048616903,-0.424539397,1.487648125,5.340549546,-1.601612392,4.396741939,0.83909537,0.86330028,0.164756376
1.2604254,1.075493133,-0.43706128,1.488244606,5.477428741,-1.648852303,4.529229021,0.843487484,0.889314118,0.165618767
1.261412133,1.101388767,-0.443757363,1.488841739,5.60931381,-1.674113869,4.600076553,0.90452502,0.903225031,0.177603488
1.262513033,1.130637433,-0.457819997,1.489502593,5.758275698,-1.727166396,4.748865453,0.904698008,0.932439732,0.177637454
1.263521633,1.1607866,-0.469442727,1.490057599,5.911823784,-1.771014172,4.871839094,0.935272454,0.956585606,0.183640746
1.264639733,1.1902605,-0.481623263,1.490732264,6.061932773,-1.816966323,5.000714576,0.95650596,0.981890307,0.187809945
1.26559,1.2185654,-0.493379057,1.491256684,6.206088108,-1.861316093,5.125096085,0.976279786,1.006312616,0.191692536
1.266620567,1.247045167,-0.505652837,1.491858772,6.351134029,-1.907620012,5.254958124,0.991463669,1.031811028,0.194673891
1.267667733,1.275794733,-0.514935663,1.492473402,6.497554028,-1.942640296,5.353174548,1.039667243,1.051095823,0.204138663
1.2686389,1.304482733,-0.528491717,1.493012957,6.64366047,-1.993781705,5.496603607,1.042344626,1.079258118,0.204664367
1.269625133,1.334197767,-0.53894065,1.493552128,6.794997538,-2.03320123,5.607157958,1.083127344,1.100965465,0.212672054
1.270631967,1.363705267,-0.549436153,1.494115021,6.94527765,-2.072796444,5.71820504,1.122360374,1.12276956,0.220375459
1.271634967,1.393489933,-0.56251697,1.494669911,7.096969357,-2.122144981,5.856605884,1.135651236,1.149944565,0.22298512
1.272608867,1.423367067,-0.572764737,1.495194309,7.249131992,-2.160805586,5.965031802,1.179387953,1.171233994,0.231572825
1.273614,1.454058667,-0.585810503,1.495737687,7.405442662,-2.210021894,6.103061802,1.197668623,1.198336185,0.235162234
1.2746109,1.4844825,-0.597679437,1.496276861,7.56038961,-2.254798493,6.228640383,1.227036991,1.222993539,0.240928713
1.275633967,1.5154808,-0.609768233,1.496833558,7.718262287,-2.300404547,6.356545215,1.257004835,1.248107653,0.246812899
1.2766218,1.5467335,-0.62245949,1.497351194,7.877430609,-2.348283435,6.490824342,1.28189403,1.27447336,0.251699893
1.277638833,1.5781625,-0.63409718,1.497895379,8.037496817,-2.392187649,6.613956265,1.318828315,1.298650313,0.25895194
1.2785512,1.608969333,-0.643663167,1.498344256,8.194394364,-2.428276179,6.715168649,1.374513478,1.318523364,0.269885721
1.279622733,1.6415694,-0.659228283,1.498925322,8.360424752,-2.486996957,6.879854489,1.375858026,1.350859429,0.270149723
1.280625367,1.673115167,-0.67099011,1.499453349,8.521085646,-2.531369487,7.004299834,1.412073576,1.375294272,0.277260647
1.281642433,1.706003067,-0.685814043,1.499975617,8.688581954,-2.587294086,7.161143626,1.422726092,1.406090551,0.279352268
1.282612533,1.7381644,-0.696347217,1.50046185,8.852377897,-2.627031413,7.272589273,1.475076387,1.427972904,0.289631249
1.283619367,1.771259633,-0.711027703,1.500970765,9.020930142,-2.682414846,7.427915336,1.488302569,1.458471176,0.29222821
1.284642133,1.803557667,-0.721403577,1.501507608,9.18542229,-2.721558745,7.537696679,1.543013374,1.480026743,0.302970676
1.2855839,1.836766733,-0.734240473,1.501949744,9.354554282,-2.769987073,7.673516741,1.576325304,1.506695012,0.309511473
1.2866307,1.869375833,-0.746305407,1.502505941,9.520630677,-2.8155031,7.801169089,1.614749351,1.531759551,0.317056035
1.287625867,1.9036165,-0.762302277,1.502985956,9.695016552,-2.875852706,7.970423071,1.619881244,1.56499257,0.318063682
1.288611467,1.9375556,-0.773918867,1.503460943,9.867866565,-2.919677318,8.093331748,1.66982258,1.589125689,0.327869664
1.289624467,1.970763767,-0.784226,1.503974326,10.03699397,-2.958561889,8.202385792,1.729895945,1.61053845,0.339665069
1.290620067,2.0054998,-0.800422767,1.504447322,10.21390272,-3.019665623,8.373754769,1.735435719,1.644186749,0.340752803
1.291607133,2.039166267,-0.810612263,1.504927877,10.38536423,-3.0581064,8.481564165,1.799087829,1.665355124,0.353250895
1.292633767,2.074383833,-0.8267619,1.505424662,10.56472541,-3.119032331,8.652434486,1.807578682,1.698905511,0.354918074
1.293593567,2.108976133,-0.840010483,1.505864021,10.74090213,-3.169013783,8.792610376,1.843579518,1.726429047,0.361986838
1.294612067,2.143849,-0.851309817,1.506357858,10.91850777,-3.211641516,8.912162336,1.901633194,1.749903075,0.373385678
1.295604433,2.1795319,-0.86830954,1.506813376,11.10023886,-3.275774475,9.092026952,1.903499671,1.785219492,0.37375216
1.296631067,2.214191367,-0.88101256,1.507318558,11.27675766,-3.32369774,9.22643054,1.945614884,1.811609636,0.382021483
1.297598967,2.249799733,-0.89372736,1.50775073,11.45810916,-3.371665447,9.360958765,1.992438157,1.838024254,0.391215232
1.298612967,2.285147867,-0.908539297,1.508232917,11.6381353,-3.427544787,9.517675627,2.015747439,1.868795609,0.39579201
1.299603133,2.3204659,-0.919467543,1.508691724,11.81800815,-3.468772563,9.633301325,2.079994587,1.891498715,0.408406937
1.300628733,2.355340267,-0.929319633,1.509192639,11.99562142,-3.505940443,9.737540809,2.153368379,1.911966138,0.422813881
1.3016165,2.392796167,-0.948774353,1.509616882,12.18638231,-3.579335094,9.943380378,2.138289695,1.952382737,0.419853182
1.3026322,2.430550267,-0.965736463,1.510064571,12.37866191,-3.643326153,10.12284703,2.151102649,1.987621014,0.422369005
1.303618733,2.463822433,-0.969055,1.510550525,12.54811527,-3.655845626,10.15795862,2.285444415,1.994515175,0.448747011
1.304626333,2.5014936,-0.99085058,1.510991362,12.7399725,-3.738071377,10.38856553,2.246694736,2.039794841,0.441138511
1.3055794,2.5375623,-1.00020552,1.511401775,12.92366845,-3.773363715,10.48754494,2.331411271,2.059229449,0.457772603
1.3066283,2.574043833,-1.012614637,1.511901811,13.10946694,-3.820178204,10.6188389,2.3859158,2.085009018,0.468474567
1.3075514,2.611609767,-1.030147523,1.512259731,13.30078822,-3.886322569,10.80434462,2.39173136,2.121433066,0.469616453
1.3086434,2.6494403,-1.045275003,1.512782571,13.49345709,-3.943392324,10.96440007,2.424344784,2.152859954,0.476020098
1.309594733,2.686309067,-1.061036433,1.513179213,13.68122774,-4.002853712,11.13116299,2.445352509,2.185603854,0.480144965
1.310663133,2.721788167,-1.06745105,1.51371383,13.86192089,-4.02705342,11.19903248,2.558176168,2.198930028,0.502297891
1.311619367,2.759731233,-1.0831872,1.51409921,14.05516289,-4.086419436,11.36552793,2.584922719,2.23162141,0.507549576
1.3126367,2.7985564,-1.100575767,1.514532419,14.25289738,-4.152019341,11.54950668,2.598678456,2.267745637,0.510250515
1.313583167,2.836028567,-1.113079667,1.514915117,14.44374111,-4.199191409,11.68180349,2.657225378,2.293722116,0.521746203
1.314630667,2.874705867,-1.1319227,1.515380717,14.64072252,-4.270278417,11.88117115,2.654839136,2.332867955,0.521277664
1.315625433,2.9117747,-1.141895033,1.515817783,14.8295121,-4.307899926,11.98668286,2.738117001,2.353585179,0.537629273
1.316609633,2.949441533,-1.153223733,1.516235285,15.02134725,-4.350638448,12.10654553,2.810089487,2.377120215,0.551761071
1.3175988,2.987405933,-1.169469567,1.516653278,15.2146979,-4.41192729,12.27843366,2.831552011,2.410870448,0.555975237
1.3185975,3.024969267,-1.1794077,1.517086837,15.40600594,-4.449419776,12.38358352,2.917710189,2.431516623,0.572892396
1.319665167,3.064155333,-1.2005372,1.51756495,15.60557847,-4.529132682,12.607143,2.893723236,2.475412528,0.568182557
1.320617167,3.1038754,-1.2142273,1.517919361,15.80787064,-4.580779794,12.75199033,2.95116807,2.503853302,0.57946185
1.321639467,3.141684833,-1.2252983,1.518372818,16.00043205,-4.62254612,12.86912642,3.02659339,2.526852974,0.594271612
1.322573033,3.179539367,-1.239625933,1.518736864,16.19322316,-4.676598383,13.02071914,3.067791777,2.556618204,0.602360915
1.323647133,3.2195066,-1.256885133,1.519209657,16.39677413,-4.74171024,13.20332914,3.088732755,2.592473676,0.606472676
1.324583033,3.258175533,-1.269026667,1.519563782,16.59371293,-4.787515248,13.33179195,3.157208745,2.617697349,0.619917937
1.325617733,3.2973466,-1.285210333,1.520009154,16.79320907,-4.84856956,13.50302232,3.185474509,2.651318433,0.62546792
1.326610767,3.335925967,-1.299278633,1.52042176,16.98969171,-4.901643465,13.65187118,3.233108294,2.680544905,0.634820814
1.327660733,3.374848833,-1.309106867,1.520886133,17.18792378,-4.938721344,13.75585825,3.327353294,2.700962766,0.653325819
1.328635033,3.416777433,-1.333958167,1.521229617,17.40146388,-5.032475069,14.01879603,3.27795562,2.7525906,0.643626586
1.329628133,3.455422633,-1.341761433,1.5216413,17.59828181,-5.061913583,14.10135805,3.392211524,2.768801653,0.666060733
1.330637433,3.494986433,-1.354589267,1.522055362,17.79977812,-5.110307717,14.23708222,3.457983663,2.795451093,0.678975092
1.3316277,3.5342726,-1.3681746,1.522454569,17.99986045,-5.161559588,14.38082107,3.514327145,2.823674217,0.690038135
1.332581433,3.576996733,-1.39237,1.522765517,18.21745217,-5.252838873,14.63681914,3.475920793,2.873939438,0.682497048
1.333626367,3.613714533,-1.3938149,1.523258032,18.40445395,-5.258289886,14.65210682,3.647634893,2.876941174,0.716213111
1.334594267,3.656730333,-1.422289433,1.523578759,18.62353111,-5.365712579,14.95338002,3.565438854,2.936096167,0.700073919
1.335587767,3.6934526,-1.4246399,1.524019772,18.81055564,-5.374579922,14.978249,3.727594405,2.940979191,0.731913161
1.336598533,3.734243233,-1.444699467,1.524416844,19.01830014,-5.45025641,15.19048811,3.723099793,2.982652341,0.731030644
1.337646633,3.774582,-1.458947733,1.524858047,19.22374332,-5.504009255,15.3412411,3.777789981,3.012252689,0.741769063
1.3386408,3.816245467,-1.476122,1.525225387,19.43593311,-5.568800694,15.52295246,3.808268417,3.047931715,0.747753504
1.339620367,3.854525233,-1.484611567,1.525629035,19.63088991,-5.600828335,15.61277584,3.91340183,3.065568536,0.768396449
1.3406074,3.896424067,-1.5049037,1.5259857,19.84427841,-5.677382201,15.82747561,3.912090563,3.107724837,0.768138982
1.341661,3.936364467,-1.518998567,1.526438397,20.04769273,-5.730556331,15.97660556,3.966374931,3.137006501,0.778797718
1.3426338,3.9781472,-1.530914967,1.526782575,20.26048994,-5.775512003,16.10268636,4.053091348,3.161762466,0.795824486
1.343645267,4.018182333,-1.544929033,1.527191713,20.46438672,-5.828381308,16.2509614,4.108713087,3.190876271,0.806745815
1.344580667,4.0588349,-1.5602775,1.527515496,20.67142806,-5.886284755,16.41335499,4.153360838,3.222762252,0.8155124
1.3456175,4.101063833,-1.578767867,1.527916995,20.88649775,-5.956041297,16.60899127,4.172794243,3.261175436,0.81932815
1.346647033,4.138660967,-1.584451333,1.528380879,21.07797793,-5.977482678,16.66912487,4.304140824,3.272982668,0.845118051
1.347654567,4.182861033,-1.6089724,1.528723422,21.3030865,-6.069990569,16.92856864,4.269805623,3.323924452,0.838376334
1.3485967,4.2226324,-1.616563667,1.529067196,21.50563993,-6.098629293,17.0088876,4.392040087,3.339695081,0.862377071
1.349574833,4.2620759,-1.630819333,1.529451901,21.70652355,-6.152410055,17.15971888,4.442092435,3.369310803,0.87220485
1.3506181,4.308408433,-1.662261967,1.529798095,21.94249266,-6.271030168,17.49239589,4.345384526,3.434631934,0.853216252
1.351594867,4.348316533,-1.665715333,1.530174444,22.14574247,-6.284058299,17.52893405,4.512096184,3.4418062,0.885950086
1.3526307,4.3898643,-1.6859632,1.530585192,22.35734301,-6.360445165,17.74316546,4.509465314,3.483870538,0.885433514
1.353568933,4.426719833,-1.686134133,1.530968933,22.54504626,-6.361090027,17.74497401,4.695360015,3.484225647,0.921933939
1.354646833,4.468206233,-1.700123333,1.531422671,22.75633427,-6.41386552,17.89298595,4.758636078,3.513287792,0.934358194
1.355611767,4.513988167,-1.7310127,1.531698815,22.98949919,-6.530398385,18.21980916,4.6649778,3.577459528,0.915968391
1.356636267,4.555397033,-1.743076667,1.532100318,23.20039233,-6.575910766,18.34745128,4.748228813,3.602522058,0.932314727
1.357558867,4.595719667,-1.7498767,1.532416264,23.40575333,-6.601564492,18.41939865,4.881642448,3.616648924,0.958510495
1.3586556,4.6413285,-1.7779283,1.532826813,23.63803667,-6.707391632,18.71619702,4.817127411,3.674925285,0.945842967
1.3596092,4.681760933,-1.787439767,1.533172107,23.84395688,-6.743274481,18.81683256,4.922412084,3.694685073,0.966515613
1.3606443,4.7203959,-1.790785433,1.533625944,24.04072269,-6.755896304,18.8522312,5.083779256,3.701635595,0.998200057
1.361609933,4.764477433,-1.810795633,1.53392837,24.26522757,-6.831386552,19.06394799,5.096567342,3.743206188,1.000710998
1.362623733,4.807187733,-1.827418467,1.534299594,24.48274883,-6.89409766,19.23982494,5.138211653,3.777739628,1.008887858
1.363582067,4.846904467,-1.835137633,1.534660389,24.68502402,-6.923218898,19.32149715,5.258814634,3.793775966,1.032568253
1.3646151,4.890708767,-1.859917,1.535034387,24.90811697,-7.016701249,19.58367384,5.219730887,3.845254359,1.02489416
1.365629033,4.933041567,-1.8730616,1.535411423,25.12371564,-7.066290414,19.72274954,5.296253862,3.872561873,1.039919446
1.366638633,4.976098533,-1.886022133,1.535773231,25.34300246,-7.115185171,19.85987774,5.378412487,3.899486994,1.056051292
1.367610533,5.017663167,-1.8999917,1.536119791,25.55468891,-7.167886596,20.00768195,5.442294718,3.928508351,1.068594568
1.3686052,5.0569579,-1.905663567,1.536523268,25.75481487,-7.189284214,20.06769282,5.582409817,3.940291485,1.096106168
1.3696199,5.1003151,-1.921069733,1.536885659,25.97563076,-7.247405339,20.2306969,5.640221629,3.972297336,1.107457517
1.370630333,5.144149633,-1.944778067,1.537236602,26.19887768,-7.336847122,20.48154158,5.612623866,4.02155069,1.102038696
1.371623333,5.186202667,-1.9583509,1.537596914,26.41305152,-7.388051835,20.62514818,5.683191106,4.049747845,1.115894574
1.3725881,5.229154433,-1.971691233,1.537915472,26.63180256,-7.438379422,20.76629483,5.7607955,4.077461989,1.131132196
1.373584,5.273372367,-1.989484967,1.538246113,26.85700212,-7.505507853,20.95456042,5.797729465,4.114427938,1.138384181
1.374634933,5.316205167,-2.004459733,1.538652627,27.07514727,-7.562001484,21.1130001,5.857434939,4.145537569,1.15010735
1.375626967,5.3540823,-2.0060813,1.539074798,27.26805348,-7.568118987,21.13015699,6.033184249,4.148906325,1.184615727
1.376562333,5.4003369,-2.033125767,1.539314265,27.50362567,-7.670146628,21.41629945,5.982613985,4.205090396,1.174686256
1.377634267,5.443212667,-2.048045567,1.539741132,27.72198964,-7.726432892,21.57415755,6.043119857,4.236085835,1.186566584
1.3786334,5.487211233,-2.0640509,1.540078307,27.94607198,-7.786814426,21.74350108,6.097858665,4.269336437,1.197314549
1.3796289,5.529111067,-2.073323333,1.540443424,28.15946558,-7.821795501,21.84160754,6.213145806,4.28859964,1.219951179
1.380578367,5.5729667,-2.093543933,1.540733083,28.38281996,-7.898079501,22.05555046,6.22255727,4.330607332,1.22179912
1.381660533,5.615053167,-2.0988188,1.541182058,28.59716408,-7.917979402,22.11136089,6.381090954,4.34156571,1.252927209
1.382601267,5.6583567,-2.1174133,1.54147129,28.81770665,-7.988128796,22.30809895,6.404895463,4.380195228,1.257601224
1.383624067,5.699909067,-2.1293241,1.541868935,29.02933062,-8.033063342,22.4341205,6.490497885,4.404939559,1.27440926
1.3846046,5.742397967,-2.140813167,1.542210223,29.2457243,-8.076406861,22.55567992,6.585332146,4.428807752,1.293029967
1.3856327,5.7876741,-2.161477433,1.542557143,29.47631322,-8.154364633,22.77431703,6.597283951,4.471737149,1.295376704
1.386589633,5.830700867,-2.175946333,1.542866739,29.69544623,-8.208949837,22.92740441,6.66332958,4.501795856,1.308344763
1.387657333,5.8732797,-2.1896665,1.54329384,29.91229794,-8.260710378,23.07256986,6.73501584,4.530299092,1.32242036
1.3885697,5.918504233,-2.2107459,1.543525804,30.14262406,-8.340234278,23.29559927,6.742312553,4.574090916,1.32385307
1.389653233,5.9624211,-2.226837233,1.543948608,30.3662903,-8.400940255,23.46585271,6.795725349,4.60752018,1.334340672
1.390591833,6.0011592,-2.226367733,1.544304393,30.56358136,-8.399169025,23.46088519,6.997983929,4.606544808,1.374054145
1.3916646,6.046274033,-2.248040867,1.544698407,30.79334878,-8.480932835,23.69019656,6.998439985,4.651570095,1.374143691
1.3925689,6.0919118,-2.2691047,1.544916087,31.02577948,-8.560398008,23.91306126,7.008005976,4.695329579,1.376021973
1.393658767,6.132000433,-2.2702987,1.54540282,31.22994873,-8.564902479,23.92569431,7.199542182,4.697810078,1.413630107
1.394643233,6.176840933,-2.291318167,1.545712661,31.45831899,-8.644200274,24.1480896,7.205517155,4.741477392,1.414803293
1.3956267,6.224457767,-2.315538633,1.545979733,31.70082896,-8.735574125,24.40435288,7.191763845,4.791794688,1.412102831
1.3966247,6.264304767,-2.316986467,1.546378235,31.90376759,-8.741036204,24.4196716,7.379383756,4.794802518,1.448942001
1.397606,6.306795933,-2.3306318,1.546720255,32.12017282,-8.79251443,24.56404528,7.451415304,4.823150291,1.463085395
1.398665933,6.352439733,-2.351920867,1.547093478,32.35263424,-8.872829316,24.78929305,7.458628954,4.867377691,1.464501795
1.3995985,6.3980303,-2.368340433,1.547340134,32.58482455,-8.934773582,24.96301935,7.51709296,4.90148885,1.475981203
1.400610433,6.437511567,-2.374147,1.547758072,32.78590052,-8.956679368,25.0244554,7.656732878,4.913551818,1.503399501
1.401592067,6.4800973,-2.3872187,1.548099003,33.00278737,-9.005993511,25.16275979,7.735315344,4.940707885,1.518829168
1.402600633,6.526237967,-2.406915167,1.548413383,33.23777931,-9.080300172,25.37115715,7.761909924,4.981626706,1.524051013
1.403620467,6.570343333,-2.424192867,1.548769651,33.46240557,-9.145481822,25.55396288,7.803730454,5.017520611,1.532262475
1.404641167,6.612776267,-2.434328133,1.549151948,33.67851422,-9.183718012,25.6611985,7.912603486,5.038576325,1.553639694
1.4056332,6.663076233,-2.4606831,1.549387218,33.93468925,-9.283144452,25.94004574,7.889931272,5.09332798,1.549188005
1.406644233,6.701397933,-2.460742867,1.549821701,34.1298596,-9.283369927,25.94067809,8.084469274,5.093452144,1.587385542
1.407616467,6.744367467,-2.475313767,1.550147458,34.34870113,-9.338339935,26.09484468,8.149144211,5.123722753,1.600084466
1.4086586,6.786462633,-2.484556633,1.55055627,34.56308955,-9.373209467,26.19263831,8.265739003,5.142924532,1.622977853
1.409616933,6.836415167,-2.515425367,1.550763067,34.81749512,-9.489664491,26.51924321,8.193539676,5.207053404,1.608801515
1.410610733,6.878065867,-2.520473367,1.551130232,35.0296199,-9.508708517,26.57265329,8.352254374,5.217540473,1.639965146
1.411627167,6.924026467,-2.5346883,1.551455188,35.26369476,-9.562335609,26.72305359,8.435928938,5.247071572,1.656394647
1.4126174,6.965394,-2.5409,1.551823047,35.47437739,-9.585769797,26.78877613,8.580889021,5.259976193,1.684857559
1.413617767,7.010722333,-2.559631567,1.552141449,35.70523215,-9.656436287,26.98696442,8.613555501,5.298890463,1.691271623
1.414639867,7.0577793,-2.578932667,1.552455577,35.94489076,-9.729251393,27.19117862,8.648999902,5.338987922,1.698231131
1.4155735,7.097557867,-2.587966067,1.552790742,36.14748086,-9.763330693,27.286756,8.756012624,5.35775454,1.719243079
1.416621067,7.139479333,-2.5933651,1.5532076,36.36098464,-9.783699023,27.34388017,8.912392234,5.368970871,1.749948215
1.417608033,7.185819467,-2.613099067,1.553497379,36.59699245,-9.858147156,27.55267429,8.93960592,5.409967597,1.755291622
1.418671833,7.233122333,-2.6345318,1.553849508,36.8379034,-9.939004037,27.77944212,8.95374905,5.45449346,1.758068626
1.419591667,7.275270133,-2.639125733,1.554135228,37.05255988,-9.956335056,27.82804797,9.119799678,5.464037219,1.790672667
1.420626067,7.319102767,-2.6546595,1.554510166,37.27579713,-10.01493756,27.99240211,9.178682781,5.496308155,1.802234364
1.4216381,7.3641467,-2.669208067,1.554844513,37.50520346,-10.06982332,28.1463324,9.254158822,5.526532368,1.817054085
1.422662033,7.410269567,-2.693778967,1.555174528,37.74010474,-10.16251921,28.40630343,9.22908908,5.577577678,1.812131641
1.423599467,7.453025833,-2.697977167,1.555468693,37.95786011,-10.17835729,28.45072225,9.40242563,5.586299313,1.846166273
1.424660467,7.496584233,-2.7059735,1.555874357,38.1797007,-10.20852416,28.535327,9.539661467,5.602911457,1.873112529
1.425596,7.538802133,-2.719858033,1.556174722,38.3947142,-10.26090479,28.68223152,9.60777044,5.63175616,1.886485726
1.4266286,7.581640267,-2.7262764,1.556562822,38.61288651,-10.28511865,28.75014069,9.758033584,5.645090125,1.915989894
1.427618,7.6281266,-2.750120567,1.556852835,38.84963891,-10.37507287,29.00242255,9.742504119,5.694625669,1.912940684
1.4286002,7.676985567,-2.7769719,1.557099952,39.098475,-10.4763719,29.28652157,9.707241191,5.750408511,1.906016808
1.429568333,7.719251,-2.7841653,1.557432202,39.31373058,-10.50350964,29.36263094,9.846387408,5.765352585,1.933338168
1.430606,7.766067633,-2.804697633,1.557765512,39.55216518,-10.58096968,29.57987213,9.86758081,5.808007894,1.937499492
1.4316114,7.8085035,-2.8074692,1.558132465,39.76828877,-10.59142566,29.60919654,10.05437999,5.813765741,1.974177512
1.432605433,7.853659133,-2.824344467,1.558447132,39.99826398,-10.6550891,29.78774435,10.1058074,5.848823603,1.984275283
1.433652967,7.895959233,-2.833031967,1.55885826,40.21369612,-10.68786346,29.87966195,10.22932193,5.866871624,2.008527361
1.434588167,7.940512667,-2.8496655,1.559123154,40.44060436,-10.75061493,30.05565212,10.28024001,5.901427293,2.018525126
1.435636567,7.9827113,-2.849192633,1.559536675,40.65551974,-10.748831,30.05064898,10.50015852,5.900444927,2.061706126
1.436596733,8.032401567,-2.8791905,1.559749252,40.90858959,-10.8620006,30.36803972,10.43583764,5.962764598,2.049076721
1.437588667,8.075635133,-2.8899032,1.560090736,41.12877583,-10.90241521,30.48138483,10.54267875,5.985019912,2.070054973
1.438616167,8.119528467,-2.8954884,1.560457861,41.35232221,-10.92348587,30.54047873,10.70713125,5.996622998,2.102345221
1.439619767,8.163305933,-2.9129266,1.560802829,41.5752785,-10.98927302,30.72498262,10.74558364,6.032850338,2.109895348
1.440615967,8.211295433,-2.9370238,1.561077027,41.81968644,-11.08018184,30.97994169,10.73503252,6.082911551,2.107823635
1.4416065,8.256533467,-2.943952333,1.561386954,42.05008132,-11.10632034,31.05324865,10.89212043,6.097305372,2.138667847
1.4425486,8.2997939,-2.956618733,1.561678201,42.27040438,-11.15410546,31.18726478,10.97842736,6.123619439,2.155614213
1.443602833,8.342785867,-2.9722585,1.56208562,42.48936016,-11.21310786,31.35274045,11.03190747,6.156110587,2.166115032
1.4446114,8.387921967,-2.982200467,1.562415114,42.71923589,-11.25061481,31.45793087,11.15659278,6.176764726,2.190596993
1.445650133,8.433340067,-2.995635033,1.562770532,42.95054783,-11.3012979,31.60007454,11.24576105,6.204674637,2.208105182
1.446576333,8.475784933,-3.001949233,1.563058149,43.16671726,-11.32511877,31.66688158,11.39512344,6.217792198,2.237432487
1.447586567,8.523106267,-3.018769967,1.563356433,43.40772226,-11.38857648,31.8448524,11.45815762,6.252736769,2.24980925
1.4486109,8.567482,-3.031213933,1.563713133,43.63372549,-11.43552244,31.97651509,11.55249816,6.278588738,2.268333014
1.449588733,8.610527667,-3.0435067,1.564043345,43.85295476,-11.48189799,32.10657802,11.6416645,6.304126594,2.285840825
1.450545667,8.655367233,-3.049006867,1.564325667,44.08132026,-11.50264785,32.16477222,11.8118358,6.315553026,2.31925396
1.451569167,8.7024886,-3.071124733,1.564640226,44.32130685,-11.58608946,32.39878906,11.81780555,6.361502233,2.32042612
1.452568833,8.744700733,-3.0857799,1.565004811,44.53629098,-11.64137737,32.55384723,11.87773151,6.391947903,2.332192582
1.453632567,8.789819733,-3.0966989,1.565389729,44.76607962,-11.68257026,32.66937509,11.99199229,6.4146318,2.354627686
1.4545549,8.835575433,-3.1135664,1.565623668,44.99911094,-11.7462044,32.84784073,12.04655798,6.449673527,2.365341659
1.455616267,8.879333167,-3.1230399,1.566026699,45.22196673,-11.78194401,32.94807456,12.16917993,6.46935444,2.389418479
1.456594167,8.9218931,-3.1277689,1.566364285,45.43872218,-11.79978459,32.99810948,12.33590046,6.479178796,2.422154056
1.457584933,8.970648433,-3.153751167,1.566621528,45.68703047,-11.89780498,33.27301339,12.30930485,6.533156179,2.416932007
1.458591567,9.014205933,-3.1662992,1.566972838,45.90886648,-11.94514355,33.40577715,12.39837709,6.559224343,2.434421342
1.4596383,9.058796567,-3.172794333,1.567348706,46.13596418,-11.96964701,33.47449854,12.5567534,6.572717789,2.46551853
1.460633567,9.103690767,-3.185197367,1.567668539,46.36460793,-12.01643855,33.60572814,12.65416755,6.59848472,2.484645799
1.461598167,9.147413867,-3.199269467,1.567975325,46.58728733,-12.06952679,33.7546172,12.72795789,6.627719087,2.499134532
1.4626442,9.1957121,-3.217105633,1.568294711,46.83326763,-12.13681531,33.94333176,12.78522364,6.66477319,2.510378662
1.463632667,9.2417275,-3.233782867,1.568590876,47.06762159,-12.19973164,34.11978428,12.84312507,6.699419644,2.521747608
1.464621533,9.282024733,-3.234377933,1.568973471,47.27285324,-12.20197658,34.12608035,13.04206065,6.700655877,2.560808608
1.4656004,9.327807433,-3.253249733,1.569263537,47.50602207,-12.27317212,34.32575237,13.07555746,6.739861478,2.567385708
1.466577367,9.375471733,-3.269615667,1.569523394,47.74877379,-12.33491405,34.49891121,13.14515034,6.773861215,2.58105027
1.467589667,9.4182043,-3.278115367,1.569892783,47.96640845,-12.36697992,34.5888418,13.27285441,6.791519088,2.606124964
1.468551167,9.461774667,-3.2808906,1.570198767,48.18830999,-12.37744973,34.618205,13.46539275,6.797284553,2.643929866
1.469582133,9.511312233,-3.3114782,1.570484441,48.44060216,-12.49284415,34.94183538,13.39405454,6.860829378,2.629922608
1.470592467,9.551424233,-3.3035322,1.570891289,48.64489042,-12.46286717,34.85776318,13.682415,6.8443218,2.686542186
1.471624033,9.597103767,-3.319538033,1.571235607,48.87753383,-12.52325059,35.027112,13.74570959,6.87757344,2.698970079
1.4726206,9.640834567,-3.331740233,1.571574244,49.10025244,-12.56928447,35.15621669,13.83932352,6.902923146,2.717351173
1.473585767,9.688644133,-3.353168433,1.571820116,49.34374399,-12.65012424,35.38293655,13.85609521,6.947439592,2.720644294
1.474632833,9.7366107,-3.3618071,1.572145525,49.58803514,-12.68271438,35.47433748,14.00898543,6.965386163,2.750664289
1.4756404,9.779132433,-3.373223,1.572513353,49.80459604,-12.72578187,35.59512276,14.10476104,6.989102355,2.769469831
1.476576133,9.8245015,-3.3898042,1.572766508,50.03565826,-12.78833591,35.77055922,14.16038681,7.023549302,2.78039195
1.477566,9.8676313,-3.390912133,1.573107487,50.25531602,-12.79251569,35.78228164,14.36832214,7.025851,2.821220052
1.478621033,9.9104225,-3.397936733,1.573518727,50.4732493,-12.81901661,35.85660503,14.51193204,7.040444397,2.849417855
1.479587467,9.955916567,-3.417047733,1.573800702,50.70494814,-12.89111455,36.05880789,14.54142801,7.080146928,2.855209391
1.480597467,10.0061822,-3.4409007,1.574054455,50.96094831,-12.98110197,36.31118286,14.54505321,7.129700754,2.855921198
1.481526167,10.04900813,-3.4451483,1.574338839,51.17905848,-12.99712642,36.35612435,14.7182219,7.138525016,2.88992287
1.4825981,10.09994917,-3.4754385,1.574644365,51.43849843,-13.11139888,36.6766081,14.65717809,7.201452001,2.877936918
1.483576933,10.13860857,-3.462596267,1.575041567,51.63538868,-13.06295042,36.54073158,14.98994486,7.174772645,2.943275674
1.4845877,10.182906,-3.4755816,1.575385879,51.86099312,-13.11193873,36.67812217,15.07815872,7.201749287,2.960596465
1.485575867,10.2290625,-3.484569033,1.575679621,52.0960657,-13.14584462,36.7732132,15.21814026,7.220420412,2.988081841
1.4866098,10.276146,-3.505795767,1.576005183,52.33585943,-13.22592435,36.99780146,15.23334574,7.264518316,2.991067437
1.487609233,10.3210802,-3.514313767,1.576328582,52.5647069,-13.25805925,37.08792567,15.37206899,7.282214206,3.018305746
1.488600667,10.36663933,-3.525246467,1.576634578,52.79673712,-13.29930383,37.20359849,15.48842639,7.304926564,3.041152522
1.4897074,10.42680733,-3.551082433,1.576836084,53.10316951,-13.3967723,37.47695448,15.52150279,7.358600013,3.047647073
1.490670367,10.46702233,-3.550395567,1.577194016,53.30798234,-13.39418103,37.46968713,15.73358298,7.357173068,3.089289018
1.4916564,10.51698267,-3.5752663,1.577428396,53.56242764,-13.48800807,37.73283052,15.72488488,7.408841273,3.087581146
1.492728567,10.56307267,-3.583940233,1.577807138,53.79716153,-13.52073125,37.82460458,15.86784471,7.42686111,3.115651309
1.493676833,10.604479,-3.582146433,1.578132447,54.00804176,-13.51396398,37.80562538,16.09770414,7.423134544,3.160784208
1.4946493,10.65190533,-3.596955833,1.578391384,54.24958153,-13.56983375,37.96231541,16.18255389,7.45390063,3.177444455
1.495696067,10.697141,-3.603316467,1.57875758,54.47996435,-13.59382981,38.02961373,16.34563838,7.467114656,3.209466096
1.4966681,10.738482,-3.615715233,1.579107638,54.69051184,-13.64060525,38.16079818,16.42500142,7.492872723,3.225049029
1.497735633,10.790711,-3.647707467,1.579389386,54.95651133,-13.76129878,38.49929021,16.35250889,7.559335632,3.21081512
1.4986826,10.82753833,-3.6342261,1.579782286,55.14407096,-13.71043913,38.35665137,16.68270736,7.531328496,3.27564959
1.499671933,10.876903,-3.654925667,1.580028928,55.39548256,-13.78853007,38.57566196,16.71510836,7.574331227,3.282011526
1.500713333,10.92813467,-3.680159667,1.580299547,55.65640268,-13.88372757,38.84264888,16.70904156,7.626754108,3.280820311
1.501619433,10.96443267,-3.675093867,1.580659544,55.84126645,-13.86461639,38.78905047,16.94750374,7.61623006,3.327642359
1.502724167,11.011586,-3.687399833,1.581054855,56.08141584,-13.91104174,38.91925306,17.05745055,7.641795338,3.349230415
1.503630167,11.064246,-3.7117234,1.581168586,56.34961039,-14.00280454,39.17660718,17.06829097,7.692326821,3.351358932
1.504678033,11.101172,-3.704244233,1.581660901,56.53767252,-13.97458872,39.09747428,17.335486,7.676789075,3.403822677
1.5056609,11.14883233,-3.725212167,1.581926718,56.78040404,-14.05369211,39.31932432,17.35636748,7.72034933,3.407922755
1.506679967,11.191662,-3.732930033,1.582301412,56.99853323,-14.08280844,39.40098277,17.49283822,7.736382968,3.434718785
1.507639067,11.238589,-3.743692733,1.582554495,57.23752992,-14.12341168,39.51485692,17.61796077,7.758742155,3.459286597
1.508716667,11.29332233,-3.760607967,1.582808632,57.51628385,-14.18722589,39.69382759,17.71774402,7.793883047,3.478879039
1.509768033,11.33879833,-3.7495226,1.583175812,57.74789067,-14.14540536,39.57653949,18.06663894,7.770853529,3.547384557
1.5108425,11.39046067,-3.774683067,1.583473019,58.01100416,-14.24032545,39.84274839,18.06354353,7.823123647,3.546776772
1.511901333,11.45249367,-3.8016541,1.583598566,58.3269349,-14.34207606,40.12811389,18.09410877,7.879155163,3.552778256
1.5128855,11.497395,-3.8160611,1.583907192,58.55561497,-14.39642774,40.28054634,18.17035639,7.909085275,3.567749478
1.513882467,11.54653867,-3.8155438,1.584164792,58.80590103,-14.39447618,40.27507308,18.42611571,7.908010599,3.61796782
1.514898767,11.58387433,-3.816692667,1.584619377,58.99604957,-14.39881038,40.2872286,18.60410874,7.910397335,3.65291675
1.515876233,11.63108,-3.843195367,1.584886635,59.2364655,-14.49879416,40.56763892,18.56411433,7.965455903,3.64506385
1.516884833,11.67152133,-3.8335676,1.585286795,59.44243103,-14.46247255,40.46577288,18.87194592,7.945454505,3.70550658
1.517834067,11.719692,-3.854702533,1.585511301,59.68776165,-14.54220596,40.68938985,18.89365956,7.989361698,3.709770055
1.5188678,11.77127933,-3.879447,1.585768902,59.95049317,-14.63555665,40.95119729,18.89458364,8.040767588,3.709951498
1.519858333,11.80858033,-3.857986067,1.586198242,60.14046516,-14.55459338,40.72413109,19.31162183,7.99618314,3.791836946
1.520854933,11.858885,-3.8943721,1.586438009,60.39666412,-14.6918629,41.10911147,19.18284041,8.071774037,3.766550715
1.521826,11.90683733,-3.913450233,1.586687632,60.64088278,-14.76383685,41.31096658,19.22520396,8.111408289,3.774868797
1.5228912,11.94672433,-3.9057866,1.587152732,60.84402513,-14.73492511,41.22988194,19.50943094,8.09548732,3.830676766
1.523874733,11.99035633,-3.9098783,1.587479822,61.06624056,-14.75036141,41.27317395,19.68835437,8.103987704,3.865808381
1.524896733,12.03539567,-3.9287172,1.587824206,61.29562346,-14.82143283,41.47249787,19.71841336,8.143124956,3.871710463
1.525873133,12.082799,-3.932996367,1.588087422,61.53704609,-14.83757636,41.51777335,19.91456051,8.152014797,3.910223955
1.526870433,12.13775533,-3.968145367,1.588257904,61.81693574,-14.97017907,41.88966536,19.82255814,8.225035794,3.892159292
1.5278892,12.17510067,-3.9581483,1.58871481,62.00713352,-14.93246425,41.78389196,20.11852932,8.204267187,3.950273232
1.528865667,12.219203,-3.967319967,1.589027758,62.23174433,-14.96706518,41.88093226,20.24609983,8.22332105,3.975321702
1.5299313,12.26741833,-3.9862511,1.589367991,62.47730244,-15.03848455,42.08123206,20.29135814,8.262649914,3.984208172
1.530864667,12.30725333,-3.979147267,1.58970204,62.68017995,-15.01168471,42.00607035,20.56939737,8.247891913,4.038801173
1.531885233,12.35577133,-4.003944867,1.589992654,62.92727952,-15.10523585,42.26843996,20.55412732,8.299408186,4.0358029
1.532830567,12.398447,-4.0009974,1.590295932,63.1446244,-15.09411627,42.23725445,20.80265771,8.293284912,4.084601841
1.5339366,12.44303233,-4.018649167,1.590731179,63.3716951,-15.16070912,42.42401798,20.84296489,8.329955929,4.092516156
1.534861833,12.49357433,-4.034195667,1.590896007,63.62910279,-15.21935967,42.58850684,20.93588371,8.362253319,4.110760767
1.535888133,12.542185,-4.053305233,1.59119096,63.87667431,-15.2914522,42.79069454,20.98126753,8.401952872,4.11967188
1.536856733,12.580582,-4.046088867,1.591581877,64.07222816,-15.26422781,42.71434218,21.25317375,8.386961086,4.173060666
1.537938567,12.62607033,-4.050612267,1.591979339,64.3038978,-15.28129274,42.76220175,21.43698381,8.396358315,4.209151771
1.538902967,12.67505633,-4.079209167,1.592206744,64.55338087,-15.38917707,43.06476965,21.38389899,8.45576752,4.198728566
1.5399182,12.71865533,-4.0752588,1.592566031,64.77542823,-15.37427397,43.02297301,21.64774298,8.447560751,4.250534335
1.5408851,12.76016267,-4.0794892,1.592908453,64.98682285,-15.39023352,43.06773252,21.81437809,8.456349281,4.283253138
1.5419054,12.810993,-4.103952733,1.59316401,65.24569901,-15.48252436,43.32656756,21.81441921,8.50717154,4.283261212
1.5428924,12.853544,-4.109794133,1.593510831,65.46240896,-15.50456156,43.38837216,21.96932456,8.519306874,4.313676878
1.543905933,12.89994467,-4.118034367,1.593826266,65.69872507,-15.53564857,43.47555749,22.11845534,8.536425713,4.342958706
1.544864,12.941022,-4.129382633,1.594166324,65.90792972,-15.57846091,43.59562718,22.2075903,8.560001398,4.360460355
1.545867667,12.985906,-4.135991133,1.594494711,66.13652152,-15.60339206,43.66554805,22.36626124,8.573730359,4.391615394
1.546905933,13.02990467,-4.138088,1.594871018,66.36060436,-15.61130267,43.68773383,22.5681583,8.578086537,4.431257882
1.547860733,13.07716033,-4.1564065,1.595114856,66.60127493,-15.68041083,43.88155168,22.61501101,8.616142673,4.440457413
1.548878633,13.12854467,-4.179942933,1.595359679,66.86297258,-15.76920411,44.13057759,22.62768276,8.66503891,4.442945509
1.5499021,13.167605,-4.177613567,1.595795483,67.06190476,-15.76041637,44.10593186,22.85126067,8.66019972,4.486845032
1.550884533,13.21263867,-4.186755967,1.596100385,67.29125881,-15.79490688,44.20266251,22.98388406,8.679192783,4.512885636
1.551911167,13.260664,-4.203200667,1.596404477,67.53584925,-15.85694596,44.37665473,23.05448228,8.713356156,4.526747596
1.552885467,13.307432,-4.200542467,1.596675152,67.77403616,-15.84691767,44.34852979,23.32079413,8.707833825,4.579037927
1.5539152,13.34694533,-4.1893998,1.597110407,67.97527544,-15.80488097,44.23063544,23.63992777,8.684685268,4.641699818
1.554852467,13.39585267,-4.230365933,1.597311863,68.22435786,-15.95942933,44.6640753,23.45557032,8.769791186,4.605501233
1.5558926,13.438386,-4.218785733,1.597712083,68.44097785,-15.91574201,44.54155165,23.79471396,8.745733666,4.672092086
1.556878067,13.491721,-4.250562967,1.597895124,68.71261013,-16.03562443,44.87776888,23.73012902,8.811749919,4.659410833
1.557923533,13.529694,-4.240467833,1.598369287,68.90600458,-15.99753964,44.77095789,24.03033446,8.790777581,4.718356171
1.5588829,13.57650133,-4.252561733,1.598624437,69.14439182,-16.04316495,44.89891672,24.14076287,8.815902297,4.740038789
1.559860033,13.616855,-4.249938933,1.59899445,69.34991087,-16.03327021,44.87116633,24.37403231,8.810453508,4.785841244
1.560905467,13.66736533,-4.268840133,1.599279955,69.60715729,-16.10457665,45.07114941,24.43129564,8.849720187,4.797084899
1.5618861,13.71208333,-4.280620767,1.599587806,69.83490366,-16.14902013,45.19579374,24.53439768,8.8741941,4.817328985
1.56291,13.756375,-4.2904447,1.599945338,70.06047874,-16.18608179,45.29973531,24.65603119,8.894603028,4.841211724
1.563888767,13.79883067,-4.293013767,1.600285359,70.27670317,-16.19577382,45.32691718,24.84507375,8.899940187,4.878330232
1.564896767,13.84509167,-4.3051321,1.600597363,70.51230795,-16.2414913,45.45513452,24.9524612,8.925115663,4.899415756
1.5658787,13.88608033,-4.307467467,1.600962621,70.72106103,-16.25030168,45.47984373,25.13650506,8.929967317,4.935552768
1.566914733,13.93771567,-4.331389767,1.601221801,70.98403701,-16.34055067,45.73295228,25.14637249,8.979665181,4.937490238
1.5678438,13.98612067,-4.339879867,1.601422615,71.23056107,-16.37258032,45.82278131,25.30306753,8.99730311,4.968257309
1.5688914,14.02429467,-4.327408333,1.601895887,71.4249792,-16.32553036,45.69082695,25.62944002,8.971393872,5.032340547
1.569863267,14.07149733,-4.350982833,1.602157589,71.66537985,-16.41446725,45.94025562,25.62041199,9.020369191,5.030567894
1.5709528,14.11746633,-4.358897033,1.602555519,71.8994975,-16.44432427,46.02399137,25.77079389,9.036810705,5.06009538
1.571877933,14.165917,-4.377923033,1.602751712,72.14625414,-16.51610153,46.22529489,25.81624701,9.076336652,5.069020101
1.572907867,14.20844933,-4.374089233,1.603141746,72.36286903,-16.50163818,46.18473159,26.0734252,9.068372047,5.119517039
1.573880567,14.25141867,-4.369838733,1.603467973,72.58170953,-16.4856028,46.13975941,26.33723789,9.05954176,5.171316659
1.574895933,14.29983067,-4.4028231,1.603754981,72.82826925,-16.61003923,46.48874864,26.23480837,9.128065796,5.151204623
1.5758473,14.34059867,-4.402810267,1.604092993,73.03589848,-16.60999082,46.48861286,26.44257338,9.128039135,5.191999284
1.576870467,14.38457233,-4.398774,1.604454576,73.259854,-16.59476365,46.44590737,26.7092344,9.119653912,5.244358174
1.5778829,14.43750933,-4.4298016,1.604670572,73.5294593,-16.71181801,46.77419314,26.65055392,9.184112824,5.232836262
1.578862467,14.47784167,-4.418660033,1.605043339,73.73486971,-16.66978547,46.65631043,26.97384704,9.160966552,5.296314867
1.579871767,14.51932467,-4.425308867,1.605428527,73.9461404,-16.69486878,46.72665803,27.11477013,9.174779305,5.323985114
1.5809158,14.56805433,-4.444552733,1.605739423,74.19431797,-16.76746796,46.93026668,27.15933905,9.214757863,5.332736223
1.581868867,14.610383,-4.441153067,1.606055654,74.40989559,-16.75464242,46.8942967,27.41088666,9.207695157,5.382127596
1.5828608,14.652986,-4.4442876,1.606406626,74.62687038,-16.76646773,46.92746145,27.5946967,9.214207056,5.418218696
1.583854867,14.69355833,-4.447714167,1.606790282,74.8335031,-16.77939475,46.96371605,27.76507481,9.221325646,5.45167244
1.584866067,14.749515,-4.489481767,1.606959613,75.11848739,-16.93696671,47.40563579,27.60813937,9.308096587,5.420858166
1.5858904,14.79142967,-4.477637133,1.607353341,75.33195654,-16.89228179,47.28031431,27.94692999,9.283489715,5.487379704
1.586883567,14.837243,-4.4874633,1.607657246,75.56528139,-16.92935187,47.38427951,28.07628963,9.303903283,5.51277947
1.5878649,14.87842,-4.478195667,1.608019071,75.77499363,-16.8943889,47.28622384,28.38405756,9.284650051,5.573209701
1.588841133,14.92922767,-4.4928279,1.608230903,76.03375435,-16.9495903,47.44103936,28.48800275,9.315048079,5.59361934
1.589868,14.97071033,-4.4986995,1.608633663,76.24502334,-16.97174143,47.5031635,28.63714761,9.327246152,5.622903933
1.590881533,15.01411067,-4.511663133,1.608994238,76.46605891,-17.02064788,47.64032449,28.72102218,9.354177713,5.639372706
1.591843167,15.05909333,-4.516155567,1.609279107,76.69515321,-17.03759598,47.68785643,28.90258455,9.363510609,5.675022476
1.592878567,15.10633133,-4.531730833,1.609603812,76.93573381,-17.09635505,47.85264966,28.97837191,9.39586776,5.689903325
1.593882233,15.14789,-4.5377418,1.609982228,77.14738987,-17.11903195,47.91624835,29.12642928,9.408355364,5.718974388
1.5948318,15.19347067,-4.541947367,1.610246034,77.37952975,-17.13489783,47.96074511,29.3140724,9.417092303,5.755818116
1.595917567,15.24120267,-4.546435833,1.610613673,77.62262626,-17.15183096,48.00823508,29.50967894,9.426416958,5.794225461
1.596823433,15.29618767,-4.581555367,1.61069229,77.90266191,-17.28432251,48.37981533,29.41813435,9.499376739,5.77625068
1.5978988,15.334633,-4.5686728,1.611189247,78.09846193,-17.23572188,48.24351206,29.75023764,9.472613592,5.84145916
1.598855933,15.38706167,-4.5952376,1.611357591,78.36547831,-17.33593994,48.52457943,29.73618665,9.52780117,5.838700249
1.599853667,15.42459433,-4.589584533,1.611790645,78.55663017,-17.31461325,48.46476747,29.98715046,9.516057093,5.887976992
1.600858433,15.47184733,-4.603687933,1.61208449,78.79728716,-17.36781957,48.6139877,30.07858722,9.545356485,5.9059306
1.601869633,15.506729,-4.586490933,1.612570896,78.97493761,-17.30294237,48.43203581,30.43818956,9.509630232,5.976538521
1.6028362,15.55993933,-4.611377733,1.612736913,79.24593498,-17.39683002,48.6953492,30.44587355,9.561331815,5.978047271
1.6038819,15.60364533,-4.602742033,1.613125056,79.46852729,-17.36425108,48.60397966,30.75983539,9.543391406,6.039693679
1.6048184,15.646188,-4.604430533,1.613421502,79.68519481,-17.37062109,48.62184474,30.95863783,9.546899215,6.078728538
1.6058641,15.69750067,-4.63823,1.613695202,79.94652746,-17.49813257,48.97945809,30.86235713,9.617116597,6.059823822
1.606818233,15.73490533,-4.629093167,1.614086583,80.13702742,-17.46366306,48.88278634,31.14952884,9.598135098,6.116209987
1.6078839,15.77943133,-4.631982933,1.614482356,80.36379594,-17.47456496,48.91336136,31.34572235,9.604138502,6.154732583
1.608844033,15.82778433,-4.642228433,1.614715018,80.61005517,-17.51321701,49.02176329,31.48357964,9.625423222,6.181800863
1.609893967,15.87556633,-4.655184767,1.615046071,80.85340633,-17.56209592,49.15884705,31.58984705,9.652339618,6.202666468
1.610849133,15.91914367,-4.6577414,1.615345617,81.07534335,-17.57174105,49.18589736,31.78473375,9.657650947,6.240932472
1.611860867,15.95418733,-4.6527858,1.615830118,81.25381886,-17.55304561,49.13346492,32.01564171,9.647355836,6.286271249
1.612889433,16.00501667,-4.671192167,1.616093958,81.51268992,-17.62248526,49.32821244,32.07976525,9.685594513,6.298861906
1.6138728,16.053788,-4.681945,1.61634356,81.7610797,-17.66305127,49.44198219,32.21438528,9.707933203,6.325294549
1.614890867,16.093344,-4.6816737,1.616766506,81.96253629,-17.66202777,49.43911171,32.41871234,9.707369585,6.365414167
1.615871633,16.134686,-4.668595967,1.617125282,82.17308887,-17.61269086,49.30074349,32.76763314,9.680200985,6.433924767
1.616838867,16.19062333,-4.7101995,1.617250939,82.45797471,-17.76964387,49.74092734,32.61233513,9.766631082,6.403432003
1.617859867,16.229132,-4.701956433,1.617692576,82.65409728,-17.73854617,49.65371203,32.89567301,9.749506358,6.459065395
1.618834433,16.273323,-4.709234367,1.618002289,82.87915966,-17.76600282,49.7307158,33.04373163,9.764626047,6.488136706
1.619853567,16.32262467,-4.722807267,1.618279679,83.1302504,-17.81720778,49.8743231,33.15121507,9.792823341,6.509241078
1.6209125,16.36219,-4.718930067,1.618743351,83.33175452,-17.8025807,49.8333006,33.39374168,9.784768574,6.556861179
1.621836533,16.40495133,-4.719923833,1.619024041,83.54953569,-17.80632977,49.8438151,33.60100836,9.786833094,6.597557991
1.622897867,16.44850667,-4.732483067,1.619430084,83.77136067,-17.85371059,49.97669736,33.68995107,9.812924526,6.615021893
1.6238513,16.49224,-4.7290047,1.619725549,83.99409218,-17.84058815,49.9398947,33.94948525,9.805698323,6.665981429
1.624848333,16.53822433,-4.741515167,1.620030748,84.22828792,-17.88778499,50.07226098,34.0513147,9.831688444,6.685975642
1.6258353,16.58684233,-4.752656133,1.620286257,84.47589678,-17.92981527,50.19013735,34.18104719,9.854833469,6.711448616
1.626865467,16.63164333,-4.761035433,1.620642393,84.70406587,-17.96142692,50.27879407,34.32055957,9.872241215,6.738841871
1.627875133,16.67398733,-4.7571718,1.621014994,84.91972159,-17.94685102,50.23791511,34.57709424,9.864214632,6.789212454
1.6288559,16.72311533,-4.770250633,1.62125663,85.16992785,-17.99619208,50.37629497,34.68892064,9.891385517,6.811169568
1.629838133,16.763059,-4.7689479,1.621637911,85.3733588,-17.9912774,50.36251147,34.90613509,9.888679128,6.853819624
1.630853433,16.80887933,-4.772602233,1.621963844,85.60671929,-18.00506369,50.40117594,35.10083112,9.896270896,6.89204819
1.631829267,16.854936,-4.7794811,1.622246755,85.84128342,-18.03101483,50.4739574,35.26261378,9.910561536,6.923814216
1.6328749,16.898608,-4.793906067,1.622635343,86.06370257,-18.08543429,50.62657995,35.33241038,9.940528973,6.937518779
1.633860633,16.942104,-4.78722,1.622966679,86.28522536,-18.06021051,50.5558384,35.62467473,9.92663887,6.994904883
1.634893367,16.997222,-4.826874567,1.623170162,86.56593838,-18.20981087,50.97540131,35.48582483,10.00902005,6.967641705
1.635866667,17.029759,-4.8041865,1.623653943,86.73164757,-18.12421813,50.7353515,35.89158383,9.961886266,7.047312486
1.6369392,17.07896133,-4.813995667,1.623986227,86.98223241,-18.16122408,50.83913683,36.03838334,9.982264517,7.076136569
1.637932167,17.118242,-4.800015433,1.624388216,87.18228673,-18.10848241,50.69121976,36.38635474,9.953221,7.144460752
1.6389445,17.173193,-4.8387661,1.624573811,87.46214922,-18.25467273,51.10121901,36.25621798,10.03372435,7.1189084
1.639953,17.215497,-4.828930367,1.624945848,87.67760122,-18.21756655,50.99715258,36.5757364,10.01329091,7.181645842
1.640954633,17.25580133,-4.8253323,1.625341102,87.88286903,-18.20399253,50.95908344,36.81907335,10.00581603,7.229425052
1.6419493,17.29798467,-4.8341225,1.625701121,88.09770648,-18.23715434,51.05208766,36.94090658,10.02407741,7.253347007
1.642967067,17.34942933,-4.8495911,1.625944902,88.3597114,-18.295511,51.21575231,37.03924685,10.05621297,7.27265612
1.643901433,17.389252,-4.835095733,1.626280137,88.5625261,-18.24082595,51.0623849,37.39542897,10.02609928,7.342592477
1.644923,17.44015933,-4.861106067,1.626535803,88.82179441,-18.33895223,51.33758577,37.37949641,10.08013497,7.33946412
1.6459146,17.48408033,-4.8511971,1.626866611,89.04548171,-18.30156977,51.2327445,37.70802497,10.05954938,7.403970703
1.646939533,17.52266033,-4.855666467,1.627311109,89.24196757,-18.31843085,51.28003239,37.85722295,10.06883436,7.433265727
1.6480009,17.562317,-4.848519,1.627775841,89.44393685,-18.29146641,51.20440902,38.13481559,10.05398571,7.487771042
1.648898833,17.619304,-4.882666133,1.627816405,89.73416858,-18.42028948,51.56570084,38.0637555,10.12492536,7.473818393
1.649950833,17.66250533,-4.876646667,1.628218441,89.95419065,-18.39758051,51.50201221,38.3474662,10.1124201,7.529524988
1.6509457,17.70824633,-4.879417267,1.628525134,90.1871471,-18.40803285,51.53132639,38.55110848,10.11817594,7.56951015
1.6519734,17.74642233,-4.8614583,1.628978476,90.38157542,-18.34028106,51.34131255,38.93555063,10.08086672,7.644995366
1.652957467,17.796086,-4.887633667,1.629215353,90.6345098,-18.43902994,51.61825954,38.91153802,10.13524526,7.640280491
1.6538845,17.84223067,-4.926095667,1.62944814,90.86952211,-18.58413124,52.02520457,38.73960531,10.21514892,7.606521502
1.6549617,17.878524,-4.885433833,1.629979306,91.05436211,-18.43073088,51.59498433,39.35466554,10.13067517,7.727288579
1.6559559,17.93015667,-4.910703833,1.630196693,91.31732451,-18.52606418,51.86235214,39.35026012,10.18317284,7.726423576
1.6569145,17.97801167,-4.939677233,1.630435314,91.56104745,-18.6353689,52.16890357,39.28743164,10.24336422,7.714087203
1.657935767,18.009654,-4.8960713,1.630980522,91.72220015,-18.47086166,51.70753345,39.90995447,10.15277419,7.83631956
1.6589186,18.05997633,-4.922734567,1.631206256,91.97848909,-18.57145119,51.98964264,39.88413422,10.20816633,7.831249753
1.6599174,18.10823933,-4.9434088,1.631478939,92.22428996,-18.64944656,52.2083852,39.91119252,10.25111643,7.836562651
1.660911433,18.15268433,-4.931989533,1.631804298,92.45064596,-18.60636637,52.08756429,40.25836942,10.22739325,7.904730836
1.661930933,18.191089,-4.927646667,1.632245999,92.64623886,-18.58998252,52.04161484,40.49991178,10.21837107,7.952157679
1.662941433,18.24010767,-4.939431667,1.632519013,92.89588829,-18.63444247,52.16630537,40.62487069,10.24285406,7.97669336
1.663863267,18.28548033,-4.9424295,1.632758215,93.12696885,-18.64575207,52.19802377,40.82423284,10.24908197,8.015838118
1.664965033,18.33178333,-4.9469555,1.633163353,93.36278754,-18.6628268,52.24591086,41.01216444,10.2584846,8.052738488
1.6659437,18.37591533,-4.957187667,1.633478054,93.58754944,-18.70142855,52.35417173,41.12866548,10.27974162,8.075613467
1.6669581,18.41999167,-4.9587216,1.633829325,93.81202784,-18.70721545,52.37040142,41.33691418,10.28292832,8.1165031
1.667941967,18.45947333,-4.951256433,1.63421919,94.01310585,-18.67905245,52.29141664,41.61697697,10.26741966,8.171493427
1.668970267,18.50138833,-4.951553033,1.634616879,94.22657669,-18.6801714,52.2945548,41.82730965,10.26803584,8.21279225
1.6699316,18.550771,-4.972282433,1.63483525,94.47807996,-18.75837489,52.51388105,41.85948667,10.31110054,8.219110207
1.6708746,18.590972,-4.950404333,1.635173426,94.68282149,-18.67583783,52.28240105,42.29570821,10.26564945,8.304762306
1.6719106,18.640253,-4.970861433,1.635467994,94.93380698,-18.75301405,52.49884624,42.3302485,10.30814846,8.311544292
1.672906733,18.68587733,-4.975469733,1.635777709,95.16616926,-18.77039927,52.5476041,42.51385292,10.31772207,8.34759502
1.673924567,18.72467233,-4.9656838,1.636211871,95.36375011,-18.73348097,52.44406459,42.81497328,10.29739208,8.406720004
1.674983,18.76701667,-4.9836426,1.636633234,95.57940752,-18.80123213,52.63407666,42.84061863,10.33470095,8.411755467
1.675926967,18.81861933,-4.996322767,1.636800839,95.84221713,-18.84906918,52.76823845,42.96926645,10.36104362,8.437015467
1.676916633,18.84701733,-4.955519233,1.637363258,95.98684662,-18.69513424,52.33651896,43.54561542,10.2762755,8.550181588
1.677978433,18.89784433,-4.984933367,1.637660365,96.2457058,-18.80610166,52.64773354,43.49326002,10.33738248,8.539901605
1.678955267,18.950282,-5.002614667,1.637848274,96.51276802,-18.87280593,52.83480954,43.57324624,10.37411485,8.555606899
1.679969167,18.982154,-4.979654667,1.63838266,96.6750904,-18.7861873,52.59188255,43.97849561,10.32641614,8.635177613
1.680945133,19.03936767,-5.0164544,1.638497847,96.96647653,-18.92501754,52.98124006,43.88052423,10.40286649,8.615940933
1.681928633,19.080932,-5.0130709,1.638856011,97.17816145,-18.91225299,52.94544113,44.12800808,10.39583737,8.664534387
1.682933033,19.129627,-5.024912367,1.639127795,97.42616246,-18.95692597,53.0707291,44.25072113,10.42043766,8.688629094
1.683864533,19.17910133,-5.0308938,1.639314954,97.67813259,-18.97949146,53.13401532,44.43940503,10.43286391,8.725677178
1.684916233,19.218033,-5.025829133,1.639780927,97.87640947,-18.96038455,53.0804289,44.69126834,10.42234221,8.775130538
1.6859337,19.254409,-5.0140753,1.640251117,98.06167049,-18.91604218,52.95606813,45.00089012,10.39792398,8.835924776
1.6869409,19.30493333,-5.048319933,1.640498178,98.3189882,-19.04523308,53.31839154,44.89588442,10.46906618,8.815306907
1.6879248,19.34309267,-5.025074167,1.640907971,98.51333164,-18.95753637,53.07244102,45.33617838,10.42077379,8.901758626
1.688936267,19.39508233,-5.044831433,1.641137253,98.77811221,-19.03207241,53.28148166,45.39191831,10.46181892,8.912703161
1.6899084,19.43921967,-5.046449467,1.64144534,99.00290128,-19.03817658,53.29860117,45.59958787,10.46518034,8.953479079
1.690903467,19.48494467,-5.051056867,1.641752474,99.23577625,-19.05555841,53.34734951,45.7837145,10.47475208,8.989632343
1.691889567,19.51920833,-5.030154067,1.642223077,99.41027926,-18.97670075,53.12618861,46.17937842,10.43132713,9.067320952
1.692951133,19.57275833,-5.066582833,1.642478984,99.68300654,-19.11413149,53.51162113,46.06667317,10.50700681,9.045191278
1.693942033,19.60637167,-5.0329229,1.642964172,99.85419744,-18.98714641,53.1554841,46.5940011,10.4370793,9.148732117
1.6949436,19.646763,-5.038872867,1.643358051,100.0599083,-19.00959319,53.21843738,46.73675871,10.44944018,9.176762572
1.695902533,19.70355867,-5.074076667,1.643462493,100.3491656,-19.14240264,53.59090921,46.65354416,10.52257502,9.160423396
1.696934067,19.75566733,-5.080734867,1.643710052,100.6145522,-19.16752128,53.66135592,46.84848409,10.53640723,9.198699851
1.697926233,19.78950433,-5.0602026,1.644193141,100.7868823,-19.09006149,53.44411543,47.23805461,10.49375206,9.275192022
1.6989207,19.845265,-5.093809767,1.644348688,101.0708683,-19.2168475,53.79969416,47.16646195,10.56356995,9.261134804
1.6999613,19.88249467,-5.068788833,1.644829168,101.260477,-19.12245382,53.53496158,47.62080322,10.51158971,9.350344712
1.700889133,19.91328567,-5.048209667,1.64529375,101.4172939,-19.04481709,53.31722487,47.99535684,10.4688371,9.423888316
1.701956833,19.974023,-5.106335467,1.645447657,101.7266259,-19.26410181,53.93222162,47.68969206,10.58959172,9.363871036
1.702944533,20.00857167,-5.0646801,1.645915573,101.9025804,-19.10695326,53.49148936,48.30637883,10.50305394,9.484957483
1.7038973,20.056814,-5.084543867,1.646142533,102.148276,-19.18189107,53.70165683,48.34190697,10.54432032,9.491933434
1.704939333,20.10826767,-5.1069417,1.646410446,102.4103268,-19.26638888,53.93863584,48.36697872,10.59085115,9.496856271
1.705903133,20.14231733,-5.070852933,1.646861969,102.5837399,-19.13024082,53.55680068,48.92222701,10.51587781,9.605879272
1.706932867,20.18466867,-5.069908933,1.647254527,102.799433,-19.12667949,53.54681274,49.14790801,10.51391668,9.650191738
1.707909467,20.23439367,-5.1011982,1.647483014,103.0526797,-19.24472102,53.87786706,49.07010044,10.5789192,9.634914221
1.7089144,20.28538367,-5.1143403,1.647720803,103.3123691,-19.29430075,54.01691631,49.19074052,10.60622152,9.658601901
1.709947367,20.31120033,-5.063929567,1.648365358,103.443852,-19.1041218,53.48354839,49.85559134,10.50149473,9.78914536
1.710877167,20.35685267,-5.0802617,1.648608318,103.6763568,-19.16573622,53.6563496,49.915295,10.53542424,9.800868174
1.711921833,20.4079,-5.1112013,1.648884978,103.9363382,-19.2824586,53.9837043,49.84792164,10.59970034,9.787639413
1.7129421,20.44693633,-5.0983434,1.649317943,104.1351481,-19.23395103,53.84766201,50.18277387,10.57298844,9.853387649
1.713886067,20.49098167,-5.098048067,1.649599247,104.3594686,-19.23283686,53.84453726,50.41021914,10.57237489,9.898046529
1.714929,20.539289,-5.1167369,1.649915397,104.6054953,-19.30334214,54.0422734,50.45850965,10.61120038,9.907528369
1.715947067,20.585219,-5.106445,1.650242447,104.8394143,-19.26451503,53.93338054,50.80132154,10.58981927,9.974839484
1.7169507,20.63092767,-5.112937167,1.650558393,105.0722061,-19.28900731,54.00207054,50.96542332,10.60330655,10.00706087
1.7179154,20.67557133,-5.117005667,1.650851429,105.2995739,-19.30435608,54.04511707,51.14974458,10.61175874,10.04325235
1.7189152,20.712656,-5.098336233,1.65129329,105.4884441,-19.23392399,53.84758619,51.53614568,10.57297355,10.1191222
1.719951,20.762356,-5.131425067,1.651581354,105.7415635,-19.35875454,54.19768072,51.43917057,10.64171461,10.10008114
1.7208999,20.804987,-5.122184267,1.651888871,105.9586809,-19.32389281,54.09990896,51.75405973,10.62251712,10.16190963
1.721942433,20.857951,-5.146413,1.652134561,106.2284237,-19.41529785,54.35625971,51.76745179,10.67285159,10.16453916
1.722890533,20.898463,-5.1459913,1.652473157,106.4347492,-19.41370695,54.35179794,51.978239,10.67197552,10.20592723
1.723907,20.93382333,-5.125968467,1.652957628,106.6148375,-19.33816904,54.13994748,52.37017774,10.63037869,10.2828844
1.724917333,20.98368533,-5.1337142,1.653217787,106.8687819,-19.3673905,54.22190077,52.54216893,10.64647022,10.31665487
1.725907833,21.02797667,-5.153410567,1.653541924,107.0943553,-19.44169678,54.43029707,52.55934601,10.68738883,10.32002759
1.726940267,21.074563,-5.1365911,1.653873466,107.331617,-19.37824386,54.25233965,52.97456512,10.65244689,10.40155586
1.7279074,21.10864133,-5.1130597,1.654327891,107.5051761,-19.28946957,54.003367,53.3970969,10.60356111,10.48451998
1.728914567,21.15994067,-5.150713933,1.654563259,107.7664409,-19.4315235,54.40176549,53.25996315,10.68178665,10.45759376
1.7299,21.198543,-5.126841067,1.654967921,107.9630405,-19.341461,54.14917997,53.70914828,10.63219149,10.54579127
1.730918733,21.25015733,-5.148809567,1.655210116,108.2259095,-19.42433911,54.38161645,53.73958083,10.67783039,10.5517667
1.731878433,21.28020133,-5.124873667,1.655717804,108.378922,-19.33403881,54.12836401,54.14584575,10.62810427,10.63153681
1.732919267,21.32936833,-5.135252,1.65601892,108.6293269,-19.37319199,54.23817138,54.28644327,10.64966495,10.65914314
1.733930533,21.38222567,-5.149306933,1.656234948,108.8985264,-19.42621547,54.38687881,54.4069354,10.67886365,10.68280177
1.7349538,21.41762267,-5.142187133,1.656725667,109.0788015,-19.39935539,54.31154816,54.66254106,10.66407248,10.73298994
1.735915333,21.45886567,-5.136025567,1.657066699,109.2888498,-19.37611034,54.24635606,54.93778155,10.65127201,10.78703341
1.7369363,21.50733767,-5.151014033,1.657358405,109.5357151,-19.43265565,54.40494068,55.02606221,10.6824101,10.80436732
1.7379261,21.56058967,-5.170375667,1.657547028,109.8069247,-19.50569912,54.60979535,55.09241712,10.72263332,10.8173961
1.738906133,21.60581767,-5.1704502,1.657846607,110.0372685,-19.50598031,54.61058395,55.3219723,10.72278816,10.86246926
1.739944667,21.643859,-5.1502361,1.658312808,110.2310109,-19.42972083,54.3967098,55.72958891,10.68079397,10.94250478
1.740906433,21.68913533,-5.164492267,1.658593392,110.4616009,-19.48350348,54.54754637,55.80934227,10.71041073,10.95816436
1.741936933,21.73503367,-5.165247767,1.658933352,110.6953586,-19.48635367,54.5555399,56.03510649,10.71198026,11.00249316
1.742909067,21.774802,-5.164849433,1.659307171,110.8978966,-19.48485092,54.55132535,56.24185902,10.71115273,11.04308902
1.743930067,21.81682167,-5.162475733,1.659695985,111.1119005,-19.47589593,54.52621055,56.48097773,10.70622144,11.09003998
1.744872167,21.86095167,-5.165809,1.659974149,111.3366522,-19.48847097,54.56147799,56.67046201,10.7131462,11.12724521
1.745903067,21.907259,-5.175366733,1.660308355,111.572493,-19.52452836,54.66260305,56.80517771,10.73300211,11.15369664
1.7468975,21.953746,-5.182111267,1.660603391,111.8092488,-19.54997271,54.73396321,56.97057334,10.74701368,11.18617208
1.747945467,21.98718967,-5.160920933,1.661148198,111.9795756,-19.47003031,54.50976008,57.36510327,10.70299139,11.26363803
1.748896367,22.03396233,-5.157891733,1.661395403,112.2177863,-19.45860238,54.4777098,57.63536423,10.69669832,11.31670377
1.749963967,22.070546,-5.1557099,1.661912602,112.4041049,-19.45037122,54.45462504,57.84476764,10.69216563,11.35782013
1.750832167,22.113743,-5.152552433,1.662130903,112.6241049,-19.4384594,54.42121764,58.09817504,10.68560608,11.40757667
1.751926767,22.16027333,-5.1574133,1.662525454,112.8610814,-19.45679745,54.47264776,58.2837214,10.69570439,11.4440087
1.752907467,22.206011,-5.152812333,1.662818031,113.0940209,-19.4394399,54.4239675,58.56534115,10.68614602,11.49930473
1.753913833,22.26292867,-5.185206433,1.662968072,113.3838995,-19.5616495,54.76671145,58.51247582,10.75344379,11.48892463
1.754917233,22.30114233,-5.178016033,1.663396547,113.5785197,-19.53452308,54.69063382,58.78317359,10.73850595,11.54207613
1.755906267,22.34803333,-5.188576867,1.663680105,113.817333,-19.57436476,54.80237213,58.91024863,10.76044577,11.56702732
1.7569071,22.390519,-5.189927733,1.664041742,114.0337102,-19.57946102,54.81666489,59.11233308,10.76325215,11.6067066
1.757863633,22.430392,-5.178624133,1.664398386,114.2367813,-19.53681719,54.69706779,59.43500123,10.73976926,11.67006249
1.758957367,22.47145867,-5.179007367,1.664874271,114.4459316,-19.53826297,54.70112257,59.64009678,10.74056542,11.710333
1.759896567,22.51788067,-5.169093467,1.665115052,114.6823563,-19.50086191,54.59622911,59.98141499,10.71996959,11.77735083
1.760930967,22.55080267,-5.146376133,1.665654141,114.8500263,-19.41515876,54.35586964,60.38944443,10.672775,11.85746741
1.761922833,22.601944,-5.1894366,1.665876586,115.1104864,-19.57760818,54.81146849,60.19430565,10.76223184,11.81915192
1.762897267,22.646827,-5.178219133,1.666175754,115.3390731,-19.53528929,54.69278271,60.54157814,10.73892789,11.88733887
1.763918167,22.68913367,-5.155570667,1.666560151,115.5545387,-19.44984595,54.45315189,60.99667454,10.69187637,11.97669705
1.764949133,22.74441267,-5.2098333,1.666759445,115.8360716,-19.65455653,55.02727462,60.70408478,10.80460537,11.91924705
1.7658936,22.78207967,-5.184937333,1.667137211,116.0279076,-19.5606343,54.76386425,61.15933116,10.75288475,12.00863467
1.7669001,22.81396133,-5.1531434,1.667664052,116.1902793,-19.44068887,54.42747033,61.6580967,10.6868338,12.10656729
1.7678921,22.86449,-5.185022167,1.667895848,116.447619,-19.56095434,54.76476182,61.57814499,10.75306098,12.09086877
1.768915567,22.91542667,-5.212455933,1.668152972,116.7070368,-19.66445065,55.05502325,61.54730127,10.81005381,12.0848126
1.769920467,22.94936367,-5.168172667,1.66864729,116.8798761,-19.49738811,54.58648664,62.1886772,10.71805665,12.21074677
1.770905567,22.994962,-5.191596833,1.668946363,117.1121059,-19.58575785,54.83432471,62.17306898,10.76671966,12.20768209
1.7719485,23.04287067,-5.187589933,1.669268511,117.3561022,-19.57064147,54.79192993,62.45946003,10.75839544,12.26391498
1.7729136,23.08149467,-5.157405533,1.669652513,117.5528122,-19.45676815,54.47256559,62.97553433,10.69568825,12.36524617
1.773952,23.119496,-5.165459133,1.670119183,117.7463509,-19.48715107,54.55777625,63.08386242,10.71241937,12.38651639
1.774979567,23.17703567,-5.190142,1.670281065,118.0393973,-19.58026936,54.81893193,63.11575317,10.76369728,12.39277813
1.775885967,23.22061467,-5.183995733,1.670531819,118.2613428,-19.55708203,54.7539017,63.4027289,10.7509286,12.44912582
1.7769413,23.25757,-5.181733433,1.671031159,118.4495544,-19.5485473,54.72996556,63.61487657,10.74622874,12.49078101
1.7778873,23.30318567,-5.203597733,1.671290872,118.6818725,-19.63103231,54.96129956,63.61586071,10.79165117,12.49097425
1.778957167,23.34370933,-5.171591467,1.67175106,118.8882574,-19.51028584,54.62265906,64.16088607,10.72515911,12.59798998
1.7798833,23.39838267,-5.1881536,1.671854633,119.1667057,-19.57276795,54.79789378,64.2640997,10.75956644,12.61825598
1.7809131,23.436445,-5.187097233,1.672311785,119.3605551,-19.56878271,54.78671695,64.46912595,10.75737187,12.65851288
1.781898267,23.47007033,-5.1635615,1.672791059,119.5318071,-19.47999208,54.53769845,64.88939646,10.70847709,12.741033
1.782946867,23.52368933,-5.202329467,1.673032961,119.8048858,-19.62624766,54.94788074,64.75229286,10.78901638,12.7141127
1.783886833,23.56028367,-5.182236667,1.673422366,119.9912588,-19.55044579,54.73529,65.15125657,10.74727419,12.79244923
1.784902533,23.611814,-5.192495967,1.673662792,120.2537,-19.58914991,54.84383794,65.30514985,10.76858758,12.82266617
1.785884567,23.65455567,-5.1990277,1.674001777,120.471381,-19.61379145,54.91294658,65.45372222,10.78215706,12.85183836
1.786937067,23.70333067,-5.214425233,1.674320457,120.7197895,-19.67188001,55.07585931,65.53921794,10.81414498,12.86862544
1.787956167,23.73886033,-5.1754478,1.674805013,120.9007402,-19.52483419,54.66346078,66.13256716,10.73317052,12.98512956
1.7889126,23.77309467,-5.1591174,1.675246391,121.0750938,-19.46322632,54.4906779,66.47970366,10.69924461,13.05328981
1.7899012,23.82716767,-5.197219067,1.675421462,121.3504847,-19.60696822,54.89381044,66.35196201,10.77839968,13.02820774
1.7909321,23.878069,-5.201752333,1.675686552,121.6097224,-19.62407037,54.94177441,66.56323579,10.78781741,13.06969135
1.791911067,23.908519,-5.1785111,1.676207398,121.7648026,-19.53639076,54.69587185,66.96421856,10.73953444,13.14842431
1.792924333,23.95940267,-5.194395833,1.67645512,122.0239504,-19.59631732,54.86393938,67.05529882,10.7725345,13.16630792
1.7939577,23.99818933,-5.179389633,1.676904941,122.2214888,-19.53970511,54.70516712,67.41160948,10.74135956,13.23626952
1.7948537,24.03948367,-5.183395067,1.677179668,122.4317987,-19.55481596,54.74754638,67.57954004,10.74968073,13.26924269
1.795897367,24.08919267,-5.20343,1.677475463,122.6849639,-19.63039952,54.95952487,67.62072682,10.79130271,13.27732971
1.796850367,24.126441,-5.173694167,1.677868062,122.8746677,-19.51821846,54.64490656,68.12504889,10.7295274,13.37635335
1.797897233,24.168743,-5.1856092,1.678278495,123.0901095,-19.56316897,54.7709729,68.21442437,10.75428053,13.39390222
1.798892367,24.20982467,-5.1762498,1.678655555,123.2993362,-19.52785981,54.67194629,68.52267769,10.73483665,13.45442776
1.799913833,24.25475833,-5.159627933,1.679000994,123.528181,-19.46515235,54.49607957,68.92738917,10.70030522,13.53389286
1.800891267,24.300454,-5.175287433,1.679290936,123.7609065,-19.5242292,54.66176402,68.99443028,10.73283737,13.54705639
1.801909033,24.33933533,-5.174078933,1.679723733,123.9589271,-19.51967002,54.64897756,69.20523729,10.73032674,13.58844834
1.802894233,24.39242633,-5.185224367,1.679910179,124.2293167,-19.56171716,54.76690119,69.35770327,10.75348105,13.61838504
1.8038899,24.432076,-5.1925335,1.680309317,124.4312503,-19.58929151,54.84423506,69.48230302,10.76866555,13.6428502
1.804887467,24.479205,-5.187071,1.680597827,124.6712758,-19.56868374,54.78643939,69.78012416,10.75731737,13.70132738
1.8059625,24.52630067,-5.1868844,1.680964306,124.9111315,-19.56797978,54.78446508,70.02195417,10.75692972,13.7488107
1.806917167,24.561994,-5.1820838,1.681381967,125.0929157,-19.54986909,54.7336726,70.25453088,10.74695661,13.79447714
1.807896267,24.61425767,-5.188528367,1.68157476,125.3590918,-19.57418179,54.80185897,70.45252055,10.76034501,13.83335241
1.8088897,24.646148,-5.1637033,1.682088403,125.5215075,-19.48052703,54.53919875,70.87759652,10.70877168,13.91681608
1.809918367,24.68807167,-5.170823433,1.682486328,125.7350225,-19.50738836,54.61453292,71.01577733,10.72356354,13.94394788
1.810891033,24.742372,-5.1881358,1.682642047,126.0115712,-19.5727008,54.79770544,71.10915349,10.75952946,13.96228229
1.811936667,24.78354333,-5.178005533,1.683068257,126.2212546,-19.53448347,54.69052273,71.4260196,10.73848414,14.02449895
1.8129093,24.826142,-5.1762204,1.683399994,126.4382073,-19.5277489,54.67163523,71.66185982,10.73477558,14.07080618
1.813970867,24.86308167,-5.165913567,1.683905803,126.626339,-19.48886546,54.56258436,71.95904243,10.71336344,14.12915798
1.8148995,24.91457233,-5.1860229,1.684059759,126.8885782,-19.56472969,54.77535003,72.00851596,10.75513998,14.13887211
1.815953767,24.94901267,-5.170726933,1.684595871,127.063981,-19.50702431,54.61351191,72.34575684,10.72336306,14.20508936
1.816934367,25.00295,-5.189261767,1.684764984,127.3386809,-19.5769486,54.80961867,72.42435002,10.76186863,14.22052113
1.817924367,25.054228,-5.199536633,1.684983506,127.599837,-19.61571145,54.91833132,72.57679347,10.78321435,14.2504534
1.818960467,25.09065533,-5.191753867,1.685471557,127.7853595,-19.58635027,54.8359862,72.84466104,10.76704589,14.3030492
1.819968467,25.128422,-5.172847133,1.685911358,127.9777031,-19.51502295,54.63594457,73.23704628,10.72776772,14.38009404
1.8209274,25.182655,-5.1940028,1.686054356,128.2539088,-19.59483457,54.85978091,73.28941569,10.77171798,14.39037677
1.8218925,25.21702267,-5.1732936,1.686502394,128.4289415,-19.51670728,54.64066838,73.6835609,10.72869524,14.46776718
1.8228962,25.265342,-5.186945567,1.68677913,128.6750293,-19.56821054,54.78511225,73.7852048,10.75705679,14.48772496
1.823897,25.31082733,-5.184057367,1.687095603,128.9066836,-19.55731455,54.75455381,74.0474176,10.75105664,14.53921044
1.8249255,25.34991133,-5.183008667,1.687536084,129.1057364,-19.55335823,54.7434581,74.25756602,10.748878,14.58047309
1.825919933,25.39472233,-5.188245933,1.687856336,129.3339564,-19.57311628,54.7988707,74.43037343,10.75975826,14.61440382
1.8269204,25.43631767,-5.172735367,1.688231001,129.5457992,-19.5146013,54.63476203,74.8063249,10.72753552,14.68822189
1.8278526,25.47919633,-5.182410533,1.688518091,129.7641779,-19.55110172,54.73712958,74.92233609,10.74763539,14.71100069
1.828918433,25.51803267,-5.1714007,1.688999632,129.9619693,-19.50956615,54.62064066,75.23661637,10.72476279,14.77270963
1.8299126,25.55779067,-5.160830033,1.689395639,130.1644546,-19.46968738,54.50879832,75.55094408,10.70280255,14.83442787
1.830924433,25.60014867,-5.1494597,1.689770197,130.3801816,-19.42679179,54.38849515,75.88697426,10.67918102,14.9004074
1.831894767,25.65138633,-5.171824933,1.689969659,130.6411323,-19.51116661,54.62512924,75.91129086,10.72564413,14.90518196
1.832951,25.68978233,-5.148405867,1.690448225,130.8366811,-19.42281611,54.37734512,76.35462374,10.67699171,14.99223037
1.833920867,25.74723433,-5.185230733,1.690553726,131.129281,-19.56174118,54.76696855,76.25760026,10.75349427,14.97317981
1.834897833,25.785277,-5.178790567,1.690958341,131.3230303,-19.53744508,54.69882873,76.51948934,10.74011502,15.02460173
1.835870733,25.82243833,-5.1546777,1.691372149,131.512291,-19.44647716,54.4437039,76.96387484,10.69002126,15.11185682
1.836900567,25.860599,-5.165487467,1.691827855,131.7066412,-19.48725796,54.55807603,77.04385294,10.71247823,15.12756052
1.837923433,25.90036533,-5.1375777,1.692252437,131.909169,-19.3819659,54.26277831,77.54167845,10.65449652,15.22530856
1.838866467,25.94598133,-5.132458833,1.692509178,132.1414888,-19.36265452,54.20861843,77.82815817,10.64386223,15.28155886
1.8398558,25.995645,-5.166217167,1.692751321,132.3944232,-19.49001081,54.56579658,77.72391441,10.71399416,15.26109059
1.840898633,26.03713167,-5.165531633,1.693169987,132.6057126,-19.48742458,54.55854333,77.94245702,10.71256998,15.30400144
1.8418867,26.07897633,-5.1317838,1.693528501,132.8188252,-19.3601079,54.20147628,78.51263671,10.64245987,15.41595622
1.842949267,26.13344167,-5.182856067,1.693771637,133.0962142,-19.55278254,54.74184352,78.24965848,10.74856098,15.36432044
1.8438783,26.17727933,-5.182711267,1.694041132,133.3194771,-19.55223626,54.74031148,78.47445341,10.74826016,15.40845893
1.844987533,26.20937733,-5.1459344,1.694667451,133.4829505,-19.41349229,54.35119591,79.02704237,10.67185732,15.51695977
1.845903467,26.26443267,-5.172517767,1.694755077,133.7633444,-19.51378039,54.63245972,79.02617241,10.72708347,15.51678895
1.846929,26.306541,-5.1567529,1.695147091,133.9777998,-19.45430603,54.46566044,79.40742717,10.69433243,15.59164833
1.847920933,26.350014,-5.161191633,1.695484973,134.1992055,-19.47105155,54.51262421,79.58186906,10.70355376,15.62589999
1.848911233,26.399607,-5.1718041,1.695729146,134.45178,-19.51108801,54.62490881,79.72215894,10.72560085,15.65344591
1.849880167,26.44259367,-5.173961033,1.696051345,134.6707088,-19.51922524,54.64773012,79.91826641,10.73008181,15.69195161
1.8508782,26.48817933,-5.174931067,1.696363542,134.9028741,-19.52288477,54.65799351,80.14016838,10.73209703,15.73552206
1.851894967,26.52318433,-5.168029167,1.696853658,135.0811527,-19.49684674,54.58496834,80.39147212,10.71775853,15.78486555
1.852895033,26.56467,-5.156087267,1.697229573,135.292437,-19.45179487,54.45861774,80.729107,10.69294959,15.85116016
1.853918167,26.60275833,-5.1355594,1.697679668,135.4864188,-19.37435168,54.24142381,81.14028277,10.65030356,15.93189452
1.854871333,26.65849333,-5.179382167,1.697794301,135.7702742,-19.53967694,54.70508812,80.96047381,10.74134405,15.89658903
1.855886233,26.69575533,-5.152466767,1.698248594,135.9600475,-19.43813622,54.42031125,81.43502405,10.68542811,15.98976697
1.856912533,26.74680333,-5.1636696,1.698506877,136.2200323,-19.48039989,54.53884219,81.57647783,10.70870166,16.01754142
1.857921133,26.79698367,-5.199200167,1.698760514,136.475598,-19.6144421,54.91477135,81.45611441,10.78251536,15.99390806
1.858878433,26.84040533,-5.200228867,1.699064535,136.6967422,-19.61832296,54.92565546,81.66637452,10.78465245,16.03519264
1.8599423,26.88115,-5.167689167,1.699515398,136.9042526,-19.49556406,54.58137099,82.21816938,10.71705219,16.14353756
1.860887567,26.92469067,-5.1716447,1.699805596,137.1260029,-19.51048666,54.62322229,82.39806836,10.7252697,16.17886072
1.861930067,26.96742767,-5.167420067,1.700205117,137.3436601,-19.49454886,54.57852379,82.6604241,10.71649315,16.23037427
1.862918767,27.009332,-5.177628367,1.700563367,137.5570766,-19.53306058,54.68653214,82.76583227,10.73770059,16.25107117
1.863903,27.04121,-5.1435084,1.701067996,137.7194296,-19.40433999,54.32552775,83.2891896,10.66681737,16.35383238
1.864902033,27.082269,-5.1414736,1.701449296,137.9285409,-19.39666352,54.30399867,83.51982997,10.66259014,16.39911861
1.8659103,27.13147967,-5.1414709,1.701717188,138.1791682,-19.39665334,54.3039701,83.77048582,10.66258453,16.44833489
1.866872867,27.17085267,-5.1300524,1.702087388,138.3796927,-19.35357604,54.1831573,84.09182319,10.63886294,16.51142948
1.867910967,27.22115,-5.152281767,1.702368765,138.6358543,-19.43743829,54.41835386,84.11278824,10.68504378,16.51554597
1.8688756,27.261573,-5.151956733,1.702725234,138.8417265,-19.43621207,54.41491487,84.3220994,10.68436853,16.55664422
1.869947933,27.30212267,-5.143832233,1.703187498,139.0482438,-19.40556168,54.32895405,84.61457749,10.66749013,16.61407229
1.870890333,27.35501033,-5.158482533,1.703334203,139.3175978,-19.46083123,54.48396073,84.72892486,10.69792569,16.6365244
1.8718989,27.401666,-5.161107533,1.703640835,139.5552126,-19.47073427,54.51173439,84.938766,10.70337905,16.6777267
1.872920733,27.42930333,-5.117159833,1.704246865,139.6959681,-19.30493769,54.04674823,85.54450762,10.61207901,16.79666407
1.873873033,27.481417,-5.150487767,1.704415115,139.9613802,-19.43067026,54.39937255,85.4572954,10.6813168,16.77953995
1.874901,27.52752533,-5.1510178,1.704749381,140.1962075,-19.43266986,54.40498054,85.68651468,10.68241793,16.82454716
1.875912867,27.56747833,-5.146652833,1.705160155,140.3996859,-19.41620264,54.35879725,85.93617645,10.67334984,16.87356825
1.876917267,27.611843,-5.1496698,1.705497089,140.6256328,-19.42758441,54.3907181,86.13020246,10.6796175,16.91166525
1.877864467,27.65022167,-5.133613267,1.705866882,140.8210933,-19.36700972,54.22083285,86.4955482,10.64626053,16.98340089
1.878863333,27.706765,-5.1627388,1.706015054,141.1090654,-19.47688837,54.52899392,86.47535929,10.70676796,16.9794368
1.8798836,27.741653,-5.1414256,1.706510431,141.2867482,-19.39648244,54.3034908,86.87854511,10.66249042,17.05860233
1.880888933,27.78987833,-5.147436267,1.706790214,141.5323572,-19.41915821,54.36708632,87.06055862,10.6749774,17.09434069
1.881903567,27.83578367,-5.149080267,1.707114201,141.7661506,-19.42536035,54.38448057,87.27695777,10.67839276,17.13683066
1.8829193,27.89425533,-5.1994443,1.707250229,142.0639436,-19.61536311,54.91735439,87.04187701,10.78302253,17.09067255
1.8839063,27.9084,-5.0967733,1.708024422,142.1359817,-19.22802769,53.83104966,88.20021977,10.5697266,17.31811315
1.884906133,27.96343967,-5.148102133,1.708196184,142.4162957,-19.42167025,54.37413149,87.937452,10.67636072,17.2665187
1.8858705,27.99887033,-5.131200767,1.708627496,142.5967422,-19.35790835,54.19530753,88.29672244,10.64124863,17.33706145
1.886841933,28.02920867,-5.087293133,1.709142489,142.7512537,-19.19226292,53.73074529,88.91579619,10.55003184,17.45861658
1.887853067,28.086272,-5.101205667,1.709295104,143.0418742,-19.24474919,53.87794606,89.0592159,10.57893471,17.48677704
1.888876833,28.131553,-5.126257233,1.709637618,143.2724879,-19.33925843,54.14300275,89.02477291,10.63097859,17.48001416
1.8898476,28.168724,-5.110625267,1.710049147,143.4617978,-19.28028546,53.97760961,89.37947596,10.59850365,17.54966011
1.890832567,28.21774833,-5.120402533,1.710296543,143.7114761,-19.31717106,54.08105743,89.52570644,10.61881563,17.57837246
1.891894767,28.25696233,-5.1016615,1.710768768,143.9111909,-19.24646886,53.88276898,89.92370968,10.57988169,17.6565204
1.892938133,28.299065,-5.1080529,1.7111787,144.1256175,-19.27058098,53.95039283,90.07051245,10.59315963,17.68534512
1.893875233,28.35007467,-5.131082067,1.71134836,144.385407,-19.35746055,54.19405163,90.08664314,10.64100204,17.68851238
1.894891033,28.392597,-5.121869267,1.711724411,144.601971,-19.32270444,54.09657612,90.40068261,10.62186272,17.75017403
1.895861767,28.43291533,-5.1046416,1.712088555,144.8073101,-19.25771155,53.91429976,90.78829808,10.58607276,17.82628233
1.896909867,28.483163,-5.126074,1.712380679,145.0632187,-19.33856717,54.14106406,90.81744244,10.63059793,17.83200482
1.8978521,28.51921667,-5.107901267,1.712780485,145.2468381,-19.27000893,53.94878848,91.19333741,10.59284462,17.9058118
1.898900967,28.5605,-5.103452533,1.713208244,145.4570919,-19.25322569,53.90171891,91.45066078,10.58360251,17.95633724
1.8998644,28.611686,-5.1087602,1.713401584,145.7177795,-19.27324933,53.95787638,91.65519086,10.59462903,17.99649673
1.900880033,28.661127,-5.134875633,1.713673378,145.9695798,-19.37177211,54.23418925,91.63067834,10.64888306,17.99168369
1.9018504,28.70151567,-5.1246144,1.714036097,146.1752771,-19.3330607,54.12562085,91.94494406,10.62756565,18.05338977
1.9028997,28.74131467,-5.1160857,1.714486621,146.3779713,-19.30088543,54.03538342,92.23787565,10.60984753,18.11090688
1.903885967,28.787454,-5.1287826,1.714778721,146.6129565,-19.3487856,54.16972225,92.33852196,10.63622496,18.13066879
1.9048968,28.81839433,-5.0991634,1.715324057,146.7705339,-19.23704455,53.85633798,92.8094837,10.57469196,18.22314212
1.9058498,28.84964867,-5.061007667,1.715806836,146.9297106,-19.09309868,53.45263339,93.37236493,10.49542457,18.33366385
1.906898133,28.91035467,-5.114429167,1.715941847,147.2388829,-19.29463601,54.01785656,93.11631415,10.60640614,18.28338828
1.907829067,28.96456933,-5.126999867,1.716057121,147.5149953,-19.34206008,54.15086014,93.25942295,10.63252139,18.3114877
1.908859233,29.00065867,-5.105147967,1.716544324,147.6987964,-19.25962186,53.91965735,93.67442678,10.58712472,18.3929737
1.9099195,29.03890833,-5.096659667,1.717029124,147.8935999,-19.227599,53.82984737,93.95904026,10.56949053,18.44885756
1.910900467,29.08398433,-5.091185867,1.717331922,148.1231695,-19.2069486,53.77193213,94.24652514,10.55811887,18.50530521
1.911894,29.125393,-5.091810367,1.717702462,148.3340616,-19.20930459,53.77853962,94.45080977,10.55941625,18.5454165
1.912857533,29.16691567,-5.092214767,1.718041287,148.5455343,-19.21083022,53.78281835,94.65800375,10.56025638,18.58609904
1.913862733,29.21680333,-5.100848867,1.718295927,148.7996095,-19.24340313,53.87417096,94.82072634,10.57819347,18.61804962
1.914865567,29.255229,-5.091554333,1.718720646,148.9953094,-19.20833868,53.77583068,95.11476648,10.55888435,18.6757844
1.915892967,29.30802733,-5.114999933,1.718953695,149.2642085,-19.29678928,54.02389553,95.13560071,10.60759189,18.6798752
1.916853233,29.34521733,-5.082448667,1.719354439,149.4536151,-19.17398675,53.67948868,95.66941422,10.5399676,18.78468948
1.917846933,29.386444,-5.080855667,1.719727883,149.6635803,-19.16797701,53.66263404,95.89623407,10.53665819,18.82922556
1.9188435,29.41843133,-5.053740033,1.720243201,149.8264901,-19.06568089,53.3757386,96.34603927,10.48032627,18.91754481
1.919913933,29.469008,-5.045616467,1.720552708,150.0840744,-19.03503402,53.28978766,96.68957446,10.46344981,18.98499794
1.920817967,29.51275767,-5.054454133,1.720798528,150.3068891,-19.06837489,53.3832941,96.81888272,10.4818098,19.01038762
1.921847733,29.559159,-5.076488833,1.721130186,150.5432086,-19.15150275,53.616431,96.82206532,10.52758623,19.01101253
1.9228503,29.60033167,-5.078883,1.72151331,150.7528987,-19.16053495,53.64176235,97.00642415,10.53256004,19.04721138
1.923902433,29.64343767,-5.050015767,1.721916914,150.9724353,-19.05163076,53.33633421,97.53138883,10.47258922,19.1502882
1.924879133,29.71995933,-5.126540967,1.721742345,151.362156,-19.34032884,54.14600478,97.111439,10.63156804,19.06783105
1.925861467,29.749886,-5.077031767,1.722274432,151.5145709,-19.15355101,53.62217548,97.78768321,10.52871415,19.2006116
1.926881667,29.78566,-5.0704417,1.722756412,151.696766,-19.1286894,53.55244965,98.0396041,10.51502349,19.25007626
1.9278798,29.847414,-5.108742867,1.722825456,152.0112758,-19.27318394,53.95769298,97.94887056,10.59459302,19.23226073
1.928860233,29.87381033,-5.064486033,1.723408757,152.1457109,-19.10622112,53.48943605,98.5515626,10.50265077,19.35059932
1.929916267,29.910497,-5.0591146,1.723912839,152.3325541,-19.08595692,53.4326039,98.79523797,10.49149178,19.39844498
1.930854833,29.95281533,-5.0534492,1.724214727,152.5480791,-19.06458369,53.37266146,99.07070542,10.47972208,19.45253301
1.931868967,29.99210333,-5.0488467,1.724637772,152.7481708,-19.04722036,53.32396497,99.31949358,10.47016052,19.50138256
1.9328755,30.03283567,-5.046536767,1.725031487,152.9556184,-19.03850593,53.29952485,99.55138129,10.4653617,19.54691372
1.933913833,30.096761,-5.106675467,1.725108064,153.2811867,-19.26538449,53.93581898,99.24065544,10.59029806,19.4859027
1.934873967,30.13937333,-5.090816033,1.725427095,153.498209,-19.20555338,53.76801913,99.62547761,10.55735056,19.56146253
1.935831233,30.175675,-5.073997333,1.725838203,153.6830914,-19.14210334,53.59006983,99.98830936,10.52241021,19.63270454
1.9368608,30.23251567,-5.115623467,1.726012602,153.9725779,-19.29914161,54.03049279,99.83737286,10.60888726,19.60306816
1.937874933,30.26345367,-5.0600969,1.726561273,154.1301435,-19.08966273,53.44299707,100.5824341,10.49353248,19.74936094
1.938833133,30.28975167,-5.032054933,1.72712382,154.2640778,-18.98387193,53.14630062,101.0130649,10.43527613,19.83391529
1.9398619,30.35082467,-5.084656867,1.727233743,154.5751193,-19.18231738,53.70285242,100.7675546,10.54455507,19.78570935
1.940875067,30.39862067,-5.0818092,1.727527819,154.8185417,-19.1715743,53.67272284,101.0411066,10.53863913,19.83942129
1.941869467,30.44930367,-5.0903511,1.727759693,155.0766675,-19.20379937,53.76309993,101.2088553,10.55638467,19.87235875
1.9429321,30.48143333,-5.0769663,1.728338936,155.2403022,-19.15330403,53.62148281,101.5141071,10.52857815,19.93229494
1.943827267,30.51792833,-5.0334535,1.728685035,155.4261693,-18.98914815,53.16109808,102.1603589,10.43818161,20.05918648
1.9449197,30.561058,-5.051026533,1.729128582,155.6458263,-19.05544397,53.34702857,102.1940855,10.47468906,20.06580869
1.945900333,30.61140633,-5.067096533,1.729351725,155.9022477,-19.11606947,53.5170563,102.2804792,10.508074,20.08277208
1.9468964,30.64843867,-5.044642,1.72979064,156.0908514,-19.03135775,53.27947737,102.7066618,10.46142538,20.16645304
1.947861367,30.699676,-5.0701329,1.729984741,156.3518004,-19.12752443,53.54918241,102.6979057,10.51438197,20.16473379
1.9488971,30.737438,-5.0556912,1.730452345,156.5441202,-19.07304184,53.39638281,103.0430251,10.48437977,20.23249799
1.9498824,30.77006033,-5.034764633,1.730946842,156.710264,-18.99409452,53.17497045,103.4305813,10.44090545,20.30859464
1.950865533,30.81803167,-5.041098933,1.731208247,156.9545794,-19.01799122,53.24199016,103.607877,10.45406477,20.34340665
1.951900233,30.862122,-5.049574067,1.731579608,157.1791291,-19.04996441,53.33166083,103.742756,10.4716716,20.36989015
1.952882467,30.920947,-5.069128833,1.731676819,157.4787217,-19.1237365,53.53855894,103.8354505,10.51229605,20.38809071
1.9538094,30.95368333,-5.046433467,1.732111234,157.6454461,-19.03811622,53.29843189,104.2423019,10.4651471,20.46797598
1.954795867,31.00080533,-5.071846167,1.73238875,157.8854359,-19.13398788,53.56730953,104.2134141,10.51794123,20.46230386
1.9555428,31.01689867,-5.0461963,1.73289356,157.9673984,-19.03722149,53.29592256,104.5667636,10.46465439,20.53168402
1.956025167,31.04424567,-5.052830867,1.732964491,158.1066752,-19.06225098,53.36611922,104.6358437,10.47843751,20.54524791
1.955616333,31.02166067,-5.0402568,1.732895449,157.991651,-19.0148142,53.23308001,104.6538587,10.45231526,20.54878516
1.954622667,30.97819733,-5.034722967,1.732555688,157.7702945,-18.99393732,53.1745296,104.4910527,10.44081889,20.5168182
1.9536675,30.928987,-5.037160067,1.732340891,157.519669,-19.0031315,53.2003152,104.2146415,10.44588189,20.46254486
1.952629167,30.88287533,-5.0479274,1.731996307,157.2848247,-19.04375222,53.31423836,103.8658741,10.4682507,20.39406438
1.951670033,30.83191833,-5.0500234,1.731803822,157.0253035,-19.05165956,53.33641497,103.5841762,10.47260508,20.33875301
1.950655933,30.770453,-5.025635733,1.731714468,156.7122638,-18.95965493,53.07838264,103.5291689,10.42194043,20.32795232
1.9496751,30.73136767,-5.037782333,1.731321673,156.5132043,-19.00547906,53.20689906,103.201593,10.44717463,20.26363279
1.948646033,30.694923,-5.054160433,1.730840917,156.3275936,-19.06726689,53.38018662,102.8426947,10.48119964,20.19316311
1.947683367,30.63317433,-5.034951233,1.730807259,156.0131109,-18.99479848,53.17694476,102.7314539,10.4412931,20.17132098
1.9466741,30.60570867,-5.0759543,1.730211213,155.8732298,-19.14948617,53.6107754,102.1577421,10.52647575,20.05867267
1.945644233,30.53988,-5.034045233,1.730171739,155.5379679,-18.99138052,53.16735888,102.2658968,10.43941092,20.07990884
1.9446512,30.49830533,-5.059530267,1.729804196,155.3262304,-19.08752506,53.43700184,101.7845163,10.49235531,19.98538977
1.943694333,30.44605967,-5.032484033,1.729633366,155.060146,-18.98549075,53.15084069,101.8045931,10.43616757,19.98933185
1.9426668,30.402662,-5.053738567,1.72925875,154.839124,-19.06567536,53.37572309,101.3586887,10.48032323,19.90177852
1.941666433,30.357851,-5.076679067,1.728932565,154.610904,-19.15222042,53.61844375,100.887748,10.52798143,19.80930932
1.940614267,30.312064,-5.0556151,1.728569264,154.3777133,-19.07275474,53.39557764,100.8774234,10.48422167,19.80728208
1.939651233,30.26359533,-5.0618324,1.728335442,154.130865,-19.09621006,53.46135943,100.5647933,10.49713792,19.74589716
1.9386793,30.21491867,-5.073424333,1.728095849,153.8829573,-19.13994165,53.58400723,100.1942378,10.52121982,19.6731386
1.937697767,30.172843,-5.076993433,1.727747344,153.6686682,-19.1534064,53.62176989,99.94218606,10.52863452,19.62364823
1.936670833,30.11433233,-5.057613833,1.727600703,153.3706765,-19.08029514,53.41672513,99.84923915,10.48837398,19.60539811
1.935593633,30.06226167,-5.053228533,1.727306907,153.1054834,-19.06375121,53.37032671,99.63044446,10.47926365,19.56243777
1.934735833,30.016001,-5.061706033,1.727145098,152.8698803,-19.09573333,53.46002242,99.30514566,10.4968754,19.49856535
1.9336497,29.96274567,-5.0490737,1.726860191,152.5986538,-19.04807673,53.32636673,99.1675748,10.47063211,19.47155331
1.932696867,29.925265,-5.078675433,1.726471255,152.4077667,-19.15975189,53.6395662,98.66348831,10.53212882,19.37257593
1.9316399,29.86212967,-5.053646133,1.726364159,152.0862219,-19.06532664,53.3747451,98.60676455,10.4801312,19.36143822
1.930691,29.81895767,-5.069222133,1.726064782,151.8663492,-19.12408848,53.53954609,98.22209088,10.51248987,19.28590754
1.929651967,29.770906,-5.058162067,1.725748686,151.6216246,-19.0823634,53.42252568,98.09438673,10.48951292,19.26083284
1.928684167,29.723945,-5.069831533,1.725487414,151.3824548,-19.1263875,53.54599381,97.73174875,10.51375589,19.18962887
1.927613033,29.681303,-5.071166833,1.72505783,151.1652814,-19.13142503,53.56012188,97.50044727,10.51652993,19.14421282
1.926661067,29.62701233,-5.068296267,1.724922666,150.8887819,-19.12059557,53.52975001,97.25431969,10.51056641,19.09588567
1.9256454,29.58483967,-5.0839235,1.724541487,150.6739988,-19.17955068,53.69509307,96.8741935,10.54303152,19.02124789
1.924634833,29.53101233,-5.069203067,1.724340753,150.3998591,-19.12401655,53.53934436,96.7558025,10.51245026,18.99800182
1.923652033,29.49023233,-5.0772653,1.723971488,150.1921687,-19.15443204,53.62464636,96.46281015,10.52919931,18.94047277
1.9226342,29.449546,-5.087857433,1.72356578,149.9849554,-19.1943918,53.73671583,96.14352737,10.55120415,18.8777816
1.921634767,29.405983,-5.0845615,1.723221752,149.7630914,-19.1819576,53.7018434,95.95653579,10.54435695,18.8410658
1.920634733,29.352833,-5.0838321,1.723021361,149.4924013,-19.17920587,53.69412602,95.69356307,10.54284164,18.78943111
1.919689033,29.309548,-5.077723333,1.722726884,149.2719531,-19.15616001,53.62949256,95.53774835,10.53015086,18.75883689
1.918651167,29.270487,-5.114681533,1.72227669,149.0730176,-19.29558808,54.02052671,94.94777862,10.60693042,18.64299633
1.917649567,29.215646,-5.1118563,1.722100173,148.7937153,-19.28492964,53.99063449,94.69836858,10.60106108,18.59402467
1.916693633,29.170496,-5.1103428,1.721823521,148.5637688,-19.27921983,53.97462099,94.48443555,10.59791683,18.55201892
1.9156306,29.10950733,-5.0874788,1.721678062,148.2531568,-19.19296337,53.73270972,94.41573482,10.55041755,18.53852953
1.914691333,29.05845133,-5.0712215,1.721506933,147.9931313,-19.13163127,53.56070028,94.3277188,10.5166435,18.52124759
1.9136482,29.00888067,-5.0805537,1.72120959,147.7406706,-19.16683782,53.65943909,93.97651924,10.53603087,18.45228955
1.912651533,28.968122,-5.082337067,1.720826138,147.5330889,-19.17356572,53.6783079,93.75006873,10.53973576,18.407826
1.911644633,28.92722233,-5.096164867,1.720434573,147.3247891,-19.22573232,53.82461216,93.39546467,10.5684626,18.33819949
1.910713933,28.89357367,-5.1355713,1.720010118,147.1534182,-19.37439657,54.24154971,92.80715627,10.65032829,18.22268513
1.909676367,28.843157,-5.1201396,1.71973107,146.8966488,-19.31617912,54.07827548,92.71366112,10.61826939,18.20432736
1.908680267,28.795144,-5.1420199,1.719457325,146.6521212,-19.39872449,54.30977876,92.23763021,10.66372506,18.11085869
1.907648867,28.73769,-5.119740633,1.719290321,146.3595111,-19.31467399,54.07405424,92.18074461,10.61744055,18.0996892
1.9067038,28.68964,-5.123491133,1.719068166,146.114795,-19.32882308,54.11373619,91.89634658,10.6252321,18.04384765
1.905632367,28.63887533,-5.105184533,1.718760487,145.8562533,-19.25975981,53.92004424,91.83149681,10.58720069,18.0311144
1.904649133,28.59510967,-5.122895367,1.718435708,145.6333571,-19.3265755,54.10743271,91.42121215,10.62399441,17.95055501
1.903695733,28.54344433,-5.1212306,1.718259613,145.3702283,-19.32029502,54.08981874,91.17569735,10.62053591,17.90234818
1.902659667,28.50750433,-5.1373976,1.717764264,145.1871878,-19.38128645,54.26087278,90.82160283,10.65412237,17.83282172
1.901706833,28.46069767,-5.138235233,1.717515637,144.948804,-19.3844465,54.26973531,90.57435646,10.65586253,17.78427489
1.900628167,28.409485,-5.1200592,1.717207465,144.6879806,-19.31587581,54.07742481,90.5058436,10.61810236,17.77082239
1.899750133,28.35425133,-5.0893272,1.717160422,144.4066786,-19.19993662,53.75226662,90.5496997,10.55425755,17.77943354
1.898652067,28.313857,-5.127912367,1.716670088,144.2009524,-19.34550257,54.1605148,89.93572534,10.63441708,17.65887967
1.897712667,28.263703,-5.1314298,1.716485255,143.9455208,-19.3587724,54.19773081,89.64307771,10.64172444,17.60141831
1.896625567,28.20688633,-5.1095813,1.716252962,143.6561565,-19.276347,53.96656398,89.58488031,10.59633484,17.58999125
1.895734433,28.165232,-5.122564167,1.715988518,143.4440132,-19.32532601,54.10392847,89.23537253,10.62330636,17.5213654
1.894665867,28.12267167,-5.1184187,1.715560271,143.2272558,-19.30968688,54.06006759,89.06247592,10.61469427,17.48741715
1.893632867,28.075109,-5.128412533,1.715242852,142.9850216,-19.34738949,54.16580679,88.71450262,10.63545616,17.41909259
1.892658733,28.02281267,-5.124472433,1.715055517,142.7186792,-19.33252512,54.12411878,88.48984821,10.62727072,17.3749817
1.891708467,27.98092167,-5.122446533,1.7147355,142.5053306,-19.32488223,54.10268386,88.29793452,10.62306198,17.33729944
1.8906812,27.93680533,-5.143339167,1.714371964,142.2806485,-19.40370154,54.32373719,87.85219908,10.6664658,17.24977929
1.8897172,27.88605,-5.146284267,1.714171578,142.0221543,-19.41481219,54.35489765,87.56254443,10.67258415,17.1929056
1.8886793,27.845434,-5.142347,1.713744745,141.8152992,-19.3999585,54.31323962,87.39734735,10.6644046,17.16046915
1.887692833,27.79721633,-5.1489975,1.713483714,141.5697292,-19.4250481,54.38360487,87.08141212,10.67822082,17.09843527
1.886709133,27.740968,-5.1384659,1.71334627,141.2832595,-19.38531671,54.27217586,86.90637138,10.65634173,17.06406602
1.8856837,27.688552,-5.106395233,1.713109435,141.0163076,-19.26432728,53.93285398,86.9787414,10.58971588,17.07827587
1.884693867,27.64493467,-5.131625967,1.712775825,140.7941669,-19.35951246,54.19980634,86.48964831,10.64213197,16.98224245
1.883653067,27.60051333,-5.144868367,1.712403344,140.5679314,-19.40947058,54.3399168,86.12330238,10.66964266,16.91031042
1.882681367,27.55082233,-5.130483167,1.712179245,140.3148578,-19.35520114,54.187715,86.02243058,10.63975784,16.89050424
1.881662133,27.51407067,-5.170422533,1.71171294,140.1276836,-19.50587593,54.61029122,85.4126801,10.72273068,16.77077974
1.880687767,27.45051633,-5.122277933,1.711694748,139.8040048,-19.32424617,54.1009,85.59839252,10.62271171,16.80724437
1.8796125,27.411162,-5.127315233,1.711211568,139.6035752,-19.34324983,54.15419686,85.34466615,10.63317655,16.7574252
1.878646067,27.37086867,-5.142532967,1.710851348,139.3983635,-19.40066008,54.31520723,84.978444,10.66479094,16.68551748
1.877635833,27.32050833,-5.148189733,1.710598785,139.141881,-19.42200073,54.37505834,84.66211042,10.6765427,16.62340538
1.8766793,27.27548133,-5.1589853,1.710319683,138.9125609,-19.46272796,54.48928022,84.31856845,10.69897017,16.55595091
1.8757186,27.23813,-5.1836041,1.709920934,138.7223326,-19.55560456,54.74975805,83.86786228,10.75011499,16.46745476
1.8746631,27.18167,-5.165351567,1.709714875,138.4347848,-19.48674526,54.55663815,83.77343444,10.7121959,16.44891385
1.873675267,27.133913,-5.158769933,1.709445546,138.191561,-19.46191547,54.48700155,83.59984721,10.69852275,16.41483
1.872740267,27.07286033,-5.1148324,1.709429083,137.880623,-19.29615724,54.02212295,83.75378785,10.60724384,16.44505624
1.871707367,27.035063,-5.164050433,1.708964844,137.6881232,-19.48183662,54.54287158,83.04053943,10.70949283,16.30500992
1.8707247,26.99845,-5.167685333,1.70853302,137.5016552,-19.4955496,54.58133043,82.81561254,10.71704423,16.26084552
1.869681633,26.952737,-5.178097233,1.708177705,137.2688414,-19.53482942,54.69149296,82.47263616,10.73867464,16.19350211
1.868731267,26.895784,-5.148775433,1.708084196,136.9787828,-19.42421033,54.3812553,82.49281525,10.67775948,16.19746427
1.867669933,26.851745,-5.130533833,1.70768543,136.7544945,-19.35539229,54.18825108,82.46153121,10.6398631,16.19132165
1.8667194,26.79767267,-5.135261833,1.707548415,136.479107,-19.37322908,54.23827542,82.13611938,10.64968538,16.12742704
1.865664467,26.755776,-5.153500067,1.707123817,136.2657296,-19.44203443,54.43124402,81.72977331,10.68757476,16.04764099
1.864746833,26.70667567,-5.148210233,1.706944898,136.0156642,-19.42207807,54.37527524,81.53567673,10.67658529,16.00953013
1.863706667,26.67029,-5.172686433,1.706452154,135.830354,-19.51441669,54.63424429,81.09139743,10.72743387,15.92229589
1.8627242,26.61184767,-5.151375333,1.706348952,135.5327103,-19.43401869,54.4087634,81.01923466,10.68316069,15.90812673
1.861668567,26.57172933,-5.165202633,1.705896899,135.3283898,-19.4861834,54.55506237,80.66861518,10.7118865,15.83928259
1.8607106,26.525791,-5.166349233,1.705630074,135.0944283,-19.49050905,54.5671939,80.42252218,10.71426852,15.79096223
1.859719,26.479937,-5.186155467,1.705328348,134.8608964,-19.56522981,54.77675264,79.97943148,10.75541538,15.70396137
1.858727333,26.42588533,-5.148283667,1.705149888,134.5856141,-19.4223551,54.37605219,80.1048497,10.67673785,15.72858724
1.8576802,26.39328767,-5.192508233,1.704593187,134.419596,-19.58919619,54.84396773,79.47091599,10.76861306,15.60411436
1.856717867,26.33249733,-5.165979733,1.704545444,134.1099941,-19.48911508,54.56328443,79.44199739,10.7135009,15.59843619
1.855678667,26.290912,-5.172809267,1.704131896,133.8982022,-19.51488009,54.63554392,79.15794603,10.72768905,15.5426627
1.854655833,26.24793733,-5.1791466,1.703755616,133.6793345,-19.53878824,54.70259572,78.87202656,10.74085467,15.48652242
1.8537049,26.18881333,-5.160716233,1.703694203,133.3782192,-19.46925806,54.50759426,78.76591267,10.70256613,15.46568695
1.8526627,26.142315,-5.154459633,1.703351571,133.1414057,-19.44565448,54.44139666,78.59529676,10.68956823,15.43218652
1.851709233,26.095518,-5.163348667,1.703102165,132.903071,-19.47918915,54.53544658,78.26291223,10.70803494,15.36692282
1.8506675,26.05603967,-5.1877917,1.702654383,132.70201,-19.57140265,54.79406471,77.80323307,10.75881461,15.27666481
1.849755433,26.02195933,-5.2007807,1.702255055,132.5284407,-19.6204048,54.9314941,77.49223438,10.78579887,15.21560022
1.848694767,25.97075333,-5.188252133,1.701964783,132.2676513,-19.57313967,54.7989363,77.36400276,10.75977114,15.19042194
1.847731833,25.92525767,-5.191614467,1.701686332,132.0359443,-19.58582437,54.83451128,77.0967208,10.76675629,15.13794113
1.846651033,25.889193,-5.202414667,1.701148125,131.8522689,-19.62656908,54.94878219,76.79877448,10.78919338,15.07943937
1.8456955,25.84617867,-5.216766833,1.700839742,131.6331992,-19.6807139,55.10063448,76.4278525,10.81900958,15.00660884
1.844716867,25.799256,-5.213111733,1.70056706,131.3942246,-19.66692471,55.0619619,76.22755046,10.81141622,14.96727953
1.843674533,25.74975967,-5.218284133,1.700269399,131.1421424,-19.68643805,55.11668819,75.92074201,10.82216173,14.90703769
1.842707167,25.694854,-5.1961713,1.700128088,130.8625108,-19.60301543,54.8827246,75.87507399,10.77622298,14.89807078
1.841716633,25.660462,-5.240559433,1.699654983,130.6873542,-19.77047359,55.35237075,75.23027123,10.868438,14.77146376
1.840647533,25.607682,-5.209290033,1.699379958,130.4185485,-19.65250701,55.02152662,75.29230965,10.80347675,14.783645
1.8397126,25.56889467,-5.2292158,1.69902858,130.2210067,-19.72767873,55.23235007,74.8839444,10.84487194,14.70346248
1.838690467,25.521012,-5.241304567,1.698726841,129.9771429,-19.77328467,55.36025459,74.51217603,10.86998599,14.63046576
1.8377317,25.458104,-5.191682,1.698714525,129.6567558,-19.58607915,54.83522581,74.71681774,10.76689659,14.67064716
1.8366844,25.42826667,-5.232270433,1.698116128,129.5047959,-19.7392026,55.26466945,74.13541417,10.85121785,14.55648857
1.835690833,25.38399367,-5.242812967,1.697788649,129.2793158,-19.77897524,55.37621413,73.79838948,10.87311964,14.49031377
1.8347258,25.33042733,-5.216010267,1.697629521,129.0065054,-19.67785968,55.09262967,73.80916348,10.81743784,14.49242925
1.833726067,25.27951333,-5.2075467,1.697395789,128.7472031,-19.64593013,55.00308138,73.63940951,10.79985503,14.45909806
1.832756567,25.22717467,-5.206797133,1.697213724,128.4806451,-19.64310233,54.99515063,73.38078224,10.79829783,14.40831659
1.831739767,25.18933533,-5.2303853,1.696766217,128.2879314,-19.73209077,55.2447239,72.93849528,10.84730154,14.32147355
1.8307136,25.136981,-5.200683767,1.696527721,128.0212936,-19.62003911,54.9304685,72.98611287,10.78559749,14.33082326
1.8297068,25.086873,-5.205416867,1.696274796,127.7660963,-19.63789515,54.9805468,72.68083722,10.79543036,14.27088239
1.8287222,25.034886,-5.183951233,1.69607234,127.5013293,-19.55691415,54.75343087,72.64318615,10.75083615,14.2634896
1.827673667,24.989644,-5.187444367,1.695704473,127.2709142,-19.5700923,54.79038977,72.37581217,10.75809303,14.21099072
1.8266818,24.94945233,-5.199275333,1.69531729,127.0662202,-19.61472567,54.91556665,72.0459413,10.78267151,14.14622057
1.8257473,24.90334567,-5.213670733,1.695076464,126.8314014,-19.66903359,55.06787637,71.6588128,10.81257753,14.07020789
1.824756767,24.85477567,-5.1995605,1.694816667,126.584037,-19.61580149,54.91858384,71.56074093,10.78326394,14.05095148
1.823689833,24.82149167,-5.2401271,1.694250491,126.4145234,-19.76884257,55.34779647,70.96201468,10.86753984,13.93339158
1.8227293,24.76265367,-5.195618167,1.694175176,126.1148646,-19.60092869,54.8768722,71.13328017,10.77507386,13.96701956
1.821739033,24.737882,-5.249047767,1.693557599,125.9887038,-19.80249657,55.44218108,70.44181053,10.88607225,13.8312495
1.820739667,24.68411133,-5.231828533,1.693367212,125.7148527,-19.73753549,55.25999395,70.35014654,10.85029981,13.81325127
1.819724033,24.635482,-5.2305115,1.693083207,125.4671861,-19.73256687,55.24605915,70.11641476,10.84756371,13.76735804
1.818761433,24.58602333,-5.2172996,1.692864712,125.2152958,-19.68272381,55.10627139,70.00431219,10.82011639,13.7453467
1.817745967,24.53756333,-5.212157067,1.692578326,124.9684916,-19.66332315,55.0518611,69.8119183,10.80943293,13.70757016
1.816763233,24.48375833,-5.2057767,1.692405089,124.6944657,-19.63925265,54.98435399,69.60539943,10.79617791,13.66702018
1.815722267,24.433007,-5.1935296,1.692127676,124.4359919,-19.59304938,54.85477424,69.47650537,10.77073492,13.64171183
1.814740333,24.39705933,-5.2303284,1.691686576,124.2529123,-19.73187611,55.24412187,68.90407821,10.84718333,13.52931576
1.8137335,24.35069167,-5.2138848,1.691377344,124.0167643,-19.66984117,55.07014129,68.84191076,10.81302224,13.51710918
1.812791533,24.30727567,-5.220822,1.691088571,123.7956489,-19.69601237,55.14353994,68.54739675,10.82743407,13.45928135
1.811682367,24.264299,-5.232168033,1.690625988,123.5767711,-19.73881629,55.26358601,68.20847283,10.85100511,13.39273364
1.8107078,24.20914767,-5.215840833,1.690481173,123.2958883,-19.67722048,55.09083699,68.10033907,10.81708584,13.37150158
1.8097432,24.16411067,-5.2006402,1.690194155,123.0665173,-19.61987475,54.93000755,68.03179749,10.78550698,13.35804344
1.8086647,24.12559867,-5.233506367,1.689695068,122.8703777,-19.74386527,55.27774617,67.48791932,10.85378546,13.25125296
1.8076922,24.06872267,-5.209229633,1.689578267,122.5807113,-19.65227915,55.02088756,67.45511152,10.80335127,13.24481115
1.806736067,24.02561133,-5.2141665,1.689270744,122.3611476,-19.67090391,55.0731218,67.18331357,10.81360747,13.19144362
1.805718967,23.97400733,-5.1908231,1.689030026,122.0983312,-19.58283887,54.82613827,67.1674807,10.76511225,13.18833484
1.804689333,23.942992,-5.245936533,1.688467019,121.9403718,-19.79075917,55.40926285,66.4263967,10.87960876,13.04282299
1.803699233,23.884722,-5.215677733,1.688353591,121.6436058,-19.67660517,55.08911132,66.44978225,10.81674701,13.04741474
1.802724,23.85282333,-5.253466467,1.687858273,121.4811476,-19.81916651,55.48893288,65.88750249,10.89525197,12.93701111
1.801719367,23.79362367,-5.212596733,1.687744299,121.1796469,-19.66498183,55.05651297,66.01842168,10.81034632,12.9627171
1.800678667,23.746329,-5.203555233,1.687415147,120.9387777,-19.63087197,54.96084989,65.87321557,10.79156288,12.93420588
1.799698067,23.70095367,-5.215191067,1.687117219,120.7076836,-19.67476918,55.08396217,65.51900915,10.81573597,12.86465745
1.7987057,23.64726767,-5.204022567,1.686932558,120.4342636,-19.63263503,54.96579449,65.36375692,10.79253375,12.83417367
1.797704867,23.601845,-5.199768067,1.686615109,120.2029284,-19.61658455,54.92077999,65.17743622,10.78369515,12.7975896
1.7967143,23.55945,-5.199599267,1.686262375,119.987013,-19.61594774,54.91899401,64.96330674,10.78334447,12.75554528
1.795705767,23.51251033,-5.201472133,1.685960049,119.7479518,-19.62301329,54.93880977,64.70442978,10.7872353,12.70471479
1.7946837,23.46358833,-5.202057167,1.685674014,119.4987947,-19.62522038,54.94499968,64.44908275,10.78845069,12.6545774
1.793750067,23.41793067,-5.210150233,1.6854273,119.2662626,-19.65575219,55.03062792,64.13092247,10.80526379,12.59210663
1.792717367,23.37125233,-5.209924533,1.685096875,119.0285324,-19.65490072,55.02823991,63.89558023,10.80479491,12.54589718
1.791747,23.32560233,-5.196738733,1.684813313,118.7960394,-19.60515612,54.8887283,63.80259885,10.7774018,12.52764028
1.790734833,23.27296833,-5.193233333,1.684593025,118.5279773,-19.59193169,54.85163961,63.57162541,10.77011944,12.48228865
1.789748133,23.23485433,-5.210413933,1.68417975,118.3338647,-19.65674702,55.03341798,63.19573448,10.80581162,12.40848247
1.7887021,23.197083,-5.2208233,1.683701986,118.1414973,-19.69601728,55.1435537,62.89323139,10.82743677,12.34908598
1.7877735,23.14481233,-5.203749967,1.683559798,117.8752856,-19.63160662,54.96291026,62.80766314,10.79196743,12.33228466
1.786756633,23.106758,-5.235507667,1.683115459,117.681477,-19.75141535,55.29892081,62.27784391,10.8579431,12.22825465
1.785697233,23.058123,-5.220357267,1.682787773,117.4337815,-19.69425913,55.13862286,62.19044642,10.8264686,12.21109415
1.7846999,23.01162033,-5.2246885,1.682490072,117.1969459,-19.71059909,55.18444923,61.90778446,10.83546661,12.15559348
1.7837097,22.95789333,-5.220638433,1.682308195,116.9233172,-19.69531985,55.14159773,61.67700724,10.82705271,12.11028037
1.7827083,22.912352,-5.220340867,1.681991964,116.6913776,-19.69419726,55.13844934,61.44821607,10.82643453,12.06535722
1.7816911,22.86738267,-5.2067798,1.681651328,116.4623512,-19.64303693,54.99496724,61.36267177,10.79826182,12.0485606
1.780734067,22.83621533,-5.2419297,1.681163207,116.3036177,-19.77564304,55.36686877,60.83203668,10.87128468,11.9443704
1.779723833,22.7695,-5.192384533,1.681156706,115.9638401,-19.58872952,54.84265893,61.01646892,10.76835608,11.98058367
1.7787448,22.72746267,-5.207740933,1.680810124,115.7497462,-19.64666289,55.00513645,60.63989751,10.80025854,11.90664388
1.7777302,22.69147333,-5.233179267,1.680336984,115.5664545,-19.74263125,55.27428531,60.18745692,10.85310592,11.81780717
1.776712433,22.64017967,-5.216903367,1.68009093,115.3052186,-19.68122898,55.10207906,60.09842727,10.81929322,11.80032619
1.7757348,22.594173,-5.215268133,1.679805467,115.0709091,-19.67505992,55.08477757,59.88141928,10.81589608,11.75771668
1.774725133,22.55281633,-5.2346406,1.679418012,114.8602818,-19.74814426,55.28974686,59.46582271,10.8561418,11.67611429
1.7737318,22.509133,-5.226288667,1.679081894,114.6378049,-19.71663586,55.2013797,59.331713,10.8387909,11.64978185
1.772754067,22.46772767,-5.2263891,1.678727104,114.4269298,-19.71701475,55.20244233,59.11977523,10.83899955,11.60816787
1.771733067,22.41419667,-5.215988633,1.678511478,114.1542993,-19.67777807,55.09240078,58.95718628,10.81739289,11.57624353
1.770706367,22.37012733,-5.212993133,1.678147801,113.9298565,-19.66647728,55.06070706,58.76443725,10.81116983,11.53839725
1.7697407,22.32190633,-5.217992667,1.677907619,113.6842696,-19.68533846,55.11360434,58.46595301,10.82155621,11.47978987
1.768714133,22.265862,-5.206572667,1.67772424,113.3988388,-19.6422555,54.99277567,58.3013509,10.7978315,11.44747025
1.7677418,22.236957,-5.2297225,1.677186782,113.2516272,-19.7295903,55.23771118,57.90920378,10.84592459,11.37047216
1.766724667,22.18843133,-5.2266318,1.676899717,113.0044886,-19.71793036,55.20501021,57.69476614,10.83950375,11.32836733
1.7657331,22.14108167,-5.225327333,1.676620526,112.7633393,-19.71300914,55.19120837,57.46741867,10.83679376,11.28372766
1.764725567,22.08891367,-5.204474933,1.676397861,112.4976505,-19.63434162,54.97058073,57.42235749,10.79347353,11.27487989
1.7637276,22.056092,-5.241752167,1.675893696,112.3304915,-19.77497328,55.36499039,56.86078884,10.87091586,11.16461589
1.762731833,21.99829267,-5.2045436,1.67576752,112.0361226,-19.63460067,54.97130725,56.96010308,10.79361618,11.18411624
1.7617125,21.954386,-5.214733767,1.675408763,111.8125083,-19.67304398,55.07912373,56.62867231,10.81478595,11.11903981
1.7607354,21.91329033,-5.215910433,1.675049947,111.6032103,-19.67748305,55.09157339,56.40692463,10.81723043,11.07549965
1.7597553,21.86079033,-5.217406733,1.674859709,111.3358306,-19.68312798,55.10740491,56.12371343,10.82033895,11.01989113
1.758736633,21.81204533,-5.1973564,1.674574411,111.0875749,-19.60748632,54.89526348,56.08759919,10.77868499,11.0128001
1.757705267,21.77140367,-5.1978493,1.674154499,110.8805891,-19.60934583,54.90047858,55.87539826,10.77970897,10.97113445
1.7567074,21.72485633,-5.203718033,1.673856936,110.643526,-19.63148615,54.96257239,55.57624139,10.79190109,10.912395
1.755747533,21.68431267,-5.223508367,1.673507049,110.4370393,-19.70614693,55.17196289,55.16036417,10.83301491,10.8307375
1.7547488,21.643048,-5.2241548,1.673129143,110.2268806,-19.70858566,55.17880245,54.94336589,10.83435786,10.78812989
1.753731,21.59752833,-5.217437267,1.672796186,109.9950514,-19.68324317,55.10772796,54.78261115,10.82040239,10.7565657
1.752702733,21.543186,-5.208096,1.6725855,109.7182888,-19.64800241,55.00889322,54.60468332,10.80099618,10.72162957
1.751754567,21.49856233,-5.2023592,1.672308696,109.4910228,-19.62635983,54.94819533,54.43811527,10.78907815,10.68892393
1.750669867,21.45904567,-5.234482767,1.671818525,109.2897666,-19.74754882,55.28807692,53.89697742,10.8558139,10.58267152
1.749762467,21.39828867,-5.1995891,1.671825214,108.9803344,-19.61590938,54.91888644,53.95673576,10.78332335,10.59440507
1.748686633,21.35538133,-5.2030487,1.671394921,108.7618097,-19.62896103,54.95549054,53.70160691,10.79051057,10.54431052
1.7477279,21.31154867,-5.198842833,1.67109565,108.5385723,-19.61309403,54.91099061,53.52286943,10.78177301,10.50921541
1.746743,21.26478167,-5.180950667,1.67081436,108.3003905,-19.54559425,54.72168355,53.47399468,10.74460256,10.49961885
1.745758767,21.242618,-5.232841167,1.670163579,108.1875121,-19.74135574,55.27070806,52.8120918,10.85240353,10.36965422
1.744746833,21.20392033,-5.2597405,1.669733852,107.990427,-19.84283585,55.55531494,52.33039978,10.90828609,10.275074
1.743718933,21.15308567,-5.243857067,1.669470759,107.7315287,-19.7829142,55.38726117,52.23955533,10.87528873,10.25723669
1.7426632,21.10639767,-5.2247785,1.669117447,107.4937493,-19.71093862,55.18540147,52.20363555,10.83565358,10.25018384
1.741736733,21.061118,-5.239077433,1.668872213,107.2631423,-19.76488261,55.33669053,51.82173958,10.86535919,10.17519857
1.7407206,21.00916033,-5.224955567,1.668637783,106.9985247,-19.71160662,55.18727491,51.70653759,10.83602143,10.15257866
1.739742333,20.96673333,-5.232234967,1.66829783,106.7824463,-19.7390688,55.26429419,51.41343988,10.85114417,10.09502892
1.738716267,20.91634367,-5.236419,1.668029876,106.5258144,-19.75485343,55.30856312,51.11253909,10.85983637,10.03594705
1.737730267,20.87195633,-5.231797533,1.667711684,106.2997521,-19.73741854,55.25966596,50.93537395,10.85023541,10.00116068
1.7367125,20.82819,-5.226978167,1.667352381,106.0768526,-19.71923706,55.20867492,50.7634654,10.84022332,9.967406432
1.735719033,20.793246,-5.265963267,1.666884647,105.8988846,-19.86631179,55.62115457,50.17301783,10.9212137,9.851472052
1.734754033,20.73514067,-5.209762433,1.666793842,105.6029573,-19.65428918,55.02652482,50.47172025,10.80445815,9.91012227
1.733717133,20.692112,-5.2099775,1.666404308,105.3838146,-19.65510054,55.02880032,50.25030206,10.80490494,9.866646809
1.732749367,20.648723,-5.2373325,1.666089329,105.1628368,-19.75829969,55.31822836,49.73989618,10.86173414,9.766428614
1.7317548,20.59686267,-5.220119933,1.665875001,104.8987149,-19.69336377,55.13611177,49.65789088,10.82597555,9.750326874
1.730717833,20.55351633,-5.2106649,1.66549018,104.6779543,-19.65769382,55.03607332,49.53716878,10.806333,9.726623089
1.7296971,20.52099067,-5.239969867,1.664958795,104.5123029,-19.76824939,55.34613287,49.06145776,10.86721319,9.63321723
1.7287055,20.464814,-5.215387667,1.664812373,104.2261981,-19.67551087,55.08604229,49.03544359,10.8161444,9.62810935
1.7277249,20.41704067,-5.202639433,1.664550523,103.9828911,-19.62741703,54.95116032,48.92701854,10.78966033,9.60682009
1.726711633,20.37199933,-5.204719067,1.664214903,103.753498,-19.63526264,54.97316376,48.675622,10.79398071,9.557458381
1.7257101,20.32865533,-5.202022567,1.663865481,103.5327493,-19.62508985,54.9446336,48.48340351,10.78837881,9.519716279
1.7247197,20.28967433,-5.223868367,1.66346155,103.3342212,-19.70750506,55.17577185,48.05373711,10.8337628,9.435351282
1.723730033,20.23752233,-5.2026388,1.66325651,103.0686139,-19.62741465,54.95115362,48.01274801,10.78965901,9.427303072
1.7226808,20.19624733,-5.2190652,1.662828259,102.8584025,-19.68938469,55.12495222,47.62873806,10.82378437,9.351902717
1.721729933,20.15204867,-5.214622033,1.662542361,102.6333011,-19.67262245,55.07794155,47.4506473,10.81455382,9.316934597
1.720764067,20.10261267,-5.210080133,1.662320259,102.3815262,-19.65548773,55.02988623,47.24692772,10.80511816,9.276934258
1.719763233,20.05883333,-5.2145778,1.661978086,102.1585604,-19.67245558,55.07747354,46.97637462,10.81446193,9.223811157
1.7187515,20.00436967,-5.1885252,1.661785758,101.8811799,-19.57416984,54.80182547,46.97464216,10.76033843,9.223470988
1.717740833,19.96236767,-5.200528633,1.661407012,101.6672659,-19.61945385,54.92882712,46.63372658,10.78527521,9.156532214
1.7167098,19.90634133,-5.175451133,1.661218895,101.3819268,-19.52484677,54.66349604,46.61371855,10.73317745,9.152603638
1.715699767,19.86675833,-5.18245,1.660804388,101.1803327,-19.55125061,54.73754716,46.33807334,10.74771738,9.098480701
1.714738967,19.82188233,-5.175596233,1.660518747,100.9517817,-19.52539417,54.66503127,46.18203818,10.73347889,9.067843197
1.713671233,19.78499867,-5.205182367,1.660005928,100.7639351,-19.63701048,54.97806568,45.68115723,10.7949432,8.969495222
1.7127564,19.73191933,-5.179702933,1.659889674,100.493605,-19.54088706,54.70848197,45.68041075,10.74201044,8.96934865
1.711729767,19.68734433,-5.1986076,1.659533671,100.2665869,-19.61220659,54.90850174,45.25337291,10.78128432,8.88549977
1.7107651,19.63312033,-5.1604853,1.659384805,99.99042696,-19.46838684,54.50515089,45.38056384,10.70208638,8.910473709
1.709701967,19.60686567,-5.212911767,1.658716673,99.85671335,-19.66617032,55.05984617,44.69215495,10.81100079,8.775304624
1.708725567,19.55818367,-5.203200533,1.658472693,99.60877854,-19.62953383,54.95709701,44.5469693,10.790826,8.746797422
1.707723467,19.50326733,-5.173835433,1.65829681,99.32909261,-19.5187514,54.64640122,44.57797915,10.72982088,8.752886206
1.706734933,19.453831,-5.152708367,1.658052046,99.07731602,-19.43904767,54.42286748,44.5497363,10.68593003,8.747340722
1.705736,19.41973867,-5.188340533,1.657566032,98.9036856,-19.57347317,54.79987161,43.99910174,10.75995479,8.639223627
1.704677733,19.36771433,-5.175553333,1.657290471,98.63872846,-19.52523233,54.66457736,43.86943886,10.73338977,8.61376432
1.7037304,19.31037667,-5.124342633,1.657205783,98.34671081,-19.33203544,54.12274544,44.11925313,10.62700107,8.662815352
1.7026988,19.28336733,-5.183884333,1.656580538,98.20915372,-19.55666176,54.75272304,43.35171844,10.75069717,8.512109917
1.701742067,19.244209,-5.183395067,1.656212942,98.00972243,-19.55481596,54.74754638,43.15746381,10.74968073,8.47396802
1.7007116,19.18534733,-5.148853633,1.656068049,97.70994313,-19.42450535,54.38208269,43.2231482,10.67792194,8.486865149
1.699702867,19.13902733,-5.156425,1.6557562,97.47403786,-19.453069,54.46219111,42.90713451,10.69365122,8.424815861
1.698711667,19.09971867,-5.1719346,1.655356399,97.27384093,-19.51158034,54.62628956,42.54283913,10.72587196,8.353286464
1.697744533,19.054089,-5.162115267,1.655075764,97.04145149,-19.47453603,54.52239666,42.4143426,10.70547258,8.328056169
1.696682333,19.00043167,-5.138200267,1.654820839,96.76817757,-19.38431458,54.26936535,42.39409999,10.65578989,8.324081533
1.695718433,18.95232467,-5.136650267,1.654580709,96.52317121,-19.37846707,54.25296566,42.16549331,10.65256981,8.279194612
1.694716233,18.904366,-5.128385867,1.654300047,96.2789203,-19.34728889,54.16552464,42.00868342,10.63540076,8.248404989
1.693784333,18.86096533,-5.131944667,1.65402111,96.05788303,-19.36071478,54.20317832,41.74999247,10.64279406,8.197611022
1.6927393,18.81387967,-5.1294457,1.65368448,95.81807826,-19.35128721,54.17673815,41.53662788,10.63760254,8.155716884
1.6917103,18.77274433,-5.128685633,1.653274362,95.60857822,-19.34841979,54.1686963,41.33516968,10.63602352,8.116160566
1.6907054,18.738364,-5.1506214,1.652786714,95.43348103,-19.43117441,54.40078645,40.92798234,10.68159442,8.036209333
1.6896636,18.682873,-5.1273729,1.652579776,95.15086835,-19.34346739,54.154807,40.89134911,10.63329636,8.029016397
1.688742333,18.63150533,-5.114732567,1.652431336,94.88925558,-19.29578061,54.02106667,40.76347668,10.60703644,8.003908645
1.6877182,18.586788,-5.1223364,1.652079975,94.66151261,-19.32446674,54.1015186,40.45528177,10.62283318,7.943394576
1.686726533,18.55433233,-5.1421102,1.651576603,94.49621764,-19.39906515,54.31073418,40.08077123,10.66391266,7.86985943
1.685706033,18.49511933,-5.100108467,1.651446963,94.19464901,-19.2406099,53.8663372,40.22359957,10.57665531,7.897903776
1.684712533,18.46411067,-5.140819233,1.650919988,94.03672354,-19.39419487,54.29707518,39.63493613,10.66123071,7.782319708
1.683696867,18.42003867,-5.133706067,1.650567385,93.81226721,-19.36735982,54.22181472,39.48574026,10.64645332,7.753025099
1.682700633,18.3662,-5.109014667,1.650381154,93.53806977,-19.27420933,53.96056875,39.47278879,10.59515767,7.750482078
1.6816805,18.32538933,-5.126975067,1.649975017,93.33022324,-19.34196652,54.15059775,39.07491325,10.63246987,7.672359217
1.6807058,18.281237,-5.1079213,1.649664589,93.10535778,-19.27008451,53.94900044,39.0516451,10.59288624,7.667790515
1.679712967,18.22951033,-5.099380333,1.649449984,92.84191665,-19.23786295,53.85863323,38.87857118,10.57514263,7.633807451
1.678739567,18.19425767,-5.130693433,1.64900696,92.66237671,-19.35599439,54.18993972,38.36772475,10.64019466,7.533502755
1.6776877,18.140302,-5.096385967,1.648766856,92.3875834,-19.22656644,53.8269515,38.45591966,10.56892193,7.550819825
1.676725067,18.09547533,-5.092282933,1.64847864,92.15928359,-19.21108739,53.78353959,38.27103177,10.560398,7.514517088
1.675752933,18.049157,-5.087559867,1.648203366,91.92338681,-19.1932692,53.73356745,38.08510713,10.55058597,7.478010784
1.674738333,18.00722167,-5.0991281,1.647819683,91.70981241,-19.23691138,53.85596449,37.74913569,10.57461863,7.412042792
1.673744833,17.959676,-5.0814503,1.647541508,91.46766488,-19.17022032,53.66892552,37.69402713,10.53789353,7.401222227
1.672723667,17.904425,-5.061602767,1.647351593,91.18627451,-19.09534375,53.45892981,37.62263246,10.49666087,7.387203884
1.6717287,17.87188533,-5.078261233,1.646846185,91.02055174,-19.15818928,53.63518378,37.28065572,10.53126834,7.320056751
1.670739033,17.82774233,-5.096995033,1.64652065,90.79573381,-19.2288642,53.8333957,36.85762588,10.57018724,7.236994841
1.669724033,17.77316167,-5.068109033,1.646326816,90.51775741,-19.11988921,53.527769,36.88527617,10.51017744,7.242423976
1.668721367,17.73995333,-5.097323867,1.645823769,90.34862915,-19.23010475,53.8368749,36.40704201,10.57087039,7.148522699
1.667727967,17.686254,-5.059861333,1.645638275,90.07514133,-19.08877403,53.44050467,36.52992442,10.49304309,7.17265066
1.6667738,17.631753,-5.0436942,1.645504076,89.79757066,-19.0277821,53.26944923,36.4234092,10.45945636,7.151736396
1.665740567,17.593369,-5.0650053,1.64504833,89.60208302,-19.1081801,53.49493012,36.00244066,10.50372953,7.069079223
1.664749467,17.54177167,-5.044011433,1.644833512,89.33930057,-19.02897889,53.2728057,35.96178263,10.4601154,7.06109602
1.663700233,17.51080767,-5.062893567,1.644250132,89.18160258,-19.1002134,53.47258705,35.6043033,10.49934247,6.990904952
1.662748233,17.460309,-5.037858167,1.644057884,88.92441558,-19.00576514,53.20770141,35.61200194,10.44733217,6.992416581
1.661744333,17.41482433,-5.040421833,1.643738301,88.69276462,-19.0154368,53.23482614,35.35322625,10.45265811,6.941605973
1.660755533,17.36739233,-5.0380074,1.643463116,88.45119599,-19.00632814,53.20928036,35.13720339,10.4476422,6.899189886
1.659722567,17.32640567,-5.043982833,1.643046793,88.2424531,-19.02887099,53.2725031,34.86523777,10.46005598,6.845789436
1.6587022,17.269304,-5.009583467,1.642885521,87.95163738,-18.89909634,52.90854254,34.93838261,10.38859233,6.860151425
1.657732833,17.230254,-5.028527767,1.642503662,87.75275783,-18.97056539,53.10898164,34.53906396,10.42794854,6.781745208
1.656710833,17.195229,-5.040757833,1.642008613,87.57437739,-19.01670439,53.23838117,34.23128398,10.45335614,6.72131261
1.655725933,17.144792,-5.022342533,1.641782538,87.31750446,-18.94723105,53.04353912,34.1692531,10.41509891,6.709132846
1.654712333,17.10116333,-5.016301167,1.641425331,87.095306,-18.92443946,52.97961878,34.01097498,10.40254815,6.678054938
1.653803833,17.038586,-4.9654616,1.641458307,86.776603,-18.7326427,52.44171361,34.23017716,10.29693047,6.721095285
1.652736233,17.00650467,-5.021989533,1.640873371,86.6132145,-18.94589932,53.03980423,33.46869803,10.41436556,6.571578859
1.6518025,16.96088167,-5.010150567,1.640626035,86.38085901,-18.90123577,52.91454271,33.36160407,10.38977046,6.550550959
1.650694933,16.91923133,-5.011336967,1.640145098,86.1687361,-18.90571157,52.92709534,33.13692852,10.39223517,6.506435915
1.649785367,16.869912,-4.997271033,1.639977541,85.91755539,-18.8526466,52.77827153,33.03457162,10.36301361,6.486338138
1.648721567,16.82275,-4.9830319,1.639623293,85.67736185,-18.79892821,52.62761518,32.94503444,10.33343224,6.468757512
1.647755767,16.775894,-4.9800148,1.639362441,85.43872676,-18.78754593,52.59569292,32.7383216,10.32716431,6.428169447
1.646719167,16.74096,-4.998919333,1.638851423,85.26080978,-18.85886495,52.79571127,32.36038627,10.36643791,6.353961844
1.645762233,16.69464233,-4.9768338,1.638591339,85.02491639,-18.77554533,52.56203653,32.35816762,10.32055587,6.353526213
1.6447416,16.64166167,-4.9616418,1.6383678,84.7550887,-18.71823217,52.40129843,32.24907803,10.28899495,6.332106472
1.643739633,16.59823933,-4.965383867,1.638019123,84.53394109,-18.73234944,52.44089116,31.9883377,10.29676898,6.280910107
1.642692233,16.55448033,-4.963996433,1.637630077,84.31107886,-18.72711523,52.4262115,31.78015512,10.29388663,6.240033458
1.641725333,16.511778,-4.968304467,1.637305633,84.09359817,-18.74336766,52.4717924,31.51709353,10.30283644,6.188381314
1.640744733,16.45601967,-4.9358956,1.637163917,83.80962397,-18.62110235,52.12889221,31.57601952,10.23550799,6.199951433
1.639723,16.41573233,-4.946423533,1.636748307,83.60444275,-18.66081991,52.24028242,31.25944809,10.25737945,6.137792633
1.638750167,16.37077633,-4.937134267,1.636451837,83.37548425,-18.62577533,52.14199786,31.12877416,10.23808128,6.112134807
1.637663667,16.31585167,-4.9117362,1.636191678,83.09575588,-18.52995888,51.87327504,31.1177686,10.18531755,6.109973865
1.636700667,16.27325233,-4.920220667,1.635869585,82.87879976,-18.56196728,51.96304446,30.81104306,10.20294378,6.049748305
1.635659933,16.227959,-4.922469733,1.63551029,82.64812325,-18.57045208,51.98684059,30.55657043,10.20761615,5.999782603
1.634675767,16.19231667,-4.9393183,1.635062362,82.46659876,-18.63401479,52.1651059,30.19678063,10.24261854,5.929137876
1.633656633,16.14226533,-4.917043533,1.634796251,82.21169001,-18.54998126,51.92942898,30.17754879,10.19634338,5.925361705
1.632598667,16.09361967,-4.901811733,1.634470159,81.96394024,-18.49251795,51.76826978,30.09095823,10.16469977,5.908359648
1.631693567,16.05083233,-4.897303733,1.634208794,81.74602665,-18.47551112,51.72057314,29.92074128,10.15533454,5.87493755
1.630633,16.00652133,-4.898934533,1.633814887,81.52035311,-18.48166346,51.73782773,29.67781315,10.15872247,5.827238611
1.629638767,15.95851967,-4.887810233,1.633542838,81.2758832,-18.43969606,51.6201277,29.55104327,10.13561207,5.802347345
1.628661267,15.91639367,-4.891972567,1.633199124,81.06133775,-18.45539883,51.66416703,29.29245848,10.1442592,5.751574222
1.627668567,15.87056233,-4.891520833,1.632895956,80.82792123,-18.45369462,51.65938749,29.0638215,10.14332073,5.706681351
1.626702833,15.82315033,-4.8620572,1.632643537,80.58645446,-18.34254046,51.34764918,29.13409304,10.08211092,5.720479169
1.6256316,15.77993533,-4.881019767,1.632222473,80.36636279,-18.41407842,51.54828155,28.713369,10.12150508,5.637870004
1.624668567,15.73436767,-4.8753214,1.631945005,80.13428911,-18.39258083,51.4879903,28.54158657,10.1096669,5.604140524
1.6236381,15.685298,-4.857609733,1.631652792,79.88437993,-18.325762,51.30059301,28.47907469,10.07287144,5.591866315
1.622671533,15.643141,-4.855822733,1.631320477,79.6696766,-18.31902038,51.28168576,28.28327861,10.069159,5.553421754
1.621687767,15.59901633,-4.856117533,1.631000566,79.44495204,-18.32013254,51.28480487,28.05543493,10.06977144,5.508684649
1.620672367,15.55283567,-4.8370937,1.630679954,79.20975639,-18.24836345,51.08352427,28.02151988,10.03024999,5.502025428
1.619632367,15.51045333,-4.845432733,1.630277596,78.99390544,-18.27982319,51.17175495,27.71743826,10.04757408,5.442319002
1.6186552,15.46231433,-4.834727767,1.630024681,78.7487361,-18.23943776,51.05849165,27.58553222,10.02533484,5.41641925
1.617639467,15.41258433,-4.819005,1.629757135,78.49546388,-18.18012223,50.8921378,27.49861384,9.992671257,5.399352828
1.616703333,15.36560933,-4.807524667,1.629527741,78.25622273,-18.13681166,50.77067078,27.38083971,9.968821208,5.376227878
1.615630133,15.32311767,-4.8078866,1.629093828,78.03981496,-18.13817709,50.7745002,27.16060252,9.969573114,5.332984305
1.614688333,15.2798,-4.806955033,1.628803742,77.81920041,-18.13466267,50.76464381,26.94984436,9.967637812,5.291601941
1.6136306,15.23056733,-4.785439967,1.628486714,77.56846108,-18.05349518,50.53700486,26.92674399,9.922940904,5.287066182
1.612681033,15.18659267,-4.7941286,1.628198747,77.34450047,-18.08627381,50.62893445,26.61085378,9.94099128,5.225041139
1.611662467,15.13575867,-4.771183333,1.627944978,77.08560564,-17.99971077,50.38616335,26.59473005,9.893323174,5.221875245
1.610631033,15.094353,-4.782744867,1.627536492,76.8747288,-18.04332767,50.5084895,26.26152706,9.917341914,5.156450839
1.609647133,15.05206333,-4.773819433,1.62718884,76.6593498,-18.00965569,50.41405446,26.14058311,9.898799593,5.132703493
1.608650567,15.00663633,-4.763441567,1.626875723,76.42799253,-17.97050427,50.30425202,26.01902827,9.877239885,5.108836201
1.6077055,14.958091,-4.743361767,1.626661021,76.18075376,-17.89475145,50.09179883,25.98424269,9.8355247,5.102006052
1.606654467,14.913504,-4.749442733,1.626280799,75.95367456,-17.91769243,50.15613816,25.69282417,9.848157727,5.044786025
1.605637367,14.86535,-4.733503333,1.625988176,75.70842883,-17.85755964,49.98749223,25.61622436,9.8150441,5.029745653
1.604633733,14.82687967,-4.7424135,1.625563329,75.51250149,-17.89117403,50.08176575,25.3260235,9.833554705,4.972764714
1.603674767,14.78499767,-4.748526233,1.625234477,75.29919871,-17.91423486,50.14644118,25.04804529,9.846253726,4.918183693
1.6026157,14.73785333,-4.722332967,1.624884697,75.05909515,-17.81541844,49.8693048,25.08507812,9.791837997,4.925455089
1.601722133,14.69270267,-4.724503233,1.624670422,74.82914523,-17.82360597,49.89226718,24.83216582,9.796346661,4.875795758
1.6006272,14.64681467,-4.716805433,1.624265873,74.59544012,-17.79456533,49.81082104,24.67990684,9.780354711,4.845899708
1.5996776,14.60099767,-4.703472767,1.62400559,74.3620966,-17.74426667,49.66975551,24.58762885,9.752656495,4.827780924
1.5986302,14.55852767,-4.696849833,1.623597151,74.14579917,-17.71928107,49.59968194,24.44140499,9.738897549,4.79906987
1.597698167,14.51056233,-4.705085133,1.623386756,73.9015143,-17.75034947,49.68681507,24.109987,9.756006138,4.733995947
1.596622167,14.46853033,-4.692348467,1.622943128,73.68744759,-17.70229927,49.55205548,24.03067987,9.729546094,4.718423992
1.595679833,14.419167,-4.674002333,1.622743466,73.43604278,-17.63308686,49.35794525,23.97338529,9.69143255,4.707174202
1.594658367,14.37766633,-4.6894587,1.622346377,73.22468212,-17.69139737,49.52148047,23.59848941,9.72354269,4.633563396
1.5936835,14.332805,-4.666900933,1.622046449,72.99620576,-17.6062962,49.28280929,23.60868423,9.676679604,4.635565148
1.592619767,14.28392167,-4.646767167,1.621718165,72.74724556,-17.53033978,49.0697851,23.57274822,9.634852305,4.628509114
1.591658867,14.244625,-4.6588443,1.621348484,72.54710975,-17.57590184,49.19756653,23.24483098,9.659942189,4.564122563
1.5906173,14.19082933,-4.6244545,1.621116273,72.27313131,-17.44616328,48.83370719,23.33471189,9.588498407,4.581770679
1.589684567,14.14818233,-4.6351773,1.620825163,72.05593243,-17.48661599,48.94715917,23.00406102,9.610774704,4.516847382
1.588655767,14.11450567,-4.648293833,1.620303029,71.88441898,-17.53609927,49.08593792,22.69376883,9.63802391,4.455921509
1.587654533,14.070482,-4.641828667,1.619964132,71.66020881,-17.51170886,49.01753358,22.53796299,9.624592719,4.425329033
1.5866377,14.03024433,-4.651722933,1.619552674,71.45528054,-17.54903585,49.12221931,22.22834898,9.645147762,4.364536323
1.585663467,13.98002133,-4.6227951,1.619334046,71.1994975,-17.43990304,48.81615,22.27863526,9.585051053,4.374410033
1.584673967,13.934487,-4.611744233,1.61902961,70.96759358,-17.39821267,48.69922693,22.16365442,9.562093208,4.351833544
1.5836843,13.900962,-4.646207333,1.618544327,70.79685256,-17.52822776,49.06386182,21.6282785,9.633689268,4.246712484
1.5826189,13.84028933,-4.591622533,1.618391747,70.48784993,-17.32230178,48.48633042,21.89680727,9.520290977,4.299438108
1.581727367,13.79683133,-4.585638033,1.618154039,70.26652067,-17.29972473,48.42301175,21.73879668,9.507858357,4.268412728
1.580656467,13.75567933,-4.600715,1.617702271,70.05693574,-17.35660392,48.58253275,21.36969076,9.539180305,4.195938781
1.579648967,13.71005733,-4.601911267,1.617381154,69.82458535,-17.36111694,48.59518978,21.12468333,9.541665513,4.147831572
1.5787048,13.664783,-4.587758533,1.61711814,69.5940056,-17.3077245,48.44544758,21.04384578,9.512263633,4.13195912
1.577705767,13.62674367,-4.586664033,1.616691408,69.40027332,-17.3035954,48.43386729,20.8616938,9.509989842,4.096193577
1.576694333,13.57431667,-4.5578623,1.616468739,69.13326543,-17.19493832,48.12913217,20.89942102,9.450155101,4.103601318
1.575654233,13.52330367,-4.532855533,1.61619613,68.87345896,-17.10059808,47.86454948,20.90419724,9.398204291,4.104539128
1.5747149,13.49172367,-4.5608303,1.615731917,68.71262372,-17.20613536,48.16053493,20.44737655,9.456321033,4.014842386
1.573688767,13.44405067,-4.546300067,1.615423024,68.46982769,-17.15131877,48.00679861,20.35831684,9.426134907,3.997355512
1.5726454,13.39868767,-4.522002533,1.615062144,68.23879637,-17.05965418,47.74971993,20.3843642,9.375657508,4.002469911
1.5716534,13.345666,-4.505633067,1.614867855,67.96875987,-16.99789892,47.57652371,20.28752392,9.34165043,3.983455322
1.570690033,13.30442033,-4.516325667,1.614525029,67.7586979,-17.0382377,47.68965616,19.96432951,9.363863987,3.919996099
1.569678267,13.26511233,-4.517458467,1.614104652,67.55850437,-17.04251129,47.70164169,19.75215045,9.366217345,3.878334741
1.5687327,13.218013,-4.50048,1.613867694,67.31863,-16.97845852,47.52200198,19.69191579,9.330945088,3.866507664
1.567642567,13.16548233,-4.4734764,1.613567885,67.05109413,-16.87658505,47.23629191,19.71008999,9.274845916,3.87007617
1.566757567,13.12792133,-4.490922433,1.61324799,66.85979798,-16.94240176,47.42087868,19.33420706,9.311089529,3.796271557
1.565668033,13.08102967,-4.471429033,1.612863942,66.62098124,-16.86886118,47.21462986,19.30163915,9.270592573,3.789876846
1.564774667,13.03162933,-4.458468933,1.612713803,66.369388,-16.81996806,47.07750625,19.18716951,9.243668352,3.767400733
1.563627733,12.996509,-4.472181967,1.612095255,66.19052203,-16.87170169,47.22259623,18.86321356,9.272156769,3.703791983
1.562709333,12.94591933,-4.4485062,1.611937977,65.93287157,-16.78238277,46.97209611,18.85606323,9.222971071,3.702388014
1.561703067,12.89917967,-4.4314291,1.611634909,65.69482896,-16.7179579,46.79141282,18.79870391,9.187493906,3.691125513
1.560717533,12.85665933,-4.431322733,1.611289094,65.47827519,-16.71755662,46.79028741,18.58327554,9.187272933,3.648826153
1.559688167,12.815471,-4.4274805,1.610879405,65.26850522,-16.70306146,46.74963488,18.41415811,9.179290808,3.615619944
1.558654733,12.763609,-4.403101433,1.610626236,65.00437484,-16.61108927,46.49169353,18.40796907,9.128644025,3.614404727
1.5576605,12.71689033,-4.395037333,1.610334885,64.76643918,-16.58066674,46.40637178,18.25535517,9.111891099,3.584438987
1.556692433,12.678167,-4.401938767,1.609949411,64.56922333,-16.60670301,46.479392,17.98511908,9.12622862,3.531378132
1.555691367,12.62656033,-4.374428433,1.609724766,64.30639335,-16.50291785,46.18832047,18.01336064,9.069076725,3.536923361
1.554689033,12.59197433,-4.393177833,1.609242779,64.13024871,-16.57365161,46.38669744,17.63883903,9.108028043,3.463386043
1.553708267,12.54015,-4.3684443,1.60904171,63.86631016,-16.48034217,46.12500569,17.63659224,9.056644867,3.462944886
1.552686333,12.49427433,-4.358990033,1.608709976,63.63266786,-16.44467512,46.02497535,17.50298027,9.03700391,3.436710176
1.5517322,12.454357,-4.3624517,1.608356399,63.42937102,-16.45773456,46.06160132,17.26305747,9.044195419,3.389601333
1.550667333,12.40556,-4.326700667,1.608025683,63.18085052,-16.32286063,45.68333952,17.39279876,8.969923716,3.415076037
1.549721033,12.360634,-4.333100467,1.607755295,62.95204482,-16.34700444,45.75105225,17.09628033,8.983219109,3.356854643
1.548672067,12.317164,-4.31557,1.607360334,62.73065444,-16.2808692,45.56557213,17.06037007,8.946800088,3.349803664
1.5477416,12.27528467,-4.317171267,1.607059942,62.51736525,-16.28691012,45.58251424,16.83013877,8.950126672,3.304597747
1.5466712,12.22931533,-4.304151667,1.606681151,62.2832459,-16.23779253,45.4447611,16.73377257,8.923078842,3.285676244
1.5456644,12.18746233,-4.3011834,1.606304029,62.07009082,-16.22659448,45.41335552,16.55202307,8.916912357,3.249989729
1.544679867,12.13547067,-4.269971833,1.60610171,61.80530006,-16.10884609,45.0831233,16.61746452,8.85207126,3.262839159
1.543685633,12.090686,-4.268719833,1.605781262,61.57721416,-16.10412281,45.06987658,16.40262534,8.849470267,3.220655485
1.5426382,12.04794333,-4.266651133,1.605376893,61.35952805,-16.09631846,45.04798882,16.206827,8.845172604,3.182210481
1.5416869,12.00703333,-4.257780867,1.605041084,61.15117562,-16.06285459,44.95413746,16.09232592,8.826744891,3.159728195
1.540664467,11.956866,-4.223108533,1.604773418,60.89567609,-15.93205015,44.58728879,16.20367506,8.754714154,3.181591598
1.5397308,11.91631067,-4.227383533,1.604449906,60.68912996,-15.94817797,44.63252019,15.95189753,8.763595339,3.13215508
1.538707033,11.86855767,-4.218487333,1.604144583,60.44592649,-15.91461626,44.53839444,15.80281981,8.745113749,3.10288367
1.537712167,11.828409,-4.231643933,1.603753753,60.24145149,-15.9642507,44.67759711,15.45914214,8.772446193,3.03540256
1.536707133,11.79125233,-4.2379888,1.603307742,60.05221458,-15.98818727,44.74472861,15.20277373,8.785627463,2.985064622
1.535710867,11.73967633,-4.198448833,1.603087436,59.78954079,-15.83901925,44.32637822,15.35845033,8.703484364,3.015631721
1.5347104,11.69198267,-4.186320633,1.602804521,59.5466395,-15.79326455,44.19805649,15.24387078,8.678288391,2.993134028
1.533708533,11.65180367,-4.195865533,1.602407147,59.34201002,-15.82927353,44.29904576,14.93825202,8.698117636,2.933125783
1.5326405,11.60065733,-4.162409867,1.60210861,59.08152449,-15.70305907,43.94506997,15.03174229,8.628614488,2.951482598
1.531698367,11.56063467,-4.165602833,1.601768618,58.8776912,-15.71510482,43.97885297,14.79412599,8.635247781,2.904826638
1.5306643,11.52065133,-4.1635391,1.601336101,58.67405823,-15.7073192,43.95701776,14.61232824,8.630960436,2.869130649
1.529658267,11.479562,-4.160566233,1.600948256,58.46479246,-15.6961038,43.92556351,14.43451672,8.624784395,2.834217358
1.528642267,11.42760633,-4.129883633,1.600713929,58.20018504,-15.58035098,43.60092799,14.49454482,8.56104221,2.846003876
1.5276733,11.38379333,-4.12513,1.600404129,57.97704779,-15.56241747,43.55063244,14.32170312,8.551166679,2.812066407
1.526715533,11.34064567,-4.1175672,1.600095519,57.75729904,-15.53388614,43.47061466,14.18197215,8.535455188,2.784630231
1.525687767,11.29674967,-4.1051984,1.599728168,57.53373907,-15.48722375,43.33974726,14.08927957,8.509759375,2.766430044
1.5246863,11.25343033,-4.100419767,1.599378441,57.31311603,-15.46919594,43.2891872,13.91921659,8.499831907,2.733038178
1.523705933,11.20415567,-4.078246867,1.599139411,57.0621628,-15.38554671,43.05458808,13.90286248,8.45376837,2.729827049
1.522724667,11.16043133,-4.0726754,1.598815977,56.83947712,-15.36452786,42.99563949,13.73912539,8.442193815,2.697677271
1.5216584,11.112836,-4.0613501,1.598465782,56.59707665,-15.32180217,42.8758128,13.61655162,8.418665842,2.67360991
1.5207015,11.07313133,-4.0576086,1.598106239,56.39486291,-15.30768703,42.83622607,13.45392461,8.410892988,2.641678098
1.519667033,11.02913033,-4.048679933,1.597733767,56.17076819,-15.27400284,42.74175681,13.32429914,8.39234395,2.616226136
1.518671533,10.98735267,-4.046810967,1.597366812,55.95799677,-15.266952,42.72198231,13.13130222,8.388461227,2.578331192
1.517654767,10.94216733,-4.018441033,1.597029859,55.7278703,-15.15992392,42.42181583,13.20134223,8.329523539,2.592083547
1.516678,10.892451,-3.996113467,1.596801075,55.47466769,-15.0756912,42.18558027,13.18437518,8.283138686,2.588752066
1.515634733,10.840662,-3.9805731,1.596536974,55.21090909,-15.01706379,42.0211563,13.08504056,8.250854039,2.569247714
1.514710667,10.80525767,-3.992831867,1.596145565,55.03059672,-15.06331108,42.15085949,12.775025,8.27632126,2.508376159
1.513679433,10.76052033,-3.979010967,1.595787405,54.80275189,-15.01117051,42.00462823,12.69341142,8.247608753,2.492351332
1.512686067,10.721845,-3.9852392,1.595375909,54.60578049,-15.03466707,42.0705257,12.43054255,8.260547722,2.44073703
1.511699033,10.67360533,-3.9456219,1.595114641,54.36009846,-14.8852073,41.65135709,12.60402913,8.178243965,2.474801121
1.510665967,10.63122633,-3.949382767,1.594719166,54.14426449,-14.89939551,41.69114873,12.34840353,8.186057053,2.424609032
1.5096878,10.58464333,-3.927142933,1.594441841,53.90701978,-14.81549377,41.45584143,12.34646611,8.139854464,2.424228622
1.508723733,10.54339933,-3.928975967,1.59409829,53.6969663,-14.82240905,41.47523573,12.11701833,8.143662536,2.37917655
1.5076932,10.49515467,-3.907757533,1.593793598,53.45125881,-14.74236063,41.25073529,12.09581128,8.099581875,2.375012544
1.506671133,10.45092033,-3.900678633,1.593437037,53.22597572,-14.71565486,41.17583739,11.9454261,8.084875672,2.345484414
1.505678133,10.41095393,-3.8969072,1.593045331,53.022429,-14.70142679,41.13593395,11.78178281,8.077040632,2.313353054
1.504718067,10.3710987,-3.895729767,1.592684887,52.81944843,-14.69698482,41.12347619,11.59126001,8.074594549,2.275943903
1.503677967,10.32014793,-3.868582733,1.592411341,52.55995892,-14.59457024,40.83624853,11.61899815,8.018197398,2.281390287
1.502696533,10.28150193,-3.877476833,1.592011337,52.36313692,-14.62812402,40.93035205,11.32807263,8.036674625,2.22426706
1.501709833,10.23213893,-3.844392133,1.591767303,52.11173381,-14.50330906,40.58030125,11.42672033,7.96794215,2.243636536
1.5006712,10.19055977,-3.841721133,1.591354228,51.89997335,-14.49323248,40.55204088,11.24322023,7.962393227,2.207606292
1.499693467,10.14598887,-3.823636367,1.591047064,51.67297615,-14.4250061,40.36069603,11.20756789,7.924822665,2.200605954
1.498665967,10.10231197,-3.813273,1.590676683,51.45053204,-14.38590938,40.25104701,11.0947728,7.90329308,2.178458639
1.497642833,10.059597,-3.808319233,1.590296196,51.23298701,-14.36722086,40.19863396,10.92964082,7.893001778,2.146034974
1.4966588,10.0118162,-3.773539167,1.590031025,50.98964197,-14.23600998,39.83064542,11.05428431,7.820747229,2.170508724
1.495688967,9.9688459,-3.775433667,1.58970768,50.77079654,-14.24315715,39.85069007,10.81539423,7.824682996,2.123602657
1.494704733,9.927592433,-3.770649733,1.589344105,50.56069485,-14.22510934,39.80007394,10.65590868,7.814744517,2.092287668
1.493709633,9.8818499,-3.753101433,1.589037202,50.32773058,-14.15890683,39.61440514,10.60861321,7.778288448,2.083001204
1.492700667,9.837117533,-3.7390685,1.588701233,50.09991104,-14.10596635,39.46593047,10.52926833,7.749135449,2.067421837
1.491696967,9.787288633,-3.7188247,1.588447209,49.84613513,-14.02959482,39.25174209,10.48968081,7.707079559,2.059648827
1.490662267,9.7472601,-3.717295333,1.588014738,49.64227196,-14.02382515,39.23556071,10.30199902,7.703902346,2.022797507
1.489694067,9.709288,-3.7232177,1.587617829,49.4488821,-14.0461678,39.29822198,10.04594788,7.716205885,1.972521867
1.488673767,9.657185933,-3.6980664,1.587381404,49.18352907,-13.9512823,39.03211006,10.04670677,7.663954811,1.972670874
1.4876881,9.619956167,-3.688578367,1.586955859,48.99391987,-13.91548786,38.93172246,9.957485172,7.644243705,1.955152214
1.4866848,9.5741229,-3.664853633,1.586642121,48.76049351,-13.82598421,38.68070426,9.975077013,7.594956281,1.958606371
1.4856692,9.5287959,-3.651491933,1.586308466,48.52964553,-13.77557601,38.53933154,9.885601752,7.567197748,1.941037904
1.484701467,9.4848958,-3.642081367,1.586001209,48.30606468,-13.74007382,38.43976357,9.761588872,7.547647577,1.916687975
1.483686267,9.4445588,-3.637605667,1.58559288,48.10063051,-13.72318884,38.39240868,9.60350959,7.538349444,1.885649108
1.482688233,9.3968029,-3.616971633,1.585313334,47.85741227,-13.64534513,38.17409145,9.578608585,7.495482857,1.880759796
1.4816952,9.356039967,-3.608917633,1.584933579,47.64980884,-13.6149607,38.08887656,9.456220049,7.478750912,1.856728807
1.4807008,9.312829667,-3.609033967,1.584589278,47.42974111,-13.61539958,38.09010742,9.234921455,7.478992591,1.813276828
1.479700667,9.2649247,-3.581416767,1.584309875,47.18576369,-13.51121125,37.79790519,9.283146263,7.421618684,1.822745769
1.478691433,9.229871767,-3.592087767,1.583828013,47.00724098,-13.55146854,37.9108091,8.991719642,7.443787367,1.765524152
1.477750233,9.176710467,-3.550302333,1.583686624,46.73649334,-13.3938293,37.46870068,9.163080422,7.356979378,1.799170841
1.476691833,9.136469533,-3.546463333,1.583233649,46.53154843,-13.37934634,37.42808235,8.998753834,7.34900397,1.766905315
1.475688267,9.098430633,-3.542933833,1.582802378,46.33781835,-13.36603099,37.39073868,8.842367436,7.34167154,1.736198846
1.474712733,9.045365633,-3.509595633,1.582625207,46.06756116,-13.24025968,37.03800573,8.92484319,7.272412425,1.75239296
1.4737166,9.005304967,-3.518674667,1.582231787,45.86353433,-13.27451114,37.13406593,8.624756167,7.291273846,1.693470873
1.472679667,8.961434967,-3.4956731,1.581854878,45.64010678,-13.18773569,36.89069915,8.644695395,7.243488778,1.697385941
1.4716747,8.914116233,-3.470674967,1.581561821,45.39911502,-13.09342803,36.62620781,8.66819497,7.191555903,1.702000082
1.470696867,8.8728482,-3.476137767,1.581204865,45.18893914,-13.11403692,36.68400666,8.400220246,7.202904707,1.649383245
1.469679367,8.833340333,-3.468323233,1.580781761,44.9877277,-13.0845559,36.60132543,8.281690034,7.186670248,1.626109838
1.468677433,8.787852633,-3.445730133,1.58046419,44.75606129,-12.99932144,36.3622804,8.289068644,7.139733757,1.627558628
1.467698567,8.747454033,-3.443853767,1.580093121,44.55031339,-12.99224268,36.34242761,8.103173537,7.135835662,1.591058124
1.466702333,8.700094867,-3.417921133,1.579809406,44.30911569,-12.89440953,36.06804885,8.136354612,7.081961391,1.597573228
1.465729467,8.657064133,-3.406055433,1.579483937,44.08996248,-12.84964513,35.94250448,8.04274577,7.057310754,1.579193132
1.4647251,8.6108211,-3.386164033,1.579175297,43.8544492,-12.77460306,35.73204464,8.017692324,7.015986965,1.574273888
1.463703067,8.5741965,-3.386911567,1.57870428,43.66792208,-12.7774232,35.73995387,7.82325597,7.017539943,1.53609631
1.462697667,8.5247809,-3.355830467,1.578442338,43.41625108,-12.660167,35.41110204,7.900436802,6.952969886,1.551250766
1.461720467,8.485633833,-3.3670683,1.578054106,43.21687718,-12.70256272,35.53000331,7.582161632,6.976316149,1.488757437
1.460732533,8.4404783,-3.337729367,1.577745537,42.98690247,-12.591879,35.21958437,7.662605859,6.915365392,1.50455266
1.4596843,8.398647633,-3.3276364,1.577326646,42.77386113,-12.55380239,35.11279631,7.556352587,6.894397555,1.48368983
1.458706167,8.3558944,-3.324281133,1.576991735,42.55612121,-12.54114435,35.0772961,7.374112877,6.887427089,1.447907063
1.457707233,8.314990333,-3.315407133,1.576608204,42.347799,-12.5076664,34.98340524,7.25968152,6.868991619,1.425438467
1.4566995,8.265978633,-3.2838331,1.576337851,42.09818504,-12.38855057,34.64933796,7.344134848,6.803397508,1.442020877
1.455660067,8.2247154,-3.275789733,1.575919223,41.88803361,-12.35820626,34.56423557,7.219085805,6.786687654,1.417467498
1.4546624,8.181913067,-3.267266633,1.575565518,41.67004363,-12.32605211,34.47405739,7.091274001,6.768981169,1.39237165
1.453657667,8.1378773,-3.249590767,1.575223303,41.44577184,-12.25936834,34.28703888,7.054020719,6.732260084,1.385056968
1.452698667,8.0952916,-3.2356457,1.574905005,41.22888515,-12.20675935,34.13949389,6.98467903,6.703289625,1.371441728
1.451705933,8.0505546,-3.220548867,1.574585339,41.00104202,-12.14980521,33.97976269,6.916567088,6.671926405,1.358067948
1.450685,8.012118967,-3.213587567,1.57414267,40.8052914,-12.12354309,33.90610905,6.794470115,6.657464512,1.334094207
1.449699433,7.9639093,-3.192953233,1.573882418,40.55976216,-12.04569824,33.68778865,6.767261275,6.614597301,1.328751751
1.448639467,7.923883767,-3.180843767,1.573424635,40.35591427,-12.00001421,33.55966512,6.691536915,6.589440246,1.313883273
1.4477338,7.881369767,-3.168408333,1.573158592,40.13939275,-11.95310044,33.42809272,6.606587799,6.563606005,1.297203514
1.446699667,7.8396762,-3.160563167,1.572751738,39.92704966,-11.92350385,33.34508737,6.477250048,6.547307905,1.271808047
1.445723367,7.7985037,-3.14742,1.572394879,39.71736033,-11.8739201,33.20602684,6.406621253,6.520003369,1.257940083
1.444698033,7.748740833,-3.112305567,1.572118227,39.46392072,-11.74144779,32.83450055,6.524707931,6.447054183,1.281126402
1.443688433,7.7052512,-3.106153567,1.571762929,39.24243035,-11.71823883,32.76940966,6.368308455,6.434273587,1.250417365
1.442693867,7.661968867,-3.091108033,1.571419545,39.02199576,-11.66147823,32.61022124,6.307062275,6.403016941,1.238391678
1.4416762,7.622704533,-3.088140933,1.57099261,38.82202462,-11.65028458,32.57882801,6.13848437,6.39685288,1.205291406
1.4406867,7.579452033,-3.075157567,1.570653844,38.60174196,-11.60130368,32.44145823,6.055571491,6.369880323,1.189011462
1.439679833,7.533870033,-3.053379867,1.570332759,38.36959528,-11.51914538,32.2110405,6.053842543,6.324637802,1.188671983
1.438706233,7.4940103,-3.042865133,1.569958848,38.1665918,-11.47947762,32.09978996,5.962089606,6.302793758,1.170656294
1.4377122,7.451779867,-3.028627867,1.569600172,37.95151447,-11.42576628,31.94915336,5.897648877,6.273216262,1.158003357
1.4366908,7.410400867,-3.023596333,1.569201319,37.74077345,-11.40678437,31.8959175,5.740143708,6.262763402,1.127077217
1.435671267,7.369559733,-3.010523767,1.56879624,37.53277175,-11.35746696,31.75760395,5.670455566,6.235605535,1.11339395
1.4347282,7.314727767,-2.9626782,1.568678121,37.25351549,-11.17696533,31.25137662,5.89742663,6.1362078,1.157959719
1.433705333,7.2765859,-2.972102833,1.568229098,37.05926101,-11.21252059,31.35109343,5.60345535,6.155787194,1.100238458
1.432749767,7.239929833,-2.966816167,1.567825022,36.87257364,-11.19257617,31.29515815,5.472703251,6.144804302,1.074565283
1.431713933,7.196917667,-2.950076567,1.567436307,36.65351498,-11.12942455,31.11804575,5.430756993,6.110028284,1.066329135
1.430670633,7.153023233,-2.935878033,1.567053399,36.42996299,-11.07585933,30.96781897,5.357431784,6.080531255,1.051931731
1.429714033,7.1110994,-2.917525133,1.566727543,36.21644716,-11.0066214,30.77363715,5.338097779,6.042403653,1.048135499
1.4286559,7.064507633,-2.891471167,1.566370383,35.9791578,-10.9083305,30.49797462,5.376470942,5.988277316,1.055670069
1.427699,7.022012233,-2.883305867,1.566052826,35.76273101,-10.87752619,30.41158212,5.24643665,5.971314149,1.030137836
1.4266833,6.9810758,-2.870200467,1.565653015,35.55424395,-10.82808491,30.27292117,5.176610541,5.944088073,1.01642748
1.425747367,6.9383844,-2.856969,1.565359373,35.33681895,-10.77816803,30.13292639,5.099180323,5.916600096,1.001224056
1.4246777,6.899399767,-2.854683567,1.564876231,35.1382723,-10.76954603,30.10874549,4.924814579,5.911852177,0.966987342
1.423746833,6.854440533,-2.828537433,1.564621776,34.90929734,-10.67090743,29.8321078,4.97247731,5.857534366,0.97634592
1.422724567,6.8105057,-2.808172233,1.564260508,34.6855396,-10.59407792,29.61663494,4.964192417,5.815226271,0.974719181
1.421717067,6.767257533,-2.791252933,1.563903677,34.46527901,-10.53024836,29.43762124,4.922945528,5.780076931,0.966620355
1.420721533,6.724685033,-2.773262267,1.563548647,34.24845955,-10.46237698,29.24727201,4.896475309,5.742701859,0.961422927
1.419728133,6.685102933,-2.775389567,1.56315076,34.04687004,-10.47040241,29.26977979,4.672378023,5.747121261,0.917421425
1.418702167,6.641172433,-2.7497973,1.562785727,33.82313437,-10.37385332,28.99900225,4.719419883,5.693954092,0.926658094
1.417669167,6.601225367,-2.743229767,1.562353731,33.6196861,-10.34907672,28.92951483,4.585459035,5.680310237,0.900354882
1.416686733,6.558060667,-2.719808333,1.562020711,33.39985061,-10.26071729,28.68170568,4.613432694,5.63165291,0.905847509
1.415679233,6.514233467,-2.706044433,1.561672591,33.17664103,-10.20879177,28.53607751,4.535851288,5.603058819,0.8906144
1.414680467,6.473697167,-2.6990722,1.561283693,32.97019183,-10.1824884,28.46230819,4.403171412,5.588574212,0.864562707
1.413683567,6.4284169,-2.6691796,1.560968034,32.73958187,-10.06971592,28.14603121,4.488838418,5.526473229,0.881383423
1.412676733,6.3883821,-2.669457267,1.560563525,32.53568678,-10.07076345,28.14896905,4.282005496,5.527050073,0.840771779
1.411690433,6.344190633,-2.642466133,1.560242085,32.31062202,-9.96893701,27.86339088,4.342518898,5.4709768,0.852653586
1.410677133,6.306176967,-2.644156033,1.559800701,32.11702046,-9.975312307,27.88127078,4.131037444,5.474487517,0.811129202
1.409686667,6.263820333,-2.6259366,1.55944749,31.9013004,-9.906577885,27.68850109,4.108087075,5.436637189,0.806622897
1.408683367,6.2198154,-2.603811033,1.559106244,31.67718564,-9.82310723,27.45440278,4.118070626,5.390671985,0.808583167
1.4077148,6.1782271,-2.5901684,1.558763373,31.46537866,-9.77163919,27.31005766,4.050608762,5.362329822,0.79533703
1.406685633,6.134224567,-2.570952833,1.558396225,31.24127612,-9.699146766,27.10674844,4.029815445,5.322410056,0.791254263
1.405714933,6.094316167,-2.561078067,1.558025947,31.03802479,-9.661893336,27.00226903,3.931043521,5.301895524,0.771860395
1.404670633,6.053390333,-2.5469957,1.557597376,30.82959172,-9.608766364,26.85327134,3.871608138,5.272639828,0.760190258
1.4037036,6.013807767,-2.5394126,1.557225862,30.62799983,-9.580158449,26.77303878,3.750248816,5.256886164,0.736361355
1.4026759,5.968885433,-2.513984133,1.556874019,30.3992128,-9.484227311,26.50399432,3.790506245,5.204059284,0.744265901
1.401670533,5.931209567,-2.507991333,1.556435485,30.20733164,-9.461618943,26.44058784,3.662031564,5.191609421,0.719039898
1.400705467,5.886802967,-2.4843294,1.556138516,29.98117121,-9.372352209,26.19023408,3.686224889,5.142452462,0.723790257
1.399663267,5.8456667,-2.467269167,1.555715211,29.77166641,-9.307990971,26.00972924,3.657224931,5.107010337,0.718096115
1.398693833,5.805901533,-2.459693733,1.555344045,29.56914455,-9.279411979,25.9295778,3.53485452,5.091272601,0.694068685
1.3976688,5.758477067,-2.429496,1.555032513,29.32761429,-9.165488362,25.61007238,3.612829677,5.028537712,0.709379107
1.396677133,5.719478767,-2.423310933,1.554627575,29.12899805,-9.142154651,25.54463163,3.47965418,5.015688421,0.683230098
1.395686467,5.679914933,-2.4164195,1.554232146,28.92750157,-9.11615611,25.47171721,3.351072125,5.001371674,0.657983012
1.394729667,5.640127,-2.397241967,1.553873956,28.72486376,-9.04380717,25.2688104,3.351341129,4.961530922,0.658035831
1.393666067,5.596582567,-2.377453067,1.553465482,28.5030943,-8.969151796,25.05943506,3.338947012,4.920420073,0.655602246
1.392707867,5.554365333,-2.357979433,1.55314244,28.2880842,-8.895685794,24.85339537,3.329976592,4.879964182,0.653840904
1.3916737,5.5132046,-2.348257833,1.552727537,28.0784548,-8.859010199,24.75053653,3.22320603,4.859767848,0.632876504
1.390720033,5.474964933,-2.334364433,1.552349186,27.88370223,-8.806596119,24.6035382,3.175451799,4.830904725,0.623499961
1.389682,5.431990633,-2.316374967,1.551957701,27.66483643,-8.738729266,24.41320166,3.146922537,4.793532145,0.61789824
1.388678,5.388966067,-2.298105633,1.551601006,27.44571463,-8.669806592,24.21990401,3.121098383,4.755578151,0.612827668
1.387664467,5.346488333,-2.281264733,1.55122655,27.22937781,-8.606272808,24.04171981,3.082945764,4.720591685,0.605336401
1.386683767,5.308911933,-2.274323967,1.550811187,27.03800323,-8.580088153,23.96828342,2.965007569,4.70617245,0.582179236
1.385760733,5.267684933,-2.2546978,1.550508414,26.82803633,-8.506046705,23.76062987,2.962694224,4.665399675,0.581725011
1.384672567,5.226928067,-2.243222833,1.550033434,26.6204638,-8.462756379,23.63921963,2.876531931,4.641560774,0.564807045
1.383697867,5.186124967,-2.2252679,1.549672617,26.4126558,-8.395019806,23.44924847,2.858695096,4.604259937,0.561304782
1.382683333,5.1444254,-2.206150533,1.549285453,26.20028215,-8.322897851,23.24697825,2.848591665,4.564544179,0.559320973
1.381715333,5.1038389,-2.1931789,1.548928077,25.99357729,-8.273961218,23.10973261,2.779132437,4.537595998,0.545682654
1.3807032,5.061683667,-2.173979033,1.548550169,25.77888295,-8.201528024,22.9065895,2.767581207,4.497708849,0.54341457
1.379726767,5.0185946,-2.149863267,1.548222011,25.55943265,-8.110549163,22.65143399,2.803286417,4.447609064,0.550425288
1.378691333,4.981450867,-2.152095267,1.547745405,25.37026161,-8.11896958,22.67504954,2.590499829,4.452245978,0.508644641
1.377743967,4.939739567,-2.128548767,1.547425585,25.1578282,-8.030138328,22.42591713,2.627198836,4.403328828,0.515850491
1.3766554,4.9020508,-2.121222367,1.546904046,24.96588133,-8.002498837,22.34840056,2.512768535,4.38810845,0.493382102
1.3757228,4.857784933,-2.097900167,1.546637426,24.74043765,-7.914513776,22.10164134,2.534084079,4.339657277,0.497567409
1.374658367,4.815951967,-2.075700167,1.546202369,24.5273846,-7.830762314,21.86675549,2.555916877,4.29353744,0.501854279
1.373746633,4.776896933,-2.0663705,1.545878219,24.32847942,-7.795565322,21.76804348,2.455723703,4.274155337,0.482181349
1.372645567,4.7331753,-2.0581478,1.545434944,24.10580749,-7.76454446,21.68104366,2.320051588,4.257072923,0.455542129
1.371591133,4.687778433,-2.040229633,1.545063507,23.87460368,-7.696946593,21.49146151,2.278429939,4.219848467,0.447369719
1.370628967,4.644917467,-2.017030367,1.544746183,23.65631508,-7.609425309,21.24600297,2.305599873,4.171652684,0.452704535
1.369596267,4.603018933,-1.998146767,1.544343847,23.4429281,-7.538185259,21.04620611,2.292009761,4.132422569,0.450036117
1.368621233,4.565711333,-1.990385,1.543930106,23.2529225,-7.508903309,20.96408317,2.184127094,4.116297731,0.428853355
1.367591267,4.520781967,-1.9726718,1.543576102,23.02409965,-7.442078696,20.77666966,2.142717759,4.079499087,0.420722632
1.366523433,4.475571633,-1.9657543,1.543188458,22.79384585,-7.415981816,20.70347944,1.985654179,4.065128188,0.389883198
1.365546633,4.429620267,-1.926802067,1.542902996,22.55981801,-7.269031074,20.29134753,2.163758249,3.984206087,0.424853932
1.364485733,4.391395733,-1.9199001,1.542417185,22.36514252,-7.242992794,20.21832166,2.042108624,3.969867457,0.400968028
1.363506467,4.3536458,-1.916180267,1.542005866,22.17288414,-7.228959394,20.17896417,1.889207729,3.962139615,0.370945938
1.3625448,4.311154067,-1.882871633,1.541683487,21.95647602,-7.103299632,19.82654405,2.025219734,3.892941924,0.397651895
1.361480667,4.274623233,-1.878498133,1.54116896,21.77042645,-7.086800216,19.78027048,1.885443733,3.883856109,0.370206877
1.360529267,4.2350846,-1.860512,1.540812419,21.56905831,-7.018945939,19.58996921,1.874376869,3.846490454,0.368033898
1.359519767,4.1931287,-1.8483516,1.540434145,21.35537917,-6.973069755,19.46130678,1.789360152,3.821227586,0.351340866
1.358473633,4.1427006,-1.823179267,1.540146703,21.09855157,-6.878104903,19.19497233,1.798867004,3.768932816,0.353207536
1.3574381,4.103496333,-1.812000433,1.539700998,20.89888634,-6.835931766,19.07669531,1.717478797,3.745709124,0.337226962
1.356391767,4.0621427,-1.791234033,1.53927683,20.68827451,-6.757588687,18.85697758,1.72658469,3.702567549,0.339014904
1.355434467,4.026030067,-1.7825629,1.538862844,20.50435481,-6.72487607,18.76523315,1.634409426,3.684553528,0.320916291
1.3544273,3.985274633,-1.7629423,1.538468843,20.29678958,-6.650855623,18.55763849,1.634438848,3.643792318,0.320922068
1.353421767,3.948072467,-1.753671667,1.538023016,20.10732094,-6.61588134,18.45955108,1.543057626,3.624532854,0.302979365
1.352425233,3.905688767,-1.725968867,1.537664146,19.89146303,-6.511370078,18.16644316,1.620307634,3.566981115,0.318147404
1.351380933,3.8704768,-1.722923367,1.53714961,19.71213038,-6.49988066,18.13422042,1.473197721,3.56065418,0.289262373
1.3504074,3.8305835,-1.7005363,1.536776271,19.50895595,-6.415423473,17.89735532,1.506888386,3.514145718,0.295877535
1.349383167,3.7916321,-1.685339067,1.536338062,19.31057856,-6.358090567,17.73656185,1.46930447,3.48257392,0.288497933
1.348436867,3.752259633,-1.666317733,1.53598412,19.1100567,-6.286330906,17.53530771,1.470036759,3.443057668,0.288641718
1.3474353,3.7154971,-1.657918067,1.535535646,18.92282709,-6.254642421,17.44643551,1.371679353,3.425607611,0.269329241
1.346417467,3.676046033,-1.636358333,1.535111354,18.72190493,-6.173306422,17.21832396,1.398868734,3.38081791,0.274667876
1.345424433,3.6389633,-1.626004833,1.53467623,18.53304456,-6.134246928,17.10877934,1.31955299,3.359308823,0.25909423
1.344434967,3.598297333,-1.605032967,1.534298583,18.32593498,-6.055128708,16.88688768,1.334335061,3.315740396,0.261996689
1.3434101,3.5606076,-1.591251033,1.533840759,18.13398319,-6.003135147,16.74106871,1.288202244,3.287108842,0.252938511
1.342414567,3.522139867,-1.572004367,1.533423972,17.93806909,-5.930525396,16.53743044,1.295926417,3.247124467,0.254455152
1.341390433,3.4854366,-1.564735367,1.53295204,17.75114133,-5.903102451,16.46052119,1.185907898,3.232023337,0.232853016
1.340451167,3.445688567,-1.538895,1.532610782,17.54870673,-5.805617384,16.18711865,1.256875844,3.178340747,0.246787572
1.3394376,3.409055567,-1.5288036,1.532148359,17.36213683,-5.767546686,16.08034716,1.177077433,3.157376165,0.231119154
1.338455467,3.371876333,-1.5174238,1.531725587,17.17278499,-5.724615385,15.95994383,1.108128928,3.133734971,0.217581115
1.337443333,3.333751067,-1.498497833,1.531287049,16.97861506,-5.653215503,15.7596987,1.114204118,3.09441684,0.218773979
1.336416667,3.297235067,-1.487629133,1.530809765,16.79264103,-5.612212372,15.64470304,1.04322576,3.071837441,0.204837378
1.335408967,3.259233633,-1.469199467,1.530373797,16.59910177,-5.542684825,15.44970898,1.044680553,3.033550359,0.205123027
1.334445833,3.221538833,-1.4498804,1.529977782,16.40712418,-5.469801939,15.24530469,1.057107259,2.993415575,0.20756301
1.333446467,3.1847531,-1.440862133,1.529531856,16.21977642,-5.435779731,15.14988743,0.965176758,2.974680396,0.189512456
1.332451667,3.1468379,-1.421512067,1.52910749,16.02667634,-5.362779895,14.94515513,0.976808972,2.934481211,0.191796442
1.331427933,3.1099906,-1.4024064,1.528638125,15.83901502,-5.290702079,14.7430087,0.991294084,2.894789759,0.194640593
1.330406433,3.071931967,-1.388253733,1.528189217,15.64518445,-5.237309893,14.59326721,0.947205002,2.865388017,0.185983702
1.3294333,3.034640867,-1.3732137,1.527777128,15.45526288,-5.180570038,14.43413699,0.916413659,2.834142797,0.179937822
1.3284377,2.998969567,-1.360145933,1.527318203,15.27359087,-5.131270734,14.29587422,0.873004414,2.806994902,0.171414417
1.327426267,2.961987567,-1.342134333,1.526863164,15.08524353,-5.063320381,14.1053035,0.875227795,2.769576342,0.171850977
1.326389733,2.924811367,-1.3274343,1.526385946,14.89590714,-5.007863206,13.94977062,0.84142428,2.739037462,0.165213657
1.325407867,2.888681,-1.313023767,1.525947661,14.71189712,-4.953498195,13.79730079,0.809884101,2.709100009,0.159020743
1.324357233,2.853905433,-1.3009128,1.525420226,14.53478703,-4.907808503,13.66916138,0.760913409,2.683939838,0.149405348
1.323441167,2.818766833,-1.291976067,1.52503282,14.35582803,-4.874093887,13.57460678,0.676509011,2.665374041,0.132832544
1.3224345,2.780982433,-1.268566533,1.524594619,14.16339411,-4.785779354,13.32692353,0.731758341,2.616741435,0.14368075
1.321403233,2.7439545,-1.248942033,1.524120438,13.97481283,-4.711744193,13.11928761,0.750812984,2.575972123,0.147422129
1.3204224,2.709776333,-1.2430881,1.523653815,13.80074527,-4.689659713,13.0573504,0.638682629,2.563810751,0.125405334
1.319470267,2.6745642,-1.227754533,1.523231448,13.62141176,-4.631812477,12.89511446,0.621585065,2.531955725,0.122048227
1.3184398,2.637728933,-1.208734467,1.522755168,13.43381173,-4.560057595,12.69387372,0.635225775,2.492442105,0.124726581
1.317454467,2.601096833,-1.187697433,1.522320965,13.24724641,-4.480693527,12.47129257,0.671241605,2.448738297,0.131798289
1.316422567,2.5676848,-1.181009633,1.521791749,13.07708072,-4.455463211,12.40053268,0.571835805,2.434844592,0.11227996
1.315403067,2.531616267,-1.163198033,1.5213149,12.89338562,-4.388267376,12.21207805,0.576595334,2.397841525,0.113214494
1.314391533,2.495822667,-1.146329667,1.520841881,12.71109074,-4.324629972,12.03360325,0.572775256,2.362797997,0.112464422
1.3134003,2.461387867,-1.131518,1.52036872,12.53571615,-4.268751651,11.87688924,0.554114675,2.332027203,0.108800416
1.3124374,2.427407267,-1.1195391,1.519917058,12.36265478,-4.223560192,11.75014716,0.507795382,2.307141396,0.099705623
1.311390433,2.3921798,-1.1036148,1.519400088,12.18324319,-4.163484363,11.58166101,0.496869946,2.274059138,0.097560414
1.310443867,2.358331733,-1.090480147,1.518962766,12.0108568,-4.113932722,11.44269055,0.463454021,2.246772289,0.090999197
1.309416867,2.3230533,-1.07303216,1.51846653,11.83118564,-4.048108651,11.2580831,0.468390296,2.210524618,0.091968435
1.3083983,2.290123033,-1.062999947,1.517943399,11.66347356,-4.010261239,11.15193784,0.406823486,2.189682994,0.079879791
1.307392233,2.255893767,-1.04753454,1.517452312,11.48914574,-3.951916626,10.98830697,0.396126534,2.157554074,0.077779445
1.306443433,2.221644233,-1.029031153,1.517018796,11.31471471,-3.882110964,10.79253293,0.417469542,2.119113841,0.081970145
1.305437567,2.187965067,-1.0176505,1.516519632,11.14318852,-3.839176444,10.67212057,0.366355718,2.095470874,0.071933945
1.304425067,2.154376933,-1.002569133,1.516012466,10.97212597,-3.782280655,10.51255302,0.35486071,2.064139785,0.0696769
1.303440367,2.120736333,-0.986696847,1.515533889,10.8007962,-3.722401051,10.34461718,0.351466777,2.031165584,0.069010502
1.302447267,2.087591733,-0.971575363,1.515039449,10.63199253,-3.665353919,10.18462518,0.342655113,1.999751154,0.067280331
1.301383667,2.0535023,-0.955802457,1.514488725,10.45837688,-3.605849235,10.01774083,0.335923811,1.966983412,0.06595864
1.300426733,2.0213382,-0.946092897,1.5140157,10.29456684,-3.569219062,9.915009377,0.274845231,1.946812091,0.053965861
1.299407167,1.989416333,-0.935796803,1.513476398,10.13199049,-3.53037614,9.806072141,0.221206115,1.925422265,0.043433821
1.298398233,1.955834167,-0.916129363,1.512972708,9.960958323,-3.456178984,9.5979819,0.258264186,1.884563746,0.050710173
1.297405233,1.924156733,-0.904208047,1.512456295,9.799626857,-3.411204764,9.47184908,0.22306554,1.859797567,0.043798919
1.296380367,1.891819867,-0.891676803,1.511917937,9.634936932,-3.363929541,9.339262966,0.19096173,1.833764283,0.037495336
1.2954287,1.858723133,-0.872389653,1.51146421,9.466377048,-3.291167063,9.135196361,0.22646845,1.793695806,0.04446708
1.294427133,1.828040867,-0.861643973,1.510924258,9.310113912,-3.250628035,9.021502299,0.183899376,1.771371976,0.036108643
1.2934054,1.7959005,-0.84775249,1.510386077,9.146424752,-3.198221187,8.874524242,0.167188273,1.742512835,0.032827417
1.292402467,1.7641688,-0.833558123,1.509860547,8.984816909,-3.144671684,8.724341545,0.155763127,1.713024462,0.03058409
1.291466033,1.733128133,-0.822338917,1.509391121,8.826728461,-3.102346236,8.60563736,0.116378864,1.689716896,0.02285099
1.290436933,1.702364767,-0.809650027,1.508824855,8.670052288,-3.054476277,8.471383274,0.093956777,1.663356106,0.018448413
1.2894258,1.671216567,-0.79515934,1.508282347,8.511416179,-2.999808881,8.31806538,0.088638562,1.633252137,0.017404182
1.288404867,1.640273633,-0.779817023,1.50772695,8.353825482,-2.941928635,8.155736862,0.093376383,1.601378933,0.018334453
1.287426067,1.610553633,-0.77070707,1.507195287,8.202463119,-2.907560531,8.059349514,0.038401368,1.582453277,0.007540109
1.2864368,1.579369733,-0.753029367,1.506675182,8.043645191,-2.840869833,7.872311569,0.066621385,1.545728377,0.013081109
1.2854116,1.549358233,-0.739367823,1.506101505,7.890798234,-2.789330454,7.727766379,0.058319618,1.517346929,0.011451057
1.284433433,1.519886933,-0.728298623,1.505566734,7.740702487,-2.747570918,7.610649332,0.025340918,1.494350996,0.004975689
1.283385133,1.4901122,-0.714399477,1.504966395,7.58906137,-2.695135159,7.463590194,0.02075894,1.465475934,0.004076018
1.282401067,1.461269967,-0.705034097,1.50441626,7.442169425,-2.659803436,7.364500318,-0.027043129,1.446019637,-0.005309918
1.281399867,1.4316985,-0.69104125,1.503859963,7.291563535,-2.607014185,7.216449792,-0.029598494,1.416949917,-0.005811664
1.2804397,1.401998867,-0.67418923,1.503346627,7.140304898,-2.54343845,7.038147943,-0.002555282,1.381940349,-0.00050173
1.279415167,1.373955567,-0.663927893,1.502744005,6.997481878,-2.504726651,6.929578448,-0.036808807,1.360622728,-0.007227409
1.278434567,1.3453085,-0.651572623,1.5021944,6.851583906,-2.458115303,6.79885421,-0.05198254,1.334955024,-0.010206772
1.2774135,1.316649,-0.639187277,1.501604516,6.705622613,-2.411390488,6.667811747,-0.066901371,1.309224836,-0.013136084
1.2764364,1.288817633,-0.62652896,1.501046139,6.563878958,-2.36363587,6.53388114,-0.074714419,1.282927562,-0.014670176
1.275447233,1.260589667,-0.613981427,1.500481662,6.42011544,-2.316299191,6.40112267,-0.085719467,1.256860436,-0.016831017
1.274406833,1.2329135,-0.601587573,1.49985765,6.27916221,-2.269542284,6.269990203,-0.095540229,1.231112576,-0.018759324
1.273446733,1.206126033,-0.590888343,1.499300567,6.142735082,-2.229178494,6.156787602,-0.118764757,1.208885246,-0.02331946
1.272457867,1.179481133,-0.579822227,1.498712573,6.007034038,-2.187430591,6.039703178,-0.137381377,1.185895719,-0.026974833
1.2714652,1.1523586,-0.5662688,1.498127965,5.868900433,-2.136299091,5.89630191,-0.132113714,1.15773888,-0.025940528
1.2704379,1.125063667,-0.551855883,1.497511317,5.729888804,-2.081925089,5.743806857,-0.11863029,1.127796476,-0.023293057
1.269436033,1.099710067,-0.544507257,1.496890895,5.600764281,-2.054201745,5.666055126,-0.170003082,1.112529924,-0.033380105
1.268439667,1.073568333,-0.532287183,1.496287831,5.467625838,-2.008100439,5.536761329,-0.173847727,1.087143087,-0.034135001
1.267498667,1.047681043,-0.520074883,1.495736305,5.335783261,-1.962028458,5.407549776,-0.176478752,1.061772399,-0.034651603
1.266406333,1.022466997,-0.51202214,1.495023317,5.207369476,-1.931648772,5.322348179,-0.219690939,1.045043065,-0.043136316
1.2654518,0.99699897,-0.499115503,1.49445195,5.077662185,-1.882957345,5.185790236,-0.212840288,1.018229913,-0.041791191
1.264461633,0.972242383,-0.486684927,1.493834247,4.951578219,-1.836061896,5.05426922,-0.207403237,0.992405761,-0.040723626
1.263427267,0.94738622,-0.475105833,1.493173841,4.824987115,-1.792378743,4.931757275,-0.211482397,0.968350541,-0.041524569
1.262446167,0.923581027,-0.467094083,1.49255089,4.703748544,-1.762153708,4.846989405,-0.247953098,0.95170637,-0.048685591
1.261421267,0.899763567,-0.455888867,1.491884324,4.5824475,-1.719881038,4.728433241,-0.250697978,0.928427867,-0.049224548
1.2604657,0.87570999,-0.444056303,1.491290643,4.459943927,-1.675241647,4.603239471,-0.248007781,0.90384607,-0.048696328
1.2594807,0.852400523,-0.43217379,1.490656334,4.341230065,-1.630413815,4.477517208,-0.240999379,0.879160504,-0.047320228
1.258474333,0.82957534,-0.42419485,1.489993372,4.224982633,-1.600312559,4.393096483,-0.272826086,0.862584494,-0.053569402
1.2574527,0.80672308,-0.413724093,1.489315551,4.108597301,-1.560810704,4.282311231,-0.278426167,0.84083181,-0.054668978
1.2564744,0.784262757,-0.404619057,1.488675167,3.994208081,-1.526461149,4.185975904,-0.296480059,0.821916369,-0.05821386
1.255465033,0.762379247,-0.395419877,1.487995038,3.88275654,-1.491756429,4.088644498,-0.310600194,0.802805347,-0.060986348
1.254424033,0.74001841,-0.384978073,1.487290456,3.768874001,-1.452363803,3.978165585,-0.314003822,0.781112813,-0.06165465
1.253440867,0.71857683,-0.37456908,1.486629878,3.659673186,-1.413094956,3.868033818,-0.313072869,0.75948844,-0.061471858
1.2524507,0.697114587,-0.365885297,1.485962611,3.550367134,-1.380334616,3.776155537,-0.33050064,0.74144814,-0.064893801
1.2514262,0.675976893,-0.355711937,1.485256128,3.442713997,-1.341954716,3.668516874,-0.330515114,0.720313288,-0.064896643
1.250426,0.655506967,-0.347885773,1.484563898,3.33846176,-1.312429824,3.585712594,-0.35196307,0.704054668,-0.069107949
1.249488133,0.635386447,-0.338510463,1.483928744,3.235989033,-1.277060638,3.486517654,-0.355240858,0.684577741,-0.069751542
1.2484135,0.615157327,-0.329259487,1.483158458,3.132963212,-1.242160511,3.388638217,-0.360387241,0.665359114,-0.070762035
1.2474257,0.59544919,-0.319918833,1.482467167,3.032590731,-1.206922071,3.28980996,-0.361931466,0.645954186,-0.071065243
1.246463067,0.576343023,-0.310787707,1.481791986,2.935284051,-1.172474089,3.193198589,-0.362626775,0.626984543,-0.071201767
1.245504333,0.557675287,-0.304063183,1.481114109,2.840210271,-1.14710523,3.122050148,-0.386552114,0.613014547,-0.075899508
1.244447667,0.53885728,-0.29439948,1.480340559,2.744371174,-1.110648055,3.019803879,-0.380144942,0.592938492,-0.074641459
1.243467367,0.520287147,-0.285652757,1.479639647,2.649794483,-1.077650268,2.927259665,-0.382177419,0.574767435,-0.075040536
1.242343567,0.50141706,-0.277227933,1.478799747,2.553690145,-1.045866878,2.838121297,-0.389143388,0.557265117,-0.076408304
1.241370167,0.483336853,-0.27122865,1.478098364,2.461608624,-1.023234051,2.774646217,-0.41774983,0.544801785,-0.082025179
1.240343933,0.465490313,-0.261044767,1.477340632,2.370717155,-0.984814452,2.666896213,-0.400891295,0.523645071,-0.078715006
1.2393163,0.44854941,-0.253752467,1.476567874,2.284438044,-0.957303605,2.589740443,-0.410014636,0.508495536,-0.080506374
1.238352133,0.432252863,-0.24704898,1.475848889,2.201440608,-0.932014109,2.51881458,-0.422086209,0.494569243,-0.082876627
1.237217,0.414935697,-0.23757013,1.474974292,2.113245208,-0.89625431,2.418524142,-0.40999117,0.474877215,-0.080501766
1.236261633,0.39718002,-0.22988667,1.47428606,2.022816501,-0.867267778,2.337229726,-0.419125461,0.458915057,-0.082295284
1.235127967,0.38058575,-0.221665623,1.473402054,1.938302776,-0.836253153,2.250247404,-0.416656865,0.441836078,-0.081810576
1.234141367,0.36576538,-0.215861607,1.472638427,1.862823428,-0.814356987,2.188838333,-0.430727142,0.429778407,-0.084573274
1.2331957,0.351179857,-0.209345643,1.471912199,1.788540141,-0.78977494,2.11989655,-0.436068645,0.416241688,-0.085622079
1.232184933,0.33656143,-0.202531123,1.471121367,1.714089279,-0.764066561,2.047795905,-0.438418862,0.402084726,-0.086083544
1.231174267,0.32250015,-0.19650026,1.470322252,1.642475936,-0.741314596,1.983986695,-0.446222995,0.389555787,-0.087615885
1.230228233,0.308624693,-0.189259767,1.469584975,1.571808981,-0.713999195,1.907379063,-0.440282319,0.374513879,-0.086449433
1.2291453,0.29545339,-0.18406564,1.468700204,1.50472824,-0.694403893,1.852422898,-0.452406894,0.363723236,-0.088830094
1.228193333,0.282048947,-0.177253037,1.467949907,1.436460131,-0.668702745,1.780342532,-0.448594638,0.349570256,-0.088081557
1.227121067,0.269345237,-0.17212835,1.467068768,1.371760818,-0.649369412,1.726121073,-0.459072492,0.338923873,-0.090138884
1.226172633,0.256890797,-0.16647185,1.466307711,1.308331025,-0.628029766,1.666272794,-0.462654006,0.327172663,-0.090842114
1.225182367,0.244977557,-0.161640917,1.465496679,1.247657533,-0.609804643,1.615159375,-0.472214079,0.317136543,-0.092719234
1.224158133,0.23318432,-0.15587247,1.464649875,1.187595213,-0.588042668,1.55412665,-0.471243674,0.305152768,-0.092528695
1.223128733,0.221798403,-0.150138997,1.463791776,1.129607351,-0.566412633,1.493463959,-0.468568844,0.293241648,-0.092003493
1.2221155,0.210702493,-0.145313733,1.462945481,1.073096477,-0.548208901,1.442410532,-0.474026291,0.283217308,-0.093075062
1.221124933,0.200120437,-0.140315853,1.462114121,1.019202631,-0.529353957,1.389530744,-0.475040349,0.272834362,-0.093274173
1.220161167,0.18975353,-0.136225477,1.461306325,0.966404533,-0.513922649,1.346252744,-0.484560448,0.264336726,-0.095143444
1.219191233,0.179635673,-0.13157521,1.460488615,0.914874832,-0.496379107,1.297050859,-0.486888263,0.254675936,-0.095600511
1.218181067,0.16971027,-0.126674097,1.459627776,0.864325286,-0.477889224,1.245194905,-0.485581856,0.24449402,-0.095343997
1.217173667,0.160245183,-0.1219518,1.458762778,0.816120109,-0.460073943,1.195230911,-0.483823039,0.234683589,-0.094998654
1.216161533,0.15114213,-0.119072093,1.4578876,0.769758747,-0.449209994,1.164762334,-0.499715823,0.228701084,-0.098119202
1.215187967,0.142005267,-0.114434176,1.457051497,0.723225193,-0.431713041,1.115691111,-0.497178154,0.21906595,-0.097620931
1.214144367,0.13347027,-0.110621812,1.456136306,0.679756914,-0.417330562,1.075354611,-0.500309934,0.211145878,-0.098235856
1.213170433,0.12502141,-0.106655612,1.455289486,0.636727324,-0.402367723,1.033390459,-0.501375372,0.202906217,-0.098445054
1.2121423,0.117060135,-0.10267971,1.45438113,0.59618098,-0.387368279,0.991323645,-0.499854902,0.194646398,-0.09814651
1.211158933,0.109307437,-0.099454947,1.453514403,0.556696903,-0.375202578,0.957204229,-0.505219562,0.18794705,-0.099199861
1.210198,0.101771077,-0.096119574,1.452666854,0.518314625,-0.362619586,0.921914495,-0.508312107,0.181017911,-0.099807082
1.209176667,0.094560391,-0.092692714,1.451754006,0.481590992,-0.349691454,0.885656796,-0.50877804,0.173898712,-0.099898568
1.208149,0.087677782,-0.089477207,1.450829888,0.446538231,-0.33756067,0.851635305,-0.509809311,0.167218592,-0.100101058
1.2071708,0.080889148,-0.086503968,1.449953823,0.411964085,-0.326343863,0.820177118,-0.51292527,0.161041777,-0.100712877
1.206162167,0.074357226,-0.083536382,1.449043462,0.378697358,-0.315148382,0.788778741,-0.514793619,0.154876706,-0.101079727
1.205188833,0.068190623,-0.080726855,1.448162905,0.347291179,-0.304549193,0.759052699,-0.516473756,0.149039997,-0.101409622
1.2041506,0.062164119,-0.078222618,1.447215341,0.31659852,-0.295101738,0.73255676,-0.520670477,0.14383752,-0.102233648
1.203120467,0.056092604,-0.075012348,1.446276553,0.285676617,-0.282990713,0.698590686,-0.517626306,0.137168281,-0.101635925
1.202050667,0.049348243,-0.07251019,1.445308222,0.251327948,-0.2735511,0.672116741,-0.525501029,0.131970122,-0.103182127
1.2010972,0.043983791,-0.0701863,1.444435464,0.224007083,-0.264784019,0.647528954,-0.528234108,0.12714231,-0.103718767
1.199962533,0.037982891,-0.067440575,1.443391081,0.193444823,-0.25442553,0.618477968,-0.529745382,0.121438149,-0.104015506
1.1989067,0.031973148,-0.065140203,1.442425664,0.162837527,-0.245747171,0.594139005,-0.536013715,0.116659194,-0.105246293
1.197863867,0.026885199,-0.06285886,1.441459379,0.136924874,-0.237140603,0.570001384,-0.537788747,0.111919772,-0.10559482
1.1968521,0.022335008,-0.060639933,1.44051607,0.113750994,-0.228769505,0.546524152,-0.537485394,0.107310017,-0.105535257
1.1958699,0.018140304,-0.058642147,1.439596979,0.092387595,-0.221232681,0.525386689,-0.537711331,0.103159676,-0.10557962
1.194836233,0.014083431,-0.057104866,1.438624348,0.071726157,-0.215433152,0.509121574,-0.542107654,0.099966021,-0.106442838
1.193851667,0.010042079,-0.05529078,1.437700584,0.051143768,-0.208589352,0.48992774,-0.543496208,0.096197312,-0.10671548
1.192844933,0.006222641,-0.054017624,1.436751314,0.031691575,-0.203786261,0.476457191,-0.549477853,0.093552369,-0.107889976
1.191852267,0.002599095,-0.052404569,1.435813163,0.013237049,-0.197700866,0.459390347,-0.550865534,0.090201295,-0.108162448
1.1908899,-0.000882695,-0.05075144,1.43490318,-0.00449552,-0.191464294,0.441899515,-0.551107272,0.08676697,-0.108209913
1.1898502,-0.004236901,-0.04946532,1.433913944,-0.021578308,-0.18661229,0.428291788,-0.554582333,0.084095093,-0.108892241
1.1888172,-0.007537879,-0.047713194,1.432930607,-0.038390015,-0.180002242,0.409753525,-0.552855776,0.080455105,-0.108553232
1.187828767,-0.010506622,-0.046496754,1.431986839,-0.053509663,-0.175413114,0.396883046,-0.555104945,0.077927986,-0.108994856
1.1868484,-0.013415945,-0.045422966,1.431050243,-0.068326686,-0.171362155,0.385521896,-0.558560819,0.075697224,-0.109673417
1.185851767,-0.016191293,-0.044375698,1.430095365,-0.082461385,-0.167411242,0.374441333,-0.561614955,0.073521556,-0.110273096
1.184881467,-0.018840655,-0.043013984,1.429164924,-0.095954444,-0.162274056,0.360033794,-0.560700475,0.070692636,-0.110093538
1.183808567,-0.021320904,-0.042039187,1.42812934,-0.10858622,-0.158596548,0.34972001,-0.563018466,0.068667524,-0.110548676
1.182894633,-0.023670972,-0.040787634,1.427250763,-0.120554989,-0.153874953,0.33647802,-0.561745245,0.066067459,-0.110298679
1.181821367,-0.025902834,-0.039538023,1.426211075,-0.13192174,-0.149160687,0.323256588,-0.559890565,0.063471431,-0.109934512
1.180873233,-0.028203069,-0.038632615,1.425297549,-0.143636713,-0.145744954,0.313676966,-0.562025916,0.061590472,-0.110353789
1.179799133,-0.030283735,-0.037734492,1.424254752,-0.154233437,-0.142356707,0.30417443,-0.563120104,0.059724649,-0.110568632
1.1788535,-0.032242772,-0.036414022,1.423338592,-0.164210704,-0.137375116,0.290203268,-0.559126208,0.056981412,-0.109784431
1.177839233,-0.034255967,-0.035888316,1.422354614,-0.174463801,-0.135391845,0.284641069,-0.563817106,0.055889274,-0.110705489
1.1768201,-0.035935196,-0.035396878,1.421360745,-0.183016022,-0.13353785,0.279441433,-0.567169692,0.054868325,-0.111363769
1.175855667,-0.03769702,-0.034722059,1.420422818,-0.191988897,-0.130992035,0.272301545,-0.569002679,0.053466408,-0.111723676
1.174841733,-0.039328061,-0.033937275,1.419433424,-0.200295702,-0.12803137,0.263998189,-0.569006128,0.051836044,-0.111724353
1.173817933,-0.040835125,-0.033227497,1.418432298,-0.207971098,-0.125353669,0.25648842,-0.569171754,0.050361501,-0.111756874
1.172802867,-0.042251077,-0.032279552,1.417438534,-0.215182463,-0.121777461,0.246458737,-0.566353437,0.048392173,-0.111203497
1.1718636,-0.043648228,-0.031600304,1.416520288,-0.222298082,-0.119214938,0.239271992,-0.566282311,0.046981056,-0.111189532
1.170843867,-0.044966608,-0.031102695,1.415520389,-0.22901252,-0.117337666,0.234007072,-0.567731829,0.045947289,-0.111474145
1.169889933,-0.046043749,-0.03049268,1.414582662,-0.234498338,-0.115036331,0.227552846,-0.566763421,0.044680001,-0.111283998
1.168857767,-0.047270313,-0.029913965,1.413568949,-0.240745163,-0.112853078,0.221429784,-0.566887184,0.043477738,-0.111308299
1.167887733,-0.048453193,-0.029515383,1.412616712,-0.24676951,-0.111349392,0.21721261,-0.568694357,0.042649696,-0.111663137
1.166860333,-0.049478809,-0.028751449,1.411604742,-0.251992916,-0.108467381,0.209129842,-0.565834995,0.041062645,-0.111101701
1.1658825,-0.050459682,-0.028310833,1.410641666,-0.256988448,-0.106805121,0.204467937,-0.566168621,0.040147279,-0.111167209
1.164894067,-0.051393055,-0.028087895,1.409667275,-0.261742069,-0.105964067,0.202109154,-0.56856346,0.039684132,-0.111637435
1.163866367,-0.052413024,-0.027159514,1.408654921,-0.266936713,-0.102461665,0.192286464,-0.563935414,0.037755447,-0.110728718
1.162831167,-0.053092835,-0.026825288,1.407629948,-0.270398956,-0.10120077,0.188750208,-0.5638614,0.037061103,-0.110714186
1.1618021,-0.053870319,-0.026753876,1.406612579,-0.27435864,-0.100931363,0.187994641,-0.567065518,0.036912748,-0.111343314
1.160858633,-0.054558177,-0.02613385,1.405679461,-0.277861862,-0.098592257,0.181434484,-0.564008582,0.035624661,-0.110743085
1.1598341,-0.055213505,-0.025826001,1.404664787,-0.281199414,-0.097430871,0.178177308,-0.564088959,0.034985114,-0.110758867
1.1588311,-0.055921709,-0.025459422,1.403672442,-0.284806258,-0.096047921,0.174298743,-0.563817237,0.034223558,-0.110705515
1.1578059,-0.056435658,-0.024947391,1.402654974,-0.287423776,-0.094116238,0.168881228,-0.56101724,0.033159829,-0.110155735
1.156863033,-0.05687411,-0.024586944,1.401718704,-0.289656786,-0.092756418,0.165067532,-0.559436555,0.03241101,-0.109845368
1.155879567,-0.057376527,-0.02448707,1.400742797,-0.292215571,-0.092379637,0.164010828,-0.560938635,0.032203526,-0.110140301
1.154826467,-0.057896223,-0.024248002,1.399697515,-0.294862351,-0.091477732,0.161481382,-0.56105597,0.031706869,-0.11016334
1.153848267,-0.05835512,-0.023766541,1.398726219,-0.297199492,-0.089661375,0.156387304,-0.558299033,0.030706647,-0.109622015
1.152869667,-0.058741151,-0.023655224,1.397753427,-0.299165528,-0.089241423,0.155209524,-0.559087288,0.03047539,-0.109776789
1.1518909,-0.059132411,-0.02342289,1.396780547,-0.30115819,-0.088364922,0.152751327,-0.558621754,0.029992723,-0.109685381
1.150822067,-0.05955284,-0.023038232,1.395718039,-0.303299413,-0.086913766,0.148681475,-0.556693124,0.029193608,-0.109306695
1.1498695,-0.059807456,-0.022737597,1.394769303,-0.304596158,-0.085779594,0.145500623,-0.554809018,0.028569047,-0.108936751
1.1488231,-0.060085759,-0.022756567,1.39372709,-0.306013542,-0.085851161,0.145701338,-0.556427117,0.028608458,-0.109254464
1.1478854,-0.060361763,-0.022209208,1.392793543,-0.307419214,-0.083786199,0.13991003,-0.55204148,0.027471334,-0.108393345
1.146796933,-0.060502626,-0.022143678,1.391707195,-0.308136623,-0.083538981,0.139216693,-0.552065553,0.027335198,-0.108398071
1.1458438,-0.060724676,-0.021894585,1.390757403,-0.30926751,-0.082599258,0.136581186,-0.550560933,0.026817716,-0.108102639
1.144795567,-0.060873459,-0.021676928,1.389711408,-0.310025256,-0.081778128,0.134278278,-0.549015771,0.02636554,-0.107799247
1.143878233,-0.060925583,-0.021734282,1.388794859,-0.310290721,-0.081994501,0.134885109,-0.549888066,0.026484691,-0.107970522
1.142842033,-0.061133557,-0.021369965,1.387761788,-0.311349923,-0.080620083,0.131030474,-0.547092633,0.025727833,-0.107421638
1.141823567,-0.061281803,-0.021123515,1.386745551,-0.31210493,-0.079690326,0.128422916,-0.545240083,0.02521584,-0.10705789
1.1408712,-0.061352956,-0.021111761,1.385794255,-0.312467307,-0.079645984,0.128298557,-0.545478101,0.025191422,-0.107104625
1.139829533,-0.061453219,-0.021061611,1.384754097,-0.312977944,-0.079456789,0.127767948,-0.545458129,0.025087237,-0.107100704
1.138886333,-0.061552203,-0.020996207,1.383812386,-0.313482061,-0.079210048,0.127075948,-0.545270246,0.024951362,-0.107063813
1.1378188,-0.061696304,-0.020757273,1.382747021,-0.31421596,-0.078308647,0.124547917,-0.543476113,0.024454983,-0.106711535
1.136844533,-0.0617426,-0.020669324,1.381773451,-0.314451746,-0.07797685,0.123617374,-0.542781357,0.024272271,-0.106575119
1.135816133,-0.061732392,-0.020332426,1.380744897,-0.314399754,-0.076705875,0.120052851,-0.539164841,0.023572377,-0.105865017
1.134862333,-0.061712289,-0.020226071,1.379790795,-0.31429737,-0.076304639,0.11892756,-0.537937167,0.023351426,-0.105623963
1.133836733,-0.061633111,-0.020199883,1.378764003,-0.313894124,-0.076205845,0.118650487,-0.537256848,0.023297023,-0.105490382
1.132859333,-0.061668083,-0.019877624,1.37778713,-0.314072233,-0.074990094,0.115240844,-0.534025314,0.02262754,-0.10485587
1.131802933,-0.061552435,-0.019834378,1.37672899,-0.313483244,-0.074826944,0.114783278,-0.532978759,0.022537697,-0.104650379
1.130865367,-0.061473881,-0.019740618,1.375790241,-0.313083175,-0.074473225,0.113791252,-0.531586664,0.022342912,-0.104377041
1.129821133,-0.061516467,-0.019255696,1.374746649,-0.313300063,-0.072643814,0.108660562,-0.526672862,0.021335501,-0.103412216
1.1288896,-0.061397631,-0.019201142,1.373813327,-0.312694834,-0.072438005,0.10808336,-0.525490431,0.021222168,-0.103180046
1.1278212,-0.061289969,-0.019345893,1.372743308,-0.312146517,-7.30E-02,0.109614887,-0.526473641,0.021522883,-0.103373099
1.126868167,-0.061288353,-0.019274187,1.37179025,-0.312138289,-0.072713574,0.108856209,-0.525706734,0.021373917,-0.103222517
1.1258973,-0.061161894,-0.019061277,1.370817481,-0.311494242,-7.19E-02,0.10660353,-0.522810008,0.020931603,-0.102653745
1.124880233,-0.0612055,-0.019108557,1.36980107,-0.311716325,-0.072088721,0.107103774,-0.523532335,0.021029826,-0.102795574
1.123871667,-0.061077872,-0.018717564,1.368790583,-0.311066319,-0.070613663,0.102966887,-0.518745442,0.020217548,-0.101855668
1.122824167,-0.060868114,-0.018822534,1.367739927,-0.309998036,-0.071009674,0.104077523,-0.518787796,0.020435622,-0.101863984
1.121836867,-0.060662105,-0.018532698,1.366749528,-0.30894884,-0.069916242,0.10101093,-0.514672006,0.019833496,-0.101055848
1.120831733,-0.060469452,-0.018583934,1.365741496,-0.307967672,-0.070109533,0.101553026,-0.514232934,0.019939937,-0.100969637
1.119841433,-0.060288731,-0.018428655,1.364748477,-0.307047266,-0.069523728,0.099910102,-0.511669604,0.019617348,-0.100466327
1.1187806,-0.060041422,-0.018719662,1.363683923,-0.305787734,-0.07062158,0.102989092,-0.513489063,0.020221908,-0.100823578
1.117825067,-0.059835609,-0.018623989,1.362725293,-0.304739542,-0.070260643,0.101976822,-0.5114286,0.020023149,-0.100419006
1.1168167,-0.059765229,-0.01838386,1.361715868,-0.304381102,-0.069354735,0.099436151,-0.508529489,0.019524288,-0.099849765
1.115853067,-0.059479034,-0.018231493,1.360747929,-0.302923524,-0.06877992,0.097824047,-0.505459808,0.019207752,-0.099247033
1.114801233,-0.059251506,-0.018306245,1.359692672,-0.301764736,-0.069061928,0.098614957,-0.50509193,0.019363047,-0.0991748
1.113845933,-0.059168207,-0.018062533,1.358736119,-0.301340499,-0.068142502,0.096036372,-0.502089108,0.018856742,-0.098585196
1.112839,-0.058932153,-0.017904756,1.357725634,-0.300138289,-0.067547274,0.094367021,-0.499217547,0.018528965,-0.098021365
1.111836733,-0.058645266,-0.018065836,1.356719051,-0.298677187,-0.068154963,0.096071319,-0.499460743,0.018863604,-0.098069117
1.1108864,-0.058425073,-0.017999543,1.355765405,-0.297555756,-0.067904868,0.095369913,-0.497637906,0.018725882,-0.097711203
1.109825867,-0.058163418,-0.01800224,1.354700935,-0.296223163,-0.067915043,0.095398449,-0.496333848,0.018731485,-0.097455151
1.108850567,-0.057900064,-0.018025343,1.353721673,-0.294881913,-0.068002199,0.095642885,-0.495237035,0.018779481,-0.097239792
1.107831633,-0.057631033,-0.017951977,1.352698692,-0.293511755,-0.067725418,0.094866637,-0.493090628,0.018627064,-0.096818345
1.106810933,-0.057319703,-0.017724119,1.351673308,-0.291926169,-0.066865807,0.092455805,-0.489094211,0.018153697,-0.096033648
1.105892533,-0.056928014,-0.017814136,1.350749015,-0.289931315,-0.067205401,0.093408218,-0.48805177,0.018340704,-0.095828965
1.104808333,-0.056672754,-0.01753097,1.349660975,-0.288631293,-0.066137132,0.090412196,-0.483755726,0.017752435,-0.094985437
1.1038337,-0.056396155,-0.017375177,1.34868218,-0.287222589,-0.065549392,0.088763844,-0.48069867,0.017428781,-0.094385184
1.102827933,-0.056106323,-0.017289905,1.347672053,-0.285746487,-0.065227696,0.087861628,-0.478320352,0.017251631,-0.093918201
1.1019031,-0.055748064,-0.017511843,1.34674183,-0.283921895,-0.066064975,0.090209827,-0.478843959,0.0177127,-0.094021011
1.1008118,-0.055523612,-0.017414035,1.345647153,-0.282778771,-0.065695986,0.089174975,-0.476665983,0.017509506,-0.093593366
1.0998314,-0.055241487,-0.017210474,1.344662508,-0.281341923,-0.064928035,0.087021213,-0.473075373,0.017086615,-0.09288835
1.098847233,-0.054936445,-0.017227922,1.343673752,-0.279788363,-0.064993859,0.087205821,-0.47170642,0.017122863,-0.092619556
1.097893467,-0.054621125,-0.017195749,1.342715241,-0.278182456,-0.064872484,0.086865416,-0.469760109,0.017056024,-0.092237397
1.0968471,-0.054248486,-0.017019543,1.341663268,-0.276284623,-0.064207731,0.085001079,-0.465997938,0.016689962,-0.091498695
1.095873833,-0.053844817,-0.017005967,1.340683929,-0.27422876,-0.064156513,0.084857435,-0.463798431,0.016661757,-0.091066822
1.094809367,-0.053581473,-0.016776943,1.3396155,-0.272887561,-0.0632925,0.082434259,-0.460034057,0.016185967,-0.090327687
1.093864333,-0.053165618,-0.016800292,1.33866421,-0.270769638,-0.063380585,0.082681299,-0.458163173,0.016234473,-0.089960339
1.092853733,-0.052811935,-0.016750429,1.337648289,-0.268968349,-0.063192472,0.082153726,-0.455834312,0.016130884,-0.089503067
1.091825233,-0.052468751,-0.016800131,1.336614626,-0.267220528,-0.06337998,0.082679602,-0.454612367,0.01623414,-0.089263138
1.0908991,-0.052142197,-0.016804225,1.335683579,-0.265557406,-0.063395425,0.082722919,-0.452992561,0.016242645,-0.088945089
1.089829633,-0.051839976,-0.016744774,1.334609566,-0.264018214,-0.063171141,0.082093901,-0.450824351,0.016119137,-0.088519361
1.088881767,-0.051506049,-0.016593407,1.333656675,-0.26231754,-0.062600094,0.080492367,-0.447522144,0.015804676,-0.087870973
1.087805033,-0.051158384,-0.016557087,1.332574711,-0.260546899,-0.062463074,0.080108085,-0.445367221,0.015729223,-0.087447854
1.0868428,-0.050912678,-0.016756261,1.331608781,-0.259295533,-0.063214474,0.082215431,-0.446223201,0.016143,-0.087615926
1.0858508,-0.050574154,-0.016593955,1.330611688,-0.257571449,-0.062602162,0.080498165,-0.442781851,0.015805815,-0.086940216
1.084839,-0.050189489,-0.016329668,1.329594101,-0.255612369,-0.061605114,0.077701888,-0.438026494,0.015256766,-0.086006502
1.0838049,-0.049853604,-0.016387949,1.328554947,-0.253901728,-0.061824987,0.078318534,-0.436932499,0.015377844,-0.085791696
1.082892067,-0.049473775,-0.01629389,1.3276364,-0.251967278,-0.061470139,0.077323341,-0.434002855,0.015182438,-0.085216461
1.081817033,-0.049175177,-0.0162245,1.326556874,-0.250446534,-0.061208359,0.076589164,-0.431747935,0.015038282,-0.084773707
1.0808108,-0.048771057,-0.016431279,1.325544561,-0.248388375,-0.061988452,0.078776981,-0.431877592,0.01546786,-0.084799165
1.079799167,-0.048416098,-0.01631158,1.324527587,-0.246580586,-0.061536877,0.077510512,-0.428803335,0.015219189,-0.084195535
1.0788435,-0.04815338,-0.016236018,1.323567968,-0.245242579,-0.061251814,0.076711036,-0.426665852,0.015062212,-0.08377584
1.077868567,-0.047796467,-0.016379971,1.322587665,-0.243424837,-0.061794887,0.078234116,-0.426371189,0.015361269,-0.083717983
1.076843033,-0.047526609,-0.016198868,1.321558071,-0.242050468,-0.061111661,0.076317969,-0.423080674,0.014985033,-0.08307189
1.0758956,-0.047262333,-0.016155221,1.320606662,-0.240704524,-0.060946998,0.075856161,-0.421272922,0.014894357,-0.082716938
1.074848433,-0.046892109,-0.016087521,1.319553925,-0.238818992,-0.060691595,0.075139869,-0.418671097,0.014753713,-0.08220607
1.0738415,-0.046600739,-0.016027358,1.318542608,-0.23733506,-0.060464624,0.074503318,-0.416550614,0.014628726,-0.081789713
1.072860367,-0.04628775,-0.015829104,1.317556766,-0.235741024,-0.059716694,0.072405702,-0.412858963,0.01421686,-0.081064857
1.071868567,-0.04597513,-0.016142546,1.316560262,-0.234148867,-0.06089918,0.075722054,-0.414583158,0.014868025,-0.081403403
1.070880867,-0.045666116,-0.015937929,1.315567913,-0.232575075,-0.060127247,0.073557123,-0.410844434,0.014442941,-0.080669305
1.069885367,-0.045364175,-0.015840577,1.314567871,-0.231037306,-0.059759978,0.072527095,-0.408276638,0.014240695,-0.080165118
1.068845233,-0.045093274,-0.015895136,1.313523662,-0.229657623,-0.059965804,0.073104347,-0.407474207,0.014354038,-0.08000756
1.067867433,-0.044763325,-0.016100623,1.312540898,-0.227977211,-0.060741023,0.075278494,-0.407967941,0.014780932,-0.080104505
1.066853567,-0.044444189,-0.01575393,1.311522229,-0.226351865,-0.059433094,0.071610332,-0.402674433,0.014060689,-0.079065125
1.065894467,-0.044203176,-0.01568566,1.310559503,-0.2251244,-0.059175539,0.070888001,-0.400724638,0.013918859,-0.078682283
1.064811567,-0.043946138,-0.015980762,1.309472736,-0.223815321,-0.060288837,0.074010311,-0.402537869,0.014531925,-0.079038311
1.0638624,-0.0437086,-0.016015122,1.308519996,-0.222605551,-0.060418462,0.074373852,-0.40169164,0.014603306,-0.078872153
1.062892667,-0.043435471,-0.015725269,1.307546153,-0.221214518,-0.059324968,0.071307085,-0.39723384,0.014001146,-0.077996865
1.0618448,-0.043131743,-0.01587669,1.306493717,-0.219667648,-0.059896217,0.072909187,-0.397289071,0.014315719,-0.078007709
1.060804767,-0.042935332,-0.01553916,1.305450729,-0.218667337,-0.058622853,0.069337963,-0.392717536,0.013614509,-0.077110088
1.0598394,-0.04266267,-0.015588827,1.30448126,-0.217278688,-0.058810227,0.069863465,-0.391854389,0.013717691,-0.076940609
1.0588501,-0.04239157,-0.015593016,1.303487881,-0.215897987,-0.058826032,0.06990779,-0.390518013,0.013726395,-0.076678212
1.057882133,-0.042167487,-0.015467333,1.302516543,-0.214756747,-0.058351882,0.068578008,-0.388046992,0.013465292,-0.076193027
1.056801033,-0.041918488,-0.015496182,1.301431697,-0.213488605,-0.058460715,0.068883236,-0.387084078,0.013525223,-0.076003959
1.0559032,-0.041634055,-0.015432782,1.300529584,-0.212040007,-0.058221534,0.06821244,-0.384964683,0.013393513,-0.075587816
1.054858533,-0.04129002,-0.015266329,1.299479742,-0.210287853,-0.057593574,0.06645129,-0.381451379,0.013047711,-0.074897978
1.053906533,-0.041063196,-0.015419186,1.298524329,-0.209132649,-0.058170243,0.068068591,-0.381913477,0.013365268,-0.074988711
1.052827167,-0.040918841,-0.015313612,1.297442791,-0.208397457,-0.057771953,0.066951565,-0.380061258,0.01314594,-0.074625028
1.0518879,-0.040734109,-0.015085272,1.296500745,-0.207456627,-0.056910522,0.06453563,-0.376704493,0.012671571,-0.073965927
1.0508658,-0.040399435,-0.015401769,1.295473609,-0.20575215,-0.058104536,0.067884312,-0.378348699,0.013329085,-0.074288767
1.049844567,-0.040291584,-0.015321367,1.294450754,-0.205202871,-0.05780121,0.067033616,-0.376948723,0.01316205,-0.074013882
1.0488964,-0.040117681,-0.01516812,1.293499971,-0.204317194,-0.057223072,0.065412195,-0.374441625,0.012843684,-0.073521613
1.047852867,-0.039872671,-0.015018677,1.292452751,-0.203069371,-0.056659287,0.063831029,-0.371612636,0.012533222,-0.072966141
1.0468249,-0.039657478,-0.015122112,1.291421547,-0.201973406,-0.057049504,0.064925413,-0.371611056,0.012748105,-0.072965831
1.0458338,-0.039427194,-0.01524469,1.290426982,-0.200800579,-0.05751194,0.066222343,-0.371735158,0.013002757,-0.072990198
1.044860433,-0.039199319,-0.015277031,1.289450187,-0.199640025,-0.057633951,0.066564528,-0.370916791,0.013069945,-0.072829512
1.0438693,-0.03908779,-0.015077539,1.288457376,-0.199072013,-0.056881347,0.064453808,-0.368238057,0.012655505,-0.072303542
1.042897167,-0.038846525,-0.014950024,1.287481613,-0.197843265,-0.056400288,0.063104649,-0.365660151,0.012390598,-0.071797371
1.0417966,-0.038515204,-0.015034656,1.286376061,-0.196155865,-0.056719568,0.06400009,-0.364868191,0.012566418,-0.071641869
1.040885733,-0.038389382,-0.015040479,1.285463302,-0.19551506,-0.056741536,0.0640617,-0.364288996,0.012578515,-0.071528144
1.039827467,-0.038247423,-0.015012133,1.284402899,-0.194792069,-0.0566346,0.06376179,-0.363266095,0.012519627,-0.071327298
1.0389261,-0.03807316,-0.015062338,1.283498911,-0.193904556,-0.056824002,0.064292981,-0.362909774,0.012623927,-0.071257334
1.0378566,-0.037902985,-0.01496611,1.28242685,-0.193037864,-0.056460971,0.063274839,-0.36102494,0.012424015,-0.070887247
1.036848667,-0.037787544,-0.014891361,1.28141718,-0.192449933,-0.056178975,0.062483965,-0.359646135,0.012268727,-0.070616519
1.035872367,-0.037624907,-0.014667693,1.280438433,-0.191621628,-0.055335168,0.060117459,-0.356451323,0.011804063,-0.069989217
1.034908333,-0.037427808,-0.014832771,1.279471435,-0.190617813,-0.055957941,0.061864061,-0.357194111,0.012147008,-0.070135064
1.033834933,-0.037338192,-0.014863154,1.278396686,-0.190161406,-0.056072561,0.062185519,-0.357059161,0.012210127,-0.070108566
1.0328759,-0.03706861,-0.014862176,1.277433597,-0.188788441,-0.056068874,0.062175179,-0.355675856,0.012208096,-0.069836954
1.031815333,-0.036872146,-0.014909228,1.276370075,-0.187787858,-0.056246379,0.062673003,-0.355173098,0.012305844,-0.069738238
1.0308962,-0.036801477,-0.014964035,1.275449878,-0.187427947,-0.056453144,0.063252888,-0.355393072,0.012419705,-0.06978143
1.029847567,-0.036637633,-0.014760836,1.27439878,-0.186593496,-0.055686557,0.061102949,-0.352408682,0.011997564,-0.069195445
1.028870833,-0.036371229,-0.014653776,1.273418038,-0.185236713,-0.055282664,0.059970207,-0.349919157,0.01177515,-0.068706626
1.0278902,-0.036278798,-0.014643001,1.272436015,-0.184765969,-0.055242017,0.05985621,-0.349334415,0.011752767,-0.068591812
1.0268242,-0.03617377,-0.014446961,1.271368434,-0.184231065,-0.054502437,0.057782016,-0.346725318,0.011345499,-0.068079516
1.0258931,-0.036021156,-0.014314162,1.270435038,-0.18345381,-0.054001442,0.056376947,-0.344542994,0.011069614,-0.067651017
1.0248941,-0.035830839,-0.014294963,1.269433175,-0.18248454,-0.05392901,0.056173806,-0.343370582,0.011029727,-0.067420814
1.023850133,-0.03574066,-0.014514528,1.268387852,-0.182025259,-0.054757341,0.058496908,-0.345234404,0.011485868,-0.067786775
1.022873967,-0.035691242,-0.014454845,1.267410941,-0.181773576,-0.05453218,0.057865432,-0.344351245,0.011361878,-0.067613367
1.021881767,-0.035541829,-0.014222157,1.266416493,-0.181012624,-0.053654345,0.055403494,-0.341128354,0.010878476,-0.066980552
1.020879833,-0.035371773,-0.014312415,1.265412002,-0.180146539,-0.053994852,0.056358463,-0.341217239,0.011065984,-0.066998005
1.0198856,-0.035233531,-0.014497905,1.264415688,-0.17944248,-0.054694627,0.058321023,-0.34247574,0.011451333,-0.067245111
1.018839233,-0.03509718,-0.014406315,1.26336727,-0.178748054,-0.054349098,0.057351967,-0.340812257,0.011261059,-0.066918487
1.0178671,-0.03501,-0.014302333,1.262393825,-0.178304049,-0.053956814,0.056251784,-0.33926807,0.011045038,-0.066615285
1.016832633,-0.03482443,-0.014102751,1.261356567,-0.177358949,-0.053203876,0.054140125,-0.336211311,0.010630414,-0.066015091
1.015932333,-0.034630133,-0.014072505,1.260453344,-0.176369408,-0.05308977,0.053820109,-0.334901754,0.010567578,-0.065757959
1.014864233,-0.03459352,-0.014355202,1.259384693,-0.17618294,-0.054156267,0.056811162,-0.337706339,0.011154872,-0.06630864
1.013800567,-0.034495085,-0.014096955,1.258319545,-0.175681616,-0.05318201,0.054078801,-0.334472654,0.010618373,-0.065673706
1.012861333,-0.034376006,-0.014141763,1.25737852,-0.175075153,-0.053351049,0.054552882,-0.334340272,0.010711458,-0.065647712
1.011883667,-0.034256985,-0.014155925,1.256399063,-0.174468982,-0.053404479,0.05470273,-0.333883948,0.010740881,-0.065558113
1.010848167,-0.034184924,-0.014055758,1.255362479,-0.174101981,-0.05302659,0.053642918,-0.332457136,0.010532787,-0.065277959
1.009866067,-0.034187656,-0.014250075,1.25438042,-0.174115895,-0.053759666,0.055698871,-0.334527003,0.010936473,-0.065684377
1.008864667,-0.034058501,-0.014171205,1.253377077,-0.173458116,-0.053462123,0.054864395,-0.333034747,0.010772624,-0.065391373
1.0078885,-0.033880419,-0.01407748,1.252398231,-0.172551152,-0.053108539,0.053872747,-0.331136135,0.010577914,-0.06501858
1.006844633,-0.03379101,-0.014180908,1.251353019,-0.1720958,-0.05349873,0.054967061,-0.331775097,0.010792782,-0.06514404
1.0058813,-0.033667986,-0.014007361,1.250387835,-0.171469245,-0.052844006,0.053130849,-0.329312332,0.010432242,-0.064660476
1.004865933,-0.033562551,-0.014046642,1.249370882,-0.170932267,-0.0529922,0.053546467,-0.329190971,0.010513849,-0.064636647
1.003846333,-0.03337537,-0.014134034,1.248348466,-0.169978964,-0.053321892,0.05447111,-0.329162311,0.010695402,-0.06463102
1.002889767,-0.033285249,-0.013941687,1.247390543,-0.169519986,-0.052596248,0.052435996,-0.32666822,0.010295808,-0.064141305
1.0018737,-0.033298758,-0.014195394,1.24637468,-0.169588787,-0.053553378,0.055120326,-0.329421349,0.010822876,-0.064681882
1.000866933,-0.0332311,-0.013928789,1.245366895,-0.169244207,-0.052547587,0.052299526,-0.32625597,0.010269012,-0.06406036
0.99983863,-0.033118376,-0.013958338,1.244336896,-0.168670108,-0.052659062,0.052612164,-0.325994509,0.010330398,-0.064009022
0.99886922,-0.033040172,-0.013933859,1.243366309,-0.168271819,-0.052566713,0.052353166,-0.325337221,0.010279544,-0.063879963
0.997887533,-0.032987157,-0.013594111,1.242383825,-0.168001818,-0.051284984,0.048758481,-0.321472536,0.009573728,-0.063121132
0.996889153,-0.032861969,-0.013579174,1.241383562,-0.167364242,-0.051228635,0.048600448,-0.320676927,0.009542698,-0.062964915
0.995873153,-0.032753955,-0.013743926,1.240365937,-0.166814133,-0.051850174,0.05034359,-0.32186996,0.009884964,-0.063199167
0.994847893,-0.032635008,-0.013694209,1.239338887,-0.166208342,-0.051662615,0.049817569,-0.320738148,0.00978168,-0.062976935
0.993864477,-0.032587122,-0.013751059,1.23835475,-0.165964463,-0.051877087,0.050419068,-0.321095767,0.009899784,-0.063047154
0.992864353,-0.03250507,-0.013752876,1.237353392,-0.165546577,-0.05188394,0.050438289,-0.320697102,0.009903558,-0.062968876
0.99183732,-0.032442527,-0.013767628,1.236325418,-0.165228049,-0.051939593,0.050594372,-0.320534657,0.009934205,-0.06293698
0.990900517,-0.03225634,-0.013600871,1.235385813,-0.164279805,-0.051310487,0.048830005,-0.317822046,0.009587771,-0.062404359
0.98986751,-0.032143118,-0.013321247,1.234351103,-0.163703175,-0.050255582,0.045871462,-0.314286874,0.009006862,-0.061710228
0.988901377,-0.032155069,-0.0136251,1.23338515,-0.16376404,-0.051401895,0.049086366,-0.317562643,0.009638108,-0.062353425
0.987846793,-0.032127858,-0.013517673,1.232330157,-0.163625453,-0.050996617,0.04794974,-0.31628743,0.009414931,-0.062103037
0.986887337,-0.031992882,-0.013704219,1.23136867,-0.162938029,-0.051700377,0.049923476,-0.317573742,0.009802475,-0.062355604
0.985848367,-0.031961811,-0.013706225,1.230329232,-0.162779784,-0.051707944,0.049944697,-0.317436718,0.009806641,-0.0623287
0.98486346,-0.031970709,-0.0135287,1.229344459,-0.162825105,-0.051038218,0.048066411,-0.315603752,0.00943784,-0.061968797
0.983830753,-0.031858411,-0.013605063,1.228310063,-0.162253177,-0.051326301,0.048874358,-0.315839772,0.00959648,-0.062015139
0.982863887,-0.031835259,-0.013404785,1.227342848,-0.162135262,-0.050570736,0.046755332,-0.31360283,0.009180409,-0.061575916
0.98186521,-0.031650338,-0.013480789,1.226341389,-0.161193471,-0.050857467,0.047559484,-0.313465192,0.009338305,-0.06154889
0.980876047,-0.031618333,-0.013399761,1.225351744,-0.161030471,-0.050551781,0.046702172,-0.31244488,0.009169971,-0.061348552
0.97983223,-0.03158939,-0.013352935,1.224307492,-0.160883064,-0.050375126,0.046206732,-0.311802033,0.009072692,-0.061222329
0.978827217,-0.031486158,-0.013521453,1.223300926,-0.160357311,-0.051010876,0.047989731,-0.313059278,0.009422784,-0.061469189
0.977879243,-0.031309436,-0.013525027,1.222350294,-0.159457274,-0.051024358,0.048027542,-0.312197052,0.009430208,-0.061299891
0.976864617,-0.031291854,-0.013422929,1.221335403,-0.159367733,-0.050639186,0.046947303,-0.311027273,0.009218103,-0.061070205
0.9758932,-0.031284145,-0.013458395,1.22036387,-0.159328471,-0.050772986,0.047322553,-0.311363261,0.009291783,-0.061136176
0.974867267,-0.031237592,-0.013484252,1.219337236,-0.159091376,-0.050870534,0.047596131,-0.311399744,0.0093455,-0.06114334
0.97385655,-0.031192969,-0.013327416,1.218325848,-0.158864113,-0.050278856,0.045936737,-0.309513087,0.009019678,-0.060772895
0.972856763,-0.031139891,-0.013397649,1.217325263,-0.158593793,-0.050543814,0.046679826,-0.309985856,0.009165584,-0.060865723
0.971844277,-0.031086275,-0.013043809,1.21631197,-0.15832073,-0.049208922,4.29E-02,-0.305969012,0.008430493,-0.060077016
0.97085331,-0.030992452,-0.013385261,1.215319591,-0.157842893,-0.05049708,0.046548759,-0.309103888,0.009139849,-0.060692548
0.96983413,-0.030945034,-0.013129768,1.214299698,-0.157601395,-0.04953321,0.04384553,-0.306159162,0.00860907,-0.060114351
0.96883895,-0.030867516,-0.013248611,1.213303352,-0.157206599,-0.049981555,0.045102938,-0.307021773,0.008855962,-0.060283725
0.967914167,-0.0308255,-0.012932765,1.212377936,-0.156992614,-0.04879,4.18E-02,-0.303466004,0.008199803,-0.05958555
0.966878633,-0.030744271,-0.012893234,1.211341181,-0.156578919,-0.048640866,0.041342899,-0.302634054,0.008117678,-0.059422196
0.96586867,-0.030630369,-0.013070347,1.210329504,-0.155998825,-0.049309039,0.043216829,-0.303927891,0.008485624,-0.059676241
0.964889087,-0.030568425,-0.013200309,1.209348989,-0.155683344,-0.049799334,4.46E-02,-0.304987469,0.008755617,-0.05988429
0.96391161,-0.030621334,-0.013010406,1.208372308,-0.155952809,-0.049082905,0.042582623,-0.303247669,0.008361098,-0.05954268
0.962881427,-0.030559562,-0.013018771,1.207341195,-0.155638206,-0.049114465,0.042671136,-0.303021578,0.008378477,-0.059498287
0.961898283,-0.03050941,-0.012940822,1.206357297,-0.155382788,-0.048820396,0.041846401,-0.301941425,0.008216541,-0.059286199
0.960852167,-0.030447995,-0.012993547,1.205310257,-0.155070003,-0.049019306,0.042404255,-0.302186494,0.008326075,-0.059334318
0.959867973,-0.030322357,-0.013082807,1.204324173,-0.154430133,-0.049356047,0.043348665,-0.302491035,0.00851151,-0.059394115
0.958886603,-0.030414599,-0.013015684,1.203344191,-0.154899917,-4.91E-02,4.26E-02,-0.30225062,0.008372063,-0.059346909
0.957879047,-0.030372077,-0.012829897,1.202335995,-0.154683356,-4.84E-02,4.07E-02,-0.300068358,0.007986097,-0.058918422
0.95686664,-0.030289585,-0.012680529,1.201322347,-0.154263231,-0.047838415,0.039092378,-0.298067846,0.007675788,-0.058525621
0.956262687,-0.030151082,-0.012677734,1.20071631,-0.153557842,-0.047827873,0.039062813,-0.297332892,0.007669983,-0.058381313
0.955450493,-0.030717714,-0.015621608,1.199912641,-0.156443667,-0.058933897,0.070210303,-0.331366206,0.013785793,-0.065063755
0.955359575,-0.031012266,-0.019891105,1.199826155,-0.157943802,-0.075040951,0.115383475,-0.378039514,0.022655545,-0.074228059
0.9547967,-0.031788176,-0.022945401,1.199274953,-0.161895472,-0.086563551,0.147699277,-0.414306986,0.029000753,-0.081349177
0.95670778,-0.034607187,-0.015708856,1.201228445,-0.176252544,-0.059263047,0.071133425,-0.352098206,0.013967048,-0.069134483
