Edisk/V,Idisk/mA,Iring/mA,E-iR vs RHE,jdisk mAcm-2,jring mAcm-2,jCER,jOER,I cer,I OER
0.959739883,0.022096019,-0.021867915,1.203407449,0.112533839,-0.082498643,0.122155278,-0.110844618,0.023985189,-0.021764341
0.960775417,0.020458569,-0.017847428,1.204467618,0.104194391,-0.067331001,0.079674237,-0.076703026,0.015644036,-0.015060639
0.961832863,0.020163359,-0.015646725,1.205529506,0.102690902,-0.059028654,0.056421294,-0.054953572,0.011078321,-0.010790134
0.96288389,0.020057519,-0.013616909,1.206582125,0.102151865,-0.051370994,0.034973968,-0.034045283,0.006867139,-0.006684791
0.963875513,0.020012734,-0.012224793,1.207574422,0.101923779,-0.046119112,0.020264669,-0.019564069,0.003978968,-0.003841405
0.964853367,0.019878662,-0.011291138,1.208554292,0.101240957,-0.042596817,0.010399539,-0.010381761,0.002041949,-0.002038459
0.965816317,0.019875171,-0.010306906,1.209517295,0.10122318,-0.038883714,0,0,0,0
0.966842593,0.019937222,-0.009490853,1.210542638,0.101539202,-0.035805081,0.008622536,-0.008306513,0.001693035,-0.001630984
0.967822533,0.019948871,-0.008814552,1.211522403,0.10159853,-0.033253677,0.015768424,-0.015393074,0.00309613,-0.00302243
0.968808473,0.019959936,-0.008341843,1.212508176,0.101654883,-0.03147034,0.020763138,-0.020331434,0.004076842,-0.003992077
0.969857057,0.019991322,-0.00791602,1.213556287,0.101814729,-0.029863883,0.025262449,-0.0246709,0.004960282,-0.004844131
0.970851917,0.019981817,-0.007438167,1.21455129,0.10176632,-0.028061143,0.030311504,-0.029768363,0.005951664,-0.005845018
0.9718226,0.019975352,-0.007195242,1.215522071,0.101733396,-0.027144687,0.032878287,-0.03236807,0.006455652,-0.006355471
0.972845773,0.020035651,-0.006985103,1.216544337,0.102040494,-0.026351919,0.035098644,-0.03428133,0.006891619,-0.006731139
0.973796743,0.020046751,-0.006585919,1.21749514,0.102097026,-0.024845963,0.039316477,-0.038442631,0.00771979,-0.007548211
0.974820513,0.020020002,-0.006433945,1.218519312,0.101960793,-0.024272625,0.040922262,-0.040184649,0.008035086,-0.007890256
0.97580751,0.020089414,-0.0060478,1.219505265,0.102314306,-0.022815859,0.045002327,-0.0439112,0.008836207,-0.008621964
0.976835627,0.02011575,-0.005712656,1.220532985,0.102448434,-0.021551501,0.048543499,-0.047318245,0.009531516,-0.009290937
0.977791867,0.020020464,-0.005488757,1.221490659,0.101963146,-0.020706822,0.050909249,-0.050169283,0.009996031,-0.009850739
0.97883423,0.020061001,-0.005254463,1.222532412,0.1021696,-0.019822928,0.053384831,-0.052438411,0.010482112,-0.010296282
0.979846537,0.020171555,-0.005169662,1.223543056,0.102732647,-0.019503006,0.054280859,-0.052771391,0.010658047,-0.010361663
0.980841037,0.020155873,-0.005006033,1.224537792,0.102652777,-0.0188857,0.056009787,-0.05458019,0.010997522,-0.01071682
0.9818181,0.020236895,-0.00470534,1.225513636,0.103065419,-0.017751312,0.059186945,-0.057344706,0.011621357,-0.011259633
0.982795597,0.020285318,-0.004616922,1.226490404,0.103312033,-0.017417745,0.060121189,-0.058032336,0.011804795,-0.011394649
0.983796477,0.020320085,-0.004602523,1.227490761,0.103489103,-0.017363426,0.060273324,-0.058007401,0.011834667,-0.011389753
0.98480332,0.020345631,-0.004454064,1.22849722,0.103619207,-0.016803349,0.06184197,-0.059445942,0.012142671,-0.011672211
0.985853593,0.020394906,-0.004247065,1.229546752,0.103870159,-0.016022427,0.064029151,-0.061382172,0.012572124,-0.012052389
0.98681905,0.020367017,-0.004066112,1.230512628,0.103728122,-0.015339768,0.065941119,-0.063436177,0.012947539,-0.012455693
0.987826587,0.02039928,-0.004027568,1.231519679,0.103892439,-0.015194357,0.066348381,-0.063679122,0.013027505,-0.012503396
0.988804797,0.020480892,-0.003804119,1.232496662,0.104308081,-0.014351376,0.068709376,-0.065624475,0.013491086,-0.012885366
0.989858307,0.020474643,-0.003778543,1.233550266,0.104276255,-0.014254888,0.068979618,-0.065926542,0.013544148,-0.012944677
0.990807873,0.020435111,-0.00376485,1.234500427,0.104074922,-0.014203229,0.0691243,-0.066272558,0.013572556,-0.013012617
0.991782147,0.020466188,-0.003639832,1.235474233,0.104233196,-0.013731586,0.070445263,-0.067435247,0.013831927,-0.013240911
0.992822207,0.020580856,-0.003503018,1.236512568,0.104817192,-0.013215443,0.071890859,-0.068296847,0.01411577,-0.013410086
0.993868627,0.020577389,-0.003527701,1.23755904,0.104799537,-0.013308563,0.071630053,-0.068053696,0.014064561,-0.013362343
0.99485286,0.020645381,-0.003478913,1.23854225,0.105145814,-0.013124506,0.072145553,-0.068222919,0.014165779,-0.01339557
0.99583282,0.020666346,-0.003378065,1.239521895,0.105252588,-0.012744051,0.073211121,-0.069181712,0.014375004,-0.013583829
0.996795417,0.020750004,-0.003259545,1.240483233,0.105678655,-0.012296923,0.07446342,-0.070007945,0.014620893,-0.01374606
0.99777609,0.02077302,-0.003205488,1.24146356,0.105795876,-0.012092986,0.0750346,-0.070461904,0.014733044,-0.013835195
0.998810847,0.020771521,-0.003087846,1.242498339,0.105788239,-0.011649173,0.076277619,-0.07171256,0.014977111,-0.014080761
0.999842123,0.020824383,-0.003084301,1.24352882,0.106057464,-0.011635799,0.076315075,-0.071480791,0.014984465,-0.014035253
1.000827033,0.020807313,-0.003055376,1.244513987,0.105970527,-0.011526674,0.076620708,-0.071873361,0.015044476,-0.014112334
1.001911533,0.021028547,-0.00296372,1.245595159,0.107097258,-0.011180894,0.077589157,-0.071715079,0.015234631,-0.014081256
1.002897233,0.021238615,-0.00317833,1.246577698,0.108167123,-0.01199053,0.075321556,-0.068377612,0.014789388,-0.013425944
1.004037333,0.020849908,-0.003009877,1.247723646,0.106187463,-0.011355028,0.077101449,-0.072137165,0.015138869,-0.014164132
1.005038167,0.020980404,-0.002861716,1.248722516,0.10685207,-0.010796076,0.078666946,-0.073038055,0.015446255,-0.014341022
1.006036867,0.021017728,-0.002772881,1.249720655,0.107042161,-0.01046094,0.079605583,-0.073786602,0.015630556,-0.014487999
1.007012233,0.021027956,-0.002706916,1.250695868,0.107094248,-0.010212079,0.080302585,-0.074431516,0.015767413,-0.014614628
1.0080305,0.021102837,-0.002731785,1.251713008,0.107475615,-0.010305901,0.080039812,-0.073787376,0.015715817,-0.014488151
1.0090259,0.021110723,-0.002636436,1.252708289,0.10751578,-0.009946187,0.081047286,-0.074754686,0.015913635,-0.014678083
1.0100129,0.021235398,-0.002607226,1.253693413,0.108150739,-0.009835991,0.081355919,-0.074428359,0.015974235,-0.014614008
1.0110212,0.021285759,-0.002583943,1.254700956,0.108407229,-0.009748153,0.081601934,-0.074417885,0.01602254,-0.014611952
1.0120619,0.021248105,-0.002590072,1.255742222,0.108215457,-0.009771274,0.081537176,-0.074544899,0.016009825,-0.014636891
1.013041667,0.021268707,-0.002504233,1.256721679,0.108320384,-0.009447441,0.082444158,-0.075346954,0.01618791,-0.014794374
1.014033933,0.021313797,-0.002482773,1.257713267,0.108550023,-0.009366481,0.082670907,-0.075344064,0.016232433,-0.014793807
1.015035433,0.021371763,-0.002494255,1.258713895,0.108845239,-0.009409798,0.082549586,-0.074927527,0.016208611,-0.01471202
1.016007933,0.021311375,-0.002438824,1.259687304,0.108537688,-0.009200681,0.083135276,-0.075820768,0.016323611,-0.014887408
1.017037033,0.021374858,-0.002486752,1.260715449,0.108861005,-0.00938149,0.08262887,-0.074991045,0.016224179,-0.014724492
1.018065133,0.021517621,-0.002385138,1.261741401,0.109588089,-0.008998144,0.083702533,-0.075337624,0.016434992,-0.014792542
1.0190401,0.021580473,-0.002363557,1.262715422,0.109908191,-0.008916729,0.08393056,-0.075245548,0.016479765,-0.014774463
1.01999,0.021548204,-0.002311664,1.263665807,0.109743847,-0.008720956,0.084478872,-0.075958205,0.016587427,-0.014914394
1.0210223,0.02170484,-0.002280211,1.264695751,0.110541586,-0.008602298,0.084811207,-0.075492801,0.01665268,-0.014823011
1.022005133,0.021737867,-0.002349989,1.265678087,0.110709787,-0.008865542,0.084073922,-0.074587314,0.016507915,-0.014645219
1.0230554,0.021763325,-0.002219321,1.266727971,0.110839443,-0.008372586,0.085454577,-0.075838314,0.016779006,-0.014890853
1.024049967,0.021852969,-0.002208504,1.267721189,0.111295997,-0.008331775,0.085568878,-0.075496061,0.016801449,-0.014823652
1.0250871,0.021828991,-0.00215272,1.268758683,0.111173878,-0.008121328,0.086158292,-0.076207593,0.016917181,-0.014963361
1.026002,0.021897763,-0.002287359,1.269672548,0.111524129,-0.008629262,0.084735686,-0.074434737,0.016637852,-0.014615261
1.027038233,0.021962924,-0.002127957,1.270707801,0.11185599,-0.008027907,0.086419943,-0.075787133,0.016968556,-0.014880804
1.028021,0.021987806,-0.002127546,1.271690193,0.111982716,-0.008026353,0.086424294,-0.075664757,0.01696941,-0.014856775
1.029034933,0.021963276,-0.002183877,1.272704496,0.111857785,-0.008238868,0.085829089,-0.075194484,0.016852542,-0.014764437
1.029988333,0.022043184,-0.002082417,1.273656694,0.112264753,-0.007856102,0.086901128,-0.075859554,0.017063036,-0.014895023
1.031052733,0.022162275,-0.002100375,1.274719302,0.112871277,-0.007923852,0.086711378,-0.07506328,0.017025779,-0.014738675
1.032067767,0.022256865,-0.0021222,1.275732912,0.113353016,-0.008006187,0.086480775,-0.074350938,0.0169805,-0.014598807
1.0330116,0.022262705,-0.002076663,1.276676658,0.113382762,-0.007834395,0.086961925,-0.074802343,0.017074974,-0.01468744
1.0340945,0.022358959,-0.002005241,1.277758109,0.113872975,-0.007564947,0.087716586,-0.07506679,0.017223152,-0.014739364
1.0350381,0.022478287,-0.002003881,1.278699914,0.114480706,-0.007559818,0.08773095,-0.074473423,0.017225972,-0.014622857
1.0360827,0.022493736,-0.002057056,1.279744282,0.114559391,-0.007760424,0.0871691,-0.073832889,0.017115653,-0.014497088
1.0369948,0.022612297,-0.001985041,1.280654598,0.115163215,-0.007488743,0.087930016,-0.07398998,0.017265059,-0.014527933
1.038032367,0.022630243,-0.002026897,1.281691895,0.115254613,-0.007646647,0.087487764,-0.073456331,0.017178223,-0.014423151
1.0390328,0.022636138,-0.001958055,1.282692239,0.115284636,-0.007386937,0.08821515,-0.074153693,0.017321045,-0.014560078
1.040058733,0.022789977,-0.001985943,1.283715858,0.116068128,-0.007492145,0.087920486,-0.073075537,0.017263187,-0.014348382
1.041043267,0.022812729,-0.002060156,1.284700049,0.116184003,-0.007772122,0.087136337,-0.072175513,0.01710922,-0.014171662
1.042068467,0.022808579,-0.001928549,1.285725312,0.116162867,-0.007275621,0.08852692,-0.073587232,0.017382261,-0.014448853
1.043052733,0.022935273,-0.002047932,1.286707672,0.116808113,-0.007726006,0.087265498,-0.071680565,0.017134581,-0.014074479
1.044002967,0.023035079,-0.001980703,1.287656404,0.117316421,-0.007472377,0.087975853,-0.071882612,0.017274059,-0.014114151
1.045002367,0.02313182,-0.001968654,1.288654348,0.117809116,-0.007426919,0.088103169,-0.071517232,0.017299057,-0.014042409
1.046028233,0.023159886,-0.001986535,1.289679793,0.117952053,-0.007494378,0.087914233,-0.07118536,0.01726196,-0.013977245
1.0470241,0.023259539,-0.001923728,1.29067416,0.118459584,-0.007257435,0.088577857,-0.071341452,0.017392262,-0.014007894
1.0480502,0.023461452,-0.001852391,1.291697222,0.119487913,-0.006988307,0.08933162,-0.071066887,0.017540264,-0.013953983
1.048994467,0.02343173,-0.001878141,1.292641936,0.11933654,-0.007085453,0.089059536,-0.070946176,0.01748684,-0.013930282
1.050038367,0.023584289,-0.001839762,1.293683541,0.120113517,-0.006940666,0.089465051,-0.070574714,0.017566463,-0.013857345
1.0510886,0.023597939,-0.00190236,1.294733569,0.120183037,-0.007176822,0.088803633,-0.069843776,0.017436593,-0.013713825
1.052089,0.023654821,-0.001904606,1.295733113,0.120472734,-0.007185295,0.088779904,-0.069530349,0.017431934,-0.013652284
1.053066533,0.023822247,-0.001892174,1.296708128,0.121325426,-0.007138395,0.088911258,-0.068809012,0.017457725,-0.013510649
1.054082933,0.023837448,-0.001900649,1.297724299,0.121402844,-0.007170366,0.088821717,-0.068642053,0.017440144,-0.013477867
1.055030367,0.023877592,-0.001819259,1.298671128,0.121607293,-0.006863315,0.089681694,-0.069297581,0.017609001,-0.01360658
1.056090233,0.024036829,-0.001804183,1.299728599,0.122418279,-0.00680644,0.089840988,-0.068645889,0.017640278,-0.01347862
1.057020333,0.024155519,-0.001845256,1.300656914,0.123022759,-0.00696139,0.089407009,-0.06760743,0.017555066,-0.013274719
1.058081333,0.024229372,-0.001878089,1.301716802,0.123398891,-0.007085258,0.089060084,-0.066884372,0.017486947,-0.013132746
1.059031867,0.02436346,-0.001828579,1.302665318,0.124081793,-0.006898474,0.089583221,-0.066724608,0.017589665,-0.013101377
1.060033767,0.02442395,-0.00177045,1.303666308,0.124389865,-0.006679179,0.090197416,-0.067030731,0.017710263,-0.013161484
1.061026833,0.024644807,-0.001820441,1.304656052,0.125514678,-0.006867774,0.089669205,-0.065377707,0.017606548,-0.012836913
1.062032567,0.024691834,-0.001870521,1.305661078,0.125754184,-0.007056707,0.089140049,-0.064609045,0.017502649,-0.012685986
1.0630995,0.02477515,-0.001831702,1.306726758,0.126178509,-0.006910257,0.089550219,-0.06459489,0.017583186,-0.012683207
1.064059,0.024903234,-0.001851733,1.307684331,0.126830834,-0.006985826,0.08933857,-0.063730916,0.017541628,-0.012513565
1.0650835,0.024986808,-0.0018108,1.308707573,0.127256469,-0.006831404,0.089771069,-0.06373778,0.017626549,-0.012514913
1.0660565,0.025118669,-0.001785027,1.30967859,0.12792803,-0.006734173,0.090043389,-0.063338539,0.017680019,-0.012436522
1.067040967,0.025180824,-0.001862844,1.310662121,0.128244584,-0.007027745,0.089221164,-0.06219976,0.017518576,-0.012212923
1.068001133,0.025251695,-0.001760606,1.311621222,0.128605528,-0.00664204,0.090301434,-0.062919086,0.017730687,-0.012354163
1.068990567,0.025438593,-0.00178424,1.312607843,0.129557386,-0.006731204,0.090051705,-0.061717499,0.017681652,-0.012118231
1.070015867,0.025569546,-0.001822369,1.313631173,0.130224322,-0.006875049,0.08964883,-0.060647688,0.017602548,-0.011908174
1.071046667,0.025657745,-0.001781778,1.314660646,0.130673517,-0.006721915,0.090077723,-0.060627386,0.017686761,-0.011904187
1.072040333,0.025858553,-0.00180846,1.315651291,0.131696221,-0.006822576,0.089795794,-0.059322753,0.017631404,-0.011648023
1.0730635,0.025942993,-0.001775113,1.316673188,0.132126268,-0.00669677,0.090148148,-0.05924506,0.017700589,-0.011632768
1.0739936,0.026082915,-0.001809829,1.317601183,0.132838885,-0.006827738,0.089781336,-0.058165631,0.017628565,-0.011420822
1.075047167,0.026238101,-0.001849019,1.318652414,0.133629239,-0.006975589,0.08936724,-0.056961181,0.017547258,-0.011184328
1.076049033,0.026351461,-0.001869778,1.319652576,0.134206575,-0.007053903,0.0891479,-0.056164505,0.01750419,-0.011027901
1.077017967,0.026484671,-0.001816874,1.320619505,0.134885008,-0.006854319,0.089706888,-0.05604506,0.017613948,-0.011004448
1.0780412,0.0266162,-0.001790219,1.321640759,0.135554878,-0.006753759,0.089988535,-0.055656836,0.017669249,-0.01092822
1.079016133,0.026773158,-0.001820752,1.322613331,0.136354257,-0.006868948,0.089665916,-0.054534839,0.017605903,-0.010707916
1.080008133,0.026840614,-0.001813695,1.323604316,0.136697805,-0.006842325,0.089740482,-0.054265857,0.017620544,-0.010655101
1.0810277,0.026997077,-0.001813164,1.324621529,0.137494663,-0.00684032,0.089746097,-0.053474614,0.017621646,-0.01049974
1.082051867,0.027186992,-0.001837794,1.325642838,0.138461888,-0.006933242,0.089485846,-0.052247137,0.017570546,-0.010258725
1.083035467,0.027373233,-0.001864766,1.326623636,0.139410407,-0.007034993,0.089200863,-0.051013636,0.01751459,-0.010016528
1.0840178,0.027490184,-0.001845825,1.32760421,0.140006028,-0.006963538,0.089400993,-0.050618144,0.017553885,-0.009938873
1.0850313,0.027701918,-0.001802343,1.328614525,0.141084382,-0.006799497,0.089860434,-0.049999232,0.017644096,-0.009817349
1.086066833,0.027910116,-0.001836212,1.329646926,0.142144719,-0.006927273,0.089502564,-0.048581024,0.017573828,-0.009538884
1.087033,0.028068068,-0.001860522,1.330610716,0.142949162,-0.007018984,0.089245701,-0.047519718,0.017523393,-0.009330497
1.0880461,0.02827093,-0.001875728,1.331620764,0.143982327,-0.00707635,0.089085033,-0.046325885,0.017491846,-0.009096088
1.0890318,0.028366907,-0.001880834,1.33260502,0.144471131,-0.007095613,0.089031082,-0.045783131,0.017481253,-0.008989518
1.089990533,0.028538138,-0.001895327,1.333561177,0.145343202,-0.007150288,0.08887795,-0.044757928,0.017451185,-0.008788219
1.0910221,0.028764503,-0.001893113,1.334589338,0.146496068,-0.007141936,0.08890134,-0.043628452,0.017455778,-0.008566446
1.092024667,0.028906376,-0.001923547,1.33558977,0.147218622,-0.007256752,0.088579767,-0.042584325,0.017392637,-0.008361432
1.093068767,0.029020249,-0.001949363,1.336632157,0.147798567,-0.007354144,0.088306996,-0.041731608,0.017339079,-0.008194001
1.094075867,0.029251074,-0.001946629,1.337635784,0.14897415,-0.00734383,0.088335882,-0.040584912,0.01734475,-0.007968847
1.095039533,0.029453279,-0.001959187,1.338596409,0.150003967,-0.007391207,0.088203192,-0.039422404,0.017318697,-0.007740589
1.096018067,0.029664342,-0.001917882,1.339571767,0.151078898,-0.007235378,0.088639633,-0.038783914,0.017404392,-0.007615222
1.0969881,0.029854168,-0.00199191,1.340538944,0.152045672,-0.007514658,0.087857434,-0.037034942,0.017250807,-0.007271811
1.098001267,0.030098127,-0.001971418,1.34154844,0.153288144,-0.007437347,0.088073964,-0.036009,0.017293323,-0.007070367
1.099016667,0.030373285,-0.002001299,1.342559701,0.154689509,-0.007550076,0.087758235,-0.034291907,0.01723133,-0.006733216
1.1000284,0.030535874,-0.002041761,1.343568988,0.155517564,-0.007702724,0.087330705,-0.03303632,0.017147384,-0.006486682
1.101047267,0.030820291,-0.002018031,1.344583575,0.156966086,-0.007613199,0.087581444,-0.031838538,0.017196617,-0.006251497
1.102096567,0.030967197,-0.002072809,1.345630665,0.15771427,-0.007819856,0.087002644,-0.030511553,0.017082969,-0.005990943
1.102995567,0.031157051,-0.002065482,1.346526809,0.158681187,-0.007792214,0.087080064,-0.029622057,0.017098171,-0.005816291
1.104011167,0.031416395,-0.00211036,1.347538507,0.16000201,-0.007961518,0.086605882,-0.027827051,0.017005065,-0.005463842
1.105037667,0.031597151,-0.002120069,1.348562288,0.160922592,-0.007998149,0.086503287,-0.026803874,0.01698492,-0.005262941
1.1060351,0.031758705,-0.0021653,1.34955729,0.16174538,-0.008168784,0.086025379,-0.025503179,0.016891083,-0.005007549
1.106981867,0.032038991,-0.002205418,1.35049984,0.16317286,-0.008320136,0.085601477,-0.023651797,0.01680785,-0.00464403
1.1080119,0.032270923,-0.002241804,1.351526384,0.164354077,-0.008457402,0.085217027,-0.02208613,0.016732363,-0.004336612
1.109001133,0.032586518,-0.002268123,1.352510869,0.165961387,-0.008556693,0.084938936,-0.020200729,0.01667776,-0.003966413
1.110013633,0.032826087,-0.002202122,1.353519765,0.167181497,-0.0083077,0.085636307,-0.019677989,0.016814689,-0.003863773
1.111035333,0.03304599,-0.00226162,1.354538156,0.168301453,-0.008532162,0.085007642,-0.017929369,0.016691251,-0.003520432
1.112039667,0.033433729,-0.00229886,1.355536656,0.170276185,-0.008672654,0.084614156,-0.015561151,0.01661399,-0.003055432
1.113028467,0.03360012,-0.002307787,1.356522953,0.171123606,-0.008706329,0.084519841,-0.014619415,0.016595471,-0.002870522
1.114031033,0.03388698,-0.002371517,1.357521204,0.172584568,-0.008946758,0.083846455,-0.012485067,0.016463251,-0.002451443
1.114995433,0.034120136,-0.002360004,1.358482096,0.173772021,-0.008903323,0.083968106,-0.011419265,0.016487138,-0.002242173
1.116034467,0.034312949,-0.002445184,1.359518228,0.174754004,-0.009224674,0.083068075,-0.009537251,0.016310417,-0.001872639
1.1170308,0.034657519,-0.002501114,1.360509378,0.176508884,-0.009435674,0.082477114,-0.00719141,0.016194381,-0.001412033
1.118040933,0.034850133,-0.002497904,1.361516613,0.177489855,-0.009423562,0.082511037,-0.006244362,0.016201042,-0.00122608
1.1190032,0.035039783,-0.002530524,1.362476026,0.17845573,-0.009546627,0.082166362,-0.004933811,0.016133365,-0.000968754
1.120058133,0.035370466,-0.002564985,1.363525985,0.180139881,-0.009676634,0.081802242,-0.002885541,0.01606187,-0.000566576
1.121025533,0.035664881,-0.002618305,1.364488955,0.181639324,-0.009877789,0.081238854,-0.00082271,0.015951249,-0.000161539
1.122003333,0.03596813,-0.002667959,1.365462193,0.183183754,-0.010065109,0.080714212,0.001246362,0.015848236,0.000244723
1.1230403,0.036238961,-0.002736451,1.366495085,0.184563081,-0.010323502,0.079990516,0.003349386,0.015706138,0.000657652
1.124056567,0.036527456,-0.002620734,1.367507011,0.186032371,-0.009886949,0.081213199,0.003595992,0.015946212,0.000706073
1.125081133,0.037060057,-0.002824643,1.368523565,0.188744879,-0.010656215,0.079058663,0.008463036,0.015523169,0.001661717
1.1260158,0.037252005,-0.002871549,1.369455344,0.189722462,-0.010833173,0.078563046,0.009936236,0.015425854,0.00195098
1.127039667,0.037461574,-0.002896917,1.370476057,0.190789784,-0.010928875,0.078295005,0.011271599,0.015373224,0.002213178
1.128032267,0.037767959,-0.002962897,1.371464048,0.192350186,-0.01117779,0.077597853,0.013529153,0.015236339,0.002656449
1.1289989,0.03801452,-0.003003267,1.372426972,0.193605906,-0.011330091,0.077171292,0.015211435,0.015152583,0.002986765
1.130067167,0.038393212,-0.003034456,1.373489541,0.195534564,-0.011447754,0.076841747,0.017469638,0.015087877,0.003430163
1.131051167,0.038650371,-0.00311543,1.374469672,0.196844264,-0.011753234,0.075986168,0.019634917,0.014919884,0.003855316
1.132076633,0.038905524,-0.003123625,1.3754913,0.198143742,-0.011784152,0.075899573,0.021020989,0.014902881,0.004127471
1.133056967,0.039269462,-0.003303001,1.376466158,0.19999726,-0.012460861,0.074004268,0.024769813,0.014530738,0.004863553
1.134029833,0.039614047,-0.003408554,1.37743384,0.201752211,-0.012859071,0.072888976,0.027640056,0.01431175,0.005427125
1.135090433,0.039942891,-0.003428297,1.378489493,0.203426996,-0.012933552,0.072680372,0.029523444,0.014270791,0.005796928
1.135988,0.04034231,-0.003517451,1.37938105,0.205461216,-0.013269894,0.071738355,0.032499681,0.014085826,0.006381312
1.1370204,0.040660684,-0.003597008,1.38040866,0.207082679,-0.013570029,0.070897747,0.034961752,0.013920773,0.00686474
1.1379935,0.041121362,-0.003641274,1.381374829,0.209428889,-0.013737029,0.070430018,0.037775691,0.013828934,0.007417257
1.139046,0.041483625,-0.003765744,1.382421879,0.211273871,-0.014206603,0.06911485,0.040935842,0.013570701,0.008037753
1.1400599,0.041789638,-0.003910353,1.383431175,0.212832383,-0.014752153,0.067586893,0.04402231,0.013270686,0.008643781
1.141104933,0.042154835,-0.003820074,1.384470714,0.21469231,-0.014411567,0.068540795,0.044928335,0.013457985,0.008821679
1.142046633,0.042516275,-0.003977151,1.385406976,0.216533104,-0.015004152,0.066881102,0.048428822,0.013132104,0.009508999
1.143050033,0.042921491,-0.004171414,1.38640428,0.218596847,-0.015737027,0.06482849,0.052545178,0.012729074,0.010317246
1.144014333,0.043268419,-0.004170024,1.38736336,0.220363731,-0.015731783,0.064843176,0.054297376,0.012731958,0.01066129
1.145058367,0.043653484,-0.004349593,1.3884016,0.22232485,-0.016409225,0.062945818,0.058155852,0.012359411,0.011418902
1.146025133,0.044158842,-0.004455709,1.389360764,0.224898611,-0.016809554,0.061824589,0.061850842,0.012139258,0.012144413
1.147082967,0.044643601,-0.004573034,1.390411304,0.227367459,-0.017252177,0.060584907,0.065559372,0.011895847,0.012872583
1.148024767,0.045029961,-0.004714104,1.391347291,0.22933517,-0.017784375,0.059094344,0.069017646,0.011603175,0.013551615
1.149022367,0.045589122,-0.004849762,1.392336478,0.232182947,-0.018296156,0.057660964,0.073298804,0.01132173,0.01439222
1.1500447,0.046012444,-0.004942835,1.393352443,0.234338903,-0.018647282,0.056677541,0.076438183,0.011128635,0.015008637
1.151045267,0.046587925,-0.005141968,1.394344351,0.237269801,-0.019398529,0.054573473,0.081473148,0.010715501,0.015997253
1.152074367,0.047149548,-0.00526642,1.395365002,0.240130113,-0.019868034,0.053258498,0.085648435,0.010457306,0.01681707
1.1530062,0.047543226,-0.005349387,1.396290912,0.242135097,-0.020181034,0.052381858,0.08853006,0.010285178,0.017382877
1.1540719,0.048066046,-0.005518782,1.397348746,0.244797791,-0.020820091,0.050592009,0.092982603,0.009933741,0.018257134
1.155029433,0.048595548,-0.005703723,1.398298313,0.247494513,-0.0215178,0.048637888,0.097633445,0.009550049,0.019170327
1.1560684,0.049186951,-0.006103574,1.399328382,0.250506499,-0.023026273,0.044413005,0.104870314,0.008720494,0.020591286
1.157023967,0.049687992,-0.006178434,1.400276411,0.253058272,-0.023308688,0.043622028,0.108213064,0.008565185,0.021247635
1.158028667,0.050276384,-0.006318243,1.401272258,0.256054921,-0.023836131,0.042144782,0.112686959,0.008275128,0.022126084
1.159071267,0.050962315,-0.006735836,1.402304539,0.259548332,-0.025411538,0.037732433,0.120592719,0.007408763,0.02367838
1.160062167,0.051708739,-0.006914778,1.403284209,0.263349829,-0.026086609,0.035841715,0.126284935,0.007037521,0.024796047
1.1610332,0.052296708,-0.007172591,1.404246396,0.266344326,-0.027059232,0.033117626,0.13200352,0.006502646,0.025918891
1.162052067,0.05308242,-0.007327588,1.405253442,0.270345915,-0.027643973,0.031479902,0.137642833,0.006181079,0.02702617
1.163040233,0.053849954,-0.007458893,1.406230061,0.274254924,-0.028139332,0.030092517,0.142939227,0.005908666,0.028066117
1.164063667,0.054560656,-0.007800889,1.407242802,0.277874491,-0.029429543,0.026478937,0.150172375,0.005199139,0.029486346
1.1650557,0.055437107,-0.008219002,1.408221649,0.282338206,-0.031006911,0.022061093,0.159053933,0.004331696,0.03123024
1.166071333,0.056192804,-0.008423765,1.409225913,0.286186933,-0.031779397,0.01989754,0.165066214,0.003906882,0.032410751
1.1670332,0.057022282,-0.008885013,1.4101753,0.29041142,-0.033519497,0.015023924,0.174164317,0.002949947,0.034197164
1.1680033,0.057957226,-0.009156477,1.411131334,0.295173036,-0.034543618,0.012155599,0.181794257,0.002386752,0.035695302
1.169052733,0.058868207,-0.009460805,1.412167061,0.299812615,-0.035691723,0.008940025,0.18964941,0.001755374,0.037237662
1.170075667,0.059738827,-0.009892354,1.413176896,0.304246638,-0.03731978,0.004380216,0.198643242,0.000860055,0.039003601
1.171083533,0.060792415,-0.010410418,1.414168911,0.309612505,-0.039274223,0.001093725,0.2072956,0.000214753,0.040702491
1.172026333,0.061869811,-0.010728549,1.415095502,0.315099625,-0.0404744,0.004455142,0.209421303,0.000874767,0.041119873
1.172999233,0.063047958,-0.011198749,1.416050677,0.321099862,-0.04224827,0.009423338,0.210453345,0.001850272,0.041322514
1.1740287,0.064215001,-0.011632458,1.417062585,0.327043548,-0.043884475,0.014005969,0.211814399,0.002750072,0.041589757
1.175015333,0.065465288,-0.012083593,1.418030408,0.333411194,-0.045586421,0.018772725,0.21341529,0.003686025,0.041904092
1.1760102,0.066947837,-0.012659956,1.41900297,0.340961735,-0.047760803,0.024862663,0.214875892,0.004881784,0.042190881
1.177026633,0.068083906,-0.013238924,1.420002311,0.346747675,-0.049945009,0.030980117,0.214544378,0.006082946,0.042125789
1.1780327,0.069583379,-0.013871962,1.420985818,0.35438441,-0.052333201,0.037668888,0.215492343,0.007396286,0.042311922
1.179048367,0.071065093,-0.01446672,1.421979192,0.361930702,-0.05457698,0.043953191,0.216754332,0.008630209,0.042559713
1.180039633,0.072602515,-0.015211946,1.422947328,0.36976071,-0.057388411,0.051827354,0.216710176,0.010176301,0.042551043
1.181050767,0.074323495,-0.015993787,1.42393257,0.378525568,-0.060337975,0.060088397,0.217213991,0.011798357,0.042649967
1.1820523,0.07597816,-0.016754832,1.424909209,0.386952687,-0.063209086,0.068129711,0.217599796,0.013377269,0.04272572
1.1830202,0.07770586,-0.01752283,1.425851115,0.39575177,-0.066106423,0.076244481,0.218284109,0.014970604,0.042860085
1.1840093,0.079700716,-0.018311721,1.426810203,0.405911464,-0.069082584,0.084580016,0.220108269,0.016607286,0.043218259
1.185047633,0.081769953,-0.01918227,1.427817404,0.416449979,-0.072366809,0.093778365,0.221448434,0.018413382,0.0434814
1.186042467,0.083902096,-0.020031175,1.42878016,0.427308865,-0.075569378,0.102748016,0.223337669,0.020174573,0.043852351
1.187034767,0.086169139,-0.021014787,1.429738352,0.438854793,-0.07928014,0.113140998,0.224490616,0.022215235,0.044078732
1.188020367,0.088478958,-0.022016757,1.430689201,0.450618577,-0.08306016,0.123727956,0.225667441,0.024293984,0.044309802
1.1890572,0.091097624,-0.022947169,1.431686636,0.463955304,-0.086570224,0.13355883,0.229173295,0.026224276,0.044998176
1.190054033,0.093698162,-0.024042534,1.432644344,0.477199706,-0.090702585,0.145132613,0.230843914,0.028496789,0.045326202
1.191076467,0.096525471,-0.025448682,1.433624241,0.491599039,-0.096007401,0.159990167,0.230385693,0.031414069,0.045236231
1.1921255,0.099874696,-0.026313191,1.434622885,0.50865646,-0.099268837,0.169124693,0.238308588,0.033207633,0.046791891
1.1931518,0.102951601,-0.028278631,1.435602893,0.524326974,-0.106683636,0.18989182,0.233211975,0.037285259,0.045791171
1.194130767,0.106210748,-0.02985185,1.436532826,0.540925631,-0.112618741,0.20651467,0.233187782,0.040549155,0.045786421
1.195203067,0.110144481,-0.03037428,1.437545943,0.560959922,-0.114589654,0.21203474,0.247702002,0.041633021,0.048636288
1.1961879,0.11377279,-0.032487001,1.438476188,0.579438706,-0.122560081,0.234358052,0.243857475,0.046016204,0.047881415
1.197256133,0.117822453,-0.034680268,1.439483495,0.600063424,-0.130834376,0.257532428,0.241307816,0.050566492,0.04738079
1.198286067,0.122439333,-0.035970087,1.440443967,0.623576946,-0.135700333,0.271160844,0.251192922,0.053242432,0.04932173
1.199323233,0.126583277,-0.038162929,1.441418788,0.644681827,-0.143973023,0.294330726,0.249127921,0.057791838,0.048916267
1.2003212,0.13086531,-0.040285441,1.442352331,0.666489992,-0.151980386,0.316757488,0.248509325,0.062195333,0.048794806
1.201323933,0.135524737,-0.042389407,1.443284964,0.690220202,-0.159917783,0.33898829,0.250008732,0.066560351,0.049089215
1.202315533,0.140332897,-0.044583179,1.444204225,0.714707903,-0.168193983,0.362168002,0.25131672,0.071111687,0.049346038
1.203348133,0.145478467,-0.046728794,1.44515941,0.740914014,-0.176288504,0.384838874,0.25485196,0.075563113,0.050040182
1.204292067,0.15071486,-0.049016818,1.446024562,0.767582684,-0.184920279,0.40901447,0.257345034,0.080309991,0.050529698
1.2053049,0.15621072,-0.051486303,1.44695471,0.795572804,-0.194236629,0.435107402,0.259242222,0.085433338,0.05090221
1.2063188,0.16206513,-0.053872945,1.44788053,0.825388999,-0.203240447,0.460325002,0.263840817,0.090384814,0.051805144
1.207312967,0.168091753,-0.056121515,1.448784026,0.856082268,-0.211723374,0.484083707,0.270775381,0.095049836,0.053166746
1.208273433,0.17435426,-0.059165364,1.449650273,0.887976878,-0.223206563,0.516245451,0.270508247,0.101364794,0.053114294
1.2093043,0.180925177,-0.061808246,1.450582281,0.921442204,-0.23317707,0.544170524,0.2760485,0.106847882,0.054202123
1.210313633,0.187855847,-0.065025691,1.451487342,0.956739733,-0.245315167,0.578166512,0.277350042,0.113522995,0.054457681
1.2113413,0.195143287,-0.068301781,1.452405369,0.993854274,-0.257674505,0.612782144,0.27984895,0.120319774,0.054948341
1.2123,0.202740873,-0.071581198,1.453249764,1.032548375,-0.270046397,0.647432936,0.283892258,0.127123457,0.055742245
1.213333833,0.210511027,-0.074473277,1.454166695,1.072121348,-0.280957018,0.67799105,0.292907119,0.133123543,0.057512313
1.214240867,0.218700777,-0.077925888,1.454950513,1.113831305,-0.293982299,0.714471835,0.29813629,0.140286545,0.058539061
1.215271433,0.227275973,-0.081637256,1.455852066,1.157504321,-0.307983763,0.75368668,0.302594461,0.14798638,0.059414422
1.216323833,0.236218957,-0.085776393,1.456769919,1.203050454,-0.323599022,0.79742139,0.304405884,0.15657369,0.059770095
1.217330633,0.245285557,-0.089254514,1.457640312,1.249226161,-0.336720543,0.834171721,0.31383126,0.163789617,0.061620768
1.2183071,0.254905477,-0.093888456,1.458472047,1.298219896,-0.354202496,0.883134608,0.313862109,0.17340348,0.061626825
1.219308967,0.264722007,-0.096797499,1.459326224,1.348214956,-0.365177118,0.913871972,0.333119804,0.179438762,0.065408074
1.220300967,0.275115837,-0.102040217,1.460161849,1.401150174,-0.384955735,0.969267281,0.330659714,0.190315631,0.064925035
1.221303233,0.285375407,-0.105239877,1.46100976,1.453401613,-0.397026735,1.003075346,0.349103087,0.196953844,0.068546391
1.222276033,0.296617587,-0.110849872,1.461813422,1.510657431,-0.418190938,1.062351359,0.347082893,0.208592689,0.068149726
1.2233151,0.30809897,-0.115276407,1.462679751,1.5691315,-0.434890431,1.109122757,0.358785563,0.217776253,0.070447545
1.224339433,0.319788357,-0.119998467,1.463528218,1.628664918,-0.45270482,1.159016719,0.36842502,0.227572933,0.072340253
1.2253,0.332233427,-0.12486019,1.464301548,1.692046991,-0.471046101,1.210386383,0.380437428,0.237659366,0.074698889
1.226306533,0.344748277,-0.129522307,1.465119796,1.75578445,-0.488634348,1.259646975,0.394914295,0.247331683,0.077541422
1.227276333,0.357980253,-0.13483771,1.46589052,1.823174196,-0.508687177,1.315810286,0.40614073,0.25835935,0.079745732
1.228324467,0.37120234,-0.140027827,1.466739727,1.890513573,-0.528267351,1.370649801,0.418640592,0.269127089,0.08220008
1.2293158,0.385164817,-0.146462897,1.467520995,1.961623716,-0.552544221,1.438643672,0.421756865,0.282477685,0.08281196
1.230310167,0.39928782,-0.152302873,1.468302881,2.033551413,-0.574576049,1.5003497,0.431978533,0.294593664,0.084818985
1.2313344,0.41370132,-0.158169527,1.469110264,2.106958594,-0.596708517,1.562337599,0.443397816,0.306764987,0.087061161
1.2322818,0.428807677,-0.164410207,1.469830389,2.183894457,-0.620252034,1.628277516,0.454393761,0.31971229,0.089220215
1.233315333,0.444071343,-0.17090608,1.47063428,2.261631491,-0.64475829,1.696913843,0.463494469,0.333189033,0.091007139
1.234340467,0.459847517,-0.177287973,1.471422061,2.341978695,-0.668834547,1.764345841,0.476409674,0.346429306,0.09354304
1.235289967,0.475936693,-0.182836667,1.472129499,2.423920007,-0.689767483,1.822974128,0.499722699,0.35794097,0.098120552
1.236292167,0.49261258,-0.189929,1.47288081,2.508849402,-0.716523937,1.897912736,0.509713485,0.372655166,0.100082243
1.237283067,0.509659577,-0.19861155,1.473615238,2.59566884,-0.749279624,1.989653802,0.504791858,0.390668524,0.099115881
1.238310067,0.52692012,-0.204019717,1.474382553,2.683575859,-0.769682411,2.046797264,0.535555416,0.401888643,0.105156306
1.2393145,0.544572453,-0.209896127,1.475121407,2.773478245,-0.791851687,2.108888253,0.563366812,0.414080208,0.110617074
1.2403478,0.563266517,-0.220432847,1.475873455,2.868686105,-0.831602394,2.220220743,0.547242182,0.435940343,0.107451002
1.2412955,0.58158356,-0.22657641,1.476545575,2.961973822,-0.85477953,2.285134512,0.57561613,0.448686161,0.113022227
1.2423452,0.60060668,-0.234265087,1.477309072,3.05885755,-0.883785742,2.36637417,0.591260201,0.464637568,0.11609394
1.243309933,0.620259167,-0.243509397,1.477978134,3.158946609,-0.918660719,2.464050871,0.593672558,0.483816389,0.116567607
1.244306867,0.639818867,-0.249615177,1.478680792,3.25856311,-0.941695313,2.528565416,0.628774514,0.496483819,0.123459876
1.245255733,0.65993428,-0.256967957,1.479327022,3.361009829,-0.969434326,2.606255941,0.653530708,0.511738354,0.128320755
1.2463411,0.680444,-0.266138847,1.48010382,3.465464731,-1.004032319,2.703156877,0.661084675,0.530764853,0.129803976
1.2473164,0.70128308,-0.275232263,1.480765596,3.571597046,-1.038338036,2.799239218,0.671134648,0.54963062,0.131777288
1.248335333,0.722767313,-0.28435268,1.481461299,3.681015092,-1.072745614,2.895606845,0.684185067,0.568552404,0.134339738
1.249279433,0.744059543,-0.291285693,1.482085058,3.789455275,-1.09890102,2.968862056,0.71937004,0.582936065,0.141248307
1.250318167,0.76633825,-0.300874323,1.482788608,3.902919531,-1.135074974,3.070176892,0.73151946,0.602829233,0.143633846
1.2512828,0.78862103,-0.30953505,1.483417997,4.016404533,-1.167748331,3.161687368,0.753493985,0.620797315,0.147948544
1.252301067,0.81100251,-0.317538253,1.484099534,4.130392208,-1.197941122,3.24625036,0.782918669,0.637401258,0.153726081
1.2533136,0.834557493,-0.327558657,1.484757683,4.250356472,-1.23574398,3.352127374,0.797005918,0.65819021,0.156492112
1.254304433,0.858317793,-0.33768358,1.485391042,4.371366404,-1.273941148,3.459108763,0.811034461,0.679196006,0.159246616
1.2553017,0.88175738,-0.34556952,1.48603566,4.490742959,-1.303691553,3.542432733,0.847087047,0.695556667,0.166325542
1.256287367,0.906146607,-0.356318503,1.486654391,4.61495598,-1.344243043,3.656008028,0.857724772,0.717857176,0.168414259
1.257318233,0.930277827,-0.365481953,1.487322203,4.737854987,-1.378812968,3.752830351,0.883801456,0.736868239,0.173534416
1.258259367,0.955347043,-0.375149427,1.48788617,4.86553116,-1.415284365,3.854978257,0.909329723,0.756924981,0.178546891
1.259313733,0.980271327,-0.384588933,1.488565551,4.992469196,-1.450895738,3.954717435,0.936528582,0.776508768,0.183887387
1.260291067,1.005160257,-0.39379821,1.489168431,5.119227179,-1.485638548,4.052023969,0.96598003,0.795614906,0.189670179
1.261399067,1.03232461,-0.40483252,1.489867743,5.257573771,-1.527266458,4.168614067,0.987736524,0.818507372,0.193942067
1.262387067,1.05997399,-0.41611283,1.490439758,5.398390578,-1.569822424,4.287803436,1.009363962,0.841910205,0.198188614
1.2633504,1.086669033,-0.427587837,1.491001464,5.534346999,-1.613112901,4.409049998,1.024073822,0.865716967,0.201076895
1.264483633,1.1142139,-0.474311393,1.491720285,5.674631525,-1.789381648,4.902737781,0.670670565,0.962652563,0.131686165
1.265482067,1.142609433,-0.447461847,1.492291508,5.819248451,-1.68808936,4.61904163,1.098983641,0.906948824,0.215785438
1.2665463,1.1716251,-0.460978437,1.4929192,5.967023682,-1.73908189,4.761859853,1.103940649,0.934991182,0.216758746
1.2675825,1.2002853,-0.470126517,1.493524208,6.112988541,-1.773593831,4.858519775,1.153245586,0.953970358,0.226439771
1.2685812,1.2287837,-0.483073137,1.494094149,6.258129361,-1.822436099,4.995315614,1.161590567,0.980830221,0.228078308
1.269624767,1.2558247,-0.489487817,1.494730884,6.395847721,-1.846636046,5.06309404,1.231530501,0.994138515,0.241811014
1.270583833,1.2848986,-0.50443974,1.495252534,6.543919531,-1.903043498,5.221078201,1.221618151,1.025158705,0.239864724
1.271594367,1.313479633,-0.514994563,1.495833066,6.689481199,-1.942862502,5.332601974,1.255656045,1.047056398,0.246548064
1.2725905,1.342417967,-0.526575057,1.496393822,6.836862575,-1.986550936,5.454963123,1.280676273,1.071082009,0.251460786
1.273562667,1.3720698,-0.54015517,1.496919877,6.987877769,-2.037783114,5.598452543,1.288202047,1.099256157,0.252938472
1.274507867,1.4002577,-0.54706209,1.49744099,7.131437229,-2.06384008,5.671432047,1.358782002,1.113585683,0.266796846
1.275587933,1.4302581,-0.560495693,1.4980697,7.284227655,-2.114519536,5.813373422,1.369631053,1.141455871,0.268927057
1.2765729,1.460777033,-0.572132587,1.49859551,7.439658942,-2.158420744,5.936330501,1.402105262,1.165598494,0.275303368
1.277646233,1.490915033,-0.583582623,1.499215417,7.593150157,-2.201617019,6.057313226,1.434613751,1.189353452,0.28168641
1.278581233,1.521232667,-0.59515796,1.499694288,7.747556235,-2.245286,6.179619889,1.466713166,1.213368365,0.28798913
1.279607933,1.551676833,-0.60737616,1.500262955,7.90260674,-2.291380239,6.308719138,1.492664422,1.238717003,0.293084659
1.2805571,1.582590733,-0.61860949,1.500747022,8.060049571,-2.333758969,6.427412109,1.531414282,1.262022368,0.300693194
1.281586867,1.613445467,-0.62916114,1.50131258,8.21719107,-2.373566001,6.538902353,1.577065538,1.283913477,0.309656818
1.2825701,1.644179667,-0.639651557,1.501833417,8.3737187,-2.413142025,6.649745596,1.622749924,1.305677548,0.318626948
1.2835864,1.676421567,-0.654170357,1.502364638,8.537924964,-2.467915481,6.803153313,1.633548471,1.335799153,0.320747242
1.284559333,1.708405767,-0.667666673,1.502856369,8.700818776,-2.518831529,6.945757325,1.653838271,1.363799451,0.324731144
1.285578867,1.739955133,-0.67825252,1.503401242,8.861498005,-2.558767571,7.057608895,1.70266593,1.385761507,0.334318455
1.286599167,1.771707267,-0.687637407,1.503943831,9.023209914,-2.594172885,7.15677095,1.765215784,1.405231976,0.346600119
1.287623733,1.803404333,-0.69858434,1.504491515,9.184641372,-2.635471159,7.272437814,1.810980378,1.427943165,0.355585997
1.2885647,1.8377092,-0.719092507,1.504916365,9.359354214,-2.71284003,7.489130036,1.769000999,1.470490683,0.347343346
1.289573367,1.869153233,-0.725711623,1.505451956,9.519496987,-2.737811232,7.559068569,1.859205238,1.484223114,0.365054948
1.2905621,1.901896067,-0.737318217,1.505948074,9.686254478,-2.781598131,7.681705495,1.903325803,1.508302874,0.373718021
1.291574567,1.935833733,-0.751968383,1.506449948,9.85909719,-2.83686718,7.836501251,1.921372759,1.538697021,0.377261541
1.2925877,1.9693941,-0.763881487,1.506958166,10.03001833,-2.881810415,7.962376805,1.96641835,1.563412686,0.386106243
1.2935526,2.0032215,-0.778865513,1.507414133,10.20229947,-2.93833898,8.120700174,1.980376112,1.594499479,0.38884685
1.294596433,2.0350666,-0.78419886,1.507978856,10.36448485,-2.958459501,8.177053078,2.086208591,1.605564372,0.409627057
1.2955764,2.0706024,-0.80439673,1.508424187,10.54546677,-3.034657751,8.390466661,2.053776928,1.647468129,0.4032591
1.2965557,2.1043153,-0.814070363,1.508896276,10.71716476,-3.071152387,8.492679655,2.123261923,1.66753765,0.416902478
1.297569133,2.136639367,-0.821321507,1.509423394,10.88178949,-3.098507966,8.569296272,2.21127004,1.682581323,0.434182872
1.298597333,2.170797567,-0.837219577,1.509937684,11.05575537,-3.15848484,8.737277554,2.217254635,1.715564448,0.435357948
1.299588967,2.2061789,-0.852732897,1.510397005,11.2359506,-3.217010211,8.901193512,2.233533907,1.747749346,0.438554383
1.300567367,2.240797767,-0.866360607,1.510854564,11.41226263,-3.268421951,9.045185845,2.265853602,1.776022241,0.444900355
1.301571467,2.277315367,-0.88549741,1.511309257,11.5982448,-3.340617233,9.247388046,2.249633575,1.815724643,0.441715552
1.3025522,2.311101833,-0.891881943,1.511781673,11.77031746,-3.364703449,9.314847938,2.354246342,1.828970393,0.462256269
1.303546233,2.346183067,-0.905340653,1.512247909,11.9489843,-3.415477622,9.457054593,2.390706524,1.856892669,0.469415226
1.3045828,2.381132133,-0.918374117,1.512758667,12.12697802,-3.464647514,9.594768031,2.430986805,1.883932703,0.477324259
1.3055405,2.416560567,-0.929938437,1.513183346,12.30741312,-3.508274934,9.71695829,2.489231653,1.90792476,0.488760635
1.306581233,2.452561067,-0.94370002,1.513682452,12.49076173,-3.560191723,9.862365148,2.527173407,1.936475397,0.496210498
1.307637567,2.488445133,-0.959008523,1.51419891,12.67351736,-3.617944405,10.02411698,2.548177195,1.96823537,0.500334592
1.3085964,2.523147667,-0.967439187,1.514635643,12.8502555,-3.649749827,10.11319658,2.635835738,1.985726148,0.517546347
1.309582667,2.560825033,-0.98603584,1.515055054,13.0421443,-3.719907345,10.30969148,2.631229643,2.024307922,0.51664194
1.310560133,2.5946196,-0.990416313,1.515524081,13.21425821,-3.736433068,10.35597619,2.757058847,2.033395924,0.541348505
1.311561333,2.632242133,-1.012101663,1.51595925,13.40586775,-3.818242967,10.5851067,2.719537878,2.0783857,0.533981262
1.3125689,2.667994133,-1.02277445,1.516428928,13.58795077,-3.858506998,10.69787689,2.788850703,2.100528127,0.547590835
1.313530733,2.705157633,-1.03659585,1.516831637,13.77722248,-3.910649451,10.84391578,2.832083522,2.129202862,0.5560796
1.314587467,2.741550667,-1.04944519,1.517340837,13.96257024,-3.959124722,10.97968374,2.881663321,2.155860902,0.565814593
1.315556467,2.7768963,-1.058039773,1.517778062,14.14258365,-3.991548547,11.07049534,2.970865136,2.173691759,0.583329369
1.316602167,2.8153799,-1.076604607,1.518244776,14.33857856,-4.061586021,11.26665402,2.970701358,2.212207517,0.583297212
1.3175864,2.852043267,-1.087363867,1.518677409,14.52530312,-4.10217628,11.3803379,3.043742035,2.234529347,0.597638748
1.3185964,2.8902061,-1.104641267,1.519113249,14.71966437,-4.167356799,11.56289338,3.055547815,2.270374115,0.599956813
1.319566833,2.9253618,-1.111039933,1.519554765,14.89871047,-4.191496334,11.63050261,3.166984679,2.283649187,0.621837442
1.320532267,2.9622794,-1.1268273,1.519964773,15.08672982,-4.25105557,11.79731418,3.188192457,2.31640264,0.626001589
1.321586133,2.999339367,-1.1370537,1.520461073,15.27547424,-4.289635568,11.90536779,3.268883271,2.337618965,0.64184523
1.322571467,3.039107067,-1.157974367,1.520848101,15.478009,-4.368560632,12.12641854,3.250367274,2.381022281,0.638209614
1.323581,3.076531,-1.171995333,1.521294591,15.66860708,-4.421455968,12.27456608,3.292817817,2.41011105,0.646544778
1.324580133,3.114358,-1.186335133,1.521724617,15.86125796,-4.47555413,12.42608246,3.333952317,2.439861291,0.654621538
1.325568167,3.1501804,-1.193570933,1.522173703,16.04369952,-4.502851825,12.50253696,3.439939378,2.454873132,0.675432097
1.326564433,3.188889667,-1.2098636,1.522587588,16.24084373,-4.56431735,12.6746876,3.464932947,2.488674911,0.680339584
1.327582333,3.226939767,-1.225918,1.523033025,16.43463085,-4.624883993,12.84432069,3.489086975,2.521982368,0.685082228
1.328550333,3.2640733,-1.234651567,1.523442351,16.62374994,-4.657832145,12.93660081,3.58592595,2.540101568,0.70409656
1.329611767,3.304412433,-1.253235667,1.523896882,16.82919497,-4.727942305,13.13296306,3.59500873,2.578657298,0.705879964
1.3306094,3.3423666,-1.2652223,1.524323495,17.02249351,-4.773162938,13.25961555,3.66165478,2.603525513,0.718965916
1.331607433,3.379304067,-1.2710913,1.524765804,17.21061404,-4.795304259,13.32162824,3.787762619,2.615701705,0.74372719
1.3325361,3.4202305,-1.2925742,1.525078732,17.41905017,-4.876350398,13.54861963,3.769207351,2.660271465,0.740083863
1.3335518,3.458796433,-1.307443967,1.525514208,17.61546439,-4.932447907,13.70573572,3.808505496,2.691121208,0.747800054
1.334630767,3.494862933,-1.311413367,1.526050554,17.79914914,-4.947422819,13.74767696,3.950248994,2.699356372,0.77563139
1.335538867,3.5358163,-1.334614733,1.52634251,18.00772243,-5.034952025,13.99282592,3.913673332,2.74749137,0.768449759
1.3365804,3.572492667,-1.3408268,1.526832248,18.1945132,-5.058387596,14.05846351,4.034826511,2.76037931,0.792238186
1.337616533,3.613850767,-1.3614734,1.527246149,18.40514778,-5.136278719,14.27661844,4.027306164,2.80321403,0.790761565
1.338615967,3.6540648,-1.3758306,1.527640562,18.60995569,-5.190442525,14.42831867,4.080413846,2.83300037,0.801189259
1.339662467,3.692204867,-1.387548667,1.528113244,18.804201,-5.234649967,14.55213343,4.150844388,2.8573114,0.815018296
1.340590467,3.729241833,-1.395015167,1.528484023,18.99282828,-5.262817998,14.63102554,4.260579562,2.872801865,0.836564797
1.341611367,3.769557867,-1.4130667,1.528898369,19.19815567,-5.330919003,14.82176062,4.27517187,2.910252699,0.839429997
1.342568367,3.810202367,-1.4299894,1.529243872,19.40515593,-5.394761384,15.00056829,4.303364456,2.945361584,0.844965611
1.3435996,3.849396967,-1.444824833,1.529685423,19.60477192,-5.450729367,15.1573216,4.346227138,2.976140097,0.853381698
1.344580667,3.887913833,-1.454996633,1.530087003,19.80093625,-5.489103381,15.2647983,4.434914776,2.997243146,0.870795516
1.345662767,3.9284362,-1.471222467,1.530559444,20.00731449,-5.550316772,15.43624277,4.469848537,3.030906268,0.87765476
1.346629667,3.966492967,-1.4809842,1.53095378,20.20113556,-5.587143773,15.53938664,4.560525734,3.051158568,0.895459228
1.347635033,4.005712833,-1.493871167,1.531369084,20.40088023,-5.635760994,15.67555218,4.624104874,3.07789467,0.907942992
1.348622133,4.0495345,-1.519106067,1.531696887,20.62406162,-5.730961884,15.94218774,4.580650705,3.130248563,0.899410766
1.3495833,4.088071733,-1.5293289,1.532078261,20.82032968,-5.769528426,16.05020366,4.668902845,3.151457488,0.916739074
1.350536333,4.125727433,-1.5369278,1.532464764,21.01210814,-5.798195948,16.13049472,4.780390237,3.167222639,0.938629623
1.35162,4.1668415,-1.553504133,1.53292987,21.22149987,-5.860731631,16.30564263,4.814634061,3.201612931,0.945353398
1.352594333,4.210051367,-1.574132167,1.533254111,21.4415654,-5.938552709,16.52360138,4.816740839,3.244409132,0.945767064
1.353591967,4.248940933,-1.5834028,1.53366665,21.63962788,-5.973526993,16.62155622,4.916848475,3.263642564,0.965423198
1.354606167,4.2856175,-1.587513333,1.534129051,21.82641966,-5.989034343,16.6649887,5.060207775,3.272170532,0.993571797
1.355625067,4.327540733,-1.60541,1.534517216,22.03993243,-6.0565511,16.85408744,5.08462181,3.30930007,0.998365492
1.356588033,4.368738333,-1.623232533,1.534860365,22.2497496,-6.123788182,17.04240288,5.106123537,3.346275805,1.002587357
1.3576253,4.4097597,-1.638662033,1.535280465,22.45866921,-6.181997334,17.20543318,5.152012849,3.378286806,1.011597723
1.358588133,4.448153667,-1.647359267,1.535665661,22.65420762,-6.214808415,17.2973294,5.255655047,3.396330627,1.031947869
1.359582267,4.490666067,-1.666944967,1.536020196,22.87072099,-6.288697199,17.5042747,5.265223109,3.436964338,1.033826557
1.360590933,4.531055933,-1.6759654,1.536421197,23.07642441,-6.322727581,17.59958589,5.375615341,3.45567869,1.055502072
1.3615922,4.571090233,-1.686920533,1.536820147,23.28031695,-6.36405679,17.7153394,5.463754374,3.478406891,1.072808171
1.3625988,4.6128068,-1.7065747,1.537199122,23.49277718,-6.438203871,17.92300813,5.46854587,3.519182647,1.073748982
1.3635926,4.6545488,-1.721925567,1.537564913,23.70536695,-6.496116372,18.08520759,5.51893618,3.55103051,1.083643119
1.364609,4.692253433,-1.727715367,1.538014047,23.89739462,-6.517958904,18.14638344,5.649787997,3.563042389,1.109335873
1.365572633,4.7340649,-1.745987033,1.538348627,24.11033817,-6.586890381,18.33944449,5.669670507,3.600949925,1.113239804
1.366587733,4.775416033,-1.7571212,1.538741599,24.32093727,-6.628895009,18.45708968,5.76262441,3.624049559,1.131491303
1.367570867,4.816437867,-1.773638233,1.539107559,24.52985926,-6.691206977,18.63161102,5.797025066,3.658316824,1.138245872
1.368640567,4.858457867,-1.7922513,1.539545068,24.74386487,-6.761426416,18.82827934,5.814362344,3.696932649,1.141650046
1.3696319,4.897700633,-1.797700133,1.539945994,24.94372617,-6.781982621,18.8858525,5.956650493,3.708237138,1.169588324
1.370627467,4.9405419,-1.817949733,1.540297014,25.16191444,-6.858376026,19.09981267,5.960878593,3.750248217,1.170418512
1.371560033,4.978829367,-1.819120933,1.540653546,25.35691045,-6.862794482,19.11218773,6.143499536,3.752678061,1.206276134
1.372601133,5.024564267,-1.850891467,1.541006564,25.58983584,-6.982651627,19.44787973,6.040732925,3.818591185,1.18609791
1.373497333,5.062750833,-1.8527286,1.541328247,25.78431797,-6.989582374,19.46729115,6.215803644,3.822402617,1.220473045
1.374537367,5.104973,-1.871215,1.541733048,25.9993532,-7.059323952,19.66262109,6.235508924,3.860755652,1.224342177
1.3755747,5.147347767,-1.885358767,1.542132853,26.21516561,-7.112682562,19.81206615,6.301876272,3.890099189,1.237373406
1.376618967,5.188413767,-1.898539067,1.542559282,26.42431254,-7.162406408,19.95133109,6.371758268,3.917443859,1.251094736
1.377592833,5.228361933,-1.9068952,1.542932128,26.6277664,-7.19393066,20.03962319,6.486920035,3.934780013,1.273706749
1.378565767,5.2709808,-1.9235211,1.543263861,26.844822,-7.256653337,20.21529483,6.528303995,3.969273139,1.281832489
1.3795585,5.312728733,-1.937432833,1.543628496,27.05744198,-7.30913658,20.36228819,6.593930612,3.998135286,1.294718276
1.380529533,5.3543458,-1.952070233,1.543973401,27.26939547,-7.364357465,20.51694905,6.651223235,4.028502947,1.305967682
1.381603533,5.400059067,-1.974934267,1.544359645,27.50221068,-7.450614052,20.7585337,6.642453799,4.075938092,1.304245803
1.3825609,5.438903167,-1.977784067,1.544732602,27.70004159,-7.461365174,20.78864509,6.810173319,4.081850464,1.337177531
1.383583333,5.4802931,-1.992858967,1.545132324,27.9108383,-7.518236566,20.94792864,6.861686476,4.113125789,1.34729214
1.384634367,5.521931633,-2.003230167,1.545556905,28.12290111,-7.557362835,21.05751223,6.964165706,4.134642526,1.367413936
1.385596633,5.562101367,-2.0119351,1.545914818,28.32748341,-7.590202965,21.1494898,7.076770429,4.152702322,1.389523874
1.3866031,5.604202733,-2.024801567,1.54628787,28.5419034,-7.638742848,21.28543872,7.1552415,4.179395893,1.404931669
1.387593367,5.650990667,-2.056224367,1.546574212,28.78019183,-7.757288138,21.61745652,7.061512131,4.244587588,1.386527907
1.388591667,5.687502367,-2.053444033,1.547023194,28.96614396,-7.746799085,21.58807912,7.276841657,4.238819336,1.428807859
1.389562367,5.7296143,-2.0637306,1.54736032,29.18061777,-7.785606066,21.69676846,7.382626136,4.260160487,1.449578642
1.390531733,5.776130367,-2.090111567,1.547629852,29.4175216,-7.885130594,21.97551353,7.340784897,4.314892081,1.441363115
1.3915626,5.812419567,-2.090023333,1.548114748,29.60234055,-7.884797726,21.97458124,7.526536129,4.314709026,1.477835369
1.392570133,5.856468667,-2.116013333,1.548459562,29.82668025,-7.982847298,22.2491953,7.476261771,4.368629497,1.467963999
1.393576967,5.898644,-2.1238537,1.548831868,30.04147695,-8.012425774,22.33203773,7.608216042,4.384895609,1.49387322
1.394560167,5.9434792,-2.149328567,1.549140522,30.26982022,-8.10853196,22.60120882,7.567388222,4.437747351,1.485856677
1.3955677,5.9837764,-2.152634067,1.549541784,30.47505169,-8.121002251,22.6361352,7.73769331,4.444605147,1.519296081
1.396559,6.024931867,-2.164981467,1.5499139,30.68465427,-8.167583909,22.7665996,7.816831496,4.470221831,1.534834864
1.397527533,6.070342367,-2.1868754,1.550199232,30.91592751,-8.250180707,22.99793403,7.816770302,4.515644347,1.534822849
1.398579667,6.1115152,-2.195758933,1.55063192,31.12561854,-8.283694622,23.09179871,7.932596646,4.534074677,1.557565351
1.399632933,6.1552688,-2.210235967,1.551026914,31.34845327,-8.338310509,23.24476512,8.002464975,4.564109631,1.571283998
1.400556733,6.197176133,-2.225012067,1.551320218,31.56188507,-8.394054652,23.4008915,8.059770386,4.594765047,1.582535915
1.401591367,6.236511867,-2.231712767,1.551763046,31.76221985,-8.419333635,23.47169206,8.189304607,4.608666736,1.60796996
1.4024729,6.2783003,-2.244779733,1.552015872,31.97504609,-8.468629922,23.6097595,8.264063414,4.635776277,1.622648851
1.403558,6.3204994,-2.255122033,1.552466087,32.18996384,-8.507647162,23.71903772,8.369702942,4.657233056,1.643391173
1.404541067,6.363681633,-2.268355233,1.552799476,32.40988863,-8.557570579,23.8588616,8.449803852,4.684687476,1.659118986
1.4055996,6.4090899,-2.290402167,1.553174842,32.6411505,-8.640744583,24.09181265,8.448114663,4.730427414,1.658787314
1.4065714,6.451555433,-2.301004567,1.553507749,32.85742518,-8.680743074,24.20383913,8.552362868,4.752423813,1.679256449
1.407571467,6.492465967,-2.305514333,1.553892316,33.06578032,-8.697756567,24.25148997,8.713067177,4.761780055,1.71081074
1.408546167,6.539146567,-2.332839567,1.554164707,33.30352211,-8.800843425,24.54021229,8.66208664,4.818470683,1.700800712
1.409534933,6.577844933,-2.331696033,1.554571256,33.50061081,-8.796529344,24.52812956,8.871258079,4.816098238,1.741871524
1.410530433,6.620444167,-2.3492716,1.554925851,33.71756642,-8.862834723,24.71383551,8.902507735,4.852561602,1.748007394
1.411537633,6.6641962,-2.363762933,1.555274802,33.94039318,-8.917504559,24.86695301,8.972216989,4.882626223,1.761694806
1.412549067,6.713130467,-2.394575433,1.555550019,34.18961277,-9.033747438,25.19252229,8.895867297,4.946551751,1.746703544
1.413517733,6.7486822,-2.3805247,1.55598381,34.37067583,-8.980739805,25.04406023,9.225392423,4.917401226,1.811405802
1.414523867,6.790756533,-2.395427,1.556356935,34.58495815,-9.036960048,25.20152006,9.282214909,4.948318465,1.822562897
1.4155706,6.832861867,-2.410491933,1.556770193,34.79939835,-9.093793841,25.3606983,9.337476869,4.979573112,1.833413583
1.416587367,6.8797846,-2.438915033,1.557081007,35.03837331,-9.201022497,25.66102084,9.276129288,5.038541443,1.821367986
1.417549633,6.923570333,-2.449512967,1.557384518,35.2613717,-9.241004137,25.77300012,9.387148396,5.060528574,1.843166588
1.418585833,6.964058733,-2.458965933,1.55781157,35.46757695,-9.276666289,25.87288152,9.493472244,5.080140287,1.864043275
1.4195492,7.005119667,-2.462402767,1.558157175,35.67669807,-9.289632047,25.90919559,9.666279299,5.087270555,1.89797394
1.420544033,7.0499927,-2.483017233,1.558476893,35.90523402,-9.367401944,26.127011,9.676999843,5.130038609,1.900078919
1.421566767,7.091393467,-2.492152233,1.558876752,36.1160859,-9.401864539,26.22353271,9.791330007,5.148990649,1.922527647
1.422608433,7.1331889,-2.502452867,1.559289606,36.3289478,-9.440724588,26.33237068,9.895353938,5.170360983,1.942952746
1.423584633,7.1795039,-2.524395233,1.559568997,36.5648276,-9.523504106,26.56421686,9.899387559,5.215883981,1.943744747
1.424605633,7.224460133,-2.541262,1.559913631,36.79378728,-9.587135474,26.74243353,9.950130571,5.250876824,1.953708138
1.425571467,7.2659262,-2.546525033,1.560255607,37.00497173,-9.606990732,26.7980435,10.10570506,5.261795841,1.984255188
1.4265328,7.309507033,-2.5592177,1.560561267,37.22692658,-9.654874939,26.93215603,10.19354737,5.288128836,2.001503026
1.4275386,7.3489046,-2.558473767,1.56097433,37.42757627,-9.652068384,26.92429552,10.40205756,5.286585426,2.042444003
1.428564667,7.392721667,-2.575852733,1.561341169,37.65073423,-9.717632072,27.10792417,10.44158688,5.322640911,2.050205585
1.429526933,7.4404613,-2.6041716,1.561585193,37.89386962,-9.824467499,27.40714537,10.38550108,5.381392993,2.039193136
1.430535567,7.478031967,-2.599287767,1.562028576,38.08521501,-9.806042806,27.35554208,10.62844974,5.371260688,2.086896107
1.4315293,7.5258039,-2.6255827,1.56230358,38.3285149,-9.905242766,27.63337811,10.59391361,5.425813792,2.080114937
1.432541733,7.5628441,-2.617436867,1.562758744,38.51715865,-9.87451189,27.54730807,10.8686274,5.40891394,2.134054989
1.433571233,7.611037433,-2.647938567,1.563063175,38.7626047,-9.989582249,27.8695934,10.79178813,5.472194663,2.118967599
1.4345876,7.6536177,-2.6548403,1.563438922,38.97946371,-10.01561965,27.9425181,10.93572244,5.486513428,2.1472291
1.435584567,7.699252,-2.671797767,1.56374932,39.21187675,-10.07959319,28.12169312,10.98896046,5.521694443,2.157682385
1.436577733,7.736608533,-2.665487767,1.564180458,39.40213157,-10.05578816,28.05502075,11.24588764,5.508603325,2.208130037
1.437547033,7.786167,-2.7013128,1.564404151,39.65453018,-10.19094126,28.43355318,11.11975382,5.582928167,2.183363662
1.438594533,7.823335333,-2.695785833,1.564892453,39.8438265,-10.17009029,28.37515446,11.36744886,5.571461578,2.231998584
1.439583967,7.8704772,-2.724535333,1.565172637,40.08391749,-10.27855032,28.67892579,11.30376853,5.631107078,2.21949495
1.440584067,7.912944167,-2.727953667,1.565533822,40.30019947,-10.29144628,28.71504439,11.48393191,5.638198965,2.25487003
1.4415085,7.956279767,-2.7441403,1.565806271,40.52090536,-10.35251179,28.88607467,11.53360751,5.671780761,2.264623834
1.442544633,7.996899633,-2.745709333,1.566231278,40.72778015,-10.35843111,28.9026533,11.72390367,5.675035976,2.301988486
1.4435346,8.0434569,-2.771516233,1.566520791,40.96489381,-10.45578992,29.1753327,11.68833794,5.728576575,2.295005154
1.444611733,8.0886634,-2.7910376,1.566917792,41.19512809,-10.529436,29.38159825,11.71230666,5.769076816,2.299711412
1.4455836,8.128111833,-2.7890511,1.567296157,41.39603684,-10.52194175,29.36060861,11.93420505,5.7649555,2.343281162
1.4466159,8.175787133,-2.812148,1.567611183,41.63884458,-10.60907685,29.60465376,11.93296765,5.812873765,2.343038197
1.447556267,8.214398533,-2.810083467,1.567970641,41.83549037,-10.60128821,29.5828396,12.15142759,5.808590556,2.385932806
1.448541533,8.257046833,-2.8230455,1.568314264,42.05269587,-10.65018863,29.7197983,12.23167439,5.835482396,2.401689266
1.4494984,8.305314833,-2.847451933,1.568544938,42.2985222,-10.74226406,29.97768016,12.21961885,5.8861175,2.399322162
1.450515633,8.3500247,-2.8595945,1.568889512,42.52622715,-10.78807296,30.10598026,12.3190237,5.911309224,2.418840304
1.451536167,8.3917011,-2.863160533,1.569283024,42.73848281,-10.80152614,30.14365948,12.49360015,5.918707539,2.45311839
1.4525858,8.433586433,-2.869361933,1.569702492,42.95180256,-10.82492147,30.20918436,12.64139503,5.931573349,2.482137913
1.453615533,8.475711833,-2.882561367,1.570098449,43.16634496,-10.8747175,30.34865146,12.71647032,5.958957714,2.496878948
1.4545794,8.518495867,-2.889912933,1.57041863,43.38424175,-10.90245193,30.42632916,12.8566894,5.974209731,2.524410964
1.455535933,8.565871267,-2.911666167,1.5706624,43.62552211,-10.98451793,30.65617694,12.86812199,6.019340342,2.526655753
1.456525033,8.6065286,-2.9133854,1.571039811,43.83258773,-10.99100389,30.6743426,13.05702194,6.02290717,2.563746258
1.457589967,8.648989033,-2.927855633,1.571465927,44.04883643,-11.04559412,30.82723716,13.12037609,6.052928016,2.576185846
1.458534,8.698146833,-2.952446667,1.571670381,44.29919447,-11.13836597,31.08706953,13.11090175,6.103946103,2.574325559
1.459541767,8.735007267,-2.944732767,1.572123582,44.48692267,-11.1092646,31.00556336,13.38013613,6.087942367,2.627189729
1.4605736,8.7800312,-2.964308267,1.572478031,44.71622715,-11.1831149,31.2124009,13.40260307,6.128554916,2.631601113
1.461605633,8.826491033,-2.984015333,1.572811076,44.95284458,-11.25746155,31.42062858,13.43099282,6.169440422,2.63717544
1.4625508,8.872342433,-3.000476033,1.573066408,45.1863633,-11.319561,31.59455469,13.49058542,6.203590814,2.648876448
1.463616033,8.914794,-3.007881867,1.573492958,45.40256684,-11.34750016,31.67280579,13.62853788,6.218955416,2.675963412
1.4645455,8.956508333,-3.0108207,1.573794832,45.6150157,-11.35858717,31.70385792,13.8099346,6.225052503,2.711580659
1.465581967,8.999698,-3.0186259,1.57418151,45.83497835,-11.38803297,31.78632878,13.9474264,6.241245656,2.738577173
1.466566533,9.042932833,-3.0316899,1.574515609,46.05517104,-11.43731807,31.92436487,14.02958299,6.268349043,2.754708619
1.467534133,9.0841233,-3.043080333,1.574863498,46.26495187,-11.48028948,32.04471782,14.11901087,6.291980344,2.772267785
1.468553,9.131642633,-3.067864767,1.575167437,46.50696528,-11.57379095,32.30659369,14.09914842,6.343399671,2.768367791
1.469591767,9.172890033,-3.074342033,1.575585636,46.71703608,-11.59822701,32.37503341,14.24077948,6.356837811,2.796177051
1.470537233,9.2209552,-3.092405967,1.575807962,46.96182939,-11.66637479,32.56589952,14.29470669,6.39431437,2.806765658
1.471568133,9.2565368,-3.0775485,1.576303537,47.14304456,-11.61032369,32.4089134,14.63290798,6.363490146,2.873171483
1.4725597,9.307206467,-3.115278767,1.576532779,47.40110245,-11.75266445,32.80757679,14.49230248,6.441767703,2.845563592
1.473565267,9.352741567,-3.1236051,1.57685327,47.63301027,-11.78407628,32.89555402,14.63623307,6.459042032,2.873824363
1.474523233,9.393370933,-3.123047933,1.577199968,47.83993345,-11.78197432,32.88966692,14.84904335,6.4578861,2.915609662
1.4755807,9.438500733,-3.143309533,1.577578456,48.0697771,-11.858413,33.10375388,14.86480004,6.499922075,2.918703487
1.476551733,9.483638433,-3.1599497,1.577870393,48.29966098,-11.9211895,33.27957626,14.91886153,6.5344448,2.929318462
1.477588333,9.519552733,-3.147745933,1.578366662,48.48257058,-11.87514971,33.15062952,15.23071788,6.509126106,2.990551456
1.4785389,9.5693743,-3.175101767,1.578567664,48.73630914,-11.97835201,33.43967517,15.19541079,6.565880219,2.983618909
1.4795161,9.608832933,-3.162200833,1.578951209,48.93726984,-11.9296821,33.30336206,15.5326846,6.539115141,3.049842621
1.480577,9.656217067,-3.187117833,1.579299214,49.17859469,-12.02368368,33.56663865,15.51073286,6.590809498,3.045532397
1.481499633,9.704653933,-3.2149132,1.579493115,49.42528105,-12.12854416,33.86032847,15.4637294,6.648475495,3.036303267
1.4825536,9.741990433,-3.2063773,1.579985354,49.61543383,-12.09634172,33.77013693,15.74407373,6.630766386,3.091348876
1.483577333,9.787175833,-3.224267433,1.580329273,49.84556065,-12.16383383,33.95916663,15.78517083,6.667882369,3.099418293
1.484574633,9.8310065,-3.237549467,1.580667141,50.06878788,-12.21394147,34.0995065,15.8680582,6.695438101,3.115693228
1.485568767,9.875929967,-3.241840833,1.5809854,50.29758068,-12.23013103,34.14484969,16.05150781,6.704341237,3.151713558
1.486588267,9.914552133,-3.241855967,1.58142383,50.4942813,-12.23018813,34.14500959,16.24804853,6.704372634,3.190304328
1.487510267,9.9594572,-3.262131267,1.581670233,50.72298039,-12.30667849,34.35924131,16.2625159,6.746437032,3.193144997
1.4885379,10.00628183,-3.282712633,1.58199339,50.96145573,-12.38432351,34.57670698,16.28352558,6.789136415,3.197270247
1.489478267,10.05253653,-3.299084933,1.582237855,51.19702844,-12.44608946,34.74969904,16.34610621,6.823103407,3.209557955
1.4905382,10.094628,-3.3017912,1.582664522,51.41139801,-12.45629909,34.77829384,16.53188099,6.828717996,3.246034833
1.4915083,10.1417805,-3.3226943,1.582925212,51.65154316,-12.53515788,34.99915899,16.551161,6.872084867,3.249820462
1.492573,10.1800772,-3.3185347,1.583413739,51.8465862,-12.51946542,34.95520806,16.79015496,6.863455102,3.296746926
1.4935459,10.22323247,-3.323457167,1.583737368,52.06637365,-12.53803586,35.00721954,16.95793093,6.873667558,3.329689738
1.4945619,10.26622907,-3.333919933,1.584106484,52.28535303,-12.57750758,35.11777063,17.06635921,6.895374264,3.350979631
1.495518567,10.31159603,-3.350916733,1.584380604,52.51640455,-12.64162951,35.29736125,17.11782012,6.930636882,3.36108398
1.4965088,10.3638334,-3.380712733,1.584584926,52.78244665,-12.75403755,35.61219005,17.06903342,6.992453517,3.351504712
1.497538367,10.398139,-3.359296367,1.585098365,52.95716323,-12.67324241,35.38590166,17.47003839,6.948021791,3.430242038
1.498638133,10.45573867,-3.3826859,1.585331545,53.25051524,-12.7614815,35.63303881,17.51625324,6.996547171,3.439316324
1.499676767,10.502959,-3.378164467,1.585659749,53.49100586,-12.74442399,35.5852647,17.80451798,6.987166724,3.495917105
1.500670867,10.55191033,-3.404769,1.585917376,53.74031237,-12.84479194,35.86637201,17.77271718,7.042362143,3.489673019
1.501648267,10.59272767,-3.3996919,1.586280679,53.94819285,-12.82563813,35.81272664,18.03424303,7.031828876,3.541023619
1.502653067,10.636116,-3.410717933,1.586632701,54.1691673,-12.86723482,35.92922929,18.13871484,7.05470417,3.561536658
1.503628433,10.67951567,-3.416027467,1.58695512,54.39019947,-12.8872655,35.98533058,18.30364572,7.065719658,3.593920837
1.5046338,10.72179833,-3.429706067,1.587324344,54.60554282,-12.93886923,36.12986062,18.37445902,7.094098133,3.607825029
1.5056537,10.76829233,-3.443648833,1.587644742,54.84233427,-12.99146955,36.27718189,18.4639292,7.123024663,3.625392499
1.506649367,10.812653,-3.456933667,1.587973002,55.06826076,-13.04158776,36.41755134,18.54948624,7.150586205,3.642191624
1.507611067,10.85369333,-3.456338733,1.58831725,55.27727697,-13.03934332,36.41126518,18.76478861,7.149351919,3.684466243
1.508635,10.89596833,-3.4718501,1.588705156,55.49258127,-13.09786132,36.5751605,18.81619759,7.181532765,3.694560397
1.509630867,10.94242133,-3.495625267,1.589002138,55.72916391,-13.18755524,36.82637232,18.80156841,7.230858204,3.691687958
1.510636967,10.99363633,-3.5199856,1.589237708,55.98999915,-13.27945675,37.08376708,18.80500889,7.281397666,3.692363496
1.5116236,11.025057,-3.4953433,1.589751617,56.15002292,-13.18649149,36.82339302,19.22540672,7.230273219,3.77490861
1.512678667,11.072768,-3.518828933,1.590088872,56.39301248,-13.27509312,37.07154558,19.22024372,7.278997974,3.773894855
1.5136603,11.11693367,-3.531526067,1.590406033,56.61794585,-13.32299418,37.2057053,19.31101736,7.305340236,3.791718259
1.514682133,11.167193,-3.538551067,1.590671715,56.87391393,-13.34949661,37.27993246,19.49275829,7.319914738,3.827403091
1.515772233,11.22360767,-3.557529867,1.590913056,57.1612308,-13.42109581,37.48046517,19.57954244,7.359289337,3.844443159
1.5167763,11.26427733,-3.554536333,1.591305248,57.36835922,-13.40980244,37.44883507,19.81830097,7.353078766,3.891323396
1.5177134,11.311957,-3.579111167,1.591525007,57.6111892,-13.50251317,37.70849628,19.80146975,7.404063244,3.888018585
1.518733,11.35370933,-3.584895867,1.591916443,57.82383159,-13.52433646,37.76961824,19.95299017,7.416064542,3.91776962
1.5197052,11.39774,-3.599030267,1.592226202,58.04807741,-13.57765974,37.91896434,20.0278899,7.445388647,3.932476181
1.5207335,11.438543,-3.595357667,1.592640621,58.2558849,-13.56380453,37.88015912,20.2745026,7.437769243,3.980898586
1.521813333,11.48817367,-3.593416733,1.592973761,58.50865122,-13.55648219,37.85965094,20.5477771,7.433742462,4.034556033
1.522897767,11.54697867,-3.620777433,1.593173473,58.80814192,-13.65970285,38.14874801,20.55817073,7.490506672,4.036596824
1.523853133,11.592228,-3.6325283,1.593448063,59.03859435,-13.70403403,38.27290935,20.66446182,7.51488575,4.057467078
1.5248359,11.62919133,-3.620732767,1.593874716,59.22684662,-13.65953434,38.14827605,20.97734738,7.490414003,4.118902159
1.525813733,11.68709167,-3.6716516,1.593981439,59.5217299,-13.85163014,38.68629173,20.73421499,7.596053381,4.071163114
1.5268164,11.71629967,-3.631718233,1.594544672,59.67048468,-13.70097798,38.26435007,21.30491143,7.513205136,4.18321936
1.527827367,11.76719467,-3.666485467,1.594789923,59.92969018,-13.83214044,38.63170563,21.19676137,7.5853354,4.161984095
1.5288314,11.80661867,-3.664592167,1.595200822,60.13047449,-13.8249978,38.61170075,21.41755056,7.581407442,4.205336053
1.529856667,11.84598633,-3.662989867,1.595633802,60.3309719,-13.81895298,38.59477062,21.63497811,7.578083211,4.248027951
1.530878667,11.8954,-3.6897409,1.595912374,60.58263305,-13.91987362,38.87742586,21.60398401,7.633582568,4.241942261
1.531809033,11.94338367,-3.708352,1.596120826,60.82701129,-13.99008564,39.07407341,21.6517147,7.672194313,4.251314182
1.5328545,11.98415467,-3.708731667,1.596552893,61.0346558,-13.99151796,39.07808502,21.8553476,7.672981993,4.291297502
1.5338303,12.031729,-3.7162566,1.596812937,61.27694933,-14.01990644,39.15759454,22.0181316,7.688593688,4.323260141
1.534838533,12.08099733,-3.735298467,1.597079928,61.5278703,-14.09174356,39.35879363,22.06785349,7.728099129,4.333023033
1.5358523,12.11222933,-3.707046933,1.59762381,61.6869332,-13.98516216,39.06028389,22.52542613,7.669486741,4.422867421
1.5368571,12.161172,-3.7320566,1.597892267,61.93619557,-14.07951334,39.3245396,22.51043279,7.721373351,4.419923478
1.5378742,12.20160567,-3.734667067,1.598301043,62.14212206,-14.08936155,39.35212216,22.68877672,7.726789187,4.454941308
1.5388226,12.25066933,-3.759040433,1.59851128,62.39200068,-14.18131223,39.60965464,22.68112286,7.777355689,4.453438473
1.539897667,12.30017467,-3.771981333,1.598841539,62.64412868,-14.23013292,39.74639004,22.79651546,7.804203685,4.47609581
1.540873733,12.34160867,-3.779032,1.599194231,62.85514982,-14.25673218,39.8208884,22.93303824,7.818831437,4.502902059
1.541905833,12.38331133,-3.781169867,1.599598914,63.06753926,-14.26479747,39.8434774,23.12283868,7.823266788,4.540169374
1.542811,12.42753867,-3.794854267,1.599838681,63.29278669,-14.31642308,39.98806873,23.20349478,7.851657295,4.5560062
1.5438462,12.46356067,-3.7872571,1.60033193,63.4762448,-14.2877621,39.90779598,23.46722564,7.835895741,4.607789755
1.544823667,12.519961,-3.8267292,1.600460853,63.76348867,-14.43667409,40.32486383,23.33740165,7.917787014,4.582298815
1.545872467,12.55523433,-3.807844633,1.600978966,63.94313386,-14.36543039,40.1253268,23.71658388,7.878607917,4.656751245
1.5468356,12.60100133,-3.8218603,1.601253535,64.17622273,-14.41830573,40.27341834,23.80158121,7.907685691,4.673440471
1.547864333,12.649955,-3.850893267,1.60154576,64.42554113,-14.52783516,40.58018482,23.74413313,7.967919289,4.66216054
1.5488177,12.690763,-3.8431646,1.601885171,64.63337408,-14.49867809,40.49852262,24.03362828,7.951884917,4.719002912
1.5498638,12.731674,-3.8448763,1.602315765,64.8417316,-14.50513562,40.51660869,24.22389973,7.955436116,4.756362713
1.5508569,12.778007,-3.853681867,1.602611785,65.07770308,-14.5383554,40.60964956,24.36683034,7.973704692,4.784427137
1.551895833,12.81917033,-3.8545343,1.603031416,65.28734573,-14.54157128,40.6186565,24.56746605,7.975473203,4.823821959
1.552873,12.862281,-3.8670444,1.603359982,65.50690604,-14.58876674,40.75084,24.65484285,8.001427435,4.840978394
1.553877433,12.901779,-3.8583064,1.603770168,65.70806723,-14.55580186,40.65851305,24.948331,7.983299036,4.898604792
1.554819867,12.950086,-3.887537233,1.603985823,65.95409218,-14.66607777,40.96737021,24.88549879,8.043943141,4.886267688
1.555779933,12.999323,-3.907382067,1.604205119,66.20485358,-14.74094415,41.17705356,24.92657684,8.085114466,4.894333362
1.556842667,13.041163,-3.902761467,1.604638369,66.41794245,-14.72351253,41.12823164,25.18848763,8.075528282,4.945759546
1.557787667,13.08440167,-3.907283467,1.604932844,66.63815466,-14.74057218,41.17601174,25.36091974,8.084909905,4.979616591
1.5588405,13.13076767,-3.918197867,1.6052881,66.8742942,-14.78174771,41.29133485,25.48173617,8.107553598,5.003338898
1.5598268,13.17274767,-3.921028833,1.605642811,67.08809609,-14.79242779,41.32124725,25.66562566,8.113426897,5.039445598
1.560906133,13.21169333,-3.915752833,1.606136207,67.28644427,-14.77252361,41.26550028,25.91972082,8.102480979,5.089337183
1.5618545,13.25913133,-3.933841867,1.606370869,67.52804346,-14.84076609,41.45663159,25.97018869,8.140009613,5.099246549
1.562837967,13.300467,-3.930736767,1.606732441,67.73856379,-14.82905182,41.42382266,26.21351795,8.133567579,5.147024249
1.5638311,13.35194333,-3.955973967,1.606951113,68.00072999,-14.92426139,41.69048252,26.20902428,8.185926244,5.146141918
1.564868233,13.389593,-3.9493187,1.607421807,68.19247772,-14.89915381,41.62016203,26.47109251,8.172118814,5.197599015
1.565800067,13.43543967,-3.972401933,1.607663877,68.42597233,-14.98623735,41.86406277,26.46068638,8.220008725,5.19555577
1.566848733,13.482772,-3.982351367,1.608000429,68.66703336,-15.02377246,41.96918991,26.59662027,8.240650438,5.222246391
1.567785867,13.52838467,-3.9890922,1.608251319,68.89933622,-15.04920285,42.04041452,26.75769852,8.25463539,5.253874105
1.5688684,13.56758567,-3.982165667,1.608744074,69.09898481,-15.02307189,41.96722777,27.03053385,8.240265173,5.307445322
1.569897233,13.61221633,-3.9924866,1.609101439,69.32628639,-15.06200853,42.07628023,27.14878298,8.261677623,5.330663539
1.570887767,13.65640233,-4.0031016,1.609427194,69.55132332,-15.10205455,42.18843984,27.2616603,8.283700162,5.352827
1.571869767,13.696405,-4.005488533,1.609807353,69.75505475,-15.11105947,42.21366052,27.44017105,8.288652243,5.387877586
1.572820633,13.74387733,-4.023142967,1.610043999,69.99682879,-15.17766238,42.40019979,27.49540583,8.325279228,5.398722934
1.573806033,13.779864,-4.0026068,1.610487979,70.18010695,-15.10018787,42.18321171,27.89567206,8.28267362,5.477315209
1.574865233,13.833394,-4.040279867,1.610741821,70.45273237,-15.24231285,42.58127072,27.77023846,8.360832506,5.452686322
1.5758456,13.88046,-4.0569362,1.611014079,70.69243697,-15.30515034,42.75726392,27.83394987,8.395388771,5.465196057
1.576884467,13.920994,-4.051981933,1.611443112,70.89887446,-15.28645993,42.70491643,28.09273485,8.385110342,5.516008487
1.577827833,13.95747833,-4.041149133,1.611837572,71.08468721,-15.24559223,42.59045552,28.39300851,8.362635941,5.574967221
1.578864633,14.006433,-4.062877733,1.612137849,71.3340107,-15.3275653,42.82004301,28.4127445,8.407715446,5.578842383
1.579835033,14.05006533,-4.063013633,1.6124518,71.55622782,-15.32807799,42.82147895,28.63352569,8.407997392,5.62219277
1.580841533,14.09338967,-4.0689397,1.612806486,71.77687633,-15.3504346,42.88409462,28.79155853,8.420291979,5.653222517
1.5818681,14.13328367,-4.060601967,1.613232847,71.98005432,-15.31897977,42.79599694,29.08283421,8.402993999,5.710414497
1.5828336,14.18892633,-4.093467633,1.613361203,72.26343944,-15.4429684,43.14326027,29.01895598,8.471179155,5.697872007
1.583829067,14.23141733,-4.098344967,1.613717393,72.47984382,-15.46136857,43.19479487,29.18382576,8.481297974,5.730244188
1.584840133,14.261625,-4.0781281,1.614273985,72.63368984,-15.38509865,42.98118057,29.55128609,8.439354805,5.802395024
1.5858174,14.31477233,-4.110271867,1.61445165,72.90436635,-15.50636385,43.32081621,29.48232697,8.506042262,5.7888549
1.586797633,14.356663,-4.102985633,1.614801638,73.11771327,-15.47887589,43.24382882,29.77266127,8.490925789,5.845862039
1.5878124,14.39483333,-4.091285367,1.615242133,73.31211272,-15.4347356,43.12020213,30.09068741,8.466651688,5.908306474
1.588832533,14.44593,-4.12214,1.615493516,73.5723453,-15.55113744,43.4462166,30.02490552,8.530664629,5.895390199
1.589837533,14.48973667,-4.119745567,1.615839445,73.7954503,-15.54210422,43.42091668,30.27331045,8.525696989,5.944164506
1.590855867,14.53599767,-4.1346677,1.616161782,74.03105509,-15.59839929,43.57858607,30.35124584,8.556655375,5.95946712
1.591874433,14.582358,-4.1489396,1.616482857,74.26716578,-15.65224129,43.72938501,30.43655759,8.586264746,5.976218083
1.592834333,14.62286867,-4.139940033,1.616833274,74.47348442,-15.61828963,43.6342943,30.73796695,8.567593685,6.03539981
1.593827067,14.66097933,-4.144911033,1.617252633,74.66758,-15.63704317,43.6868186,30.87953823,8.577906831,6.063197331
1.594839133,14.718517,-4.189723467,1.617399045,74.96061625,-15.80610204,44.16031318,30.69907989,8.670877492,6.027764337
1.595789133,14.757407,-4.1754802,1.617763945,75.15868093,-15.75236805,44.00981678,31.04764096,8.641327525,6.096204303
1.5967986,14.800261,-4.178721033,1.618128673,75.37693405,-15.76459438,44.04405989,31.23165098,8.64805116,6.132334669
1.597787133,14.84221133,-4.174816067,1.618486064,75.59058484,-15.74986255,44.00279946,31.48656221,8.639949673,6.182386489
1.598872533,14.87968867,-4.173675867,1.619007617,75.78145488,-15.74556105,43.99075194,31.68947977,8.637584143,6.222229352
1.599879367,14.92782067,-4.1956675,1.619290305,76.02658857,-15.82852643,44.22311868,31.70224671,8.683209353,6.224736142
1.600815433,14.967752,-4.190424833,1.619625604,76.22995671,-15.808748,44.16772392,31.96100961,8.672332591,6.275544238
1.6018259,15.015262,-4.207934233,1.619921283,76.47192259,-15.87480376,44.35273074,32.01796867,8.708658681,6.286728148
1.602782733,15.04984967,-4.190172133,1.620357745,76.64807572,-15.80779467,44.16505385,32.38179868,8.671808324,6.358166172
1.603801733,15.091476,-4.185789,1.620750477,76.86007639,-15.79125891,44.11874104,32.64011218,8.662714803,6.408886026
1.6048035,15.14149333,-4.202649267,1.620999733,77.11481199,-15.85486576,44.29688903,32.71669978,8.697694161,6.423924001
1.605813133,15.196773,-4.239133033,1.621177684,77.39634836,-15.99250399,44.68238172,32.61274345,8.773385652,6.403512177
1.6068374,15.24412567,-4.243862633,1.621489529,77.63751294,-16.01034683,44.73235535,32.80393441,8.783197974,6.441052521
1.607827933,15.27736233,-4.2234695,1.621980017,77.8067855,-15.93341193,44.51687859,33.18868373,8.740889111,6.516598051
1.608825933,15.317618,-4.227820633,1.622372371,78.01180545,-15.94982696,44.56285329,33.34772898,8.749916243,6.547826586
1.6098131,15.36007833,-4.229513467,1.622720721,78.22805365,-15.95621333,44.58074001,33.54609046,8.7534283,6.586774862
1.610814433,15.40470867,-4.2386381,1.623050591,78.45535354,-15.99063681,44.67715219,33.67697817,8.772358832,6.612474663
1.611826267,15.45566267,-4.2629957,1.623295822,78.71485952,-16.08252801,44.93451807,33.67911827,8.822892624,6.612894872
1.6127912,15.49427933,-4.249090333,1.623679767,78.91153213,-16.03006879,44.78759198,34.02271697,8.794043685,6.680360477
1.613873733,15.53336867,-4.242107567,1.624174202,79.110612,-16.00372568,44.71381107,34.29557775,8.779556803,6.733936692
1.614796633,15.58169133,-4.265181367,1.624370087,79.35671675,-16.09077363,44.95761214,34.29788143,8.827427144,6.734389018
1.615814667,15.61949567,-4.2491544,1.624819354,79.54925219,-16.03031048,44.78826892,34.65976009,8.794176602,6.805443893
1.616824433,15.66507,-4.2728874,1.625143455,79.78135982,-16.11984532,45.03903519,34.64110145,8.84341456,6.801780269
1.617823467,15.712195,-4.286549567,1.625433493,80.02136491,-16.17138705,45.1833916,34.73675013,8.87175894,6.820560888
1.618822867,15.74984533,-4.275573267,1.625866444,80.21311603,-16.12997799,45.06741444,35.04447841,8.848986826,6.880983336
1.619804133,15.793392,-4.279211833,1.626192551,80.43489687,-16.14370481,45.10586006,35.22781363,8.856535622,6.916981206
1.620813133,15.849523,-4.309400567,1.62635706,80.72076903,-16.25759447,45.42483853,35.19470732,8.919167046,6.910480783
1.621847533,15.89043433,-4.302842133,1.626775949,80.92912826,-16.2328522,45.35554119,35.47236389,8.905560512,6.96499865
1.622826733,15.93258933,-4.3033347,1.627120927,81.14382141,-16.23471045,45.36074572,35.68185251,8.906582422,7.00613174
1.623818767,15.968687,-4.2972679,1.627569871,81.32766488,-16.21182291,45.29664304,35.92979866,8.893995861,7.054815968
1.6248051,16.02171333,-4.329278967,1.627758423,81.59772515,-16.33258749,45.63487655,35.86162542,8.960408011,7.041430151
1.625798867,16.075911,-4.351906467,1.627936786,81.87375095,-16.41795174,45.87396195,35.89856582,9.007352429,7.0486834
1.626777033,16.11195467,-4.3300791,1.628372675,82.05731941,-16.33560607,45.64333087,36.31276536,8.962068017,7.130011478
1.627814267,16.14997333,-4.320268767,1.628837918,82.25094644,-16.29859572,45.53967349,36.61004977,8.941714889,7.188383273
1.628890833,16.19936667,-4.3443669,1.629171362,82.50250403,-16.38950805,45.79429781,36.60698304,8.991710375,7.18778112
1.629866967,16.244726,-4.349779933,1.629465064,82.73351668,-16.4099292,45.8514927,36.7808008,9.002940591,7.221910238
1.6308942,16.283253,-4.335832133,1.629912659,82.92973262,-16.35730989,45.70411825,37.12439119,8.974003618,7.289374211
1.6317755,16.33711467,-4.3732888,1.62998361,83.20404719,-16.49861848,46.09989074,37.00293327,9.051713548,7.265525948
1.6328173,16.370342,-4.341341667,1.630525505,83.37327222,-16.37809509,45.76233276,37.50971627,8.985434038,7.365032791
1.633827367,16.421979,-4.371828567,1.630758693,83.63625668,-16.49310962,46.08446171,37.4505718,9.048684057,7.353419772
1.634822533,16.458875,-4.3623802,1.631198759,83.82416603,-16.45746482,45.98462892,37.73831393,9.029081888,7.409917941
1.635804667,16.49767633,-4.356989833,1.631597126,84.02177914,-16.43712919,45.92767353,37.99288243,9.017898698,7.459902464
1.6368373,16.55158967,-4.381827033,1.631818633,84.29635685,-16.53082972,46.19010694,38.00502673,9.069427497,7.462286998
1.637872333,16.58792633,-4.368307733,1.632306982,84.48141754,-16.47982696,46.04726008,38.33293428,9.041379517,7.526671645
1.6389478,16.63215133,-4.3752098,1.632717083,84.70665309,-16.50586562,46.1201883,38.4852416,9.055698974,7.556577188
1.639909367,16.68484933,-4.415887667,1.632885808,84.97504117,-16.65932647,46.54999646,38.32382153,9.140091805,7.524882357
1.640963567,16.718463,-4.377610233,1.633434291,85.14623377,-16.51492147,46.14555163,38.89945896,9.060679062,7.637908767
1.641858267,16.766626,-4.3928399,1.633604378,85.39152534,-16.57237673,46.30647046,38.98383169,9.092275475,7.654475353
1.642890567,16.82153667,-4.422884967,1.633810548,85.67118241,-16.6857244,46.62393093,38.9460283,9.154608839,7.647052656
1.643888333,16.85633833,-4.406833833,1.634284723,85.84842543,-16.62517008,46.45433236,39.29286989,9.12130816,7.715155002
1.644890667,16.90172567,-4.4131845,1.634604204,86.07958068,-16.64912853,46.52143442,39.45692308,9.134483648,7.747366848
1.645906433,16.945088,-4.433359633,1.634967584,86.30042271,-16.72524101,46.73460776,39.46459177,9.176340234,7.748872595
1.6468656,16.97811933,-4.394863,1.635429795,86.46864952,-16.58000905,46.32784683,40.03957951,9.096472724,7.861771438
1.6478755,17.02582667,-4.415854933,1.635721938,86.71162041,-16.65920298,46.5496506,40.06074663,9.140023895,7.865927601
1.648886833,17.07518567,-4.422151433,1.635990665,86.96300314,-16.68295708,46.61618032,40.24559964,9.153087005,7.90222349
1.649875133,17.12106933,-4.431832633,1.636288645,87.19668619,-16.71948026,46.71847326,40.37698975,9.173172225,7.928021937
1.650903233,17.16078233,-4.4294224,1.636719263,87.39894236,-16.71038744,46.69300639,40.60471279,9.168171805,7.972735357
1.6518954,17.203706,-4.436411867,1.637065643,87.61755029,-16.73675583,46.76685809,40.74946902,9.182672587,8.001158242
1.652933833,17.24883133,-4.440815933,1.637425166,87.84737119,-16.75337056,46.81339209,40.93275592,9.191809537,8.037146625
1.653950567,17.29150267,-4.437377767,1.637799909,88.064694,-16.74039977,46.77706393,41.18640689,9.184676503,8.086950992
1.6548598,17.32344933,-4.415651967,1.638228505,88.22739666,-16.65843727,46.54750602,41.57866745,9.139602807,8.163971355
1.655873667,17.376814,-4.443944933,1.6384395,88.49918004,-16.76517499,46.84645355,41.5515033,9.198301155,8.158637673
1.6568887,17.425303,-4.462019467,1.638725016,88.74613191,-16.83336276,47.03743166,41.60747707,9.235799706,8.169628122
1.6579029,17.459289,-4.437686267,1.639227897,88.91922078,-16.74156361,46.78032359,42.03767401,9.185316536,8.254097292
1.658917967,17.50432133,-4.4480788,1.639565452,89.14856803,-16.78077036,46.89013258,42.15721227,9.206877532,8.27756863
1.6599183,17.55284133,-4.467159433,1.639835802,89.39567779,-16.85275374,47.09174128,42.20271332,9.246463401,8.286502761
1.6609333,17.60426267,-4.487021767,1.640077168,89.65756387,-16.92768615,47.30160954,42.25473116,9.287671033,8.296716463
1.661912933,17.63709367,-4.466526667,1.640562859,89.82477039,-16.85036657,47.08505538,42.63849183,9.245150624,8.372067872
1.6629056,17.677581,-4.456267533,1.640946394,90.03097021,-16.81166308,46.97665591,42.95309112,9.223866388,8.433839441
1.6638846,17.73220667,-4.4912022,1.641103551,90.30917579,-16.9434572,47.34578059,42.86217202,9.29634402,8.415987476
1.664884267,17.77376933,-4.485089133,1.641477907,90.52085222,-16.92039512,47.28118906,43.13843998,9.283661471,8.470232691
1.665852233,17.81532233,-4.480043733,1.641820709,90.73247942,-16.9013609,47.22787864,43.4033776,9.273193971,8.522253191
1.6668682,17.86224433,-4.492611867,1.642130734,90.97145064,-16.94877529,47.36067533,43.50955213,9.299268602,8.54310056
1.6679132,17.905175,-4.5046886,1.642529842,91.19009422,-16.99433584,47.48827983,43.60059121,9.324323744,8.560976085
1.668932467,17.941535,-4.483956967,1.643002073,91.37527375,-16.91612392,47.26922642,44.00482414,9.281312608,8.640347221
1.669915633,17.98000233,-4.479908167,1.643406498,91.57118581,-16.90084946,47.22644622,44.24351641,9.272912716,8.687214446
1.670913233,18.034744,-4.514059533,1.64358051,91.84998217,-17.02968851,47.58729445,44.16146455,9.343765265,8.671103564
1.671917667,18.080664,-4.507019667,1.643894077,92.08385027,-17.00312999,47.51291021,44.46971688,9.32915992,8.731628909
1.672852267,18.113874,-4.486810833,1.644329032,92.25298701,-16.92689038,47.29938079,44.85238305,9.287233417,8.806765411
1.673869433,18.152085,-4.4799188,1.644771315,92.44759358,-16.90088958,47.22655858,45.11981183,9.272934776,8.859275052
1.674885433,18.21214533,-4.531592233,1.644883707,92.75347763,-17.09583217,47.77254746,44.87970699,9.380139694,8.812130468
1.675928333,18.25655767,-4.545229267,1.645258423,92.97966726,-17.14727908,47.91663831,44.96180577,9.408431932,8.828250564
1.676911167,18.29222633,-4.513783933,1.645704621,93.16132586,-17.02864878,47.58438242,45.47572027,9.343193488,8.929157674
1.677918233,18.33267767,-4.502412967,1.646103098,93.36734233,-16.98575081,47.46423516,45.80188399,9.319602573,8.993199922
1.678918367,18.379856,-4.513229067,1.646393433,93.60761905,-17.0265555,47.57851962,45.92787625,9.342042327,9.017938502
1.679902633,18.424844,-4.514341967,1.646700855,93.83674051,-17.03075401,47.59027868,46.14523866,9.344351218,9.06061761
1.6809003,18.465794,-4.517627067,1.647082429,94.04529666,-17.04314734,47.62498951,46.31908397,9.351166691,9.094752138
1.6818636,18.50284067,-4.5134446,1.647488362,94.23397335,-17.02736862,47.58079697,46.55195319,9.342489486,9.14047601
1.682909367,18.546006,-4.516136967,1.647884706,94.45381207,-17.03752581,47.6092449,46.74334399,9.348075237,9.178055592
1.683916467,18.58693067,-4.512436233,1.648276095,94.6622392,-17.02356447,47.57014243,46.99087359,9.340397466,9.22665803
1.6848526,18.62909,-4.516108533,1.648577941,94.87695442,-17.03741854,47.60894447,47.16678676,9.348016247,9.261198581
1.685875033,18.67251733,-4.5131186,1.64894701,95.09812749,-17.02613876,47.57735241,47.4195519,9.341813146,9.310829016
1.6869076,18.718152,-4.519758367,1.649293003,95.3305424,-17.05118786,47.64750914,47.58181008,9.355588419,9.34268841
1.687936767,18.76610433,-4.544596033,1.649600727,95.57476106,-17.14489015,47.90994747,47.5635904,9.407118186,9.339110976
1.688904767,18.814321,-4.558309567,1.649843307,95.82032595,-17.19662567,48.05484663,47.66425614,9.435569135,9.358876693
1.6898588,18.85935533,-4.5583655,1.650119799,96.04968339,-17.19683668,48.05543763,47.89302258,9.435685178,9.403794984
1.690882267,18.89237533,-4.5351343,1.65064648,96.21785247,-17.10919493,47.80997345,48.30665585,9.387488286,9.485011876
1.6919096,18.942138,-4.548448567,1.650925134,96.47129106,-17.15942418,47.95065389,48.41941399,9.415110892,9.507151937
1.6929257,18.98475667,-4.557654533,1.651300036,96.68834564,-17.1941545,48.04792545,48.53919701,9.434210163,9.530671333
1.6939049,19.016764,-4.5272492,1.651797686,96.85135727,-17.07944769,47.72665835,49.02347574,9.371129367,9.625759461
1.694853,19.074376,-4.567546533,1.651879013,97.14477209,-17.23147294,48.15244574,48.89110317,9.454732721,9.599768108
1.695890367,19.11092767,-4.5567118,1.65236646,97.33092777,-17.19059796,48.0379644,49.19174019,9.432254309,9.658798186
1.696841467,19.154585,-4.557582867,1.652660735,97.55327222,-17.19388413,48.04716821,49.40488083,9.434061478,9.70064835
1.697942167,19.193148,-4.551645267,1.653181255,97.7496715,-17.17148401,47.98443068,49.66401764,9.421742964,9.751529864
1.698908233,19.24977033,-4.582353933,1.653295439,98.03804601,-17.28733517,48.30890285,49.62791998,9.485453074,9.744442088
1.6999307,19.28481733,-4.5603277,1.653790623,98.21653849,-17.20423926,48.07617051,50.0391448,9.43975608,9.825186082
1.700885167,19.331251,-4.5669039,1.654046495,98.45302266,-17.22904855,48.14565558,50.2061439,9.453399474,9.857976355
1.701877567,19.38092667,-4.585279933,1.654291525,98.70601816,-17.29837376,48.33981938,50.2649756,9.491523535,9.86952796
1.702887467,19.42116733,-4.565848533,1.654696004,98.91096172,-17.22506709,48.13450443,50.67523411,9.451209945,9.950082217
1.703869667,19.45400433,-4.5576029,1.655184171,99.07819879,-17.19395971,48.04737989,50.92959573,9.434103041,10.00002612
1.704888867,19.497099,-4.558363767,1.655555012,99.29767762,-17.19683015,48.05541931,51.14103512,9.435681582,10.04154225
1.705886767,19.54263,-4.5629242,1.655867898,99.52956455,-17.21403478,48.1036055,51.32473587,9.445142941,10.07761189
1.706920967,19.589061,-4.570837967,1.656203544,99.76603514,-17.24389017,48.18722349,51.47758847,9.461561333,10.1076245
1.707872233,19.638146,-4.586526233,1.656416327,100.0160224,-17.30307554,48.35298796,51.56181126,9.494109187,10.12416164
1.708920033,19.673769,-4.565351167,1.656928179,100.1974484,-17.22319073,48.12924918,51.96697607,9.450178077,10.20371575
1.709887067,19.71994233,-4.587609433,1.657200534,100.4326067,-17.30716201,48.36443321,51.96695035,9.496356461,10.2037107
1.710858967,19.760379,-4.5823299,1.657564065,100.6385485,-17.2872445,48.30864891,52.22867642,9.485403213,10.25510062
1.711828867,19.802328,-4.580744267,1.657902842,100.8521925,-17.28126256,48.29189488,52.45907446,9.482113559,10.30033927
1.712846233,19.84904233,-4.584963333,1.658217391,101.0901061,-17.29717936,48.33647414,52.65240878,9.490866697,10.33830046
1.7138557,19.89278367,-4.5850064,1.65856877,101.3128784,-17.29734183,48.33692919,52.874726,9.490956046,10.38195245
1.7149147,19.93414367,-4.582054767,1.659005509,101.5235226,-17.28620654,48.30574181,53.11655763,9.484832404,10.42943609
1.715905067,19.976566,-4.591343733,1.659357631,101.7395773,-17.32124998,48.40389036,53.23446375,9.504103872,10.45258696
1.7168903,20.00113533,-4.555867533,1.659973219,101.8647076,-17.18741288,48.02904375,53.73444065,9.430502741,10.55075742
1.717896533,20.05820333,-4.590148467,1.660120864,102.1553518,-17.31674074,48.391261,53.66286766,9.501624097,10.53670406
1.718855467,20.10058,-4.5811545,1.660442241,102.3711739,-17.2828102,48.29622946,53.97372128,9.482964655,10.59774017
1.7198441,20.147868,-4.5906356,1.660719426,102.6120092,-17.31857849,48.39640812,54.11437787,9.502634734,10.62535809
1.720845667,20.18528433,-4.579499733,1.661158064,102.8025685,-17.27656745,48.27874496,54.4226004,9.479531573,10.68587759
1.721910333,20.229625,-4.590096,1.661555625,103.0283932,-17.3165428,48.39070663,54.53646337,9.501515247,10.70823458
1.722894867,20.27687267,-4.588857333,1.661829317,103.269023,-17.31186982,48.3776187,54.79018112,9.498945432,10.75805206
1.723872,20.31572867,-4.577762433,1.662221862,103.4669145,-17.27001333,48.2603884,55.10530294,9.475927262,10.81992623
1.7248221,20.35069767,-4.558667,1.662645854,103.6450098,-17.19797412,48.05862332,55.48516326,9.436310689,10.89451181
1.725877467,20.40973967,-4.606018867,1.662812933,103.9457075,-17.37661322,48.55894992,55.2855344,9.534549816,10.85531468
1.726857767,20.44770733,-4.583640733,1.66322201,104.1390748,-17.29218974,48.32249936,55.71535224,9.488122749,10.93970941
1.7278816,20.49433067,-4.593403033,1.663544395,104.3765249,-17.32901888,48.42564922,55.84965252,9.508376224,10.96607927
1.7288749,20.53345867,-4.596265933,1.663949014,104.5758017,-17.33981942,48.45589903,56.01867951,9.514315774,10.99926772
1.729944733,20.57589767,-4.593721567,1.664380353,104.7919413,-17.33022057,48.42901489,56.2617032,9.509037073,11.04698542
1.7308946,20.613739,-4.589043633,1.664760897,104.9846651,-17.31257265,48.37958717,56.50385479,9.499331941,11.09453189
1.731910367,20.65885167,-4.591776833,1.665097943,105.2144215,-17.32288389,48.40846655,56.70473179,9.505002408,11.13397409
1.7328969,20.70470933,-4.597152233,1.665394548,105.4479722,-17.34316306,48.4652638,56.88148518,9.516154547,11.16867961
1.7338952,20.750794,-4.5956702,1.665699504,105.6826789,-17.33757196,48.44960442,57.13185129,9.513079829,11.217839
1.734860767,20.79772767,-4.610463133,1.665958954,105.9217095,-17.39337961,48.60590867,57.21457768,9.543770168,11.23408233
1.735933733,20.837115,-4.603315367,1.666439338,106.1223071,-17.36641403,48.53038435,57.49069958,9.528940967,11.28829886
1.736887167,20.869319,-4.588660567,1.666908262,106.2863203,-17.3111275,48.37553964,57.80955753,9.498537207,11.35090662
1.7379036,20.92835167,-4.626620467,1.667036549,106.5869705,-17.45433458,48.77662937,57.709118,9.577291177,11.33118532
1.7389267,20.96791567,-4.614406267,1.667464409,106.7884679,-17.40825543,48.64757238,58.03967231,9.551950838,11.39608966
1.7399042,21.00713533,-4.606366967,1.667851849,106.9882115,-17.37792646,48.56262799,58.32436036,9.535272006,11.45198816
1.740879067,21.05107167,-4.610501433,1.668165693,107.2119769,-17.3935241,48.60631336,58.50444038,9.543849628,11.48734687
1.741864367,21.09330733,-4.598172533,1.668515558,107.4270809,-17.34701224,48.47604444,58.84981328,9.518271325,11.55516084
1.742877967,21.13414567,-4.599338033,1.668914745,107.6350683,-17.35140919,48.48835928,59.04548587,9.520689344,11.59358115
1.743908867,21.17520133,-4.5939428,1.669327963,107.8441626,-17.33105519,48.43135247,59.31158699,9.509496057,11.6458301
1.744910433,21.212883,-4.5792265,1.669762609,108.0360733,-17.27553665,48.27585794,59.65899222,9.478964706,11.71404312
1.7459299,21.26568733,-4.6008336,1.669987634,108.305003,-17.35705134,48.50416165,59.69961814,9.523792139,11.72202002
1.746919767,21.30682633,-4.601061167,1.670358564,108.5145217,-17.35790986,48.50656615,59.90673236,9.524264263,11.7626869
1.747919633,21.359584,-4.625584133,1.670564692,108.7832136,-17.45042492,48.76567932,59.91631115,9.575141135,11.76456769
1.7488296,21.39249433,-4.5958735,1.670979523,108.9508242,-17.33833893,48.45175252,60.39784851,9.513501607,11.85911755
1.749886167,21.43428233,-4.595689267,1.671407389,109.1636482,-17.33764389,48.44980589,60.61261918,9.513119386,11.90128778
1.7508643,21.47704433,-4.591920667,1.671742168,109.3814328,-17.32342652,48.40998632,60.87022332,9.505300814,11.95186835
1.7518658,21.52734633,-4.6110053,1.671986874,109.6376182,-17.39542498,48.61163728,60.92475774,9.544894981,11.96257618
1.752941267,21.55994233,-4.584645267,1.672571934,109.8036279,-17.29597943,48.3331134,61.36929129,9.490206816,12.04986035
1.7538827,21.60171367,-4.602365667,1.672884918,110.016367,-17.3628312,48.52034968,61.39479417,9.52697066,12.05486784
1.7549026,21.63564467,-4.569006767,1.673394326,110.1891758,-17.2369818,48.16787477,61.92007784,9.457762212,12.15800728
1.7558703,21.69012133,-4.5998874,1.673542425,110.4666225,-17.35348172,48.49416396,61.87123539,9.521829094,12.14841707
1.7569071,21.73421133,-4.5949289,1.67391589,110.6911705,-17.33477534,48.44177174,62.14817561,9.511541882,12.20279428
1.7579132,21.773394,-4.599575833,1.674332487,110.8907257,-17.35230631,48.4908719,62.29863066,9.521182698,12.23233613
1.758971667,21.824288,-4.609785267,1.674625254,111.1499262,-17.3908223,48.59874624,62.44995674,9.542363824,12.262049
1.759888233,21.86794633,-4.6169715,1.674884981,111.3722757,-17.417933,48.67467701,62.59637551,9.55727283,12.29079833
1.7608934,21.904749,-4.594697967,1.675336451,111.5597097,-17.33390413,48.43933167,63.01915485,9.511062773,12.37381106
1.7618613,21.93827933,-4.5759975,1.675799887,111.7304779,-17.26335496,48.24173986,63.38751485,9.472265622,12.44613854
1.762900767,21.98612167,-4.588739567,1.676119566,111.9741363,-17.31142554,48.37637436,63.49653878,9.498701106,12.46754539
1.763861533,22.033877,-4.608544033,1.676361854,112.2173517,-17.38613964,48.58563119,63.5304973,9.539788684,12.47421314
1.7649633,22.07112033,-4.577080267,1.676903295,112.40703,-17.2674398,48.25318053,64.05262625,9.474511997,12.57673317
1.7658696,22.125378,-4.616687133,1.676993288,112.6833613,-17.4168602,48.67167235,63.91046582,9.556682865,12.54881996
1.7668988,22.16188633,-4.586154633,1.67747322,112.8692963,-17.30167365,48.34906159,64.41901156,9.493338242,12.64867292
1.767953967,22.202472,-4.593842167,1.677917775,113.0759969,-17.33067554,48.43028916,64.5444846,9.509287277,12.67330955
1.7689067,22.24513267,-4.584548467,1.678228679,113.2932654,-17.29561424,48.3320906,64.85995165,9.490005989,12.73525151
1.769935867,22.301119,-4.619837433,1.678415531,113.5784008,-17.42874499,48.70495887,64.77221877,9.563218674,12.71802515
1.770896767,22.34466233,-4.607661533,1.678721322,113.8001647,-17.38281033,48.57630657,65.12263493,9.537957794,12.78682937
1.7718897,22.37601833,-4.5833793,1.679242504,113.9598591,-17.29120346,48.31973702,65.5388989,9.487580363,12.8685628
1.772877067,22.41571567,-4.577929967,1.679632624,114.1620355,-17.27064536,48.26215858,65.79865372,9.476274837,12.91956566
1.7739136,22.459825,-4.593690867,1.680005533,114.3866819,-17.33010475,48.4286905,65.85676826,9.508973381,12.93097645
1.774891833,22.507053,-4.6004081,1.680273221,114.6272116,-17.35544611,48.49966575,66.02632268,9.522909371,12.96426846
1.775912433,22.55299267,-4.602512667,1.680602659,114.8611799,-17.36338577,48.52190291,66.23805378,9.527275636,13.00584186
1.776942467,22.595296,-4.594640767,1.680996238,115.0766285,-17.33368833,48.43872728,66.53667801,9.510944102,13.06447673
1.777926167,22.63443567,-4.591028067,1.681391082,115.2759647,-17.3200591,48.40055498,66.77418653,9.50344897,13.11111153
1.778899833,22.66738833,-4.5758411,1.681868976,115.4437908,-17.26276493,48.24008732,67.10248035,9.471941145,13.17557202
1.7798762,22.71560633,-4.584831567,1.682119903,115.6893625,-17.29668226,48.33508187,67.25305748,9.490593326,13.20513784
1.780872133,22.767025,-4.602765267,1.682342242,115.951235,-17.36433873,48.52457191,67.32543995,9.527799695,13.21935013
1.7819188,22.80272233,-4.592069767,1.682851842,116.1330396,-17.32398901,48.41156173,67.62025473,9.505610146,13.27723702
1.782915433,22.842973,-4.580873967,1.683242905,116.3380341,-17.28175186,48.29326531,67.94354564,9.482382643,13.34071519
1.7839208,22.89064967,-4.588623367,1.683530976,116.5808488,-17.31098716,48.37514658,68.10447907,9.49846003,13.37231447
1.784865033,22.93671933,-4.5939474,1.683782091,116.8154792,-17.33107255,48.43140107,68.28285491,9.509505601,13.40733856
1.7859008,22.973599,-4.586514767,1.684263003,117.0033053,-17.30303228,48.35286681,68.54921534,9.494085397,13.45963843
1.7869045,23.01685767,-4.5929491,1.684615876,117.2236194,-17.32730637,48.42085289,68.70154332,9.507434465,13.48954803
1.787852233,23.05776167,-4.590169433,1.684948209,117.4319413,-17.31681983,48.39148254,68.93923555,9.501667596,13.5362189
1.788900633,23.09973433,-4.581266567,1.68536513,117.6457058,-17.28323298,48.29741357,69.24706904,9.483197155,13.59666201
1.789901333,23.15326667,-4.602129133,1.685560436,117.9183431,-17.36193886,48.51785044,69.29926948,9.526479933,13.60691156
1.790879833,23.196806,-4.600368167,1.685883887,118.1400866,-17.35529546,48.49924381,69.53961959,9.522826522,13.65410431
1.791890167,23.25077633,-4.639221667,1.686082237,118.4149546,-17.50187372,48.90977545,69.40395596,9.60343441,13.62746675
1.79288,23.284511,-4.5923004,1.686564532,118.5867634,-17.32485909,48.41399864,70.07154162,9.506088632,13.7585472
1.7938703,23.32845467,-4.607993933,1.6868937,118.8105662,-17.38406434,48.57981875,70.12952423,9.538647412,13.76993208
1.7948718,23.36699933,-4.5892857,1.687315295,119.0068721,-17.31348587,48.38214488,70.52350402,9.499834148,13.84729001
1.7958514,23.40902867,-4.593156,1.687662564,119.2209252,-17.32808692,48.42303903,70.69666301,9.507863713,13.88128978
1.796846933,23.44657967,-4.587090633,1.688093142,119.4121704,-17.30520479,48.3589515,70.95199577,9.495280126,13.93142437
1.797915233,23.484992,-4.569876667,1.688583529,119.6078024,-17.24026358,48.17706626,71.32951295,9.45956696,14.00554987
1.798893167,23.542615,-4.6088012,1.688694524,119.9012732,-17.38710982,48.58834845,71.21170161,9.540322218,13.98241761
1.7998749,23.57427467,-4.570749433,1.689199938,120.0625142,-17.24355617,48.18628804,71.775003,9.461377656,14.09302184
1.800834033,23.614069,-4.563526,1.689560365,120.2651846,-17.21630513,48.10996421,72.05399723,9.446391472,14.14780236
1.801822267,23.665636,-4.6016596,1.689772773,120.5278126,-17.3601675,48.51288928,71.91370012,9.52550581,14.12025502
1.802828533,23.710161,-4.606037633,1.690109161,120.754576,-17.37668402,48.55914821,72.09420462,9.534588751,14.15569708
1.8038908,23.75392467,-4.597969833,1.690513003,120.977462,-17.34624753,48.47390268,72.40233616,9.517850791,14.2161987
1.804869733,23.79530733,-4.593449433,1.690869335,121.1882217,-17.32919392,48.42613949,72.66085905,9.508472488,14.26695967
1.805939867,23.836757,-4.591360433,1.691315858,121.3993226,-17.32131299,48.40406681,72.89403265,9.504138519,14.31274331
1.806882033,23.88941967,-4.620552233,1.691465714,121.6675308,-17.43144163,48.71251155,72.85379604,9.564701642,14.30484285
1.807908267,23.930227,-4.598971367,1.691878001,121.8753603,-17.35002591,48.48448502,73.28965212,9.519928634,14.39042319
1.8088701,23.96714367,-4.595069567,1.692284424,122.0633749,-17.33530602,48.44325805,73.5188937,9.511833717,14.43543478
1.809878567,24.00894933,-4.598306,1.692663924,122.2762889,-17.34751575,48.47745466,73.6976111,9.518548223,14.47052594
1.8108213,24.05208633,-4.593859633,1.692957661,122.4959834,-17.33074144,48.43047372,73.96428647,9.509323514,14.52288765
1.811870233,24.095331,-4.5889176,1.693355978,122.7162261,-17.31209718,48.37825549,74.23674746,9.499070465,14.57638536
1.8128817,24.13637733,-4.573816467,1.693749903,122.9252729,-17.25512682,48.21869475,74.60535497,9.467740715,14.64876145
1.813917433,24.17987967,-4.574673633,1.694131144,123.1468279,-17.25836056,48.2277517,74.81785307,9.469519046,14.69048545
1.814902,24.21276233,-4.544892633,1.694620991,123.3142976,-17.1460091,47.91308139,75.29999303,9.407733531,14.78515363
1.815908133,24.25785367,-4.561344633,1.694948725,123.5439453,-17.20807573,48.08691558,75.35580658,9.441865874,14.79611262
1.8169142,24.30787467,-4.5703454,1.695202226,123.7986996,-17.24203192,48.18201896,75.51545746,9.460539424,14.82746007
1.817822033,24.370439,-4.642121133,1.695168779,124.1173364,-17.51281221,48.94041163,75.07570158,9.609449823,14.74111401
1.818877733,24.398548,-4.5920903,1.695801579,124.260494,-17.32406647,48.41177869,75.74749215,9.505652746,14.87302008
1.819820867,24.43371767,-4.5698989,1.696215584,124.4396112,-17.24034746,48.17730118,76.16108688,9.459613087,14.95422941
1.820886067,24.48435133,-4.587867267,1.696519001,124.6974858,-17.30813471,48.36715751,76.22910509,9.496891378,14.96758478
1.821873367,24.53217033,-4.597864,1.696786864,124.9410254,-17.34584827,48.47278443,76.36701777,9.517631223,14.99466394
1.822891833,24.58071533,-4.616228433,1.697074971,125.1882625,-17.41512971,48.66682566,76.42021362,9.555731218,15.00510894
1.8238469,24.61091833,-4.5515855,1.697575634,125.3420847,-17.17125854,47.98379918,77.25706235,9.421618969,15.16942419
1.824877467,24.677395,-4.628808967,1.697606059,125.6806468,-17.46259089,48.79975337,76.77967025,9.581831575,15.07568825
1.8258608,24.706613,-4.601765467,1.698149807,125.8294525,-17.36056689,48.51400788,77.21422145,9.525725448,15.16101238
1.826879,24.74588967,-4.579629267,1.69857709,126.0294865,-17.27705612,48.28011363,77.64814965,9.479800311,15.24621418
1.827897167,24.80094467,-4.599959067,1.698766954,126.3098786,-17.35375209,48.4949212,77.71373424,9.521977778,15.25909172
1.8288527,24.851279,-4.610594267,1.698965207,126.5662287,-17.39387432,48.60729425,77.85771125,9.544042225,15.2873616
1.829904933,24.89141767,-4.609512467,1.699413555,126.7706527,-17.38979314,48.59586379,78.07356577,9.541797856,15.32974464
1.8308657,24.92539733,-4.592563467,1.699863097,126.9437094,-17.32585154,48.41677824,78.42570795,9.506634406,15.39888776
1.831909167,24.97259333,-4.595364233,1.7001965,127.1840761,-17.33641768,48.44637154,78.63648134,9.512445051,15.44027311
1.832896267,25.011967,-4.598574967,1.700591223,127.384604,-17.34853045,48.4802966,78.80308424,9.519106238,15.47298559
1.8338713,25.061739,-4.6137894,1.700817437,127.6380901,-17.40592825,48.64105448,78.89581248,9.550671048,15.49119278
1.8349047,25.09596833,-4.581134467,1.701335856,127.8124183,-17.28273462,48.29601779,79.41517733,9.482923092,15.59317007
1.835879533,25.13797233,-4.590942533,1.70167874,128.0263424,-17.31973642,48.39965122,79.52546801,9.503271517,15.61482564
1.836931,25.192896,-4.610617333,1.70190388,128.3060657,-17.39396134,48.60753797,79.59730455,9.544090081,15.62893075
1.837824633,25.222283,-4.573707567,1.702355386,128.4557321,-17.25471599,48.2175441,80.13696483,9.467514784,15.73489304
1.838859933,25.25083067,-4.5476939,1.702961186,128.6011238,-17.15657713,47.94267998,80.55722069,9.413545213,15.81741028
1.8398472,25.30291567,-4.578552867,1.703164834,128.8663899,-17.27299531,48.26874023,80.49642654,9.477567144,15.80547335
1.8408598,25.362067,-4.611791767,1.703287502,129.1676445,-17.398392,48.6199472,80.44647413,9.546526633,15.7956652
1.841846733,25.397477,-4.580939133,1.703741692,129.3479857,-17.28199771,48.29395387,80.95280869,9.482517842,15.89508399
1.842860033,25.438477,-4.586299567,1.704138147,129.5567965,-17.30222042,48.35059297,81.10498039,9.49363893,15.9249629
1.843918,25.47133967,-4.5566764,1.704701695,129.7241643,-17.19046441,48.03759036,81.5853508,9.432180866,16.01928363
1.844885733,25.51872267,-4.568577933,1.704956551,129.9654834,-17.23536399,48.16334366,81.70091657,9.456872528,16.04197497
1.845915767,25.572446,-4.589125633,1.705178317,130.2390935,-17.31288201,48.3804536,81.75741668,9.499502064,16.05306876
1.8468958,25.61256467,-4.574838,1.705554765,130.4434157,-17.25898065,48.22948842,82.11270407,9.469860051,16.12282944
1.847875333,25.657378,-4.5936521,1.705860081,130.6716476,-17.3299585,48.42828089,82.1421435,9.508892953,16.12860988
1.848817467,25.70215233,-4.592749767,1.706128585,130.8996808,-17.32655437,48.41874671,82.37971095,9.507020916,16.17525625
1.849840967,25.738326,-4.572787767,1.706607852,131.0839114,-17.25124596,48.20782536,82.77486284,9.46560651,16.25284432
1.850863067,25.79074033,-4.593932467,1.706841378,131.3508548,-17.33101621,48.43124329,82.8183883,9.509474619,16.26139054
1.851906167,25.83301867,-4.592505767,1.707248401,131.566176,-17.32563386,48.41616857,83.0487843,9.506514698,16.3066288
1.852881233,25.8651,-4.580379167,1.707740804,131.7295646,-17.27988519,48.28803718,83.34030419,9.4813561,16.36386873
1.8539647,25.90021067,-4.561354467,1.708296031,131.9083813,-17.20811283,48.08701948,83.72013863,9.441886274,16.43844922
1.854869733,25.95951633,-4.602952,1.70830881,132.2104219,-17.3650432,48.52654496,83.58265372,9.528187104,16.41145406
1.8558908,25.98752233,-4.555706367,1.708908526,132.3530549,-17.18680487,48.02734084,84.22449089,9.430168375,16.53747879
1.8568595,26.037375,-4.569944367,1.709127193,132.6069519,-17.24051898,48.17778159,84.3279471,9.459707415,16.55779241
1.8578515,26.08615867,-4.588106133,1.709385243,132.8554045,-17.30903585,48.36968141,84.38449987,9.497386946,16.56889655
1.858858,26.12407833,-4.566520367,1.709821241,133.0485273,-17.22760164,48.14160312,84.80570099,9.452603772,16.65159939
1.859854433,26.16773833,-4.572774567,1.71016081,133.2708853,-17.25119616,48.20768589,84.96197626,9.465579124,16.68228404
1.860875367,26.20002933,-4.5452779,1.710695925,133.4353417,-17.14746256,47.91715217,85.4169663,9.408532829,16.77162133
1.8618603,26.242805,-4.542463467,1.711037299,133.6531958,-17.13684486,47.88741447,85.66455817,9.402693831,16.820236
1.8628827,26.28717467,-4.5505929,1.711392157,133.8791682,-17.16751386,47.97331122,85.80463375,9.419559659,16.84773984
1.863861967,26.331266,-4.550757233,1.71170807,134.1037229,-17.16813383,47.97504759,86.02745217,9.419900595,16.89149023
1.864884,26.376746,-4.552543167,1.712045856,134.3353501,-17.17487142,47.99391802,86.24020894,9.423605803,16.93326503
1.8658579,26.41319733,-4.539485967,1.712471346,134.5209948,-17.12561198,47.85595378,86.56381786,9.396516524,16.99680564
1.866910367,26.457333,-4.544048467,1.712859792,134.7457754,-17.14282441,47.90416181,86.74039042,9.405982171,17.03147566
1.867856433,26.503088,-4.540187167,1.713117474,134.9788032,-17.12825732,47.86336276,87.01421722,9.397971278,17.08524155
1.868893933,26.555832,-4.5665048,1.713361441,135.2474255,-17.22754291,48.14143864,87.0047637,9.452571476,17.08338535
1.869888467,26.587272,-4.5304106,1.713882959,135.4075477,-17.09137435,47.76006216,87.54626241,9.377688204,17.18970862
1.870876167,26.62854367,-4.515390867,1.714249727,135.6177421,-17.03471108,47.60136151,87.91515744,9.346527332,17.26214116
1.8718615,26.677981,-4.539308233,1.714491276,135.8695238,-17.12494146,47.85407582,87.91422481,9.396147788,17.26195804
1.872842567,26.71497167,-4.527107567,1.714915818,136.0579153,-17.07891337,47.72516183,88.23153027,9.370835526,17.32426097
1.873912267,26.75693333,-4.522382767,1.715354205,136.2716238,-17.06108864,47.67523892,88.4951617,9.361033162,17.376025
1.874904967,26.799094,-4.517715167,1.715712597,136.4863458,-17.04347971,47.62592039,88.75920224,9.351349469,17.42786936
1.875889467,26.854766,-4.559729433,1.715859512,136.7698803,-17.20198224,48.06984914,88.59880799,9.438514879,17.39637595
1.876873467,26.887897,-4.527263633,1.716345056,136.9386147,-17.07950214,47.72681086,89.11058068,9.371159312,17.49686252
1.877828267,26.93781533,-4.544970533,1.716548835,137.1928461,-17.14630299,47.91390449,89.17771843,9.407895147,17.51004501
1.8788634,26.98056533,-4.550024833,1.716940795,137.4105696,-17.16537078,47.96730895,89.34203743,9.418381113,17.54230905
1.8798447,27.020961,-4.545596567,1.717314342,137.6163025,-17.14866476,47.92051925,89.59456009,9.409193955,17.59189187
1.8808391,27.06887133,-4.558945833,1.717587931,137.8603073,-17.19902604,48.06156951,89.69751458,9.436889174,17.61210699
1.8819113,27.10167433,-4.5341161,1.71816661,138.0273712,-17.10535368,47.799215,90.12693301,9.385375865,17.6964233
1.882900833,27.13154667,-4.491313633,1.718706714,138.1795094,-16.94387759,47.34695801,90.73132819,9.296575206,17.81509629
1.883862767,27.17697267,-4.511513833,1.718985213,138.4108616,-17.02008463,47.56039622,90.74924216,9.338483797,17.8186137
1.8848668,27.216001,-4.4967224,1.719402065,138.6096308,-16.96428264,47.40410782,91.10429977,9.30779657,17.88832926
1.8858772,27.279492,-4.546437567,1.719457243,138.932987,-17.1518375,47.92940538,90.90235845,9.410938746,17.84867808
1.8868405,27.32780333,-4.542376033,1.719693699,139.179034,-17.13651501,47.88649064,91.19132022,9.402512436,17.90541573
1.887835667,27.37817133,-4.561681267,1.719931079,139.4355556,-17.20934571,48.09047249,91.24385988,9.442564274,17.91573189
1.888872667,27.411716,-4.529200233,1.720463399,139.6063967,-17.08680814,47.74727325,91.75790031,9.375177102,18.01666373
1.889794467,27.442333,-4.5056572,1.720924567,139.7623275,-16.99798996,47.49851419,92.16259011,9.326333261,18.09612457
1.890861367,27.48103467,-4.502461433,1.7214092,139.959433,-16.98593365,47.46474726,92.39346254,9.319703125,18.14145637
1.891878467,27.53774167,-4.5403541,1.721573143,140.2482387,-17.12888709,47.8651266,92.28188891,9.398317608,18.11954889
1.892861433,27.58045067,-4.521501867,1.721913553,140.4657533,-17.05776537,47.66593121,92.69859895,9.359205592,18.2013699
1.893855567,27.62723033,-4.5314482,1.722203886,140.7039997,-17.09528879,47.77102559,92.83175089,9.379840874,18.22751429
1.894795933,27.672026,-4.5349296,1.722470302,140.9321416,-17.10842268,47.80781056,93.02310785,9.387063603,18.26508723
1.8958112,27.70142533,-4.507378267,1.723043256,141.0818708,-17.00448284,47.51669923,93.4639484,9.329903893,18.35164627
1.896823233,27.74023033,-4.490929133,1.723471468,141.2795026,-16.94242703,47.34289533,93.83538408,9.295777498,18.42457766
1.897832267,27.78864233,-4.5066916,1.723752143,141.5260623,-17.00189233,47.50944381,93.91539531,9.328479292,18.44028787
1.898848367,27.82916467,-4.502734667,1.724158584,141.7324404,-16.98696445,47.46763429,94.1635829,9.320269992,18.4890195
1.899813,27.86699467,-4.498445833,1.724554065,141.9251065,-16.97078445,47.42231786,94.40156549,9.311372112,18.53574738
1.9008303,27.921161,-4.5228826,1.724756433,142.2009728,-17.06297431,47.68052023,94.41922934,9.362070147,18.53921568
1.901814933,27.96047767,-4.5203562,1.725149547,142.4012104,-17.05344324,47.65382593,94.64616132,9.356828721,18.58377377
1.902807367,28.002173,-4.507102167,1.725514674,142.6135625,-17.00344123,47.51378192,94.99855742,9.329331079,18.65296675
1.903845533,28.03336667,-4.4844063,1.726083532,142.7724302,-16.91781907,47.27397414,95.39723286,9.282244823,18.73124667
1.904818533,28.09014267,-4.530500733,1.726202337,143.0615873,-17.09171439,47.76101452,95.1993496,9.377875201,18.69239229
1.905873533,28.120425,-4.480882833,1.726801739,143.2158136,-16.90452648,47.23674469,95.87784573,9.27493482,18.82561501
1.9068124,28.17132433,-4.515675067,1.726974825,143.4750412,-17.03578325,47.6043644,95.76945359,9.347116951,18.80433221
1.9078174,28.21858533,-4.5068607,1.727268784,143.7157389,-17.00253028,47.51123054,96.10328518,9.328830117,18.86988004
1.9088349,28.249396,-4.486910467,1.727822737,143.872656,-16.92726626,47.30043353,96.47099927,9.287440123,18.94208071
1.909880033,28.29442633,-4.488237833,1.728190389,144.101993,-16.93227386,47.31445867,96.68631119,9.29019396,18.9843572
1.9108417,28.33289167,-4.470089267,1.728573345,144.2978949,-16.86380679,47.12269832,97.07397342,9.252541815,19.06047468
1.9118419,28.381797,-4.489645967,1.728837764,144.5469672,-16.93758617,47.32933721,97.11640676,9.293115361,19.06880647
1.912890233,28.41602567,-4.468707433,1.729371127,144.7212919,-16.8585937,47.10809767,97.51197106,9.249674978,19.14647552
1.913876867,28.459054,-4.481508233,1.729710399,144.9404329,-16.90688585,47.24335276,97.59585697,9.276232313,19.16294652
1.914819967,28.50845333,-4.495201933,1.729910286,145.1920211,-16.95854655,47.38804235,97.70275552,9.304642115,19.18393605
1.9158441,28.53672133,-4.445274067,1.730509128,145.3359885,-16.77018926,46.86049737,98.37426791,9.201058658,19.3157875
1.916782133,28.58692533,-4.4679869,1.730691842,145.5916747,-16.85587543,47.10048441,98.38996714,9.248180115,19.31887005
1.917795267,28.624528,-4.448461367,1.731139243,145.7831831,-16.78221363,46.89417484,98.78778508,9.207671229,19.3969816
1.918786567,28.66389067,-4.446234567,1.731538332,145.983655,-16.77381283,46.87064615,99.01178571,9.203051371,19.44096412
1.919853167,28.719194,-4.480744667,1.731772893,146.2653119,-16.90400523,47.2352848,98.92880396,9.274648171,19.42467066
1.920819433,28.75137133,-4.445188067,1.732255052,146.4291894,-16.76986482,46.85958868,99.46837751,9.200880237,19.53061592
1.921876367,28.80072533,-4.4626107,1.732569454,146.6805466,-16.83559324,47.04367872,99.53564475,9.237026316,19.54382385
1.922857733,28.827777,-4.4252882,1.733143828,146.8183193,-16.69479081,46.64932384,100.0677723,9.159594736,19.64830709
1.9238086,28.86964467,-4.428657867,1.733464796,147.0315491,-16.70750318,46.68492822,100.2453977,9.166585656,19.68318384
1.924770933,28.91409367,-4.4335971,1.733758394,147.2579255,-16.72613687,46.73711687,100.4195854,9.176832897,19.7173856
1.925824033,28.96784733,-4.4587725,1.73400277,147.53169,-16.82111329,47.00312374,100.4273431,9.229063347,19.71890881
1.926809733,29.01512867,-4.465782967,1.734277123,147.7724913,-16.8475609,47.07719734,100.5940708,9.243607697,19.7516458
1.927816167,29.056183,-4.4564495,1.734665893,147.9815788,-16.81234957,46.97857859,100.901777,9.224243907,19.81206392
1.928835733,29.09464333,-4.456935233,1.735106824,148.1774552,-16.81418204,46.98371092,101.0925211,9.22525164,19.84951652
1.929823367,29.14628867,-4.4648949,1.735317454,148.4404821,-16.84421059,47.0678139,101.2714451,9.241765259,19.88464824
1.930835167,29.18028133,-4.4288457,1.735817834,148.613605,-16.70821179,46.6869129,101.8254689,9.166975347,19.99343081
1.931879767,29.22023633,-4.437640967,1.736261311,148.8170936,-16.74139271,46.77984494,101.9360255,9.185222554,20.01513861
1.932863033,29.26155667,-4.4412554,1.736622913,149.0275359,-16.75502848,46.81803556,102.1082771,9.192721282,20.04896021
1.933809767,29.303556,-4.447185833,1.736937767,149.2414362,-16.77740157,46.88069737,102.2595157,9.205024928,20.0786559
1.9347987,29.34015167,-4.421096,1.737376118,149.427816,-16.67897536,46.60502846,102.7215643,9.150897338,20.16937916
1.9358524,29.38411967,-4.422372,1.73776832,149.6517426,-16.68378919,46.61851086,102.9320086,9.153544606,20.21069989
1.9367893,29.45082467,-4.476764967,1.737701643,149.9914676,-16.88899146,47.19323472,102.6970097,9.266391638,20.16455786
1.937865867,29.49166333,-4.470733833,1.738163792,150.1994568,-16.86623848,47.1295089,102.9687247,9.253879073,20.21790909
1.938867967,29.51145767,-4.414359433,1.738868086,150.3002682,-16.65356107,46.53384893,103.6651961,9.136921237,20.35466126
1.939828867,29.573605,-4.4414212,1.738893979,150.6167813,-16.75565398,46.81978743,103.6957707,9.193065261,20.36066457
1.940839067,29.63911133,-4.467888033,1.738918637,150.9504015,-16.85550245,47.09943977,103.7497385,9.247975,20.37126116
1.9417881,29.68792367,-4.4902393,1.739133288,151.1990001,-16.93982457,47.33560645,103.7621705,9.294346327,20.37370217
1.942821933,29.71672033,-4.4607598,1.739733876,151.34566,-16.82861056,47.02412184,104.2203149,9.233186323,20.46365884
1.9437809,29.757709,-4.447833067,1.740076168,151.554413,-16.77984331,46.88753613,104.5656537,9.206367719,20.53146611
1.944848833,29.80399633,-4.467974967,1.740447708,151.7901519,-16.85583041,47.10035832,104.5885704,9.248155357,20.53596581
1.945844767,29.84188567,-4.4469088,1.740873597,151.9831203,-16.77635643,46.87777019,105.0041269,9.204450178,20.61756032
1.946845533,29.886317,-4.450090567,1.741205894,152.2094067,-16.78835993,46.9113892,105.1967943,9.211051269,20.65539056
1.9477895,29.920089,-4.429256767,1.741641761,152.3814057,-16.70976258,46.69125628,105.5889262,9.167828172,20.73238566
1.948853633,29.97339833,-4.455615233,1.741903855,152.6529072,-16.80920222,46.96976361,105.5819204,9.222513086,20.73101008
1.949803567,30.01804167,-4.477048733,1.74218213,152.8802733,-16.890062,47.19623304,105.5828171,9.266980357,20.73118614
1.950879333,30.046044,-4.4282584,1.742836601,153.0228877,-16.70599615,46.6807074,106.2409571,9.165756898,20.86041193
1.9518717,30.09555833,-4.454643533,1.743084025,153.2750615,-16.8055364,46.95949649,106.2143419,9.220497136,20.85518603
1.952877067,30.12807,-4.425938767,1.743600254,153.4406417,-16.69724513,46.65619782,106.6832207,9.160944442,20.94725039
1.953795467,30.191051,-4.479027433,1.743571104,153.7614006,-16.89752682,47.21714027,106.4430371,9.271085492,20.90009034
1.954744467,30.225355,-4.452795333,1.744004001,153.936109,-16.7985639,46.93996815,106.8949177,9.216662746,20.98881708
1.9554411,30.24412533,-4.4370761,1.744418234,154.0317053,-16.7392617,46.77387648,107.1566056,9.184050647,21.04019952
1.955772667,30.26437633,-4.437116467,1.744445125,154.1348425,-16.73941399,46.774303,107.2593164,9.184134394,21.06036677
1.955510067,30.236051,-4.405807167,1.744608679,153.9905831,-16.62129689,46.44348446,107.4458755,9.119178173,21.09699766
1.954732567,30.21040933,-4.448543367,1.744216958,153.8599915,-16.78252298,46.89504126,106.8637271,9.207841351,20.98269281
1.953646533,30.14899133,-4.420114967,1.744054959,153.5471929,-16.67527433,46.59466272,106.851307,9.148862025,20.98025414
1.952382633,30.09762433,-4.452417367,1.743563875,153.2855836,-16.79713799,46.9359745,106.2483859,9.215878593,20.86187057
1.9513803,30.05504167,-4.470875567,1.743202198,153.0687123,-16.86677318,47.13100648,105.8364827,9.254173122,20.78099337
1.950369,29.99539633,-4.428853367,1.743088262,152.7649419,-16.70824072,46.6869939,105.9767248,9.166991253,20.80852991
1.949337733,29.94730367,-4.4290034,1.74278055,152.5200085,-16.70880673,46.68857918,105.7302061,9.167302521,20.76012597
1.9484179,29.896492,-4.433190833,1.742625178,152.2612274,-16.72460419,46.7328242,105.42718,9.175990031,20.7006268
1.947412133,29.83784233,-4.408356,1.742501795,151.9625278,-16.63091259,46.47041579,105.3908888,9.124466141,20.69350102
1.9464368,29.788163,-4.405257533,1.742273888,151.7095136,-16.61922335,46.43767695,105.1706135,9.11803787,20.65024996
1.945381833,29.750665,-4.434066933,1.741783078,151.5185383,-16.72790936,46.74208119,104.675234,9.177807642,20.55298219
1.944372867,29.70228433,-4.447942067,1.741501999,151.2721382,-16.78025452,46.88868784,104.2822272,9.206593857,20.47581531
1.943325667,29.651706,-4.4417127,1.74121575,151.0145455,-16.75675369,46.82286746,104.0904548,9.193670025,20.4381608
1.942380933,29.60380033,-4.444191467,1.740991757,150.7705645,-16.76610505,46.84905846,103.8202828,9.198812629,20.38511253
1.941362,29.54737,-4.415415267,1.740821818,150.4831678,-16.6575443,46.54500502,103.8369396,9.139111735,20.38838309
1.940390567,29.50857967,-4.439936,1.740433986,150.2856107,-16.75005093,46.80409459,103.380293,9.189983973,20.29872052
1.93938,29.45560733,-4.443515767,1.740220388,150.0158255,-16.76355592,46.84191892,103.0726834,9.19741078,20.23832138
1.938370867,29.405911,-4.439699633,1.739958936,149.7627247,-16.74915922,46.80159711,102.8599044,9.189493592,20.19654224
1.9373724,29.35759433,-4.4354871,1.739687393,149.5166505,-16.73326706,46.75708688,102.6583405,9.180754008,20.15696515
1.9363797,29.31312533,-4.444496933,1.739363729,149.2901723,-16.76725745,46.85228607,102.3366631,9.199446369,20.09380379
1.935366633,29.27673833,-4.479901167,1.738898105,149.1048553,-16.90082305,47.22637226,101.7772598,9.272898193,19.98396497
1.934364033,29.218,-4.454671733,1.738779223,148.8057041,-16.80564279,46.95979446,101.7446865,9.220555642,19.97756919
1.9333858,29.15805,-4.4309443,1.738702938,148.500382,-16.71612895,46.709087,101.6900718,9.171329233,19.9668456
1.9323507,29.112889,-4.449966567,1.738347285,148.2703794,-16.78789213,46.91007899,101.2590773,9.21079401,19.88221982
1.931372933,29.070878,-4.460155967,1.738001574,148.0564197,-16.82633254,47.01774165,100.9374548,9.231933573,19.81906926
1.930364167,29.02668867,-4.463523367,1.737657636,147.8313658,-16.83903636,47.05332208,100.6768205,9.238919791,19.7678937
1.9293811,28.97238467,-4.456013667,1.737491573,147.5547984,-16.81070535,46.97397352,100.4796017,9.2233397,19.7291698
1.928430833,28.922959,-4.454430133,1.737284915,147.3030761,-16.80473133,46.95724168,100.2446113,9.220054403,19.68302943
1.927343033,28.87932,-4.4599862,1.736853664,147.0808251,-16.82569208,47.01594787,99.963654,9.231581365,19.62786346
1.926346533,28.82864167,-4.459414167,1.736619619,146.822723,-16.82353404,47.00990369,99.71159616,9.230394589,19.57837191
1.925388133,28.77966833,-4.4549842,1.736398023,146.5733045,-16.80682159,46.96309603,99.50898527,9.221203905,19.53858926
1.924407833,28.73211733,-4.4584886,1.736133128,146.3311298,-16.82004225,47.00012402,99.22978259,9.228474351,19.48376781
1.923408733,28.68380833,-4.456685233,1.735860837,146.0850946,-16.81323889,46.98106939,99.00280208,9.224732974,19.43920019
1.922339267,28.634672,-4.451796233,1.735530626,145.8348459,-16.79479471,46.92941151,98.80421125,9.214589951,19.40020688
1.921391933,28.59002567,-4.471676833,1.735254997,145.6074646,-16.86979603,47.13947278,98.36676861,9.25583548,19.31431502
1.9203555,28.533776,-4.450599367,1.73506484,145.320988,-16.79027942,46.91676525,98.3029996,9.212106857,19.30179397
1.919391667,28.47913267,-4.441844167,1.734923116,145.0426925,-16.75724966,46.82425655,98.11721274,9.193942774,19.26531472
1.918385067,28.442447,-4.471231933,1.734468452,144.8558543,-16.8681176,47.1347719,97.61985926,9.254912462,19.16765937
1.917439433,28.38904433,-4.440728667,1.734326261,144.5838774,-16.75304133,46.81247002,97.67018423,9.191628489,19.17754067
1.916352967,28.342713,-4.454082033,1.73393685,144.3479144,-16.80341809,46.9535636,97.29312766,9.219332213,19.10350562
1.915361433,28.27985067,-4.417465367,1.73389108,144.02776,-16.66527848,46.56666667,97.35987011,9.143365,19.1166105
1.914367733,28.23787,-4.453102433,1.733528979,143.8139547,-16.79972246,46.94321301,96.76951848,9.217299874,19.00069495
1.913345367,28.20315167,-4.466096733,1.73302895,143.6371361,-16.84874461,47.08051264,96.45540024,9.244258657,18.93901784
1.9123829,28.155633,-4.4640441,1.732781402,143.3951261,-16.84100087,47.05882422,96.23507865,9.240000136,18.89575769
1.911403133,28.107247,-4.4715117,1.732529602,143.1486988,-16.86917305,47.13772795,95.90974762,9.255492884,18.83187894
1.910388133,28.05010533,-4.452132833,1.732374299,142.8576793,-16.79606456,46.93296808,95.82348806,9.215288282,18.81494188
1.909422233,28.01965067,-4.502048667,1.731866589,142.7025753,-16.98437645,47.46038591,95.14096624,9.318846774,18.68092872
1.9083563,27.97568633,-4.511323133,1.731462099,142.4786673,-17.0193652,47.55838125,94.81906291,9.338088159,18.617723
1.907375067,27.917244,-4.4737387,1.731360131,142.1810237,-16.8775746,47.16125875,94.91854175,9.260113156,18.63725567
1.906421167,27.873279,-4.489327933,1.731067684,141.9571123,-16.93638636,47.32597682,94.5299123,9.292455549,18.56094828
1.905369567,27.82903267,-4.492198167,1.73068177,141.7317681,-16.94721457,47.35630412,94.2742408,9.298410314,18.51074718
1.904357067,27.77971767,-4.504361333,1.730411214,141.4806095,-16.99310119,47.48482188,93.8945644,9.323644776,18.43619772
1.903350867,27.73706033,-4.516487267,1.730046794,141.2633579,-17.03884735,47.61294622,93.54918854,9.348801991,18.36838317
1.902383333,27.685891,-4.501684033,1.729849103,141.0027553,-16.98300084,47.45653314,93.44499896,9.318090283,18.34792555
1.901400633,27.625804,-4.4706578,1.729770412,140.6967354,-16.86595164,47.12870552,93.46680672,9.25372133,18.3522075
1.9003824,27.57673867,-4.4605581,1.729490367,140.4468483,-16.82784962,47.02199065,93.32363449,9.232767864,18.32409563
1.899383033,27.540491,-4.481604867,1.729036346,140.2622409,-16.90725041,47.2443738,92.91664392,9.276432795,18.24418303
1.898423533,27.49878867,-4.500477167,1.728704258,140.0498532,-16.97844783,47.44378122,92.50484876,9.315586442,18.16332705
1.897398733,27.44707067,-4.497270733,1.728457555,139.7864562,-16.96635128,47.40990158,92.27533139,9.308934176,18.11826132
1.896366333,27.39178967,-4.4817152,1.728256858,139.504913,-16.90766665,47.24553959,92.15815022,9.276661699,18.0952528
1.895389933,27.346444,-4.4704531,1.727962683,139.27397,-16.86517939,47.12654264,92.04620414,9.253296646,18.07327218
1.894418033,27.31867267,-4.524049567,1.727408603,139.132532,-17.06737679,47.69285057,91.3384583,9.364491209,17.93430629
1.893404667,27.25579833,-4.485604933,1.727341181,138.8123164,-16.92234102,47.28663907,91.42445419,9.284731582,17.95119158
1.892415167,27.21427533,-4.5106848,1.726976394,138.600842,-17.01695703,47.55163653,90.94798232,9.336763833,17.85763633
1.891360833,27.15224133,-4.480010367,1.726855362,138.2849062,-16.90123502,47.22752608,90.95615694,9.273124746,17.85924142
1.890401933,27.11395767,-4.505495233,1.72647244,138.0899295,-16.99737893,47.49680283,90.49190354,9.325997235,17.76808526
1.889379067,27.06317733,-4.4790942,1.726213564,137.831308,-16.8977787,47.21784573,90.51223912,9.27122401,17.77207815
1.888400467,27.01557667,-4.4910846,1.725951116,137.5888804,-16.94301354,47.34453802,90.14311921,9.296100039,17.69960146
1.8873976,26.97369633,-4.5099643,1.725578339,137.3755861,-17.01423888,47.54402363,89.73033931,9.335269039,17.61855212
1.886419667,26.93190733,-4.5212957,1.725229121,137.162757,-17.05698759,47.66375282,89.39778098,9.358777866,17.5532543
1.885398,26.87865133,-4.506742,1.725008691,136.891527,-17.00208247,47.50997634,89.28032751,9.328583855,17.53019231
1.884364067,26.83127967,-4.514523033,1.724687464,136.6502657,-17.0314371,47.59219185,88.95685065,9.344726871,17.46667762
1.8834261,26.77627633,-4.499055833,1.724577023,136.3701367,-16.97308573,47.42876321,88.84015027,9.312637656,17.44376351
1.882368367,26.721209,-4.5018457,1.724347777,136.0896817,-16.98361074,47.45824134,88.53021717,9.318425687,17.38290814
1.8814024,26.681816,-4.502503533,1.723974478,135.8890553,-16.98609248,47.4651921,88.32263998,9.319790468,17.34215036
1.880397033,26.64423567,-4.5307382,1.723534508,135.6976606,-17.09261025,47.76352362,87.83291384,9.378367864,17.24599263
1.879431067,26.59287033,-4.515329833,1.723341333,135.4360598,-17.03448083,47.60071662,87.73411996,9.346400708,17.22659445
1.8784081,26.550467,-4.523370733,1.722956324,135.2201019,-17.06481583,47.68567792,87.43320076,9.363082859,17.16750897
1.8774219,26.49059033,-4.499945367,1.722870968,134.9151532,-16.97644157,47.43816214,87.37576789,9.314483137,17.15623203
1.876434767,26.45296333,-4.522395633,1.722449933,134.7235209,-17.06113718,47.67537487,86.94692287,9.361059856,17.07202831
1.875375,26.40646533,-4.5131933,1.722089729,134.4867091,-17.02642057,47.5781417,86.80734423,9.341968123,17.04462204
1.8743468,26.344383,-4.480726567,1.721995558,134.1705271,-16.90393695,47.23509355,86.83421039,9.274610619,17.04989721
1.8733861,26.30861367,-4.513009567,1.721573007,133.9883558,-17.02572742,47.57620035,86.3109323,9.341586939,16.94715156
1.872434667,26.26684,-4.518401167,1.721250059,133.7756048,-17.04606771,47.63316877,86.04121284,9.352772687,16.89419214
1.871434133,26.22491767,-4.540601533,1.720880247,133.5620966,-17.12982055,47.86774102,85.5931324,9.398830948,16.80621155
1.870450467,26.169185,-4.515485133,1.720735078,133.2782531,-17.03506671,47.60235754,85.5746724,9.346722903,16.80258693
1.8694093,26.13032333,-4.540345033,1.720278585,133.0803327,-17.12885288,47.8650308,85.11407876,9.398298798,16.71214936
1.868417,26.082236,-4.534987433,1.720009759,132.8354265,-17.10864086,47.80842163,84.92578172,9.387183587,16.67517724
1.867397467,26.03089333,-4.530195533,1.719762676,132.5739411,-17.090563,47.75778973,84.71492818,9.377242014,16.63377615
1.866424467,25.972026,-4.500931767,1.719675335,132.2741329,-16.98016285,47.44858459,84.72432516,9.316529584,16.63562125
1.865417667,25.93845933,-4.535852133,1.719173546,132.1031797,-17.11190302,47.81755818,84.18439834,9.388977548,16.52960661
1.864430733,25.88285533,-4.502419633,1.719023175,131.8199915,-16.98577596,47.4643056,84.25446273,9.319616404,16.54336376
1.863405133,25.85834633,-4.558435767,1.718366313,131.6951685,-17.19710177,48.05618008,83.53776524,9.435830958,16.4026402
1.8624443,25.81382,-4.572568767,1.718075378,131.4683983,-17.25041976,48.20551138,83.16166371,9.465152159,16.32879267
1.861417167,25.77016167,-4.5817965,1.717705084,131.2460487,-17.2852322,48.30301293,82.84181262,9.484296588,16.26598991
1.8603943,25.72096733,-4.556343533,1.717422346,130.9955046,-17.18920864,48.03407324,82.86020821,9.43149028,16.26960188
1.859412267,25.69370767,-4.614623067,1.716850435,130.8566726,-17.40907333,48.64986312,82.1055863,9.552400624,16.12143187
1.858383667,25.625185,-4.555625767,1.716852758,130.5076903,-17.1865008,48.02648921,82.37997796,9.430001157,16.17530867
1.8574256,25.58344233,-4.5743715,1.71652271,130.2950972,-17.25722073,48.22455931,81.9693147,9.468892221,16.09467494
1.8564001,25.53307267,-4.5547112,1.716255022,130.0385672,-17.18305051,48.01682577,81.92051823,9.42810374,16.08509376
1.8554114,25.48450233,-4.556946133,1.715997062,129.7912011,-17.191482,48.0404404,81.64953751,9.432740472,16.03188669
1.854403267,25.44300767,-4.566809,1.715613216,129.579871,-17.22869053,48.14465286,81.33399494,9.453202588,15.96992991
1.853387633,25.37985733,-4.534879667,1.71554768,129.2582497,-17.1082343,47.80728295,81.34974359,9.386960008,15.97302215
1.8523939,25.34911833,-4.576352267,1.715016415,129.1016976,-17.26469335,48.24548838,80.75498609,9.473001643,15.85624152
1.851387533,25.29625,-4.5462017,1.714805452,128.8324421,-17.15094767,47.92691318,80.80430571,9.410449402,15.86592543
1.850389767,25.24145033,-4.532536833,1.714632146,128.5533503,-17.09939576,47.78252824,80.66959889,9.38209942,15.83947574
1.8494329,25.19836067,-4.5500218,1.714323564,128.333897,-17.16535934,47.9672769,80.26539687,9.418374819,15.76011068
1.848399767,25.16156967,-4.585199833,1.713843951,128.1465224,-17.29807158,48.33897303,79.70632615,9.491357355,15.65033714
1.847468867,25.11061967,-4.561080133,1.713679594,127.8870368,-17.20707788,48.08412083,79.70169274,9.441317125,15.64942737
1.846406733,25.06511467,-4.553264467,1.713302083,127.6552822,-17.17759259,48.00153938,79.55251967,9.425102257,15.62013724
1.845403033,25.02062333,-4.5629535,1.712967755,127.4286903,-17.21414532,48.10391509,79.22355199,9.445203728,15.55554443
1.8443456,24.990842,-4.5984227,1.712358382,127.2770155,-17.34795601,48.47868773,78.69710462,9.518790336,15.45217649
1.8433847,24.94579133,-4.5988838,1.712075269,127.0475749,-17.34969555,48.48355978,78.46279195,9.519746963,15.4061692
1.842386733,24.88289,-4.5690751,1.712023653,126.7272218,-17.2372396,48.16859679,78.45740182,9.45790398,15.40511085
1.8414033,24.841098,-4.580137267,1.711668981,126.5143774,-17.2789726,48.28548123,78.12767298,9.480854239,15.34036859
1.840452367,24.79805867,-4.6058224,1.711365574,126.2951804,-17.37587203,48.55687402,77.63708317,9.534142214,15.24404128
1.839431667,24.73973967,-4.5767231,1.711222283,125.9981648,-17.26609235,48.24940666,77.64753501,9.473770997,15.2460935
1.838406433,24.69637367,-4.586482367,1.710849492,125.7773041,-17.30291005,48.35252446,77.32355649,9.494018178,15.18248032
1.837367767,24.65446533,-4.601324067,1.710441336,125.5638672,-17.35890167,48.50934399,76.95330008,9.524809692,15.10978047
1.8363591,24.613673,-4.607592733,1.71004639,125.3561141,-17.38255077,48.57557962,76.67931129,9.537815058,15.05598277
1.8354122,24.562306,-4.596178533,1.709872306,125.0945047,-17.33948969,48.45497555,76.53830598,9.514134449,15.02829638
1.834419967,24.51811267,-4.594503733,1.709544962,124.8694304,-17.33317136,48.43727937,76.33092789,9.510659804,14.98757769
1.8334006,24.47422233,-4.600358333,1.709185925,124.6458993,-17.35525836,48.49913991,76.04553624,9.522806122,14.93154104
1.832453067,24.42628533,-4.600852333,1.708959604,124.4017588,-17.35712202,48.50435959,75.796176,9.523831005,14.88257916
1.831430767,24.37398467,-4.584632733,1.708724167,124.1353943,-17.29593214,48.33298097,75.70119013,9.490180814,14.86392868
1.830416833,24.31833767,-4.574543633,1.708547443,123.8519871,-17.25787012,48.2263781,75.52438582,9.46924934,14.82921316
1.829381733,24.28229833,-4.582249033,1.708054555,123.6684407,-17.28693942,48.30779446,75.25942307,9.485235442,14.77718772
1.8284248,24.232338,-4.5784138,1.707849275,123.4139954,-17.27247067,48.26727083,75.0455014,9.477278628,14.7351842
1.8274045,24.18366033,-4.581929867,1.70756133,123.1660827,-17.28573534,48.3044221,74.7604374,9.484573279,14.67921188
1.826376467,24.139178,-4.5758497,1.707202534,122.9395365,-17.26279737,48.24017819,74.59813518,9.471958987,14.64734384
1.825385467,24.08743067,-4.568113967,1.706990072,122.6759902,-17.23361364,48.15844132,74.41632565,9.455909953,14.61164554
1.824396933,24.05377833,-4.5984718,1.706507838,122.5046006,-17.34814125,48.47920653,73.92417092,9.518892202,14.51501096
1.8234407,24.01453567,-4.616769467,1.706142011,122.3047398,-17.41717081,48.67254229,73.53097436,9.556853679,14.43780682
1.8224231,23.95777433,-4.580064,1.705978385,122.0156574,-17.27869619,48.28470708,73.62972715,9.480702236,14.45719693
1.8214155,23.92006467,-4.6153302,1.705538127,121.8236041,-17.41174105,48.6573348,73.06504613,9.553867687,14.34632181
1.8204302,23.881621,-4.627245267,1.705131212,121.6278126,-17.45669169,48.78323109,72.74335831,9.578587425,14.2831584
1.8193931,23.83104,-4.625538833,1.704855103,121.3702063,-17.45025402,48.76520068,72.50378241,9.575047153,14.23611768
1.818435367,23.78110767,-4.616233367,1.704648602,121.1159036,-17.41514833,48.66687778,72.34780261,9.555741453,14.20549104
1.817442967,23.725806,-4.5983545,1.704488215,120.8342552,-17.34769872,48.47796712,72.25506486,9.518648844,14.18728198
1.816429033,23.675062,-4.591086067,1.704237726,120.5758187,-17.32027791,48.40116782,72.0734277,9.503569301,14.15161753
1.8153949,23.63758733,-4.607838,1.703767399,120.3849622,-17.38347606,48.57817114,71.70556791,9.538323903,14.07938826
1.814373567,23.597931,-4.627409933,1.703342695,120.1829947,-17.45731291,48.78497099,71.29680049,9.578929053,13.99912678
1.813347433,23.54509,-4.6172048,1.703111554,119.9138783,-17.41881314,48.67714209,71.13551301,9.557756849,13.96745798
1.812416167,23.50283867,-4.630223733,1.702815959,119.6986945,-17.46792822,48.814702,70.78276933,9.584766738,13.89819676
1.8114263,23.44993467,-4.6057285,1.702622033,119.4292573,-17.37551779,48.55588186,70.77215224,9.533947403,13.89611209
1.8104525,23.41628133,-4.644370567,1.702154547,119.2578627,-17.5212984,48.96417946,70.19246002,9.614116638,13.78228952
1.809475933,23.36644467,-4.6171325,1.701927773,119.0040472,-17.41854039,48.67637816,70.22644586,9.557606851,13.78896264
1.808393167,23.32507167,-4.638831633,1.701467463,118.7933367,-17.50040228,48.9056543,69.78645925,9.602625222,13.70257127
1.807432333,23.263695,-4.608674033,1.701430042,118.4807487,-17.38663007,48.58700479,69.7925207,9.54005839,13.70376144
1.8063515,23.223883,-4.628369633,1.70094818,118.2779883,-17.46093346,48.79511131,69.38165379,9.580920106,13.62308772
1.805437,23.18252367,-4.6231362,1.700655931,118.0673474,-17.44118987,48.73981411,69.22631014,9.5700625,13.592586
1.8043917,23.13065767,-4.6133367,1.700390955,117.8031967,-17.40422039,48.63627119,69.0657023,9.549731848,13.56105065
1.803442467,23.08708267,-4.618396267,1.700097308,117.5812715,-17.42330806,48.6897313,68.79031706,9.56022874,13.50697876
1.802396733,23.03890367,-4.619367133,1.699776428,117.3358985,-17.42697074,48.69998961,68.53468569,9.56224296,13.45678554
1.8014164,22.99435433,-4.619537233,1.699466339,117.1090111,-17.42761245,48.70178691,68.30600103,9.56259586,13.4118833
1.800438133,22.94421733,-4.6030507,1.699242384,116.8536661,-17.36541555,48.52758784,68.22485505,9.528391873,13.39595029
1.7994501,22.89882133,-4.6087688,1.698937333,116.6224667,-17.38698759,48.58800611,67.9332374,9.540254999,13.33869116
1.798386933,22.841122,-4.5805241,1.698742253,116.3286071,-17.28043196,48.28956857,67.93781533,9.481656788,13.33959004
1.797408,22.79873833,-4.598149933,1.698400982,116.1127493,-17.34692698,48.47580564,67.53572052,9.518224438,13.26063872
1.796400267,22.76422433,-4.617219433,1.697912512,115.9369714,-17.41886835,48.67729671,67.15845151,9.557787208,13.18656195
1.7954585,22.70640133,-4.584918533,1.697840692,115.642482,-17.29701035,48.33600078,67.20525801,9.490773752,13.19575241
1.7944509,22.66883633,-4.611333367,1.697398257,115.4511654,-17.39666264,48.61510368,66.73483857,9.545575608,13.10338555
1.793448733,22.61951967,-4.598973267,1.69713806,115.1999983,-17.35003307,48.4845051,66.61427002,9.519932576,13.07971192
1.7924847,22.58363267,-4.623210733,1.696713947,115.0172277,-17.44147106,48.74060164,66.17540292,9.570217132,12.99354036
1.791454267,22.526339,-4.607903167,1.696545496,114.7254342,-17.38372191,48.5788597,66.04535129,9.538459102,12.96800473
1.790424767,22.47139433,-4.582148867,1.696342639,114.4456039,-17.28656154,48.30673608,66.03764468,9.48502763,12.96649153
1.789373333,22.43957167,-4.6126375,1.695769978,114.2835328,-17.4015826,48.62888334,65.55342628,9.548281244,12.87141525
1.7884325,22.39185433,-4.611995867,1.695547052,114.040511,-17.39916198,48.62210375,65.31718406,9.546950072,12.82502909
1.7874095,22.35647533,-4.6364875,1.695056329,113.8603276,-17.49155883,48.88088585,64.87821861,9.597761937,12.73883822
1.786403633,22.29831867,-4.599417067,1.694925429,113.5641389,-17.35170735,48.48919435,64.97372133,9.520853311,12.75759018
1.785458833,22.26970333,-4.655014833,1.694411147,113.4184025,-17.56145484,49.07664831,64.24053102,9.636199895,12.61362827
1.784404667,22.224371,-4.632953167,1.694039005,113.1875274,-17.47822525,48.84354158,64.24276261,9.59042939,12.61406644
1.783444667,22.171497,-4.623216467,1.693874494,112.9182429,-17.44149269,48.74066222,64.07635754,9.570229026,12.5813928
1.7824503,22.130855,-4.6421186,1.693491587,112.7112554,-17.51280266,48.94038486,63.66964737,9.609444568,12.50153526
1.781495133,22.07524633,-4.6155653,1.693373052,112.4280435,-17.41262799,48.6598189,63.66700138,9.55435544,12.50101572
1.7804597,22.031877,-4.622515833,1.692990111,112.2071658,-17.43884949,48.73325923,63.37268337,9.568775449,12.44322638
1.779450033,21.984075,-4.612055767,1.692699625,111.9637128,-17.39938796,48.62273667,63.23975291,9.547074344,12.41712548
1.778439967,21.93792933,-4.614120467,1.69238382,111.7286954,-17.40717722,48.64455258,62.9829196,9.551357899,12.36669626
1.777447233,21.89901233,-4.627237633,1.691976593,111.5304932,-17.45666289,48.78315044,62.64611955,9.578571589,12.30056557
1.776414,21.853492,-4.632461533,1.691628213,111.2986606,-17.47637052,48.83834691,62.35909046,9.589409417,12.24420741
1.7754397,21.80566533,-4.618355433,1.691373465,111.0550819,-17.42315401,48.68929984,62.26455889,9.560144024,12.22564614
1.774417533,21.76063333,-4.624530167,1.691028805,110.8257364,-17.44644874,48.75454296,61.96997022,9.57295451,12.16780365
1.773459633,21.70042933,-4.581320433,1.690976674,110.5191206,-17.2834362,48.29798274,62.1199147,9.48330891,12.19724525
1.772469667,21.660613,-4.610860167,1.690585744,110.3163382,-17.39487745,48.61010378,61.60501121,9.544593878,12.09614395
1.771494433,21.61072767,-4.596435067,1.690361036,110.0622748,-17.34045749,48.45768611,61.50336555,9.514666669,12.07618583
1.7704592,21.57401567,-4.619039067,1.689878134,109.8753026,-17.42573308,48.69652321,61.07755621,9.561562333,11.99257816
1.7694553,21.53606867,-4.6446994,1.689445147,109.6820406,-17.52253895,48.96765396,60.61316343,9.614798856,11.90139464
1.768403733,21.478384,-4.608642433,1.689261446,109.3882557,-17.38651086,48.5866709,60.70036159,9.539992831,11.918516
1.7673846,21.42990867,-4.602024867,1.688971624,109.1413734,-17.3615455,48.51674874,60.52340148,9.526263615,11.88376988
1.766443833,21.390792,-4.610815833,1.688619368,108.9421543,-17.3947102,48.60963535,60.23129578,9.544501901,11.82641493
1.765432733,21.34589467,-4.618448567,1.688283748,108.7134946,-17.42350536,48.6902839,59.92198753,9.560337245,11.76568225
1.764452133,21.29766133,-4.6163861,1.688028819,108.4678448,-17.41572453,48.66849159,59.69813007,9.556058323,11.72172784
1.763434467,21.25058333,-4.609593867,1.68771944,108.2280791,-17.39010023,48.59672388,59.53013205,9.541966733,11.68874143
1.762433533,21.21288,-4.6190737,1.687285754,108.0360581,-17.42586373,48.69688915,59.23794573,9.561634185,11.63137064
1.761418533,21.168096,-4.623147667,1.686944529,107.8079756,-17.44123313,48.73993527,58.96681711,9.57008629,11.57813454
1.760435433,21.12067467,-4.606601733,1.686674883,107.5664613,-17.37881214,48.56510857,58.9001295,9.535759067,11.56504043
1.7593972,21.09243133,-4.659410467,1.686061571,107.4226195,-17.57803775,49.1230932,58.19830309,9.64531935,11.42723681
1.758473167,21.03530867,-4.619923433,1.685996948,107.1316968,-17.42906943,48.70586756,58.32460606,9.563397095,11.4520364
1.757397267,20.98405967,-4.614930033,1.685692089,106.8706884,-17.41023139,48.65310658,58.11635864,9.553037477,11.41114702
1.756486033,20.951812,-4.632876567,1.685266022,106.7064528,-17.47793627,48.84273222,57.76249737,9.590270471,11.34166636
1.7554081,20.90201267,-4.6114348,1.684937319,106.4528274,-17.39704531,48.61617544,57.73542881,9.545786048,11.33635145
1.754453433,20.850403,-4.613275833,1.68475912,106.1899822,-17.40399077,48.63562806,57.45313093,9.54960557,11.28092226
1.7534428,20.81321267,-4.630251067,1.684308015,106.0005738,-17.46803134,48.81499081,57.08435982,9.584823445,11.20851405
1.7524289,20.76262167,-4.628836633,1.684055257,105.7429166,-17.46269526,48.8000457,56.84164768,9.581888974,11.16085752
1.7514451,20.70704,-4.598911433,1.683907683,105.4598421,-17.3497998,48.48385176,56.87476718,9.519804293,11.16736054
1.7504275,20.67226867,-4.625548533,1.683413218,105.2827536,-17.45029062,48.76530317,56.41622724,9.575067277,11.07732622
1.749439467,20.62243767,-4.6063644,1.683174892,105.028967,-17.37791678,48.56260087,56.36514293,9.535266681,11.06729581
1.748405167,20.58192567,-4.612976367,1.682750095,104.8226415,-17.40286101,48.63246386,56.08895451,9.548984278,11.01306622
1.747434233,20.55394933,-4.6611818,1.682200066,104.6801596,-17.58472026,49.14180936,55.43712704,9.648994268,10.88507989
1.746472733,20.48946867,-4.598341467,1.682208677,104.351763,-17.34764955,48.47782941,55.77271042,9.518621805,10.95097169
1.745431,20.44782733,-4.622871733,1.681793438,104.1396859,-17.44019215,48.73701972,55.30144304,9.569513821,10.85843834
1.744380533,20.41139467,-4.640526933,1.681291101,103.9541363,-17.50679795,48.92356708,54.92934606,9.606142397,10.7853771
1.743387933,20.359485,-4.616223467,1.681079482,103.6897632,-17.41511098,48.66677318,54.92176682,9.555720914,10.78388891
1.742465267,20.31009167,-4.611148633,1.680899938,103.4382056,-17.39596572,48.61315176,54.72383064,9.545192349,10.74502415
1.741460833,20.25549833,-4.581686167,1.680716861,103.1601647,-17.28481596,48.30184713,54.75709436,9.484067684,10.75155548
1.740471333,20.22292433,-4.626345333,1.680217437,102.994267,-17.45329661,48.77372227,54.11932159,9.576720368,10.62632879
1.7394045,20.166976,-4.599684067,1.679992346,102.7093252,-17.35271463,48.49201551,54.11608649,9.521407246,10.62569358
1.738429433,20.12027033,-4.599610967,1.679719966,102.4714557,-17.35243885,48.49124313,53.87898943,9.521255588,10.57913957
1.737400333,20.07556033,-4.602966633,1.679363528,102.2437501,-17.3650984,48.52669958,53.61582734,9.528217463,10.5274677
1.736388233,20.03747133,-4.619256033,1.678924477,102.0497649,-17.4265516,48.69881571,53.24972598,9.562012465,10.4555837
1.735442133,19.99139333,-4.593762233,1.678671621,101.8150921,-17.33037399,48.42944458,53.28442434,9.509121442,10.46239672
1.734416667,19.94572067,-4.608173067,1.678333299,101.5824837,-17.38474013,48.5817115,52.89954898,9.539019053,10.38682644
1.733507,19.90139867,-4.6045216,1.678090457,101.3567541,-17.37096465,48.54312958,52.71240133,9.531443494,10.35008
1.732412567,19.84122,-4.5809649,1.677901412,101.0502674,-17.28209492,48.29422612,52.65481808,9.482571299,10.33877353
1.731425067,19.811282,-4.602948533,1.677364329,100.8977948,-17.36503012,48.52650834,52.27006324,9.528179912,10.26322692
1.730410767,19.77586,-4.6313796,1.676882953,100.7173924,-17.47228883,48.82691505,51.78925418,9.58716477,10.16882006
1.729393733,19.726427,-4.6224858,1.676609639,100.4656328,-17.43873618,48.73294189,51.63146773,9.56871314,10.13783869
1.728381267,19.672795,-4.587236567,1.676404066,100.1924879,-17.30575534,48.36049345,51.73077128,9.495582889,10.15733694
1.727444867,19.632569,-4.617784833,1.676072866,99.98761905,-17.42100137,48.6832708,51.20312506,9.558960222,10.05373361
1.7264171,19.57885167,-4.5882508,1.675853277,99.71403956,-17.30958162,48.37120998,51.24160639,9.49768708,10.06128942
1.725433567,19.53899767,-4.5955124,1.675469347,99.51106527,-17.33697665,48.44793709,50.96190501,9.512752447,10.00637005
1.724397833,19.49471333,-4.593541933,1.675099871,99.28552754,-17.32954289,48.42711685,50.75718751,9.508664394,9.966173768
1.723460633,19.45120167,-4.597436933,1.674817304,99.06392496,-17.34423712,48.46827198,50.4944298,9.516745203,9.914581292
1.722389,19.40315933,-4.586644633,1.674468468,98.81924794,-17.30352221,48.354239,50.36378577,9.494354827,9.888929335
1.721396,19.35741533,-4.5948831,1.674163686,98.58627621,-17.33460256,48.44128781,50.04376521,9.511446862,9.8260933
1.7204196,19.317419,-4.605126367,1.673789031,98.38257703,-17.37324619,48.54951963,49.73183422,9.53269818,9.764845649
1.7194166,19.26208233,-4.569452767,1.673618571,98.10075036,-17.23866438,48.17258727,49.82693991,9.458687511,9.783519651
1.7184445,19.216659,-4.570010967,1.673329865,97.86941176,-17.24077024,48.17848529,49.58970329,9.459845588,9.736938241
1.717426433,19.17046067,-4.560982067,1.673006853,97.63412614,-17.20670791,48.08308465,49.44981831,9.44111367,9.709471825
1.7164577,19.12991633,-4.5845868,1.672648109,97.42763602,-17.29575886,48.33249563,48.99391721,9.490085518,9.619955644
1.7154155,19.08332833,-4.5707189,1.672306825,97.19036584,-17.24344098,48.18596542,48.90317724,9.46131431,9.602138852
1.714413933,19.04998167,-4.6035412,1.671806959,97.02053306,-17.36726601,48.53277054,48.38653935,9.529409495,9.500697001
1.713418133,18.99959233,-4.580185567,1.671569267,96.76390289,-17.27915481,48.28599157,48.37668814,9.480954445,9.498762717
1.712407033,18.96349067,-4.610076433,1.671101316,96.58003905,-17.39192075,48.60182275,47.87699312,9.542967896,9.400647599
1.7114309,18.91391267,-4.595114833,1.670871084,96.32754096,-17.33547679,48.44373634,47.78258144,9.51192763,9.382109865
1.7104323,18.87035433,-4.597741133,1.670527819,96.1057007,-17.34538474,48.4714862,47.53299132,9.517376316,9.333102846
1.709387567,18.81634633,-4.566577,1.670295636,95.83064086,-17.22781529,48.14220151,47.58721617,9.452721267,9.343749895
1.7084044,18.78083933,-4.6064054,1.669846672,95.64980562,-17.37807145,48.56303408,46.98554836,9.535351742,9.22561242
1.707404033,18.720398,-4.540816767,1.669755645,95.34198116,-17.13063254,47.8700152,47.37074277,9.399277485,9.301245344
1.706449067,18.681406,-4.563056167,1.669387313,95.143397,-17.21453264,48.10499988,46.93717393,9.445416727,9.216114102
1.705403767,18.63103867,-4.558190033,1.66909979,94.88687887,-17.19617472,48.05358362,46.73207207,9.435321144,9.175842351
1.704423667,18.59733467,-4.577762267,1.668626767,94.71522621,-17.2700127,48.26038664,46.35361639,9.475926917,9.101532579
1.703428633,18.54930867,-4.5701669,1.668354284,94.47063237,-17.24135851,48.18013291,46.18927629,9.460169097,9.069264399
1.7024247,18.507075,-4.572166433,1.667985757,94.25553858,-17.24890193,48.20126026,45.95305514,9.464317453,9.022882376
1.701422333,18.45178567,-4.543623433,1.667815218,93.97395298,-17.14122094,47.89967084,45.97305895,9.40510037,9.026810125
1.7004081,18.41438567,-4.553166733,1.667363668,93.78347678,-17.17722388,48.00050672,45.68174689,9.424899494,8.969611002
1.699429867,18.37319867,-4.567706433,1.667005093,93.57371361,-17.23207618,48.15413527,45.31835516,9.455064459,8.898259036
1.698411067,18.336054,-4.574884567,1.666545134,93.38453782,-17.25915632,48.22998045,45.05333419,9.469956661,8.846222167
1.6974286,18.30149667,-4.6060748,1.666082583,93.20853917,-17.37682424,48.55954092,44.54777508,9.534665859,8.746955637
1.696396367,18.26318,-4.616906467,1.665626824,93.01339445,-17.41768765,48.67398986,44.23818141,9.557137908,8.686166921
1.695430533,18.21082433,-4.5846322,1.665448681,92.74674985,-17.29593013,48.33297534,44.31255133,9.490179707,8.700769455
1.6944644,18.15842767,-4.565595933,1.665270856,92.47989644,-17.22411413,48.13183542,44.24683784,9.450685885,8.68786661
1.693451167,18.119061,-4.5829056,1.664849894,92.27940413,-17.28941638,48.31473183,43.86344911,9.486597596,8.612588233
1.692444967,18.08000367,-4.5962008,1.664431312,92.08048723,-17.3395737,48.45521082,43.52405323,9.514180644,8.545947851
1.691374133,18.03517133,-4.592666633,1.664034981,91.85215856,-17.32624074,48.41786831,43.33306707,9.506848442,8.50844772
1.690403567,17.999483,-4.6159935,1.663601345,91.6703998,-17.41424341,48.66434332,42.9048333,9.555243811,8.424364018
1.6893994,17.94144267,-4.582841067,1.663470395,91.3748035,-17.28917292,48.31404997,42.95953035,9.486463711,8.435103784
1.688454233,17.89619333,-4.5773991,1.663206005,91.14435107,-17.26864262,48.25654937,42.78657853,9.475173468,8.401144694
1.6874232,17.86418167,-4.6034093,1.662656587,90.98131738,-17.3667684,48.53137686,42.34871733,9.529135847,8.315170649
1.6864676,17.816785,-4.588342967,1.66241407,90.7399287,-17.30992933,48.37218383,42.26652169,9.497878295,8.299031534
1.6854036,17.767241,-4.562820933,1.662095459,90.48760377,-17.2136452,48.10251437,42.28386622,9.444928697,8.302437131
1.684425967,17.72678,-4.5791359,1.661726562,90.28153807,-17.27519485,48.27490065,41.90541424,9.478776742,8.228128087
1.6833586,17.672647,-4.5574509,1.661473626,90.00584161,-17.19338628,48.04577383,41.8588446,9.433787692,8.218984136
1.682405767,17.63590733,-4.561229567,1.661073541,89.81872846,-17.20764163,48.08569977,41.63180552,9.441627149,8.174405013
1.681457933,17.58087333,-4.5435637,1.660953694,89.53844326,-17.14099559,47.89903969,41.53818038,9.404976444,8.156021718
1.6804596,17.53360967,-4.547628567,1.660666443,89.29773194,-17.15633065,47.94198965,41.25451911,9.413409669,8.100324827
1.6794341,17.48918633,-4.5440262,1.660309292,89.07148629,-17.14274041,47.90392653,41.06633658,9.405935975,8.063375187
1.6784073,17.44672767,-4.550125567,1.659921282,88.85524658,-17.16575081,47.96837331,40.78565009,9.4185901,8.008262395
1.6774547,17.405302,-4.545405667,1.659591931,88.64426789,-17.14794457,47.91850218,40.62454253,9.408797902,7.976628927
1.676479967,17.35324867,-4.518675167,1.65940034,88.37916306,-17.04710139,47.63606389,40.64187599,9.353341145,7.980032351
1.6754372,17.31281733,-4.539224,1.658965863,88.17324845,-17.12462368,47.8531858,40.21883947,9.395973032,7.89696913
1.674434433,17.26790067,-4.544308367,1.658638868,87.94449028,-17.14380491,47.90690795,39.93635915,9.406521375,7.84150412
1.673429833,17.22832067,-4.5460798,1.658229749,87.74291147,-17.1504878,47.92562516,39.71606312,9.410196501,7.798248994
1.6724329,17.17771333,-4.522377333,1.657994203,87.48517104,-17.06106815,47.67518151,39.70876635,9.36102189,7.796816272
1.6714816,17.139623,-4.547231067,1.657615972,87.29117902,-17.15483105,47.93778961,39.25216622,9.41258499,7.707162838
1.670402633,17.106054,-4.571921033,1.657042051,87.1202139,-17.24797613,48.19866733,38.82032339,9.463808331,7.622370498
1.669442067,17.04923233,-4.540612367,1.656936366,86.83082421,-17.12986142,47.86785548,38.86174555,9.398853424,7.630503738
1.668409733,16.99870167,-4.519049,1.656664267,86.57347424,-17.04851171,47.64001387,38.83223719,9.354116722,7.624709773
1.667445733,16.960963,-4.539279133,1.656268045,86.38127324,-17.12483168,47.85376835,38.42628171,9.396087415,7.545000414
1.666433233,16.915414,-4.531612567,1.65594083,86.14929463,-17.09590888,47.77276231,38.27530914,9.380181879,7.51535695
1.665439933,16.87250833,-4.534843633,1.655593045,85.93077837,-17.10809836,47.80690222,38.02265297,9.386885251,7.465747911
1.664473667,16.820864,-4.508533967,1.655403768,85.66775656,-17.00884282,47.52891052,38.03762286,9.33230158,7.468687248
1.663454133,16.78431367,-4.523196833,1.654934134,85.48160767,-17.06415978,47.68384047,37.69654403,9.362722075,7.40171642
1.662435933,16.73716767,-4.517158033,1.654625246,85.24149563,-17.04137788,47.62003364,37.52023881,9.350193605,7.36709889
1.661417467,16.69405767,-4.5223387,1.654255369,85.02193871,-17.0609224,47.67477331,37.24594223,9.360941739,7.313240757
1.6604181,16.659072,-4.536467067,1.653782362,84.84375859,-17.11422291,47.82405565,36.91847977,9.390253327,7.248943502
1.659477767,16.604831,-4.506115567,1.653658084,84.5675121,-16.99971919,47.50335736,36.96293156,9.327284217,7.257671611
1.658459133,16.559767,-4.499106233,1.653317439,84.33800357,-16.97327586,47.42929574,36.80748464,9.312742219,7.22714961
1.657489167,16.525509,-4.526660567,1.652862884,84.16352941,-17.07722702,47.72043877,36.34186746,9.369908152,7.135725677
1.6564731,16.46640467,-4.4880029,1.652736042,83.86251422,-16.93138756,47.31197633,36.44931471,9.289706553,7.156822943
1.655455967,16.41661867,-4.465848433,1.652467939,83.60895679,-16.84780787,47.07788907,36.42984455,9.243743519,7.152999977
1.654453667,16.382434,-4.485965567,1.651979947,83.43485612,-16.92370154,47.29044958,36.04318337,9.285479774,7.077079054
1.653443367,16.34109067,-4.476408933,1.651591658,83.22429675,-16.88764829,47.18947282,35.93360075,9.265652989,7.055562507
1.652454167,16.29362533,-4.483559167,1.651316574,82.98255836,-16.91462318,47.26502321,35.61631197,9.280487307,6.993262855
1.651446367,16.24772767,-4.484391067,1.650999304,82.74880401,-16.9177616,47.27381318,35.37376764,9.282213219,6.945639277
1.650388333,16.20017867,-4.468685633,1.650656645,82.5066395,-16.85851146,47.10786733,35.29754899,9.24962975,6.930673745
1.6494594,16.15796767,-4.4843634,1.650362776,82.29166115,-16.91765722,47.27352085,34.91691711,9.28215582,6.855936676
1.648438,16.12126033,-4.501200867,1.649893638,82.10471267,-16.98117805,47.45142794,34.55206156,9.317087875,6.784297287
1.647463233,16.080937,-4.509857167,1.649525536,81.8993481,-17.01383471,47.54289164,34.25523328,9.335046773,6.726015055
1.646444467,16.02785833,-4.470389033,1.649305338,81.62902131,-16.86493769,47.1258657,34.40193243,9.25316373,6.754819432
1.645454467,15.99185267,-4.488705467,1.648857043,81.44564638,-16.93403805,47.31939975,34.02502345,9.291164141,6.680813354
1.6444241,15.93730167,-4.456201567,1.648647396,81.16782107,-16.81141422,46.9759589,34.09063899,9.223729529,6.693696966
1.6433942,15.89305867,-4.4592177,1.648283132,80.94249385,-16.82279285,47.00782779,33.83344287,9.229986987,6.643196508
1.6424882,15.85021467,-4.46056,1.64802172,80.72429166,-16.82785679,47.02201073,33.60105775,9.232771806,6.597567689
1.641471733,15.81489433,-4.477486133,1.647536648,80.5444071,-16.89171213,47.20085467,33.24232925,9.267887815,6.527131347
1.640460067,15.76928367,-4.475944033,1.647211194,80.31211442,-16.88589442,47.18456062,33.02633062,9.264688478,6.484720017
1.6394235,15.712488,-4.433307633,1.647029118,80.02285714,-16.72504483,46.73405832,33.18757564,9.176232351,6.516380477
1.638449267,15.67863933,-4.457010433,1.646564138,79.8504677,-16.81446574,46.9845055,32.76473903,9.225407654,6.433356508
1.6374582,15.63838867,-4.457933733,1.646178643,79.64547322,-16.81794897,46.99426122,32.54998882,9.22732319,6.391190306
1.636404033,15.59465667,-4.457553367,1.645782424,79.42274849,-16.816514,46.99024221,32.33128311,9.226534057,6.348247438
1.635372733,15.53656533,-4.416653,1.645625108,79.12689245,-16.66221375,46.55808308,32.46758619,9.141679613,6.375010549
1.634394167,15.50224067,-4.447775033,1.645162956,78.95207877,-16.77962438,46.88692294,31.96393265,9.206247319,6.276118176
1.6333684,15.455055,-4.4334259,1.644847098,78.71176471,-16.725491,46.73530794,31.87523358,9.176477715,6.258702114
1.632401833,15.405189,-4.4166212,1.644630765,78.45779985,-16.66209379,46.55774708,31.79882959,9.141613639,6.243700189
1.6313045,15.35465033,-4.4031825,1.644293786,78.20040913,-16.6113951,46.41575185,31.6834341,9.113732876,6.221042286
1.630385167,15.31913367,-4.426722233,1.643908801,78.01952466,-16.70020083,46.66447604,31.25382544,9.162569871,6.136688624
1.6293703,15.27383,-4.412306133,1.643575528,77.78879552,-16.64581482,46.51215347,31.17541887,9.132661334,6.121293495
1.628359267,15.22398367,-4.392594167,1.643314432,77.53493082,-16.57144968,46.30387401,31.12983363,9.091765662,6.112342834
1.6273651,15.18121433,-4.3982064,1.64296373,77.3171089,-16.59262233,46.36317367,30.85271206,9.10340915,6.057930012
1.626381633,15.140315,-4.3974981,1.642595594,77.1088108,-16.5899502,46.35568967,30.65189795,9.101939667,6.018500162
1.625427967,15.090159,-4.379005733,1.642396525,76.85336898,-16.52018611,46.16029668,30.59184913,9.063574253,6.006709576
1.624401533,15.048939,-4.3918673,1.641990246,76.64343774,-16.56870751,46.29619383,30.24602073,9.090257659,5.93880617
1.623382133,15.00884833,-4.3919177,1.64157401,76.43925813,-16.56889765,46.29672637,30.04130858,9.090362222,5.89861094
1.622361467,14.96432533,-4.375875933,1.641223192,76.21250488,-16.50837867,46.12722676,29.98405494,9.057080975,5.887369187
1.621338467,14.917152,-4.3607203,1.640909915,75.97225363,-16.4512027,45.96709017,29.90394027,9.025638156,5.871638673
1.6203471,14.87148867,-4.362625333,1.640605553,75.73969273,-16.45838961,45.98721903,29.65125052,9.029590456,5.822023039
1.619362933,14.82487933,-4.349300867,1.640322624,75.5023139,-16.40812188,45.84643081,29.55465991,9.001946689,5.803057473
1.618421767,14.79094067,-4.383868367,1.639892064,75.32946609,-16.53853083,46.21167596,29.01656695,9.073662574,5.697402921
1.617395467,14.74373233,-4.358922633,1.639576014,75.08903658,-16.44442084,45.94809577,29.03971763,9.021908605,5.701948557
1.616388633,14.703937,-4.358118033,1.639167901,74.88636109,-16.44138542,45.93959425,28.84554366,9.020239332,5.663822497
1.6153861,14.65053667,-4.334601233,1.638968776,74.61439606,-16.35266621,45.69111238,28.8220605,8.971449916,5.659211579
1.614341633,14.60265533,-4.3295935,1.638644684,74.370539,-16.3337741,45.63819995,28.63111587,8.961060561,5.621719601
1.613350367,14.56874167,-4.346195767,1.638163648,74.19781852,-16.39640762,45.81362188,28.28297346,8.995504656,5.55336184
1.612390867,14.520357,-4.322636433,1.637932096,73.95139801,-16.30752795,45.56469059,28.28548424,8.946626998,5.553854831
1.611366233,14.479615,-4.317513767,1.637520426,73.7439012,-16.28820224,45.51056376,28.13211425,8.935999195,5.523740634
1.610400367,14.43468633,-4.321396067,1.637230511,73.51508191,-16.30284856,45.5515847,27.86227403,8.944053656,5.470757506
1.609365733,14.38021333,-4.297204233,1.637015424,73.23765385,-16.21158273,45.29597033,27.84046034,8.893863774,5.466474388
1.608385867,14.355351,-4.335618333,1.636409611,73.11103132,-16.35650331,45.7018592,27.30794894,8.973560055,5.361915774
1.607362133,14.307804,-4.315162733,1.636101222,72.86887701,-16.27933275,45.48572241,27.28193142,8.931121595,5.356807234
1.606398833,14.26074533,-4.3051067,1.63584592,72.62920974,-16.24139548,45.37946892,27.14851764,8.910258723,5.330611439
1.605374733,14.206915,-4.2761768,1.635631697,72.35505475,-16.13225488,45.07379146,27.18004011,8.850238953,5.336800875
1.6043714,14.16323333,-4.2844453,1.635285555,72.13258637,-16.16344852,45.16115762,26.87020557,8.867393298,5.275964864
1.603383633,14.12198167,-4.285495433,1.634918419,71.92249385,-16.16741024,45.17225347,26.64901719,8.86957197,5.232534526
1.602361967,14.08460567,-4.28753,1.634459074,71.73213989,-16.17508583,45.193751,26.43716571,8.873793008,5.190937487
1.601368967,14.04009367,-4.2825729,1.634135757,71.50544266,-16.15638473,45.14137357,26.26284591,8.8635087,5.156709795
1.6003539,13.991806,-4.278506767,1.633847179,71.25951617,-16.14104488,45.09841022,26.05988277,8.855072847,5.116857981
1.599402667,13.94888567,-4.268959433,1.633541682,71.04092522,-16.10502672,44.99753173,25.94217031,8.835265356,5.09374514
1.598381733,13.898777,-4.248774267,1.633274633,70.78572447,-16.0288764,44.78425237,25.90024892,8.793387954,5.085513875
1.5973692,13.85213567,-4.238292633,1.632963819,70.54818267,-15.98933351,44.67350194,25.77345755,8.771642105,5.06061839
1.596346133,13.802913,-4.215667867,1.632681307,70.29749427,-15.90397958,44.43444542,25.76182567,8.724703358,5.058334471
1.595401833,13.76569233,-4.236664233,1.632296992,70.10793141,-15.98319023,44.65629603,25.3504122,8.768263726,4.977553436
1.594384033,13.72634767,-4.2351613,1.631871133,69.90755114,-15.97752028,44.64041582,25.16591214,8.765145647,4.941326849
1.593405,13.68310267,-4.225779767,1.63154272,69.68730668,-15.94212761,44.5412892,25.0447943,8.745682134,4.917545361
1.592325433,13.63293,-4.193998567,1.631218001,69.43177998,-15.82223023,44.20548449,25.12507231,8.67974688,4.933307948
1.591331333,13.59003767,-4.196698067,1.630869217,69.21333164,-15.83241433,44.2340078,24.87810066,8.685347431,4.884815064
1.5903423,13.54861067,-4.200683767,1.630503453,69.00234615,-15.84745074,44.27612127,24.6250017,8.693616412,4.835119083
1.589365933,13.503459,-4.185872133,1.630206393,68.77239114,-15.79157254,44.11961944,24.55154852,8.662887276,4.820696552
1.5884007,13.459651,-4.1796337,1.629900251,68.54927935,-15.7680375,44.05370326,24.39435291,8.649944635,4.789831194
1.5873945,13.418114,-4.182749667,1.629518975,68.33773364,-15.77979276,44.08662701,24.14988345,8.656409213,4.741829616
1.586359167,13.36811767,-4.160207667,1.629235836,68.083105,-15.69475107,43.84844501,24.13343681,8.609642178,4.738600317
1.585351167,13.33142633,-4.174645533,1.628779857,67.89623801,-15.7492192,44.00099758,23.79401726,8.639595874,4.671955288
1.5843681,13.27630633,-4.138188767,1.628626071,67.61551481,-15.61168283,43.61579016,23.89850147,8.563960399,4.692470763
1.583303167,13.22808767,-4.126829233,1.628286588,67.36993973,-15.56882798,43.49576371,23.77295284,8.540393205,4.667819291
1.5823328,13.19395533,-4.1492935,1.627829742,67.19610559,-15.65357641,43.73312437,23.36175805,8.586998969,4.587081193
1.5813549,13.151248,-4.147085367,1.627494374,66.97859944,-15.64524604,43.70979291,23.16758335,8.582417838,4.54895499
1.580380667,13.108003,-4.1347053,1.627170762,66.75835498,-15.59854114,43.57898336,23.07814844,8.556733382,4.531394446
1.579390067,13.06384533,-4.1239871,1.626844514,66.53346235,-15.55810578,43.46573332,22.96650585,8.534496738,4.509473424
1.578412933,13.023752,-4.128082033,1.626470584,66.32926916,-15.57355428,43.50900097,22.71904501,8.542992341,4.460884487
1.577398467,12.983703,-4.131404,1.626058655,66.12530176,-15.58608669,43.54410135,22.47997723,8.5498843,4.413943529
1.576377733,12.93135833,-4.102393067,1.625825447,65.85871318,-15.47664038,43.23756768,22.51992232,8.489696414,4.421786748
1.575394933,12.88968167,-4.101875633,1.625469673,65.64645616,-15.47468832,43.2321004,22.31313258,8.488622914,4.381183581
1.5743435,12.85087167,-4.1031894,1.625002136,65.44879891,-15.47964462,43.24598185,22.10159388,8.491348536,4.339647959
1.5733696,12.80432867,-4.081280367,1.624728475,65.21175792,-15.39699086,43.01448787,22.09604687,8.445894693,4.338558802
1.572392567,12.752225,-4.0606916,1.624535342,64.94639674,-15.31931792,42.79694402,22.04822954,8.403179958,4.329169871
1.571379633,12.708627,-4.064233867,1.62417834,64.72435447,-15.33268143,42.83437211,21.78875918,8.410528964,4.278222864
1.5704026,12.67087467,-4.071885267,1.623769291,64.53208386,-15.36154701,42.9152179,21.51564278,8.426403035,4.224596461
1.569368133,12.63177233,-4.078370967,1.623323119,64.33293778,-15.38601489,42.98374673,21.24796787,8.439858671,4.172038491
1.568413967,12.582693,-4.0480149,1.62310735,64.08297937,-15.27149394,42.66300019,21.318756,8.376880088,4.185937741
1.5673385,12.530705,-4.026473833,1.622814043,63.81820728,-15.19022837,42.4353942,21.2815899,8.332189651,4.178640178
1.566364567,12.48972133,-4.029819567,1.622456709,63.60947967,-15.20285044,42.4707457,21.03751079,8.339130918,4.130715244
1.565392767,12.45312733,-4.034987867,1.622035466,63.42310839,-15.22234831,42.52535469,20.79653052,8.349853394,4.083398768
1.5644234,12.40810233,-4.0161366,1.6217435,63.19379849,-15.15123024,42.32616951,20.7664058,8.310743384,4.077483778
1.563374433,12.36307967,-4.0144929,1.6213719,62.96450047,-15.14502924,42.30880194,20.55447534,8.307333262,4.035871234
1.562399167,12.319963,-4.008717367,1.621045323,62.7449096,-15.12324053,42.24777683,20.39590959,8.295350981,4.004736847
1.5613566,12.28877033,-4.0342636,1.62047205,62.58604702,-15.21961595,42.51770199,19.96712186,8.348350785,3.920544377
1.560379633,12.22992933,-3.9697145,1.620380347,62.28637297,-14.97609877,41.83566697,20.34948283,8.214433209,3.995620953
1.559394633,12.191445,-3.985071867,1.619974343,62.09037433,-15.03403579,41.9979351,19.99121605,8.246294557,3.925275272
1.5583952,12.14573433,-3.979016633,1.619662627,61.85757236,-15.01119189,41.93395464,19.82239455,8.233731993,3.892127169
1.5573564,12.10167167,-3.967745867,1.61928675,61.63316357,-14.96867192,41.8148661,19.71707428,8.210348959,3.871447536
1.556390767,12.05875133,-3.9618728,1.618966853,61.41457262,-14.94651526,41.75281044,19.560539,8.19816433,3.840711832
1.555365233,12.021385,-3.970401367,1.618503496,61.22426789,-14.97869003,41.8429245,19.28012021,8.215858225,3.785651604
1.554343167,11.97452267,-3.9451361,1.618186473,60.98560054,-14.88337458,41.57596808,19.30840929,8.163441332,3.791206164
1.5533939,11.925696,-3.932151067,1.617971804,60.73692895,-14.83438739,41.43876636,19.19693942,8.136501774,3.769319055
1.552388967,11.884211,-3.931984267,1.617591012,60.52564808,-14.83375813,41.43700392,18.98742097,8.13615572,3.728180108
1.5513895,11.842902,-3.9297386,1.617213039,60.31526356,-14.82528615,41.41327589,18.80076449,8.131496721,3.691530108
1.550381567,11.79665667,-3.912068067,1.616900867,60.07973856,-14.7586225,41.22656651,18.75194888,8.094836333,3.681945162
1.549404733,11.75893833,-3.921641133,1.616491506,59.88764112,-14.79473774,41.3277169,18.45870104,8.114697213,3.624365949
1.548435433,11.70925433,-3.8900945,1.616269702,59.63460317,-14.67572528,40.99439066,18.53898934,8.049248605,3.640130557
1.547390733,11.66234667,-3.879568167,1.615930728,59.39570495,-14.63601376,40.88316791,18.41131386,8.02741002,3.615061476
1.546393533,11.62470867,-3.890088767,1.615499791,59.20401664,-14.67570365,40.99433008,18.10846338,8.049236711,3.555596785
1.545369633,11.58376267,-3.882812633,1.615091924,58.99548086,-14.64825379,40.91744941,17.97680827,8.034141192,3.529746303
1.5443671,11.53499533,-3.856992867,1.614823095,58.74711145,-14.55084644,40.64463406,18.00125421,7.980573899,3.534546263
1.543348933,11.49134767,-3.844126233,1.614461608,58.52481623,-14.50230593,40.50868338,17.91490967,7.953879981,3.517592514
1.542359333,11.456288,-3.857803733,1.61399948,58.34625923,-14.55390551,40.6532018,17.59183425,7.982256173,3.454156656
1.541443967,11.40441533,-3.8269723,1.613864538,58.08207453,-14.4375912,40.32743246,17.65341888,7.918291364,3.466248798
1.540408033,11.35997067,-3.811849533,1.613497275,57.85572023,-14.38053923,40.16764315,17.5868539,7.886916732,3.453178763
1.539434733,11.32893967,-3.839094167,1.612990836,57.69768101,-14.48332202,40.45551384,17.14094399,7.943440143,3.365624353
1.538395233,11.28461133,-3.8249167,1.612618256,57.47191919,-14.42983627,40.3057127,17.06498331,7.914026689,3.350709473
1.537358867,11.24985133,-3.835705467,1.612104853,57.29488838,-14.47053785,40.41970835,16.77395685,7.936409735,3.293566427
1.536391733,11.205067,-3.812298067,1.6118115,57.06680418,-14.38223136,40.17238241,16.79319858,7.887847287,3.297344542
1.5353714,11.15933233,-3.798293233,1.611479245,56.83387998,-14.32939689,40.02440534,16.70825145,7.858791989,3.280665173
1.534402067,11.11372533,-3.786180367,1.611196069,56.60160598,-14.28370003,39.89641906,16.60396374,7.833661883,3.260188279
1.533381,11.06366433,-3.762584133,1.61092817,56.34664799,-14.19468115,39.64709788,16.59832693,7.78470767,3.259081492
1.532373533,11.02701533,-3.7837608,1.610472088,56.1599966,-14.274572,39.87085357,16.18791985,7.828642099,3.178498063
1.5313784,10.98425533,-3.770579367,1.610120279,55.94222222,-14.22484388,39.73157666,16.10942238,7.801295078,3.163085084
1.530330167,10.9392,-3.7565132,1.609749903,55.71275783,-14.17177802,39.58295153,16.02858312,7.772112534,3.147212295
1.5293987,10.88754533,-3.732211733,1.60959558,55.44968339,-14.08009859,39.32617876,16.02228145,7.7216952,3.145974962
1.528392567,10.85789967,-3.758278533,1.609035466,55.2986996,-14.1784379,39.6016043,15.59587212,7.775775004,3.062249491
1.527392,10.81212167,-3.735979733,1.60872363,55.06555471,-14.0943137,39.36599199,15.59833954,7.729512527,3.062733968
1.526356967,10.77157067,-3.734817333,1.608298686,54.85903064,-14.08992845,39.3537099,15.40409756,7.72710094,3.024594556
1.525419833,10.71962833,-3.701422733,1.608143025,54.59449113,-13.96394437,39.00085778,15.49241017,7.657818426,3.041934736
1.524356,10.68267333,-3.716307867,1.60763518,54.4062813,-14.02009985,39.15813623,15.14692189,7.688700049,2.974098113
1.523408667,10.63489093,-3.685411233,1.607406733,54.1629281,-13.90353957,38.83167798,15.23002694,7.624599972,2.99041579
1.5223688,10.59568723,-3.690109467,1.606956686,53.96326577,-13.92126407,38.88132019,14.9807224,7.634347219,2.941464843
1.521398467,10.54800673,-3.664327233,1.606703705,53.72043154,-13.82399831,38.60890143,15.01030694,7.580857795,2.947273767
1.520340367,10.50923057,-3.6758121,1.606228993,53.52294661,-13.86732599,38.73025217,14.69147126,7.604685013,2.884670382
1.5194077,10.4629034,-3.6512855,1.605993318,53.28700484,-13.77479722,38.47110061,14.71468105,7.553800604,2.889227625
1.518390633,10.42063677,-3.640146633,1.605612153,53.07174315,-13.73277486,38.35340575,14.61711422,7.530691218,2.870070377
1.517436833,10.37922623,-3.6345396,1.605281375,52.86084152,-13.71162184,38.29416103,14.46545731,7.519058518,2.840292544
1.516385833,10.3374519,-3.632187533,1.604858869,52.64808709,-13.70274846,38.26930876,14.27755515,7.514178775,2.803397954
1.5153804,10.29243293,-3.6159566,1.604530747,52.41880791,-13.64151583,38.09781039,14.21977434,7.480505071,2.792052691
1.5143245,10.2497159,-3.599772367,1.604117524,52.20125236,-13.58045938,37.92680547,14.17322371,7.446928254,2.782912475
1.513385867,10.20879203,-3.593762167,1.603794591,51.9928293,-13.55778536,37.86330084,14.02830528,7.434459119,2.754457743
1.5123981,10.16550077,-3.581458867,1.603458141,51.77234921,-13.51137008,37.73330241,13.93782362,7.408933928,2.736691667
1.511420633,10.12526047,-3.587972133,1.60308609,51.56740752,-13.53594195,37.80212252,13.66406182,7.422446756,2.682938539
1.5104071,10.0769306,-3.557680933,1.602799679,51.32126611,-13.42166572,37.48206137,13.73798156,7.359602749,2.69745268
1.509393167,10.0357441,-3.561737933,1.602405397,51.11150547,-13.43697111,37.52492821,13.48535409,7.368019654,2.647849275
1.5083886,9.9867979,-3.534764233,1.602137226,50.86222511,-13.33521045,37.23992024,13.52108169,7.312058338,2.65486439
1.507333667,9.953065833,-3.5524641,1.601589791,50.69042951,-13.40198476,37.42693956,13.16226677,7.348779582,2.58441108
1.5063988,9.912417967,-3.540747667,1.601266472,50.4834121,-13.35778348,37.30314205,13.07904688,7.324471941,2.568070854
1.505345767,9.865360167,-3.520607333,1.600921423,50.24374926,-13.28180229,37.0903364,13.05218967,7.282687553,2.562797442
1.504389433,9.8201592,-3.5061969,1.600645138,50.01354316,-13.22743766,36.93807371,12.97424628,7.252790772,2.547493257
1.503382333,9.7831814,-3.512706867,1.600194369,49.82521721,-13.25199708,37.00685894,12.71713509,7.266296754,2.497009475
1.502411033,9.7456653,-3.5108075,1.599787499,49.63414973,-13.24483155,36.98678996,12.54613659,7.262356209,2.463433919
1.501422033,9.6930423,-3.469430367,1.599590212,49.36614362,-13.08873266,36.54959326,12.71532719,7.176512636,2.496654493
1.500401033,9.6592073,-3.483509467,1.59907826,49.19382378,-13.14184731,36.69835504,12.39424556,7.205722012,2.433610117
1.499407233,9.617660233,-3.473476967,1.598709535,48.98222681,-13.10399882,36.59235021,12.28865342,7.184907964,2.412877098
1.4984049,9.569517567,-3.4416222,1.598431508,48.73703879,-12.9838239,36.25576819,12.38004742,7.118820084,2.430822312
1.497368767,9.521668033,-3.417969567,1.598115271,48.49334369,-12.89459225,36.00585108,12.38626943,7.06974886,2.432044002
1.496377567,9.484534967,-3.437008633,1.597682738,48.30422698,-12.96641881,36.20702058,11.99598321,7.109248492,2.355411304
1.495343833,9.434625,-3.402474633,1.5973999,48.0500382,-12.83613624,35.8421294,12.10668562,7.037602108,2.377147721
1.494409533,9.399767567,-3.411625233,1.59699003,47.87251116,-12.87065769,35.93881595,11.83247203,7.056586511,2.323305884
1.493379667,9.353224433,-3.3811547,1.596660405,47.63546948,-12.75570491,35.61685993,11.91738637,6.993370448,2.339978814
1.4924009,9.316650667,-3.387698633,1.596231891,47.44920126,-12.78039247,35.68600407,11.66197401,7.006946899,2.289828596
1.4913608,9.266407333,-3.344786233,1.595947702,47.19331466,-12.61850165,35.23258551,11.85950597,6.917918166,2.328613996
1.490341833,9.2210261,-3.343727433,1.595611496,46.96219048,-12.61450724,35.22139808,11.63956921,6.915721513,2.285429415
1.489386,9.181973433,-3.347644633,1.59524321,46.76329734,-12.62928522,35.26278778,11.39928639,6.92384838,2.238249882
1.488386967,9.142879167,-3.3411905,1.59483235,46.56419234,-12.60493643,35.19459248,11.26837668,6.910458234,2.212545762
1.487450033,9.105747867,-3.347577333,1.594454057,46.37508463,-12.62903133,35.26207668,11.01178477,6.923708755,2.16216394
1.486441833,9.060181933,-3.324055733,1.594131396,46.14301978,-12.54029401,35.01354409,11.02825251,6.874909381,2.165397381
1.485344867,9.0163803,-3.304020667,1.593693425,45.91994041,-12.46470995,34.80185071,11.01686653,6.833343386,2.163161743
1.484377567,8.9801251,-3.306909667,1.593271585,45.73529463,-12.47560896,34.83237629,10.80169515,6.839337085,2.120912844
1.4834044,8.9341504,-3.288251867,1.592990107,45.50114795,-12.40522076,34.63523531,10.76468946,6.800628453,2.113646776
1.4823679,8.8913851,-3.274499267,1.592597011,45.28334657,-12.35333786,34.48992337,10.69220002,6.772096454,2.099413475
1.481409067,8.849193233,-3.2625383,1.592272954,45.06846567,-12.30821406,34.36354209,10.6037004,6.747281489,2.082036573
1.4803981,8.808980267,-3.265181467,1.591866992,44.86366319,-12.31818564,34.39147016,10.37096984,6.752765167,2.036339929
1.479421567,8.767104433,-3.2519076,1.59152048,44.65039182,-12.2681088,34.25121659,10.29795205,6.725226377,2.022002885
1.478356467,8.727264067,-3.2448105,1.591054779,44.44748697,-12.24133436,34.17622762,10.17003618,6.710502292,1.996886603
1.477423133,8.6841097,-3.232794133,1.590770703,44.2277041,-12.19600156,34.04926097,10.07721995,6.685572391,1.978662138
1.4763898,8.642595633,-3.2216746,1.590361949,44.01627519,-12.15405214,33.93177039,9.983281622,6.662503116,1.960217346
1.475356433,8.599493367,-3.204007467,1.589977056,43.79675766,-12.08740132,33.74509693,9.950437552,6.625849782,1.953768413
1.4743952,8.5657708,-3.2098979,1.589523178,43.62501044,-12.1096235,33.80733609,9.71645117,6.638070441,1.907825187
1.473417567,8.513119533,-3.161850133,1.589337683,43.35686037,-11.92835905,33.29965652,9.955980673,6.538387557,1.954856805
1.4723953,8.472009633,-3.166659467,1.588933915,43.14748986,-11.94650268,33.35047262,9.695794058,6.548365299,1.903769163
1.471398267,8.4294224,-3.145800367,1.588577607,42.93059537,-11.86780989,33.13007239,9.699299801,6.505089713,1.904457516
1.4704124,8.3953446,-3.160065167,1.58810444,42.75703896,-11.92162511,33.2807963,9.375019479,6.534684354,1.840785075
1.469440233,8.348209533,-3.130553967,1.587841421,42.5169826,-11.8102915,32.96897674,9.446782677,6.473458583,1.854875779
1.468343633,8.3071685,-3.1261396,1.587362283,42.30796282,-11.79363791,32.92233391,9.284405729,6.464300264,1.822993065
1.467371333,8.2651491,-3.114527233,1.587022165,42.09396028,-11.74982923,32.79963599,9.19310111,6.440208526,1.805065403
1.4663742,8.224325367,-3.105830567,1.586639225,41.88604719,-11.71702028,32.70774576,9.077078254,6.42216588,1.782284315
1.465412933,8.1821451,-3.082356533,1.58631256,41.67122536,-11.62846242,32.45971577,9.110286416,6.373465191,1.788804738
1.464395833,8.139113267,-3.0681165,1.585942874,41.45206655,-11.57474063,32.30925354,9.04158983,6.343921932,1.775316163
1.463429667,8.098375633,-3.059211967,1.585589605,41.24459197,-11.5411475,32.21516697,8.928201825,6.325448034,1.753052428
1.462380133,8.055519267,-3.0460987,1.585184846,41.0263268,-11.49167654,32.07661031,8.848493303,6.298242435,1.73740166
1.461416867,8.016920733,-3.0490478,1.584802294,40.82974654,-11.50280228,32.10777093,8.620752434,6.304360821,1.692684741
1.460393933,7.9757703,-3.0335505,1.584398469,40.6201696,-11.44433734,31.94402424,8.574922177,6.272209159,1.683685969
1.459408367,7.934611967,-3.025688733,1.58403213,40.41055241,-11.41467814,31.86095569,8.448373548,6.255898649,1.658838146
1.4583937,7.890879,-3.0086526,1.583675425,40.18782277,-11.35040782,31.68094947,8.40565012,6.220554428,1.650449401
1.457411633,7.8500732,-2.998915133,1.583307282,39.98000102,-11.31367236,31.578062,8.300715839,6.200352474,1.629845555
1.456376967,7.805817767,-2.9718434,1.582938438,39.75461047,-11.21154186,31.29201819,8.361369101,6.144187772,1.641754823
1.4553857,7.768719033,-2.975894533,1.582505322,39.56566862,-11.22682512,31.33482305,8.129622391,6.152592505,1.596251357
1.454389367,7.730393733,-2.9663012,1.582085593,39.37047993,-11.19063342,31.23345852,8.03579823,6.13268958,1.577828982
1.453392833,7.681953433,-2.937612933,1.581817844,39.12377608,-11.0824044,30.93033419,8.092218714,6.073171118,1.588907144
1.452421033,7.6389861,-2.919708967,1.581492487,38.90494576,-11.0148601,30.74115831,8.062564266,6.036026435,1.583084494
1.451405567,7.605368733,-2.935540767,1.580982794,38.73373432,-11.07458696,30.90843938,7.724071761,6.068872072,1.51662149
1.4503981,7.564239367,-2.912833067,1.580594119,38.52426466,-10.98892016,30.66850657,7.754534913,6.021761265,1.52260293
1.449359467,7.523224367,-2.901605367,1.580172556,38.31537747,-10.94656267,30.54987309,7.664281205,5.998467581,1.504881615
1.448353067,7.478034533,-2.874323833,1.579846037,38.08522808,-10.84364067,30.2616125,7.722392396,5.941867615,1.516291747
1.447397533,7.437067667,-2.862472367,1.57950685,37.87658603,-10.79892997,30.13638821,7.638974637,5.917279825,1.49991267
1.4464033,7.394984733,-2.8465303,1.579145755,37.66225991,-10.73878711,29.96794206,7.593094675,5.884205423,1.490904139
1.445379933,7.357883933,-2.846551433,1.57868057,37.47330753,-10.73886684,29.96816535,7.403918996,5.884249267,1.453759495
1.444412567,7.315054433,-2.8299887,1.578357573,37.25517919,-10.67638247,29.79316114,7.360794864,5.849887191,1.445292071
1.443404767,7.271314933,-2.812714667,1.578007833,37.03241626,-10.61121465,29.61064124,7.320551847,5.814049407,1.437390355
1.442370367,7.224713467,-2.7885324,1.577674553,36.7950775,-10.51998491,29.35512795,7.33872637,5.763879373,1.440958923
1.441432733,7.189371433,-2.795192567,1.57726864,36.61508242,-10.54511098,29.42550022,7.088359019,5.777696969,1.391799293
1.440421,7.1482069,-2.780148567,1.576876227,36.40543366,-10.48835616,29.26654317,7.037667319,5.746485751,1.381845978
1.439435833,7.1053009,-2.7656091,1.576536581,36.18691571,-10.43350473,29.11291708,6.972775451,5.716321269,1.36910446
1.438361733,7.0673372,-2.761965533,1.576033645,35.99356863,-10.41975906,29.07441863,6.817926813,5.708762099,1.33869993
1.437357767,7.029208633,-2.756047167,1.575603323,35.79938189,-10.3974315,29.01188433,6.68627438,5.696483487,1.312849975
1.436391767,6.9813951,-2.7205418,1.575356677,35.55587013,-10.26348436,28.63672954,6.817917407,5.622821846,1.338698083
1.4353954,6.9505345,-2.740880433,1.574824608,35.39869875,-10.34021365,28.85163045,6.44584512,5.665017639,1.265641689
1.434464167,6.902718733,-2.7034989,1.574612763,35.15517562,-10.19918852,28.45665182,6.597300618,5.587463586,1.295379976
1.433405133,6.863776533,-2.700329867,1.574139615,34.95684509,-10.18723306,28.42316736,6.432454545,5.580888912,1.26301245
1.432413967,6.824666,-2.688778633,1.573736867,34.75765724,-10.14365501,28.30111538,6.355318684,5.556924005,1.247866824
1.4313747,6.7843871,-2.673453,1.573303596,34.55251897,-10.0858377,28.13918255,6.312113244,5.525128493,1.239383435
1.4304029,6.7423522,-2.666225133,1.572964211,34.33843748,-10.05856994,28.06281187,6.17440243,5.510133112,1.212343917
1.4293727,6.7001238,-2.644479767,1.572569337,34.12337051,-9.97653362,27.83304722,6.189100112,5.465018822,1.215229807
1.428377467,6.660570933,-2.626598667,1.572169177,33.92192989,-9.90907559,27.64411296,6.176593748,5.42792158,1.212774182
1.4273786,6.615968533,-2.606681267,1.571841353,33.69477226,-9.833935438,27.43366286,6.159886218,5.386599703,1.209493659
1.426413533,6.5804491,-2.6121912,1.571410677,33.51387369,-9.854722149,27.49188161,5.920768909,5.398030953,1.162542975
1.425413,6.537094433,-2.585758767,1.571062414,33.29307071,-9.755003458,27.21259273,5.979254792,5.343192583,1.174026679
1.4244136,6.498007633,-2.5789614,1.570651075,33.09400373,-9.729359792,27.14077079,5.852009769,5.329090344,1.149042118
1.423426867,6.456738133,-2.562301333,1.570285241,32.88382039,-9.666508218,26.96473814,5.81785907,5.294526334,1.142336628
1.422432433,6.416743433,-2.546713267,1.569892528,32.68012953,-9.607700859,26.8000324,5.778873954,5.262186361,1.134681901
1.421414,6.3750844,-2.535601833,1.569500855,32.46796231,-9.565781995,26.6826274,5.684111729,5.239133891,1.116075338
1.420388767,6.332306567,-2.513473733,1.569119214,32.25009711,-9.482301782,26.44881873,5.700055192,5.193225558,1.119205837
1.419355667,6.303419267,-2.5329817,1.568520724,32.10297564,-9.55589731,26.6549427,5.346809759,5.233697999,1.049846096
1.418392,6.259316733,-2.5021274,1.56822058,31.87836381,-9.439496737,26.32893175,5.448208874,5.16968575,1.069755812
1.417410633,6.2208713,-2.500641433,1.567817625,31.68256328,-9.433890796,26.31323082,5.268109284,5.166602871,1.034393258
1.4164166,6.1831468,-2.497470867,1.567391156,31.49043443,-9.421929553,26.27973016,5.109481093,5.160025016,1.003246613
1.415395567,6.141067667,-2.4720471,1.567003204,31.27612766,-9.326016147,26.011099,5.163805483,5.107279289,1.013913207
1.414354767,6.099512733,-2.458867233,1.566587598,31.06449062,-9.276293935,25.87183864,5.091428797,5.079935518,0.999702044
1.413381933,6.057915067,-2.440839767,1.566240601,30.85263594,-9.208283724,25.68135785,5.070054907,5.042534614,0.995505281
1.412388467,6.0199887,-2.4354116,1.565817737,30.65947899,-9.187805485,25.62400307,4.934252745,5.031273002,0.968840526
1.4114089,5.981972667,-2.424322333,1.565410121,30.46586538,-9.145970247,25.50683229,4.857809907,5.00826652,0.953830975
1.410394733,5.9433999,-2.414743233,1.564976282,30.26941635,-9.109832246,25.40561815,4.76257502,4.988393124,0.935131605
1.409391467,5.9029878,-2.400328967,1.564581015,30.06359969,-9.055453151,25.25331495,4.709061569,4.95848839,0.924624239
1.408388067,5.858410533,-2.369967367,1.56424828,29.83657007,-8.940911332,24.93250994,4.802836954,4.895498326,0.943037036
1.407407,5.8206021,-2.364719867,1.563836041,29.64401375,-8.921114674,24.8770641,4.66572647,4.884611536,0.916115392
1.406364833,5.7797726,-2.351483433,1.563408155,29.4360713,-8.87117906,24.73720605,4.597642068,4.857150409,0.90274702
1.405421633,5.738425733,-2.335468433,1.563087018,29.22549393,-8.810761057,24.56798927,4.556281478,4.823924694,0.894625868
1.404430167,5.703049167,-2.3370984,1.562627792,29.04532298,-8.81691025,24.58521173,4.358888064,4.827306324,0.855867671
1.4034459,5.661895933,-2.315030167,1.562262676,28.83573177,-8.73365589,24.35203562,4.382472968,4.781522195,0.860498567
1.402369767,5.622139733,-2.299373833,1.561784674,28.63325558,-8.674590989,24.18660857,4.345423835,4.749040592,0.85322397
1.4014008,5.5792535,-2.268116233,1.561460931,28.4148383,-8.55666893,23.85633629,4.457278825,4.684191631,0.875186697
1.400404533,5.544141467,-2.270735233,1.560992925,28.2360146,-8.566549339,23.88400902,4.250782397,4.689625172,0.834641124
1.399361533,5.506248767,-2.262513933,1.560520021,28.04302911,-8.535533758,23.79714159,4.144664344,4.672568751,0.813804844
1.398393633,5.4649574,-2.2472594,1.560173349,27.8327344,-8.477984683,23.63596001,4.095551213,4.640920748,0.804161481
1.3973834,5.422270133,-2.2170514,1.559805346,27.61533045,-8.364022334,23.31677796,4.197329306,4.578249353,0.824145609
1.3964478,5.382975733,-2.201237333,1.55946093,27.41520618,-8.30436237,23.14968427,4.164298729,4.545440507,0.817660055
1.395391533,5.352038233,-2.2197992,1.558870118,27.25764315,-8.374388652,23.34581161,3.810608366,4.583950109,0.748212953
1.3944113,5.302239267,-2.169447567,1.55863911,27.00401969,-8.184432666,22.81378905,4.089007464,4.47948748,0.802876616
1.3934253,5.265195367,-2.1684949,1.558210436,26.8153571,-8.180838646,22.80372304,3.910410884,4.477511018,0.767809177
1.392388433,5.229302233,-2.165212267,1.557713581,26.6325553,-8.168454622,22.76903826,3.762293858,4.470700663,0.738726399
1.391374467,5.190762833,-2.152686733,1.55727944,26.43627621,-8.121200941,22.63669169,3.698361341,4.444714413,0.726173249
1.390379933,5.146764133,-2.121821767,1.556946867,26.21219319,-8.004760126,22.31056803,3.800401978,4.380680034,0.746208928
1.3893686,5.1094834,-2.120861733,1.556496422,26.02232442,-8.001138316,22.30042418,3.620677056,4.378688289,0.71091994
1.388412,5.0701588,-2.100842367,1.556131461,25.82204635,-7.925613486,22.08889669,3.631926473,4.337154866,0.713128763
1.3874282,5.030165033,-2.085245367,1.555749367,25.61836024,-7.866772425,21.92409656,3.593040501,4.30479636,0.705493502
1.3864599,4.990409367,-2.068162267,1.555379191,25.41588677,-7.80232492,21.74359408,3.571069505,4.269354698,0.701179497
1.385434267,4.954514333,-2.069065,1.554893599,25.23307529,-7.805730562,21.75313249,3.378719619,4.271227565,0.663411597
1.384379367,4.9159293,-2.051751433,1.55441921,25.03656379,-7.740413601,21.57019487,3.365145739,4.235307763,0.660746366
1.383342333,4.870839733,-2.030200933,1.55406055,24.80692505,-7.659112436,21.3424892,3.363212665,4.190597755,0.660366807
1.382352667,4.823885133,-2.018346267,1.553777315,24.56778779,-7.614389658,21.2172311,3.249333513,4.166003327,0.638006635
1.381326333,4.7863585,-2.006534667,1.55331557,24.37666667,-7.569829353,21.09242805,3.183015441,4.141498247,0.624985082
1.380309967,4.7473895,-1.989118233,1.552885492,24.17819964,-7.504124319,20.90840352,3.168572944,4.105365031,0.622149297
1.3793254,4.7076524,-1.972262233,1.55249877,23.97582073,-7.44053357,20.73030061,3.144296935,4.070394525,0.617382703
1.378344333,4.671315667,-1.9666089,1.552064389,23.7907597,-7.41920587,20.67056668,3.018969834,4.058665769,0.592774727
1.3773191,4.6304895,-1.945498533,1.551653385,23.58283422,-7.339565146,20.44751153,3.034099514,4.014868889,0.59574544
1.3763357,4.593115,-1.9308429,1.551232285,23.3924879,-7.284275474,20.29265801,2.998606712,3.984463401,0.588776428
1.3752913,4.555398467,-1.919065533,1.55075533,23.20039963,-7.239844318,20.16821667,2.930959775,3.960029344,0.575493952
1.374332967,4.512110367,-1.893061567,1.550448266,22.97993566,-7.141742056,19.89345504,2.985257439,3.906079897,0.586155298
1.373315433,4.4763497,-1.884004033,1.549968752,22.79780851,-7.107571711,19.79775185,2.898833477,3.887288575,0.569185953
1.372304067,4.4340011,-1.87195,1.54959452,22.58212936,-7.062096805,19.67038721,2.810518973,3.862280528,0.5518454
1.3712145,4.389438133,-1.8606175,1.549175403,22.35517257,-7.019343947,19.55064639,2.703302994,3.838769419,0.530793543
1.370228233,4.351033033,-1.842787133,1.548766941,22.15957746,-6.952077313,19.36224819,2.696106088,3.801777432,0.52938043
1.369221367,4.313896233,-1.831854667,1.548318798,21.97044173,-6.910833616,19.24673418,2.622484368,3.779096256,0.514924806
1.368218,4.2741673,-1.813006033,1.547913153,21.76810441,-6.839725481,19.04757682,2.619304401,3.73999171,0.514300419
1.367203367,4.237102367,-1.804934833,1.547456162,21.57933469,-6.809276166,18.96229537,2.51581614,3.723246696,0.493980499
1.366242233,4.197397867,-1.785667233,1.547092382,21.37712181,-6.736587442,18.75871115,2.517187473,3.683272935,0.49424976
1.365184433,4.144753467,-1.7578099,1.546826617,21.10900671,-6.63149319,18.46436659,2.543416941,3.625478379,0.499399916
1.364168167,4.110369533,-1.758452567,1.546327657,20.93389118,-6.633917707,18.47115709,2.361510908,3.626811695,0.463682667
1.363127067,4.071139467,-1.736696967,1.545876773,20.73409456,-6.551842784,18.24128431,2.391587068,3.581676175,0.469588121
1.3620949,4.035557733,-1.729891433,1.545379934,20.5528787,-6.526168308,18.16937607,2.28227945,3.567556992,0.44812557
1.3611062,3.9951759,-1.704221433,1.544998779,20.3472162,-6.429325964,17.89814318,2.347849834,3.514300414,0.461000315
1.360077433,3.959411233,-1.6963454,1.544508091,20.16506867,-6.399612932,17.81492389,2.248921603,3.497960305,0.441575757
1.359109633,3.923597667,-1.687354667,1.544079106,19.9826721,-6.365694596,17.71992651,2.161522407,3.479307571,0.424414925
1.3581826,3.8853084,-1.669497167,1.543728135,19.78766692,-6.2983256,17.53124161,2.155202128,3.442259291,0.423173938
1.3571132,3.846849133,-1.6519506,1.543237355,19.59179594,-6.232129626,17.34584208,2.144730683,3.405856092,0.42111787
1.356138167,3.809947167,-1.640240833,1.542817512,19.40385621,-6.187953497,17.22211501,2.080518019,3.381562282,0.408509713
1.355111133,3.771692733,-1.6240242,1.542366016,19.20902844,-6.126774814,17.05076774,2.057037513,3.347918246,0.403899316
1.354106367,3.736621067,-1.6190078,1.541888903,19.03041032,-6.107850002,16.99776374,1.931423399,3.337510911,0.379234984
1.353103833,3.7011446,-1.608393633,1.541420113,18.84973058,-6.06780712,16.88561294,1.862894463,3.315490101,0.365779328
1.352088567,3.6614826,-1.580399567,1.541001561,18.64773415,-5.96219703,16.58982363,1.956687341,3.257411869,0.384195559
1.3511133,3.6263013,-1.5748725,1.540555597,18.46855768,-5.941345682,16.53142385,1.835910647,3.245945073,0.360481056
1.350124067,3.588977667,-1.557524633,1.540127898,18.27847042,-5.875899322,16.34812381,1.829123429,3.20995411,0.359148385
1.3491229,3.550605467,-1.538549933,1.539704041,18.08304287,-5.80431559,16.14763442,1.83418527,3.170588018,0.360142278
1.3481642,3.5157222,-1.531374167,1.53927016,17.90538426,-5.777244376,16.07181424,1.732346844,3.155700726,0.340146303
1.347188767,3.4789388,-1.511886833,1.538848132,17.71804838,-5.703726689,15.86590829,1.750916916,3.115271092,0.343792536
1.346207033,3.443712633,-1.502805,1.538396377,17.53864341,-5.66946467,15.76994834,1.667471892,3.096429356,0.327408106
1.345066533,3.405377867,-1.477583833,1.537832623,17.3434065,-5.57431559,15.50345788,1.738725439,3.044103955,0.34139874
1.344139667,3.370667133,-1.4687095,1.53742798,17.1666266,-5.540836383,15.40969041,1.655713015,3.025692712,0.32509925
1.343116233,3.3331495,-1.451250733,1.536968999,16.97555131,-5.474971643,15.22521858,1.64910955,2.989471669,0.32380266
1.342150767,3.2946637,-1.4280562,1.536582551,16.7795452,-5.387468216,14.98014183,1.698180195,2.941350847,0.333437681
1.3411655,3.261221,-1.426061167,1.53610043,16.60922333,-5.379941776,14.95906202,1.548938128,2.937211827,0.304134001
1.340110167,3.224338467,-1.4057898,1.535599994,16.42138257,-5.303466254,14.74487186,1.575287527,2.895155589,0.309307706
1.339141867,3.188512233,-1.391421333,1.5351707,16.23892148,-5.249259944,14.59305258,1.54464572,2.865345875,0.303291187
1.3380997,3.153514067,-1.3810268,1.534655081,16.0606777,-5.210045648,14.48322246,1.476232064,2.84378073,0.289858166
1.337104933,3.116570867,-1.361131767,1.534216125,15.87252797,-5.134989877,14.27300869,1.498296099,2.802505256,0.294190439
1.336118567,3.083306333,-1.3560269,1.533730223,15.70311349,-5.115731316,14.21906994,1.382820369,2.791914382,0.27151678
1.335176767,3.048046767,-1.342437,1.533318903,15.52353841,-5.064462218,14.07547711,1.346838118,2.763719931,0.264451664
1.3341207,3.011547533,-1.325979033,1.532811967,15.33764978,-5.002373084,13.90157988,1.334846714,2.72957521,0.262097152
1.333152533,2.975005867,-1.308076333,1.53239357,15.15154503,-4.934833566,13.71241739,1.337904457,2.692433155,0.26269754
1.332109667,2.940993167,-1.298985633,1.531862424,14.97832018,-4.900538097,13.61636376,1.26073324,2.673573024,0.247544972
1.331124,2.907489833,-1.290961967,1.531380815,14.8076895,-4.870268105,13.53158455,1.174881774,2.656926626,0.230688036
1.330122167,2.870506367,-1.267901067,1.530935398,14.61933469,-4.783268822,13.28791978,1.230191733,2.609083049,0.241548147
1.329155633,2.835118167,-1.254815667,1.530501281,14.43910449,-4.733902994,13.14965757,1.18822374,2.581935264,0.233307731
1.3280864,2.799384533,-1.238765767,1.52996966,14.25711502,-4.673353328,12.98007203,1.175819804,2.548637143,0.230872219
1.327143567,2.765497467,-1.230980667,1.529536657,14.08453001,-4.64398335,12.89781355,1.085493275,2.532485691,0.213136604
1.3261365,2.730982267,-1.214484933,1.529048872,13.90874595,-4.581751739,12.72351727,1.084005493,2.498262617,0.212844479
1.325121133,2.6960864,-1.1964066,1.528558513,13.73102317,-4.513549628,12.53249902,1.097300975,2.460756182,0.215455046
1.324115833,2.663419167,-1.186652167,1.528044692,13.56465071,-4.476750167,12.42943228,1.033995249,2.440519028,0.203024967
1.323131933,2.628937567,-1.172309733,1.527579568,13.38903777,-4.422642069,12.27788808,1.009926515,2.410763324,0.198299071
1.322103533,2.591708967,-1.148074733,1.527111272,13.19943451,-4.33121339,12.0218176,1.076393732,2.360483886,0.211349909
1.321114667,2.559783367,-1.14229178,1.526602726,13.03683915,-4.309396688,11.96071409,0.974901878,2.348486212,0.191421984
1.320105133,2.526632467,-1.130076337,1.526091948,12.8680034,-4.263312848,11.83164397,0.935136247,2.323143293,0.183614002
1.319128367,2.492522567,-1.114789973,1.525628365,12.69428351,-4.205643692,11.67012607,0.922934261,2.291429253,0.181218142
1.318127833,2.459435333,-1.101951837,1.525125629,12.52577201,-4.157210686,11.53447648,0.890072348,2.264794457,0.174765705
1.317141467,2.425855633,-1.086686667,1.524644469,12.3547524,-4.099621484,11.37318251,0.880346709,2.233124386,0.172856076
1.316096067,2.392008767,-1.071484377,1.524108295,12.18237212,-4.042269501,11.21255294,0.868596007,2.201584769,0.170548826
1.315147733,2.358738067,-1.057930063,1.523660519,12.01292624,-3.991134656,11.06933612,0.842366933,2.173464148,0.165398747
1.3141171,2.325757267,-1.04618973,1.523126082,11.84495679,-3.946843211,10.94528608,0.798447532,2.149106923,0.156775173
1.3130856,2.293918767,-1.03720954,1.522573592,11.68280503,-3.912964651,10.85040011,0.731181734,2.130476062,0.143567533
1.3121187,2.2601359,-1.02049596,1.522114955,11.5107507,-3.849911193,10.67380203,0.735725486,2.09580103,0.144459699
1.311130867,2.226016067,-1.0015456,1.521640455,11.33698022,-3.778419285,10.47356982,0.762187222,2.056485434,0.149655461
1.3101301,2.194520933,-0.99238273,1.521113533,11.1765772,-3.743851549,10.37675363,0.698600396,2.037475574,0.137170188
1.3091187,2.1622745,-0.979079127,1.52058728,11.01234785,-3.693662529,10.23618585,0.674938819,2.009875092,0.132524237
1.3081567,2.130563567,-0.968410557,1.520102371,10.85084577,-3.653414406,10.12346021,0.626162376,1.987741413,0.122946982
1.307121333,2.097177433,-0.95082068,1.519569299,10.68081199,-3.587055042,9.93760306,0.641985745,1.951248361,0.126053901
1.306139933,2.0671587,-0.945268593,1.519039531,10.52792819,-3.566109304,9.878938918,0.547766091,1.939729657,0.107553872
1.305101567,2.033213467,-0.92312327,1.51851187,10.35504694,-3.482564115,9.644948265,0.608875496,1.893785592,0.119552704
1.304178967,2.0027766,-0.915205923,1.518047193,10.20003361,-3.452695225,9.561292447,0.537517986,1.877359772,0.105541657
1.3030911,1.971240533,-0.901355843,1.517433786,10.03942212,-3.400444574,9.414950521,0.52324842,1.848625535,0.102739827
1.3021027,1.937566667,-0.879609923,1.51695201,9.867922927,-3.318406169,9.18518002,0.581519727,1.803510097,0.114181398
1.301112467,1.906681767,-0.868614377,1.516426439,9.710627791,-3.276924498,9.068999501,0.54040511,1.780698052,0.106108543
1.3001562,1.876534133,-0.859911147,1.515923744,9.557087514,-3.244090794,8.977039928,0.478824406,1.76264179,0.094017172
1.299129533,1.845461,-0.845035293,1.515364573,9.398833715,-3.187970322,8.819859534,0.477751002,1.731779419,0.093806409
1.298124433,1.8159006,-0.837585607,1.514804209,9.248284186,-3.159865721,8.741145079,0.405915928,1.716323836,0.079701592
1.297135,1.784593933,-0.819450137,1.514285784,9.088841015,-3.091448058,8.549523109,0.438094726,1.678698862,0.0860199
1.2961362,1.754219733,-0.80713616,1.513743964,8.934146847,-3.044992493,8.41941187,0.413511797,1.653151521,0.081193041
1.2951035,1.7249697,-0.79839005,1.513151331,8.785177998,-3.01199702,8.326999221,0.356955598,1.635006297,0.070088232
1.294170667,1.693637233,-0.780120713,1.512689894,8.625603429,-2.943074333,8.133962797,0.390417453,1.597103595,0.076658467
1.293069233,1.664492133,-0.770424407,1.512026949,8.477169001,-2.906494159,8.031510234,0.344435588,1.576987034,0.067629928
1.292134967,1.634719833,-0.75824038,1.511540607,8.325540277,-2.860528841,7.902772065,0.321545032,1.551709295,0.063135367
1.2911007,1.605332767,-0.74666365,1.510948469,8.175873525,-2.816854604,7.78045068,0.294199665,1.527691491,0.057766104
1.290107333,1.575753667,-0.733642857,1.510400119,8.025228758,-2.767732511,7.642871115,0.281134463,1.500677743,0.055200752
1.289141233,1.546460033,-0.720260483,1.509874742,7.876037858,-2.717246325,7.501471045,0.273343633,1.47291384,0.053671022
1.288136133,1.517117167,-0.706176143,1.509311106,7.726596214,-2.664111908,7.352653894,0.272719141,1.443693592,0.053548403
1.2871155,1.488987133,-0.696576633,1.508713689,7.583331466,-2.627896908,7.251224098,0.230884188,1.423777852,0.04533411
1.286084967,1.460865367,-0.686883607,1.508106247,7.440108819,-2.591329108,7.148806192,0.190079448,1.403668096,0.0373221
1.285093667,1.431897167,-0.671368003,1.507550774,7.292575333,-2.532795123,6.984866108,0.206486046,1.37147846,0.040543535
1.284110467,1.404947733,-0.66484328,1.506973028,7.155323317,-2.508180028,6.915924948,0.13817519,1.357941863,0.027130699
1.2830559,1.3760702,-0.648575227,1.506352924,7.008251592,-2.446807359,6.744034369,0.162994043,1.324191148,0.03200388
1.282165467,1.348094667,-0.63461385,1.505883382,6.865773703,-2.394136832,6.596516466,0.168034057,1.295226008,0.032993487
1.281132567,1.321181267,-0.62538483,1.505255395,6.728705203,-2.359319538,6.499001321,0.128480703,1.276078909,0.025227186
1.280143267,1.293850733,-0.61293946,1.504677282,6.589512266,-2.31236828,6.367501761,0.120787324,1.250258971,0.023716591
1.279122967,1.267341867,-0.604305923,1.504055808,6.454504032,-2.2797975,6.276278578,0.077002274,1.232347299,0.015119397
1.278120467,1.239705033,-0.58975746,1.503469104,6.313751125,-2.224912136,6.122557434,0.089970511,1.202164152,0.01766571
1.277158533,1.2142897,-0.58242936,1.502889545,6.184312198,-2.197266232,6.045127681,0.037961337,1.18696082,0.007453709
1.276130433,1.187509767,-0.568916313,1.502264349,6.047923436,-2.146287069,5.902346897,0.044353359,1.158925813,0.008708782
1.2751318,1.161166733,-0.55663708,1.501662046,5.913759783,-2.099962576,5.772602761,0.039933842,1.133450552,0.00784101
1.274121833,1.1346893,-0.54246517,1.501050433,5.778911637,-2.046497793,5.622860333,0.054828125,1.104048626,0.010765502
1.2730792,1.110236713,-0.534635493,1.500375689,5.654375927,-2.016959646,5.54013085,0.013021898,1.087804692,0.00255685
1.272156567,1.084921943,-0.522563397,1.499833916,5.525449164,-1.971416594,5.412575349,0.011650635,1.06275917,0.002287602
1.271132433,1.059764273,-0.512158357,1.49918828,5.397322502,-1.932162661,5.302634209,-0.006534886,1.041172227,-0.001283125
1.270176433,1.034949897,-0.502438863,1.498605612,5.270944215,-1.895495014,5.199936652,-0.030215616,1.021007562,-0.005932836
1.269126433,1.010809803,-0.49305787,1.4979188,5.148000017,-1.860104388,5.100815734,-0.054038897,1.001545169,-0.010610537
1.268167133,0.98607627,-0.48095303,1.497331616,5.022033461,-1.814437809,4.972914264,-0.052103983,0.976431716,-0.010230617
1.267096,0.961609017,-0.46865659,1.496628592,4.897423054,-1.768048402,4.84298832,-0.046788445,0.950920757,-0.009186911
1.266126933,0.938284287,-0.461375367,1.496010446,4.778631457,-1.740579344,4.766053873,-0.088645595,0.935814678,-0.017405563
1.265183733,0.9144848,-0.449045677,1.49542531,4.657421951,-1.694064499,4.635776604,-0.079577834,0.910234736,-0.015625108
1.264142533,0.8908393,-0.43858542,1.494739856,4.53699669,-1.654602256,4.525252036,-0.089478526,0.888533237,-0.017569109
1.263113067,0.868097583,-0.429294633,1.494052539,4.421174349,-1.619551942,4.427084256,-0.107133087,0.869257994,-0.021035582
1.2620844,0.845451393,-0.421417673,1.493364584,4.30583852,-1.589835415,4.34385517,-0.13923983,0.852915963,-0.027339741
1.261138067,0.82294029,-0.408827247,1.49275693,4.19119068,-1.542336917,4.210822921,-0.12085542,0.82679508,-0.023729962
1.260140467,0.801861107,-0.402177377,1.492076466,4.083835532,-1.517249695,4.140559443,-0.157947091,0.812998847,-0.031012911
1.259178133,0.77992056,-0.393219183,1.491444229,3.972093506,-1.483454119,4.045905891,-0.175035564,0.794413622,-0.034368233
1.258144733,0.758556147,-0.384152743,1.490732256,3.863285697,-1.449250173,3.950108589,-0.188046071,0.775603821,-0.036922846
1.257186733,0.736749867,-0.373043807,1.490102332,3.752227485,-1.407340728,3.832729975,-0.18172567,0.752556531,-0.035681835
1.2561307,0.71619769,-0.3649333,1.489355506,3.647556353,-1.376743124,3.747033202,-0.200700028,0.735729969,-0.03940745
1.255149967,0.695272287,-0.355614543,1.488689595,3.540984399,-1.341587291,3.648569886,-0.208808667,0.716396697,-0.040999582
1.2540883,0.67485291,-0.346046287,1.487935138,3.43698961,-1.305490198,3.547470317,-0.211703887,0.696545797,-0.041568058
1.2531081,0.654437403,-0.335707777,1.487262089,3.333014532,-1.266487255,3.438232142,-0.20644079,0.675096881,-0.040534649
1.252138733,0.634827613,-0.329227733,1.486587752,3.233142925,-1.242040719,3.369763077,-0.237843332,0.66165298,-0.046700538
1.251156333,0.615556937,-0.32092341,1.485895279,3.134998404,-1.210711925,3.282018409,-0.248243185,0.644424315,-0.048742549
1.250138533,0.596739947,-0.31341101,1.485160581,3.039164485,-1.182370732,3.202641316,-0.264700011,0.628838622,-0.051973847
1.249152233,0.577306943,-0.30288552,1.48446665,2.940193243,-1.142662391,3.091427483,-0.25245742,0.607001786,-0.049570014
1.2481637,0.558979287,-0.294575813,1.483753857,2.846851473,-1.111313288,3.003625934,-0.257997641,0.589761952,-0.050657837
1.2471434,0.540600737,-0.286289357,1.483010062,2.753250505,-1.080051898,2.916070048,-0.264042722,0.572570354,-0.051844789
1.246158567,0.522793277,-0.2779927,1.482293142,2.662558068,-1.048752028,2.828406387,-0.267071498,0.555357594,-0.052439489
1.245108033,0.50467364,-0.270314917,1.481515218,2.570275732,-1.019786912,2.74728183,-0.278229277,0.539428787,-0.054630319
1.244049733,0.48664135,-0.263584097,1.480728214,2.478438248,-0.994394298,2.676163023,-0.298947955,0.52546461,-0.058698431
1.243049967,0.469679297,-0.255429013,1.479983642,2.392051422,-0.963628526,2.589995246,-0.299167004,0.508545567,-0.058741441
1.242098367,0.452626867,-0.245243567,1.479288595,2.305204312,-0.925203028,2.48237436,-0.278393227,0.487414206,-0.05466251
1.241104633,0.43677612,-0.240510853,1.478533337,2.224477311,-0.907348449,2.432367834,-0.309113702,0.477595424,-0.060694475
1.240027,0.41988645,-0.233232923,1.477709808,2.138459129,-0.879891815,2.355468184,-0.318232235,0.462496178,-0.062484899
1.238881,0.402070103,-0.224097457,1.476831855,2.047721433,-0.845427459,2.258941537,-0.312443284,0.443543171,-0.061348239
1.2378075,0.38597563,-0.217070687,1.476000497,1.965753145,-0.818918349,2.18469568,-0.320165715,0.428964997,-0.062864538
1.236817667,0.37116499,-0.21116489,1.475233489,1.890323351,-0.796638209,2.122294188,-0.333194016,0.416712464,-0.065422645
1.235848767,0.356618943,-0.204056907,1.474483435,1.816241117,-0.769822713,2.047190219,-0.332172282,0.4019658,-0.065222028
1.234867467,0.34243059,-0.197952963,1.473715598,1.743980596,-0.746795048,1.982695081,-0.339937665,0.389302179,-0.06674676
1.2338874,0.32878979,-0.19227337,1.472940758,1.674508734,-0.72536828,1.922683685,-0.349398131,0.377518942,-0.068604323
1.232862133,0.314871113,-0.184496103,1.472124897,1.603621662,-0.696027854,1.840507973,-0.338109491,0.361383741,-0.066387799
1.231875833,0.30203822,-0.181083623,1.471331668,1.538264426,-0.683153972,1.804451221,-0.367409975,0.354303997,-0.072140949
1.230851567,0.28886322,-0.174107627,1.47050562,1.471164859,-0.656836408,1.730741843,-0.360800164,0.339831161,-0.070843112
1.229920467,0.276395957,-0.168545917,1.469762089,1.407669756,-0.635854366,1.671976019,-0.365529443,0.328292491,-0.071771706
1.228841167,0.2641084,-0.163630933,1.468867656,1.345089891,-0.617312157,1.620043603,-0.376176892,0.318095561,-0.073862333
1.2278877,0.252110467,-0.15846411,1.468094698,1.283985061,-0.597819859,1.565450208,-0.382688327,0.307376148,-0.075140853
1.226858367,0.240337963,-0.152858817,1.467242482,1.224028334,-0.576673394,1.506223877,-0.383418723,0.295747058,-0.075284266
1.225880167,0.229071863,-0.147701453,1.46643378,1.166650692,-0.557216786,1.451730438,-0.386302926,0.285047272,-0.07585058
1.224855667,0.218076453,-0.142408547,1.465574706,1.110651659,-0.537248827,1.39580483,-0.38637635,0.274066278,-0.075864996
1.223855467,0.207447377,-0.13812382,1.464734421,1.056518343,-0.521084317,1.350531795,-0.395236631,0.265176918,-0.077604713
1.222835633,0.197051203,-0.13284886,1.463870998,1.003571191,-0.501184065,1.294795813,-0.392447802,0.254233158,-0.077057126
1.221841767,0.187122967,-0.12869584,1.463026502,0.953007215,-0.48551643,1.25091441,-0.399130374,0.245617044,-0.078369249
1.2208732,0.1774556,-0.124247367,1.46220338,0.903771836,-0.468734173,1.203911211,-0.401362555,0.236387966,-0.078807538
1.219816133,0.167886227,-0.120351931,1.461290285,0.855035532,-0.454038294,1.16275147,-0.408939118,0.228306251,-0.080295196
1.2188322,0.158668647,-0.115661724,1.46044503,0.808090892,-0.436344074,1.113194072,-0.40632636,0.218575656,-0.079782181
1.217883467,0.14984975,-0.11228111,1.459628977,0.763176725,-0.42359041,1.077474024,-0.415520479,0.211562025,-0.081587446
1.216867067,0.14132834,-0.108350322,1.458740782,0.719777642,-0.408761165,1.035940756,-0.417386294,0.203406967,-0.081953799
1.2158231,0.132869187,-0.103994633,1.457824083,0.676695629,-0.392328945,0.989917927,-0.414445478,0.194370385,-0.08137637
1.214791867,0.124767533,-0.101041334,1.456914739,0.635434343,-0.381187361,0.95871294,-0.424501776,0.188243286,-0.083350924
1.2138137,0.116941751,-0.097114672,1.456054311,0.595578054,-0.366373681,0.917223268,-0.422868393,0.180096789,-0.083030209
1.212855967,0.1095208,-0.094122458,1.455208226,0.55778355,-0.355085291,0.88560711,-0.42904674,0.173888956,-0.084243327
1.2118265,0.102184606,-0.090410931,1.454289133,0.520420706,-0.341083228,0.846390589,-0.427193062,0.166188792,-0.083879358
1.210897467,0.095268041,-0.087450838,1.453464159,0.485195012,-0.329916015,0.815113819,-0.431141986,0.160047598,-0.084654729
1.209861633,0.088436688,-0.084523526,1.452531103,0.4504033,-0.318872473,0.784183425,-0.435003305,0.153974416,-0.085412899
1.208853033,0.081975169,-0.081137089,1.451619717,0.417495133,-0.306096837,0.74840184,-0.432129887,0.146948701,-0.084848703
1.207873833,0.075736923,-0.078636025,1.450734371,0.385724078,-0.296661355,0.721975248,-0.437474349,0.14175984,-0.085898089
1.2068355,0.069762066,-0.076002404,1.44978593,0.355294454,-0.286725787,0.694148031,-0.440076757,0.136295966,-0.086409071
1.205854467,0.063881618,-0.07379977,1.448893368,0.32534565,-0.278416154,0.670874682,-0.446752212,0.131726244,-0.087719797
1.204828967,0.057289821,-0.070569652,1.447967041,0.291773982,-0.266230247,0.63674479,-0.446193987,0.125024839,-0.087610189
1.203781567,0.051721798,-0.068410826,1.447003412,0.263416336,-0.258085887,0.613934329,-0.451741172,0.120546005,-0.088699379
1.2027634,0.046423177,-0.065478201,1.446064963,0.236430748,-0.2470223,0.582947794,-0.447740225,0.114461799,-0.087913793
1.201754967,0.041011695,-0.063104329,1.445137946,0.208870361,-0.238066658,0.557865123,-0.450217941,0.109536817,-0.088400293
1.200645967,0.035445723,-0.061487135,1.444112686,0.180523163,-0.231965649,0.540777616,-0.461477633,0.106181685,-0.090611133
1.199588233,0.030068271,-0.058412847,1.443135856,0.153136087,-0.220367629,0.508294256,-0.456381349,0.099803577,-0.089610478
1.198533667,0.025285409,-0.057009439,1.442153248,0.128777229,-0.215073145,0.493465639,-0.46591159,0.096891978,-0.091481741
1.197520833,0.021117498,-0.055103774,1.441203121,0.107550284,-0.207883856,0.473330111,-0.467003006,0.092938367,-0.09169604
1.1965274,0.01712042,-0.053114363,1.440269823,0.087193378,-0.20037863,0.452309716,-0.466339518,0.088811013,-0.091565764
1.195559833,0.01332577,-0.051946218,1.439359347,0.067867429,-0.195971697,0.439966922,-0.473322673,0.086387505,-0.092936907
1.194555733,0.009655111,-0.049495057,1.438410472,0.049172961,-0.186724478,0.414067612,-0.46611783,0.081302176,-0.091522236
1.193585033,0.006171526,-0.048461355,1.437492183,0.031431252,-0.182824746,0.403145368,-0.472937296,0.079157593,-0.092861238
1.192565533,0.002774305,-0.046891708,1.436523794,0.014129386,-0.176903112,0.38656025,-0.473654044,0.075901105,-0.093001972
1.191555833,-0.000485752,-0.045808195,1.435563141,-0.002473909,-0.172815464,0.375111697,-0.478808785,0.073653182,-0.094014105
1.190504433,-0.003546427,-0.044426318,1.434557789,-0.018061762,-0.167602211,0.360510587,-0.479795529,0.070786254,-0.094207852
1.1895227,-0.00661924,-0.042896424,1.433622286,-0.033711436,-0.161830549,0.344345504,-0.47928012,0.06761224,-0.094106652
1.1885941,-0.009391211,-0.041856456,1.432735391,-0.047828932,-0.15790718,0.333357061,-0.482409172,0.065454659,-0.094721041
1.187537667,-0.012182134,-0.040261102,1.431720947,-0.062042953,-0.151888564,0.316500315,-0.479766448,0.062144837,-0.094202142
1.186565467,-0.014638922,-0.03907489,1.430785709,-0.074555241,-0.147413476,0.303966633,-0.479745054,0.059683848,-0.094197941
1.1855341,-0.017029976,-0.038166875,1.429790316,-0.086732754,-0.143987909,0.294372417,-0.482328351,0.057800024,-0.094705172
1.184560033,-0.019396785,-0.036889249,1.428851858,-0.098786786,-0.139167951,0.280872834,-0.480882799,0.055149381,-0.094421338
1.1835213,-0.021568919,-0.036464241,1.427845804,-0.109849347,-0.137564572,0.276382142,-0.487454669,0.054267634,-0.095711724
1.182536367,-0.023655178,-0.035354468,1.426892259,-0.120474552,-0.133377854,0.264656119,-0.48635385,0.051965229,-0.095495579
1.181578667,-0.025701518,-0.034482225,1.425965346,-0.130896452,-0.130087241,0.255439878,-0.487559509,0.05015562,-0.09573231
1.1805301,-0.027614998,-0.033606239,1.424945568,-0.140641701,-0.126782507,0.246184084,-0.488048965,0.048338245,-0.095828414
1.1795629,-0.029423786,-0.032840202,1.424005581,-0.149853759,-0.123892565,0.238090031,-0.489166971,0.046748978,-0.096047935
1.1785062,-0.03122697,-0.03218853,1.42297601,-0.15903728,-0.121434073,0.231204365,-0.491464825,0.045396977,-0.096499118
1.1775613,-0.032909558,-0.031240531,1.422056424,-0.167606611,-0.117857665,0.221187679,-0.490017469,0.043430201,-0.09621493
1.1765268,-0.034490856,-0.030446898,1.421045715,-0.175660076,-0.114863613,0.212802035,-0.489685292,0.04178368,-0.096149707
1.175570633,-0.035973544,-0.029712039,1.420111855,-0.183211327,-0.112091292,0.205037407,-0.489471913,0.040259095,-0.09610781
1.174508633,-0.037400663,-0.029239566,1.419071326,-0.190479569,-0.110308845,0.200045189,-0.491747938,0.039278873,-0.096554708
1.173560467,-0.038742017,-0.028703847,1.41814334,-0.197311011,-0.108287798,0.194384706,-0.492918896,0.038167437,-0.096784625
1.172550433,-0.040036744,-0.02798406,1.417152786,-0.203904988,-0.105572341,0.18677934,-0.491907508,0.036674123,-0.096586039
1.171542933,-0.041229334,-0.027436512,1.416163229,-0.209978781,-0.103506666,0.180993866,-0.492195827,0.035538146,-0.096642651
1.170551267,-0.042270339,-0.026973731,1.415187224,-0.215280564,-0.101760783,0.176104053,-0.492607796,0.034578031,-0.096723541
1.1695837,-0.043330969,-0.026274014,1.414235614,-0.220682295,-0.099121038,0.168710743,-0.490616218,0.033126354,-0.096332494
1.1685532,-0.04431071,-0.025782664,1.413219855,-0.225672065,-0.097267378,0.163519072,-0.490414317,0.03210697,-0.096292851
1.167526167,-0.045308365,-0.025274914,1.412207831,-0.23075307,-0.095351848,0.158154116,-0.490130366,0.031053561,-0.096237097
1.1665176,-0.046176812,-0.025036914,1.41121233,-0.235176024,-0.094453969,0.155639367,-0.492038571,0.03055979,-0.096611773
1.165549433,-0.047069728,-0.024401364,1.410257597,-0.239723597,-0.092056303,0.148924062,-0.489870839,0.02924124,-0.096186139
1.164575367,-0.047883565,-0.024087989,1.409295775,-0.243868425,-0.090874066,0.14561289,-0.490704495,0.028591091,-0.096349828
1.163582667,-0.048665471,-0.023862837,1.408314839,-0.247850631,-0.090024661,0.143233905,-0.492307716,0.028123977,-0.09666462
1.162531333,-0.049355466,-0.023433288,1.407273886,-0.251364735,-0.08840415,0.138695229,-0.491283143,0.027232808,-0.096463445
1.161569267,-0.050040865,-0.023264441,1.406322131,-0.254855435,-0.08776716,0.136911167,-0.492989782,0.026882508,-0.096798544
1.160513067,-0.050599108,-0.022863702,1.40527433,-0.25769854,-0.086255335,0.132676898,-0.491598618,0.026051109,-0.096525389
1.159519933,-0.051185598,-0.022451317,1.404290021,-0.2606855,-0.084699577,0.128319583,-0.490228263,0.02519555,-0.096256319
1.1585422,-0.051721866,-0.022080988,1.403320355,-0.263416684,-0.083302477,0.12440663,-0.489046494,0.024427242,-0.096024279
1.1575222,-0.052131936,-0.021647641,1.402306525,-0.265505149,-0.081667639,0.119827827,-0.486556156,0.023528194,-0.095535301
1.156567767,-0.052571353,-0.021289825,1.401358703,-0.267743074,-0.080317745,0.116047089,-0.485013343,0.022785846,-0.09523237
1.1555624,-0.052968703,-0.021089446,1.400359314,-0.269766758,-0.079561798,0.113929856,-0.484919794,0.022370127,-0.095214001
1.15456,-0.053402525,-0.020928914,1.399363441,-0.271976189,-0.078956179,0.112233659,-0.485433027,0.022037079,-0.095314775
1.153576233,-0.053770044,-0.020635499,1.398385204,-0.273847947,-0.077849244,0.10913339,-0.484204517,0.021428341,-0.095073557
1.152556133,-0.054119709,-0.020555738,1.397370364,-0.275628768,-0.077548337,0.108290621,-0.485142569,0.021262863,-0.095257743
1.151543633,-0.054446517,-0.020071899,1.396362781,-0.277293186,-0.075723012,0.103178309,-0.481694674,0.020259061,-0.094580749
1.150528633,-0.054718866,-0.020119778,1.395351879,-0.278680243,-0.075903642,0.103684212,-0.483587634,0.020358395,-0.094952432
1.149551433,-0.055026504,-0.019726847,1.394379307,-0.280247028,-0.074421272,0.09953244,-0.481002648,0.019543195,-0.09444487
1.148572133,-0.055192188,-0.01930925,1.3934025,-0.281090846,-0.072845852,0.095120054,-0.47743408,0.018676823,-0.093744182
1.147534867,-0.055359262,-0.019418086,1.392367747,-0.281941745,-0.073256445,0.09627003,-0.479434955,0.01890262,-0.094137053
1.146596633,-0.055545993,-0.019128339,1.391432323,-0.282892758,-0.072163349,0.093208522,-0.47732446,0.018301493,-0.093722658
1.145528733,-0.055666593,-0.018984289,1.390366237,-0.283506967,-0.071619909,0.091686473,-0.47641662,0.018002639,-0.093544403
1.144550467,-0.055806095,-0.018903545,1.389390069,-0.284217445,-0.071315294,0.090833317,-0.476273941,0.017835122,-0.093516388
1.143535467,-0.055919867,-0.018784484,1.388376781,-0.284796878,-0.070866126,0.089575301,-0.475595359,0.01758811,-0.093383149
1.142560833,-0.056043149,-0.018342975,1.387404003,-0.285424748,-0.069200494,0.084910254,-0.471558182,0.016672128,-0.092590449
1.1415795,-0.056109605,-0.018164114,1.386423669,-0.285763202,-0.068525727,0.083020386,-0.470006768,0.016301053,-0.092285829
1.140572333,-0.056153371,-0.018327763,1.385417161,-0.285986101,-0.069143107,0.084749525,-0.471958806,0.016640569,-0.092669112
1.139544267,-0.056254194,-0.01824199,1.384390611,-0.286499589,-0.068819521,0.083843235,-0.471566004,0.016462619,-0.092591985
1.138577967,-0.056359744,-0.018163578,1.383425899,-0.28703715,-0.068523704,0.083014723,-0.471275052,0.016299941,-0.092534857
1.137506967,-0.056403237,-0.017956044,1.382355553,-0.287258655,-0.067740763,0.080821885,-0.469303721,0.015869377,-0.092147786
1.1365312,-0.056437589,-0.017820847,1.381380304,-0.28743361,-0.067230719,0.079393371,-0.468050161,0.015588888,-0.091901649
1.135536733,-0.05638094,-0.017728518,1.380384985,-0.287145098,-0.0668824,0.07841781,-0.466786087,0.015397337,-0.091653448
1.1345759,-0.056351968,-0.017458002,1.379423715,-0.286997547,-0.065861855,0.075559502,-0.463780229,0.014836108,-0.091063248
1.133547767,-0.056349358,-0.017373116,1.378395543,-0.286984253,-0.065541615,0.074662585,-0.462870017,0.014659999,-0.090884528
1.132566733,-0.056228223,-0.017218616,1.377412687,-0.286367319,-0.064958751,0.073030116,-0.460620614,0.014339463,-0.090442858
1.1315253,-0.056185245,-0.017114057,1.376370607,-0.286148436,-0.064564291,0.071925327,-0.459296942,0.014122538,-0.090182955
1.1305542,-0.05613101,-0.017052687,1.375398691,-0.28587222,-0.064332767,0.071276883,-0.458372282,0.013995216,-0.090001398
1.129575267,-0.056090246,-0.016912095,1.374419144,-0.285664607,-0.063802372,0.069791368,-0.456679155,0.013703535,-0.089668952
1.128520333,-0.056008196,-0.016628306,1.373362977,-0.285246735,-0.062731755,0.066792819,-0.453262734,0.01311477,-0.088998138
1.1275365,-0.055914398,-0.016637774,1.372377732,-0.284769026,-0.062767474,0.06689286,-0.452885066,0.013134413,-0.088923983
1.126568533,-0.055824249,-0.016721949,1.371408409,-0.284309899,-0.06308503,6.78E-02,-0.45331534,0.013309047,-0.089008467
1.1255723,-0.05582971,-0.016682701,1.370412258,-0.284337713,-0.062936963,0.067367558,-0.452928451,0.01322762,-0.088932501
1.124553067,-0.055748854,-0.016577324,1.369391808,-0.283925916,-0.06253942,6.63E-02,-0.451403229,0.013008999,-0.088633024
1.123580633,-0.055683074,-0.016509096,1.368418385,-0.283590904,-0.062282022,0.065533222,-0.450347306,0.012867448,-0.088425694
1.1225331,-0.055463856,-0.016446183,1.367367554,-0.28247444,-0.062044679,0.064868478,-0.448566098,0.012736926,-0.088075953
1.121532,-0.055287251,-0.016297435,1.366363797,-0.281574997,-0.061483514,0.063296786,-0.446094962,0.012428324,-0.087590746
1.120487733,-0.055126272,-0.016172328,1.365317108,-0.280755141,-0.061011535,0.061974884,-0.443953205,0.012168768,-0.087170212
1.119552933,-0.054879333,-0.016033541,1.364378593,-0.279497493,-0.06048795,0.060508444,-0.441229116,0.011880833,-0.086635337
1.1185379,-0.054672386,-0.015957041,1.363360446,-0.278443526,-0.060199347,0.059700134,-0.43936684,0.011722121,-0.086269679
1.1175619,-0.054434139,-0.015985778,1.362380862,-0.277230147,-0.060307759,0.06000377,-0.438457096,0.01178174,-0.086091051
1.116560133,-0.054314349,-0.015978342,1.361377293,-0.276620059,-0.060279706,0.0599252,-0.437768439,0.011766313,-0.085955833
1.1155635,-0.054192737,-0.015939358,1.36037883,-0.276000698,-0.060132638,0.059513296,-0.436737174,0.011685436,-0.085753344
1.114501767,-0.053997483,-0.015646875,1.359314159,-0.275006281,-0.059029217,0.056422872,-0.432652333,0.011078631,-0.084951286
1.113525,-0.05378165,-0.015524977,1.358334145,-0.273907052,-0.058569348,0.055134884,-0.430265116,0.010825734,-0.084482555
1.112540067,-0.053560177,-0.015446329,1.35734588,-0.272779102,-0.058272642,0.054303881,-0.428306163,0.010662567,-0.084097915
1.111535767,-0.05335248,-0.015483752,1.356338455,-0.271721314,-0.058413822,0.054699291,-0.427643785,0.010740206,-0.083967857
1.110562233,-0.053138302,-0.015275137,1.355361699,-0.270630517,-0.057626804,0.052495039,-0.424348735,0.010307401,-0.083320874
1.109535133,-0.052809394,-0.015271644,1.354329651,-0.268955404,-0.057613628,0.052458135,-0.422636719,0.010300155,-0.08298472
1.108565833,-0.052570151,-0.015249695,1.353356751,-0.267736953,-0.057530821,0.052226211,-0.421186344,0.010254617,-0.082699939
1.1075469,-0.052339456,-0.015176483,1.352334347,-0.266562035,-0.057254622,0.051452643,-0.419237858,0.010102726,-0.082317353
1.1065525,-0.051987638,-0.015147057,1.351334654,-0.264770247,-0.057143612,0.051141731,-0.417135157,0.010041679,-0.081904488
1.105553267,-0.051687923,-0.015257875,1.350330911,-0.263243816,-0.057561683,0.052312649,-0.416779645,0.010271589,-0.081834683
1.104546933,-0.051496682,-0.015206012,1.349321701,-0.262269836,-0.057366025,0.051764658,-0.415257673,0.010163991,-0.081535844
1.103564567,-0.051240664,-0.01490875,1.348335482,-0.260965949,-0.056244577,0.048623741,-0.410812869,0.009547272,-0.080663107
1.102556267,-0.050974349,-0.014818339,1.347323176,-0.259609622,-0.055903492,0.047668442,-0.408501244,0.009359699,-0.080209219
1.101492167,-0.050667769,-0.015084044,1.346254463,-0.258048225,-0.056905889,0.050475923,-0.409747327,0.009910947,-0.080453888
1.1005151,-0.050445547,-0.014820057,1.345274053,-0.256916459,-0.055909976,0.047686602,-0.40582624,0.009363264,-0.079683982
1.0995588,-0.050190855,-0.0147214,1.344313921,-0.255619326,-0.055537782,0.046644174,-0.40348668,0.009158584,-0.07922461
1.0984957,-0.04988704,-0.01478939,1.343246251,-0.254072014,-0.055794282,0.04736257,-0.402657764,0.009299641,-0.079061852
1.097521167,-0.049581216,-0.014979225,1.342267116,-0.252514471,-0.05651045,0.04936839,-0.403106041,0.009693483,-0.079149871
1.096517367,-0.049265725,-0.014740621,1.341258569,-0.25090769,-0.055610294,0.046847263,-0.398978133,0.00919846,-0.078339356
1.095533567,-0.048940147,-0.014886266,1.340269871,-0.249249539,-0.056159755,0.048386176,-0.398858894,0.009500626,-0.078315944
1.0945766,-0.048640363,-0.014753143,1.339308394,-0.247722755,-0.055657534,0.046979572,-0.395925507,0.009224439,-0.077739973
1.0935415,-0.04834572,-0.014532957,1.338268861,-0.246222153,-0.054826863,0.044653055,-0.392098387,0.008767627,-0.076988518
1.0925704,-0.047993997,-0.014376833,1.33729247,-0.244430846,-0.054237872,0.043003427,-0.388657453,0.008443723,-0.076312891
1.091556467,-0.047679995,-0.014286744,1.336273812,-0.242831654,-0.053898006,0.04205154,-0.386106374,0.00825682,-0.075811987
1.090529867,-0.047364797,-0.014376302,1.33524247,-0.241226368,-0.054235869,0.042997816,-0.385447364,0.008442621,-0.07568259
1.089525167,-0.047075401,-0.014517994,1.334233416,-0.239752488,-0.054770415,0.044494957,-0.385470625,0.008736585,-0.075687157
1.088567833,-0.04680115,-0.014312028,1.333271957,-0.238355742,-0.05399339,0.042318691,-0.381897613,0.008309275,-0.074985596
1.087579033,-0.046515284,-0.014176567,1.332278856,-0.23689984,-0.053482351,0.040887387,-0.379010408,0.008028239,-0.074418694
1.0865602,-0.046193448,-0.014151367,1.33125518,-0.23526075,-0.053387283,0.040621124,-0.377105054,0.007975958,-0.074044577
1.085535967,-0.045919449,-0.014315502,1.330226825,-0.233865288,-0.054006496,0.042355398,-0.377443866,0.008316482,-0.074111103
1.084546433,-0.045584363,-0.014435001,1.32923225,-0.232158711,-0.054457316,0.043618038,-0.376999929,0.008564402,-0.074023936
1.083513833,-0.045291832,-0.014280734,1.328195249,-0.230668869,-0.05387533,0.041988031,-0.373880079,0.00824435,-0.073411354
1.082566333,-0.045002069,-0.014430785,1.327243389,-0.229193121,-0.054441413,0.043573498,-0.373989799,0.008555656,-0.073432897
1.081475967,-0.044725399,-0.014236801,1.32614886,-0.227784056,-0.053709589,0.041523828,-0.370531064,0.008153204,-0.072753774
1.080542333,-0.04437971,-0.014339677,1.325210026,-0.226023478,-0.054097699,0.042610835,-0.369857493,0.008366637,-0.072621519
1.079546967,-0.04405706,-0.014023871,1.324209805,-0.224380239,-0.052906294,0.039273987,-0.364877406,0.007711447,-0.071643679
1.078542233,-0.043777043,-0.014103104,1.323200859,-0.22295413,-0.053205207,0.040111174,-0.364288483,0.007875829,-0.071528044
1.077557,-0.043534237,-0.014003546,1.322211973,-0.221717528,-0.052829616,0.03905923,-0.361999938,0.00766928,-0.071078688
1.076598367,-0.043196506,-0.01407543,1.321248258,-0.219997482,-0.053100802,0.039818759,-0.361039421,0.007818413,-0.07089009
1.075554367,-0.042960149,-0.014204818,1.320200702,-0.218793729,-0.053588932,0.041185899,-0.361202807,0.008086851,-0.070922171
1.074548167,-0.042696539,-0.014023147,1.319190536,-0.217451179,-0.052903563,0.039266337,-0.357940695,0.007709945,-0.070281656
1.073523333,-0.042424217,-0.014026527,1.318161606,-0.216064256,-0.052916314,0.03930205,-0.356589486,0.007716958,-0.070016346
1.072549667,-0.042144707,-0.013890651,1.317183734,-0.214640728,-0.05240371,0.037866365,-0.353730273,0.007435061,-0.069454939
1.071518067,-0.041860063,-0.013931242,1.316147851,-0.21319105,-0.05255684,0.038295248,-0.352709478,0.007519272,-0.069254506
1.070572367,-0.04159696,-0.013971083,1.315198193,-0.211851084,-0.052707144,0.038716214,-0.351790478,0.007601929,-0.06907406
1.069535233,-0.041361611,-0.014027571,1.314157519,-0.210652464,-0.05292025,0.039313074,-0.351188718,0.007719122,-0.068955905
1.0685379,-0.041058475,-0.013968065,1.313155625,-0.209108605,-0.052695761,0.038684332,-0.349016118,0.007595669,-0.068529315
1.067556267,-0.040752268,-0.013720071,1.312169385,-0.207549111,-0.051760182,0.036063992,-0.344836283,0.007081165,-0.067708604
1.066524733,-0.04051872,-0.013621799,1.311134337,-0.206359662,-0.051389439,0.035025629,-0.342608471,0.006877282,-0.067271173
1.065538933,-0.040254071,-0.013657889,1.310144556,-0.205011822,-0.051525594,0.035406968,-0.341641971,0.006952158,-0.067081401
1.0645962,-0.039985924,-0.013581,1.309197788,-0.203646161,-0.051235523,0.034594545,-0.339463885,0.006792639,-0.066653734
1.063572033,-0.039762408,-0.013705911,1.308170259,-0.202507806,-0.051706759,0.035914369,-0.339645354,0.007051786,-0.066689365
1.062537633,-0.039591757,-0.013440538,1.307133291,-0.201638689,-0.050705617,0.033110403,-0.335972272,0.006501228,-0.065968156
1.061519067,-0.039319067,-0.013550956,1.306110622,-0.200249896,-0.051122179,0.034277096,-0.335750171,0.006730308,-0.065924546
1.060555467,-0.039106661,-0.013626757,1.305143826,-0.199168122,-0.051408146,0.035078023,-0.335469325,0.00688757,-0.065869402
1.059520733,-0.038915161,-0.013516989,1.304106212,-0.198192824,-0.050994034,0.033918192,-0.333334196,0.006659837,-0.065450169
1.0585736,-0.03865788,-0.013540284,1.303155208,-0.196882506,-0.051081918,0.034164334,-0.332270019,0.006708167,-0.065241218
1.0575498,-0.038414057,-0.013434831,1.302127739,-0.19564073,-0.050684088,0.033050106,-0.329914015,0.006489388,-0.064778617
1.0565454,-0.038226134,-0.013620186,1.301120512,-0.194683647,-0.051383355,0.03500859,-0.330915416,0.006873937,-0.064975242
1.055554833,-0.03794033,-0.01347976,1.300125646,-0.19322806,-0.050853586,0.033524828,-0.327976069,0.0065826,-0.064398101
1.054522133,-0.037716611,-0.01317683,1.29908958,-0.192088673,-0.049710757,3.03E-02,-0.323635883,0.005954123,-0.063545906
1.0535702,-0.037491168,-0.013398292,1.298134255,-0.190940503,-0.050546241,0.032664026,-0.324827708,0.006413581,-0.06377992
1.0525821,-0.037347832,-0.013286826,1.297143998,-0.190210502,-0.050125725,3.15E-02,-0.322919942,0.006182327,-0.063405331
1.0515073,-0.037158526,-0.01345441,1.29606635,-0.189246375,-0.050757951,0.033256977,-0.323726531,0.006530007,-0.063563704
1.0505334,-0.03698386,-0.013072091,1.295089822,-0.188356812,-0.04931562,0.029217343,-0.318797335,0.005736825,-0.062595857
1.049534333,-0.036757085,-0.013364055,1.294087344,-0.187201861,-0.050417079,0.032302273,-0.320727313,0.006342551,-0.062974808
1.048565067,-0.036603256,-0.013286905,1.293115763,-0.186418414,-0.050126025,0.031487098,-0.319128693,0.006182492,-0.062660919
1.0475755,-0.03642752,-0.013041577,1.292123552,-0.185523402,-0.049200502,0.028894924,-0.315641506,0.005673518,-0.06197621
1.0465369,-0.036209136,-0.012950082,1.291081666,-0.184411186,-0.048855328,0.027928171,-0.313562537,0.005483696,-0.061568004
1.045562967,-0.035990173,-0.012791019,1.290104439,-0.183296019,-0.04825525,0.026247493,-0.310766691,0.005153695,-0.06101904
1.044516833,-0.035797171,-0.012838707,1.289055402,-0.182313069,-0.048435155,0.026751367,-0.310287615,0.005252631,-0.060924973
1.043540733,-0.035630204,-0.012947436,1.28807679,-0.181462715,-0.048845347,0.027900217,-0.310586111,0.005478208,-0.060983583
1.042481267,-0.035383294,-0.013003744,1.287013608,-0.180205215,-0.049057772,0.028495172,-0.309923567,0.005595027,-0.060853492
1.0415715,-0.035215031,-0.012779536,1.28610131,-0.179348262,-0.048211928,0.026126158,-0.3066976,0.005129871,-0.060220074
1.040582933,-0.035055261,-0.012794784,1.28511034,-0.178534561,-0.048269452,0.026287271,-0.306045011,0.005161506,-0.060091938
1.039587033,-0.034950503,-0.012837941,1.284112864,-0.178001036,-0.048432268,0.026743281,-0.305967496,0.005251043,-0.060076718
1.0385752,-0.034752881,-0.012743367,1.283098057,-0.176994554,-0.048075477,0.025743991,-0.303961725,0.005054833,-0.059682885
1.037571933,-0.034578823,-0.012834777,1.282092172,-0.176108086,-0.048420329,0.026709842,-0.304041108,0.005244478,-0.059698472
1.036530467,-0.034479129,-0.01289944,1.281049205,-0.17560035,-0.048664277,0.027393084,-0.304216614,0.005378632,-0.059732932
1.035550833,-0.034372692,-0.012877037,1.28006797,-0.175058272,-0.048579761,0.027156375,-0.303437826,0.005332154,-0.059580017
1.034576467,-0.034225008,-0.012936357,1.279091382,-0.174306127,-0.04880355,0.027783155,-0.303312461,0.005455222,-0.059555402
1.033555233,-0.03408489,-0.012700137,1.278068041,-0.173592513,-0.04791239,0.025287224,-0.300102917,0.004965146,-0.058925208
1.0325246,-0.0338767,-0.012662037,1.277034275,-0.172532211,-0.047768652,0.024884647,-0.298640038,0.0048861,-0.058637971
1.031506533,-0.033740426,-0.012749684,1.276014158,-0.171838178,-0.048099311,0.025810745,-0.298872103,0.00506794,-0.058683537
1.030557367,-0.03361587,-0.012749787,1.275063117,-0.171203821,-0.048099697,0.025811826,-0.298238827,0.005068152,-0.058559194
1.029554467,-0.033432863,-0.012661417,1.274057464,-0.170271777,-0.047766313,0.024878096,-0.296373052,0.004884814,-0.058192849
1.028590333,-0.033281573,-0.012755789,1.273091055,-0.169501263,-0.048122341,0.025875247,-0.29659969,0.005080605,-0.058237349
1.0275252,-0.033146274,-0.012738674,1.272023886,-0.168812191,-0.048057773,0.025694408,-0.295729778,0.005045097,-0.058066542
1.026542467,-0.033089689,-0.01252962,1.271040301,-0.16852401,-0.0472691,0.023485517,-0.293232706,0.004611381,-0.057576242
1.025570567,-0.032956693,-0.012455446,1.2700664,-0.167846667,-0.04698927,0.022701777,-0.291771623,0.004457494,-0.057289358
1.024573333,-0.032789002,-0.012306173,1.269066644,-0.166992627,-0.046426125,0.02112454,-0.289340347,0.004147804,-0.056811977
1.0235208,-0.032681661,-0.012317805,1.268012496,-0.166445942,-0.046470007,0.021247442,-0.288916563,0.004171935,-0.056728767
1.022528467,-0.032566665,-0.012519167,1.267018432,-0.165860275,-0.047229663,0.023375062,-0.290458517,0.004589693,-0.05703153
1.021531567,-0.032482363,-0.012442933,1.266020264,-0.165430931,-0.046942066,0.022569571,-0.289223682,0.004431535,-0.05678907
1.020551967,-0.032324533,-0.012295936,1.265038289,-0.164627108,-0.046387504,0.021016373,-0.28686666,0.004126565,-0.056326269
1.019501933,-0.032242853,-0.012400485,1.263987027,-0.164211116,-0.046781927,0.022121058,-0.287555354,0.00434347,-0.056461494
1.018551033,-0.032116302,-0.012239234,1.263034223,-0.1635666,-0.04617359,0.020417249,-0.285207029,0.004008927,-0.0560004
1.017581033,-0.031942944,-0.012358372,1.262061615,-0.162683697,-0.046623049,0.021676079,-0.285582956,0.004256098,-0.056074213
1.016561433,-0.031828896,-0.012539354,1.261040299,-0.162102857,-0.04730582,0.023588361,-0.286914397,0.004631575,-0.056335642
1.015566967,-0.03169721,-0.0123054,1.260043851,-0.161432186,-0.046423208,0.021116369,-0.283771734,0.004146199,-0.05571858
1.014510667,-0.03167367,-0.012174941,1.258987197,-0.161312298,-0.045931041,0.019737924,-0.282273401,0.003875541,-0.055424382
1.013543567,-0.031574136,-0.012303609,1.2580186,-0.160805376,-0.046416452,0.021097449,-0.283126005,0.004142484,-0.055591791
1.012518567,-0.031507605,-0.012239257,1.256992599,-0.160466538,-0.046173677,0.020417493,-0.28210721,0.004008975,-0.055391751
1.0115307,-0.031354963,-0.012237282,1.256002435,-0.159689144,-0.046166229,0.020396632,-0.281308955,0.004004879,-0.055235013
1.010587933,-0.031315654,-0.012021693,1.255059077,-0.159488942,-0.045352898,0.01811868,-0.278830802,0.003557603,-0.054748428
1.009579033,-0.031215607,-0.012137445,1.254048672,-0.158979411,-0.045789584,0.019341736,-0.279544327,0.00379775,-0.054888529
1.008590233,-0.031180976,-0.012138967,1.253059351,-0.158803034,-0.045795325,0.019357814,-0.279384028,0.003800907,-0.054857054
1.007538467,-0.031031447,-0.012235396,1.252005335,-0.158041491,-0.046159113,0.020376701,-0.279641371,0.004000965,-0.054907583
1.006564467,-0.030934705,-0.012128119,1.251029879,-0.15754879,-0.045754401,0.019243196,-0.278015166,0.003778402,-0.054588278
1.005548067,-0.030858435,-0.012399204,1.250012332,-0.15716035,-0.046777092,0.022107516,-0.280491045,0.004340811,-0.055074417
1.004529333,-0.030744932,-0.012122813,1.248991891,-0.156582288,-0.045734382,0.019187129,-0.276992597,0.003767393,-0.054387496
1.003571233,-0.030606905,-0.012104374,1.248031714,-0.155879323,-0.045664822,0.018992308,-0.276094811,0.00372914,-0.054211216
1.002552033,-0.030517752,-0.012206867,1.247011173,-0.155425271,-0.046051486,0.020075263,-0.276723713,0.003941778,-0.054334701
1.001554767,-0.03048038,-0.012154195,1.246013344,-0.155234936,-0.045852776,0.019518723,-0.275976838,0.003832501,-0.054188052
1.000570953,-0.03046816,-0.012001458,1.245029347,-0.155172702,-0.045276559,0.017904873,-0.274300755,0.003515622,-0.053858953
0.99958853,-0.030360946,-0.012038077,1.24404531,-0.154626667,-0.04541471,0.018291801,-0.274141647,0.003591595,-0.053827712
0.99859333,-0.030227855,-0.012065442,1.243048108,-0.153948841,-0.045517947,0.018580945,-0.273752966,0.003648369,-0.053751395
0.99751546,-0.030276123,-0.012079933,1.241970964,-0.154194669,-0.045572614,0.018734053,-0.274151902,0.003678431,-0.053829726
0.99656274,-0.030165487,-0.011966987,1.24101658,-0.153631204,-0.045146515,0.017540649,-0.272395033,0.003444106,-0.053484765
0.995532213,-0.030113482,-0.01196541,1.239985271,-0.153366348,-0.045140567,0.017523992,-0.272113519,0.003440836,-0.053429489
0.99457419,-0.029983465,-0.011862805,1.239025291,-0.152704178,-0.044753479,0.016439848,-0.270367206,0.003227964,-0.053086601
0.99357126,-0.029888398,-0.011885005,1.238020931,-0.152220005,-0.04483723,0.016674414,-0.270117599,0.003274021,-0.053037591
0.99251596,-0.029834832,-0.01197655,1.236964825,-0.151947196,-0.045182593,0.017641697,-0.270812073,0.003463947,-0.05317395
0.991582313,-0.029715174,-0.011768765,1.236029378,-0.151337785,-0.044398707,0.015446213,-0.268007177,0.003032864,-0.052623209
0.99055004,-0.029585931,-0.011840388,1.23499516,-0.150679555,-0.04466891,0.016202988,-0.268105723,0.003181457,-0.052642559
0.989551367,-0.029559229,-0.012006549,1.233996085,-0.150543565,-0.045295766,0.017958667,-0.269725412,0.003526184,-0.052960585
0.98856288,-0.029552533,-0.012020637,1.233007498,-0.150509463,-0.045348914,0.018107522,-0.269840164,0.003555412,-0.052983116
0.98757265,-0.02952728,-0.011686045,1.232016888,-0.150380849,-0.044086636,0.014572176,-0.266176205,0.002861247,-0.052263698
0.986600857,-0.029417754,-0.01186545,1.231043447,-0.149823042,-0.044763458,0.016467796,-0.267514018,0.003233452,-0.052526377
0.985540567,-0.02936739,-0.011700926,1.229982399,-0.149566538,-0.044142778,0.014729415,-0.265519132,0.002892121,-0.052134682
0.984518943,-0.029377753,-0.011756897,1.228960932,-0.149619318,-0.044353931,0.015320807,-0.266163304,0.00300824,-0.052261165
0.983534713,-0.029288134,-0.011804775,1.227975353,-0.149162894,-0.044534556,0.015826696,-0.26621277,0.003107572,-0.052270877
0.982482273,-0.029214379,-0.011513691,1.226921804,-0.148787264,-0.043436416,0.012751059,-0.262761503,0.00250367,-0.051593221
0.981572013,-0.029118937,-0.011678967,1.226010108,-0.14830118,-0.044059936,0.014497393,-0.264021753,0.002846563,-0.051840671
0.980544307,-0.029059324,-0.011517079,1.224981504,-0.147997577,-0.043449198,0.012786861,-0.262007618,0.0025107,-0.051445196
0.979588487,-0.029006024,-0.01146409,1.224024882,-0.147726123,-0.043249294,0.012226974,-0.261176277,0.002400766,-0.051281962
0.978552403,-0.028904618,-0.011362433,1.222987273,-0.147209666,-0.042865781,0.011152845,-0.259585691,0.002189861,-0.050969651
0.97757556,-0.028778901,-0.011392047,1.222008539,-0.146569398,-0.042977505,0.011465758,-0.259258336,0.002251302,-0.050905374
0.976571737,-0.028703393,-0.011314443,1.221003579,-0.14618484,-0.042684737,0.010645781,-0.258053801,0.002090299,-0.050668864
0.975536323,-0.028670337,-0.01146373,1.219967669,-0.146016486,-0.043247935,0.012223169,-0.259462834,0.002400019,-0.050945527
0.974550307,-0.028663463,-0.011401992,1.218981548,-0.145981477,-0.043015021,0.011570831,-0.258775487,0.002271933,-0.050810567
0.97352161,-0.028641084,-0.011479173,1.217952515,-0.145867502,-0.043306195,0.012386342,-0.259477023,0.002432058,-0.050948314
0.972548703,-0.02857966,-0.011395651,1.216978684,-0.145554673,-0.0429911,0.011503834,-0.258281686,0.002258778,-0.050713609
0.971564133,-0.028548386,-0.01147915,1.215993644,-0.145395398,-0.043306108,0.012386097,-0.259004675,0.00243201,-0.050855568
0.97058918,-0.028504018,-0.011374303,1.215018023,-0.145169434,-0.042910564,0.01127827,-0.257670883,0.002214488,-0.050593678
0.969612757,-0.028407239,-0.011311708,1.214040144,-0.144676542,-0.042674419,0.010616883,-0.256516605,0.002084625,-0.050367035
0.96854611,-0.028382038,-0.0114918,1.212973118,-0.144548195,-0.04335383,0.012519757,-0.258291131,0.002458254,-0.050715464
0.96756049,-0.028367752,-0.011493409,1.211987283,-0.144475435,-0.0433599,0.012536757,-0.258235372,0.002461592,-0.050704515
0.966537017,-0.028297314,-0.011414999,1.21096275,-0.144116698,-0.043064093,0.01170827,-0.257048148,0.002298919,-0.050471404
0.965546507,-0.02819942,-0.011347804,1.209970767,-0.143618131,-0.042810594,0.010998279,-0.255839589,0.002159512,-0.050234103
0.964570723,-0.028187205,-0.011313114,1.2089948,-0.143555921,-0.042679722,0.010631737,-0.255410838,0.002087542,-0.050149918
0.963614823,-0.028102921,-0.011376846,1.208037632,-0.143126668,-0.042920157,0.011305139,-0.255654987,0.002219764,-0.050197857
0.962581493,-0.028086291,-0.011211762,1.207004052,-0.143041971,-0.042297363,0.009560837,-0.253825987,0.00187727,-0.049838733
0.96154855,-0.027999001,-0.011113789,1.205969795,-0.142597406,-0.041927752,0.008525643,-0.252346229,0.00167401,-0.049548182
0.960570713,-0.027987455,-0.011129943,1.204991785,-0.142538605,-0.041988692,0.008696321,-0.252458106,0.001707523,-0.049570149
0.959579447,-0.027994263,-0.011138556,1.20400062,-0.142573276,-0.042021185,0.008787328,-0.252583783,0.001725392,-0.049594826
0.9585372,-0.027896456,-0.011149635,1.202956902,-0.142075152,-0.042062983,0.008904394,-0.252202725,0.001748378,-0.049520005
0.95756213,-0.027891469,-0.010949242,1.201981757,-0.142049753,-0.041306982,6.79E-03,-0.250059943,0.00133263,-0.04909927
0.956757367,-0.027850858,-0.011168074,1.201176383,-0.141842923,-4.21E-02,9.10E-03,-0.252165326,0.001786632,-0.049512662
0.956097203,-0.027817499,-0.01261691,1.200515718,-0.141673026,-0.047598409,0.024407835,-0.267304041,0.004792478,-0.052485148
0.95586428,-0.028813876,-0.014516798,1.200297785,-0.14674752,-0.054765903,0.04448232,-0.29245302,0.008734104,-0.05742315
0.95560902,-0.028951403,-0.015132576,1.200044594,-0.14744794,-0.05708898,0.050988719,-0.299659838,0.010011635,-0.058838209
