Edisk/V,Idisk/mA,Iring/mA,E-iR vs RHE,jdisk mAcm-2,jring mAcm-2,jCER,jOER,I cer,I OER
0.960547113,-0.003632211,-0.03917811,1.204600937,-0.018498655,-0.147802882,0.105123387,-0.172403915,0.020640977,-0.033851509
0.961656513,0.002065644,-0.034958687,1.205625904,0.010520213,-0.131884736,0.060507107,-0.098768767,0.01188057,-0.019393247
0.962629537,0.00515354,-0.032543541,1.20655317,0.026246701,-0.122773383,0.034969291,-0.057504463,0.00686622,-0.011291001
0.96370055,0.007157832,-0.030619493,1.207594483,0.036454455,-0.115514745,0.014624369,-0.026951787,0.002871495,-0.005291983
0.964686053,0.008435054,-0.030327942,1.20856106,0.042959275,-0.114414843,0.011541501,-0.017364099,0.002266174,-0.003409441
0.96565507,0.009578321,-0.029236447,1.209513135,0.048781873,-0.110297079,0,0,0,0
0.966650883,0.010608629,-0.028268416,1.210493681,0.054029179,-0.106645099,0.010235976,-0.00498867,0.002009834,-0.000979525
0.967691243,0.01130059,-0.02760777,1.211523787,0.057553297,-0.104152752,0.017221666,-0.008450242,0.003381474,-0.001659205
0.968645273,0.01198283,-0.027071131,1.212467708,0.061027911,-0.102128235,0.022896096,-0.010650058,0.004495649,-0.002091139
0.969722333,0.012509582,-0.0264281,1.213536962,0.063710629,-0.099702344,0.029695522,-0.014766766,0.005830716,-0.002899454
0.970682007,0.012898217,-0.025964582,1.214490877,0.065689926,-0.097953679,0.034596779,-0.017688727,0.006793078,-0.003473181
0.971682447,0.013245815,-0.025595851,1.215486166,0.067460224,-0.09656261,0.038495746,-0.019817395,0.00755864,-0.003891145
0.972653867,0.013736436,-0.0252958,1.216450316,0.069958931,-0.09543064,0.041668496,-0.020491438,0.008181609,-0.004023494
0.973676503,0.014127799,-0.025156442,1.217467153,0.07195212,-0.094904902,0.043142064,-0.019971817,0.008470944,-0.003921466
0.97460729,0.014441017,-0.024710246,1.218393298,0.073547323,-0.093221586,0.047860156,-0.023094706,0.009397342,-0.004534645
0.975702703,0.014696402,-0.024359083,1.219484927,0.074847986,-0.091896792,0.051573365,-0.025507252,0.01012643,-0.005008349
0.97665155,0.014978848,-0.024084632,1.220429588,0.076286469,-0.090861403,0.054475411,-0.026970816,0.010696247,-0.00529572
0.977688907,0.015171637,-0.02392451,1.221464088,0.077268332,-0.090257327,0.056168549,-0.02768209,0.011028695,-0.005435378
0.978662133,0.015441272,-0.023972398,1.222433319,0.078641567,-0.090437991,0.055662175,-0.025802481,0.010929268,-0.005066317
0.97967424,0.015743839,-0.023754311,1.223440943,0.080182528,-0.089615239,0.05796823,-0.026567575,0.011382062,-0.005216543
0.98062583,0.015954538,-0.023461928,1.22438941,0.081255604,-0.088512199,0.061059894,-0.028586163,0.01198911,-0.005612893
0.98168975,0.016162561,-0.023334834,1.225450248,0.082315055,-0.088032723,0.062403795,-0.028870613,0.012252985,-0.005668745
0.982670047,0.016330997,-0.023242392,1.226428049,0.083172889,-0.087683978,0.063381278,-0.028990263,0.012444914,-0.005692238
0.983657697,0.016452568,-0.02301463,1.227413897,0.083792045,-0.086824727,0.065789636,-0.030779464,0.012917795,-0.006043548
0.984672983,0.016567241,-0.022890354,1.228427484,0.08437607,-0.086355885,0.067103732,-0.031509535,0.013175818,-0.006186897
0.98563371,0.016853706,-0.022789974,1.229383966,0.085835021,-0.085977191,0.068165158,-0.03111201,0.013384229,-0.006108843
0.986643473,0.017070942,-0.022725551,1.23039051,0.086941392,-0.085734151,0.068846364,-0.030686845,0.013517983,-0.006025362
0.987670263,0.017284427,-0.022496072,1.231414137,0.088028658,-0.084868419,0.071272886,-0.032026102,0.013994431,-0.006288325
0.988648397,0.017398033,-0.022435671,1.232390587,0.088607246,-0.084640553,0.071911561,-0.032086189,0.014119835,-0.006300123
0.98968019,0.017486335,-0.022385931,1.233421072,0.089056965,-0.084452903,0.072437518,-0.032162426,0.014223107,-0.006315092
0.990674913,0.017516831,-0.022282965,1.234415343,0.089212277,-0.084064456,0.073526278,-0.033095874,0.014436885,-0.006498375
0.991614617,0.017739657,-0.022303173,1.235351745,0.09034712,-0.084140689,0.073312608,-0.031747361,0.01439493,-0.006233594
0.992653053,0.017979508,-0.0221123,1.236386627,0.091568668,-0.083420606,0.075330899,-0.032544104,0.014791222,-0.006390035
0.99364889,0.018067042,-0.022083711,1.237381167,0.092014472,-0.083312753,0.075633194,-0.032400594,0.014850578,-0.006361857
0.994615493,0.018189729,-0.022006572,1.238345952,0.092639314,-0.083021738,0.076448869,-0.032591428,0.015010735,-0.006399327
0.99564469,0.018315554,-0.021933232,1.239373284,0.093280134,-0.082745054,0.077224373,-0.032726112,0.015163006,-0.006425772
0.996705153,0.018366922,-0.02186695,1.240432986,0.093541749,-0.082495002,0.077925232,-0.033165356,0.015300619,-0.006512018
0.997632007,0.018510476,-0.021826292,1.241357712,0.094272858,-0.082341616,0.078355152,-0.032864167,0.015385034,-0.006452879
0.998618663,0.018794048,-0.021735344,1.242340167,0.095717078,-0.081998504,0.079316844,-0.032381639,0.015573862,-0.006358135
0.999651327,0.018928365,-0.021673012,1.24337084,0.096401148,-0.081763353,0.079975941,-0.032356667,0.015703276,-0.006353232
1.000641957,0.019081058,-0.021508236,1.244359207,0.097178805,-0.081141722,0.081718283,-0.033321351,0.016045385,-0.006542647
1.001674433,0.019155948,-0.021468815,1.245390574,0.097560214,-0.080993002,0.082135123,-0.033356782,0.016127231,-0.006549604
1.002619833,0.019125672,-0.021390974,1.246336423,0.097406022,-0.080699338,0.082958221,-0.034334072,0.016288847,-0.006741495
1.003670267,0.019282817,-0.021522487,1.247384527,0.098206349,-0.081195484,0.081567597,-0.03214312,0.016015798,-0.006311302
1.004668933,0.019418724,-0.021460056,1.24838118,0.098898518,-0.080959959,0.082227738,-0.032111094,0.016145416,-0.006305013
1.005646667,0.0196385,-0.021377754,1.249355657,0.100017824,-0.080649465,0.083098009,-0.031862058,0.016316294,-0.006256115
1.006625533,0.019756994,-0.021144047,1.250332768,0.100621309,-0.079767785,0.08556923,-0.033729794,0.016801518,-0.006622845
1.007649833,0.019869264,-0.021181305,1.251355404,0.101193096,-0.079908345,0.085175262,-0.03276404,0.016724163,-0.006433219
1.008684267,0.019943365,-0.021176901,1.252388739,0.101570485,-0.079891732,0.085221826,-0.032433214,0.016733306,-0.006368262
1.009662767,0.019964441,-0.020993098,1.253366927,0.101677825,-0.079198318,0.087165365,-0.034269412,0.017114919,-0.006728799
1.0107015,0.020118414,-0.020915229,1.254403379,0.102462,-0.078904551,0.087988751,-0.034308624,0.017276591,-0.006736498
1.011665233,0.020380668,-0.021152237,1.255363226,0.103797645,-0.079798684,0.085482624,-0.030466852,0.016784513,-0.005982166
1.0126678,0.020516078,-0.021028396,1.256363786,0.104487283,-0.079331483,0.086792124,-0.031086714,0.017041634,-0.006103876
1.013676633,0.020635999,-0.02080607,1.257370842,0.105098032,-0.078492737,0.089143007,-0.032826848,0.017503229,-0.006445552
1.014693633,0.02071797,-0.020848731,1.258386628,0.105515508,-0.078653678,0.088691912,-0.031958277,0.017414657,-0.006275008
1.015618167,0.020757659,-0.02082776,1.259310573,0.105717642,-0.078574565,0.088913654,-0.031977886,0.017458196,-0.006278858
1.016699333,0.020813803,-0.020854506,1.260390907,0.10600358,-0.078675465,0.088630846,-0.031409139,0.017402667,-0.006167184
1.0176245,0.021083607,-0.020749705,1.261312076,0.107377679,-0.078280096,0.089739009,-0.031143203,0.017620255,-0.006114968
1.018675767,0.021218886,-0.020833332,1.262361338,0.108066646,-0.078595587,0.088854733,-0.02956996,0.017446627,-0.005806062
1.019631967,0.021350321,-0.020624869,1.26331559,0.108736038,-0.077809142,0.091059026,-0.031104861,0.01787944,-0.00610744
1.0206585,0.021392853,-0.020816588,1.264341494,0.108952653,-0.078532418,0.089031788,-0.028861009,0.017481392,-0.005666859
1.021650367,0.021518503,-0.020701446,1.265331498,0.109592578,-0.078098036,0.090249298,-0.029438594,0.01772045,-0.005780268
1.022707667,0.021531004,-0.02068139,1.266388613,0.109656246,-0.078022372,0.090461373,-0.029586999,0.01776209,-0.005809407
1.0236415,0.021726171,-0.020558686,1.267319554,0.11065022,-0.077559461,0.091758845,-0.029890499,0.018016849,-0.005868999
1.024699533,0.02225057,-0.020772544,1.268369817,0.113320959,-0.078366256,0.089497515,-0.024958429,0.017572837,-0.004900587
1.025692167,0.022577447,-0.020545668,1.269357607,0.114985726,-0.077510349,0.0918965,-0.025692647,0.018043878,-0.005044751
1.0267242,0.022577256,-0.02053469,1.270389643,0.114984752,-0.077468931,0.092012588,-0.02580971,0.018066672,-0.005067736
1.0277123,0.022404402,-0.020593716,1.271380304,0.114104414,-0.077691615,0.091388439,-0.026065898,0.01794412,-0.005118039
1.028743167,0.022344189,-0.020687903,1.272412063,0.113797754,-0.078046944,0.090392501,-0.02537662,0.017748568,-0.004982699
1.029679933,0.022459229,-0.020547765,1.273347125,0.114383647,-0.077518261,0.091874325,-0.026272551,0.018039524,-0.005158615
1.030710667,0.022716536,-0.020489713,1.274374045,0.115694096,-0.077299252,0.092488174,-0.025575952,0.018160053,-0.005021838
1.031718333,0.02281402,-0.020286348,1.275380268,0.11619058,-0.07653204,0.094638559,-0.027229853,0.018582281,-0.005346582
1.032660233,0.022980592,-0.020403195,1.276319699,0.117038919,-0.076972857,0.093403012,-0.025145967,0.018339681,-0.004937411
1.033757133,0.023065682,-0.020336054,1.277415338,0.117472277,-0.076719562,0.094112964,-0.025422559,0.01847908,-0.00499172
1.0347268,0.023146434,-0.020364112,1.278383808,0.117883545,-0.076825413,0.093816278,-0.024714606,0.018420826,-0.004852713
1.035730833,0.023209446,-0.020407983,1.279386908,0.11820446,-0.076990919,0.093352389,-0.023929802,0.018329742,-0.004698617
1.036716867,0.023399413,-0.020182283,1.280370126,0.119171955,-0.076139444,0.095738949,-0.025348868,0.018798343,-0.00497725
1.037719433,0.023702107,-0.020213476,1.281368208,0.120713556,-0.076257123,0.095409112,-0.023477429,0.018733579,-0.004609793
1.038698933,0.023842494,-0.020325232,1.282345627,0.121428543,-0.076678733,0.094227401,-0.021580732,0.01850155,-0.004237377
1.0397346,0.023932468,-0.020066712,1.283379961,0.121886774,-0.075703445,0.096960992,-0.023856092,0.019038291,-0.004684144
1.040676067,0.023994834,-0.020206196,1.284320503,0.122204402,-0.076229659,0.095486091,-0.022063562,0.018748694,-0.00433218
1.0417146,0.024032878,-0.020237606,1.285358473,0.122398155,-0.076348158,0.095153954,-0.021537672,0.018683479,-0.004228922
1.0426884,0.024173425,-0.02022877,1.28633019,0.123113955,-0.076314821,0.095247395,-0.020915313,0.018701826,-0.004106722
1.0437259,0.024419916,-0.020071959,1.287364038,0.124369318,-0.075723239,0.096905513,-0.021318068,0.019027398,-0.004185803
1.0447069,0.024506285,-0.020097876,1.288343758,0.124809194,-0.075821014,0.096631465,-0.020604144,0.018973588,-0.004045624
1.045775833,0.024736184,-0.020133637,1.289409284,0.125980058,-0.075955924,0.096253331,-0.019055146,0.018899342,-0.003741478
1.046704067,0.024849486,-0.020008699,1.290335839,0.126557097,-0.075484587,0.097574422,-0.019799198,0.019158738,-0.003887572
1.047750967,0.024853303,-0.019905296,1.291382682,0.126576535,-0.075094487,0.098667815,-0.020873153,0.019373425,-0.004098444
1.048743667,0.024997272,-0.019961446,1.292373249,0.127309761,-0.075306317,0.098074085,-0.019546197,0.019256847,-0.003837896
1.049672033,0.025235094,-0.020157752,1.293298091,0.128520978,-0.076046901,0.095998335,-0.016259231,0.018849273,-0.0031925
1.0507314,0.025480835,-0.019975394,1.294353816,0.129772525,-0.075358938,0.097926597,-0.016935945,0.019227887,-0.003325373
1.051728667,0.025649866,-0.019963686,1.295348578,0.130633389,-0.075314771,0.098050389,-0.016198873,0.019252194,-0.003180649
1.052690033,0.02570261,-0.019816575,1.296309163,0.130902012,-0.074759782,0.099605945,-0.017485807,0.019557627,-0.003433338
1.053737833,0.025803005,-0.019876592,1.297355476,0.13141332,-0.074986201,0.098971325,-0.016339879,0.01943302,-0.003208335
1.0547693,0.025880459,-0.019841535,1.298385795,0.131807787,-0.074853943,0.099342026,-0.016316112,0.019505807,-0.003203669
1.055733033,0.026064756,-0.019887631,1.299346797,0.132746402,-0.075027845,0.098854603,-0.014890074,0.019410101,-0.002923666
1.056759833,0.026333471,-0.019889527,1.300369615,0.134114955,-0.075034998,0.098834554,-0.013501472,0.019406165,-0.002651014
1.057741133,0.026406242,-0.019802682,1.301349837,0.13448557,-0.074707366,0.099752859,-0.014049162,0.019586474,-0.002758553
1.058696033,0.026606922,-0.019894359,1.302301763,0.135507622,-0.075053226,0.098783464,-0.012057715,0.019396133,-0.002367532
1.059772,0.026708586,-0.019800328,1.303376223,0.136025393,-0.074698488,0.099777744,-0.012534223,0.01959136,-0.002461095
1.060780967,0.02681047,-0.019839686,1.30438368,0.136544285,-0.074846968,0.099361575,-0.011599163,0.019509645,-0.002277496
1.061711967,0.026927576,-0.019704836,1.305312945,0.137140699,-0.074338235,0.10078748,-0.012428654,0.019789622,-0.002440366
1.062717633,0.027292992,-0.019697537,1.306313197,0.13900174,-0.074310699,0.100864661,-0.010644794,0.019804776,-0.002090105
1.063756833,0.027419707,-0.019746973,1.307350519,0.139647094,-0.074497201,0.100341921,-0.009476699,0.019702136,-0.00186075
1.064683433,0.027666946,-0.019629506,1.308273455,0.140906271,-0.074054046,0.101584021,-0.009459623,0.019946023,-0.001857397
1.0657849,0.02775522,-0.019617196,1.309373614,0.141355844,-0.074007606,0.101714185,-0.009140214,0.01997158,-0.001794681
1.066723,0.027866278,-0.019733749,1.310310068,0.141921457,-0.074447314,0.100481748,-0.007342165,0.019729591,-0.001441634
1.0677645,0.027928155,-0.019839962,1.311350651,0.142236591,-0.074848009,0.099358657,-0.005903939,0.019509072,-0.001159238
1.0687072,0.028207152,-0.019768159,1.312289217,0.14365751,-0.074577128,0.100117898,-0.005242262,0.019658149,-0.001029318
1.0697214,0.028411038,-0.019594454,1.313300396,0.144695888,-0.073921807,0.101954667,-0.006040652,0.020018799,-0.001186082
1.070695667,0.028655276,-0.019683686,1.314271043,0.145939783,-0.074258444,0.101011125,-0.003853215,0.019833534,-0.000756579
1.071755767,0.028802765,-0.019654555,1.315328958,0.146690935,-0.074148546,0.10131915,-0.003410089,0.019894015,-0.000669571
1.072730333,0.028985198,-0.019594998,1.316300821,0.147620056,-0.07392386,0.101948913,-0.00311073,0.020017669,-0.000610792
1.073756567,0.029084577,-0.019602008,1.317325582,0.14812619,-0.073950309,0.101874783,-0.002530466,0.020003114,-0.000496857
1.074729667,0.029278008,-0.019625409,1.318295815,0.14911132,-0.07403859,0.101627342,-0.001297895,0.019954529,-0.000254842
1.0756874,0.029572509,-0.019654748,1.319249185,0.150611198,-0.074149274,0.101317111,0.000512213,0.019893615,0.000100573
1.0766974,0.029731086,-0.019716188,1.320256835,0.151418824,-0.074381063,0.100667441,0.00196951,0.019766052,0.000386713
1.077720633,0.02995145,-0.019724485,1.321276803,0.152541126,-0.074412364,0.100579709,0.003179543,0.019748826,0.000624303
1.078755267,0.030166638,-0.019542401,1.322308247,0.153637066,-0.073725434,0.102505073,0.002350121,0.020126871,0.000461446
1.079719967,0.030315277,-0.019518853,1.323270745,0.154394075,-0.073636599,0.102754065,0.002858137,0.020175761,0.000561195
1.0807924,0.030502752,-0.019528711,1.3243404,0.155348877,-0.073673787,0.102649832,0.003917172,0.020155294,0.000769137
1.081678,0.030818135,-0.019622264,1.325221327,0.156955104,-0.074026723,0.101660604,0.006512627,0.01996106,0.001278754
1.082754967,0.031043322,-0.019683046,1.326294956,0.158101969,-0.074256031,0.101017887,0.008302209,0.019834862,0.001630139
1.0836876,0.031315271,-0.019532471,1.32722356,0.159486994,-0.073687974,0.102610069,0.008095052,0.020147487,0.001589463
1.084731133,0.03151824,-0.019578224,1.328264086,0.160520705,-0.073860582,0.102126274,0.009612557,0.020052494,0.001887426
1.085702767,0.031711464,-0.019511594,1.329232856,0.161504782,-0.073609211,0.102830831,0.009892079,0.020190834,0.00194231
1.0867337,0.031886299,-0.019374634,1.330261198,0.162395208,-0.073092519,0.104279044,0.009334291,0.02047519,0.001832788
1.087692333,0.032198324,-0.019608277,1.331215208,0.163984334,-0.073973959,0.101808494,0.013393967,0.019990098,0.002629905
1.088772267,0.032569414,-0.019504837,1.332289642,0.165874276,-0.073583721,0.102902276,0.014190126,0.020204862,0.002786231
1.089725567,0.032863711,-0.019325595,1.333238581,0.167373114,-0.072907515,0.104797584,0.013793658,0.020577006,0.002708385
1.090752433,0.033104625,-0.019447056,1.334261878,0.168600076,-0.073365739,0.103513248,0.016304955,0.020324826,0.003201478
1.091746467,0.033319728,-0.019556793,1.335252724,0.169695586,-0.073779731,0.102352887,0.018560826,0.020096989,0.003644418
1.092739467,0.033502595,-0.019448237,1.336243014,0.170626916,-0.073370193,0.103500764,0.018344279,0.020322375,0.003601899
1.093701533,0.033779465,-0.019423368,1.337200978,0.172036999,-0.073276372,0.10376373,0.019491395,0.020374008,0.003827135
1.094781967,0.034166623,-0.019573306,1.338275674,0.174008777,-0.073842026,0.102178284,0.02304862,0.020062706,0.004525597
1.095731533,0.034420483,-0.019509837,1.339221479,0.175301669,-0.073602583,0.102849407,0.023670389,0.020194481,0.004647681
1.096683467,0.034774674,-0.019488876,1.340168164,0.177105545,-0.073523505,0.103071052,0.02525262,0.020238001,0.004958352
1.097751667,0.035034925,-0.019496624,1.341232507,0.178430992,-0.073552739,0.102989115,0.026660005,0.020221913,0.005234692
1.098751967,0.035266645,-0.019476084,1.342229374,0.17961113,-0.073475248,0.103206309,0.027622948,0.020264559,0.005423766
1.099749467,0.035483221,-0.019611427,1.343223664,0.180714136,-0.073985843,0.101775185,0.030157078,0.019983558,0.005921342
1.100793,0.035862596,-0.019536603,1.344261576,0.182646275,-0.07370356,0.102566384,0.031298018,0.020138909,0.006145366
1.101751933,0.036304708,-0.019577206,1.345213958,0.184897929,-0.073856739,0.102137045,0.033979011,0.020054609,0.006671779
1.102754967,0.036674852,-0.01967142,1.346211506,0.186783049,-0.074212171,0.10114082,0.036860356,0.019859,0.007237531
1.103740167,0.03691466,-0.019611226,1.347193153,0.188004382,-0.073985083,0.101777314,3.74E-02,0.019983976,0.007352364
1.104704167,0.037157566,-0.019408572,1.348153553,0.189241485,-0.073220551,0.103920188,0.036539424,0.020404729,0.007174516
1.105734933,0.037419036,-0.019611086,1.349180446,0.19057314,-0.073984557,0.10177879,0.040012476,0.019984265,0.00785645
1.1067388,0.037803638,-0.019519184,1.350178613,0.192531899,-0.073637847,0.102750567,0.040999458,0.020175074,0.008050244
1.1076892,0.038193412,-0.0194793,1.351123237,0.194516997,-0.073487381,0.103172301,0.042562822,0.020257881,0.00835721
1.1087241,0.038475106,-0.019585592,1.352153963,0.195951648,-0.073888378,0.102048365,0.04512141,0.020037196,0.008859589
1.10967,0.038867834,-0.019570565,1.353094043,0.197951788,-0.073831684,0.102207269,0.046962646,0.020068397,0.009221116
1.110718767,0.039145142,-0.019621859,1.354138701,0.199364103,-0.074025196,0.101664885,0.048917345,0.0199619,0.009604921
1.111739233,0.039409831,-0.019608863,1.355155245,0.200712152,-0.073976168,0.101802302,0.050127976,0.019988882,0.009842628
1.112777567,0.03969692,-0.019682567,1.356189324,0.202174279,-0.074254224,0.101022951,0.052369455,0.019835856,0.010282742
1.113682467,0.04014056,-0.019789618,1.35708765,0.204433717,-0.074658081,0.099890997,0.055760847,0.019613597,0.010948642
1.114789233,0.040522714,-0.019722158,1.358188754,0.206380007,-0.074403586,0.100604312,0.056993822,0.019753657,0.011190737
1.1157359,0.040923789,-0.019675179,1.359129478,0.20842266,-0.074226352,0.101101074,0.058539714,0.019851196,0.011494273
1.116691133,0.04117847,-0.019806649,1.360080937,0.209719735,-0.074722335,0.099710902,0.06122696,0.019578236,0.012021914
1.1177755,0.041449215,-0.019824328,1.361161292,0.211098627,-0.07478903,0.099523966,0.062792788,0.019541531,0.012329364
1.118752,0.04167732,-0.019887665,1.362134412,0.21226035,-0.075027972,0.098854246,0.064624231,0.019410031,0.012688968
1.119696967,0.042052132,-0.019766814,1.363073824,0.21416925,-0.074572051,0.100132127,0.06525525,0.019660943,0.012812868
1.120726933,0.042485508,-0.019632537,1.364097369,0.216376409,-0.074065483,0.101551966,0.06604257,0.019939729,0.012967459
1.121719867,0.042851497,-0.019879083,1.365084879,0.218240373,-0.074995596,0.098944991,0.070513509,0.019427849,0.013845328
1.122686033,0.043146095,-0.019752527,1.36604668,0.219740744,-0.074518153,0.100283195,0.070675675,0.019690605,0.013877169
1.123773067,0.043537496,-0.019810976,1.367127914,0.221734128,-0.074738658,0.099665152,0.073287103,0.019569253,0.014389923
1.1247231,0.043728485,-0.0200106,1.368075117,0.222706823,-0.075491758,0.097554322,0.076370627,0.019154791,0.014995373
1.1257292,0.04404808,-0.020050439,1.369076481,0.224334503,-0.075642052,0.097133068,0.078419562,0.019072078,0.015397681
1.1267245,0.044533625,-0.020131266,1.370064586,0.226807361,-0.075946981,0.096278395,0.081747092,0.018904263,0.016051042
1.127741967,0.044940668,-0.020117915,1.371076021,0.228880407,-0.075896611,0.096419577,0.083678957,0.018931984,0.016430363
1.1286834,0.045377057,-0.020032379,1.372010988,0.231102913,-0.075573919,0.097324036,0.084997004,0.019109574,0.016689162
1.1297996,0.045645752,-0.020264829,1.373123206,0.232471364,-0.076450858,0.094866103,0.088823388,0.018626959,0.017440472
1.130689833,0.045856372,-0.020345911,1.374010318,0.233544037,-0.076756747,0.094008738,0.090753426,0.018458616,0.017819435
1.1317667,0.046148398,-0.020198704,1.375082858,0.235031311,-0.076201396,0.095565307,0.090684131,0.018764248,0.017805829
1.132724967,0.046564932,-0.020428822,1.376034952,0.237152695,-0.077069536,0.093132035,0.095238786,0.018286475,0.018700136
1.133777467,0.047015601,-0.020473716,1.377080774,0.23944793,-0.077238904,0.092657322,0.098008734,0.018193265,0.019244015
1.134743967,0.047363234,-0.020575573,1.378042122,0.241218406,-0.077623167,0.091580288,0.100856245,0.01798179,0.019803124
1.135823067,0.04772973,-0.020634346,1.379115792,0.243084952,-0.077844895,0.090958815,0.103344264,0.017859763,0.020291646
1.136720367,0.048114128,-0.020726785,1.380007395,0.24504267,-0.078193626,0.089981371,0.106279426,0.017667842,0.020867965
1.1377737,0.048382945,-0.020799545,1.381056745,0.246411741,-0.078468122,0.089212,0.108417868,0.017516776,0.021287848
1.1387377,0.048791426,-0.020812603,1.382014692,0.248492109,-0.078517385,0.089073922,0.110636314,0.017489665,0.02172344
1.139737767,0.049345851,-0.020908691,1.383006543,0.251315768,-0.078879885,0.088057888,0.114476007,0.017290166,0.022477364
1.140771267,0.049767208,-0.021087796,1.3840338,0.253461718,-0.079555573,0.086164031,0.118515814,0.016918307,0.02327058
1.141748367,0.050305187,-0.021177625,1.385002928,0.256201613,-0.079894461,0.085214176,0.122205564,0.016731803,0.023995062
1.142714867,0.050641691,-0.021301479,1.385964441,0.25791541,-0.080361711,0.083904542,0.125228994,0.016474657,0.024588713
1.143742133,0.050984276,-0.021457883,1.386986631,0.259660177,-0.08095176,0.082250719,0.128627584,0.016149929,0.025256026
1.144730167,0.051359014,-0.021538091,1.387969112,0.261568697,-0.081254351,0.0814026,0.131384223,0.015983401,0.025797292
1.145730767,0.051975133,-0.021846403,1.388960582,0.264706558,-0.082417488,0.078142494,0.137782191,0.015343279,0.027053533
1.146763367,0.052471121,-0.021895768,1.389985832,0.267232602,-0.082603721,0.077620508,0.140830221,0.015240787,0.027652014
1.147722733,0.053033908,-0.022114732,1.390936859,0.270098844,-0.083429782,0.07530518,0.146011791,0.014786172,0.028669415
1.148703033,0.053529885,-0.022254828,1.39190981,0.272624826,-0.083958306,0.073823803,0.150019151,0.014495304,0.02945626
1.149727567,0.054014305,-0.022396869,1.392927165,0.275091953,-0.084494169,0.072321855,0.153988225,0.014200396,0.030235588
1.1507364,0.054432751,-0.022374018,1.393929797,0.277223078,-0.084407961,0.072563484,0.155877721,0.01424784,0.030606591
1.151727167,0.055051886,-0.022702613,1.394911389,0.280376296,-0.085647614,0.069088913,0.162505509,0.013565608,0.031907957
1.152765267,0.055804796,-0.022949927,1.395938333,0.284210826,-0.086580627,0.066473813,0.168955139,0.013052133,0.033174342
1.1536894,0.056451918,-0.023226875,1.396852877,0.287506583,-0.087625439,0.063545355,0.175179355,0.01247713,0.034396466
1.154720533,0.057148546,-0.023324132,1.397873687,0.291054472,-0.087992348,0.062516961,0.179755638,0.012275205,0.03529502
1.155753767,0.057773031,-0.023715988,1.398897667,0.294234944,-0.089470661,0.05837346,0.187079611,0.011461629,0.036733082
1.156737533,0.058304161,-0.023943189,1.399873563,0.296939959,-0.090327798,0.05597103,0.192187056,0.010989912,0.037735928
1.1577747,0.058978159,-0.024122909,1.400900742,0.300372595,-0.091005806,0.054070669,0.197520052,0.010616776,0.038783062
1.158735167,0.059888396,-0.024251339,1.40184772,0.305008385,-0.091490318,0.052712652,0.20351386,0.010350129,0.039959946
1.159732367,0.060611584,-0.024663059,1.402834204,0.308691539,-0.093043571,0.048359108,0.211550558,0.009495311,0.041537952
1.160695967,0.061518628,-0.024952597,1.403784363,0.313311067,-0.094135879,0.045297526,0.219231668,0.008894169,0.043046138
1.161751833,0.062361012,-0.025452523,1.404827747,0.317601283,-0.096021894,0.040011296,0.228808114,0.007856218,0.044926473
1.162760033,0.063145896,-0.025611897,1.405824316,0.321598655,-0.096623145,0.038326075,0.234490707,0.007525325,0.04604225
1.163719767,0.063977197,-0.026053112,1.406771731,0.325832427,-0.098287666,0.033660661,0.243389893,0.006609271,0.047789605
1.1647425,0.065049353,-0.026370203,1.407778577,0.331292858,-0.099483921,0.030307729,0.252203256,0.005950923,0.049520109
1.165694,0.066230267,-0.027004067,1.408712578,0.337307193,-0.10187523,0.023605233,0.264920087,0.004634887,0.052017059
1.166708967,0.067359023,-0.027247064,1.409710818,0.343055883,-0.102791956,0.021035784,0.273238226,0.004130376,0.053650326
1.167754333,0.068436444,-0.027753233,1.410740219,0.34854313,-0.104701524,0.015683537,0.28407772,0.003079462,0.05577866
1.168771967,0.069514381,-0.028161439,1.411741879,0.354033009,-0.106241519,0.011367153,0.293883983,0.002231941,0.05770412
1.169742167,0.070728272,-0.029004143,1.412694092,0.360215291,-0.109420693,0.002456385,0.308977033,0.000482311,0.06066764
1.1707761,0.072024618,-0.029523287,1.413708815,0.366817511,-0.111379211,0.00303306,0.315002578,0.000595541,0.061850756
1.171672067,0.073475003,-0.030128959,1.41458329,0.374204244,-0.113664162,0.00943745,0.315984921,0.001853043,0.062043639
1.172757667,0.074921325,-0.030823619,1.415647457,0.381570283,-0.116284825,0.016782795,0.316005615,0.003295302,0.062047702
1.1737155,0.076514282,-0.031422731,1.416581686,0.389683125,-0.118545028,0.02311782,0.317783433,0.004539184,0.062396777
1.1747378,0.078074356,-0.032122129,1.417580868,0.3976285,-0.12118357,0.030513274,0.318333353,0.005991281,0.062504754
1.175723533,0.079645279,-0.03279551,1.418543323,0.405629125,-0.12372396,0.037633621,0.319213631,0.007389362,0.062677596
1.1767326,0.081404599,-0.033637385,1.41952632,0.414589249,-0.126900009,0.046535631,0.319271745,0.009137271,0.062689007
1.177689133,0.083352429,-0.034439894,1.420453989,0.424509444,-0.129927544,0.055021377,0.320706194,0.010803447,0.062970661
1.1787948,0.085378779,-0.035654932,1.421529629,0.434829532,-0.134511382,0.067869218,0.318178441,0.013326121,0.062474337
1.179711067,0.087446652,-0.036497835,1.422415253,0.445361102,-0.137691308,0.076782095,0.319797134,0.015076164,0.062792167
1.1807446,0.089654376,-0.037497206,1.423416072,0.456604921,-0.141461522,0.087349464,0.320473584,0.017151067,0.062924988
1.1817496,0.091960957,-0.038504227,1.424386892,0.468352211,-0.145260599,0.097997732,0.321572606,0.019241855,0.063140781
1.182734133,0.094242747,-0.039528715,1.425337613,0.479973245,-0.149125569,0.108830689,0.322360683,0.021368906,0.06329552
1.183755867,0.097326911,-0.040035212,1.426313644,0.495680727,-0.151036374,0.1141864,0.332712453,0.0224205,0.06532809
1.184839767,0.101134948,-0.040785677,1.427341115,0.515074854,-0.153867571,0.122121839,0.344171142,0.023978623,0.067578004
1.1858063,0.104036586,-0.043446854,1.428264651,0.529852744,-0.163907095,0.150261185,0.330809686,0.029503784,0.064954482
1.186778,0.107113357,-0.044986912,1.429190759,0.54552257,-0.169717102,0.166545802,0.330194895,0.032701268,0.064833768
1.187905,0.110741743,-0.046699145,1.430263992,0.564001749,-0.176176653,0.184650995,0.33056888,0.036256223,0.0649072
1.188898833,0.114613367,-0.048377942,1.431200454,0.583719718,-0.182510063,0.202402635,0.33253521,0.039741757,0.065293289
1.1900378,0.118718033,-0.050258852,1.432278597,0.604624565,-0.189605962,0.222291422,0.33355127,0.043646921,0.065492792
1.190983033,0.1226849,-0.052111971,1.433165048,0.624827604,-0.196597015,0.24188634,0.334159391,0.047494383,0.065612196
1.1920393,0.126626197,-0.053753591,1.434162911,0.644900416,-0.202790172,0.259244873,0.33687367,0.050902731,0.066145145
1.192984333,0.13086551,-0.055751379,1.435045125,0.666491011,-0.210327003,0.280369528,0.33733961,0.055050557,0.066236632
1.194035067,0.135122473,-0.057550485,1.436032777,0.688171496,-0.217114289,0.299393318,0.339996306,0.058785878,0.066758275
1.194969767,0.139566097,-0.059579063,1.43690163,0.710802631,-0.224767282,0.320843557,0.341177201,0.062997632,0.066990143
1.196067633,0.14438812,-0.062386925,1.437928042,0.735360937,-0.235360188,0.350533954,0.33604511,0.068827342,0.065982457
1.196981633,0.14949703,-0.064317666,1.438766337,0.761380341,-0.242644079,0.370949656,0.341648812,0.072835965,0.067082744
1.198014367,0.154779337,-0.067004924,1.439720795,0.788282845,-0.252781996,0.399364783,0.340136189,0.078415275,0.066785741
1.1989776,0.16045403,-0.069643479,1.440599939,0.817183754,-0.262736179,0.42726493,0.34113695,0.083893469,0.06698224
1.200015533,0.166159437,-0.072242531,1.441553327,0.846241083,-0.272541331,0.454747365,0.342711845,0.089289645,0.067291471
1.200920167,0.17219974,-0.074712648,1.442368454,0.877004023,-0.281860067,0.480866445,0.347355705,0.094418126,0.068203293
1.202048933,0.178384497,-0.077915923,1.443405572,0.908502657,-0.293944706,0.514737955,0.344982829,0.101068798,0.067737378
1.203023333,0.185120383,-0.080844593,1.444280158,0.942808166,-0.304993373,0.545705782,0.34832051,0.10714933,0.068392732
1.2040403,0.192197617,-0.08388271,1.445192252,0.978852135,-0.316454938,0.577830904,0.352239357,0.113457098,0.069162198
1.205019,0.199557523,-0.087331681,1.44606189,1.016335744,-0.329466486,0.614300406,0.353253465,0.120617885,0.069361318
1.206034067,0.20707976,-0.089562568,1.44696549,1.054646091,-0.337882703,0.637889856,0.367974362,0.125249673,0.072251766
1.2070431,0.21491003,-0.093397261,1.447858492,1.094525236,-0.352349422,0.678437995,0.367305367,0.1332113,0.072120409
1.2080263,0.223127267,-0.097843834,1.448719926,1.13637518,-0.369124512,0.725456165,0.362137143,0.142443318,0.071105628
1.209010467,0.231575047,-0.10116578,1.44957891,1.17939927,-0.381656845,0.760582498,0.370034899,0.149340373,0.072656352
1.210021833,0.240647783,-0.105393609,1.450455834,1.22560623,-0.397606703,0.80528766,0.371536698,0.158118232,0.072951231
1.211033167,0.249932557,-0.108897326,1.451329583,1.272893082,-0.410824787,0.842336054,0.381775155,0.165392684,0.074961552
1.2120035,0.259710723,-0.1121298,1.45215502,1.32269276,-0.423019578,0.876516305,0.397394581,0.172103977,0.078028426
1.213041,0.269730517,-0.1165187,1.453044043,1.373723029,-0.439577093,0.922924643,0.402016513,0.181216254,0.078935942
1.214047767,0.280083137,-0.121540473,1.453897401,1.426448366,-0.458522177,0.976024994,0.401641498,0.191642508,0.078862308
1.215018433,0.290762483,-0.125673907,1.454709818,1.480837705,-0.474115919,1.019732018,0.412323814,0.200224382,0.080959781
1.216049133,0.302031637,-0.130386733,1.455573528,1.538230897,-0.491895474,1.06956556,0.419883464,0.210009198,0.082444118
1.217037933,0.313699037,-0.135931287,1.456389436,1.597652339,-0.512812792,1.1281938,0.420676665,0.221520853,0.082599863
1.218014,0.32587099,-0.140623617,1.457185135,1.659643443,-0.530515021,1.17781061,0.433050959,0.231263113,0.085029556
1.219028433,0.338279963,-0.146818533,1.458015688,1.722841677,-0.553885892,1.243315808,0.430743996,0.244125059,0.084576584
1.2200192,0.351036357,-0.152664023,1.458817426,1.787809303,-0.575938519,1.305126159,0.433901271,0.256261521,0.085196514
1.2209702,0.36421007,-0.159251213,1.459573214,1.854902317,-0.600789276,1.374779265,0.431341179,0.269937909,0.084693841
1.222073733,0.377732027,-0.164207083,1.460476374,1.923768916,-0.619485733,1.427182753,0.44780429,0.280227334,0.087926372
1.223008033,0.39201336,-0.170860073,1.461199049,1.996502979,-0.644584726,1.497531629,0.450189477,0.294040335,0.088394704
1.223989,0.406526983,-0.177384753,1.461964948,2.070420083,-0.669199658,1.566523752,0.455114458,0.307586939,0.089361724
1.2250424,0.421514113,-0.183277163,1.462796263,2.146748731,-0.691429295,1.628830237,0.469136621,0.319820817,0.092114976
1.226062333,0.436820897,-0.189929797,1.463589376,2.224705356,-0.716526943,1.699175342,0.476748141,0.333633078,0.093609498
1.2269923,0.45245441,-0.19691554,1.46428768,2.304325999,-0.742881277,1.773042759,0.482501367,0.348136946,0.094739143
1.2280383,0.46875288,-0.204905143,1.465092164,2.387333231,-0.773022761,1.857525017,0.481026342,0.364725037,0.094449522
1.229016,0.48539264,-0.21132668,1.46582329,2.472078635,-0.797248576,1.9254265,0.497870262,0.378057493,0.097756826
1.2300355,0.5026114,-0.219732907,1.466587637,2.559772855,-0.828961809,2.014314142,0.496676839,0.395510582,0.097522497
1.231018433,0.51985129,-0.226385823,1.467315104,2.647574688,-0.854060525,2.084662243,0.514130572,0.409323431,0.100949538
1.231999167,0.538080233,-0.235388127,1.468025714,2.740413717,-0.88802251,2.179852815,0.511779029,0.4280141,0.100487812
1.2330162,0.55632148,-0.24239493,1.468772443,2.833315406,-0.914456295,2.253942921,0.530590612,0.442561693,0.104181467
1.234010867,0.57496621,-0.250166267,1.469490826,2.928272014,-0.943774349,2.336117222,0.543372919,0.458696616,0.106691273
1.235018167,0.594297647,-0.259452987,1.470211666,3.026725983,-0.978809321,2.434315222,0.543628887,0.477977794,0.106741532
1.236004233,0.61386337,-0.26732476,1.470907801,3.12637316,-1.008506281,2.517551542,0.560039745,0.494321245,0.109963804
1.237024467,0.633908907,-0.275009477,1.471630993,3.228464001,-1.037497554,2.598809921,0.580872207,0.510276328,0.114054258
1.2379842,0.65439133,-0.284386607,1.472287211,3.332779883,-1.072873606,2.697963919,0.586034091,0.529745215,0.115067794
1.2390418,0.67524137,-0.29367772,1.473035848,3.438968016,-1.107925152,2.796208374,0.593977769,0.549035514,0.116627535
1.240011867,0.696419597,-0.303018827,1.473692089,3.546827587,-1.143165302,2.89498146,0.603064253,0.56842961,0.118411666
1.2410323,0.718035363,-0.312646763,1.474392213,3.656915525,-1.179487544,2.996787494,0.611346158,0.588419224,0.120037818
1.241986767,0.74032265,-0.32182616,1.475016419,3.770423478,-1.214117629,3.093850655,0.627790951,0.607477576,0.123266753
1.243046067,0.762733223,-0.331484743,1.475743632,3.884559324,-1.250555488,3.195980747,0.639796705,0.62753082,0.125624083
1.243967433,0.785946287,-0.34287738,1.476321019,4.002782209,-1.293535217,3.31644676,0.637553575,0.651184321,0.125183644
1.245040567,0.809247987,-0.351879913,1.47704886,4.121456515,-1.32749807,3.411639764,0.661034878,0.669875468,0.129794198
1.2459905,0.83267244,-0.36146319,1.477651682,4.240755997,-1.363651828,3.512973562,0.679000562,0.689772359,0.13332176
1.2470277,0.85650126,-0.371364333,1.478335779,4.362114897,-1.401004766,3.617668489,0.695664535,0.710329208,0.136593731
1.248024367,0.881037753,-0.382386617,1.478968856,4.487077939,-1.442587304,3.734218378,0.704077688,0.733213778,0.138245654
1.249022667,0.905769883,-0.391611913,1.479600667,4.613037348,-1.477390551,3.831766886,0.732488589,0.752367428,0.143824134
1.249971467,0.930824567,-0.402288667,1.480178198,4.740639504,-1.517669546,3.944663132,0.747194499,0.774534606,0.14671164
1.2510238,0.95637129,-0.413880197,1.480851971,4.870747594,-1.561399618,4.067232249,0.754733472,0.798601052,0.148191917
1.2520142,0.98239826,-0.42655772,1.481456695,5.003301553,-1.609226695,4.201284685,0.753234995,0.824922248,0.147897691
1.2530654,1.009969743,-0.435879577,1.482099332,5.143721637,-1.644394223,4.299854221,0.795085542,0.844276376,0.156115046
1.254153,1.037985943,-0.45061324,1.482771778,5.286406638,-1.69997827,4.455648331,0.781976434,0.87486655,0.153541073
1.255072233,1.065333,-0.461616547,1.483285774,5.425683728,-1.741489217,4.57199756,0.804904295,0.897711721,0.158042958
1.2561394,1.0924041,-0.471212853,1.483951792,5.563555386,-1.777692132,4.673469137,0.841304376,0.917635665,0.165190114
1.257114833,1.120627633,-0.485226393,1.484509,5.707296325,-1.83055945,4.821648645,0.836865806,0.946730712,0.164318601
1.258248467,1.152780567,-0.512850047,1.48516618,5.871049486,-1.934772123,5.113741819,0.708525794,1.004083206,0.13911904
1.259302433,1.183009567,-0.51301437,1.485772203,6.025004159,-1.935392047,5.115479378,0.860742908,1.004424376,0.16900687
1.2603162,1.211222967,-0.523395417,1.486367894,6.16869349,-1.974555463,5.225248815,0.894662802,1.025977605,0.175667041
1.261292533,1.240548467,-0.53605791,1.486909673,6.318046685,-2.022325838,5.359142323,0.910122489,1.052267595,0.178702551
1.262331333,1.269527867,-0.54552563,1.487519046,6.465637212,-2.058043649,5.459254222,0.957601117,1.071924566,0.188024979
1.2632825,1.299051733,-0.55883821,1.488032718,6.616000679,-2.108266533,5.600021763,0.967197043,1.099564273,0.189909139
1.2642831,1.329048867,-0.57157912,1.488588811,6.768774467,-2.156332742,5.734744451,0.985248143,1.126017073,0.193453473
1.265278867,1.3592265,-0.585381767,1.489137395,6.922467532,-2.208404447,5.880693968,0.992991691,1.154674261,0.194973919
1.2662807,1.3890231,-0.597399617,1.489697693,7.074220015,-2.253742848,6.007771003,1.01766714,1.179625836,0.199818943
1.267262,1.4199235,-0.610646863,1.4902211,7.231594092,-2.303719257,6.147847707,1.034964512,1.207129897,0.203215282
1.268290367,1.450933667,-0.623967767,1.490789948,7.389527205,-2.353973542,6.288703259,1.052042073,1.234786885,0.206568461
1.269233467,1.482261867,-0.636811537,1.491268816,7.549080044,-2.402427799,6.424513591,1.07578458,1.261453244,0.211230302
1.270245867,1.513781367,-0.649721623,1.49181415,7.709607164,-2.451132242,6.561025157,1.099800134,1.28825729,0.215945756
1.271328933,1.545277,-0.661656497,1.492430504,7.870012732,-2.496157606,6.687224795,1.134006065,1.313036588,0.222662091
1.272269133,1.576811533,-0.67238017,1.492903414,8.030616416,-2.536613611,6.800617174,1.181217369,1.335301182,0.23193203
1.273311567,1.6088075,-0.692209203,1.493471721,8.193570155,-2.611420392,7.010289849,1.134498434,1.376470412,0.222758767
1.274289833,1.6416452,-0.703854283,1.493963388,8.360810797,-2.655352486,7.133425204,1.17860372,1.400648039,0.23141884
1.275281367,1.674685833,-0.71973882,1.494465314,8.529084967,-2.715278304,7.301388676,1.178914418,1.433627667,0.231479846
1.2762697,1.7068176,-0.727672737,1.494977508,8.692730328,-2.745209706,7.385282102,1.258666354,1.450100141,0.247139139
1.277295433,1.7407665,-0.74730406,1.495500175,8.865630252,-2.819270608,7.592864186,1.223984193,1.490858883,0.240329296
1.278273433,1.773621467,-0.758455237,1.495991319,9.032958832,-2.861339407,7.710776996,1.273399963,1.514011063,0.250032083
1.279273267,1.8064201,-0.76871397,1.496505131,9.200000509,-2.900041385,7.819253088,1.331965548,1.535310344,0.261531435
1.280309,1.8403812,-0.782882133,1.497037618,9.372962567,-2.953492034,7.969067588,1.355113106,1.564726421,0.266076458
1.281268067,1.875336367,-0.801344493,1.497478707,9.550987353,-3.023142918,8.164289026,1.337916454,1.60305815,0.262699896
1.282320067,1.909110333,-0.81116273,1.498030233,9.72299635,-3.060183084,8.268107296,1.406107181,1.623442868,0.276089145
1.283296067,1.943481733,-0.826655507,1.498496907,9.898048043,-3.118630953,8.431928288,1.417337882,1.655609119,0.278294293
1.2842825,1.978032733,-0.841065627,1.498971352,10.07401443,-3.172994404,8.584301243,1.440931314,1.685527549,0.282926863
1.285244267,2.0124353,-0.85502299,1.49942333,10.24922485,-3.225649791,8.731886738,1.468556242,1.714505961,0.288351018
1.286306867,2.047515133,-0.86962392,1.499966105,10.42788456,-3.280733089,8.886277323,1.492825364,1.744820552,0.29311626
1.2872539,2.083814633,-0.886974853,1.50037524,10.61275596,-3.346191019,9.069746508,1.494227581,1.780844727,0.293391586
1.288348533,2.1179812,-0.898003977,1.500963582,10.78676445,-3.387799361,9.186368723,1.551613855,1.803743499,0.30465938
1.289245733,2.1538693,-0.913074217,1.50132898,10.96954062,-3.444653173,9.345721803,1.57503694,1.835032476,0.309258503
1.2902857,2.190276633,-0.930837293,1.501829451,11.15496121,-3.51166595,9.533549002,1.572630333,1.871912347,0.308785966
1.291250033,2.2255095,-0.946106853,1.502271692,11.33440031,-3.569271714,9.695009696,1.590608736,1.903615154,0.312316025
1.2922913,2.261480233,-0.958132663,1.502779932,11.51759732,-3.614640145,9.8221709,1.646644545,1.928583256,0.323318656
1.293242233,2.298510467,-0.973628707,1.503182139,11.70619031,-3.673100338,9.986026434,1.671381999,1.96075629,0.328175855
1.294343233,2.335098567,-0.98784544,1.503740964,11.89253153,-3.726734221,10.13635451,1.707395147,1.990273209,0.335247037
1.2952682,2.371321267,-0.99956894,1.504129171,12.0770118,-3.770962161,10.26031908,1.767910841,2.014613652,0.347129294
1.2963017,2.408795433,-1.01954433,1.504607366,12.26786572,-3.846321085,10.47153934,1.747544505,2.056086749,0.343130364
1.297302167,2.445424633,-1.035068593,1.505065049,12.45441626,-3.90488774,10.63569327,1.769941119,2.088318374,0.347527939
1.298270367,2.482547133,-1.050975333,1.505483156,12.64347916,-3.964897323,10.80389152,1.790805766,2.1213441,0.351624712
1.2992535,2.517794833,-1.065105867,1.505943977,12.8229938,-4.018206008,10.95330812,1.82090381,2.15068205,0.357534463
1.3002786,2.5555176,-1.079678767,1.506410088,13.01511383,-4.073183562,11.10740232,1.858929639,2.180938445,0.365000835
1.301280433,2.593368933,-1.097337,1.506851028,13.20788863,-4.139800807,11.2941209,1.864985863,2.217600638,0.366189974
1.302215467,2.628981133,-1.110771933,1.507258348,13.38925966,-4.190485281,11.43618221,1.904295576,2.245494376,0.373908436
1.3032746,2.667223533,-1.127872933,1.507750793,13.58402614,-4.255000314,11.61700859,1.91823568,2.280999637,0.376645576
1.3042459,2.703889233,-1.142057333,1.508178768,13.77076258,-4.308512217,11.76699478,1.954985934,2.310449424,0.383861488
1.305300967,2.7421441,-1.158137833,1.508666961,13.96559256,-4.369177324,11.93703037,1.979780321,2.343835913,0.388729866
1.306284733,2.780005867,-1.171871733,1.50908968,14.15842051,-4.420989676,12.08225296,2.027385676,2.372350368,0.398077177
1.307289,2.819346133,-1.189553333,1.509510989,14.35877837,-4.487695074,12.26921862,2.040777877,2.409061076,0.400706736
1.3082937,2.857265067,-1.201257767,1.509953794,14.55189746,-4.531851083,12.39298158,2.110134008,2.433361933,0.414324813
1.3092964,2.896950533,-1.219901667,1.510368421,14.75401341,-4.602186844,12.59012263,2.115108911,2.472070578,0.415301635
1.310260733,2.935165567,-1.237914,1.510766472,14.94864052,-4.670139963,12.78058547,2.119273178,2.509467957,0.416119288
1.311308367,2.9735965,-1.2468127,1.511244623,15.1443672,-4.703711095,12.87468054,2.220904789,2.527943524,0.436074655
1.3122814,3.013712567,-1.265497667,1.511623203,15.34867617,-4.774201783,13.07225583,2.227638474,2.566737431,0.437396814
1.3132846,3.053729533,-1.289574,1.512033418,15.55248043,-4.865031878,13.32683955,2.176859009,2.616724946,0.427426266
1.314282833,3.092154333,-1.298730633,1.51246226,15.74817588,-4.899576087,13.42366201,2.27573199,2.635736036,0.446839976
1.315276233,3.131974067,-1.315177033,1.512865598,15.95097564,-4.961621584,13.59756664,2.304627124,2.66988221,0.452513536
1.3162593,3.171316167,-1.3290598,1.51326568,16.15134284,-5.013995548,13.74436335,2.358197617,2.698705744,0.463032102
1.3172911,3.210726833,-1.339369167,1.51371348,16.35205925,-5.052888545,13.85337484,2.449902534,2.72011015,0.481038363
1.318279067,3.250768667,-1.361741033,1.514108093,16.55599015,-5.137288389,14.0899355,2.417272784,2.766558835,0.474631511
1.319240433,3.291866467,-1.378949833,1.514460459,16.76529904,-5.202210108,14.27190176,2.444615407,2.802287911,0.480000235
1.3203304,3.330842933,-1.3937667,1.514972859,16.96380409,-5.258108047,14.42857566,2.486446554,2.833050832,0.488213781
1.3212541,3.3722453,-1.411458733,1.515283045,17.17466412,-5.324852806,14.61565165,2.510230597,2.869783201,0.492883778
1.3222888,3.412437833,-1.4289164,1.515722159,17.37936253,-5.390713396,14.80024944,2.530331224,2.906028977,0.496830536
1.323304333,3.451634167,-1.442928667,1.516156868,17.57898735,-5.443575911,14.94841548,2.581789999,2.93512138,0.506934466
1.324246133,3.4939745,-1.460492333,1.516471255,17.7946244,-5.509836395,15.13413411,2.611708409,2.971587233,0.512808946
1.325277633,3.532933167,-1.4780482,1.516925452,17.99303879,-5.576067454,15.31977027,2.624486649,3.008036892,0.515317954
1.3262734,3.574795167,-1.496735033,1.517300894,18.20623971,-5.646565184,15.51736529,2.640092541,3.046834675,0.51838217
1.327298467,3.615759367,-1.512212333,1.517718939,18.41486818,-5.704954666,15.68102264,2.685063669,3.078968794,0.527212251
1.328295333,3.6556873,-1.521129867,1.51812414,18.618219,-5.738596849,15.77531685,2.794120277,3.097483463,0.548625516
1.3293381,3.697013233,-1.5415346,1.518554526,18.82868975,-5.815575508,15.99107699,2.788830894,3.139847966,0.547586946
1.330251933,3.738522233,-1.564663767,1.518853265,19.04009286,-5.902832334,16.23564535,2.755665637,3.187868965,0.541074948
1.331300667,3.778823367,-1.574792767,1.519304802,19.24534437,-5.941044881,16.34274964,2.853812855,3.208898892,0.560346154
1.332314167,3.820970533,-1.595020533,1.519693752,19.45999762,-6.017355919,16.55663853,2.85457722,3.250895975,0.560496237
1.333341367,3.8624932,-1.6019565,1.520105655,19.67147033,-6.043522466,16.62997961,2.992708852,3.265296496,0.587618383
1.334293267,3.9047423,-1.624896833,1.520431494,19.88664273,-6.130066901,16.87255124,2.965309612,3.312925437,0.582238542
1.3353186,3.9461337,-1.646451633,1.520843475,20.09744691,-6.211384288,17.10047222,2.948192816,3.35767772,0.578877659
1.3362136,3.987454633,-1.6568662,1.521126168,20.3078922,-6.250674162,17.2105961,3.048514231,3.379300543,0.598575769
1.337336267,4.029730867,-1.6769441,1.521622371,20.52320278,-6.326419814,17.42290029,3.051520619,3.420986472,0.599166074
1.3382607,4.069864667,-1.6898397,1.521952089,20.72760207,-6.375069604,17.55925868,3.119561522,3.447760441,0.612525905
1.3393186,4.1131397,-1.713989333,1.522368725,20.94799949,-6.46617623,17.81461748,3.084600139,3.497900142,0.605661237
1.3402964,4.155532967,-1.7250262,1.522718327,21.16390612,-6.507813785,17.93132157,3.183802675,3.520814991,0.625139655
1.3413233,4.197439333,-1.7388446,1.523124245,21.37733299,-6.55994492,18.07743767,3.251113456,3.549504886,0.638356127
1.342241833,4.2395347,-1.7575397,1.523418995,21.59172243,-6.630473837,18.2751201,3.26782046,3.588319832,0.641636547
1.3433068,4.282365967,-1.7720703,1.523849274,21.80985977,-6.68529181,18.42876701,3.332310886,3.618488403,0.654299243
1.344300467,4.323680367,-1.7913964,1.52423073,22.02027179,-6.75820123,18.63312166,3.33836826,3.658613438,0.655488608
1.3452701,4.366830367,-1.8104149,1.524560952,22.24003243,-6.829950202,18.83422374,3.357026816,3.698099831,0.659152215
1.3463171,4.4088464,-1.825736367,1.524985344,22.45401783,-6.887751789,18.99623329,3.40900266,3.729910407,0.669357672
1.347259833,4.451713733,-1.8384198,1.525292855,22.67233885,-6.935601162,19.13034822,3.493208757,3.756243873,0.685891539
1.3482899,4.494291,-1.858457433,1.525691998,22.88918258,-7.011194904,19.34222664,3.498174072,3.7978462,0.686866479
1.3492911,4.5365801,-1.8716587,1.526066544,23.1045587,-7.06099785,19.48181715,3.573959675,3.825254797,0.701746982
1.350299033,4.581331067,-1.8985973,1.526411342,23.33247296,-7.162626099,19.76666655,3.517024541,3.881184977,0.690567769
1.3513463,4.621489367,-1.9077888,1.52686353,23.53699703,-7.197301845,19.86385769,3.624357463,3.900268458,0.711642588
1.352333133,4.664488167,-1.924377033,1.527213193,23.75598761,-7.259882421,20.03926207,3.667943664,3.934709108,0.720200738
1.353266767,4.7096259,-1.947633933,1.52747796,23.98587166,-7.347621132,20.28518109,3.651908695,3.982995307,0.717052272
1.354308133,4.752624033,-1.963589967,1.527882166,24.20485884,-7.407816677,20.45390057,3.702176398,4.016123377,0.726922336
1.355289867,4.794162433,-1.979775033,1.52824837,24.41641168,-7.468876272,20.62504185,3.742587954,4.049726968,0.734857145
1.3562718,4.838260667,-1.999786733,1.528576841,24.64100161,-7.544372178,20.83664605,3.755573691,4.091275452,0.737406894
1.357283533,4.880835033,-2.0119614,1.528957693,24.85783057,-7.590302184,20.96538127,3.843667435,4.116552612,0.754704101
1.358323167,4.9253149,-2.0275984,1.529338209,25.08436415,-7.649294149,21.13072728,3.904854993,4.149018301,0.766718278
1.359301033,4.9673343,-2.045983333,1.529693418,25.29836669,-7.718652934,21.32513001,3.924454812,4.187189277,0.770566702
1.3603115,5.012457667,-2.065786367,1.530035231,25.52817757,-7.793361628,21.53452776,3.944867944,4.228304525,0.774574821
1.3612928,5.053163833,-2.070080767,1.530413334,25.73549189,-7.809562631,21.57993685,4.106773175,4.2372206,0.806364913
1.362298467,5.09821,-2.0930104,1.530751491,25.9649096,-7.896066699,21.82239534,4.093732388,4.284827325,0.803804354
1.363318967,5.142739467,-2.115621067,1.531112139,26.19169578,-7.981367438,22.06148107,4.081432837,4.331771808,0.801389338
1.364309533,5.185620633,-2.1283778,1.531467278,26.41008726,-8.029493341,22.19637108,4.16493431,4.358257461,0.817784852
1.365302867,5.2284441,-2.144909367,1.531826039,26.62818487,-8.091860138,22.37117626,4.208226742,4.392580458,0.826285321
1.3663287,5.273198133,-2.163071467,1.532188692,26.85611476,-8.160378265,22.56322274,4.244110148,4.430288785,0.833331028
1.367297267,5.3179229,-2.185632167,1.532494512,27.08389559,-8.245490499,22.80178012,4.233333598,4.477129527,0.831215052
1.368282333,5.361333667,-2.205156067,1.532836304,27.3049843,-8.319146137,23.00822631,4.247976113,4.517665236,0.83409011
1.369288567,5.4037878,-2.2094524,1.533213438,27.52120092,-8.335354435,23.05365584,4.418763201,4.526585325,0.867624154
1.370267333,5.449746133,-2.229410567,1.533511179,27.75526424,-8.410648382,23.26469398,4.44178839,4.568022662,0.87214515
1.371272267,5.492139,-2.245503267,1.53388792,27.97116883,-8.471359515,23.43485857,4.487528385,4.601434481,0.881126198
1.372333467,5.537122733,-2.267049967,1.534282536,28.20026857,-8.552646345,23.6626939,4.488792799,4.646169946,0.881374466
1.373283633,5.581760067,-2.283055233,1.534571252,28.42760411,-8.613027628,23.83193397,4.546888265,4.679400235,0.892781511
1.374367067,5.625967333,-2.303714767,1.534999607,28.65274934,-8.690967543,24.05038837,4.553579098,4.722293757,0.894095256
1.375294133,5.6684766,-2.324110833,1.535296758,28.86924675,-8.767913507,24.26605687,4.55440801,4.764640266,0.894258013
1.376328567,5.714150433,-2.3405136,1.535654381,29.10186113,-8.829794394,24.43950012,4.613579141,4.798695848,0.905876264
1.377306433,5.7583704,-2.347926467,1.535976981,29.32707105,-8.857760089,24.51788395,4.760405225,4.814086513,0.934705566
1.378327667,5.801661633,-2.363993333,1.536356711,29.54755097,-8.918373763,24.68777538,4.810993716,4.847444696,0.944638616
1.379292233,5.846114133,-2.380282167,1.536662565,29.77394517,-8.979824826,24.8600139,4.865149395,4.881263729,0.955272084
1.380330467,5.892175667,-2.405197933,1.537018244,30.00853408,-9.073821758,25.12347381,4.836278395,4.932994083,0.949603263
1.381257033,5.933371067,-2.4145039,1.537334363,30.21834004,-9.108929339,25.22187533,4.947682838,4.952315221,0.971477525
1.382291067,5.981244567,-2.452181667,1.537658991,30.4621572,-9.251072044,25.62028094,4.793094392,5.030542162,0.941124084
1.383260333,6.0259601,-2.464162267,1.537965648,30.68989101,-9.296269916,25.74696409,4.894145049,5.055416399,0.96096538
1.3843251,6.0688575,-2.469974033,1.538394747,30.90836516,-9.318195319,25.80841785,5.051165442,5.067482845,0.991796334
1.385286933,6.1150009,-2.5045277,1.538672812,31.14337102,-9.448552081,26.17378915,4.920799998,5.1392235,0.96619908
1.3863494,6.157695467,-2.503754933,1.539102616,31.36081216,-9.44563675,26.1656179,5.146412385,5.137619074,1.010498072
1.387254033,6.204789633,-2.532717933,1.539309392,31.60066022,-9.554902227,26.47187335,5.080004988,5.197752333,0.997458979
1.388279833,6.2465275,-2.5318497,1.539716707,31.81322893,-9.55162674,26.46269263,5.30175442,5.195949699,1.04099948
1.389296167,6.290751933,-2.558859567,1.540077708,32.03846159,-9.653523849,26.74829561,5.241384104,5.252027844,1.029145769
1.390278833,6.338380967,-2.5760711,1.540354591,32.2810337,-9.71845588,26.93029078,5.301961045,5.287762595,1.041040051
1.3913208,6.383143133,-2.585197133,1.540733257,32.50900501,-9.752884647,27.02678968,5.433433459,5.306710153,1.06685466
1.3923124,6.4272957,-2.607169633,1.54107059,32.73387166,-9.835777845,27.25912742,5.425962366,5.352329669,1.065387711
1.393258833,6.4726631,-2.634425933,1.541344754,32.96492539,-9.938604645,27.54733619,5.368807326,5.408919461,1.054165319
1.3942433,6.516876233,-2.638113967,1.541674056,33.1901005,-9.952518077,27.58633354,5.554985086,5.416576591,1.090721322
1.3953015,6.560459933,-2.649324333,1.542086418,33.41206994,-9.994810176,27.70487223,5.658415842,5.439851662,1.111029951
1.396298367,6.605875,-2.668291833,1.542410309,33.64336644,-10.06636675,27.90543503,5.689149536,5.479232168,1.117064511
1.397295333,6.654709033,-2.6970206,1.542683637,33.89207555,-10.17474856,28.2092137,5.634079975,5.538879109,1.106251603
1.39833,6.697719733,-2.708095067,1.543080956,34.11112673,-10.21652796,28.32631537,5.736029483,5.561872024,1.126269389
1.399301767,6.7410561,-2.724458633,1.54341055,34.33183652,-10.27826096,28.49934412,5.783710523,5.595846218,1.135631561
1.400303267,6.788549567,-2.7406927,1.543708276,34.57371819,-10.33950541,28.67100353,5.853932786,5.629551543,1.149419702
1.401274933,6.833113667,-2.757423,1.544019577,34.80068076,-10.40262195,28.84791013,5.903988759,5.664287153,1.159248193
1.4022693,6.8760735,-2.772489933,1.544377351,35.01947288,-10.45946329,29.00722824,5.963462767,5.695569265,1.170925914
1.403273967,6.923259933,-2.797673133,1.544682793,35.25979085,-10.55446913,29.273516,5.937492975,5.747854867,1.165826746
1.4043319,6.970548633,-2.8236336,1.545039987,35.50062966,-10.65240729,29.5480226,5.903825185,5.801754237,1.159216075
1.405273333,7.015463033,-2.8270539,1.545315864,35.72937628,-10.66531067,29.58418893,6.096405477,5.808855497,1.197029215
1.406292867,7.057528167,-2.837184567,1.545712062,35.94361175,-10.70352951,29.69131085,6.203519028,5.829888885,1.218060961
1.407284933,7.1053184,-2.8675255,1.545995957,36.18700484,-10.81799336,30.0121366,6.126086361,5.892883022,1.202857057
1.4082774,7.148457533,-2.871833,1.546349173,36.40671013,-10.83424378,30.05768421,6.300244041,5.901826295,1.237052917
1.409287,7.195295033,-2.8919328,1.54666472,36.645251,-10.91007206,30.27021998,6.326249144,5.943557693,1.242159019
1.410310933,7.2418642,-2.919619233,1.546998576,36.88242526,-11.01452157,30.56297699,6.270666397,6.001040532,1.231245347
1.4112908,7.2848336,-2.923332067,1.547341707,37.10126611,-11.02852856,30.60223658,6.450247653,6.008749153,1.266506127
1.4123392,7.3317027,-2.937510867,1.547695585,37.33996791,-11.08201934,30.75216355,6.53902249,6.038187313,1.283937066
1.413261567,7.378033,-2.9699598,1.547931414,37.57592564,-11.20443581,31.09527935,6.431864418,6.105558101,1.262896578
1.414281767,7.4213392,-2.967594067,1.548309889,37.79648179,-11.19551087,31.07026403,6.677435889,6.100646342,1.311114537
1.415301333,7.468465167,-2.999869033,1.548631127,38.03649181,-11.31727104,31.4115403,6.576169632,6.167655939,1.291230907
1.416262667,7.5143603,-3.0185342,1.548912371,38.27023326,-11.38768703,31.60890622,6.61254516,6.206408737,1.298373242
1.417277633,7.560170167,-3.0335026,1.549248512,38.50354045,-11.44415664,31.76718245,6.687576128,6.237486273,1.313105573
1.418277267,7.6065699,-3.048625367,1.549560578,38.7398518,-11.50120861,31.92709094,6.763978979,6.268884307,1.328107273
1.419270167,7.6507791,-3.052322167,1.549898372,38.96500688,-11.51515512,31.96618099,6.950044008,6.276559638,1.364641141
1.420251267,7.698045733,-3.091476467,1.550179059,39.2057333,-11.66286817,32.3801995,6.776751923,6.357852172,1.33061524
1.421314767,7.741665067,-3.1058735,1.550596193,39.42788422,-11.71718225,32.53243408,6.846668268,6.387743431,1.344343314
1.4222463,7.7877544,-3.116378433,1.550844759,39.66261472,-11.75681304,32.6435135,6.970319349,6.409553875,1.368622204
1.4233229,7.831159933,-3.116471367,1.551278162,39.88367677,-11.75716364,32.64449618,7.190398719,6.409746824,1.411834788
1.424271767,7.882540367,-3.135419133,1.551465656,40.14535455,-11.82864577,32.84485032,7.251722365,6.449086359,1.423875686
1.425304167,7.923941433,-3.155610633,1.551884561,40.35620796,-11.90481998,33.05835572,7.249070367,6.491008146,1.423354967
1.426252,7.9692078,-3.171834333,1.552161622,40.58674714,-11.96602533,33.22990551,7.308059747,6.524691948,1.434937531
1.427258467,8.0174761,-3.186461467,1.552452833,40.83257499,-12.02120748,33.38457317,7.399219946,6.555060943,1.452836836
1.428221733,8.0595169,-3.2033018,1.552793125,41.04668653,-12.08473913,33.56264326,7.435261393,6.590025005,1.459913575
1.429328833,8.108393367,-3.224231733,1.553175958,41.29561175,-12.16369915,33.78395688,7.462872994,6.633479934,1.465335112
1.4302971,8.155543167,-3.2436854,1.553445543,41.53574315,-12.23708983,33.98966042,7.497300853,6.673869823,1.472095023
1.4313001,8.201573533,-3.2591816,1.55376645,41.77017333,-12.29555061,34.15351761,7.567873847,6.706043183,1.48595203
1.432284,8.242079067,-3.267128467,1.554150125,41.97646583,-12.32553087,34.23754797,7.690135993,6.722542544,1.509958202
1.433270167,8.291371633,-3.296434633,1.554405858,42.22751023,-12.43609097,34.54743208,7.631296276,6.783388289,1.498405024
1.434258,8.335754067,-3.305945533,1.554736018,42.45354758,-12.47197168,34.64800056,7.756765139,6.803134911,1.523040835
1.435326133,8.386076933,-3.341130033,1.55505845,42.70983923,-12.60470832,35.02004231,7.641015048,6.876185308,1.500313305
1.436369233,8.4289716,-3.333733467,1.555465923,42.92829947,-12.57680411,34.94183084,7.937686754,6.860828485,1.558564794
1.4373245,8.473770167,-3.3498719,1.555757349,43.15645616,-12.63768778,35.11247902,7.995195265,6.894335256,1.56985659
1.4383747,8.522558533,-3.373102833,1.556084587,43.40493269,-12.72532853,35.35812347,7.998027348,6.942567543,1.57041267
1.439280667,8.570046433,-3.392461267,1.556286862,43.64678601,-12.79835993,35.56282001,8.035184132,6.982759708,1.577708404
1.4402898,8.614829367,-3.4029743,1.556632387,43.87486308,-12.83802128,35.67398507,8.152096139,7.004586969,1.600664077
1.441318267,8.6603756,-3.418448133,1.556985934,44.1068276,-12.89639768,35.83760576,8.220439973,7.036713891,1.614083389
1.442323333,8.704877233,-3.428450533,1.557331561,44.33347203,-12.93413262,35.94337138,8.341318782,7.05748097,1.637817943
1.443350133,8.7510001,-3.456195733,1.557674897,44.56837331,-13.03880384,36.23674979,8.282841653,7.115085821,1.626335959
1.444338033,8.797830267,-3.468781733,1.557968852,44.80687684,-13.08628564,36.36983445,8.388260509,7.141216995,1.647034951
1.445307733,8.842535667,-3.469831333,1.558276092,45.03455904,-13.09024534,36.38093295,8.604844214,7.143396184,1.689561161
1.446326133,8.889542267,-3.497430333,1.558597933,45.27396112,-13.19436501,36.67276544,8.552413813,7.200697494,1.679266452
1.447349967,8.9361839,-3.5165236,1.558930615,45.51150446,-13.26639605,36.8746581,8.588064486,7.240339117,1.686266462
1.448312067,8.983572333,-3.5263024,1.559190497,45.7528512,-13.30328743,36.97805936,8.726009964,7.260641956,1.713352057
1.449356967,9.0280358,-3.545795867,1.559576523,45.97930125,-13.37682826,37.18418375,8.746335627,7.301114479,1.717343
1.450357333,9.070977533,-3.561229233,1.559940565,46.19800119,-13.435052,37.34737654,8.801842777,7.333157383,1.728241829
1.451346833,9.121648133,-3.584535833,1.560179211,46.45606383,-13.52297821,37.59382109,8.813460873,7.38154677,1.730523042
1.4523373,9.167726833,-3.593959167,1.560486868,46.69074017,-13.55852856,37.69346364,8.948494663,7.401111585,1.757036927
1.453347667,9.2112665,-3.607326533,1.560852049,46.91248536,-13.60895814,37.83481049,9.02889299,7.428865041,1.772823139
1.454293967,9.261244133,-3.627149667,1.561057764,47.16701876,-13.68374266,38.04442078,9.073816103,7.470022021,1.781643792
1.4553833,9.307072933,-3.6467196,1.561467991,47.40042238,-13.75757196,38.25135373,9.100286774,7.510653304,1.786841308
1.456313733,9.351455067,-3.654240533,1.561740755,47.6264582,-13.78594535,38.33088026,9.246796065,7.526268339,1.815608407
1.4572887,9.395581567,-3.673420667,1.56206184,47.85119209,-13.8583041,38.53369145,9.268718768,7.566090316,1.81991293
1.458345033,9.441265433,-3.690520733,1.562441215,48.08385757,-13.92281561,38.71450796,9.320567731,7.601593639,1.830093474
1.4593431,9.4880441,-3.719168167,1.5627461,48.3220988,-14.03089058,39.01742661,9.255890319,7.661071715,1.817394064
1.460252433,9.531462333,-3.7158348,1.563012047,48.54322553,-14.01831516,38.98217951,9.512264147,7.654150947,1.867733065
1.4613396,9.5791769,-3.735752967,1.563392164,48.78623326,-14.09345821,39.19279468,9.544656699,7.695505236,1.874093343
1.462297267,9.6269692,-3.7589419,1.563641628,49.02963687,-14.18094051,39.43799502,9.542859977,7.743650323,1.873740556
1.463306533,9.6703066,-3.7558778,1.564008707,49.25035192,-14.16938092,39.40559516,9.795974894,7.737288609,1.92343967
1.464370167,9.7149929,-3.777845767,1.564410164,49.47793685,-14.25225701,39.63788496,9.791270012,7.782898712,1.922515867
1.465324733,9.759295333,-3.775522167,1.564708242,49.70356676,-14.24349103,39.61331516,10.04146973,7.778074432,1.971642581
1.466338267,9.804830733,-3.7977279,1.565047017,49.93547611,-14.32726412,39.84811912,10.03857511,7.824178189,1.971074224
1.4673304,9.859228133,-3.834842767,1.565233071,50.21251914,-14.46728323,40.24057261,9.923164658,7.901236432,1.948413381
1.468330433,9.8997298,-3.8237899,1.565632937,50.41879195,-14.42558532,40.12369933,10.24631075,7.878288364,2.011863115
1.469291933,9.9481071,-3.844769,1.565877566,50.66517494,-14.50473083,40.34553284,10.27086023,7.921845373,2.016683406
1.470394633,9.993329533,-3.862193933,1.566310145,50.89549037,-14.57046793,40.5297845,10.31692399,7.958023187,2.025728025
1.471281467,10.03778117,-3.882789767,1.566538279,51.12188015,-14.64816753,40.74756534,10.32553293,8.000784454,2.027418392
1.4723308,10.0851372,-3.9084817,1.566885875,51.36306188,-14.74509262,41.01923246,10.29504755,8.054126293,2.021432586
1.473321833,10.12856367,-3.911981967,1.567233401,51.58423054,-14.75829768,41.05624436,10.47920431,8.061393581,2.057591765
1.474297367,10.17517003,-3.9178676,1.567518305,51.82159426,-14.78050175,41.11847919,10.6543332,8.073613389,2.091978323
1.475331033,10.22176527,-3.938764167,1.567861508,52.05890128,-14.8593359,41.33943999,10.67067942,8.116999042,2.095187904
1.4764066,10.26977897,-3.948315933,1.568225592,52.30343248,-14.89537078,41.4404406,10.81421,8.136830512,2.123370134
1.4773151,10.31433947,-3.9563326,1.56847378,52.53037671,-14.92561437,41.52520902,10.95638581,8.153474792,2.151286354
1.4783837,10.35961067,-3.977738867,1.568871536,52.7609405,-15.0063714,41.7515594,10.96059922,8.197918689,2.152113657
1.479329467,10.40688433,-3.993381533,1.569116786,53.00170274,-15.06538474,41.91696534,11.03595553,8.230396144,2.166909869
1.480318067,10.452786,-4.012097733,1.569425199,53.23547746,-15.13599326,42.11487088,11.07182471,8.269254898,2.173952781
1.481400733,10.50317067,-4.0361463,1.569761249,53.49208386,-15.2267186,42.369161,11.07414099,8.319184763,2.174407583
1.482419467,10.55509867,-4.034865233,1.570010496,53.75655038,-15.22188567,42.35561498,11.35215353,8.316525,2.228995346
1.483453233,10.60177367,-4.053298067,1.570352617,53.99426364,-15.29142516,42.5505242,11.39495757,8.354795426,2.23739992
1.484416,10.64522867,-4.068718367,1.570671453,54.21557762,-15.3495996,42.71357882,11.45321693,8.386811201,2.248839145
1.485445733,10.694678,-4.0801412,1.57096843,54.46742042,-15.39269325,42.83436413,11.58427442,8.410527398,2.274572282
1.486400067,10.73811567,-4.0971361,1.571279089,54.68864613,-15.45680801,43.01406861,11.62579564,8.445812372,2.282724973
1.487494033,10.783846,-4.1097967,1.571695409,54.92154826,-15.50457125,43.1479421,11.72482428,8.472098432,2.302169247
1.488466,10.83243433,-4.137435267,1.571947377,55.16900603,-15.60884018,43.44019297,11.68003118,8.52948189,2.293374123
1.489447733,10.871757,-4.1247015,1.572346414,55.36927426,-15.56080092,43.30554582,12.01494657,8.503043921,2.359134758
1.490414133,10.92019367,-4.1534109,1.572595064,55.6159596,-15.66910967,43.6091197,11.95805802,8.562650653,2.347964693
1.491434833,10.973989,-4.187271767,1.572818606,55.88993634,-15.79685278,43.96716532,11.87398915,8.63295291,2.331457769
1.492435,11.012597,-4.1792722,1.573246667,56.08656481,-15.76667371,43.88257771,12.15520523,8.616344133,2.386674546
1.493456233,11.05930867,-4.189108033,1.573575711,56.32446482,-15.80378026,43.98658205,12.2891009,8.636765385,2.412964961
1.494393067,11.10443167,-4.196753033,1.573843897,56.55427383,-15.8326217,44.06742046,12.4380715,8.652638007,2.442215339
1.495454767,11.161217,-4.226885633,1.574064133,56.84347848,-15.94629959,44.3860433,12.40865331,8.715199601,2.436439078
1.496525233,11.21206167,-4.263089367,1.574381166,57.10242764,-16.08288138,44.76886244,12.28478332,8.79036614,2.412117206
1.497505567,11.25737867,-4.2646238,1.574689977,57.33322468,-16.08867016,44.78508758,12.49935523,8.793551946,2.4542484
1.498520567,11.30406267,-4.295555567,1.575013198,57.57098379,-16.20536299,45.11216082,12.41004109,8.857772777,2.436711569
1.499532533,11.35452633,-4.265171367,1.575277377,57.82799253,-16.09073591,44.79087756,12.9883331,8.794688809,2.550259204
1.500607667,11.404912,-4.301628133,1.575605879,58.08460402,-16.22827228,45.17637229,12.85944987,8.870380698,2.524952981
1.5016034,11.44745533,-4.3245961,1.575971191,58.30127493,-16.31492096,45.41923612,12.83325694,8.918067011,2.519810001
1.502621167,11.49885433,-4.349675133,1.57622731,58.56304728,-16.40953383,45.68442242,12.82984299,8.970136342,2.519139671
1.503582933,11.54266067,-4.3592841,1.57653994,58.78615058,-16.44578451,45.78602786,12.95134085,8.990086571,2.542995775
1.504652233,11.58543233,-4.3535196,1.576975435,59.00398438,-16.42403742,45.7250739,13.23012861,8.97811826,2.597735752
1.505613633,11.63414533,-4.3779696,1.57721499,59.25207707,-16.51627721,45.98360879,13.21968641,9.028881585,2.595685427
1.506631467,11.67956267,-4.393910567,1.577559814,59.48338511,-16.57641592,46.15216895,13.28243429,9.061978374,2.608005972
1.507616,11.72560167,-4.4105784,1.577862126,59.71785926,-16.63929679,46.32841502,13.34066237,9.096584289,2.619439056
1.508581833,11.77153233,-4.4148784,1.578147343,59.95178168,-16.65551892,46.37388332,13.52911648,9.105511991,2.656442022
1.5096192,11.81755667,-4.438464933,1.578502706,60.18618114,-16.7445012,46.62328789,13.51411137,9.154482578,2.653495768
1.510640067,11.86702233,-4.4491264,1.578790574,60.43810712,-16.78472253,46.7360225,13.65330275,9.176618018,2.680825995
1.511595933,11.909081,-4.453973467,1.579123201,60.65230965,-16.80300851,46.7872755,13.81625228,9.186681544,2.712821135
1.512604133,11.96030967,-4.481324833,1.579372278,60.9132145,-16.90619396,47.07648951,13.78794312,9.243468715,2.707262631
1.513645,12.00958833,-4.4903579,1.579682917,61.1641881,-16.940272,47.17200537,13.94340086,9.262223254,2.737786758
1.514592967,12.047785,-4.4973709,1.580064873,61.35872167,-16.96672917,47.246161,14.0637788,9.276783712,2.761422967
1.515651133,12.09542333,-4.5134098,1.580417119,61.60134114,-17.02723733,47.41575671,14.13680256,9.310083831,2.775761182
1.516643567,12.14431933,-4.536495867,1.580684995,61.85036584,-17.11433156,47.65986934,14.14171463,9.358015344,2.776725668
1.5176509,12.188305,-4.546411033,1.581040534,62.07438248,-17.1517374,47.76471255,14.26088806,9.378601309,2.80012537
1.5185785,12.235681,-4.553636867,1.5812661,62.3156659,-17.1789975,47.84111868,14.42576535,9.393603653,2.832499026
1.519636833,12.28195067,-4.575142367,1.581638794,62.55131483,-17.2601289,48.06851836,14.4340146,9.438253579,2.834118767
1.520595067,12.32515633,-4.569478833,1.581956792,62.77135897,-17.23876272,48.00863202,14.71394508,9.426494897,2.889083116
1.521674033,12.36915967,-4.579986267,1.582383702,62.99546558,-17.27840294,48.11973787,14.82694584,9.448310531,2.911270815
1.5226249,12.42069133,-4.607701633,1.582570956,63.25791359,-17.38296161,48.41280082,14.79633089,9.505853442,2.905259571
1.5236366,12.46670167,-4.6141356,1.582900859,63.49224175,-17.40723432,48.48083374,14.96262613,9.519211705,2.937911641
1.524617167,12.513177,-4.643502533,1.583192739,63.72893812,-17.51802367,48.7913604,14.88879585,9.580183615,2.923415065
1.525634267,12.55972933,-4.644328433,1.583520011,63.96602665,-17.52113945,48.80009349,15.11715129,9.581898356,2.968252656
1.5266179,12.599963,-4.637587233,1.583907448,64.17093456,-17.49570767,48.72881188,15.39334081,9.567902212,3.022482467
1.527707433,12.64545467,-4.649584133,1.584322871,64.40262117,-17.54096704,48.85566738,15.49817191,9.592810291,3.043066055
1.5286216,12.69327433,-4.6920803,1.58452843,64.64616416,-17.70128758,49.30502287,15.29235942,9.681041241,3.002654772
1.529604333,12.739488,-4.691699167,1.584826354,64.88152788,-17.69984973,49.30099276,15.53175325,9.680249928,3.049659751
1.53061,12.784004,-4.6976754,1.585172367,65.10824548,-17.72239559,49.36418559,15.69527801,9.692657841,3.081767838
1.531605833,12.82560133,-4.7034011,1.585551798,65.32009846,-17.7439963,49.42472928,15.84658731,9.704545595,3.111477418
1.532627233,12.872014,-4.706208267,1.585885439,65.55647568,-17.75458659,49.45441233,16.05328148,9.710373861,3.152061818
1.533649267,12.91852633,-4.728763733,1.586218237,65.7933605,-17.83967908,49.69291438,16.05166425,9.757203738,3.151744275
1.534632533,12.96621533,-4.754040533,1.586494832,66.03623801,-17.93503804,49.96019187,16.02726427,9.809683673,3.14695334
1.535634133,13.00999433,-4.7574218,1.586847701,66.25920211,-17.94779417,49.99594546,16.21447477,9.816703891,3.183712121
1.536671233,13.05600633,-4.768310067,1.587202979,66.49353875,-17.98887112,50.11107825,16.33367862,9.839310215,3.207117797
1.537585833,13.10599567,-4.790240767,1.587376821,66.74813174,-18.07160662,50.342974,16.35637586,9.884842945,3.2115744
1.538637933,13.15863733,-4.828334333,1.587648859,67.01623292,-18.21531797,50.74577629,16.22167475,9.963933175,3.185125838
1.539638833,13.20133867,-4.827440567,1.588016997,67.23370851,-18.21194615,50.73632558,16.44860106,9.962077528,3.229682818
1.5406092,13.24829467,-4.826534267,1.588291554,67.4728529,-18.20852706,50.72674234,16.69732868,9.960195859,3.278520487
1.541578133,13.29559533,-4.8436357,1.58855957,67.71375265,-18.27304372,50.90757331,16.75739747,9.995702019,3.290314993
1.542624433,13.33895233,-4.856991933,1.588963391,67.93456752,-18.32343129,51.04880244,16.83698321,10.02343236,3.305941653
1.543575067,13.38949667,-4.885863767,1.589165042,68.1919871,-18.43235284,51.3540939,16.78911132,10.08337634,3.296542008
1.544646067,13.432107,-4.885841833,1.589604628,68.40899924,-18.43227009,51.35386198,17.00635539,10.0833308,3.33919788
1.5456109,13.46846633,-4.863650167,1.590030676,68.59417537,-18.34855007,51.11920676,17.42618673,10.03725625,3.421631765
1.5466433,13.519448,-4.8895615,1.590307613,68.85382226,-18.44630286,51.39319382,17.41184656,10.09105361,3.418816072
1.547639733,13.56053667,-4.898626833,1.590695181,69.06308463,-18.48050263,51.48905087,17.52525188,10.10987514,3.441083207
1.5486214,13.61250167,-4.921240333,1.590906813,69.32773958,-18.56581406,51.72816657,17.55079114,10.15682551,3.446097841
1.5496508,13.65709467,-4.9234568,1.591275419,69.55484933,-18.57417588,51.75160354,17.75446392,10.16142735,3.486088991
1.550646567,13.70759633,-4.959310533,1.591522835,69.81205161,-18.70943726,52.13072178,17.63254796,10.23586722,3.462150792
1.551612433,13.74769333,-4.964851533,1.591894531,70.01626348,-18.73034117,52.18931244,17.77816916,10.2473715,3.490743514
1.5525976,13.786878,-4.954810467,1.592299046,70.21582888,-18.69246036,52.08313796,18.08390904,10.22652414,3.55077554
1.553594333,13.83761767,-4.9893219,1.592543902,70.47424327,-18.82265779,52.44806269,17.97739871,10.29817711,3.529862237
1.5546339,13.88230933,-4.992800867,1.592921213,70.70185553,-18.8357825,52.48484936,18.16822429,10.30540017,3.56733084
1.555630133,13.92212267,-4.985011433,1.593327479,70.9046227,-18.80639617,52.40248371,18.45335712,10.28922768,3.62331667
1.556650733,13.97042567,-4.985654533,1.593632309,71.15062728,-18.80882232,52.40928386,18.69256154,10.29056289,3.670284459
1.5575951,14.02068967,-5.021674633,1.593831847,71.40661913,-18.94471133,52.79016127,18.56767599,10.36534816,3.645763181
1.558611333,14.06337067,-5.030210967,1.594215619,71.62399117,-18.97691541,52.88042466,18.69478464,10.38307138,3.670720964
1.559623967,14.106877,-5.027188767,1.594583561,71.84556659,-18.96551389,52.84846784,18.94831687,10.37679666,3.720502018
1.560631333,14.16179167,-5.079301533,1.594777184,72.12524404,-19.16211391,53.39950949,18.67695267,10.48499369,3.667219657
1.561616167,14.212842,-5.0826888,1.595005536,72.38524064,-19.17489267,53.43532653,18.90113224,10.49202636,3.711237315
1.562677167,14.25577933,-5.0817588,1.595430277,72.60391817,-19.17138416,53.42549269,19.12964361,10.49009549,3.756105523
1.5635912,14.30019233,-5.110888,1.595686183,72.8301112,-19.28127664,53.73350555,19.04782378,10.55057381,3.740040198
1.564633567,14.35103433,-5.131961633,1.595975156,73.08904677,-19.36077879,53.95633865,19.08392624,10.59432709,3.747128918
1.5656023,14.396152,-5.138514667,1.596275321,73.31882862,-19.38550069,54.02563058,19.24441616,10.60793257,3.778641114
1.566634467,14.43782767,-5.146772367,1.596689924,73.53108055,-19.41665359,54.1129477,19.36935098,10.62507728,3.803172065
1.567607567,14.48890233,-5.175013233,1.596906182,73.79120109,-19.52319475,54.4115673,19.33085191,10.68371124,3.795612772
1.5686683,14.53189033,-5.162219533,1.597329905,74.01013666,-19.47492939,54.27628641,19.68506837,10.65714884,3.865163175
1.569572833,14.573595,-5.1542797,1.597616445,74.22253629,-19.44497567,54.19233043,19.98142399,10.64066408,3.9233526
1.570637767,14.61743433,-5.1807696,1.598031752,74.44580766,-19.54491116,54.47243526,19.92459052,10.69566266,3.912193348
1.571635933,14.658235,-5.1816513,1.598425321,74.65360326,-19.54823745,54.48175838,20.12306301,10.69749326,3.951163421
1.5725878,14.71057433,-5.212404567,1.598601606,74.92016467,-19.66425686,54.80694416,20.06443864,10.76134349,3.939652526
1.573661667,14.75210167,-5.2058007,1.599060107,75.13166115,-19.63934319,54.73711472,20.34576456,10.74763247,3.994890871
1.574661833,14.80202967,-5.2242203,1.599320424,75.38594177,-19.70883276,54.93188401,20.40527589,10.78587543,4.006575921
1.575580633,14.83853333,-5.1962417,1.5996983,75.57185298,-19.60328102,54.63603762,20.88703349,10.72778599,4.101169026
1.576604967,14.884248,-5.204988,1.600045218,75.80467532,-19.63627721,54.72852121,21.02737224,10.74594514,4.12872454
1.577625433,14.93417233,-5.2440044,1.60032589,76.05893727,-19.78347003,55.14108156,20.86907384,10.82695136,4.097642649
1.578603,14.97690767,-5.247793867,1.60067019,76.27658603,-19.79776612,55.18115147,21.04665269,10.83481909,4.132510255
1.579621667,15.02115367,-5.249487567,1.601033205,76.50192853,-19.80415576,55.19906069,21.25408596,10.83833557,4.173239779
1.5806298,15.065936,-5.2565689,1.601377738,76.73000255,-19.83087071,55.27393888,21.40728179,10.8530379,4.20331978
1.581625867,15.11791133,-5.284502333,1.601603617,76.99471013,-19.93625206,55.56930768,21.37662058,10.91103356,4.19729945
1.582602833,15.165068,-5.3098526,1.601881801,77.2348765,-20.03188818,55.83736201,21.34873262,10.96366603,4.191823649
1.583651167,15.209857,-5.317366267,1.602266436,77.46298447,-20.06023415,55.9168117,21.4973909,10.97926598,4.221012702
1.5846247,15.25721267,-5.325491933,1.602538237,77.70416433,-20.09088895,56.00273269,21.65264977,10.99613656,4.251497782
1.5856296,15.29767833,-5.316944767,1.602943503,77.9102538,-20.05864401,55.91235475,21.94911718,10.97839085,4.309709158
1.5866118,15.34323067,-5.318225367,1.603250694,78.14224938,-20.06347518,55.92589584,22.16757167,10.98104965,4.352602697
1.5875912,15.39502567,-5.365535433,1.603462578,78.40603854,-20.24195659,56.42615362,21.93110304,11.07927526,4.306172082
1.588613067,15.43948,-5.358371433,1.603825706,78.63244207,-20.21492977,56.35040131,22.23325888,11.0644013,4.365500381
1.5895814,15.48182333,-5.353135433,1.604166581,78.84809439,-20.19517649,56.29503572,22.50427679,11.05353026,4.418714748
1.5906335,15.52784867,-5.3902618,1.604536663,79.08249894,-20.33523899,56.68761082,22.34610625,11.13061238,4.387657962
1.5916358,15.56418967,-5.367428133,1.605000449,79.2675817,-20.24909697,56.44616708,22.77263275,11.08320491,4.47140644
1.592598033,15.60976833,-5.369814367,1.605287283,79.4997114,-20.25809924,56.47139917,22.97953036,11.08815923,4.512030786
1.593621333,15.656489,-5.406704733,1.605618261,79.73765724,-20.39727141,56.86147879,22.82739658,11.16475136,4.482159319
1.594662567,15.71266467,-5.423977367,1.605827064,80.0237569,-20.46243395,57.04412003,22.93085499,11.20061297,4.502473378
1.595619633,15.757324,-5.4438995,1.606122354,80.25120448,-20.53759196,57.25477715,22.94764546,11.24197549,4.505770187
1.596654333,15.79932767,-5.442676067,1.60653463,80.4651269,-20.53297645,57.24184053,23.17450449,11.23943539,4.550313957
1.597625367,15.847848,-5.456272767,1.606786672,80.71223835,-20.5842712,57.38561236,23.27784411,11.26766499,4.570604692
1.598556033,15.88414267,-5.435438767,1.607179513,80.89708514,-20.50567309,57.16531315,23.68299012,11.22440924,4.650155109
1.599603533,15.92843067,-5.4310179,1.607570738,81.12264154,-20.48899498,57.1185668,23.95529287,11.21523059,4.703621755
1.600635667,15.98027067,-5.4535208,1.607834689,81.38665988,-20.57388916,57.356513,23.981365,11.26195133,4.708741018
1.6015955,16.01822867,-5.458608933,1.608232048,81.57997793,-20.59308459,57.41031505,24.12088101,11.27251536,4.736134987
1.6026254,16.07046767,-5.503817067,1.608487853,81.84602835,-20.76363627,57.88834693,23.90889954,11.36637692,4.694512425
1.603643133,16.11774467,-5.504624033,1.60880502,82.08680757,-20.76668063,57.89687982,24.14114588,11.36805235,4.740113993
1.604552833,16.16865967,-5.523805933,1.608960245,82.34611493,-20.83904604,58.09970969,24.19762337,11.407878,4.751203348
1.6056659,16.210044,-5.5252671,1.609460065,82.55688312,-20.84455842,58.1151601,24.39294114,11.41091169,4.789553993
1.606609067,16.26251067,-5.559398333,1.609625763,82.82409303,-20.97332151,58.47606458,24.29924658,11.48177528,4.771157065
1.607651933,16.30474467,-5.539218733,1.610042792,83.03918852,-20.89719219,58.26268501,24.72772164,11.4398782,4.855288145
1.608662133,16.34144933,-5.541306,1.61050909,83.22612342,-20.90506659,58.28475582,24.89258573,11.4442118,4.887659208
1.6096179,16.39009067,-5.5629174,1.610744073,83.47385112,-20.9865975,58.51327528,24.91179397,11.4890816,4.891430745
1.610566733,16.42840333,-5.549860167,1.611125177,83.66897547,-20.93733794,58.37520778,25.24498582,11.46197205,4.956852965
1.6116333,16.481674,-5.588124267,1.611402361,83.94028011,-21.08169263,58.77981329,25.11168495,11.54141634,4.93067934
1.612584933,16.525843,-5.585360833,1.611699483,84.16523046,-21.07126734,58.75059268,25.3658559,11.53567887,4.980585806
1.613600833,16.57138367,-5.5959015,1.612040546,84.39716662,-21.11103293,58.86204994,25.48633481,11.55756351,5.00424184
1.614644233,16.621004,-5.603753567,1.612348656,84.64988032,-21.14065555,58.94507788,25.65602056,11.57386604,5.037559637
1.615619967,16.66490867,-5.609025667,1.612673795,84.87348442,-21.16054501,59.0008252,25.82387735,11.58481203,5.070518319
1.616585667,16.70728233,-5.610771633,1.613011588,85.08929123,-21.16713183,59.01928709,26.02122227,11.58843702,5.109266992
1.6176458,16.75555533,-5.624927967,1.613356396,85.33514303,-21.22053785,59.1689765,26.11738466,11.61782854,5.128148477
1.6186024,16.807543,-5.675304867,1.613542625,85.59991342,-21.41058915,59.70166305,25.8494685,11.72242154,5.07554314
1.619616767,16.85381667,-5.6547769,1.613871293,85.83558272,-21.33314558,59.48459984,26.30220101,11.67980118,5.164437168
1.620638467,16.88215467,-5.6338237,1.614473071,85.97990663,-21.25409779,59.2630402,26.66808456,11.63629794,5.236278403
1.621590067,16.93245433,-5.659143933,1.614679314,86.23608013,-21.3496206,59.53077695,26.6565213,11.68886805,5.234007958
1.622622133,16.97579433,-5.6520594,1.615069154,86.45680842,-21.32289358,59.45586493,26.95216162,11.67415908,5.292056934
1.6236389,17.026317,-5.679763633,1.615337259,86.71411765,-21.42741024,59.74881015,26.91652562,11.73167887,5.285059805
1.624607367,17.07156733,-5.688562067,1.615635191,86.94457516,-21.46060311,59.841845,27.05394829,11.74994627,5.312042747
1.625647433,17.11948133,-5.7237477,1.615965252,87.18859859,-21.59334402,60.21389873,26.92591799,11.82299902,5.286903997
1.6266454,17.16517467,-5.715669933,1.61628612,87.42131228,-21.56286993,60.12848423,27.24404618,11.80622788,5.349368467
1.627624167,17.21863267,-5.740899233,1.616472728,87.693571,-21.6580497,60.39525946,27.24952967,11.85860919,5.350445151
1.628643967,17.257125,-5.738344667,1.616922136,87.88961039,-21.64841237,60.36824741,27.47258111,11.85330538,5.394241301
1.629632,17.305331,-5.760885067,1.617195837,88.13512096,-21.73344802,60.60659014,27.47974895,11.90010397,5.395648706
1.630610333,17.34935633,-5.773233867,1.617521788,88.35933961,-21.78003496,60.73716665,27.5733911,11.92574267,5.414035342
1.631653767,17.386717,-5.753882533,1.618011599,88.54961548,-21.70703034,60.53254518,27.96828843,11.88556525,5.491573433
1.6326243,17.440794,-5.782536033,1.618180801,88.82502674,-21.81512821,60.83552798,27.94071688,11.94505592,5.48615976
1.633624667,17.48763867,-5.786605533,1.618487008,89.06360411,-21.83048075,60.87855897,28.13626326,11.95350505,5.524555292
1.634642767,17.533597,-5.802089533,1.618824082,89.29766743,-21.88889551,61.04228716,28.2065984,11.98565308,5.538365596
1.635634667,17.58041767,-5.8132526,1.619122178,89.53612257,-21.93100917,61.16032569,28.327015,12.00882995,5.562009396
1.636609333,17.61700033,-5.8105289,1.61955475,89.72243613,-21.92073377,61.13152522,28.54212903,12.00317498,5.604247035
1.6376612,17.66294633,-5.801839667,1.619925774,89.95643664,-21.88795287,61.03964506,28.8680097,11.98513431,5.668233705
1.638620967,17.71324467,-5.836017,1.620140203,90.21260334,-22.01688988,61.40103701,28.76278447,12.05609362,5.64757273
1.639682167,17.76441267,-5.855986633,1.620443178,90.47319922,-22.09222708,61.61219639,28.81222096,12.09755476,5.657279585
1.6407042,17.807974,-5.853622433,1.620819705,90.69505475,-22.08330793,61.58719728,29.0590756,12.09264619,5.705749493
1.6417048,17.852967,-5.862507,1.621153584,90.92420168,-22.11682574,61.6811429,29.19427691,12.11109241,5.73229627
1.642738433,17.893639,-5.841132767,1.621584526,91.13134199,-22.03618956,61.45513125,29.62742887,12.06671502,5.817345659
1.6437028,17.937752,-5.8465077,1.621895212,91.35600713,-22.05646697,61.51196592,29.79525934,12.07787451,5.850299171
1.644697533,17.985376,-5.873867033,1.622184237,91.5985536,-22.15968247,61.80126417,29.74850756,12.13467822,5.84111946
1.645699667,18.02466,-5.8714512,1.622604247,91.7986249,-22.15056853,61.77571909,29.97412394,12.12966244,5.885419236
1.6467344,18.07195133,-5.867424033,1.622938201,92.03947712,-22.13537569,61.73313573,30.25755952,12.1213012,5.941071812
1.647669433,18.12725767,-5.9225467,1.623053687,92.32114931,-22.34333082,62.31600413,29.9563633,12.23574741,5.881931935
1.648715567,18.16658,-5.9284393,1.623517129,92.52141584,-22.36556117,62.37831263,30.09432134,12.24798168,5.909019995
1.649662,18.227342,-5.9470558,1.62356317,92.83087344,-22.43579356,62.57516394,30.20692762,12.28663344,5.931130239
1.650684167,18.273278,-5.952728133,1.623904642,93.06482302,-22.45719294,62.63514333,30.38089781,12.29841039,5.965289286
1.651693967,18.32031,-5.971081567,1.624217506,93.30435447,-22.52643289,62.82921298,30.42635962,12.33651597,5.974215711
1.6527415,18.35297933,-5.935916933,1.624780935,93.47073763,-22.39377121,62.4573813,30.96457446,12.26350682,6.079894194
1.6536578,18.397946,-5.954971467,1.625030904,93.69975045,-22.46565612,62.65886439,30.99210418,12.30306802,6.085299656
1.654751667,18.43492333,-5.941121533,1.625576828,93.88807402,-22.41340602,62.51241487,31.32687728,12.27431266,6.151032354
1.655662533,18.48908433,-5.9765968,1.625685119,94.16391308,-22.5472396,62.88753119,31.22760002,12.34796675,6.131539264
1.656652367,18.53253833,-5.979922333,1.626031036,94.38522197,-22.55978547,62.92269546,31.41374464,12.35487125,6.16808876
1.657677,18.57329267,-5.975804167,1.626451758,94.5927816,-22.54424932,62.87914986,31.66484986,12.34632108,6.21739327
1.658690167,18.61509633,-5.985062133,1.626845464,94.80568543,-22.57917582,62.97704382,31.77985973,12.36554255,6.239975458
1.659656533,18.66646333,-6.019296167,1.627050658,95.0672948,-22.70832673,63.33903532,31.67947761,12.43661958,6.220265428
1.660685267,18.71031733,-6.0055903,1.627429548,95.29064086,-22.65662014,63.19410915,32.04774984,12.40816333,6.292575681
1.661673033,18.751718,-6.007041933,1.627803825,95.50149223,-22.66209655,63.20945876,32.2432516,12.41117723,6.330962452
1.662656567,18.79759633,-6.020468367,1.628107518,95.73514812,-22.71274896,63.35143019,32.33493606,12.43905332,6.348964696
1.6636906,18.84850633,-6.0291602,1.62838715,95.99443001,-22.74553967,63.44333784,32.5023103,12.45709938,6.381828628
1.664687567,18.895617,-6.046481133,1.628686015,96.23436211,-22.81088442,63.62648981,32.55909043,12.49306127,6.392977406
1.665708433,18.942871,-6.059880133,1.629006657,96.47502419,-22.86143333,63.76817115,32.65807117,12.52088041,6.412412273
1.666702433,18.992275,-6.0810129,1.629268572,96.72663611,-22.94115856,63.99162954,32.6862247,12.56475646,6.41794022
1.6677026,19.03595067,-6.058086733,1.629621538,96.94907393,-22.85466757,63.7492077,33.15108436,12.51715693,6.509215414
1.668692233,19.078029,-6.062936467,1.62998764,97.16337662,-22.87296362,63.8004889,33.31410586,12.52722599,6.541224685
1.6696972,19.11098,-6.0637862,1.630504328,97.3311943,-22.87616931,63.809474,33.47293843,12.52899022,6.57241146
1.670672533,19.15843467,-6.0740245,1.630776462,97.57287836,-22.91479421,63.91773403,33.60636246,12.55024708,6.59860927
1.671694467,19.20310333,-6.0933746,1.63113648,97.80037348,-22.98779417,64.12234245,33.62924916,12.59042194,6.603103073
1.6727111,19.247952,-6.074885833,1.631488531,98.02878533,-22.91804366,63.92684179,34.05316167,12.55203538,6.686338295
1.673654667,19.296378,-6.099777067,1.631714505,98.27541635,-23.01194804,64.19004228,34.03659219,12.6037148,6.683084877
1.674717933,19.33936633,-6.094918233,1.632140757,98.49435362,-22.99361766,64.13866486,34.30690688,12.59362685,6.736161167
1.675643867,19.37454867,-6.060295433,1.632545346,98.67353535,-22.86300009,63.77256255,34.85219094,12.52174266,6.84322769
1.6766864,19.41973933,-6.105271333,1.632918229,98.90368899,-23.03267565,64.24813879,34.60676833,12.61512205,6.795038961
1.677656467,19.46229233,-6.115238333,1.633257731,99.12040913,-23.07027703,64.35353009,34.71809717,12.63581563,6.81689838
1.678719233,19.50353667,-6.0932754,1.633709326,99.33046431,-22.98741993,64.1212935,35.16038893,12.59021598,6.903742366
1.679687167,19.55643167,-6.1300001,1.633893443,99.5998557,-23.1259671,64.50962136,35.04145246,12.66646415,6.880389191
1.6807103,19.59468667,-6.099343433,1.634349701,99.79468636,-23.01031212,64.18545703,35.56044745,12.60281449,6.982293857
1.681663333,19.640248,-6.107015433,1.634627592,100.0267278,-23.03925542,64.26658095,35.71136496,12.61874317,7.01192651
1.6826821,19.699175,-6.1472867,1.634773158,100.3268398,-23.19118233,64.69241029,35.58564767,12.70235476,6.987241919
1.683712767,19.73911333,-6.150349633,1.635212006,100.5302436,-23.20273752,64.72479782,35.75666392,12.70871405,7.020820961
1.6846931,19.79573867,-6.1902107,1.635353246,100.8186334,-23.35311691,65.14628969,35.62356183,12.79147398,6.994686364
1.685698833,19.82772,-6.1379253,1.635885069,100.9815126,-23.15586562,64.59342262,36.33930811,12.68291853,7.135223148
1.686730967,19.87304267,-6.155419667,1.636245596,101.2123385,-23.22186466,64.77840847,36.38514817,12.7192405,7.144223842
1.687641533,19.915228,-6.161006433,1.636531046,101.4271861,-23.24294124,64.83748308,36.5409212,12.7308398,7.174809877
1.688679867,19.95401833,-6.156231367,1.636994572,101.6247432,-23.22492687,64.78699141,36.78896995,12.72092576,7.22351425
1.689730333,20.01207433,-6.184068033,1.637184745,101.9204193,-23.32994316,65.08133699,36.79030046,12.77872052,7.223775495
1.690667533,20.05615033,-6.1932335,1.637468812,102.144896,-23.36452069,65.17825285,36.91786129,12.79774995,7.248822065
1.6917417,20.11156433,-6.218279367,1.637721836,102.4271165,-23.45900844,65.44308845,36.93524622,12.84975042,7.252235595
1.692675333,20.146818,-6.217110933,1.638133069,102.6066616,-23.45460042,65.43073341,37.12714629,12.8473245,7.289915175
1.693652067,20.18012267,-6.1933964,1.638616282,102.7762805,-23.36513525,65.17997536,37.54752322,12.79808816,7.372456183
1.694656433,20.23083433,-6.219405167,1.638869187,103.0345522,-23.46325562,65.45499269,37.53077769,12.85208781,7.369168199
1.6956701,20.285865,-6.227288733,1.63906739,103.3148205,-23.49299707,65.53835371,37.72768489,12.86845575,7.407830928
1.696629633,20.32974733,-6.249913233,1.639376661,103.5383108,-23.57835,65.77758572,37.71194325,12.91542896,7.404740057
1.697658067,20.37569367,-6.2497247,1.639724246,103.772313,-23.57763874,65.77559216,37.94793901,12.91503752,7.451077825
1.698682867,20.42731367,-6.292836033,1.639984124,104.0352109,-23.74028005,66.23145243,37.75497663,13.00454569,7.413189661
1.699679367,20.46639267,-6.256366267,1.640401538,104.2342382,-23.60269463,65.84582025,38.33963606,12.92882681,7.527987541
1.700665867,20.51612233,-6.2773156,1.640651127,104.4875087,-23.68172785,66.067339,38.37138783,12.97232201,7.534222
1.701660767,20.56505233,-6.294414367,1.640920966,104.7367066,-23.74623445,66.24814177,38.43978292,13.00782264,7.547651376
1.7026759,20.61563033,-6.310957733,1.641186618,104.9942976,-23.80864577,66.42307172,38.522444,13.04217013,7.563881879
1.703689833,20.65715933,-6.321897833,1.641585161,105.2058026,-23.84991826,66.5387526,38.61826809,13.06488407,7.582696939
1.704663667,20.709464,-6.327588867,1.641783926,105.4721874,-23.87138819,66.59892973,38.82447582,13.07669985,7.623185827
1.7056807,20.75076033,-6.336176567,1.642189016,105.6825074,-23.90378604,66.68973627,38.94398928,13.09452972,7.646652295
1.706693967,20.78691933,-6.3054789,1.642666467,105.8666633,-23.78797638,66.36513841,39.45274299,13.03079493,7.746546086
1.7076658,20.83038567,-6.317825167,1.642994202,106.088035,-23.83455377,66.49568813,39.54356497,13.05642836,7.764378982
1.7086493,20.87621433,-6.329355067,1.643298597,106.3214379,-23.87805133,66.61760557,39.65505047,13.08036685,7.786269159
1.7096843,20.923574,-6.350058367,1.643631806,106.5626381,-23.95615636,66.83652276,39.67733351,13.12335124,7.790644435
1.7106729,20.98226367,-6.3819281,1.643750723,106.8615415,-24.07638775,67.17351409,39.63924551,13.18951949,7.783165855
1.7117102,21.011725,-6.3471098,1.644351455,107.0115865,-23.94503263,66.80534455,40.15746003,13.1172294,7.884917278
1.712690033,21.05947633,-6.344362733,1.644623693,107.2547814,-23.93466908,66.776297,40.42970256,13.11152592,7.938372097
1.713659767,21.101776,-6.3700525,1.644966616,107.4702114,-24.031586,67.04794121,40.37348828,13.16486326,7.927334423
1.714671133,21.15060667,-6.388462867,1.645254394,107.7189033,-24.10104073,67.24261287,40.42750858,13.20308704,7.93794131
1.715674833,21.19429633,-6.399312633,1.645610686,107.9414124,-24.14197243,67.35733856,40.53529201,13.22561343,7.959104587
1.716616767,21.252316,-6.421219033,1.645692864,108.2369035,-24.22461626,67.58897736,40.59914426,13.2710957,7.971641975
1.7176782,21.29263933,-6.424157133,1.646156773,108.4422681,-24.23570051,67.6200449,40.77344129,13.27719582,8.005865197
1.718684067,21.33004933,-6.390219233,1.646608286,108.6327952,-24.10766678,67.26118473,41.32282858,13.20673362,8.113737391
1.719667367,21.37525067,-6.4066019,1.646921777,108.8630031,-24.16947184,67.43441544,41.37980583,13.24074747,8.124924874
1.720622533,21.41640633,-6.401810667,1.647267085,109.0726067,-24.15139649,67.38375282,41.64007204,13.23079987,8.176028146
1.7216917,21.47253933,-6.445788067,1.647504455,109.3584891,-24.31730511,67.84877091,41.46093631,13.32210617,8.140854845
1.722629667,21.50900833,-6.437464233,1.647902012,109.5442238,-24.28590272,67.76075449,41.73468738,13.30482414,8.194605868
1.723735167,21.55636433,-6.4421681,1.648305775,109.7854053,-24.30364847,67.81049329,41.92613015,13.31459036,8.232195655
1.7246858,21.60033533,-6.4423925,1.648604831,110.0093473,-24.30449504,67.8128661,42.14769928,13.31505626,8.275700753
1.7256866,21.64968667,-6.455123567,1.648874326,110.2606909,-24.35252411,67.94748471,42.26442436,13.34148862,8.298619723
1.7266743,21.695144,-6.454828733,1.649188424,110.4922027,-24.35141183,67.94436713,42.49905369,13.34087649,8.344689193
1.727663933,21.743255,-6.499013567,1.649465133,110.7372294,-24.51810302,68.41157862,42.27686894,13.43261346,8.301063217
1.728624767,21.781843,-6.472094233,1.649854156,110.933756,-24.41654745,68.12693294,42.75804123,13.37672328,8.395541396
1.7296973,21.82138433,-6.4653417,1.650340753,111.1351379,-24.39107292,68.0555315,43.03082457,13.36270361,8.449102403
1.730658167,21.86260867,-6.4585961,1.650690744,111.3450912,-24.36562455,67.98420336,43.31210602,13.34869833,8.504332016
1.731649467,21.901156,-6.4442094,1.651110837,111.5414107,-24.31134945,67.83207805,43.66055083,13.31882852,8.572749155
1.7326568,21.949569,-6.483196433,1.65140077,111.7879756,-24.45843148,68.24432787,43.49486581,13.39977378,8.540216901
1.7336508,21.985042,-6.436435867,1.651869119,111.9686376,-24.28202311,67.74988052,44.16997524,13.30268904,8.672774639
1.734647033,22.03053133,-6.453667633,1.652191277,112.2003124,-24.34703148,67.93208963,44.21944086,13.3384658,8.682487213
1.735695733,22.065895,-6.449520733,1.652715946,112.3804176,-24.33138693,67.88824021,44.44339553,13.32985597,8.726460713
1.736684467,22.11433267,-6.459782433,1.652986914,112.6271081,-24.3701001,67.99674768,44.58157851,13.35116141,8.75359294
1.737669367,22.14782467,-6.432614167,1.653475518,112.797681,-24.26760541,67.70946977,45.03942937,13.29475439,8.843491956
1.738713067,22.201552,-6.451097333,1.653723069,113.0713114,-24.33733479,67.90491122,45.11761834,13.33312932,8.858844361
1.739660167,22.26678167,-6.515907467,1.653703574,113.4035226,-24.58183675,68.59021513,44.76452562,13.46768874,8.789514606
1.7407044,22.31301133,-6.517411067,1.65406276,113.6389678,-24.58750921,68.60611423,44.98407173,13.47081053,8.832622484
1.741684333,22.35037967,-6.508101633,1.654488957,113.8292827,-24.55238855,68.50767606,45.27282481,13.45148219,8.889319152
1.7426935,22.392749,-6.485141133,1.654870281,114.0450675,-24.46576804,68.26489118,45.73139443,13.40381138,8.979359296
1.743686067,22.43900167,-6.5055402,1.65517746,114.2806298,-24.54272532,68.4805914,45.75125656,13.44616412,8.983259225
1.744681933,22.47210633,-6.504583367,1.655682771,114.4492301,-24.53911558,68.47047382,45.92997442,13.44417753,9.018350478
1.745664967,22.512761,-6.4852268,1.65606337,114.6562821,-24.46609122,68.26579702,46.34170326,13.40398924,9.099193434
1.746703233,22.55169467,-6.4579008,1.656524705,114.8545692,-24.36300147,67.97685124,46.82893611,13.34725474,9.194861605
1.747709567,22.602955,-6.498343633,1.656771445,115.1156353,-24.51557563,68.40449473,46.66235874,13.43122254,9.162154139
1.748662567,22.650226,-6.5015397,1.657023968,115.356384,-24.52763308,68.43829002,46.86931212,13.43785824,9.202789435
1.749732967,22.70608033,-6.5352871,1.6572667,115.6408471,-24.65494813,68.79513583,46.79692942,13.50792492,9.188577091
1.7507025,22.75251333,-6.540944733,1.657548173,115.8773279,-24.67629205,68.85495979,46.97358624,13.51967135,9.223263659
1.751642933,22.79505367,-6.539827667,1.65785823,116.0939835,-24.67207782,68.8431479,47.20205376,13.51735209,9.268123257
1.7527069,22.831739,-6.5470737,1.658378581,116.28082,-24.69941412,68.91976763,47.31227047,13.53239637,9.289764306
1.7536659,22.874672,-6.5490287,1.658701385,116.4994754,-24.70678953,68.94043984,47.51025371,13.53645536,9.328638316
1.754639833,22.91585333,-6.525581367,1.65906508,116.7092097,-24.61833239,68.69250718,47.96792069,13.48777378,9.418501228
1.755711533,22.96421167,-6.5495111,1.65942019,116.9554961,-24.70860942,68.94554075,47.96117351,13.53745693,9.417176419
1.756696067,23.01457967,-6.550272467,1.659658354,117.2120177,-24.71148175,68.95359146,48.20964432,13.53903768,9.465963662
1.7576602,23.05966933,-6.582258367,1.659954333,117.4416569,-24.83215138,69.29181114,48.1010639,13.60544712,9.444643896
1.7587455,23.09086367,-6.550586067,1.660577385,117.600528,-24.71266483,68.95690748,48.59483862,13.53968878,9.541596563
1.759689367,23.13547967,-6.554700233,1.660860117,117.8277549,-24.72818589,69.00041077,48.77856221,13.54823066,9.577670691
1.760690867,23.17390767,-6.5604318,1.661292178,118.0234666,-24.74980873,69.0610165,48.91366823,13.56013059,9.604198757
1.7616739,23.23283433,-6.596122433,1.661402017,118.3235769,-24.8844548,69.43841011,48.83638496,13.63423183,9.589024187
1.762709333,23.270832,-6.566056367,1.661874388,118.517097,-24.7710279,69.1204908,49.34782435,13.57180837,9.689445311
1.7636575,23.31888033,-6.575167967,1.662110558,118.7618046,-24.80540222,69.21683708,49.49618565,13.59072596,9.718576053
1.764737333,23.38419667,-6.636589533,1.662222512,119.0944572,-25.03712051,69.8663102,49.17936511,13.71825001,9.656368339
1.7656659,23.423137,-6.633866933,1.662574048,119.2927782,-25.02684926,69.83752136,49.40647497,13.71259732,9.70096136
1.7666822,23.45414667,-6.5950031,1.663130837,119.4507088,-24.88023201,69.42657425,49.97535264,13.63190785,9.812660491
1.7676741,23.49226933,-6.591717733,1.663557822,119.6448655,-24.86783768,69.39183471,50.20424888,13.62508674,9.857604268
1.768678767,23.550819,-6.624112733,1.66369488,119.9430558,-24.99005068,69.73438021,50.15989368,13.69234556,9.848895124
1.769684133,23.59582333,-6.633123233,1.664033358,120.1722604,-25.02404359,69.82965746,50.29382109,13.71105324,9.875191771
1.7707597,23.648426,-6.646314167,1.664329441,120.440163,-25.07380755,69.9691387,50.4222424,13.73844038,9.900407295
1.7716542,23.69912967,-6.6616111,1.664472597,120.698394,-25.13151658,70.13088884,50.51872331,13.77020002,9.919351321
1.772720233,23.74142333,-6.6705001,1.664911909,120.9137934,-25.16505112,70.22488134,50.64013018,13.78865545,9.943189561
1.773672833,23.78170633,-6.635232733,1.665267582,121.1189526,-25.03200186,69.85196336,51.21820732,13.71543301,10.05669501
1.774652433,23.83094333,-6.6912252,1.665517571,121.3697139,-25.24323839,70.44402905,50.87690302,13.8316851,9.989679909
1.775691367,23.873632,-6.6677157,1.66592393,121.587125,-25.15454672,70.19543903,51.34290413,13.78287445,10.08117923
1.776699767,23.91841867,-6.685570733,1.666268666,121.8152211,-25.22190641,70.38423858,51.38220066,13.81994525,10.0888951
1.777675467,23.951017,-6.645362833,1.666761313,121.9812427,-25.07021856,69.95907928,51.97338152,13.73646522,10.20497346
1.7786678,23.988638,-6.654517967,1.667196166,122.1728444,-25.10475711,70.05588588,52.06817666,13.75547319,10.22358649
1.779652633,24.03831633,-6.6759143,1.667444849,122.4258535,-25.18547667,70.28213122,52.0949404,13.79989647,10.22884155
1.780659367,24.08561533,-6.670876,1.66775069,122.6667448,-25.16646923,70.22885612,52.38910677,13.7894359,10.28660111
1.7817292,24.126414,-6.6653522,1.668215955,122.8745302,-25.14563021,70.17044732,52.65530098,13.77796733,10.33886835
1.782695333,24.15391867,-6.612050533,1.668774515,123.01461,-24.94454496,69.60683422,53.35899387,13.6673019,10.47703845
1.7837117,24.20599633,-6.640819867,1.669019178,123.2798387,-25.05307982,69.91104184,53.32001501,13.72703307,10.46938495
1.784673533,24.249108,-6.654239633,1.669342168,123.4994041,-25.10370707,70.05294278,53.39767947,13.75489531,10.48463436
1.7856806,24.29566567,-6.645482367,1.669659328,123.7365198,-25.07066951,69.96034323,53.72739472,13.73671339,10.54937395
1.786669,24.335342,-6.6454609,1.67005979,123.9385893,-25.07058852,69.96011624,53.92969114,13.73666882,10.58909486
1.7877265,24.37225167,-6.668047733,1.670570351,124.1265682,-25.15579935,70.19894996,53.87883637,13.78356382,10.57910952
1.788686767,24.40580467,-6.620968467,1.671033418,124.2974518,-24.97818865,69.70113266,54.54753729,13.6858174,10.71040895
1.789684033,24.44669467,-6.602319067,1.671424763,124.5057024,-24.90783214,69.50393346,54.95298707,13.64709733,10.79001901
1.790698067,24.51111467,-6.680304533,1.671484199,124.83379,-25.20203921,70.32855366,54.45645447,13.80901151,10.69252484
1.791645933,24.55236033,-6.646227033,1.671820874,125.043852,-25.07347883,69.96821735,55.02685274,13.73825948,10.80452254
1.792707333,24.59203867,-6.650281267,1.672294307,125.2459316,-25.08877378,70.01108691,55.1860628,13.74667692,10.83578343
1.793705667,24.629165,-6.6282763,1.67274249,125.435014,-25.0057581,69.77840587,55.60782626,13.70098999,10.91859669
1.794695767,24.685965,-6.650170167,1.672890909,125.7242934,-25.08835465,70.00991214,55.66559934,13.74644625,10.92994043
1.7956909,24.734398,-6.6855105,1.673168346,125.97096,-25.22167918,70.38360167,55.53857647,13.81982019,10.90499949
1.7967269,24.79208133,-6.724414167,1.673349575,126.2647381,-25.3684467,70.79496998,55.42098629,13.90059236,10.88191066
1.797676567,24.839206,-6.720096433,1.673600932,126.5047415,-25.35215767,70.74931416,55.7066455,13.89162784,10.93799984
1.798683333,24.869866,-6.704850967,1.674153369,126.6608913,-25.2946428,70.58810823,56.02400116,13.85997505,11.00031263
1.799662333,24.923824,-6.734935267,1.674332801,126.9356965,-25.40813848,70.90622034,55.98069424,13.92243636,10.99180931
1.8006735,24.95576067,-6.7049602,1.67487072,127.0983482,-25.29505489,70.58926327,56.46030305,13.86020184,11.0859805
1.801674667,25.00382933,-6.716623467,1.675159589,127.3431593,-25.3390556,70.71259093,56.58178652,13.88441723,11.10983378
1.802676967,25.038551,-6.6803961,1.675647372,127.5199949,-25.20238465,70.32952188,57.14169115,13.80920162,11.21977106
1.8036512,25.087359,-6.720877967,1.675898352,127.7685714,-25.35510607,70.75757811,56.96221144,13.89325046,11.18453022
1.804693233,25.125489,-6.695186167,1.676375362,127.9627655,-25.25818149,70.4859124,57.42807119,13.8399089,11.27600178
1.805664533,25.169646,-6.687517333,1.676692329,128.1876547,-25.22925014,70.40482198,57.73405085,13.8239868,11.33608088
1.806673667,25.18934167,-6.673291033,1.677409605,128.2879637,-25.17558016,70.25439274,57.98478906,13.79445001,11.38531333
1.8076796,25.239153,-6.6546232,1.677677418,128.5416501,-25.10515411,70.05699862,58.43586962,13.75569168,11.473883
1.808676133,25.29279367,-6.702380167,1.677879086,128.8148391,-25.28532149,70.56198193,58.20407534,13.85484515,11.42837019
1.8096984,25.35491367,-6.743781733,1.677980838,129.131213,-25.44151256,70.99976309,58.082668,13.94080348,11.40453186
1.810650667,25.390131,-6.7054448,1.678411242,129.310573,-25.29688309,70.59438744,58.66740364,13.86120797,11.51934471
1.811702333,25.442001,-6.740496467,1.678694282,129.5747441,-25.4291186,70.96502461,58.5609376,13.93398258,11.4984401
1.812611567,25.49117667,-6.758645067,1.678874814,129.8251931,-25.49758579,71.15692834,58.6194829,13.97166288,11.50993547
1.8136611,25.520794,-6.7218585,1.679485468,129.9760326,-25.35880522,70.7679463,59.15930442,13.89528626,11.61592942
1.8146187,25.56917,-6.742414967,1.679726216,130.222409,-25.43635631,70.98531087,59.18831622,13.93796579,11.62162589
1.8156706,25.614273,-6.748398933,1.680109765,130.4521161,-25.45893135,71.04858548,59.35474877,13.95038976,11.65430492
1.816677267,25.67695433,-6.772788833,1.680187598,130.7713488,-25.5509444,71.30648487,59.41608204,14.0010283,11.66634771
1.817666767,25.71177467,-6.7630849,1.680661119,130.9486869,-25.51433546,71.20387524,59.69602975,13.9808809,11.72131544
1.818654533,25.751763,-6.747859167,1.681056325,131.1523453,-25.45689503,71.04287797,60.06068546,13.94926909,11.79291559
1.819657367,25.784555,-6.7123879,1.681573236,131.3193532,-25.32307655,70.66780395,60.60276738,13.8756233,11.89935337
1.8207012,25.83418533,-6.7463595,1.68188163,131.5721178,-25.45123741,71.02702046,60.49631548,13.94615547,11.87845155
1.8216999,25.87920433,-6.7437461,1.682213224,131.8013972,-25.44137813,70.99938631,60.75322899,13.9407295,11.92889651
1.822689467,25.92511767,-6.7592217,1.682522431,132.0352313,-25.4997612,71.16302567,60.82342376,13.97286009,11.94267926
1.823639767,25.95888067,-6.737907267,1.68297242,132.2071844,-25.41935061,70.93764634,61.22075623,13.92860686,12.02069549
1.824644,26.00124033,-6.773500467,1.683348954,132.42292,-25.5536291,71.31400969,61.06012839,14.0025058,11.98915621
1.8256282,26.061627,-6.794164367,1.683438324,132.730466,-25.63158549,71.53251027,61.14917386,14.04540839,12.00664029
1.8266651,26.11979167,-6.802132933,1.68361332,133.0266955,-25.66164762,71.61677008,61.36114357,14.06195281,12.04826054
1.8276831,26.156209,-6.796409733,1.684091676,133.212167,-25.64005634,71.55625283,61.60713235,14.05007024,12.09656044
1.828712,26.19168967,-6.7716236,1.684594812,133.3928682,-25.54654846,71.29416366,62.04992264,13.99860903,12.18350231
1.829647433,26.234402,-6.798169133,1.68489732,133.6103998,-25.64669383,71.57485677,61.98676116,14.05372313,12.17110055
1.8306733,26.285129,-6.780277267,1.685171497,133.8687497,-25.57919518,71.38566774,62.43430007,14.01657586,12.25897482
1.8316369,26.325104,-6.7872815,1.685542734,134.0723402,-25.60561927,71.45973067,62.56382766,14.03111812,12.28440756
1.832624167,26.360799,-6.775470233,1.68600106,134.2541329,-25.56106022,71.33483805,62.870513,14.00659545,12.34462523
1.833713933,26.39201533,-6.730518967,1.686628253,134.413116,-25.3914776,70.85952228,63.50481188,13.9132672,12.46916981
1.834660167,26.46024767,-6.813595467,1.686563397,134.7606196,-25.70489104,71.73797519,62.97386258,14.08575143,12.36491792
1.8356437,26.48971267,-6.770774667,1.687110308,134.9106833,-25.54334578,71.28518702,63.57671441,13.99684647,12.48328787
1.836636333,26.52921167,-6.789954667,1.687517632,135.1118496,-25.61570403,71.4879968,63.57507092,14.03666817,12.48296517
1.8376554,26.556299,-6.7359867,1.688135309,135.2498039,-25.4121051,70.91733822,64.28368382,13.92461936,12.62210132
1.8386375,26.61697033,-6.754271033,1.688218361,135.5587998,-25.48108437,71.1106772,64.39934069,13.96258147,12.64481054
1.839732833,26.67086733,-6.8049936,1.688515031,135.8332943,-25.67243973,71.64701884,64.13749357,14.06789215,12.59339686
1.840651967,26.71275067,-6.770228533,1.688813523,136.0466039,-25.54128545,71.27941219,64.71840979,13.99571258,12.70745976
1.841683167,26.748674,-6.768177333,1.689312399,136.2295595,-25.53354711,71.25772275,64.92305483,13.99145386,12.74764182
1.842681033,26.801918,-6.7642315,1.689521278,136.5007283,-25.51866111,71.21599942,65.235947,13.98326149,12.80907819
1.8437043,26.849513,-6.810716333,1.689839267,136.7431271,-25.69402925,71.70753116,64.98681403,14.07977374,12.76016094
1.844695567,26.89751533,-6.8232276,1.690119219,136.9876004,-25.74122911,71.8398256,65.0989929,14.10574976,12.78218726
1.845745467,26.93889867,-6.7946089,1.690555887,137.1983635,-25.63326253,71.53721077,65.61237082,14.04633134,12.88298901
1.8467064,26.98010433,-6.7868298,1.690906221,137.4082217,-25.60391519,71.45495438,65.90448546,14.03018029,12.94034572
1.8477283,27.02582467,-6.805167367,1.691250621,137.6410729,-25.67309528,71.64885625,65.94343479,14.06825293,12.94799342
1.848695367,27.07968967,-6.834181333,1.691419499,137.9154045,-25.78255304,71.95565063,65.91097196,14.128492,12.94161934
1.849689667,27.13696667,-6.872773767,1.691565049,138.2071131,-25.9281464,72.36372795,65.79460332,14.20861798,12.91877036
1.850703467,27.17034,-6.838367633,1.692084312,138.3770817,-25.79834622,71.99991667,66.3283832,14.13718364,13.02357804
1.851723333,27.195348,-6.802338133,1.692733602,138.5044461,-25.66242175,71.61893987,66.8367244,14.06237884,13.12339084
1.852711,27.241612,-6.805808567,1.693035713,138.7400662,-25.67551427,71.65563632,67.03564802,14.06958419,13.16244949
1.853695867,27.28317467,-6.7996906,1.69340469,138.9517426,-25.6524337,71.59094479,67.31201597,14.05688201,13.21671434
1.854741367,27.31848233,-6.8068398,1.693926989,139.1315627,-25.67940469,71.6665406,67.41624021,14.07172525,13.23717876
1.855684967,27.365553,-6.8065435,1.69417308,139.3712911,-25.67828687,71.66340752,67.65910167,14.07111007,13.28486461
1.856766367,27.39946733,-6.759717333,1.694751927,139.5440149,-25.50163102,71.16826651,68.32696656,13.97388913,13.41599988
1.857688633,27.43100367,-6.752714667,1.695206877,139.7046278,-25.47521284,71.09422015,68.56162577,13.95935013,13.46207522
1.858733867,27.47812333,-6.7669228,1.695553876,139.9446057,-25.52881428,71.24445729,68.65136656,13.98884919,13.47969582
1.859691767,27.53786667,-6.786991,1.695626479,140.2488753,-25.60452333,71.45665892,68.74343452,14.03051498,13.49777337
1.860720067,27.568839,-6.7496708,1.696195821,140.4066157,-25.46372958,71.06203423,69.29579964,13.95303042,13.60623026
1.8616932,27.60468533,-6.7590491,1.696637771,140.5891792,-25.49911005,71.1612006,69.37919672,13.97250174,13.62260528
1.8627078,27.64976967,-6.728493233,1.696984296,140.8187913,-25.38383534,70.83810213,69.93190727,13.90906135,13.73112999
1.8637004,27.70794567,-6.778776967,1.697114825,141.1150785,-25.57353517,71.36980353,69.69649311,14.01346092,13.68490642
1.864705767,27.742468,-6.760197967,1.697608628,141.2908989,-25.50344425,71.17334874,70.06876829,13.97488702,13.75800265
1.865755867,27.77743433,-6.745617667,1.698140586,141.4689806,-25.44843878,71.0191763,70.40102239,13.94461527,13.82324075
1.8666916,27.85218667,-6.8095778,1.697968614,141.8496902,-25.68973403,71.69549228,70.10541602,14.07740991,13.76519844
1.867731633,27.89075933,-6.8103156,1.698437065,142.0461387,-25.69251745,71.7032938,70.29406303,14.07894174,13.80223928
1.868741233,27.934753,-6.803502233,1.698794752,142.2701961,-25.66681342,71.63124909,70.59016511,14.06479576,13.86037892
1.869701733,27.96971833,-6.7714448,1.699237124,142.4482726,-25.54587392,71.29227302,71.10721774,13.99823781,13.9619022
1.870714367,28.015837,-6.789306,1.699566355,142.6831525,-25.61325688,71.48113778,71.15323288,14.0353214,13.97093728
1.871683033,28.05218067,-6.782584833,1.699996469,142.8682489,-25.58790068,71.410068,71.409399,14.02136685,14.02123549
1.872695867,28.09491033,-6.7945676,1.70037612,143.0858688,-25.63310673,71.53677407,71.50031283,14.04624559,14.03908642
1.873728933,28.15386667,-6.7991241,1.700535552,143.3861302,-25.65029653,71.58495461,71.75239373,14.05570584,14.08858251
1.874710667,28.21128767,-6.832860933,1.700666402,143.6785723,-25.77757171,71.94168869,71.68810171,14.12575057,14.07595877
1.875689733,28.25037133,-6.831067267,1.701066314,143.8776233,-25.77080494,71.92272242,71.906119,14.12202655,14.11876647
1.8767439,28.282466,-6.8059465,1.701644891,144.0410797,-25.67603463,71.65709483,72.335203,14.06987057,14.20301711
1.877723433,28.335945,-6.851590333,1.701831955,144.3134454,-25.84823003,72.13973382,72.12492969,14.16463674,14.16172994
1.878737767,28.37505533,-6.8118183,1.702266738,144.5126322,-25.69818652,71.71918338,72.74466695,14.08206166,14.28341536
1.879747533,28.41713333,-6.823171767,1.702652979,144.7269332,-25.74101847,71.83923521,72.83891611,14.10563383,14.30192118
1.880747333,28.44667433,-6.780278,1.703215031,144.8773839,-25.57919795,71.38567549,73.44292656,14.01657738,14.42051863
1.881646567,28.521344,-6.882812167,1.703007784,145.2576725,-25.96601715,72.46987423,72.73901642,14.22945981,14.28230587
1.882733167,28.57988867,-6.898535567,1.70322685,145.5558374,-26.02533507,72.63613384,72.87092165,14.26210488,14.30820547
1.883666033,28.61382433,-6.8515935,1.703656846,145.7286699,-25.84824197,72.1397673,73.54012072,14.16464331,14.4396027
1.884710267,28.65620667,-6.857320467,1.704073044,145.9445208,-25.86984746,72.20032439,73.69541458,14.17653369,14.47009465
1.885736733,28.69155467,-6.869647167,1.704575712,146.1245463,-25.91635103,72.33066721,73.74509722,14.20212651,14.47984984
1.8867172,28.729839,-6.823547533,1.704988869,146.3195264,-25.74243609,71.84320858,74.4275359,14.106414,14.61384667
1.887701767,28.766854,-6.841679133,1.705424935,146.5080418,-25.81083915,72.03493255,74.42432734,14.14405901,14.61321667
1.888790933,28.797136,-6.817703533,1.706065373,146.6622664,-25.72038908,71.78141398,74.83207051,14.09428064,14.69327704
1.889674967,28.83593833,-6.8149363,1.70637442,146.8598846,-25.70994945,71.75215319,75.0589495,14.08853528,14.73782473
1.890716467,28.89672133,-6.8274417,1.706515218,147.1694491,-25.75712717,71.88438559,75.23628165,14.11449911,14.7726439
1.891710733,28.939539,-6.815059167,1.706874998,147.3875172,-25.71041297,71.75345239,75.58528293,14.08879038,14.8411703
1.892679667,28.98246333,-6.8427585,1.707207864,147.6061285,-25.81491116,72.0463458,75.51100084,14.1463,14.82658501
1.893731,29.022689,-6.813157233,1.70766312,147.8109957,-25.70323776,71.7333413,76.0288725,14.08484156,14.92826912
1.8947328,29.061738,-6.803706333,1.708086279,148.0098701,-25.66758341,71.63340725,76.327681,14.06521951,14.98694017
1.8956798,29.107696,-6.822825567,1.708352258,148.2439318,-25.7397124,71.83557449,76.3595754,14.10491505,14.99320263
1.896708467,29.15397667,-6.845421633,1.708695122,148.4796367,-25.82495806,72.07450584,76.35634899,14.15182922,14.99256912
1.897715533,29.192897,-6.821222267,1.709125455,148.6778559,-25.73366381,71.81862115,76.81045284,14.10158626,15.08173242
1.8986891,29.22967933,-6.8006864,1.709553968,148.8651863,-25.65619044,71.60147441,77.21493004,14.0589495,15.16115151
1.899722367,29.26393,-6.786325767,1.710079697,149.0396231,-25.60201368,71.44962472,77.54121653,14.02913381,15.22521786
1.900697267,29.31450067,-6.817927867,1.710305224,149.2971768,-25.7212354,71.78378609,77.46460885,14.0947464,15.21017595
1.901725267,29.361243,-6.7973132,1.710640581,149.535233,-25.64346475,71.56580611,77.92064502,14.05194603,15.29971865
1.9027287,29.397475,-6.8058502,1.711107116,149.7197606,-25.67567133,71.65607655,78.01490221,14.06967063,15.31822605
1.903697367,29.45043867,-6.831282633,1.71129095,149.9895017,-25.77161743,71.92499971,78.01572016,14.12247369,15.31838665
1.904680833,29.50397567,-6.848170767,1.711481087,150.2621628,-25.83532941,72.10357524,78.10980569,14.157537,15.33686035
1.9057242,29.547939,-6.8506964,1.711872991,150.4860657,-25.84485758,72.13028135,78.30700248,14.16278074,15.37557994
1.9066724,29.59205767,-6.8444743,1.712167425,150.7107597,-25.82138416,72.06448871,78.59748911,14.14986236,15.43261699
1.9076632,29.612957,-6.804501233,1.712848532,150.8171989,-25.67058224,71.64181254,79.12660446,14.06686989,15.53650879
1.908730067,29.65122033,-6.8058718,1.7133484,151.012072,-25.67575282,71.65630495,79.30698516,14.06971548,15.57192654
1.909665633,29.69574667,-6.7862566,1.713624161,151.2388422,-25.60175274,71.44889335,79.74116698,14.02899021,15.65717814
1.910694667,29.73194867,-6.782134067,1.714116741,151.423217,-25.58620012,71.40530159,79.96913358,14.02043097,15.70193938
1.911685167,29.78327233,-6.783213267,1.714346709,151.6846057,-25.5902715,71.41671307,80.21911077,14.02267161,15.7510224
1.912712533,29.82075967,-6.793093667,1.714818576,151.8755267,-25.62754618,71.52118866,80.30555616,14.04318539,15.76799595
1.9136788,29.862207,-6.779366,1.715170663,152.0866157,-25.57575735,71.37603198,80.66180188,14.01468388,15.8379448
1.914727233,29.90941033,-6.770961267,1.715519621,152.3270198,-25.54404975,71.28716013,80.99107777,13.99723389,15.90259812
1.915721833,29.94180467,-6.758973933,1.716034191,152.4920024,-25.49882647,71.16040578,81.28281472,13.97234568,15.95988067
1.9166974,29.99333,-6.7779913,1.716246238,152.7544181,-25.57057117,71.36149587,81.34414038,14.01182971,15.97192196
1.917739,30.04873467,-6.797537467,1.716466833,153.0365911,-25.64431081,71.56817751,81.41963174,14.05241165,15.98674469
1.918670233,30.08449833,-6.767753167,1.716868109,153.2187336,-25.53194691,71.25323761,81.91671408,13.9905732,16.08434681
1.919688767,30.13231867,-6.786515233,1.717178025,153.4622799,-25.60272846,71.45162815,81.96186992,14.02952719,16.09321316
1.920722367,30.170265,-6.7899912,1.717649323,153.6555386,-25.61584185,71.4883831,82.1183736,14.03674402,16.12394266
1.9217234,30.207344,-6.753463733,1.718100907,153.8443799,-25.47803876,71.10214079,82.69345727,13.96090534,16.23686033
1.9227183,30.25644867,-6.7627538,1.718368158,154.0944674,-25.51308635,71.20037418,82.84531131,13.98019347,16.26667688
1.923702667,30.31091433,-6.795717867,1.718545434,154.3718581,-25.63744621,71.54893701,82.77413919,14.04863378,16.25270223
1.924689833,30.35361667,-6.791651733,1.718899824,154.5893388,-25.62210636,71.50594162,83.03461527,14.04019164,16.30384671
1.925713333,30.39675833,-6.7974121,1.719284036,154.809057,-25.64383785,71.56685188,83.1934232,14.05215137,16.33502865
1.926677467,30.42664633,-6.757795633,1.719805279,154.9612749,-25.49438123,71.14794641,83.76454665,13.96989928,16.44716874
1.927759633,30.48224633,-6.783933,1.720063546,155.2444427,-25.59298676,71.42432355,83.77133732,14.02416593,16.44850208
1.928665667,30.51548867,-6.7704301,1.720476984,155.4137442,-25.54204587,71.28154356,84.08341873,13.99613108,16.50977927
1.929679167,30.53437467,-6.737676933,1.721210625,155.5099295,-25.41848166,70.93521079,84.52593688,13.92812864,16.59666771
1.930644933,30.58648267,-6.7493669,1.721404238,155.7753128,-25.46258309,71.05882078,84.66771014,13.95239946,16.62450489
1.931722667,30.63165333,-6.7369682,1.721812617,156.0053646,-25.4158079,70.92771663,85.02886607,13.92665716,16.69541785
1.932684867,30.67356733,-6.772999767,1.722153721,156.2188303,-25.55174017,71.30871528,84.86133317,14.00146625,16.66252277
1.9337327,30.72277,-6.764542733,1.722472453,156.4694169,-25.51983526,71.21929041,85.20134458,13.98390767,16.72928401
1.934712433,30.789825,-6.817586133,1.722458543,156.8109244,-25.71994618,71.78017259,84.98196991,14.09403689,16.68620979
1.935683267,30.831646,-6.8019956,1.722809659,157.0239165,-25.66112951,71.61531792,85.35981668,14.06166767,16.76040001
1.936665833,30.86120367,-6.782532367,1.72335423,157.1744521,-25.58770275,71.40951322,85.71615699,14.02125792,16.83036742
1.937696433,30.911768,-6.818538667,1.723635551,157.4319735,-25.72353969,71.7902447,85.59294694,14.09601455,16.80617513
1.938688267,30.960839,-6.812699,1.723900234,157.6818895,-25.70150904,71.72849593,85.90461168,14.08389018,16.8673705
1.939701733,31.00207967,-6.7971042,1.724302583,157.891926,-25.64267627,71.56359614,86.27954797,14.0515121,16.94098924
1.9407067,31.052672,-6.827702533,1.724557855,158.14959,-25.75811119,71.88714365,86.2136645,14.11504066,16.92805302
1.9416554,31.092514,-6.783759133,1.724916163,158.3525032,-25.59233083,71.42248508,86.88123623,14.02380495,17.05913073
1.942658733,31.14402667,-6.806480533,1.725156165,158.6148544,-25.67804932,71.66274171,86.90333084,14.07097933,17.06346901
1.943699067,31.186605,-6.833891367,1.725565558,158.8317036,-25.78145911,71.95258452,86.8303372,14.12788997,17.04913671
1.944670367,31.22816233,-6.837571167,1.725921048,159.0433529,-25.79534148,71.99149481,87.00307617,14.13553001,17.08305401
1.945703,31.260134,-6.775043133,1.726479914,159.2061828,-25.55944895,71.33032189,87.82707908,14.0057087,17.24484698
1.946729133,31.32033033,-6.8269631,1.726614038,159.5127595,-25.75532161,71.87932486,87.58465279,14.11350544,17.19724658
1.947659767,31.358264,-6.822469733,1.726982558,159.7059537,-25.73836999,71.8318119,87.82535989,14.10417627,17.24450941
1.948686133,31.399915,-6.8229974,1.727391726,159.91808,-25.74036066,71.83739146,88.03190663,14.10527181,17.28506487
1.9497247,31.426,-6.798733233,1.728043757,160.0509295,-25.64882195,71.58082157,88.42132602,14.05489432,17.36152736
1.950685933,31.468244,-6.775646033,1.728379004,160.2660759,-25.56172344,71.33669697,88.88059704,14.00696045,17.45170523
1.9517024,31.50377,-6.781415467,1.728869035,160.4470079,-25.58348914,71.39770309,89.00052293,14.018939,17.47525268
1.952693567,31.53939733,-6.745221133,1.729332264,160.628456,-25.44694282,71.01498334,89.56469077,13.94379198,17.58602703
1.953689767,31.596934,-6.7649568,1.729475866,160.9214871,-25.52139737,71.22366876,89.64903651,13.98476736,17.60258832
1.9546693,31.64690567,-6.785654233,1.729714903,161.1759902,-25.59948026,71.44252391,89.68468437,14.02773957,17.60958778
1.9557357,31.68044033,-6.753927067,1.730284375,161.3467804,-25.47978672,71.10704009,90.19095844,13.96186732,17.70899469
1.956671533,31.731223,-6.788249333,1.730467694,161.6054138,-25.60927051,71.46996456,90.08666736,14.03312754,17.68851714
1.9576816,31.76662,-6.7757303,1.730953236,161.7856888,-25.56204135,71.337588,90.39931894,14.0071354,17.74990627
1.958691033,31.82068567,-6.774990067,1.731161506,162.0610424,-25.55924875,71.32976076,90.68249972,14.00559853,17.80550882
1.959728833,31.87579567,-6.812293067,1.731382668,162.3417146,-25.69997762,71.72420358,90.56872917,14.08304737,17.78316997
1.9607019,31.925737,-6.840644833,1.731615687,162.5960632,-25.80693716,72.02399584,90.52328544,14.14191158,17.7742471
1.961730367,31.959056,-6.823502067,1.732150422,162.765755,-25.74226456,71.84272781,90.87424534,14.10631961,17.84315807
1.962697833,31.99775067,-6.8176252,1.732544498,162.9628249,-25.72009356,71.78058568,91.13345733,14.094118,17.89405435
1.963650533,32.048129,-6.803377833,1.732750675,163.219399,-25.66634411,71.62993369,91.54068347,14.06453748,17.9740132
1.9646857,32.07573267,-6.7722777,1.733376801,163.359983,-25.54901611,71.30108013,92.01012102,13.99996708,18.06618726
1.9656646,32.11059033,-6.758066333,1.733839169,163.5375112,-25.49540247,71.1508088,92.33792058,13.97046131,18.13055071
1.9667269,32.15453767,-6.774296433,1.734250243,163.7613327,-25.55663196,71.32242626,92.39012452,14.0041584,18.14080095
1.967649033,32.19886067,-6.7662301,1.734515583,163.9870673,-25.526201,71.23713266,92.70115278,13.987411,18.20187135
1.9687143,32.23101233,-6.7559118,1.735104416,164.150814,-25.4872743,71.12802671,92.97400544,13.96598804,18.25544597
1.969649633,32.268035,-6.7326107,1.735491135,164.3393685,-25.39936885,70.88164032,93.40894628,13.91761008,18.3408466
1.9706557,32.32389433,-6.777583567,1.735669459,164.6238571,-25.56903296,71.35718449,93.21789069,14.01098317,18.30333284
1.971688333,32.37943733,-6.8001676,1.735879038,164.9067346,-25.65423322,71.5959886,93.2619641,14.05787236,18.31198665
1.972730667,32.428447,-6.800535667,1.73619513,165.1563382,-25.65562179,71.59988055,93.50767575,14.05863655,18.36023213
1.973685167,32.45947867,-6.7627465,1.736689792,165.3143808,-25.51305881,71.20029699,94.06530192,13.98017831,18.46972203
1.974723267,32.490148,-6.754445867,1.737273424,165.470578,-25.48174394,71.1125259,94.30927028,13.96294446,18.51762522
1.9756619,32.53207767,-6.751070633,1.737590729,165.6841236,-25.46901058,71.0768361,94.55850562,13.95593677,18.56656258
1.9766593,32.571926,-6.7195236,1.737997643,165.887069,-25.3499966,70.74325701,95.09503013,13.89043851,18.67190917
1.977652333,32.61126767,-6.703547467,1.738407699,166.087434,-25.28972523,70.57432499,95.46432714,13.85726871,18.74442063
1.978695233,32.654421,-6.744050367,1.738811138,166.3072116,-25.442526,71.00260363,95.25582611,13.94136122,18.70348146
1.979660233,32.69621233,-6.7236441,1.73915686,166.5200526,-25.36554156,70.78682728,95.68444348,13.89899354,18.78764048
1.9806853,32.741054,-6.707938067,1.739517448,166.7484288,-25.30628916,70.6207513,96.07889565,13.86638452,18.86509116
1.981657133,32.791687,-6.748350433,1.739738985,167.0063,-25.45874838,71.04807264,95.90944546,13.95028906,18.83181962
1.982641333,32.83338733,-6.741965433,1.740105255,167.2186775,-25.4346604,70.98055749,96.18933816,13.93703246,18.88677655
1.9837137,32.87618333,-6.7334286,1.740543457,167.4366353,-25.40245445,70.89028881,96.49756457,13.91930821,18.9472968
1.984683833,32.92787067,-6.759286733,1.74074767,167.6998761,-25.50000654,71.16371334,96.48738086,13.97299511,18.94529723
1.985699933,32.97853333,-6.7722284,1.741013034,167.9578983,-25.54883012,71.30055883,96.60855761,13.99986473,18.96909029
1.986750133,33.023056,-6.767372267,1.741403482,168.1846499,-25.53050993,71.24920996,96.88665803,13.98978238,19.0236953
1.987629467,33.060224,-6.780507867,1.741732047,168.3739445,-25.58006514,71.38810611,96.9370565,14.01705463,19.03359104
1.988668733,33.103579,-6.766005667,1.742128865,168.5947492,-25.52535431,71.2347595,97.3112078,13.98694503,19.10705565
1.989638267,33.15839267,-6.789048667,1.742286151,168.8739122,-25.61228606,71.47841673,97.34671362,14.03478713,19.11402722
1.990665667,33.189574,-6.739132867,1.742851496,169.0327171,-25.4239743,70.95060587,98.03332935,13.93115146,19.24884422
1.991670433,33.22302367,-6.723550333,1.743360594,169.2030744,-25.36518781,70.78583578,98.36845678,13.89879886,19.31464649
1.992683733,33.27250167,-6.749995533,1.743640713,169.4550632,-25.46495467,71.06546796,98.3408134,13.95370463,19.30921871
1.9936179,33.31998967,-6.744049867,1.743871186,169.6969171,-25.44252411,71.00259834,98.64553685,13.94136018,19.36905116
1.994697733,33.36228967,-6.756795567,1.744324204,169.9123487,-25.49060839,71.13737168,98.72619514,13.96782293,19.38488842
1.9957108,33.39516167,-6.753294967,1.744850163,170.079764,-25.47740207,71.10035625,98.9306259,13.96055495,19.4250284
1.996701733,33.44414533,-6.7531317,1.74511524,170.3292352,-25.47678613,71.09862987,99.18182347,13.96021597,19.47435104
1.9976648,33.47104767,-6.7091497,1.745679659,170.4662473,-25.31086015,70.63356314,99.78390233,13.86890012,19.59256922
1.998746933,33.51749433,-6.722352833,1.74607353,170.7027977,-25.36067014,70.77317339,99.88084246,13.8963126,19.61160342
1.999643467,33.54859567,-6.711073733,1.746509193,170.8611951,-25.31811874,70.65390792,100.1585054,13.87289482,19.66612253
2.000713133,33.58748133,-6.6636906,1.747002639,171.0592378,-25.13936168,70.15287753,100.8575784,13.7745175,19.80338551
2.0016385,33.64851133,-6.687294333,1.747023643,171.3700603,-25.22840885,70.40246397,100.9188144,13.8235238,19.81540921
2.0026668,33.70519,-6.761250033,1.74721206,171.6587217,-25.50741326,71.18447332,100.4254665,13.97707134,19.71854034
2.003670067,33.754134,-6.763995667,1.747490058,171.9079908,-25.51777141,71.21350571,100.6457032,13.98277185,19.76178383
2.004637867,33.788878,-6.740067333,1.74794301,172.0849402,-25.42749965,70.96048694,101.0756713,13.93309161,19.84620807
2.005497033,33.82568633,-6.7308178,1.748256738,172.272403,-25.39260497,70.86268215,101.360939,13.91388764,19.90222037
2.005940067,33.84690433,-6.745508667,1.748385356,172.3804652,-25.44802757,71.01802373,101.3136596,13.94438896,19.89293705
2.006470833,33.86670033,-6.763497833,1.748622779,172.4812851,-25.51589329,71.20824161,101.2242616,13.98173824,19.87538377
2.0061384,33.857213,-6.727630133,1.748430932,172.4329666,-25.38057922,70.82897569,101.5552091,13.90726938,19.9403653
2.0057494,33.835457,-6.753785767,1.74836432,172.3221645,-25.47925366,71.10554598,101.1678366,13.96157395,19.86430473
2.004968467,33.79706333,-6.748050567,1.748152317,172.1266276,-25.45761711,71.04490184,101.0329439,13.94966648,19.83781854
2.0039579,33.73264567,-6.693411967,1.748096312,171.7985519,-25.25148816,70.46715197,101.2826181,13.83622529,19.88684206
2.003040467,33.67793167,-6.7075882,1.747989649,171.5198964,-25.30496925,70.6170518,100.8540628,13.86565812,19.80269522
2.0019424,33.63028833,-6.699069367,1.747597577,171.2772515,-25.2728312,70.52697345,100.7014962,13.84797124,19.77273877
2.001023567,33.58903,-6.7429824,1.747290124,171.067125,-25.438497,70.99131092,100.0270322,13.9391439,19.64030778
1.999989133,33.54913833,-6.7446019,1.746846818,170.8639589,-25.44460671,71.00843556,99.80674149,13.94250632,19.59705369
1.999003733,33.47973733,-6.6694697,1.746889826,170.5105034,-25.16116384,70.21398587,100.2477356,13.78651613,19.68364289
1.997988267,33.438464,-6.718836933,1.746485961,170.3003005,-25.34740609,70.73599618,99.51552243,13.88901285,19.53987283
1.9970129,33.395621,-6.727635233,1.746145456,170.0821034,-25.38059846,70.82902961,99.2042919,13.90727996,19.47876271
1.995974233,33.35624067,-6.7160565,1.74569034,169.8815415,-25.33691666,70.70659581,99.12616378,13.88324009,19.46342226
1.9950453,33.31556833,-6.752157867,1.745364103,169.6743995,-25.47311226,71.08833253,98.53728505,13.95819409,19.34779592
1.993991967,33.256672,-6.722563067,1.745183515,169.3744436,-25.36146326,70.7753964,98.55026532,13.89674908,19.3503446
1.992995333,33.22343333,-6.732169633,1.744679424,169.2051609,-25.39770488,70.87697647,98.27940251,13.91669433,19.29716068
1.991986867,33.16370267,-6.718858733,1.744556066,168.9009558,-25.34748834,70.73622669,98.11594721,13.88905811,19.26506623
1.991001467,33.113566,-6.740811033,1.744313608,168.6456124,-25.43030533,70.96835084,97.62847971,13.93463569,19.16935199
1.989985167,33.077426,-6.766744633,1.743832842,168.4615533,-25.52814213,71.24257335,97.17019813,13.98847928,19.0793684
1.989035967,33.03703433,-6.7696864,1.74348218,168.2558408,-25.5392402,71.27367966,96.93337923,13.994587,19.03286901
1.9880126,32.97123967,-6.707342467,1.74343378,167.9207521,-25.3040422,70.61445341,97.25751677,13.86514793,19.09651342
1.987015833,32.93931833,-6.760537933,1.742910034,167.7581784,-25.5047268,71.17694355,96.53245299,13.97559287,18.95414715
1.986003367,32.890351,-6.755960133,1.742623182,167.5087904,-25.48745665,71.12853779,96.33147076,13.96608839,18.91468428
1.984971633,32.838377,-6.757572967,1.742361617,167.2440896,-25.4935412,71.14559193,96.04971584,13.96943697,18.8593617
1.983977033,32.773814,-6.7294208,1.742323733,166.9152737,-25.38733467,70.84791024,96.01858163,13.91098718,18.8532485
1.983015733,32.722919,-6.7084885,1.742116612,166.6560682,-25.30836571,70.6265716,95.98071478,13.86752733,18.84581335
1.981988533,32.671063,-6.679300133,1.741857831,166.3919684,-25.19825002,70.31793311,96.02525344,13.80692617,18.85455851
1.9810007,32.638274,-6.739350767,1.741355876,166.2249758,-25.42479634,70.95290995,95.22328399,13.93160387,18.69709181
1.979992633,32.608375,-6.7810243,1.740790863,166.0727018,-25.58201343,71.39356689,94.63035305,14.01812686,18.58066982
1.978997467,32.554624,-6.752007633,1.740592197,165.7989509,-25.47254549,71.08674396,94.66342502,13.95788218,18.5871635
1.9779548,32.49547233,-6.727147767,1.740426059,165.4976946,-25.37875945,70.82387513,94.62503759,13.90626788,18.57962613
1.977033267,32.448902,-6.733639067,1.740194621,165.2605144,-25.40324845,70.89251429,94.31921822,13.91974518,18.5195785
1.975990633,32.39508433,-6.730148167,1.739949475,164.9864239,-25.39007872,70.85560143,94.0820406,13.91249734,18.47300867
1.975007133,32.357645,-6.7376504,1.739520764,164.7957474,-25.41838156,70.93493023,93.81203529,13.92807355,18.41999313
1.974018867,32.30902433,-6.741432033,1.739252974,164.5481249,-25.43264811,70.97491731,93.52442576,13.93592501,18.363521
1.9729864,32.27725967,-6.789877867,1.738691207,164.3863492,-25.61541429,71.48718471,92.85038262,14.03650872,18.23117263
1.971966633,32.22340067,-6.7666659,1.738469541,164.1120482,-25.5278451,71.24174082,92.82152552,13.98831581,18.22550654
1.971015233,32.17375833,-6.769672567,1.738253758,163.8592225,-25.53918801,71.27353339,92.53690722,13.99455828,18.16962173
1.969962633,32.12082767,-6.734288367,1.737985502,163.5896494,-25.40569799,70.89938001,92.64148756,13.92109326,18.19015608
1.9690199,32.08321133,-6.755520333,1.73760018,163.3980715,-25.48579746,71.12388733,92.22540227,13.96517528,18.10845773
1.9679926,32.04081667,-6.801603,1.737201098,163.1821577,-25.65964839,71.61116656,91.52220928,14.06085255,17.97038579
1.966989067,31.99790833,-6.8013331,1.736833395,162.9636279,-25.65863017,71.60831263,91.30653338,14.06029218,17.92803783
1.9659984,31.950444,-6.788304033,1.736546071,162.7218946,-25.60947687,71.47054296,91.20256974,14.03324111,17.90762457
1.964976233,31.89207833,-6.756546833,1.736388786,162.4246414,-25.48967002,71.13474157,91.24111793,13.96730651,17.91519351
1.9640192,31.848512,-6.792593667,1.736077333,162.2027604,-25.62565989,71.51590165,90.63807685,14.04214729,17.79678639
1.963006233,31.806144,-6.791357367,1.735692189,161.9869824,-25.62099584,71.50282898,90.43537157,14.03958047,17.75698521
1.9620179,31.744663,-6.756789967,1.735614902,161.673863,-25.49058727,71.13731247,90.48776866,13.9678113,17.76727338
1.961009333,31.705038,-6.7638709,1.735193512,161.472055,-25.51730071,71.21218642,90.21108671,13.9825128,17.71294687
1.959992667,31.66841233,-6.808529833,1.734719577,161.2855225,-25.68578049,71.68441106,89.55232952,14.07523411,17.5835999
1.958984733,31.62185233,-6.782917333,1.734401585,161.0483949,-25.58915507,71.41358387,89.58602913,14.02205719,17.59021682
1.957985867,31.580016,-6.837828333,1.734022663,160.8353247,-25.79631167,71.9942141,88.7923287,14.13606394,17.43437374
1.9570279,31.531449,-6.8123291,1.733784378,160.5879756,-25.70011355,71.72458459,88.81460909,14.08312219,17.43874849
1.956005267,31.46725167,-6.776888667,1.733713042,160.261022,-25.56641139,71.3498366,88.86240351,14.00954042,17.44813293
1.955044133,31.44030133,-6.845967467,1.733151268,160.1237654,-25.82701727,72.08027749,87.99470602,14.15296249,17.27776053
1.954032267,31.38825767,-6.827334733,1.732910602,159.8587098,-25.75672363,71.88325452,87.92667339,14.11427703,17.26440232
1.952977267,31.33894667,-6.818658967,1.732586309,159.6075715,-25.72399354,71.79151676,87.76727288,14.09626432,17.23310403
1.952004933,31.283409,-6.811633267,1.732436951,159.3247212,-25.69748846,71.71722684,87.55871245,14.08167749,17.19215319
1.951010767,31.23944867,-6.807052767,1.732094203,159.1008335,-25.68020812,71.66879252,87.38325915,14.07216741,17.15770293
1.949997533,31.192603,-6.817895567,1.731775145,158.8622511,-25.72111354,71.78344455,87.03002466,14.09467934,17.08834534
1.949032,31.13634867,-6.761409267,1.731643207,158.5757508,-25.50801398,71.18615705,87.34081186,13.97740194,17.14936841
1.948011367,31.09198867,-6.782148833,1.731279915,158.3498277,-25.58625583,71.40545773,86.89558809,14.02046163,17.06194872
1.946963633,31.04302667,-6.787806833,1.730957717,158.1004669,-25.60760114,71.46528556,86.58639942,14.03220882,17.00123953
1.945995467,30.99957833,-6.801406233,1.730633382,157.8791868,-25.65890608,71.60908594,86.22131901,14.06044402,16.92955599
1.944987267,30.95370767,-6.806619633,1.730304909,157.64557,-25.67857409,71.66421256,85.93257556,14.07126814,16.87286121
1.943999067,30.89294667,-6.758194933,1.730217085,157.3361175,-25.49588763,71.15216862,86.13516699,13.97072831,16.91264004
1.943031067,30.87029633,-6.831636767,1.729584726,157.2207605,-25.77295343,71.92874433,85.24323435,14.12320895,16.73750906
1.942003733,30.81634133,-6.8183508,1.729356915,156.9459706,-25.72283095,71.7882582,85.10893056,14.0956245,16.71113852
1.940996667,30.775815,-6.803885467,1.728950381,156.7395722,-25.6682592,71.63530141,85.05548891,14.06559143,16.70064525
1.9400264,30.72511967,-6.7970602,1.728731335,156.4813836,-25.64251028,71.56313088,84.86947083,14.05142075,16.6641206
1.938997133,30.681731,-6.829603867,1.728345016,156.2604074,-25.76528414,71.90724839,84.30437717,14.11898822,16.55316446
1.9379942,30.626826,-6.8147736,1.728155683,155.9807792,-25.70933565,71.7504328,84.18156455,14.08819748,16.5290502
1.9369994,30.57787067,-6.8178078,1.72788632,155.7314523,-25.72078243,71.7825165,83.90015397,14.09449711,16.47379523
1.936015,30.52853433,-6.795373767,1.727633002,155.480185,-25.63614806,71.54529849,83.88610468,14.04791936,16.47103665
1.9349425,30.477963,-6.757657033,1.727309885,155.222628,-25.49385835,71.14648085,84.02736524,13.96961151,16.49877316
1.9339944,30.44108767,-6.794486867,1.726908216,155.0348239,-25.63280215,71.53592039,83.4501216,14.04607797,16.38543138
1.932959367,30.38240533,-6.788927567,1.726742757,154.7359579,-25.6118292,71.47713622,83.21003981,14.0345357,16.33829132
1.932029533,30.32897133,-6.7876992,1.726604726,154.4638214,-25.60719508,71.46414744,82.95089209,14.03198535,16.28740766
1.930954467,30.28698967,-6.782695933,1.726151758,154.250011,-25.58831981,71.41124278,82.78998638,14.02159752,16.25581383
1.9300404,30.223895,-6.7291975,1.726172649,153.9286733,-25.38649225,70.84554906,83.03434235,13.91052356,16.30379312
1.928999167,30.196037,-6.794979867,1.725544225,153.786794,-25.63466204,71.54113338,82.19687873,14.04710154,16.13935714
1.927997833,30.15754833,-6.800804767,1.72511323,153.5907733,-25.65663699,71.60272602,81.93926539,14.05919525,16.08877476
1.927004333,30.12005167,-6.8347511,1.724675368,153.3998048,-25.78470253,71.96167536,81.38934754,14.12967496,15.98079839
1.926009067,30.07313633,-6.834736633,1.724375308,153.1608675,-25.78464795,71.96152239,81.15056324,14.12964492,15.93391309
1.9249906,30.014471,-6.811378333,1.724226164,152.8620881,-25.6965267,71.71453117,81.09877507,14.08114819,15.92374448
1.923993,29.979133,-6.818840033,1.723752214,152.6821136,-25.72467663,71.79343136,80.83990034,14.09664025,15.87291443
1.923041867,29.93350233,-6.854716967,1.723477251,152.449719,-25.86002553,72.17279491,80.22814225,14.17112828,15.75279573
1.9220045,29.90289367,-6.8704859,1.722893454,152.2938307,-25.91951522,72.33953599,79.90551288,14.20386789,15.68944745
1.920990133,29.85497933,-6.8805132,1.722589098,152.0498056,-25.9573441,72.44556491,79.55545884,14.22468667,15.62071434
1.920045233,29.78963533,-6.844612433,1.722612487,151.7170121,-25.82190528,72.06594934,79.60228093,14.15014915,15.62990786
1.919000867,29.74898033,-6.834030467,1.72217056,151.5099584,-25.78198388,71.95405537,79.50712117,14.12817877,15.61122324
1.9179971,29.71639267,-6.8682812,1.721649688,151.3439912,-25.9111978,72.31622344,78.97898586,14.19929047,15.50752387
1.9170455,29.66304733,-6.8772977,1.721488577,151.0723063,-25.94521334,72.41156413,78.61196025,14.21801062,15.4354584
1.9159909,29.623298,-6.879817033,1.721022996,150.869865,-25.95471775,72.43820362,78.38287954,14.22324128,15.3904784
1.914996167,29.572959,-6.867853167,1.720774203,150.6134912,-25.909583,72.31169741,78.25301193,14.19840179,15.36497889
1.914003967,29.51606933,-6.825425433,1.720625013,150.3237552,-25.74952063,71.86306554,78.41190779,14.11031292,15.39617809
1.9130117,29.46750033,-6.841521867,1.720352458,150.0763959,-25.81024585,72.03326961,77.99434441,14.14373249,15.31418952
1.911975833,29.42473267,-6.838695233,1.719950336,149.8585825,-25.79958212,72.00338072,77.80641987,14.1378638,15.27729054
1.911015433,29.38070467,-6.853700167,1.719642358,149.6343502,-25.85618956,72.16204325,77.4235251,14.16901719,15.20210915
1.910002767,29.331595,-6.8489917,1.719357415,149.3842373,-25.83842645,72.11225581,77.22319965,14.15924143,15.16277525
1.908994867,29.285256,-6.8832976,1.719036182,149.1482353,-25.96784849,72.47500722,76.6244462,14.23046767,15.04521001
1.908010867,29.22429933,-6.8194941,1.718955458,148.8377863,-25.72714415,71.80034748,76.98865692,14.09799823,15.11672279
1.906932433,29.190961,-6.8546082,1.718371043,148.6679959,-25.8596152,72.17164481,76.44756924,14.17090246,15.01048022
1.905985967,29.13579167,-6.8109414,1.718242094,148.3870215,-25.69487833,71.70991102,76.62832858,14.08024103,15.04597232
1.905039767,29.08051567,-6.805123,1.718114992,148.1055038,-25.67292791,71.64838712,76.40833478,14.06816081,15.00277653
1.904033567,29.038398,-6.8128133,1.717732906,147.8910008,-25.70194024,71.72970454,76.11251435,14.08412749,14.94469219
1.9029967,28.99961967,-6.813035667,1.717270669,147.6935048,-25.70277914,71.73205585,75.91266708,14.08458917,14.90545218
1.9019937,28.95303533,-6.822981633,1.716957971,147.4562533,-25.74030118,71.83722474,75.57024668,14.10523908,14.83821794
1.900950767,28.908135,-6.836146333,1.716580386,147.2275783,-25.78996617,71.97642859,75.20236784,14.13257175,14.76598493
1.9000082,28.87309267,-6.879578133,1.716157089,147.0491096,-25.95381648,72.43567749,74.56465022,14.22274527,14.64076907
1.898999933,28.80981967,-6.837281867,1.716086422,146.7268636,-25.79425007,71.98843575,74.68964597,14.13492936,14.66531199
1.898006967,28.77812167,-6.860125367,1.715563167,146.5654274,-25.88042919,72.22998347,74.28666204,14.18235725,14.58618609
1.897006667,28.74090133,-6.895446767,1.71511441,146.3758662,-26.0136823,72.6034728,73.72361155,14.25569188,14.47563113
1.8959911,28.68807733,-6.873504967,1.714881607,146.1068364,-25.93090492,72.37145968,73.68659488,14.21013611,14.4683629
1.894980433,28.64066633,-6.871503333,1.714573493,145.8653748,-25.92335358,72.35029436,73.46629852,14.2059803,14.42510772
1.8939598,28.59686567,-6.8699449,1.714201912,145.6423003,-25.91747425,72.33381545,73.25970299,14.20274466,14.38454268
1.893047867,28.54972433,-6.8593952,1.713988535,145.402212,-25.87767458,72.22226267,73.1311675,14.18084127,14.35930474
1.891993733,28.50531333,-6.868415367,1.713592499,145.1760292,-25.91170395,72.31764213,72.8096052,14.19956903,14.29616598
1.8910577,28.463363,-6.8804779,1.713278099,144.9623784,-25.95721093,72.44519164,72.46840489,14.22461338,14.2291713
1.889998533,28.414961,-6.860622567,1.71293617,144.7158696,-25.88230493,72.23524087,72.43184688,14.18338955,14.22199313
1.889008133,28.37561033,-6.883929067,1.712528881,144.5154588,-25.97023076,72.48168436,71.98499255,14.23177872,14.13425329
1.887990233,28.318415,-6.850261533,1.71235852,144.224166,-25.84321701,72.12568306,72.0497011,14.16187787,14.14695881
1.886982333,28.270054,-6.866379267,1.71206725,143.9778661,-25.90402259,72.29611235,71.63297183,14.19534166,14.06513402
1.8860027,28.224606,-6.8694361,1.71176108,143.7464018,-25.91555476,72.32843538,71.36918458,14.20168829,14.01333939
1.885034767,28.19548767,-6.917111567,1.711224632,143.5981037,-26.09541467,72.83255691,70.71676494,14.30067255,13.8852368
1.8839853,28.15059333,-6.893511733,1.710840424,143.3694593,-26.00638221,72.58301171,70.73766572,14.25167435,13.88934066
1.883022067,28.096615,-6.891295433,1.71067706,143.0945505,-25.99802103,72.5595765,70.48619217,14.24707285,13.83996383
1.8819861,28.04595,-6.8756679,1.710391864,142.8365164,-25.93906478,72.39433059,70.39340396,14.21462681,13.82174487
1.881018,28.00811233,-6.923529433,1.709984455,142.6438112,-26.11962664,72.90041959,69.69460976,14.31399739,13.68453663
1.8800262,27.95192133,-6.8778359,1.709825312,142.3576335,-25.94724375,72.41725507,69.89159653,14.21912803,13.72321498
1.879058367,27.89201867,-6.8565871,1.709745137,142.0525524,-25.86708077,72.19256975,69.81120079,14.17501107,13.70742928
1.877995733,27.861623,-6.876713767,1.709132917,141.8977489,-25.9430104,72.40538961,69.44357744,14.21679825,13.63524643
1.877032267,27.81551033,-6.859436867,1.708852763,141.6628996,-25.87783177,72.22270325,69.39141446,14.18092778,13.62500423
1.876050133,27.776038,-6.912004967,1.708455544,141.4618691,-26.07614957,72.7785596,68.63452764,14.29007018,13.4763895
1.874991067,27.71687767,-6.867018867,1.708273134,141.1605687,-25.90643553,72.3028755,68.80891134,14.1966696,13.51062974
1.874009767,27.69384267,-6.949491367,1.707633175,141.0432527,-26.21757033,73.1749417,67.81952913,14.3678998,13.31636454
1.873011233,27.62824267,-6.849517333,1.707606724,140.7091554,-25.84040945,72.11781387,68.54255968,14.16033275,13.45833159
1.871995867,27.58557967,-6.912356233,1.707223552,140.4918751,-26.07747476,72.7822739,67.66081928,14.29079948,13.28520186
1.8710613,27.53242833,-6.910776467,1.707076599,140.2211782,-26.07151495,72.76556941,67.40682688,14.28751955,13.23533046
1.869990933,27.48360767,-6.887667333,1.706729674,139.9725371,-25.9843337,72.52121288,67.40254238,14.23954015,13.2344892
1.869006867,27.430934,-6.8912646,1.706526143,139.704273,-25.9979047,72.55925047,67.09624064,14.24700883,13.17434685
1.868018833,27.38784267,-6.864873867,1.706176651,139.4848111,-25.89834333,72.28019422,67.15583504,14.19221613,13.18604821
1.8670187,27.34481367,-6.8602581,1.705814136,139.2656668,-25.88092994,72.23138699,66.98549789,14.18263284,13.15260251
1.865979833,27.29029833,-6.8387138,1.705583096,138.9880231,-25.79965217,72.00357705,66.93566417,14.13790235,13.14281766
1.865056967,27.25804,-6.88365,1.705138244,138.8237331,-25.96917795,72.4787335,66.29621775,14.23119932,13.01726236
1.8639805,27.205926,-6.86519,1.70483402,138.5583193,-25.89953597,72.28353702,66.22600043,14.19287249,13.00347519
1.863013267,27.147663,-6.823077667,1.704730147,138.261589,-25.74066347,71.8382402,66.37456693,14.10543846,13.03264622
1.861997433,27.11393533,-6.868759933,1.704214102,138.0898158,-25.91300386,72.32128558,65.71974835,14.20028442,12.90407259
1.860988567,27.05363733,-6.828238667,1.704098751,137.7827213,-25.7601338,71.89281273,65.84112672,14.11615378,12.92790523
1.859962667,27.004121,-6.804324,1.7038066,137.5305373,-25.66991361,71.63993848,65.84181696,14.06650192,12.92804076
1.859090533,26.95963233,-6.8181249,1.703593715,137.3039589,-25.72197872,71.78586952,65.46930752,14.09515548,12.85489853
1.8579843,26.92451033,-6.822447467,1.703007931,137.1250845,-25.73828599,71.83157645,65.24472614,14.10413004,12.81080198
1.857027233,26.87475333,-6.828613567,1.70278818,136.8716747,-25.76154814,71.89677694,64.92611592,14.11693215,12.74824286
1.856022333,26.841526,-6.878133933,1.702275654,136.7024497,-25.9483681,72.42040648,64.23326135,14.21974681,12.61220087
1.855017733,26.79817,-6.878748067,1.701913518,136.4816399,-25.95068498,72.42690034,64.00595771,14.22102188,12.5675698
1.853968933,26.75837467,-6.910119233,1.701454418,136.2789644,-26.06903547,72.75861981,63.47156275,14.286155,12.46264135
1.8530291,26.71069767,-6.882526233,1.701221078,136.036148,-25.96493844,72.46685077,63.52051539,14.22886615,12.4722532
1.852018933,26.660551,-6.8663629,1.700954002,135.7807538,-25.90396084,72.29593929,63.43603259,14.19530768,12.455665
1.851024233,26.59622533,-6.8352432,1.700912501,135.4531466,-25.78655902,71.96687884,63.43748588,14.13069666,12.45595035
1.850018833,26.56459233,-6.867037767,1.700375849,135.2920414,-25.90650683,72.30307535,62.9401842,14.19670884,12.35830517
1.848989133,26.52790833,-6.886096467,1.699889745,135.1052118,-25.97840746,72.5046025,62.55182741,14.2362787,12.28205131
1.847992367,26.468087,-6.860068467,1.699779431,134.8005449,-25.88021453,72.2293818,62.52238127,14.18223912,12.27626956
1.847007833,26.410842,-6.812218667,1.699643173,134.5089992,-25.69969694,71.72341687,62.73680049,14.0828929,12.31837078
1.846000867,26.37924267,-6.860682,1.699104456,134.3480655,-25.88252914,72.23586932,62.06341434,14.18351294,12.1861514
1.845028133,26.33980467,-6.860321667,1.698716128,134.1472099,-25.88116975,72.23205915,61.86636889,14.18276481,12.14746153
1.843973433,26.29166167,-6.877771233,1.698374827,133.9020202,-25.94699979,72.41657128,61.43666704,14.21899377,12.06308957
1.8429593,26.25366867,-6.888240333,1.697923686,133.7085239,-25.98649539,72.5272718,61.13247022,14.24072982,12.00336053
1.841984733,26.206906,-6.893875267,1.697642065,133.4703641,-26.00775368,72.58685572,60.83472655,14.25242912,11.94489856
1.840972033,26.16349067,-6.9124441,1.697272707,133.2492522,-26.07780624,72.78320301,60.4172673,14.29098191,11.86293044
1.8399565,26.127904,-6.905774433,1.696784509,133.0680112,-26.05264433,72.71267779,60.30655154,14.27713428,11.84119139
1.838973367,26.06698867,-6.876370767,1.69670404,132.7577727,-25.9417164,72.40176272,60.3072281,14.21608611,11.84132424
1.837935767,26.00792233,-6.871816633,1.696541704,132.456951,-25.92453553,72.3536072,60.05456195,14.20663077,11.79171324
1.836974033,25.97154367,-6.860298767,1.696119042,132.2716764,-25.88108336,72.231817,59.99107755,14.18271727,11.77924808
1.835944333,25.90764,-6.815832133,1.696036288,131.9462185,-25.71332906,71.76162575,60.13581086,14.09039522,11.80766646
1.834957733,25.85611733,-6.826481333,1.695813168,131.6838163,-25.75350411,71.87423065,59.76080379,14.11250519,11.73403382
1.8339612,25.82109267,-6.8653302,1.695335642,131.5054376,-25.90006489,72.2850195,59.1716362,14.19316358,11.61835077
1.832985567,25.769183,-6.813020367,1.695129223,131.2410644,-25.70272142,71.73189407,59.46038849,14.0845574,11.67504728
1.831946733,25.735505,-6.878602367,1.694589442,131.0695442,-25.95013531,72.42535971,58.5954026,14.22071938,11.5052073
1.8309973,25.69066767,-6.8568853,1.694304423,130.8411901,-25.86820576,72.19572292,58.59668526,14.1756302,11.50545915
1.829999267,25.62871467,-6.821578,1.69422443,130.5256668,-25.73500585,71.82238269,58.65450219,14.10232484,11.51681151
1.8289349,25.58201667,-6.8134354,1.69385205,130.2878363,-25.70428717,71.73628264,58.50277184,14.0854191,11.48701925
1.828005867,25.53507133,-6.797774933,1.693618668,130.0487463,-25.64520667,71.57068849,58.42927593,14.05290468,11.47258833
1.826948567,25.47608267,-6.780042033,1.693435482,129.7483202,-25.57830774,71.38318038,58.31635793,14.01608747,11.45041688
1.8259818,25.43187467,-6.751973433,1.693123804,129.5231712,-25.47241647,71.08638233,58.38800701,13.95781117,11.46448518
1.8249846,25.38135833,-6.7858979,1.692875172,129.2658942,-25.60039952,71.44510045,57.77201191,14.02824547,11.34353454
1.823970733,25.34008033,-6.776768367,1.692472976,129.0556676,-25.56595755,71.34856455,57.65832118,14.00929065,11.32121136
1.8229188,25.30666333,-6.793589267,1.691916227,128.8854766,-25.62941588,71.52642915,57.31026559,14.04421436,11.25287065
1.821966567,25.301417,-6.8945535,1.691041736,128.8587573,-26.01031237,72.59402737,56.21594807,14.25383728,11.0380014
1.820937933,25.24981333,-6.855202067,1.690777783,128.5959426,-25.86185561,72.17792437,56.36923637,14.17213545,11.06809956
1.819982367,25.21348833,-6.882357933,1.690360492,128.4109413,-25.96430352,72.46507116,55.89708831,14.22851672,10.97539329
1.8189371,25.164569,-6.891534,1.690040128,128.1617978,-25.99892104,72.56209911,55.55091683,14.24756816,10.90742252
1.817948,25.11695233,-6.8874666,1.689756628,127.9192887,-25.98357641,72.51909032,55.35141649,14.23912339,10.86825063
1.8169568,25.06177933,-6.855116533,1.689583,127.6382956,-25.86153293,72.17701994,55.41249375,14.17195787,10.88024315
1.815975567,25.027201,-6.8808136,1.68911416,127.46219,-25.95847738,72.44874134,54.96466675,14.22531036,10.79231232
1.8149578,24.98277667,-6.8802649,1.688754688,127.2359392,-25.95640736,72.44293938,54.74421798,14.22417115,10.7490272
1.8139588,24.92861567,-6.867174933,1.688558264,126.9601002,-25.90702431,72.30452575,54.60679253,14.19699363,10.72204371
1.812973833,24.872589,-6.8633736,1.688403519,126.6747594,-25.89268344,72.26433036,54.36164712,14.18910127,10.67390941
1.811963233,24.82144733,-6.8211066,1.688150753,126.4142976,-25.73322745,71.81739809,54.54811763,14.10134612,10.7105229
1.810955967,24.76567133,-6.813848933,1.687969994,126.1302334,-25.70584726,71.74065535,54.3407962,14.08627768,10.66981533
1.809937833,24.72858567,-6.836140467,1.687501408,125.9413581,-25.78994404,71.97636656,53.91620969,14.13255957,10.58644777
1.808953033,24.69329767,-6.845238533,1.687039517,125.7616382,-25.8242673,72.07256973,53.64028662,14.15144907,10.53227028
1.8079869,24.64073467,-6.835557,1.68685228,125.4939377,-25.78774286,71.97019697,53.47495886,14.13134817,10.49980817
1.8069719,24.58823267,-6.804012767,1.686615272,125.2265478,-25.66873945,71.63664749,53.54111847,14.06585573,10.51279861
1.805974867,24.540224,-6.785126833,1.686329647,124.9820423,-25.5974906,71.43694717,53.49631322,14.02664458,10.5040011
1.804942367,24.487901,-6.780902533,1.686072487,124.715564,-25.58155405,71.39227932,53.27450285,14.01787405,10.46044863
1.803979033,24.44857033,-6.7934009,1.685691969,124.5152551,-25.62870525,71.52443735,52.94203585,14.04382327,10.39516874
1.802957067,24.39658633,-6.7759167,1.685440318,124.2505034,-25.56274456,71.339559,52.86216248,14.00752241,10.3794856
1.801978167,24.343359,-6.755368067,1.685250159,123.9794194,-25.48522302,71.12227726,52.80836027,13.96485914,10.36892154
1.8009574,24.30940567,-6.7955723,1.684732524,123.8064969,-25.63689705,71.54739779,52.21031724,14.04833156,10.25149579
1.7999837,24.26846,-6.803223733,1.68436557,123.5979628,-25.66576275,71.62830423,51.92087672,14.06421754,10.19466414
1.7989516,24.21113433,-6.745011667,1.684182941,123.3060063,-25.44615259,71.01276844,52.24445597,13.94335708,10.25819893
1.797975567,24.17447567,-6.792199467,1.683750128,123.1193057,-25.62417273,71.51173337,51.55879042,14.04132885,10.1235685
1.796946,24.12837833,-6.792447567,1.683403647,122.8845344,-25.62510871,71.51435678,51.32139576,14.04184395,10.07695606
1.796017033,24.08237,-6.7738188,1.683156447,122.6502165,-25.55483004,71.31737576,51.28405882,14.00316673,10.06962495
1.7949155,24.05485367,-6.816722833,1.68246266,122.5100772,-25.7166893,71.77104404,50.69025133,14.0922445,9.953030849
1.793979033,24.01126833,-6.834199733,1.682172055,122.2880995,-25.78262245,71.9558452,50.28347241,14.1285302,9.873159808
1.792958533,23.96193367,-6.816152867,1.681882613,122.0368407,-25.71453905,71.7650172,50.22304161,14.09106113,9.86129422
1.792017067,23.91942267,-6.793340233,1.681571088,121.8203344,-25.62847638,71.52379586,50.2477567,14.04369732,9.866147028
1.790969767,23.872228,-6.820821167,1.681223135,121.5799745,-25.73215063,71.81437991,49.71681275,14.1007535,9.761896184
1.790020467,23.821649,-6.8262574,1.681023331,121.3223784,-25.7526593,71.87186277,49.40173376,14.11204026,9.700030424
1.788937467,23.783893,-6.811999133,1.680499812,121.1300891,-25.69886873,71.72109552,49.36021173,14.08243711,9.691877574
1.787935633,23.73604633,-6.801077367,1.680206987,120.8864086,-25.6576654,71.6056085,49.23201825,14.05976123,9.666706784
1.786958367,23.67295133,-6.7687478,1.680164683,120.5650692,-25.53569925,71.26375488,49.25253242,13.99263827,9.670734741
1.785950133,23.64237733,-6.806122433,1.679609505,120.4093574,-25.67669836,71.65895515,48.70162041,14.07023584,9.562563168
1.7849711,23.587912,-6.790776067,1.679437557,120.1319684,-25.61880283,71.4966823,48.58650425,14.03837357,9.539960109
1.783971,23.53627067,-6.7714421,1.679202696,119.8689619,-25.54586373,71.29224447,48.52793554,13.9982322,9.528460143
1.782937067,23.48259667,-6.7575245,1.678964122,119.5956031,-25.49335836,71.14507944,48.40174178,13.96933635,9.503681998
1.7819423,23.43601167,-6.743931933,1.678659667,119.3583482,-25.4420792,71.00135131,48.308215,13.94111533,9.485318016
1.7810186,23.39050867,-6.7269616,1.678410246,119.1266039,-25.37805712,70.8219066,48.25591538,13.90588136,9.475048985
1.779962933,23.349851,-6.762196867,1.677957058,118.9195365,-25.51098527,71.19448516,47.67626951,13.97903716,9.361235519
1.779025367,23.32031,-6.778681133,1.67745724,118.7690858,-25.57317363,71.36879019,47.35151376,14.01326195,9.297469726
1.7779994,23.26064867,-6.749655567,1.677315355,118.4652339,-25.46367211,71.06187315,47.35457883,13.95299879,9.298071553
1.7769489,23.21953967,-6.751442767,1.676874021,118.2558679,-25.47041448,71.08077104,47.12631501,13.95670939,9.253251951
1.775971133,23.17494667,-6.725182233,1.676557049,118.0287582,-25.3713443,70.80309153,47.17688476,13.90218702,9.263181323
1.774960867,23.134952,-6.759324867,1.676139436,117.8250675,-25.5001504,71.16411656,46.61216905,13.97307429,9.152299393
1.7739456,23.08792233,-6.753635533,1.675821071,117.5855479,-25.47868689,71.10395741,46.43280863,13.96126204,9.117081975
1.7729654,23.02247167,-6.694342433,1.675810741,117.2522112,-25.25499843,70.47699075,46.72643857,13.83815713,9.174736212
1.7719756,22.98929167,-6.734089367,1.675312613,117.0832272,-25.40494725,70.89727578,46.13716958,13.9206801,9.059033247
1.7709135,22.92253667,-6.6723671,1.675239711,116.7432476,-25.17209454,70.24462305,46.44984268,13.79253174,9.120426611
1.7700014,22.887461,-6.690845167,1.674847374,116.5646091,-25.24180468,70.44001057,46.07581668,13.83089607,9.046986604
1.7689567,22.85958067,-6.728909667,1.674215814,116.4226161,-25.38540637,70.8425055,45.5313287,13.90992596,8.94007639
1.767993133,22.81792,-6.732398167,1.673869589,116.2104405,-25.39856705,70.87939299,45.28226568,13.91716881,8.891172866
1.7670033,22.777155,-6.749156167,1.673483825,116.0028266,-25.46178808,71.05659248,44.89745223,13.95196193,8.815614746
1.765988433,22.73510267,-6.7589369,1.673092104,115.7886563,-25.49868676,71.16001419,44.57986025,13.97226879,8.75325556
1.764941633,22.69316233,-6.759194533,1.672666789,115.5750564,-25.49965871,71.16273841,44.36353616,13.97280369,8.710780326
1.763989033,22.649604,-6.762884933,1.672359651,115.3532162,-25.51358107,71.20176079,44.10267353,13.98046573,8.659559948
1.762974567,22.59818733,-6.7509106,1.672107094,115.0913539,-25.46840684,71.0751439,43.9674281,13.9556045,8.633004508
1.761992567,22.56306967,-6.775632567,1.671645479,114.9125015,-25.56167264,71.33655457,43.52716504,14.00693249,8.546558856
1.760998133,22.51742767,-6.758164067,1.671327384,114.6800492,-25.49577118,71.15184223,43.47942513,13.97066422,8.537185124
1.7599821,22.470701,-6.755002167,1.671003762,114.4420728,-25.48384263,71.11840823,43.27488273,13.96409946,8.497023224
1.7589522,22.42552967,-6.7661185,1.670643226,114.2120177,-25.52577998,71.2359526,42.92728318,13.98717929,8.428772053
1.7579581,22.37611933,-6.740949,1.670381305,113.9603735,-25.43082582,70.9698097,42.94178191,13.93492214,8.431618877
1.756973667,22.32682667,-6.7633031,1.670127307,113.7093286,-25.51515864,71.20618249,42.45436421,13.98133393,8.335914413
1.755947333,22.28362467,-6.7231148,1.669741155,113.4893031,-25.36354472,70.78123044,42.6592908,13.8978946,8.376151748
1.755010067,22.23615833,-6.7400122,1.66950726,113.2475596,-25.42729166,70.95990396,42.2388738,13.93297714,8.29360287
1.7539701,22.18335533,-6.722526733,1.669249746,112.9786368,-25.36132619,70.77501221,42.1548427,13.89667365,8.277103364
1.752984467,22.133675,-6.712763133,1.669000293,112.7256175,-25.32449215,70.67177167,42.00506397,13.87640237,8.247694311
1.751997667,22.09239533,-6.708107167,1.668625188,112.5153824,-25.3069271,70.62253937,41.84406115,13.86673561,8.216081407
1.750958967,22.06273,-6.7477212,1.668026079,112.3642984,-25.45637454,71.04141911,41.27409746,13.94898264,8.104169037
1.7499753,22.01563533,-6.748559767,1.667740277,112.1244478,-25.45953811,71.05028613,41.02537983,13.95072368,8.05533333
1.749006767,21.97067033,-6.736567167,1.66743805,111.8954435,-25.41429497,70.92347609,40.92318555,13.92582453,8.035267482
1.747955433,21.92061467,-6.730408833,1.667128458,111.6405127,-25.39106211,70.85835773,40.73337309,13.91303854,7.997997806
1.746981433,21.8665,-6.713863533,1.666956348,111.3649096,-25.3286435,70.68340733,40.6327204,13.87868703,7.97823465
1.7459683,21.823734,-6.715261167,1.666576935,111.1471047,-25.3339162,70.69818594,40.40013685,13.88158881,7.932566871
1.744936867,21.77754967,-6.719248267,1.666229877,110.9118903,-25.34895789,70.74034563,40.12276283,13.88986686,7.878104482
1.744003267,21.72424367,-6.68412,1.666086183,110.6404057,-25.21643339,70.36889849,40.22272537,13.81693322,7.897732127
1.7429528,21.67244367,-6.660344633,1.665803306,110.3765911,-25.12673872,70.11749719,40.21031205,13.76757057,7.895294772
1.741967233,21.628101,-6.643220733,1.665474823,110.1507563,-25.0621373,69.93642866,40.16554576,13.73201777,7.886504911
1.740969367,21.58769367,-6.6625935,1.665075726,109.9449639,-25.13522277,70.14127676,39.75490529,13.77223969,7.805875653
1.7399409,21.541422,-6.669197533,1.664732928,109.7093048,-25.16013707,70.21110797,39.44941497,13.78595105,7.745892629
1.738943033,21.49315333,-6.639602933,1.664450323,109.4634751,-25.04848883,69.89817396,39.51651925,13.72450646,7.759068555
1.737965633,21.44902367,-6.6461126,1.664126851,109.2387251,-25.07304712,69.96700733,39.22293586,13.73802189,7.701423456
1.736922,21.409657,-6.666835467,1.663666566,109.0382327,-25.15122597,70.18613142,38.80331945,13.7810469,7.619031774
1.7359413,21.37252833,-6.691246667,1.663236051,108.8491384,-25.24331937,70.44425604,38.35610053,13.83172967,7.53122034
1.734981833,21.312201,-6.665662133,1.663170535,108.5418946,-25.14679946,70.17372457,38.31938814,13.77861082,7.52401186
1.7339041,21.25688633,-6.611530333,1.662912473,108.26018,-24.94258246,69.60133361,38.61006446,13.66622186,7.581086157
1.732984933,21.218516,-6.640006533,1.66256189,108.0647619,-25.05001144,69.90244164,38.11353839,13.72534442,7.483593264
1.731961967,21.18320733,-6.6388909,1.662062139,107.8849368,-25.04580262,69.8906449,37.94550999,13.72302813,7.450600886
1.730980733,21.13144033,-6.613720433,1.661848007,107.6212902,-24.95084481,69.62449178,37.94801656,13.67076896,7.451093051
1.7299456,21.08698133,-6.6342861,1.661471682,107.3948629,-25.0284306,69.84195364,37.5041274,13.7134676,7.363935416
1.7290141,21.037089,-6.615786233,1.661279503,107.1407639,-24.95863822,69.6463356,37.44564647,13.675058,7.352452684
1.727957167,20.98481067,-6.592096033,1.660997247,106.8745132,-24.86926485,69.39583486,37.42989647,13.62587217,7.349360171
1.7270201,20.93223733,-6.569649233,1.66083923,106.60676,-24.78458231,69.15848186,37.39949631,13.57926791,7.3433911
1.7259897,20.89141767,-6.564172433,1.660413709,106.3988677,-24.7639206,69.10057004,37.24951575,13.56789693,7.313942418
1.7249748,20.84383767,-6.5490098,1.660103866,106.1565453,-24.70671823,68.94023999,37.16752342,13.53641612,7.297843223
1.723989667,20.80473967,-6.557180433,1.659698099,105.9574213,-24.73754266,69.02663647,36.88200293,13.55338007,7.241781276
1.7230206,20.772503,-6.603290067,1.659206726,105.7932417,-24.91149533,69.51420084,36.23025895,13.64911333,7.113811345
1.721957133,20.724732,-6.600269,1.658851146,105.5499465,-24.90009809,69.48225601,36.01890865,13.64284097,7.072312713
1.7210221,20.67055967,-6.573646067,1.658718857,105.2740497,-24.79966072,69.20074447,36.0245234,13.58756618,7.073415169
1.719955867,20.621072,-6.549472,1.658385948,105.0220117,-24.70846192,68.94512731,36.02810253,13.53737575,7.074117932
1.7189687,20.59120067,-6.5786225,1.657841425,104.8698786,-24.81843475,69.25336539,35.56773135,13.5978983,6.983724051
1.717973167,20.55305667,-6.5667917,1.657411122,104.6756133,-24.77380201,69.12826623,35.49856517,13.57333507,6.970143271
1.716946267,20.50843233,-6.573238867,1.65704548,104.4483439,-24.79812452,69.19643873,35.20312334,13.58672074,6.912133269
1.715984767,20.46513433,-6.595950467,1.656725584,104.2278296,-24.88380604,69.43659173,34.74245595,13.63387479,6.821681226
1.714969067,20.41164167,-6.562410033,1.656502557,103.9553943,-24.75727179,69.08193438,34.82467802,13.56423782,6.83782553
1.713993467,20.36108033,-6.556763333,1.656276191,103.6978881,-24.73596912,69.02222604,34.62688021,13.55251408,6.798987929
1.7129827,20.31311433,-6.552862133,1.655976201,103.4535999,-24.72125149,68.98097466,34.42384333,13.54441437,6.759121638
1.711985267,20.26531467,-6.5255068,1.655687079,103.2101587,-24.61805108,68.69171871,34.46965815,13.48761897,6.768117378
1.710962667,20.21892033,-6.531130633,1.655351966,102.9738749,-24.63926749,68.75118526,34.17390775,13.49929523,6.710046788
1.70995,20.18282567,-6.528899667,1.654874162,102.7900467,-24.63085097,68.72759496,34.01366985,13.49466327,6.678584075
1.708993433,20.12965567,-6.5215063,1.654705486,102.5192547,-24.60295884,68.64941732,33.82105553,13.47931309,6.640764254
1.707968233,20.081281,-6.508875833,1.654397118,102.2728852,-24.55530929,68.51586247,33.70824081,13.4530896,6.618613084
1.7070288,20.04934467,-6.538655933,1.653930928,102.1102351,-24.66765735,68.83075796,33.23069529,13.51491933,6.524847021
1.7059556,19.997972,-6.5129571,1.653618985,101.8485969,-24.57070623,68.55901788,33.24079714,13.46156316,6.526830519
1.7049897,19.95487967,-6.497880133,1.653291641,101.62913,-24.51382704,68.39959367,33.18075441,13.43026022,6.515041129
1.703980733,19.914079,-6.4865645,1.652887273,101.4213344,-24.47113781,68.27994189,33.09261059,13.40676659,6.497734089
1.702970467,19.85956867,-6.491402333,1.652684758,101.1437162,-24.48938897,68.33109726,32.76383702,13.41681095,6.433179399
1.701951533,19.80287333,-6.452420733,1.652505955,100.8549699,-24.34232744,67.91890488,32.88728311,13.33587697,6.457418039
1.701032667,19.765872,-6.467430133,1.652135387,100.6665241,-24.39895172,68.07761464,32.54012755,13.36703963,6.389254045
1.699943033,19.71879667,-6.4580161,1.651743331,100.4267719,-24.36343645,67.97807042,32.39991962,13.34749413,6.361724218
1.698952867,19.66703967,-6.438715933,1.651520117,100.1631763,-24.29062487,67.77399,32.34040443,13.30742294,6.35003841
1.6979492,19.62676067,-6.4279119,1.651113318,99.95803752,-24.2498657,67.65974789,32.24950775,13.2849915,6.332190847
1.6969374,19.59033067,-6.4562621,1.65064135,99.77250149,-24.35681933,67.95952359,31.76419603,13.34385246,6.23689989
1.6959528,19.52981,-6.4151182,1.650553565,99.46427298,-24.20160033,67.524467,31.89102411,13.2584291,6.261802584
1.695050867,19.48674333,-6.411270933,1.650289808,99.24493676,-24.18708618,67.48378591,31.71236898,13.25044136,6.226723649
1.693968867,19.42496533,-6.350364233,1.650123255,98.93030473,-23.95731027,66.839757,32.04176585,13.12398629,6.291400725
1.6929608,19.384611,-6.396998867,1.649713173,98.72478228,-24.13324355,67.33287273,31.34312767,13.22080956,6.154223118
1.692012367,19.34229967,-6.388964967,1.649391723,98.50929293,-24.10293495,67.24792208,31.21258897,13.2041295,6.128591845
1.690960433,19.291729,-6.363010067,1.649089162,98.25173924,-24.00501779,66.97347435,31.22948302,13.15024169,6.131908991
1.690012633,19.23541933,-6.3392153,1.648975778,97.96495713,-23.91524993,66.72186791,31.19430735,13.10083876,6.125002248
1.6890152,19.19229333,-6.3276998,1.6486174,97.74531873,-23.87180669,66.60010274,31.09643412,13.07693017,6.10578484
1.687969,19.15418767,-6.327365867,1.648135862,97.55124862,-23.8705469,66.59657172,30.90589503,13.07623686,6.068372489
1.687002267,19.10913467,-6.324177767,1.647836739,97.32179611,-23.85851951,66.56286067,30.71015356,13.06961769,6.029938652
1.685986033,19.06674333,-6.334511933,1.647448675,97.10589933,-23.89750607,66.6721344,30.38498306,13.09107359,5.966091423
1.684976733,19.02302467,-6.315226733,1.647087213,96.88324251,-23.82475095,66.46821223,30.3662484,13.05103347,5.962412874
1.6840007,18.97011667,-6.3057788,1.646895188,96.61378491,-23.78910778,66.36830956,30.19669348,13.03141758,5.929120764
1.682982667,18.92644367,-6.313334167,1.646524316,96.39136067,-23.81761107,66.44820019,29.8943786,13.04710411,5.869761239
1.6819878,18.87733067,-6.2727475,1.646257222,96.1412308,-23.66449428,66.0190358,30.07341312,12.96283768,5.904914667
1.680986267,18.82105833,-6.2495629,1.646089551,95.85463883,-23.57702833,65.77388128,30.03197567,12.91470159,5.896778423
1.679999967,18.78550567,-6.2715516,1.645630082,95.673571,-23.65998265,66.00639032,29.61839881,12.96035474,5.815572606
1.6789988,18.74244867,-6.2855592,1.645266948,95.45428402,-23.71282755,66.15450702,29.25099512,12.98943745,5.743432892
1.6780429,18.70344567,-6.304239567,1.644889008,95.25564383,-23.78330089,66.35203367,28.85482829,13.02822181,5.665645535
1.6770039,18.65931133,-6.282100833,1.644504005,95.03087004,-23.69978056,66.11793817,28.86415,12.98225716,5.667475853
1.6759595,18.615888,-6.270044633,1.644103066,94.80971734,-23.65429748,65.99045562,28.77047985,12.95722596,5.649083718
1.6750008,18.56697067,-6.264510933,1.64386924,94.56058399,-23.63342111,65.93194215,28.57985997,12.94573684,5.611655506
1.673994,18.51781333,-6.243831033,1.643590869,94.31022833,-23.55540436,65.71327239,28.54817407,12.90280103,5.605433979
1.672965133,18.475132,-6.2391545,1.643194469,94.0928546,-23.53776172,65.66382261,28.38025011,12.89309157,5.57246211
1.672004633,18.426012,-6.2250282,1.642961846,93.84268908,-23.48446901,65.51445078,28.27945643,12.86376241,5.552671269
1.6709622,18.391601,-6.251356433,1.642429326,93.6674357,-23.5837946,65.79284615,27.82580768,12.91842534,5.463597338
1.669945933,18.34409333,-6.236420767,1.642117044,93.42548171,-23.52744847,65.63491605,27.74178379,12.88741577,5.447099246
1.668963933,18.30465833,-6.2346816,1.641719405,93.22464137,-23.52088731,65.61652606,27.55933344,12.88380489,5.411275121
1.6680108,18.258929,-6.218176033,1.641443904,92.99174433,-23.4586186,65.4419958,27.50096666,12.84953588,5.399814804
1.666996667,18.208333,-6.211146833,1.641179519,92.73406162,-23.43210033,65.36766887,27.31761088,12.83494178,5.363812896
1.666000367,18.16570933,-6.203641533,1.640814831,92.51698158,-23.40378592,65.28830765,27.17989206,12.81935921,5.336771806
1.6649714,18.116764,-6.1866733,1.640511152,92.26770563,-23.33977176,65.10888514,27.11003861,12.7841296,5.323056082
1.663987333,18.07260733,-6.175284067,1.640181414,92.0428181,-23.29680487,64.98845512,27.00558111,12.76048316,5.302545851
1.6629841,18.02530333,-6.197111,1.639879147,91.80190137,-23.3791489,65.21925363,26.53386586,12.80580045,5.209924562
1.661998033,17.98626867,-6.203771267,1.639471509,91.60309991,-23.40427535,65.28967945,26.26463858,12.81962856,5.157061785
1.6609989,17.94435133,-6.1943636,1.63909352,91.38961718,-23.36878409,65.19020256,26.15063275,12.80009627,5.13467674
1.660029633,17.895757,-6.169133967,1.638844341,91.14212885,-23.27360307,64.92342381,26.16992317,12.74771427,5.138464414
1.6589495,17.864247,-6.1873398,1.638231133,90.98165011,-23.34228619,65.11593273,25.81693551,12.78551339,5.069155288
1.657978033,17.82606367,-6.2013305,1.63782548,90.78718445,-23.39506734,65.26387073,25.47453185,12.81456102,5.001924329
1.656934533,17.79101067,-6.2333676,1.637301407,90.6086614,-23.51593013,65.60263179,24.95724774,12.88107675,4.900355594
1.656004767,17.74797567,-6.2320466,1.637009347,90.38948646,-23.51094654,65.58866351,24.75204108,12.87833408,4.860063267
1.6550115,17.70700067,-6.241804733,1.636623262,90.18080299,-23.54775996,65.69184624,24.44017487,12.89859401,4.798828336
1.654035867,17.65472033,-6.210452867,1.636422336,89.91454206,-23.42948228,65.36033085,24.50542934,12.83350096,4.81164105
1.652988433,17.60923767,-6.199513433,1.63604888,89.68290128,-23.3882123,65.24465702,24.38946239,12.81078841,4.78887094
1.652004933,17.555399,-6.191817767,1.635863179,89.40870385,-23.35917971,65.16328286,24.19663912,12.79481059,4.75101009
1.6509814,17.509157,-6.1759612,1.635524875,89.17319582,-23.29935941,64.99561514,24.12879881,12.76188903,4.737689647
1.649961767,17.460052,-6.163928067,1.635232896,88.9231067,-23.25396336,64.8683765,24.00594833,12.73690573,4.713567954
1.6490016,17.40726767,-6.112688533,1.635054905,88.65427892,-23.06065769,64.32656844,24.27892861,12.63052171,4.767167632
1.648003167,17.372931,-6.147052733,1.634565284,88.47940413,-23.19029967,64.68993632,23.74068593,12.701869,4.661483683
1.646956867,17.329312,-6.144190767,1.634165345,88.2572549,-23.17950265,64.65967381,23.54879921,12.69592695,4.623806726
1.646004767,17.280758,-6.107658067,1.633932734,88.00997199,-23.04167981,64.27337617,23.68781395,12.62007741,4.651102269
1.6449568,17.23271133,-6.0947393,1.633596739,87.7652729,-22.99294262,64.13677282,23.57971821,12.59325534,4.62987767
1.644003733,17.19350033,-6.095745233,1.633224714,87.56557338,-22.99673759,64.14740958,23.36938193,12.59534387,4.588578141
1.643056367,17.14494567,-6.104992233,1.632996847,87.31828707,-23.03162272,64.24518758,23.02431762,12.61454258,4.520824764
1.6420223,17.097643,-6.0754746,1.632663727,87.07737713,-22.92026484,63.93306742,23.09552784,12.55325779,4.534806892
1.640969633,17.049074,-6.066458867,1.632330772,86.83001783,-22.88625218,63.83773484,22.94350111,12.53453924,4.504956444
1.639995467,17.00401967,-6.045394567,1.632024235,86.60055853,-22.80678525,63.61500042,22.93677623,12.49080533,4.503636013
1.638940367,16.94927033,-6.0143803,1.631780429,86.32172311,-22.68978119,63.28705482,22.98588642,12.42641321,4.513278798
1.6379145,16.90969667,-6.033772333,1.631340978,86.12017656,-22.76293935,63.49210665,22.57928803,12.46667514,4.433443205
1.636928633,16.86568767,-6.0277958,1.631007252,85.89604108,-22.74039235,63.42891064,22.41834857,12.4542666,4.401842741
1.635968567,16.824698,-6.0421915,1.630654583,85.68728291,-22.7947014,63.58113112,22.05736992,12.4841551,4.330964584
1.6349193,16.782257,-6.019042667,1.630234222,85.47113318,-22.70737038,63.3363548,22.08599651,12.43609326,4.336585414
1.633998167,16.74215667,-6.0234375,1.629907308,85.26690434,-22.72395028,63.38282587,21.83529659,12.44521786,4.287360486
1.632905333,16.69698067,-6.017393433,1.629483908,85.0368254,-22.7011485,63.31891577,21.66912776,12.43266911,4.254733235
1.6319434,16.64279433,-5.988554967,1.629324926,84.76085731,-22.59235284,63.01397713,21.69809831,12.37279441,4.260421603
1.630907933,16.61160333,-6.013167567,1.628751658,84.60200323,-22.68520605,63.27423135,21.27899,12.42389533,4.178129687
1.629925233,16.548217,-5.9578468,1.628708238,84.27918004,-22.47650357,62.68926824,21.54112993,12.30903782,4.229600861
1.628936533,16.50035467,-5.933032667,1.628428778,84.03541974,-22.38289005,62.42688299,21.55975488,12.25751848,4.23325787
1.627972133,16.45538867,-5.931377733,1.628130699,83.80641032,-22.37664667,62.40938369,21.34824476,12.25408249,4.191727858
1.626951267,16.428092,-5.966155033,1.627514323,83.66738987,-22.50784711,62.7771197,20.8414883,12.32628745,4.092226227
1.625930367,16.368959,-5.9305943,1.627369676,83.36622867,-22.3736911,62.40109965,20.91634715,12.25245592,4.106924764
1.624927233,16.328766,-5.936985033,1.626962136,83.16152788,-22.39780071,62.46867541,20.6440706,12.26572442,4.053463262
1.6239316,16.28072267,-5.9163116,1.626678425,82.91684577,-22.31980835,62.25007403,20.61798986,12.22280204,4.048342309
1.6229564,16.22884133,-5.8694089,1.62647202,82.65261693,-22.14286377,61.75412376,20.84971129,12.1254222,4.093840813
1.621958867,16.175074,-5.835050433,1.626271228,82.37878279,-22.01324342,61.39081651,20.93918441,12.05408682,4.111408858
1.620913267,16.14313667,-5.8663834,1.625698886,82.21612766,-22.13144981,61.72213205,20.44521374,12.11914063,4.014417718
1.619921333,16.10114067,-5.883069367,1.625329264,82.00224429,-22.19439909,61.89856986,20.05489256,12.15378419,3.937778154
1.618938267,16.05518733,-5.873057233,1.625027149,81.76820643,-22.15662743,61.79270132,19.92672324,12.1329969,3.912612108
1.617930333,16.01395267,-5.877490367,1.624630245,81.55820049,-22.17335182,61.83957738,19.66984124,12.14220102,3.862173327
1.616981333,15.964997,-5.861505033,1.624406686,81.30887191,-22.11304574,61.67054808,19.58954196,12.10901212,3.846406563
1.6159425,15.91688233,-5.834131067,1.624080832,81.0638265,-22.00977503,61.3810951,19.63394953,12.05217802,3.855125989
1.614923633,15.86561567,-5.8144531,1.623821652,80.80272812,-21.93553816,61.17301981,19.58092644,12.01132244,3.844714906
1.613903567,15.820727,-5.825727467,1.62346676,80.57411255,-21.9780717,61.29223523,19.23309545,12.03473039,3.776418291
1.612918,15.77477133,-5.807385267,1.62316218,80.34006281,-21.90887413,61.09828437,19.19299657,11.99664814,3.768544877
1.6119416,15.72531433,-5.767061067,1.62291865,80.08818097,-21.75674753,60.67189531,19.36750379,11.91292664,3.802809368
1.6109359,15.68654633,-5.766963333,1.622487428,79.89073763,-21.75637882,60.67086188,19.17109388,11.91272373,3.764244283
1.6099671,15.64051,-5.746785967,1.622200809,79.65627706,-21.68025792,60.45750592,19.14998927,11.87083129,3.760100392
1.608930067,15.610357,-5.7916748,1.621610593,79.50270945,-21.84960501,60.93216152,18.52176606,11.96402991,3.636748765
1.607921733,15.563939,-5.7840231,1.621290097,79.26630507,-21.8207383,60.85125226,18.36627094,11.94814338,3.606217298
1.6069178,15.52545,-5.786298767,1.620856507,79.07028266,-21.82932345,60.87531521,18.14618557,11.95286814,3.563003537
1.605954867,15.484915,-5.7824917,1.620494235,78.86384008,-21.81496095,60.8350592,17.97999901,11.94496387,3.530372806
1.6049605,15.42743267,-5.734281567,1.62035166,78.57108565,-21.63308397,60.32528409,18.19701968,11.84486953,3.572984815
1.603945567,15.38747567,-5.7494014,1.619928823,78.36758679,-21.69012487,60.48516157,17.83364335,11.87626147,3.501635871
1.602966733,15.33759067,-5.7194168,1.619689202,78.11352517,-21.57700532,60.16810369,17.8966396,11.81400716,3.514005186
1.601957867,15.293873,-5.730902533,1.619328159,77.89087344,-21.62033626,60.28955411,17.55253746,11.83785395,3.446440729
1.6009329,15.24570133,-5.718125033,1.619017016,77.64553773,-21.57213202,60.15444452,17.44231134,11.81132518,3.424797831
1.599958867,15.20141033,-5.681079567,1.618699301,77.41996605,-21.43237472,59.76272487,17.60845931,11.73441103,3.457420985
1.5989443,15.152427,-5.673410433,1.618410586,77.17049656,-21.40344224,59.68163127,17.44008342,11.7184883,3.42436038
1.597893567,15.10142333,-5.644390133,1.618115642,76.91073763,-21.29396059,59.37476992,17.48718584,11.65823607,3.43360894
1.5969715,15.05876767,-5.644619,1.617825661,76.69349461,-21.29482401,59.37718996,17.26752278,11.65871125,3.390478098
1.595912567,15.01013467,-5.629508967,1.617487388,76.44580935,-21.23782007,59.2174161,17.17961138,11.62733965,3.373216694
1.594934033,14.96984867,-5.633568133,1.617105826,76.24063492,-21.25313364,59.26033783,16.93151522,11.63576733,3.324503013
1.593942733,14.92288633,-5.6033602,1.616810429,76.00145828,-21.13917154,58.94091842,17.01175799,11.57304933,3.340258682
1.5929451,14.882926,-5.6145894,1.616404942,75.79794245,-21.18153469,59.05965625,16.68950433,11.5963635,3.276984175
1.591904867,14.83380333,-5.596686967,1.616092624,75.54776335,-21.11399618,58.87035549,16.62862599,11.5591943,3.265030713
1.591002367,14.79173167,-5.584690567,1.615813556,75.33349461,-21.0687387,58.74350526,16.54120747,11.53428726,3.247866087
1.589934567,14.73651633,-5.5410954,1.615563955,75.05228588,-20.90427208,58.28252893,16.72097509,11.44377455,3.283163458
1.588969267,14.69649667,-5.5524896,1.61519168,74.84846787,-20.94725771,58.40301147,16.39667453,11.4674313,3.219487044
1.5879904,14.652765,-5.533838467,1.614860844,74.62574484,-20.87689466,58.20579394,16.37116903,11.42870764,3.214479039
1.5869243,14.603217,-5.5083305,1.614528963,74.37339954,-20.7806636,57.93607209,16.38854558,11.37574775,3.217890925
1.585939667,14.56384933,-5.517438867,1.614127693,74.17290213,-20.81502572,58.03238417,16.09173608,11.39465863,3.15961238
1.5849517,14.51784667,-5.489126033,1.613821409,73.93861302,-20.70821305,57.73300359,16.15682755,11.33587526,3.17239309
1.5839125,14.479109,-5.5156479,1.613356236,73.74132417,-20.80826914,58.01344645,15.67909584,11.39094021,3.078590469
1.582969433,14.43951567,-5.524380033,1.612999877,73.53967745,-20.84121188,58.10578024,15.38511534,11.40906995,3.020867396
1.581946333,14.39204467,-5.498005067,1.612680218,73.29791019,-20.74170999,57.82689071,15.42223762,11.35430999,3.028156356
1.5809252,14.35104367,-5.498081533,1.612266651,73.0890943,-20.74199847,57.82769927,15.21261316,11.35446875,2.986996595
1.5799148,14.300955,-5.482128933,1.611998482,72.83399542,-20.68181587,57.65901609,15.12619745,11.32134781,2.97002887
1.578930033,14.25401233,-5.447567767,1.611709327,72.59491894,-20.55143082,57.29356548,15.25257158,11.24959158,2.99484243
1.577943667,14.21432567,-5.482260233,1.611311051,72.39279688,-20.68231121,57.66040446,14.68361054,11.32162042,2.88312693
1.576979333,14.162983,-5.441871333,1.61110753,72.13131143,-20.52994052,57.23333126,14.8491983,11.23776459,2.915640086
1.575949967,14.121314,-5.431033133,1.610695629,71.91909346,-20.48905245,57.11872787,14.75158371,11.21526222,2.896473461
1.5749507,14.06959233,-5.399555833,1.610462791,71.65567779,-20.37030156,56.78588615,14.82100976,11.14990875,2.910105267
1.573913567,14.022658,-5.395578867,1.610121146,71.41664375,-20.3552981,56.74383361,14.62402827,11.14165173,2.87142795
1.572930567,13.97823767,-5.3846717,1.609796382,71.19041338,-20.31414985,56.62850097,14.51313054,11.11900616,2.849653181
1.571904067,13.93381933,-5.3690909,1.609428087,70.96419319,-20.2553699,56.46374921,14.45166211,11.08665716,2.837583855
1.570985633,13.892225,-5.370739767,1.609126013,70.75235549,-20.2615904,56.48118437,14.22238925,11.09008055,2.792566129
1.569914133,13.842776,-5.362610967,1.608787264,70.50051439,-20.23092378,56.39523024,14.05650227,11.07320346,2.759994221
1.568997767,13.80121167,-5.341252467,1.608486812,70.28882947,-20.15034695,56.16938495,14.07066265,11.02885873,2.762774611
1.567932467,13.74954233,-5.316216133,1.608187165,70.02568033,-20.05589517,55.90465016,14.0722483,10.97687806,2.763085954
1.566957233,13.706163,-5.288907533,1.607854741,69.80475172,-19.95287107,55.61588837,14.14008148,10.92017968,2.776404998
1.565921267,13.660814,-5.293433033,1.607490771,69.5737917,-19.96994391,55.66374111,13.86126871,10.92957557,2.721660112
1.565004367,13.621018,-5.285536133,1.607163582,69.37111281,-19.94015216,55.5802391,13.74209183,10.91317995,2.698259731
1.563949233,13.57352367,-5.275644,1.606812235,69.12922672,-19.90283321,55.47563945,13.6048054,10.89264181,2.67130354
1.5630026,13.524239,-5.2433637,1.606595918,68.87822256,-19.78105293,55.13430678,13.69513391,10.82562114,2.689039543
1.561933367,13.48134867,-5.241034533,1.606162248,68.6597844,-19.77226594,55.10967812,13.50132441,10.8207853,2.650985048
1.560923,13.43623567,-5.235322667,1.605820381,68.43002631,-19.75071742,55.0492807,13.33196374,10.80892627,2.61773108
1.559917067,13.39217867,-5.212249433,1.605467299,68.20564638,-19.66367161,54.80530378,13.35156073,10.7610214,2.621578949
1.558958133,13.345062,-5.185067967,1.605206556,67.96568373,-19.56112712,54.5178863,13.39901556,10.70458697,2.630896705
1.5579437,13.302542,-5.1885616,1.604822198,67.74913165,-19.57430716,54.55482806,13.14552172,10.71184049,2.58112319
1.556922767,13.25857767,-5.177855,1.604452743,67.52522367,-19.53391557,54.44161621,13.03482558,10.68961134,2.559388002
1.5559093,13.20682733,-5.1480155,1.60420613,67.261662,-19.42134342,54.12609262,13.0867875,10.62765829,2.569590726
1.5549088,13.15734033,-5.121015367,1.603938945,67.00962737,-19.31948303,53.84059257,13.12025293,10.57160035,2.576161662
1.553942,13.11882767,-5.158070567,1.603542839,66.81348442,-19.45927705,54.23241514,12.53228741,10.64853471,2.460714633
1.5529107,13.08045367,-5.1293829,1.603080177,66.6180477,-19.35105029,53.92907106,12.64019477,10.5889731,2.481902242
1.551930033,13.04582333,-5.1533996,1.602612675,66.44167728,-19.44165541,54.18302423,12.20987118,10.63883681,2.397408206
1.550959667,13.00669467,-5.1596502,1.60222213,66.24239708,-19.46523635,54.24911822,11.94449699,10.65181436,2.345301983
1.549915567,12.95736033,-5.141764633,1.601909082,65.99113997,-19.39776147,54.05999581,11.88236229,10.61468018,2.333101835
1.5489281,12.91453533,-5.1287408,1.601556211,65.77303455,-19.34862791,53.92228148,11.80197119,10.58763997,2.317317043
1.547915733,12.86360367,-5.103165467,1.601298566,65.51364231,-19.2521427,53.65184729,11.81301314,10.53454022,2.31948513
1.546933967,12.81925,-5.091463233,1.600974047,65.28775146,-19.207995,53.5281076,11.71086199,10.51024393,2.299427752
1.545911833,12.77791033,-5.074870433,1.600564499,65.07721076,-19.14539719,53.35265493,11.67577396,10.4757938,2.292538216
1.544979467,12.731007,-5.0546972,1.600327161,64.83833461,-19.06929189,53.13934268,11.65021005,10.43390994,2.287518744
1.5439184,12.67978367,-5.027418933,1.600025139,64.57745692,-18.96638221,52.85090163,11.67777342,10.37727454,2.29293081
1.542910733,12.636414,-5.0327519,1.599660139,64.35657754,-18.9865013,52.90729255,11.40050312,10.38834689,2.238488787
1.5419293,12.59688367,-5.039960233,1.599264479,64.15525168,-19.01369538,52.98351364,11.12295616,10.4033129,2.183992443
1.540933467,12.542258,-4.985214733,1.599078107,63.87704609,-18.80716314,52.40463341,11.42363081,10.28964977,2.24302991
1.539889967,12.500535,-4.9674554,1.598652872,63.66455309,-18.74016448,52.21684579,11.39892543,10.25277767,2.238179008
1.538962367,12.45114133,-4.960543633,1.598457204,63.4129938,-18.71408923,52.1437606,11.22045133,10.23842739,2.203135618
1.537893433,12.411988,-4.953223567,1.597968458,63.21358798,-18.68647364,52.06635804,11.09844806,10.2232294,2.179180277
1.536940467,12.36364067,-4.949925267,1.597731918,62.96735761,-18.67403051,52.03148174,10.887094,10.21638144,2.137680906
1.535914667,12.31792233,-4.930106167,1.597383588,62.73451659,-18.5992612,51.8219141,10.86382062,10.17523283,2.133111179
1.5349256,12.269805,-4.910330933,1.59710754,62.4894576,-18.52465739,51.61281031,10.82786542,10.1341753,2.126051375
1.533907133,12.22683833,-4.9073167,1.596725767,62.27063068,-18.51328592,51.58093773,10.64091107,10.12791712,2.089342889
1.532931467,12.172781,-4.8413844,1.59655114,61.99531958,-18.2645505,50.88376801,11.0627697,9.991027849,2.17217483
1.531928267,12.134451,-4.8754344,1.596115927,61.80010695,-18.39300713,51.24381353,10.50751155,10.06172279,2.063149893
1.530922533,12.088577,-4.844060733,1.59578997,61.56647313,-18.2746472,50.91206762,10.60562364,9.996584478,2.082414201
1.529958933,12.047573,-4.8425555,1.595433981,61.35764197,-18.26896857,50.89615125,10.41270884,9.993459298,2.044535381
1.5288972,11.996766,-4.816060367,1.595125122,61.09888464,-18.16901334,50.61599107,10.4341117,9.938449847,2.048737832
1.527942833,11.95757833,-4.807959433,1.594751452,60.89930396,-18.13845186,50.53033161,10.32019048,9.921630612,2.026369401
1.526952467,11.90811733,-4.793010067,1.594494015,60.64740175,-18.08205405,50.37225665,10.22636323,9.890592593,2.00794642
1.5259185,11.869528,-4.803057367,1.594031878,60.45086835,-18.11995838,50.47849704,9.923589435,9.911452894,1.948496786
1.5249424,11.819934,-4.764932133,1.593790678,60.19828877,-17.97612756,50.07535991,10.07414699,9.832296918,1.978058762
1.5239558,11.774601,-4.756213533,1.593475838,59.96741024,-17.94323587,49.98316922,9.935459143,9.814195276,1.950827403
1.522927333,11.73392733,-4.743980867,1.593050087,59.76026144,-17.89708706,49.85382071,9.857658855,9.788797696,1.935551316
1.521900033,11.67965833,-4.7085252,1.592826963,59.48387234,-17.76332742,49.47891164,9.956178825,9.7151843,1.954895712
1.520919767,11.638338,-4.711185133,1.592458995,59.2734301,-17.77336226,49.50703784,9.717610389,9.720706879,1.9080528
1.519902,11.59109633,-4.6740748,1.592141271,59.03283083,-17.63336024,49.11463228,9.869416674,9.643658049,1.937859964
1.5189261,11.55113433,-4.6843403,1.591757541,58.82930651,-17.67208775,49.22317993,9.557344712,9.664971378,1.876584634
1.517893933,11.50441867,-4.670416667,1.591417623,58.59138613,-17.61955961,49.07595109,9.466653165,9.636062997,1.858777349
1.5169133,11.45759233,-4.647222533,1.591130878,58.35290213,-17.5320577,48.83069577,9.473424488,9.587907114,1.860106898
1.515944733,11.415416,-4.638194733,1.590787294,58.13810033,-17.49799952,48.7352356,9.354082863,9.569163509,1.83667417
1.514963767,11.37273133,-4.6419118,1.590438843,57.92070962,-17.51202248,48.77453995,9.097387796,9.576880919,1.786272094
1.5139153,11.32304467,-4.6114419,1.59012665,57.66765809,-17.39707209,48.45235049,9.166525727,9.513619019,1.799847327
1.512939267,11.278134,-4.588850833,1.589816118,57.43893048,-17.3118453,48.21347201,9.176676596,9.46671523,1.80184045
1.511893233,11.23388767,-4.573791833,1.589425741,57.21358628,-17.25503389,48.05423778,9.110566626,9.435449589,1.788859757
1.510939967,11.185116,-4.548940367,1.589195189,56.96519481,-17.16127954,47.79145778,9.124955153,9.383852735,1.791684944
1.509927567,11.13915267,-4.537676667,1.588863889,56.73110602,-17.11878623,47.67235514,9.009969,9.360466933,1.769107413
1.5089219,11.099097,-4.532605033,1.588451781,56.52710466,-17.09965305,47.61872757,8.859595215,9.349937159,1.73958152
1.507942,11.05438533,-4.537388933,1.588134433,56.29939054,-17.11770073,47.66931265,8.581296025,9.359869538,1.684937475
1.5068975,11.01070467,-4.509954267,1.587737208,56.07692726,-17.01420103,47.37921782,8.648927561,9.302909419,1.698216927
1.505879033,10.96809033,-4.508892067,1.587350215,55.85989475,-17.01019379,47.36798609,8.443126779,9.300704069,1.657807943
1.504908867,10.91449267,-4.460388367,1.587174276,55.58692471,-16.82720929,46.8551068,8.683036031,9.200000221,1.704914125
1.5039444,10.87123833,-4.458973567,1.586850767,55.36663271,-16.82187183,46.84014668,8.477704165,9.1970628,1.664597213
1.502888167,10.82216833,-4.4384783,1.586521669,55.11672184,-16.74455163,46.62342923,8.444510733,9.15451033,1.658079683
1.501933967,10.786575,-4.4397346,1.586094903,54.93544691,-16.74929113,46.63671338,8.249951653,9.157118672,1.619878007
1.500901867,10.73261667,-4.408066867,1.585862375,54.66064001,-16.62982181,46.30185801,8.310000133,9.09136982,1.631668526
1.4998976,10.68771067,-4.386186433,1.585523541,54.43193617,-16.54727594,46.07049378,8.312660515,9.045941454,1.632190892
1.498935733,10.64570067,-4.378277467,1.585184192,54.2179815,-16.51743866,45.98686418,8.182335446,9.029520781,1.606601565
1.4979282,10.59860933,-4.3649287,1.584874474,53.97814787,-16.46707926,45.845714,8.083651995,9.001805943,1.587225069
1.496892633,10.55523067,-4.3474398,1.584481707,53.75722265,-16.40110084,45.66078595,8.047654825,8.965495321,1.580157025
1.4959391,10.51173067,-4.3376948,1.584172771,53.53567948,-16.36433697,45.55774208,7.929155526,8.945262658,1.556889688
1.494896,10.46442967,-4.299681667,1.583830593,53.29477803,-16.22092906,45.1557903,8.090205859,8.866339425,1.58851192
1.493905167,10.41862167,-4.3010467,1.583518558,53.06148035,-16.22607877,45.1702242,7.842474281,8.869173521,1.539869825
1.492952467,10.387045,-4.2995896,1.583033772,52.90066208,-16.22058173,45.15481678,7.697063425,8.866148276,1.511318404
1.491945,10.34080867,-4.306347533,1.58271145,52.66518292,-16.24607663,45.22627533,7.390125714,8.880179162,1.451051184
1.490918933,10.2922266,-4.271755233,1.582405289,52.41775707,-16.11557413,44.86049552,7.50847967,8.808358296,1.474289983
1.489954233,10.25420183,-4.291472767,1.582004052,52.22409897,-16.18996026,45.06898919,7.106327906,8.849296028,1.395327484
1.488902467,10.20355343,-4.253208,1.581702811,51.96614939,-16.04560305,44.66437663,7.252990887,8.769850352,1.424124761
1.487928567,10.16181397,-4.239680467,1.58134742,51.75357253,-15.99456923,44.52133617,7.183454489,8.741764357,1.410471289
1.486984767,10.1187037,-4.227642633,1.581042442,51.53401426,-15.94915544,44.39404783,7.091184555,8.716771292,1.392354087
1.485977067,10.07051357,-4.209804467,1.58074884,51.2885845,-15.88185938,44.20542663,7.034375998,8.679735519,1.381199727
1.4849465,10.02374987,-4.1889576,1.580411233,51.05041949,-15.80321274,43.98499136,7.016646256,8.636453054,1.377718492
1.483954667,9.979793033,-4.1809092,1.580070767,50.8265497,-15.77284944,43.89988739,6.87788044,8.619742888,1.350471824
1.482871667,9.933537033,-4.150191733,1.579673204,50.59097038,-15.65696508,43.57508016,6.967108348,8.555966988,1.367991724
1.481927067,9.8889564,-4.1407241,1.579389214,50.36392361,-15.62124759,43.47496917,6.84017256,8.536310197,1.343067882
1.4809241,9.8434398,-4.134030533,1.579060728,50.13211001,-15.59599552,43.40419124,6.679136896,8.52241295,1.31144853
1.479935467,9.798274067,-4.104694933,1.578741375,49.90208335,-15.48532438,43.0939959,6.759305582,8.461506095,1.327189651
1.478919167,9.751871133,-4.0657158,1.57841269,49.66575571,-15.33827215,42.68182961,6.935144227,8.380577243,1.361715569
1.477932533,9.7084391,-4.070571033,1.578069647,49.4445587,-15.35658895,42.73316896,6.662607861,8.390657726,1.308203054
1.476839333,9.6637377,-4.0506556,1.577638847,49.21689687,-15.28145622,42.52258269,6.645532303,8.349309111,1.304850268
1.4759473,9.624276733,-4.039089267,1.577331559,49.01592428,-15.2378212,42.40028,6.566862407,8.325294979,1.289403434
1.474910533,9.578969033,-4.0392685,1.576966177,48.7851746,-15.23849738,42.40217522,6.334217508,8.325667105,1.243723608
1.473968867,9.529084333,-4.006747,1.576763719,48.53111451,-15.11580715,42.0582921,6.424040533,8.258145654,1.261360359
1.4729614,9.486249667,-3.998110733,1.57639099,48.31295985,-15.08322607,41.96697201,6.297205968,8.240214954,1.236456392
1.471955,9.442654367,-3.9812027,1.5760306,48.09093133,-15.01943902,41.78818606,6.253963398,8.205110333,1.227965713
1.470891367,9.3991876,-3.974451067,1.575611072,47.86955742,-14.99396788,41.71679413,6.103981424,8.191092527,1.198516753
1.469934433,9.350018533,-3.9374399,1.575382742,47.61914201,-14.85433999,41.32543716,6.244922974,8.114249587,1.226190626
1.468906133,9.305889767,-3.926535167,1.575008357,47.39439657,-14.81320092,41.21013025,6.135484449,8.091609074,1.204702372
1.4679075,9.263924267,-3.917809067,1.574631582,47.18066853,-14.78028093,41.11786026,6.014026403,8.073491862,1.180854084
1.4669096,9.215931267,-3.893381,1.574344859,46.93624276,-14.68812389,40.85955729,6.027903596,8.022774075,1.183578871
1.465920267,9.170900667,-3.8808038,1.574022804,46.70690434,-14.64067529,40.72656568,5.931556785,7.996661171,1.164661175
1.464931267,9.1285801,-3.8679759,1.573660924,46.49136797,-14.59228091,40.59092316,5.851662935,7.970027762,1.148974017
1.463909467,9.0853176,-3.8541708,1.573280202,46.27103438,-14.54019995,40.4449477,5.777304806,7.941365481,1.134373799
1.462875033,9.0429554,-3.846690967,1.572873506,46.05528597,-14.51198161,40.36585576,5.640648335,7.925835779,1.107541301
1.461930333,8.9961891,-3.818375133,1.572621805,45.81710772,-14.40515763,40.06644346,5.701882384,7.867046173,1.119564606
1.460949067,8.953740433,-3.8175126,1.572269556,45.60091894,-14.40190365,40.05732301,5.494814053,7.865255373,1.078906739
1.459926767,8.902606967,-3.776835467,1.572004969,45.34049894,-14.24844557,39.62720203,5.664515039,7.780801118,1.112227528
1.458951767,8.8584312,-3.764303433,1.57168458,45.11551413,-14.20116736,39.494688,5.572044255,7.75478199,1.094070889
1.457945633,8.818104433,-3.762324267,1.571276022,44.91013208,-14.19370078,39.47376025,5.387589955,7.750672825,1.057853288
1.456905533,8.7700259,-3.729724067,1.570948366,44.66527069,-14.07071365,39.12904495,5.487443865,7.682987976,1.077459603
1.455957667,8.727183367,-3.728324567,1.570635354,44.44707597,-14.06543391,39.1142466,5.284047492,7.680082321,1.037522725
1.454908933,8.679958667,-3.6916008,1.570286412,44.20656311,-13.92689026,38.72592861,5.431852623,7.603836083,1.066544262
1.453904967,8.6386846,-3.689284633,1.569894059,43.99635651,-13.91815231,38.70143741,5.246137221,7.599027236,1.030079043
1.4529357,8.5990845,-3.681493067,1.5695116,43.79467532,-13.88875794,38.6190492,5.126844252,7.58285031,1.006655869
1.451959267,8.547277467,-3.6402234,1.56930286,43.53082489,-13.73306447,38.18266275,5.299380261,7.497165832,1.040533314
1.4508639,8.506079033,-3.641345767,1.568817986,43.32100348,-13.7372987,38.19453069,5.077690922,7.4994961,0.997004613
1.4499598,8.466226567,-3.639692533,1.568504433,43.11803701,-13.73106173,38.17704936,4.892205779,7.496063641,0.960584605
1.448945067,8.412522967,-3.594401067,1.568285497,42.84452746,-13.56019567,37.6981363,5.097609286,7.402029063,1.000915583
1.447948933,8.370096833,-3.590758033,1.567918048,42.62845344,-13.54645201,37.65961478,4.920056791,7.394465362,0.966053151
1.446943233,8.324258167,-3.568203167,1.567591601,42.39499958,-13.46136178,37.42111908,4.925098626,7.347636731,0.967043115
1.445968067,8.282491067,-3.561435533,1.567235353,42.18228198,-13.43583028,37.34955796,4.783942147,7.333585705,0.939327041
1.444898633,8.238513933,-3.540155167,1.566817588,41.9583088,-13.35554822,37.12453885,4.784988078,7.289403203,0.939532409
1.443923667,8.189935667,-3.508386067,1.56656247,41.7109023,-13.23569648,36.78861162,4.873508803,7.223443893,0.956913453
1.442938167,8.149253867,-3.5046486,1.566179806,41.50371208,-13.22159656,36.74909156,4.705838643,7.215684128,0.923991418
1.441917733,8.1038054,-3.487942533,1.565832844,41.27224548,-13.15857145,36.57244121,4.651022395,7.180998832,0.913228247
1.4409768,8.0599383,-3.472946467,1.565541948,41.0488327,-13.10199746,36.41387244,4.58617838,7.149863854,0.900496125
1.439882233,8.0117874,-3.447487267,1.565160897,40.80360275,-13.00595038,36.14466625,4.610154626,7.097005218,0.905203861
1.438940567,7.9681268,-3.4248755,1.564866208,40.58124166,-12.92064549,35.90556889,4.6268909,7.050058451,0.908490028
1.437939767,7.921464433,-3.416951667,1.564556866,40.34359273,-12.89075213,35.82178208,4.473028777,7.033606912,0.8782792
1.436907567,7.880909933,-3.400088167,1.564125616,40.13705084,-12.82713308,35.64346703,4.444801942,6.998594751,0.872736861
1.435911767,7.837332433,-3.385407933,1.563775562,39.91511298,-12.77175061,35.48823789,4.378093216,6.96811551,0.859638603
1.4349436,7.790486967,-3.3680353,1.563501567,39.67653153,-12.70621081,35.30453925,4.323210413,6.932046281,0.848862365
1.433865467,7.742157,-3.338961767,1.563139604,39.43038961,-12.59652834,34.99711501,4.384492729,6.871683532,0.860895147
1.4328649,7.701599433,-3.340364133,1.562740032,39.2238321,-12.60181889,35.01194367,4.163106562,6.874595139,0.817425974
1.431898667,7.6567092,-3.306666833,1.562438998,38.99520856,-12.47469285,34.65562761,4.290799075,6.804632481,0.842498398
1.430845767,7.610725067,-3.2954165,1.562067506,38.76101384,-12.43224997,34.53666631,4.17556565,6.781274431,0.819872315
1.4298841,7.5702995,-3.287696367,1.561704879,38.5551286,-12.40312509,34.45503344,4.051313286,6.765245815,0.795475364
1.428862233,7.520829033,-3.253079567,1.561416082,38.30317817,-12.27253015,34.08899456,4.165401732,6.693374082,0.81787663
1.427860333,7.480497667,-3.2439333,1.561011825,38.09777268,-12.23802505,33.99228172,4.056709092,6.674384516,0.79653483
1.426832367,7.4355634,-3.223369433,1.56064971,37.86892488,-12.16044605,33.7748389,4.045304106,6.631689618,0.794295461
1.425871967,7.392480833,-3.220177967,1.560327722,37.64950768,-12.14840596,33.74109225,3.859633554,6.625063464,0.757839048
1.424844867,7.343901633,-3.1820259,1.560020484,37.40209643,-12.00447391,33.33767139,4.015643168,6.545851777,0.788471536
1.423900133,7.303734133,-3.1880803,1.559670966,37.19752551,-12.02731467,33.40169076,3.747052877,6.55842198,0.735733832
1.422842767,7.259385433,-3.159530067,1.559270774,36.97165996,-11.91960639,33.0997999,3.823078184,6.499145711,0.750661401
1.421862333,7.215234767,-3.144632433,1.558944579,36.74680299,-11.86340375,32.94227197,3.755749144,6.468215102,0.737441344
1.420864033,7.1709908,-3.115859533,1.558601901,36.52147084,-11.75485545,32.63802664,3.834662334,6.40847653,0.752935949
1.419884133,7.1245459,-3.095790767,1.558310237,36.28492946,-11.67914425,32.42581902,3.810328575,6.366809564,0.748158016
1.418871733,7.084492667,-3.091086133,1.55789136,36.0809405,-11.66139561,32.37607211,3.656086515,6.357041759,0.717872587
1.417867533,7.037706533,-3.065648467,1.557580452,35.84266123,-11.56542976,32.10709361,3.68678575,6.304227831,0.723900382
1.416875567,6.994041133,-3.047132333,1.557235534,35.6202757,-11.49557601,31.91130357,3.660190252,6.265784456,0.718678356
1.415841733,6.948439267,-3.021893467,1.556877444,35.38802784,-11.40036016,31.64442719,3.694818778,6.213383279,0.725477667
1.4149081,6.904013933,-3.0119382,1.55660212,35.16177201,-11.36280303,31.53915996,3.573830171,6.192714058,0.701721554
1.4138794,6.862741333,-2.998830633,1.556185011,34.95157287,-11.31335358,31.40056024,3.502230762,6.165500003,0.68766301
1.412930533,6.817130233,-2.978750267,1.555912025,34.71927799,-11.23759862,31.18822996,3.482266159,6.123808952,0.68374296
1.4118769,6.7755507,-2.964556267,1.555474531,34.50751566,-11.1840505,31.03814226,3.420591527,6.094339233,0.671633146
1.410920967,6.733101533,-2.955607433,1.555147624,34.29132434,-11.15029024,30.94351708,3.29902538,6.075759579,0.647763633
1.409845967,6.6846611,-2.9138472,1.55479043,34.04461981,-10.99274607,30.50194337,3.493894566,5.989056581,0.686026198
1.4089096,6.643380633,-2.911698567,1.554465771,33.83438061,-10.98464016,30.47922367,3.306375068,5.984595568,0.649206745
1.4079077,6.598414267,-2.889737133,1.554130198,33.60536932,-10.90178871,30.24700295,3.309584502,5.938999029,0.649836917
1.406930733,6.5574546,-2.888685367,1.553760185,33.39676394,-10.89782083,30.23588154,3.112100526,5.936815341,0.611060938
1.405897333,6.512840433,-2.858136433,1.553387893,33.16954639,-10.78257228,29.91285639,3.207908127,5.873389352,0.629872761
1.4048907,6.470236767,-2.855456433,1.553012575,32.9525682,-10.77246174,29.884518,3.019268327,5.86782511,0.592833336
1.403862433,6.424842367,-2.824041867,1.552656978,32.72137696,-10.65394751,29.55233962,3.120255469,5.802601885,0.612662161
1.402866267,6.3827648,-2.809397633,1.55228433,32.50707818,-10.59870085,29.39749115,3.060805157,5.772197387,0.600989093
1.4018805,6.3374745,-2.787918567,1.55196969,32.27641711,-10.51766917,29.17037098,3.05726426,5.727602342,0.600293837
1.400903133,6.291289667,-2.756748667,1.551676706,32.04120024,-10.40007797,28.84077971,3.151638656,5.662887096,0.61882425
1.3998839,6.2530947,-2.767190833,1.551223458,31.84667532,-10.43947196,28.95119543,2.846698022,5.684567223,0.558949157
1.39885,6.206003167,-2.731517567,1.550887376,31.60684068,-10.30489141,28.57398545,2.984073351,5.610502043,0.585922803
1.397886367,6.1635105,-2.720578067,1.550553414,31.39042781,-10.26362118,28.45831092,2.883335019,5.587789348,0.566142831
1.3968884,6.120275833,-2.7002303,1.550196113,31.17023597,-10.18685743,28.24315314,2.878300958,5.545543119,0.565154393
1.395882367,6.078001033,-2.689527433,1.549816521,30.95493269,-10.14647992,28.12998077,2.776170042,5.523321725,0.545100988
1.394920833,6.031744333,-2.6557391,1.549540435,30.7193498,-10.01901045,27.77270213,2.897865802,5.453170062,0.56899595
1.393897167,5.993257533,-2.6662147,1.549087079,30.5233386,-10.05853058,27.88347137,2.591085352,5.474919604,0.508759609
1.392889867,5.9475608,-2.625192,1.548756928,30.29060759,-9.903768816,27.44969636,2.792129359,5.38974788,0.5482346
1.391876867,5.9058038,-2.617375133,1.548362697,30.07794143,-9.874278995,27.36704062,2.662118938,5.373518426,0.522707053
1.390891733,5.8614672,-2.598787967,1.548034559,29.85213751,-9.804157267,27.17049947,2.632856163,5.334927572,0.516961308
1.3898587,5.822126367,-2.600359733,1.547584491,29.65177676,-9.810086895,27.18711937,2.415875514,5.338190889,0.474357157
1.388933033,5.776474667,-2.563392,1.547335306,29.4192751,-9.670622854,26.79622167,2.574271559,5.261438125,0.505458221
1.387862667,5.734579067,-2.5570174,1.546885763,29.20590306,-9.646574112,26.7288165,2.428304692,5.24820312,0.476797626
1.386904,5.6910518,-2.5359435,1.546572097,28.98422103,-9.567070962,26.50598057,2.429458587,5.204449286,0.477024194
1.3858541,5.647823633,-2.514979433,1.546162767,28.7640623,-9.487982168,26.28430603,2.430974401,5.160923489,0.477321824
1.384862267,5.606138067,-2.503615667,1.545788644,28.55175995,-9.445111354,26.16414529,2.338832791,5.137329927,0.459229819
1.3838616,5.565399033,-2.4857324,1.545391662,28.34427824,-9.37764515,25.9750472,2.320449175,5.100200517,0.455620195
1.382935033,5.517687767,-2.450465933,1.545172097,28.10128733,-9.244599288,25.60213873,2.450366722,5.02697994,0.481129506
1.3818476,5.477754267,-2.437831633,1.544676411,27.89790816,-9.196935275,25.46854334,2.380582944,5.000748485,0.467427461
1.380927167,5.433561,-2.425699233,1.544410849,27.67283422,-9.151164724,25.34025505,2.2837973,4.975559079,0.4484236
1.3798844,5.392511367,-2.404149367,1.543976369,27.46377065,-9.069865947,25.11238624,2.302602531,4.930817039,0.452116007
1.3788747,5.347862067,-2.385515933,1.543628297,27.23637416,-8.999569673,24.91535587,2.272236417,4.892130125,0.44615362
1.3778454,5.307684867,-2.377091267,1.543194356,27.03175384,-8.967786874,24.82627324,2.156698723,4.874638752,0.423467794
1.376920667,5.264576933,-2.3525281,1.542908411,26.81220745,-8.875120157,24.56654173,2.196883849,4.823640469,0.431358144
1.375894233,5.221758367,-2.3359809,1.542516477,26.59413479,-8.812694383,24.39157124,2.15378168,4.789285013,0.422895033
1.3749026,5.180312467,-2.3219679,1.542139003,26.38305305,-8.759829102,24.24339744,2.090873737,4.760191088,0.410543058
1.3739381,5.1383222,-2.304049033,1.541796729,26.16919888,-8.692228594,24.05392292,2.066494091,4.722987764,0.405756115
1.372884867,5.0977432,-2.293896433,1.541344809,25.96253221,-8.653927013,23.94656908,1.967181261,4.701908839,0.386256041
1.371887967,5.056904467,-2.2815512,1.540953071,25.75454274,-8.607353529,23.81603029,1.88973058,4.676277547,0.371048599
1.370902067,5.013924933,-2.2551066,1.540604056,25.53565028,-8.507588939,23.53640445,1.950463961,4.621373014,0.382973599
1.369891433,4.9720408,-2.238922333,1.540214075,25.32233664,-8.446532363,23.36527163,1.908283145,4.587771084,0.374691396
1.368931267,4.9302287,-2.2306133,1.539873494,25.10938987,-8.4151858,23.27741171,1.783196284,4.570519789,0.35013059
1.367918267,4.886933367,-2.205574667,1.539502059,24.88888906,-8.320725343,23.0126526,1.827454588,4.518534338,0.358820708
1.366924833,4.844434433,-2.186767133,1.539138389,24.67244427,-8.249772261,22.81378129,1.809881113,4.479485956,0.355370157
1.3659022,4.803573267,-2.1701919,1.53872125,24.46434055,-8.187240729,22.63851437,1.777044302,4.445072297,0.348922649
1.3648896,4.760645533,-2.145741,1.538344768,24.24571191,-8.094997548,22.37996997,1.816960067,4.394307103,0.356760109
1.363854167,4.717342367,-2.149350633,1.537951015,24.02517121,-8.108615209,22.41813832,1.558251016,4.401801459,0.305962587
1.3628347,4.671942867,-2.106936367,1.537604293,23.79395399,-7.948603639,21.96964884,1.775523276,4.313740551,0.348623995
1.361737,4.628130933,-2.091151067,1.537155813,23.57082217,-7.8890522,21.8027347,1.719305595,4.280966959,0.337585654
1.3607116,4.585650433,-2.0766135,1.536759903,23.35447127,-7.834207945,21.64901412,1.65667527,4.250783923,0.325288189
1.359686967,4.5447267,-2.061811067,1.536341692,23.14604889,-7.778364457,21.49249284,1.60477418,4.220050969,0.31509741
1.358668633,4.500697133,-2.041323867,1.535975803,22.92180867,-7.701074685,21.27586069,1.597166108,4.177515247,0.313603565
1.357692733,4.462202067,-2.030375633,1.535570336,22.72575537,-7.659771507,21.16009381,1.516879684,4.15478442,0.297839326
1.356741633,4.418387733,-2.001018567,1.535268491,22.50261132,-7.549019379,20.84967148,1.604157966,4.093832996,0.314976417
1.355662533,4.378470267,-1.992081,1.534780901,22.29931381,-7.515301618,20.75516544,1.495366498,4.075276734,0.293615212
1.354736667,4.337375767,-1.9708948,1.534463987,22.09002173,-7.435374807,20.53114205,1.510097805,4.031289742,0.296507704
1.3536787,4.296861167,-1.957206767,1.534006379,21.88368305,-7.383735491,20.38640446,1.448496717,4.002870516,0.28441233
1.352686867,4.255722067,-1.934742033,1.533624159,21.67416382,-7.298985299,20.14886183,1.476520121,3.95622902,0.289914726
1.351694167,4.2137259,-1.9193189,1.533253772,21.4602796,-7.240800166,19.98577725,1.425720483,3.924207362,0.279940217
1.350669967,4.173569767,-1.9052433,1.532824619,21.25576657,-7.187698721,19.83694151,1.370043186,3.894983466,0.269007979
1.3496589,4.129525667,-1.886856667,1.532466212,21.03145234,-7.118333522,19.64252081,1.340149653,3.856808961,0.263138384
1.348607833,4.083480767,-1.8616483,1.532097454,20.79694814,-7.023232731,19.37596694,1.372199326,3.804471108,0.269431338
1.347608567,4.0439287,-1.851985133,1.531684283,20.59551159,-6.986777581,19.27378838,1.272941332,3.784408349,0.249942031
1.346549533,4.002033867,-1.828718633,1.531246061,20.38214345,-6.899002653,19.02776785,1.305593726,3.736102218,0.256353328
1.345635333,3.964115233,-1.819857733,1.530893752,20.18902589,-6.865574125,18.93407248,1.206171534,3.717705132,0.236831781
1.344557467,3.9224379,-1.7929413,1.530433474,19.97676547,-6.764029502,18.64945747,1.278526127,3.661820974,0.251038605
1.343631367,3.8815221,-1.780355433,1.530113678,19.7683835,-6.716548207,18.51637421,1.203227412,3.635690077,0.236253702
1.3426147,3.841731567,-1.767172267,1.529686641,19.56573245,-6.666813546,18.37697509,1.139975485,3.608319059,0.223834186
1.3416009,3.8026723,-1.7507089,1.529251634,19.3668057,-6.60470404,18.20289106,1.115132773,3.574137659,0.21895632
1.3405892,3.762424533,-1.7306597,1.528836339,19.16182599,-6.529066662,17.99089034,1.122153782,3.532511317,0.220334895
1.339662,3.721131633,-1.709604533,1.528521031,18.95152347,-6.449634185,17.7682525,1.134489099,3.488796378,0.222756935
1.338572533,3.683131467,-1.698823133,1.527994664,18.75799066,-6.4089604,17.65424972,1.054959074,3.466411932,0.207141214
1.3376301,3.6419443,-1.6788964,1.527662555,18.54822664,-6.333785038,17.44354396,1.055900804,3.425039856,0.207326123
1.3366191,3.6031925,-1.662556133,1.527225792,18.3508658,-6.272139938,17.27076159,1.031322341,3.391114038,0.202500142
1.335551633,3.562426,-1.6429409,1.526762417,18.14324421,-6.198139737,17.06334964,1.031112695,3.350388702,0.202458978
1.3346234,3.524226767,-1.632944433,1.526400233,17.94869756,-6.160427183,16.95764676,0.942268931,3.329633941,0.185014505
1.333611,3.484664833,-1.617485333,1.525974075,17.74721076,-6.102106362,16.79418187,0.904247025,3.297537609,0.177548903
1.332591867,3.445619333,-1.6060083,1.525533531,17.54835413,-6.058808239,16.67282344,0.826748817,3.273708882,0.16233213
1.331612933,3.405084767,-1.577617967,1.525155252,17.34191376,-5.951703198,16.37262337,0.920508513,3.214764599,0.180741847
1.330621433,3.365192333,-1.562490867,1.524754892,17.13874374,-5.894634876,16.21266905,0.877292813,3.183357569,0.172256444
1.329570167,3.327092733,-1.5453679,1.524268198,16.94470452,-5.830036971,16.03161039,0.864312258,3.147806701,0.169707712
1.3286141,3.288904367,-1.531412633,1.523878019,16.75021322,-5.777389495,15.88404707,0.817384283,3.118832642,0.160493404
1.327609333,3.249214967,-1.508054367,1.523461383,16.54807724,-5.689268369,15.6370562,0.862239174,3.070335984,0.169300662
1.326571833,3.212533767,-1.503563367,1.522967437,16.36126186,-5.672325675,15.58956825,0.722911735,3.061011727,0.141943719
1.3256211,3.171589367,-1.474439733,1.522623432,16.15273423,-5.562454194,15.28161426,0.822338104,3.000544959,0.161466087
1.3245845,3.133586033,-1.461929433,1.522149978,15.9591853,-5.515257982,15.14933004,0.761073382,2.974570954,0.149436759
1.3235915,3.096352167,-1.4498778,1.521708721,15.76955522,-5.46979213,15.02189578,0.69887756,2.949549237,0.137224609
1.322584433,3.057293,-1.426494667,1.521280447,15.57062898,-5.381577193,14.77464197,0.747205136,2.901000951,0.146713728
1.321645133,3.020605233,-1.4164364,1.520884798,15.38378015,-5.343631494,14.66828562,0.666712665,2.880117881,0.130909032
1.3205784,2.980111,-1.388621967,1.520418122,15.1775452,-5.238699086,14.37417513,0.754588196,2.822369287,0.148163392
1.319622933,2.9438366,-1.384227967,1.520000181,14.99280163,-5.222122332,14.32771287,0.616306888,2.813246422,0.121011857
1.318530933,2.905399867,-1.364305433,1.51947775,14.79704541,-5.146962815,14.11705152,0.631212016,2.771883067,0.123938479
1.3176209,2.867512,-1.348488067,1.519129151,14.60408454,-5.087290401,13.94979831,0.605504361,2.739042898,0.118890781
1.316595167,2.830501167,-1.328857467,1.518651857,14.41559036,-5.013232228,13.74222387,0.624584612,2.698285657,0.122637189
1.3156425,2.7933492,-1.316740733,1.51824972,14.22637739,-4.967520781,13.61410124,0.563494271,2.673128779,0.1106421
1.314594733,2.756440633,-1.303810733,1.517748877,14.03840404,-4.918741213,13.47737911,0.512243054,2.646283389,0.100578924
1.313647933,2.719249333,-1.284643633,1.51735319,13.84899075,-4.846431634,13.27470574,0.525503138,2.606488471,0.103182541
1.312539267,2.6817379,-1.264752967,1.516800381,13.65794703,-4.771392337,13.06438135,0.54478381,2.565191278,0.106968301
1.311596433,2.644407633,-1.249428467,1.51641072,13.46782599,-4.713579306,12.90233972,0.516704399,2.533374404,0.101454909
1.310596133,2.6079139,-1.232607633,1.515951196,13.28196537,-4.650121226,12.72447582,0.508707671,2.498450828,0.099884751
1.309605733,2.5722244,-1.217711667,1.515489655,13.10020066,-4.593924875,12.56696551,0.484453275,2.467523679,0.0951224
1.308591333,2.535785833,-1.206741733,1.515015214,12.914621,-4.552539832,12.45096918,0.414869951,2.444747798,0.081459715
1.307586167,2.499450433,-1.1876089,1.514548477,12.72956676,-4.480359528,12.24865814,0.43212675,2.405024025,0.084848087
1.3065288,2.462721267,-1.1749055,1.514035375,12.54250709,-4.432434829,12.11433208,0.379393134,2.378649104,0.074493842
1.305576767,2.426951633,-1.1562194,1.513613388,12.36033427,-4.361939865,11.91674481,0.394807584,2.339852843,0.077520469
1.3046241,2.3913111,-1.139279067,1.513188855,12.17881895,-4.29803096,11.73761732,0.392419754,2.304681161,0.077051619
1.303602567,2.3552944,-1.124404633,1.512701029,11.99538783,-4.241915846,11.5803347,0.366271251,2.273798719,0.07191736
1.302615667,2.320660033,-1.109615933,1.512227353,11.81899686,-4.186124168,11.42395863,0.346256352,2.243094278,0.067987435
1.301609167,2.283860933,-1.0879552,1.511766154,11.63158102,-4.104407138,11.19491752,0.387881627,2.198122055,0.076160557
1.300566167,2.249012167,-1.0759565,1.511239555,11.45409812,-4.059140982,11.06804298,0.337273273,2.173210239,0.066223607
1.299639467,2.2140316,-1.060690333,1.510831208,11.27594398,-4.001548019,10.90661817,0.320543939,2.141514477,0.062938802
1.298597033,2.179636467,-1.047160727,1.510298454,11.10077141,-3.950506382,10.76355578,0.288433759,2.113424177,0.056633969
1.297645367,2.144037433,-1.03050931,1.509874305,10.91946745,-3.887687441,10.5874833,0.283202275,2.078852346,0.055606767
1.2966285,2.110700867,-1.01579265,1.509351431,10.7496861,-3.832167541,10.43186898,0.269035248,2.048297475,0.052825071
1.2956359,2.0754662,-0.9976582,1.50888095,10.57023784,-3.763753725,10.24011487,0.281341094,2.010646555,0.055241324
1.294575067,2.041879633,-0.98470206,1.508317814,10.39918326,-3.714875542,10.10311634,0.24728505,1.983746893,0.048554419
1.2936051,2.0072643,-0.96945792,1.507860789,10.22288923,-3.657365677,9.941924436,0.232182919,1.952096863,0.045589116
1.292556767,1.973540433,-0.953440147,1.507312187,10.05113539,-3.596937212,9.772552116,0.229801398,1.918840608,0.045121505
1.291615933,1.9399346,-0.941595713,1.506869336,9.879982684,-3.55225304,9.647308794,0.183892017,1.894249082,0.036107198
1.290608867,1.9062313,-0.927357363,1.506361696,9.708333588,-3.498537606,9.496752139,0.162799576,1.864687282,0.031965697
1.289614667,1.873566333,-0.912723323,1.505851536,9.541972668,-3.443329397,9.342011449,0.151179346,1.834303948,0.029684065
1.288610267,1.840244933,-0.896745563,1.505340904,9.372268568,-3.383051886,9.173062231,0.150424464,1.801130769,0.029535844
1.2876335,1.807493267,-0.88245672,1.504849462,9.205466089,-3.329145961,9.021971658,0.134712558,1.771464135,0.026450811
1.286576567,1.7746194,-0.8604484,1.504279665,9.038041253,-3.246117629,8.789255154,0.200004226,1.725770249,0.03927083
1.285626,1.742070467,-0.854747417,1.503811419,8.872271284,-3.224610166,8.728972819,0.094516592,1.713933813,0.018558333
1.284622667,1.710532867,-0.839222647,1.50327542,8.711651982,-3.166041599,8.564813529,0.09805658,1.681701136,0.01925341
1.283570167,1.6777486,-0.82511087,1.502708729,8.544683473,-3.112803675,8.415595263,0.080306337,1.65240213,0.015768149
1.2826489,1.6461963,-0.812336843,1.502255014,8.383989305,-3.06461253,8.280522398,0.054685033,1.625880573,0.010737406
1.2815857,1.614894167,-0.79679475,1.50165566,8.224569222,-3.005978609,8.11617993,0.059607418,1.593611929,0.011703917
1.280590967,1.582766167,-0.779391173,1.50113701,8.060943044,-2.940322078,7.932154093,0.080007078,1.557478456,0.01570939
1.2796226,1.551959633,-0.770339743,1.500625145,7.904047025,-2.906174759,7.836444055,0.018821097,1.53868579,0.003695522
1.2785968,1.521761167,-0.75601534,1.500046836,7.750247857,-2.852134681,7.68497747,0.016488514,1.508945326,0.00323752
1.277565033,1.490675933,-0.741178037,1.4994757,7.591932434,-2.796159643,7.528087468,0.015063092,1.478139974,0.002957638
1.276644333,1.460836067,-0.730218427,1.498997178,7.439959596,-2.754813546,7.412200289,-0.021022566,1.455385527,-0.004127781
1.275616533,1.4298468,-0.713550187,1.498428587,7.282132926,-2.691931138,7.235949919,-0.002598866,1.420778767,-0.000510287
1.2745699,1.400062033,-0.70035698,1.497823314,7.13044071,-2.6421586,7.096444635,-0.014785798,1.393386904,-0.002903191
1.273641767,1.370564433,-0.689357597,1.497332286,6.980211018,-2.600662454,6.980136891,-0.048707747,1.370549879,-0.009563766
1.272591367,1.340497267,-0.673966767,1.496727431,6.827080553,-2.542599188,6.817393885,-0.039095205,1.338595289,-0.007676343
1.2716178,1.3117163,-0.662987927,1.496180351,6.680500637,-2.501180544,6.701303367,-0.069584604,1.315800916,-0.013662937
1.2706468,1.2826985,-0.648838503,1.495639346,6.53271454,-2.447800594,6.551687025,-0.067754358,1.286423747,-0.013303568
1.2696078,1.254112133,-0.634473327,1.495023948,6.387125711,-2.393606695,6.399789302,-0.061445465,1.25659863,-0.012064817
1.2686048,1.225475933,-0.623973607,1.494445289,6.241283083,-2.353995573,6.288765011,-0.096263801,1.23479901,-0.018901397
1.2675942,1.196790833,-0.611697753,1.493859755,6.09519141,-2.307683832,6.158959843,-0.112550306,1.209311765,-0.022099253
1.2665608,1.1694187,-0.597926833,1.493231964,5.955786606,-2.255731819,6.013345804,-0.106341072,1.180720449,-0.020880069
1.265624433,1.1417029,-0.588214817,1.492706299,5.814631525,-2.219092378,5.910650707,-0.144801055,1.160556266,-0.028431687
1.2646272,1.114389133,-0.572584847,1.49211381,5.675523979,-2.160126935,5.745379029,-0.118636923,1.128105172,-0.02329436
1.2635967,1.087345867,-0.562115807,1.491484046,5.537794075,-2.120631556,5.634679148,-0.145666946,1.106369251,-0.028601705
1.262584667,1.05999858,-0.54716305,1.490877254,5.398515814,-2.064220961,5.47656834,-0.1268344,1.075324194,-0.024903934
1.261636667,1.03374652,-0.538012843,1.490318266,5.264815483,-2.029700997,5.379813835,-0.163780226,1.056326447,-0.032158247
1.260596067,1.007940363,-0.52723028,1.48966007,5.133386113,-1.989022824,5.265798752,-0.181194512,1.033939585,-0.035577542
1.259618733,0.981621463,-0.513102523,1.489072739,4.99934537,-1.935724614,5.116411513,-0.165848017,1.004607401,-0.032564258
1.258670033,0.956424213,-0.503415357,1.488497421,4.871017129,-1.899178921,5.013979181,-0.191743924,0.984494812,-0.03764892
1.257582767,0.931021447,-0.490599383,1.487786581,4.741642204,-1.850829529,4.878462771,-0.18560244,0.957886165,-0.036443039
1.256637133,0.906475657,-0.48087304,1.487204675,4.616631814,-1.81413604,4.775616183,-0.207766242,0.937692237,-0.040794902
1.2555566,0.882761277,-0.469459483,1.486475549,4.495855751,-1.771077388,4.654928961,-0.207855083,0.913995301,-0.040812346
1.254609533,0.858158013,-0.458804857,1.485893062,4.370552653,-1.730881868,4.542266682,-0.220495903,0.891874063,-0.043294371
1.2535975,0.835790893,-0.448222763,1.485212472,4.256638112,-1.690959985,4.430371373,-0.222515134,0.869903419,-0.043690847
1.2526121,0.812210837,-0.43647781,1.484576489,4.136546151,-1.646651111,4.306179955,-0.218415677,0.845518434,-0.042885918
1.251592467,0.788879257,-0.42575568,1.483902591,4.017719667,-1.606200928,4.192803895,-0.223866101,0.823257045,-0.043956109
1.250608033,0.765769203,-0.415911963,1.48326061,3.900021407,-1.569064637,4.088716198,-0.237476664,0.802819426,-0.046628543
1.249637733,0.745599667,-0.405783473,1.482589189,3.797299041,-1.530854013,3.981617302,-0.233100134,0.781790557,-0.045769211
1.2486238,0.723097043,-0.396341683,1.481908707,3.682694389,-1.495234026,3.881779588,-0.247867071,0.762187422,-0.048668699
1.247629467,0.701051057,-0.386457843,1.481241058,3.570415364,-1.457946366,3.777267626,-0.255634135,0.741666498,-0.050193763
1.246605033,0.6792445,-0.37597201,1.480539762,3.459355742,-1.418387633,3.666390173,-0.255816303,0.71989571,-0.050229531
1.245611433,0.65812351,-0.366768707,1.47985914,3.351787675,-1.383667358,3.569074222,-0.26606842,0.700787724,-0.052242534
1.2446394,0.63733993,-0.35885995,1.479195084,3.245938019,-1.353830875,3.485446839,-0.288290694,0.684367487,-0.056605878
1.243611367,0.616423947,-0.347649283,1.478476991,3.13941404,-1.311537644,3.366904981,-0.276272814,0.661091793,-0.054246167
1.242616533,0.59609586,-0.339379263,1.477783386,3.035884186,-1.280338263,3.279457591,-0.292355277,0.643921498,-0.057403959
1.241620667,0.575949967,-0.32977153,1.477086048,2.933282234,-1.24409224,3.177865188,-0.293364827,0.62397383,-0.057602184
1.240576967,0.55674251,-0.32086907,1.476326971,2.835459689,-1.210506923,3.083730362,-0.297052546,0.605490457,-0.058326267
1.239614067,0.537406933,-0.31171596,1.475650592,2.736984636,-1.175976006,2.986945157,-0.298742394,0.586486682,-0.058658069
1.2386263,0.518532663,-0.30350825,1.47494251,2.640858993,-1.145011695,2.900156634,-0.308079514,0.569445755,-0.060491413
1.237584267,0.499042243,-0.29595839,1.474189292,2.541595331,-1.116529181,2.820324233,-0.327510775,0.553770663,-0.064306741
1.236526,0.47916295,-0.285193653,1.473425604,2.440351159,-1.075918261,2.706497649,-0.314928364,0.531420813,-0.061836184
1.2354948,0.46051223,-0.276602437,1.472670776,2.345364044,-1.043507136,2.615653918,-0.319071747,0.513583647,-0.062649738
1.2344058,0.441729537,-0.26808719,1.471860104,2.249704796,-1.011382616,2.525613495,-0.324690573,0.49590421,-0.063752994
1.233416533,0.424907167,-0.261154857,1.471120117,2.164029369,-0.985229776,2.452310836,-0.33706334,0.481511233,-0.066182387
1.232429033,0.408394553,-0.253909503,1.470377307,2.079931517,-0.95789604,2.375698296,-0.344548652,0.46646836,-0.067652128
1.2313593,0.390911123,-0.245507083,1.469566649,1.990889347,-0.926197168,2.286850905,-0.344743431,0.449023175,-0.067690373
1.2303655,0.373404433,-0.23558997,1.468832269,1.901728716,-0.888783982,2.181987111,-0.329040268,0.428433169,-0.064607057
1.229249867,0.357955813,-0.22950614,1.467945558,1.823049724,-0.865832195,2.117656546,-0.343388695,0.415801863,-0.06742437
1.2283191,0.34268258,-0.22233418,1.467241115,1.745263967,-0.838775342,2.041820069,-0.345337975,0.400911371,-0.067807111
1.2272834,0.32797151,-0.21589043,1.466423409,1.670341278,-0.814465726,1.973683702,-0.352124297,0.387532795,-0.069139606
1.226336733,0.313638637,-0.209288537,1.465689131,1.597344725,-0.7895595,1.903875123,-0.355312272,0.37382588,-0.069765565
1.225309967,0.29986172,-0.20366396,1.464866516,1.527179628,-0.768340287,1.844400714,-0.366002959,0.36214808,-0.071864681
1.224367033,0.28599588,-0.19748298,1.464129051,1.45656165,-0.745021994,1.779042883,-0.371263106,0.34931507,-0.072897511
1.223287833,0.27270936,-0.19032777,1.463246735,1.388894118,-0.718028332,1.703383521,-0.363271277,0.334459354,-0.071328315
1.2222917,0.259603587,-0.184380137,1.462444808,1.322147118,-0.69559036,1.640493103,-0.367127858,0.322110821,-0.072085555
1.221342867,0.2473874,-0.180020693,1.461676998,1.259930736,-0.679143975,1.594396245,-0.383247382,0.313059703,-0.075250623
1.220302633,0.235071633,-0.17355681,1.460819264,1.197207198,-0.654758403,1.526046987,-0.377621662,0.299639326,-0.074146013
1.2193587,0.22327291,-0.16814438,1.460050168,1.137116934,-0.634339533,1.468815823,-0.380480762,0.288401987,-0.074707398
1.218352067,0.21166676,-0.163594337,1.459215518,1.078007436,-0.617174092,1.420703555,-0.391477993,0.278955143,-0.076866704
1.217309967,0.200403337,-0.158463587,1.458340323,1.020643426,-0.597817885,1.366450881,-0.394589329,0.268302631,-0.077477615
1.216307067,0.18940994,-0.15365859,1.457500327,0.964654647,-0.57969061,1.315642731,-0.399769957,0.25832645,-0.078494831
1.215340567,0.17899451,-0.149283537,1.456688166,0.911609422,-0.563185335,1.269380812,-0.406553263,0.249242922,-0.079826733
1.214272733,0.168873593,-0.14372686,1.455770308,0.860064137,-0.542222281,1.21062438,-0.399342116,0.237706097,-0.078410824
1.213329233,0.15898774,-0.139302057,1.4549733,0.809716017,-0.525529319,1.163836403,-0.402902259,0.228519278,-0.079109859
1.212354933,0.149521213,-0.1359586,1.454139278,0.761503506,-0.512915834,1.128482612,-0.415760979,0.221577561,-0.081634668
1.211325233,0.140230823,-0.131355653,1.453247246,0.714188049,-0.49555081,1.079810943,-0.414404768,0.212020879,-0.081368376
1.2103111,0.13109807,-0.124458527,1.452368445,0.667675427,-0.469530791,1.00688056,-0.387987007,0.197700998,-0.076181249
1.209316967,0.122656047,-0.123926193,1.451499408,0.624680655,-0.467522516,1.001251655,-0.425352873,0.196595762,-0.083518037
1.208311067,0.114385853,-0.11966605,1.450616059,0.582561005,-0.451450749,0.956204797,-0.422425665,0.187750812,-0.082943279
1.207358,0.106277371,-0.115506188,1.449783146,0.541264942,-0.435757303,0.91221832,-0.419735251,0.179114067,-0.082415017
1.206378,0.098681456,-0.113063657,1.448915705,0.502579353,-0.426542638,0.886390935,-0.432593455,0.17404286,-0.084939725
1.205288367,0.090998895,-0.109089734,1.447939915,0.463452485,-0.411550663,0.844370581,-0.42969997,0.165792164,-0.084371589
1.204395267,0.083763078,-0.106647752,1.447154037,0.426600856,-0.402338068,0.818548998,-0.440730015,0.160722096,-0.086537339
1.203282333,0.076763146,-0.103055586,1.446144831,0.390950576,-0.388786307,0.780565355,-0.438396652,0.153264008,-0.086079183
1.202310867,0.070139229,-0.099754018,1.44527152,0.357215326,-0.376330847,0.745654489,-0.437221036,0.146409259,-0.08584835
1.201320867,0.063850774,-0.096837727,1.444374705,0.325188561,-0.365328883,0.714817562,-0.438410873,0.140354428,-0.086081975
1.200344667,0.05767187,-0.094559139,1.443490066,0.293719735,-0.35673271,0.690723721,-0.445785859,0.135623603,-0.087530053
1.1993073,0.051660677,-0.091853779,1.442541775,0.263105051,-0.3465265,0.662117179,-0.447794002,0.130006708,-0.087924352
1.198149367,0.044708337,-0.089068285,1.441486864,0.227697156,-0.336017978,0.632663299,-0.453748015,0.124223439,-0.089093423
1.196989667,0.035513635,-0.086662527,1.440463414,0.180869033,-0.326942043,0.607224756,-0.475137596,0.119228581,-0.093293267
1.1959861,0.030138625,-0.083757704,1.439539496,0.153494399,-0.315983342,0.576509088,-0.471796561,0.113197559,-0.092637255
1.1950807,0.025243149,-0.081698549,1.438706639,0.128562,-0.308214995,0.554735526,-0.4749554,0.108922321,-0.093257493
1.1940122,0.020477179,-0.079700763,1.437708762,0.104289174,-0.300678172,0.533610893,-0.478103592,0.104774499,-0.09387564
1.1930356,0.015837697,-0.077539339,1.436800912,0.080660538,-0.292524007,0.51075594,-0.478877275,0.100286929,-0.094027553
1.192000733,0.011382585,-0.075833651,1.435832062,0.057970896,-0.286089149,0.492719954,-0.483530932,0.096745563,-0.094941298
1.1909923,0.00703237,-0.07368016,1.434888092,0.035815483,-0.277964914,0.469948888,-0.482915278,0.092274464,-0.094820415
1.1899688,0.003026351,-0.071772693,1.433923955,0.015413043,-0.270768828,0.449779294,-0.483148124,0.088314164,-0.094866134
1.189028933,-0.000745486,-0.070266092,1.43303998,-0.00379672,-0.26508504,0.433848451,-0.486427045,0.085186143,-0.09550995
1.1879458,-0.004361017,-0.068587555,1.432010423,-0.022210425,-0.258752614,0.416099568,-0.487091866,0.08170115,-0.095640488
1.187044,-0.007904011,-0.066948256,1.431161124,-0.040254701,-0.252568212,0.398765577,-0.487802152,0.078297621,-0.095779952
1.185996733,-0.011338643,-0.065591786,1.430164753,-0.057747097,-0.247450809,0.384422231,-0.490951201,0.075481305,-0.096398268
1.1850202,-0.014628655,-0.063975511,1.429236972,-0.074502956,-0.241353268,0.367331697,-0.490616526,0.072125579,-0.096332555
1.183968333,-0.017729284,-0.062783355,1.428231052,-0.090294293,-0.236855754,0.354725811,-0.493801976,0.069650413,-0.096958018
1.1830489,-0.020623284,-0.061817574,1.427354503,-0.105033277,-0.233212261,0.344513623,-0.498328773,0.06764525,-0.097846855
1.1819464,-0.023363274,-0.060610188,1.426292605,-0.118987899,-0.228657289,0.331746691,-0.499516463,0.065138463,-0.098080058
1.1810767,-0.026030224,-0.059640686,1.425462425,-0.132570531,-0.224999757,0.321495153,-0.502847557,0.063125573,-0.098734118
1.180031467,-0.028612737,-0.058511525,1.42445546,-0.145723134,-0.220739899,0.309555381,-0.504060388,0.060781199,-0.098972257
1.1790353,-0.031075642,-0.057031376,1.423495789,-0.158266577,-0.215155905,0.293904247,-0.500952696,0.057708099,-0.098362062
1.178038067,-0.033392333,-0.056061251,1.422532885,-0.170065359,-0.211496022,0.283646122,-0.502493354,0.055693916,-0.09866457
1.176986867,-0.035572834,-0.055413171,1.421513997,-0.181170534,-0.209051083,0.276793308,-0.506745715,0.054348366,-0.099499521
1.175994867,-0.037569066,-0.054146201,1.420551578,-0.191337235,-0.20427133,0.263396344,-0.503515452,0.051717872,-0.098865259
1.1750164,-0.039578642,-0.053655671,1.41960289,-0.201571895,-0.202420759,0.258209461,-0.508563229,0.050699428,-0.09985639
1.174036233,-0.04152285,-0.052786217,1.418651533,-0.211473642,-0.19914067,0.249015841,-0.509271356,0.04889426,-0.099995431
1.173002967,-0.043405865,-0.051885705,1.417646169,-0.22106374,-0.195743409,0.239493805,-0.509339418,0.047024609,-0.100008795
1.1720118,-0.045163766,-0.051281433,1.416681052,-0.230016632,-0.193463737,0.233104211,-0.511902716,0.045770012,-0.100512098
1.171001733,-0.046783018,-0.050244564,1.41569498,-0.238263395,-0.189552057,0.222140334,-0.509185602,0.043617255,-0.099978593
1.1699811,-0.04821469,-0.049780975,1.414695561,-0.245554827,-0.187803126,0.217238332,-0.511575033,0.042654747,-0.100447758
1.169044533,-0.049644922,-0.048818485,1.413780188,-0.252838922,-0.18417205,0.207060947,-0.508681742,0.040656417,-0.09987966
1.167994033,-0.050945261,-0.048455704,1.412748957,-0.259461475,-0.182803427,0.203224892,-0.51146824,0.039903208,-0.100426789
1.167043467,-0.052408496,-0.047974332,1.411820073,-0.266913656,-0.180987407,0.198134849,-0.513830378,0.038903778,-0.100890595
1.1660007,-0.053761518,-0.048417948,1.410797356,-0.273804524,-0.182660988,0.202825656,-0.525412053,0.039824817,-0.103164657
1.165010833,-0.05496709,-0.047884559,1.409825354,-0.279944438,-0.180648729,0.197185584,-0.525911895,0.038717389,-0.103262801
1.1639628,-0.055932342,-0.047435892,1.408791624,-0.284860411,-0.178956095,0.192441372,-0.526083656,0.037785863,-0.103296526
1.163019933,-0.056908047,-0.046960401,1.407863216,-0.289829627,-0.177162263,0.187413519,-0.526025019,0.036798644,-0.103285013
1.1619984,-0.057858575,-0.045998095,1.406855768,-0.294670614,-0.173531877,0.177238068,-0.520690555,0.034800695,-0.102237591
1.161090633,-0.05875317,-0.04585725,1.405961257,-0.299226738,-0.173000528,0.175748774,-0.523757385,0.034508272,-0.102839762
1.159967933,-0.059676488,-0.04543918,1.404852239,-0.303929147,-0.171423321,0.171328088,-0.524039108,0.03364027,-0.102895079
1.1590008,-0.060514589,-0.044926158,1.403897525,-0.308197552,-0.1694879,0.165903381,-0.522882806,0.032575129,-0.102668039
1.1579591,-0.061274113,-0.044660746,1.40286708,-0.312065764,-0.168486612,0.163096915,-0.523944552,0.032024079,-0.102876513
1.157000667,-0.06190126,-0.04416858,1.40191794,-0.315259793,-0.16662987,0.157892733,-0.521934399,0.031002238,-0.102481819
1.155979833,-0.062478552,-0.043650917,1.400905661,-0.31819991,-0.164676942,0.152418955,-0.519400739,0.029927462,-0.101984335
1.155069433,-0.063055313,-0.043431358,1.400003808,-0.321137319,-0.163848637,0.150097337,-0.520016529,0.029471612,-0.102105246
1.153977233,-0.063751242,-0.04322525,1.39892192,-0.32468165,-0.163071076,0.147917942,-0.521381466,0.029043688,-0.102373251
1.152995933,-0.064368508,-0.042734256,1.397949767,-0.327825351,-0.161218756,0.142726156,-0.519333381,0.028024281,-0.101971109
1.152021433,-0.064898297,-0.042597525,1.396983118,-0.33052354,-0.160702926,0.14128036,-0.520585772,0.027740399,-0.102217016
1.1509776,-0.065194604,-0.042297185,1.395943675,-0.332032615,-0.159569868,0.138104561,-0.518919049,0.027116831,-0.101889755
1.149999133,-0.06551193,-0.042011383,1.394969911,-0.333648738,-0.158491655,0.135082484,-0.517513094,0.026523446,-0.101613696
1.1490124,-0.065938572,-0.041680538,1.3939895,-0.335821604,-0.157243514,0.131584124,-0.516187601,0.025836543,-0.101353436
1.1479877,-0.066295456,-0.041513244,1.392970088,-0.337639195,-0.156612383,0.129815153,-0.516236222,0.025489205,-0.101362982
1.1469978,-0.066668636,-0.041429407,1.391985718,-0.339539781,-0.1562961,0.128928659,-0.517250313,0.025315142,-0.101562099
1.145991367,-0.066963059,-0.040950655,1.390983648,-0.341039262,-0.154489966,0.123866324,-0.513687458,0.024321153,-0.100862532
1.144965767,-0.067202029,-0.040629503,1.389961589,-0.342256323,-0.153278392,0.120470455,-0.511508651,0.023654374,-0.100434724
1.144,-0.067376996,-0.040497355,1.388998415,-0.34314742,-0.152779849,0.119073112,-0.511002405,0.023380005,-0.100335322
1.143051567,-0.067490355,-0.040429339,1.388051661,-0.343724753,-0.152523254,0.118353912,-0.510860539,0.023238791,-0.100307467
1.141973733,-0.067727801,-0.040305661,1.386977346,-0.34493405,-0.152056667,0.117046135,-0.510762057,0.022982009,-0.10028813
1.141032333,-0.068001703,-0.040085601,1.386040005,-0.346329018,-0.151226474,0.114719222,-0.509830113,0.022525119,-0.100105143
1.139972933,-0.068188097,-0.039712946,1.384983367,-0.347278314,-0.149820597,0.110778752,-0.506838939,0.021751408,-0.099517826
1.1390047,-0.068370868,-0.039540439,1.384017842,-0.348209155,-0.149169802,0.108954666,-0.505945694,0.021393249,-0.099342437
1.138002967,-0.068287552,-0.039608978,1.383014874,-0.347784832,-0.149428371,0.109679399,-0.506246104,0.02153555,-0.099401422
1.1370766,-0.068341342,-0.039561663,1.382089305,-0.348058784,-0.14924987,0.109179085,-0.506019743,0.021437313,-0.099356977
1.1359641,-0.068425937,-0.038966677,1.380978058,-0.348489622,-0.147005231,0.102887686,-0.500159181,0.020201997,-0.098206255
1.135069767,-0.068491542,-0.03902202,1.380084697,-0.348823745,-0.14721402,0.103472891,-0.501078509,0.020316902,-0.098386765
1.133976333,-0.068568893,-0.038855831,1.37899241,-0.349217686,-0.146587056,0.101715601,-0.49971516,0.019971858,-0.098119072
1.1329763,-0.068543708,-0.038693029,1.377992004,-0.349089424,-0.145972871,0.099994129,-0.497865425,0.019633847,-0.097755876
1.131998133,-0.068496364,-0.038538511,1.377013135,-0.3488483,-0.14538994,0.098360255,-0.495990428,0.019313036,-0.097387721
1.131018467,-0.068466274,-0.038531744,1.376033023,-0.348695053,-0.145364411,0.098288701,-0.495765627,0.019298986,-0.097343581
1.1299841,-0.068442095,-0.038218097,1.374998298,-0.348571912,-0.144181147,0.094972183,-0.492325968,0.018647788,-0.096668204
1.129046167,-0.068436438,-0.038048473,1.374060281,-0.3485431,-0.143541228,0.093178582,-0.490503555,0.018295614,-0.096310373
1.1280189,-0.068458481,-0.038129411,1.373033341,-0.348655367,-0.143846573,0.094034418,-0.491471659,0.018463658,-0.09650046
1.126963133,-0.068410656,-0.038131665,1.371976865,-0.348411795,-0.143855075,0.094058249,-0.491251917,0.018468337,-0.096457314
1.126035767,-0.068375569,-0.037646215,1.371048979,-0.348233099,-0.142023674,0.088925096,-0.485940068,0.017460443,-0.095414332
1.124994067,-0.068083654,-0.037809055,1.370002953,-0.346746392,-0.142638,0.090646963,-0.486175228,0.017798531,-0.095460506
1.1239873,-0.067900438,-0.037835468,1.368993471,-0.345813284,-0.142737647,0.090926258,-0.485521415,0.017853371,-0.09533213
1.122990867,-0.067803317,-0.037496397,1.367995599,-0.34531865,-0.14145847,0.08734091,-0.481441433,0.017149388,-0.094531025
1.121976767,-0.067750801,-0.03755405,1.366980721,-0.345051191,-0.141675972,0.087950537,-0.481783601,0.017269088,-0.09459821
1.120928633,-0.067617353,-0.037296999,1.36593061,-0.344371546,-0.140706226,0.085232477,-0.478385896,0.016735397,-0.093931071
1.120025367,-0.067405837,-0.037076572,1.365024209,-0.343294308,-0.139874643,0.08290167,-0.474977851,0.016277743,-0.093261901
1.118991067,-0.067227638,-0.036673605,1.363987268,-0.342386748,-0.138354416,0.078640691,-0.469809312,0.0154411,-0.092247058
1.117976567,-0.066905741,-0.037119512,1.362967998,-0.340747342,-0.140036639,0.083355722,-0.472884938,0.016366896,-0.092850957
1.117005833,-0.066717448,-0.037252843,1.361994475,-0.339788378,-0.140539641,0.084765564,-0.473335815,0.016643718,-0.092939487
1.115982867,-0.066636817,-0.037157601,1.360970313,-0.339377729,-0.140180332,0.083758473,-0.471918074,0.016445976,-0.092661114
1.1150012,-0.066509955,-0.036876237,1.359986767,-0.338731625,-0.139118862,0.080783323,-0.468296822,0.015861805,-0.091950081
1.113988767,-0.066285179,-0.036852369,1.358971003,-0.337586857,-0.13902882,0.080530949,-0.466899679,0.015812252,-0.091675752
1.113002867,-0.065986539,-0.036780497,1.357980677,-0.336065898,-0.138757675,0.079770969,-0.46461874,0.01566303,-0.09122789
1.111951967,-0.065662245,-0.036724857,1.356924972,-0.334414286,-0.13854777,0.079182634,-0.462378793,0.01554751,-0.090788076
1.111023667,-0.065387059,-0.036351337,1.355992594,-0.333012778,-0.13713863,0.075233018,-0.457027669,0.014772003,-0.089737383
1.109953967,-0.065139003,-0.036368368,1.354919218,-0.331749442,-0.137202881,0.075413104,-0.455944419,0.014807363,-0.089524687
1.1090219,-0.064890375,-0.036369168,1.353983467,-0.330483192,-0.1372059,0.075421567,-0.454686631,0.014809025,-0.08927772
1.1079808,-0.064633799,-0.03659241,1.352938565,-0.329176467,-0.138048099,0.077782129,-0.45574047,0.015272521,-0.089484641
1.1069642,-0.064347328,-0.036460191,1.35191772,-0.327717484,-0.137549293,0.076384046,-0.452883403,0.014998007,-0.088923656
1.1059866,-0.063962214,-0.036341761,1.350934413,-0.325756117,-0.137102505,0.075131764,-0.449669755,0.014752122,-0.088292656
1.104975433,-0.06361957,-0.036175309,1.349918169,-0.324011052,-0.136474549,0.073371693,-0.446164618,0.014406532,-0.087604423
1.103999367,-0.063263397,-0.036091283,1.348936825,-0.32219708,-0.136157556,0.072483208,-0.443462161,0.014232078,-0.087073795
1.102964433,-0.0630765,-0.036030865,1.347899122,-0.321245225,-0.135929621,0.071844339,-0.441871438,0.014106636,-0.086761457
1.102006733,-0.062797746,-0.036241085,1.346937291,-0.319825548,-0.136722696,0.074067214,-0.442674635,0.014543097,-0.086919165
1.100926633,-0.062495511,-0.035711164,1.345852713,-0.31828628,-0.134723521,0.068463813,-0.435531966,0.01344287,-0.085516701
1.1000283,-0.062055359,-0.035785725,1.344947857,-0.316044611,-0.135004811,0.06925223,-0.434078714,0.013597675,-0.085231355
1.098964633,-0.061606716,-0.035755553,1.343877542,-0.313759696,-0.134890984,0.068933187,-0.431474756,0.013535031,-0.084720068
1.097993233,-0.061244966,-0.03575051,1.342900782,-0.311917321,-0.134871958,0.068879862,-0.429579056,0.013524561,-0.084347848
1.097023933,-0.060952948,-0.035728196,1.341927154,-0.310430087,-0.134787778,0.068643917,-0.427855877,0.013478233,-0.084009502
1.0960218,-0.060620858,-0.035681318,1.3409201,-0.308738773,-0.134610927,0.068148228,-0.425668873,0.013380905,-0.083580083
1.094954967,-0.060290518,-0.035528043,1.339848372,-0.307056369,-0.134032683,0.066527494,-0.422365736,0.013062673,-0.082931512
1.0940125,-0.059934552,-0.035514234,1.33890063,-0.305243451,-0.133980585,0.06638147,-0.420406795,0.013034002,-0.082546874
1.0929709,-0.059473455,-0.035540081,1.337852197,-0.302895111,-0.134078096,0.066654781,-0.418331765,0.013087666,-0.082139442
1.091998633,-0.059078803,-0.035653193,1.336874083,-0.300885168,-0.13450482,0.067850826,-0.417517867,0.01332251,-0.081979633
1.090989867,-0.058713091,-0.035390362,1.335859897,-0.299022618,-0.133513269,0.065071652,-0.412876143,0.012776819,-0.081068231
1.0899866,-0.058444616,-0.035354419,1.334852652,-0.297655287,-0.133377671,0.06469159,-0.41112875,0.012702194,-0.08072513
1.0889654,-0.0580705,-0.035434696,1.333825908,-0.295749935,-0.133680523,0.065540441,-0.410072249,0.012868866,-0.080517686
1.087989367,-0.05773566,-0.034813415,1.332844913,-0.294044616,-0.131336683,0.058970994,-0.401797483,0.011578955,-0.078892936
1.086966767,-0.057247825,-0.035189339,1.331815084,-0.291560097,-0.132754891,0.062946026,-0.403287996,0.012359452,-0.079185598
1.086005267,-0.056818509,-0.035072538,1.330847222,-0.289373613,-0.132314248,0.061710966,-0.399866453,0.012116948,-0.078513778
1.0850115,-0.056371705,-0.035164757,1.329846835,-0.287098065,-0.132662155,0.062686099,-0.398566037,0.012308416,-0.078258441
1.083967367,-0.056092529,-0.035071943,1.328798564,-0.285676236,-0.132312004,0.061704678,-0.396162788,0.012115714,-0.077786563
1.083006867,-0.055769185,-0.034876464,1.327833273,-0.284029464,-0.131574541,0.059637675,-0.392449013,0.011709858,-0.077057364
1.082004033,-0.055393606,-0.034897772,1.326824874,-0.282116661,-0.131654928,0.059862986,-0.39076152,0.011754097,-0.076726025
1.0809534,-0.05499979,-0.035128954,1.325768405,-0.280110974,-0.132527085,0.062307518,-0.391200364,0.012234081,-0.076812192
1.080004367,-0.054625632,-0.034723172,1.324813827,-0.278205407,-0.130996235,0.058016765,-0.385004046,0.011391592,-0.075595544
1.078988,-0.054193727,-0.034851634,1.323791061,-0.276005741,-0.13148087,0.059375129,-0.384162744,0.011658307,-0.075430355
1.0779951,-0.053865666,-0.034905952,1.322793299,-0.274334943,-0.131685789,0.059949486,-0.383066301,0.011771081,-0.075215068
1.076953067,-0.053544192,-0.034869607,1.321746502,-0.272697693,-0.131548675,0.059565176,-0.381044742,0.011695622,-0.074818135
1.076030333,-0.053188423,-0.034781685,1.320818497,-0.270885782,-0.131216979,0.05863548,-0.378303135,0.011513076,-0.074279821
1.0749321,-0.052869165,-0.034565529,1.319715533,-0.269259815,-0.130401514,0.056349848,-0.374391536,0.011064293,-0.073511778
1.074047533,-0.052413398,-0.034794835,1.318824213,-0.26693862,-0.131266591,0.058774535,-0.374495028,0.01154038,-0.073532099
1.0729879,-0.052049235,-0.034718737,1.317759183,-0.265083956,-0.130979502,0.057969866,-0.371835695,0.011382383,-0.073009939
1.072022067,-0.051777712,-0.03451435,1.316789326,-0.263701103,-0.130208434,0.055808673,-0.36829165,0.010958033,-0.072314065
1.070990267,-0.051445059,-0.034230065,1.315752597,-0.262006923,-0.129135944,0.052802637,-0.363591433,0.010367798,-0.071391178
1.070032233,-0.051103366,-0.034132096,1.3147895,-0.260266697,-0.128766349,0.051766714,-0.360815284,0.010164394,-0.070846081
1.0689469,-0.050766747,-0.034295843,1.313699179,-0.258552316,-0.1293841,0.053498182,-0.360832371,0.010504368,-0.070849436
1.068031167,-0.050413246,-0.034317457,1.312778207,-0.256751953,-0.129465641,0.053726729,-0.359260555,0.010549243,-0.07054081
1.066961167,-0.050042951,-0.034432165,1.31170272,-0.254866061,-0.129898385,0.05493965,-0.358587584,0.0107874,-0.070408672
1.065991433,-0.049809083,-0.034112786,1.310729521,-0.253674985,-0.128693499,0.051562526,-0.354019384,0.010124302,-0.069511706
1.064998233,-0.049516746,-0.034019656,1.309731989,-0.252186129,-0.12834216,0.050577774,-0.351545776,0.009930946,-0.069026013
1.064016867,-0.049234737,-0.034313469,1.308746443,-0.250749868,-0.129450595,0.05368456,-0.353216301,0.010540963,-0.069354021
1.0629911,-0.048978711,-0.034105503,1.307716883,-0.249445943,-0.128666023,0.051485515,-0.349713332,0.010109181,-0.068666213
1.0619776,-0.048684072,-0.034325325,1.306699017,-0.247945361,-0.129495321,0.053809918,-0.350537152,0.010565577,-0.06882797
1.0609999,-0.048259744,-0.034085745,1.305715029,-0.245784283,-0.128591485,0.051276597,-0.345842753,0.01006816,-0.067906225
1.059983567,-0.047949636,-0.034043933,1.3046941,-0.244204918,-0.128433746,0.050834476,-0.343821267,0.009981349,-0.067509306
1.059058733,-0.047640797,-0.034055649,1.303764691,-0.242632019,-0.128477947,0.050958365,-0.342372257,0.010005675,-0.067224793
1.058039767,-0.047485418,-0.034183551,1.302743421,-0.241840684,-0.128960468,0.052310804,-0.342933361,0.010271226,-0.067334965
1.0569958,-0.047205756,-0.033982122,1.301695311,-0.240416379,-0.12820056,0.050180888,-0.33937914,0.009853017,-0.066637094
1.056059033,-0.046950837,-0.03376057,1.300754766,-0.23911809,-0.127364733,0.047838185,-0.335738148,0.009393028,-0.065922185
1.054935367,-0.046604898,-0.034004534,1.299625974,-0.237356241,-0.128285108,0.050417866,-0.336555981,0.009899548,-0.066082767
