Edisk/V,Idisk/mA,Iring/mA,E-iR vs RHE,jdisk mAcm-2,jring mAcm-2,jCER,jOER,I cer,I OER
0.958957893,-0.056954414,-0.026482876,1.20471795,-0.290065769,-0.099908989,0.123974769,-0.464449616,0.024342446,-0.091194682
0.960084183,-0.022333718,-0.022259492,1.205382227,-0.113744427,-0.083975899,0.079349406,-0.243502912,0.015580256,-0.047811797
0.961029093,-0.009033787,-0.019916471,1.206149649,-0.046008594,-0.075136648,0.05459245,-0.151010123,0.010719228,-0.029650838
0.962053257,-0.00142495,-0.01814929,1.207072273,-0.007257194,-0.068469799,0.035919954,-0.093586227,0.007052883,-0.018375656
0.963036753,0.00353185,-0.016761745,1.207989621,0.017987524,-0.063235166,0.021258803,-0.053680358,0.004174166,-0.010540138
0.964012107,0.006920459,-0.015862291,1.208919753,0.035245524,-0.059841895,0.011754937,-0.026918492,0.002308082,-0.005285446
0.96511811,0.009897823,-0.014749793,1.209986024,0.050409079,-0.055644899,0,0,0,0
0.966138223,0.01205957,-0.013819428,1.210977288,0.061418742,-0.052135015,0.009830475,0.001179188,0.001930214,0.000231534
0.967128097,0.013655818,-0.013347528,1.21194586,0.069548349,-0.05035473,0.014816694,0.004322576,0.002909258,0.000848738
0.968165003,0.014837629,-0.012860074,1.212966995,0.075567249,-0.048515765,0.019967263,0.005190907,0.003920572,0.001019235
0.96914842,0.015869963,-0.01240853,1.213936635,0.080824869,-0.046812275,0.024738393,0.005677397,0.004857383,0.001114757
0.970156233,0.01676349,-0.011975909,1.214932525,0.085375552,-0.045180176,0.029309574,0.005656899,0.005754935,0.001110732
0.971238113,0.017549878,-0.01158586,1.21600391,0.089380586,-0.043708682,0.033430929,0.005540577,0.006564163,0.001087892
0.972252803,0.017995108,-0.011142338,1.217012659,0.09164812,-0.042035455,0.0381173,0.003121741,0.007484332,0.000612954
0.973272443,0.01856661,-0.010972802,1.218024672,0.094558747,-0.041395866,0.039908659,0.004241009,0.007836065,0.000832722
0.974278587,0.019140748,-0.010617206,1.219023153,0.097482801,-0.040054349,0.043665978,0.003407744,0.008573815,0.000669111
0.975271027,0.019641603,-0.010379308,1.220008909,0.100033629,-0.039156856,0.046179673,0.003444877,0.009067379,0.000676402
0.976248287,0.020131771,-0.010083837,1.220979628,0.102530028,-0.038042167,0.049301692,0.002819257,0.009680387,0.000553561
0.977290553,0.020535247,-0.010056703,1.22201651,0.10458491,-0.037939799,0.049588404,0.004587427,0.009736683,0.000900741
0.97826191,0.020846367,-0.009716176,1.222983715,0.106169429,-0.036655132,0.053186497,0.002573853,0.010443169,0.000505376
0.979229213,0.021281553,-0.009583981,1.223945211,0.108385808,-0.036156414,0.054583307,0.003393422,0.010717432,0.000666298
0.98029403,0.021672043,-0.009434393,1.225004817,0.110374548,-0.03559208,0.056163892,0.003801577,0.01102778,0.00074644
0.9812305,0.021959606,-0.009355801,1.225937449,0.111839093,-0.035295587,0.056994308,0.004435707,0.011190832,0.000870951
0.98225673,0.02225774,-0.009123293,1.2269597,0.113357472,-0.034418429,0.059451049,0.003497344,0.011673214,0.000686703
0.98326254,0.022583465,-0.009117548,1.227961164,0.115016375,-0.034396755,0.059511755,0.005095541,0.011685133,0.001000509
0.98421385,0.023057412,-0.008935575,1.228906149,0.117430161,-0.033710248,0.061434523,0.005586559,0.012062669,0.001096921
0.98537314,0.023209073,-0.008764659,1.230063415,0.11820256,-0.033065449,0.063240473,0.004553008,0.012417267,0.000893983
0.9864588,0.023424381,-0.008770401,1.231146202,0.119299112,-0.033087111,0.063179802,0.005710231,0.012405354,0.001121204
0.987479827,0.023563973,-0.008590801,1.232165365,0.120010047,-0.032409555,0.065077499,0.004523468,0.012777967,0.000888183
0.988538607,0.023838703,-0.008500432,1.233220479,0.121409235,-0.032068629,0.066032364,0.004967792,0.012965455,0.000975426
0.989470383,0.023987735,-0.008488195,1.234150267,0.122168247,-0.032022466,0.066161658,0.00559751,0.012990842,0.001099071
0.99046568,0.024123707,-0.008386934,1.235143749,0.122860744,-0.03164045,0.067231607,0.005220057,0.013200926,0.001024958
0.99147282,0.024294423,-0.008223457,1.236148611,0.123730193,-0.031023719,0.068958947,0.004362166,0.013540089,0.000856511
0.992490927,0.024516056,-0.008127932,1.23716376,0.124858958,-0.030663342,0.06996829,0.004481588,0.013738274,0.00087996
0.993496737,0.024772364,-0.008167297,1.238166149,0.126164319,-0.03081185,0.069552349,0.006202891,0.013656604,0.001217938
0.994464333,0.024972648,-0.00778731,1.239131073,0.127184354,-0.029378315,0.073567391,0.003207885,0.014444957,0.000629868
0.99543474,0.025077799,-0.007929284,1.240100077,0.127719885,-0.029913924,0.072067258,0.005243547,0.014150406,0.001029571
0.996480823,0.025386031,-0.007808162,1.241142047,0.12928969,-0.02945698,0.073347066,0.005533545,0.014401696,0.001086512
0.997492113,0.025487136,-0.007752666,1.242151988,0.129804614,-0.029247618,0.073933447,0.005462088,0.014516832,0.001072481
0.998484593,0.02565406,-0.007683647,1.24314224,0.130654749,-0.028987236,0.074662725,0.005582945,0.014660026,0.001096211
0.999445387,0.025843751,-0.007632581,1.244100502,0.131620837,-0.028794585,0.075202301,0.006009457,0.014765972,0.001179957
1.00045543,0.02590152,-0.007441149,1.245109774,0.131915048,-0.028072392,0.077225017,0.004280951,0.015163132,0.000840565
1.001428567,0.026123405,-0.007503199,1.24607995,0.1330451,-0.028306483,0.076569376,0.006066644,0.015034397,0.001191186
1.002464133,0.026249033,-0.00753798,1.24711384,0.133684916,-0.028437697,0.076201871,0.007073967,0.014962237,0.001388973
1.003443933,0.02636594,-0.007467804,1.24809208,0.134280317,-0.028172949,0.076943377,0.006927861,0.015107832,0.001360286
1.004489733,0.026444235,-0.007351471,1.249136835,0.134679068,-0.027734072,0.078172582,0.006097407,0.015349186,0.001197226
1.005504933,0.026658178,-0.007355884,1.25014918,0.135768668,-0.027750722,0.078125949,0.00723364,0.01534003,0.001420325
1.006448633,0.026815765,-0.007385623,1.251090777,0.136571249,-0.027862917,0.077811715,0.008350454,0.01527833,0.001639612
1.007484467,0.026954528,-0.007161063,1.252124758,0.137277965,-0.027015742,0.080184481,0.006684405,0.015744223,0.001312483
1.008431533,0.027125298,-0.00712607,1.253069546,0.138147685,-0.02688373,0.08055422,0.007184386,0.015816821,0.001410654
1.009470867,0.027300065,-0.007046186,1.254106547,0.139037764,-0.026582359,0.081398298,0.007230387,0.015982556,0.001419687
1.0105463,0.02746103,-0.007147045,1.255179833,0.13985755,-0.026962859,0.080332595,0.009115877,0.015773305,0.001789902
1.011458033,0.027519813,-0.007160968,1.256090781,0.140156927,-0.027015385,0.08018548,0.009562368,0.015744419,0.001877571
1.012523567,0.027646654,-0.007205591,1.257154622,0.140802923,-0.027183729,0.079713983,0.010679861,0.015651841,0.002096991
1.013502067,0.027766857,-0.007104646,1.258131518,0.141415109,-0.026802905,0.080780593,0.010225437,0.015861269,0.002007765
1.014441667,0.027874314,-0.006972718,1.259069684,0.141962382,-0.026305196,0.082174577,0.009378726,0.016134978,0.001841513
1.0155324,0.02793543,-0.007013294,1.260159602,0.142273646,-0.026458272,0.08174584,0.010118727,0.016050796,0.001986812
1.0164787,0.028019693,-0.007035346,1.261104777,0.142702791,-0.026541465,0.081512833,0.010780879,0.016005045,0.002116826
1.017439967,0.02809606,-0.00701536,1.262065025,0.143091722,-0.026466066,0.08172401,0.010958633,0.016046509,0.002151728
1.018470867,0.028302945,-0.006847331,1.263093164,0.144145376,-0.025832163,0.083499446,0.010236851,0.016395116,0.002010006
1.019441233,0.028372159,-0.006928243,1.264062607,0.144497883,-0.026137409,0.082644514,0.01144429,0.01622725,0.002247086
1.020419867,0.028510254,-0.006934993,1.265039397,0.14520119,-0.026162875,0.082573189,0.012218922,0.016213246,0.002399185
1.021477633,0.028609989,-0.006890724,1.266095833,0.145709137,-0.025995866,0.083040946,0.012259112,0.01630509,0.002407077
1.022492533,0.028700808,-0.006809467,1.267109521,0.146171673,-0.025689316,0.083899531,0.011863063,0.016473673,0.002329312
1.0234838,0.028875525,-0.006806673,1.268098456,0.147061499,-0.025678777,0.08392905,0.01272337,0.016479469,0.002498234
1.024471267,0.028839753,-0.006930003,1.2690864,0.146879314,-0.026144049,0.082625915,0.01384432,0.016223598,0.002718332
1.0254542,0.028963594,-0.006895214,1.270067681,0.147510026,-0.026012805,0.082993505,0.014107442,0.016295775,0.002769996
1.0264746,0.029076948,-0.006856856,1.271086568,0.148087332,-0.025868097,0.083398803,0.01427945,0.016375355,0.00280377
1.027486,0.029099188,-0.006786773,1.272097671,0.148200601,-0.025603699,0.084139327,0.013652195,0.016520757,0.002680608
1.028494267,0.029208074,-0.00680899,1.273104485,0.148755152,-0.025687517,0.08390457,0.014441502,0.016474662,0.002835589
1.029443133,0.029262722,-0.006881846,1.274052622,0.149033473,-0.025962372,0.083134756,0.015489638,0.016323509,0.00304139
1.030477533,0.029325969,-0.006758957,1.275086178,0.149355583,-0.025498764,0.084433229,0.014513275,0.016578464,0.002849682
1.031485,0.029504283,-0.006810986,1.276091265,0.150263728,-0.025695046,0.083883483,0.015971166,0.016470522,0.003135938
1.032510933,0.029543194,-0.006584614,1.277116679,0.150461898,-0.02484104,0.086275382,0.013777437,0.016940171,0.0027052
1.033504033,0.029690217,-0.006781895,1.278107817,0.151210678,-0.025585296,0.084190869,0.01661073,0.016530877,0.003261517
1.0344787,0.029821818,-0.006788355,1.279080728,0.151880917,-0.02560967,0.084122602,0.017349235,0.016517473,0.003406522
1.035457433,0.029837742,-0.006645173,1.280059249,0.151962015,-0.025069501,0.085635509,0.015917427,0.016814532,0.003125387
1.0364168,0.03006317,-0.006647605,1.281015607,0.153110111,-0.025078678,0.085609805,0.017091227,0.016809485,0.003355862
1.037486967,0.030048472,-0.006661268,1.28208597,0.153035255,-0.025130224,0.085465435,0.017160741,0.016781138,0.003369512
1.038474467,0.030125173,-0.00676258,1.283072446,0.153425886,-0.025512429,0.084394956,0.01862185,0.01657095,0.0036564
1.039414533,0.03022885,-0.006746497,1.284011129,0.153953911,-0.025451758,0.084564884,0.018979947,0.016604315,0.003726713
1.040497033,0.030078095,-0.00781431,1.285095641,0.153186122,-0.029480173,0.073282106,0.029494937,0.014388941,0.005791331
1.0414204,0.030335751,-0.006831735,1.286015569,0.154498352,-0.025773325,0.083664238,0.020425035,0.016427473,0.004010456
1.042432833,0.030352619,-0.006725839,1.287027778,0.154584258,-0.025373822,0.084783167,0.019392012,0.016647175,0.003807622
1.04348,0.030427561,-0.006627945,1.288073944,0.154965935,-0.025004507,0.085817544,0.018739312,0.016850275,0.003679464
1.0444019,0.030647848,-0.006639923,1.288992904,0.156087845,-0.025049695,0.08569098,0.019987785,0.016825424,0.003924602
1.045466433,0.030675565,-0.006667638,1.290057068,0.156229006,-0.025154254,0.08539813,0.020421797,0.016767923,0.00400982
1.046435433,0.030762972,-0.006612871,1.291024901,0.156674163,-0.024947642,0.08597681,0.020288274,0.016881547,0.003983603
1.047415,0.030941611,-0.006592138,1.292002084,0.157583962,-0.024869424,0.086195883,0.020979001,0.016924562,0.004119227
1.048489467,0.030968326,-0.006616905,1.293076194,0.15772002,-0.024962859,0.08593419,0.021376752,0.016873178,0.004197325
1.049492,0.031127153,-0.006576323,1.294076608,0.158528919,-0.024809761,0.086362986,0.021756855,0.016957372,0.004271958
1.050459967,0.031197255,-0.006736886,1.295043639,0.158885943,-0.025415497,0.084666442,0.023810422,0.016624256,0.004675176
1.0514887,0.031190987,-0.006672836,1.296072456,0.158854021,-0.025173863,0.085343211,0.023101731,0.016757139,0.004536025
1.052466733,0.03136216,-0.006749819,1.297048205,0.159725794,-0.02546429,0.084529783,0.024786932,0.016597423,0.004866914
1.053483467,0.031353041,-0.006592695,1.29806506,0.159679353,-0.024871524,0.086190001,0.023080273,0.016923407,0.004531812
1.054472033,0.031474818,-0.006626109,1.299052002,0.160299559,-0.024997583,0.085836936,0.024053544,0.016854082,0.004722913
1.0554863,0.031544308,-0.006643142,1.300065341,0.160653464,-0.025061838,0.085656969,0.024587416,0.016818746,0.004827739
1.056430267,0.031639165,-0.006793316,1.301008042,0.161136569,-0.025628385,0.084070186,0.026657304,0.016507181,0.005234162
1.057465333,0.031753476,-0.006802565,1.302041583,0.161718749,-0.025663277,0.083972462,0.027337208,0.016487993,0.005367661
1.0584782,0.031874403,-0.006806533,1.303052836,0.162334624,-0.025678246,0.083930536,0.027995009,0.016479761,0.00549682
1.059435867,0.031962607,-0.006829417,1.304009326,0.16278384,-0.025764578,0.083688738,0.028686023,0.016432284,0.005632501
1.060471333,0.032183478,-0.006750411,1.305041845,0.163908724,-0.025466523,0.08452353,0.028976115,0.016596195,0.00568946
1.061460567,0.032214252,-0.006795651,1.306030667,0.164065453,-0.025637194,0.084045513,0.02961086,0.016502337,0.005814092
1.0624471,0.032326124,-0.006868804,1.307015708,0.164635211,-0.025913172,0.083272556,0.030953575,0.016350566,0.006077735
1.063462833,0.03248334,-0.006886091,1.308029343,0.165435905,-0.025978388,0.083089898,0.031936929,0.016314701,0.006270816
1.064443133,0.032483819,-0.00692265,1.309009637,0.165438343,-0.026116311,0.082703606,0.032325658,0.016238853,0.006347143
1.0654719,0.032637347,-0.00690047,1.310036355,0.166220255,-0.026032632,0.082937972,0.032873203,0.016284871,0.006454653
1.066449633,0.032744614,-0.006957993,1.311012656,0.166766561,-0.026249642,0.08233017,0.034027312,0.016165529,0.006681263
1.067521567,0.032745695,-0.006871897,1.312084575,0.166772063,-0.025924837,0.083239883,0.033123101,0.016344151,0.006503721
1.0684824,0.03285883,-0.006973143,1.313043899,0.167348254,-0.026306797,0.082170091,0.034769084,0.016134097,0.00682691
1.069466433,0.033060558,-0.006941541,1.31402524,0.168375646,-0.026187577,0.082504002,0.035462564,0.016199661,0.006963074
1.070486667,0.033207413,-0.006954453,1.315043514,0.169123572,-0.02623629,0.082367567,0.036346926,0.016172872,0.007136719
1.071454567,0.033366375,-0.007108242,1.316009292,0.169933155,-0.026816472,0.080742595,0.038781481,0.015853809,0.007614744
1.072434867,0.033430302,-0.007083571,1.316988739,0.170258734,-0.026723396,0.081003283,0.038846372,0.015904995,0.007627485
1.073511433,0.033648715,-0.007066508,1.318062391,0.171371096,-0.026659027,0.081183568,0.039778449,0.015940394,0.007810498
1.074403267,0.033786474,-0.00711031,1.318952386,0.172072697,-0.026824271,0.08072075,0.040942867,0.015849519,0.008039132
1.075444433,0.033858524,-0.007188024,1.319992591,0.172439643,-0.027117457,0.079899596,0.042130969,0.015688286,0.008272416
1.0765068,0.034075267,-0.00728173,1.321052066,0.173543504,-0.027470972,0.078909474,0.044224951,0.015493875,0.008683569
1.077428033,0.034163489,-0.007029576,1.321972122,0.173992816,-0.026519695,0.081573808,0.042009929,0.016017017,0.00824865
1.0784808,0.034322741,-0.007304867,1.323022763,0.174803877,-0.027558255,0.078665011,0.045729787,0.015445875,0.008979044
1.079453667,0.034457506,-0.007333658,1.323993831,0.175490227,-0.027666874,0.078360792,0.046720356,0.015386141,0.009173542
1.080386733,0.03455152,-0.007402254,1.324925643,0.175969035,-0.027925659,0.077635986,0.047923969,0.015243826,0.009409871
1.081443067,0.03466928,-0.007437014,1.325980405,0.17656878,-0.028056794,0.077268704,0.048890997,0.01517171,0.009599747
1.082423333,0.03494288,-0.007410502,1.326957021,0.177962212,-0.027956773,0.077548841,0.050004292,0.015226715,0.009818343
1.083441033,0.03506602,-0.007449456,1.327973077,0.178589354,-0.028103732,0.07713724,0.051043035,0.015145897,0.0100223
1.084450433,0.035312593,-0.007462099,1.328979187,0.179845139,-0.028151428,0.077003652,0.052432407,0.015119667,0.010295103
1.085434533,0.03542898,-0.007532333,1.329961734,0.18043789,-0.028416394,0.076261538,0.053767273,0.014973953,0.010557204
1.086464033,0.035657541,-0.00752519,1.330988183,0.181601942,-0.028389443,0.076337021,0.054855842,0.014988774,0.010770945
1.0874429,0.035955582,-0.007514647,1.331963073,0.183119846,-0.02834967,0.076448417,0.05626235,0.015010647,0.011047112
1.088505933,0.036006715,-0.007570944,1.333025424,0.183380265,-0.028562054,0.075853574,0.057117612,0.014893849,0.011215043
1.089493767,0.036223346,-0.007503891,1.334010366,0.184483555,-0.028309091,0.076562071,0.057512405,0.015032963,0.011292561
1.090412833,0.036399706,-0.007681812,1.334927079,0.185381747,-0.028980316,0.074682105,0.060290563,0.014663831,0.011838052
1.091463533,0.036556595,-0.007777237,1.335975686,0.186180776,-0.029340314,0.073673823,0.062097874,0.014465855,0.012192918
1.092398967,0.036760679,-0.007819563,1.336908395,0.187220165,-0.029499991,0.0732266,0.063584486,0.014378043,0.012484814
1.093450333,0.036868105,-0.007903882,1.337958328,0.18776728,-0.029818093,0.072335661,0.065022539,0.014203107,0.012767176
1.0944717,0.037090216,-0.007937356,1.338976731,0.188898476,-0.029944375,0.071981971,0.066507426,0.01413366,0.013058733
1.095477767,0.037348597,-0.007918544,1.33997935,0.190214398,-0.029873409,0.072180733,0.067624585,0.014172687,0.013278087
1.096416367,0.037546575,-0.007994446,1.340915308,0.191222689,-0.030159755,0.071378737,0.069434874,0.014015215,0.013633537
1.097427167,0.037784085,-0.00800039,1.341922938,0.192432315,-0.030182177,0.071315937,0.070707299,0.014002884,0.013883378
1.0983985,0.038043837,-0.008063971,1.342890805,0.193755218,-0.030422042,0.070644122,0.072702017,0.013870973,0.014275041
1.099400067,0.038238953,-0.008208937,1.343889768,0.194748931,-0.030968942,0.069112367,0.075227485,0.013570213,0.014770917
1.100447567,0.038591565,-0.008152543,1.344932562,0.196544765,-0.030756189,0.069708245,0.076427442,0.013687214,0.015006528
1.101456167,0.038740785,-0.008275017,1.345939171,0.197304736,-0.031218235,0.068414148,0.078481509,0.013433118,0.015409844
1.1023909,0.038915643,-0.00845244,1.346871571,0.198195277,-0.031887579,0.066539451,0.081246747,0.013065021,0.015952799
1.1034653,0.039184784,-0.008391144,1.347942379,0.199565999,-0.031656332,0.067187126,0.081969795,0.013192192,0.016094769
1.104430367,0.039336628,-0.008486071,1.348905419,0.200339335,-0.032014453,0.066184101,0.083746154,0.012995248,0.016443557
1.105410333,0.039609004,-0.008613671,1.349881751,0.201726529,-0.032495837,0.064835843,0.086481608,0.012730518,0.016980664
1.1065176,0.039771099,-0.008503672,1.350986855,0.202552069,-0.032080854,0.065998125,0.086144864,0.012958732,0.016914544
1.107389,0.040048592,-0.008574602,1.351854552,0.203965326,-0.032348443,0.065248661,0.088307585,0.012811575,0.017339194
1.1084411,0.040380588,-0.008681171,1.352902221,0.205656167,-0.032750484,0.064122626,0.091124461,0.012590478,0.017892288
1.109456733,0.040627235,-0.008748755,1.353914563,0.206912325,-0.033005451,0.063408516,0.09309473,0.012450262,0.01827915
1.110395333,0.040875144,-0.008877213,1.354849855,0.208174914,-0.033490072,0.062051191,0.095714644,0.012183751,0.01879357
1.111510033,0.041209804,-0.008910493,1.355960088,0.209879319,-0.033615621,0.061699554,0.097770686,0.012114707,0.019197274
1.112490333,0.041396706,-0.009033281,1.356937894,0.210831199,-0.03407885,0.060402142,0.100019978,0.011859961,0.019638923
1.113451533,0.041763222,-0.008956526,1.357894203,0.212697847,-0.033789284,0.061213157,0.101075611,0.012019203,0.019846196
1.1144754,0.042019817,-0.009205608,1.358914646,0.214004669,-0.03472897,0.058581287,0.105014303,0.011502436,0.020619558
1.115415367,0.042214619,-0.009188284,1.359852013,0.214996788,-0.034663613,0.058764338,0.105823371,0.011538378,0.020778419
1.116425667,0.042528865,-0.009302965,1.360858119,0.216597226,-0.035096256,0.057552593,0.108635554,0.011300452,0.021330591
1.117432833,0.042759682,-0.009409553,1.361862205,0.217772763,-0.03549837,0.056426354,0.11093733,0.011079315,0.021782545
1.118402633,0.043057304,-0.009343145,1.362828034,0.219288536,-0.03524784,0.057128037,0.11175142,0.01121709,0.021942391
1.119458567,0.043276442,-0.009475266,1.363881043,0.220404592,-0.035746278,0.055732014,0.114263499,0.010942981,0.022435638
1.120416967,0.043558256,-0.009631849,1.364835682,0.221839859,-0.036337002,0.054077516,0.117353264,0.01061812,0.023042313
1.121477233,0.04393327,-0.009940308,1.365890944,0.223749784,-0.037500689,0.050818263,0.122522442,0.009978166,0.024057281
1.1224575,0.044218523,-0.009886375,1.366867404,0.22520256,-0.037297223,0.051388129,0.123405352,0.010090059,0.024230641
1.123408133,0.044545067,-0.010061976,1.367813679,0.226865633,-0.037959694,0.049532682,0.126923871,0.009725742,0.024921502
1.1244839,0.045067008,-0.010127447,1.368882481,0.229523852,-0.038206691,0.048840895,0.130273878,0.00958991,0.025579276
1.125468833,0.045309347,-0.010218699,1.36986418,0.230758071,-0.038550943,0.047876714,0.132472279,0.009400593,0.026010932
1.126438533,0.045663658,-0.010375318,1.370829152,0.232562558,-0.039141805,0.046221828,0.135931651,0.009075656,0.02669018
1.127474433,0.045933531,-0.010380102,1.37186145,0.233937005,-0.039159851,0.046171284,0.137356642,0.009065732,0.026969977
1.128464633,0.046169978,-0.0104626,1.372848495,0.235141216,-0.039471084,0.045299584,0.139432553,0.008894573,0.027377582
1.129486,0.046520724,-0.010564855,1.373865181,0.236927546,-0.03985685,0.044219132,0.142299335,0.008682427,0.027940474
1.130464467,0.046849045,-0.010738055,1.374839266,0.238599667,-0.040510261,0.042389059,0.145801529,0.008323092,0.02862813
1.131473367,0.047110957,-0.010720065,1.375844671,0.239933573,-0.040442391,0.04257915,0.146945343,0.008360416,0.028852718
1.132425267,0.047428107,-0.01095585,1.376792339,0.241548799,-0.041331911,0.040087785,0.151051935,0.007871237,0.029659047
1.1334726,0.047865362,-0.010970057,1.377833837,0.243775717,-0.041385511,0.039937662,0.153428976,0.00784176,0.030125779
1.1344631,0.048286174,-0.011248165,1.378818721,0.245918888,-0.042434697,0.036999105,0.158510704,0.007264774,0.031123577
1.135398533,0.048693572,-0.011362114,1.379748718,0.247993748,-0.042864579,0.035795092,0.161789576,0.007028366,0.031767383
1.1364829,0.049030416,-0.011635473,1.380828589,0.249709273,-0.043895849,0.032906713,0.16639348,0.006461233,0.03267136
1.137431667,0.049518395,-0.011692165,1.381770844,0.252194527,-0.044109727,0.032307683,0.169477765,0.006343614,0.033276959
1.138436433,0.049950587,-0.011836309,1.382769843,0.254395657,-0.044653522,0.030784624,0.173201954,0.006044561,0.034008204
1.139511367,0.050298459,-0.011834878,1.383840134,0.256167349,-0.044648123,0.030799747,0.174958523,0.00604753,0.034353106
1.140421433,0.050834738,-0.012124915,1.384743044,0.258898588,-0.045742313,0.02773514,0.180754368,0.005445795,0.03549112
1.1414495,0.051214361,-0.012287064,1.385766044,0.260831989,-0.046354036,0.026021829,0.184401081,0.005109386,0.036207152
1.142487367,0.051628819,-0.012462935,1.38679838,0.262942803,-0.047017524,0.024163531,0.188370193,0.004744509,0.036986487
1.1434065,0.052056482,-0.012632343,1.387711806,0.265120864,-0.047656632,0.02237352,0.192338265,0.004393041,0.037765618
1.1445145,0.052515186,-0.012741494,1.388813685,0.267457022,-0.048068411,0.021220211,0.195827732,0.004166588,0.038450775
1.145490967,0.052962859,-0.013041995,1.389784177,0.269736997,-0.049202077,0.018045041,0.201282877,0.003543144,0.039521893
1.146434767,0.053569441,-0.01323258,1.390719882,0.272826285,-0.049921077,0.016031268,0.206385938,0.003147739,0.040523879
1.1474947,0.054097883,-0.013370486,1.391772764,0.275517613,-0.050441341,0.014574113,0.210534421,0.002861627,0.041338434
1.1484626,0.0547207,-0.013713683,1.392732352,0.278689583,-0.05173608,0.010947812,0.217332693,0.002149603,0.042673274
1.149499733,0.055283339,-0.013786172,1.393761977,0.281555075,-0.052009552,0.010181871,0.220964125,0.00199921,0.043386306
1.150457533,0.055919727,-0.014159253,1.394711285,0.284796163,-0.053417032,0.006239804,0.22814728,0.001225186,0.044796718
1.151486233,0.056622011,-0.014445693,1.395730613,0.28837286,-0.054497655,0.003213197,0.234750583,0.000630911,0.046093277
1.1524868,0.057121723,-0.014505165,1.396724511,0.290917864,-0.054722017,0.002584803,0.237923982,0.000507526,0.046716374
1.1534034,0.057819779,-0.01476831,1.397631795,0.294473026,-0.055714754,0.00019565,0.243868297,3.84159E-05,0.04788354
1.1544608,0.058471353,-0.015085799,1.3986805,0.297791461,-0.056912512,0.003550328,0.243832054,0.000697107,0.047876424
1.155461367,0.059167561,-0.015248329,1.399671776,0.301337211,-0.057525668,0.005267654,0.245660478,0.001034304,0.048235435
1.156471267,0.059892631,-0.015688861,1.400672,0.305029952,-0.059187614,0.00992243,0.244698443,0.001948269,0.048046539
1.157513933,0.060586992,-0.016023137,1.4017054,0.308566293,-0.060448699,0.013454474,0.24470274,0.002641786,0.048047383
1.158401233,0.061383291,-0.016519765,1.402582073,0.312621803,-0.062322275,0.018701981,0.243510743,0.003672134,0.047813334
1.1594529,0.062294859,-0.016644476,1.403621575,0.317264371,-0.062792756,0.020019704,0.246835588,0.003930869,0.048466168
1.160427633,0.063128673,-0.017125998,1.404585181,0.321510938,-0.06460934,0.025107589,0.24599427,0.004929875,0.048300975
1.161453167,0.064063242,-0.01757743,1.405598243,0.326270651,-0.066312407,0.029877534,0.245984038,0.005866454,0.048298966
1.162430933,0.065047368,-0.017836262,1.406562876,0.331282752,-0.067288875,0.032612425,0.248261248,0.00640345,0.048746096
1.1634547,0.065990627,-0.018305793,1.407574055,0.336086718,-0.06906022,0.037573603,0.248104035,0.007377577,0.048715227
1.1644967,0.067159193,-0.018824697,1.408600461,0.342038163,-0.071017833,0.043056482,0.248572602,0.00845414,0.04880723
1.1654265,0.068144114,-0.019339445,1.409517117,0.347054311,-0.072959765,0.048495439,0.248149793,0.00952208,0.048724212
1.166498233,0.069288898,-0.019873898,1.410573573,0.352884636,-0.074976037,0.054142609,0.248332948,0.010630901,0.048760174
1.1674786,0.070479633,-0.020187586,1.411538049,0.358948984,-0.076159453,0.057457121,0.251082784,0.011281706,0.049300105
1.1684415,0.071649727,-0.020893636,1.412485334,0.364908208,-0.078823088,0.064917424,0.249581705,0.012746536,0.049005368
1.169512433,0.072900072,-0.0215849,1.413539582,0.371276148,-0.081430943,0.072221497,0.248645572,0.014180691,0.048821558
1.170440267,0.074205234,-0.022110975,1.414449998,0.377923271,-0.083415606,0.077780137,0.249734055,0.01527213,0.049035282
1.171407933,0.075614437,-0.022680533,1.415398859,0.385100267,-0.085564314,0.083798234,0.250892954,0.016453783,0.049262831
1.172490733,0.077236046,-0.023462785,1.416460018,0.393359034,-0.088515431,0.092063717,0.250886238,0.018076711,0.049261513
1.1733965,0.078780169,-0.023976425,1.417345179,0.40122317,-0.090453181,0.097490962,0.253323128,0.01914235,0.049739996
1.174470833,0.080429999,-0.02477913,1.418397495,0.409625662,-0.093481456,0.10597255,0.253244033,0.02080771,0.049724466
1.1754536,0.082226525,-0.025806377,1.419356287,0.418775272,-0.097356839,0.116826713,0.25153948,0.022938925,0.049389777
1.1764162,0.083979762,-0.026537658,1.42029549,0.427704417,-0.100115661,0.124553616,0.252741722,0.024456103,0.049625837
1.1774539,0.086017158,-0.027483548,1.421306001,0.438080766,-0.103684112,0.134548126,0.25312356,0.026418525,0.049700811
1.178412967,0.08804573,-0.028439712,1.422237996,0.44841217,-0.107291328,0.144651208,0.253351883,0.028402265,0.049745642
1.179495433,0.090194612,-0.029391675,1.423291786,0.459356311,-0.110882691,0.154709891,0.254237341,0.030377287,0.049919502
1.180521467,0.092639159,-0.030084044,1.424285197,0.471806258,-0.113494713,0.162025636,0.259371542,0.031813734,0.050927602
1.181548033,0.094958458,-0.031615465,1.425280813,0.483618323,-0.119272136,0.178207028,0.255002215,0.03499095,0.050069685
1.182559133,0.097543194,-0.033033098,1.426257419,0.496782244,-0.124620283,0.193186107,0.253187058,0.037932092,0.049713279
1.183525967,0.100098468,-0.033926605,1.427190153,0.509796119,-0.127991116,0.202627129,0.256759912,0.039785837,0.050414809
1.184550867,0.102845977,-0.035541341,1.428178387,0.523789035,-0.134082851,0.219688848,0.253691108,0.043135905,0.049812249
1.1855488,0.105875251,-0.036981459,1.429135895,0.539216966,-0.139515823,0.234905506,0.253902382,0.046123696,0.049853733
1.186573733,0.108985041,-0.038367099,1.430119328,0.555054958,-0.14474327,0.249546528,0.255099351,0.048998461,0.050088758
1.187613033,0.112304491,-0.040043312,1.43111433,0.571960738,-0.151066932,0.267257825,0.254293834,0.052476074,0.049930594
1.1886139,0.116219631,-0.041667019,1.432062949,0.591900336,-0.15719251,0.284414332,0.257076926,0.055844754,0.050477054
1.1896771,0.119860043,-0.043337988,1.433077568,0.610440761,-0.163496391,0.302070227,0.257961454,0.059311489,0.050650732
1.1906512,0.12365166,-0.045089308,1.434001069,0.629751261,-0.1701034,0.320575125,0.258767056,0.062944926,0.050808912
1.191706333,0.127657357,-0.047420258,1.435002746,0.650152058,-0.178897115,0.345204543,0.254538437,0.067780912,0.049978622
1.192731833,0.132264383,-0.049462411,1.435966765,0.673615398,-0.186601318,0.366782457,0.256423862,0.072017735,0.050348825
1.193743933,0.13674205,-0.051649118,1.436919111,0.696419913,-0.194850863,0.389887766,0.256123069,0.076554463,0.050289765
1.1947317,0.1413865,-0.053715748,1.437844897,0.720073848,-0.202647408,0.41172431,0.257940458,0.080842068,0.050646609
1.195735333,0.146233373,-0.056110058,1.438783849,0.744758713,-0.211680151,0.437023199,0.257326435,0.085809505,0.050526046
1.1967761,0.151386663,-0.058733251,1.439755845,0.771004142,-0.221576379,0.464740531,0.255854532,0.091251803,0.050237037
1.1977172,0.15692468,-0.060990712,1.44062304,0.799208964,-0.230092852,0.488593452,0.260206432,0.095935324,0.051091533
1.1987399,0.16256922,-0.063711582,1.441570414,0.827956303,-0.240357575,0.517342865,0.260204358,0.101580272,0.051091126
1.1997736,0.16862898,-0.066639204,1.442523246,0.858818335,-0.251402285,0.548276866,0.26013239,0.107654163,0.051076995
1.200697367,0.17495706,-0.069579571,1.443362565,0.891046906,-0.262495082,0.579345547,0.26129228,0.113754498,0.051304739
1.201773867,0.181473333,-0.072897474,1.444352105,0.924233936,-0.275012163,0.614403361,0.259421496,0.1206381,0.050937411
1.202778233,0.18849694,-0.076036265,1.445262742,0.960004787,-0.286853528,0.647568631,0.262027078,0.127150101,0.051449017
1.203698033,0.19566154,-0.079583407,1.44608693,0.99649371,-0.300235435,0.685048646,0.261035985,0.134509302,0.051254416
1.204811667,0.20318995,-0.082898976,1.447100097,1.034835498,-0.312743714,0.720081809,0.26434461,0.141388063,0.051904064
1.205756167,0.211056023,-0.08658258,1.447939624,1.074896987,-0.326640435,0.759003713,0.265484195,0.149030379,0.052127822
1.206735867,0.219297563,-0.090819262,1.448809341,1.116870707,-0.342623691,0.803769582,0.262692046,0.157820157,0.051579583
1.207809533,0.227896373,-0.094095988,1.449768256,1.160663984,-0.354985429,0.838392312,0.271862593,0.164618331,0.05338022
1.208754033,0.23682426,-0.098357921,1.450593614,1.206133231,-0.37106395,0.883425,0.272299152,0.173460499,0.053465939
1.209707233,0.24609733,-0.103208395,1.451423064,1.253360479,-0.38936279,0.93467635,0.26827505,0.183523701,0.052675806
1.2107547,0.255980283,-0.107522686,1.452338643,1.303693829,-0.405638835,0.980262263,0.273022487,0.192474495,0.053607965
1.2116989,0.266032007,-0.11232891,1.453148703,1.354886716,-0.42377074,1.031046062,0.273431574,0.202445894,0.05368829
1.2127532,0.276598197,-0.116803493,1.454061997,1.408699754,-0.440651501,1.078325662,0.279965013,0.211729244,0.05497113
1.213732433,0.287731257,-0.120730937,1.45489266,1.46539983,-0.455468128,1.119824039,0.295166713,0.21987745,0.057955984
1.2147318,0.29908101,-0.126933347,1.455740564,1.523203514,-0.478867268,1.185360299,0.287434136,0.232745495,0.056437693
1.215713233,0.31107058,-0.132139113,1.456561996,1.58426575,-0.498506483,1.24036577,0.293490901,0.243545819,0.057626938
1.216713,0.323230097,-0.137289733,1.457399494,1.646193515,-0.517937652,1.294788546,0.30099589,0.254231731,0.059100543
1.2177911,0.33589242,-0.143421977,1.458308616,1.710682047,-0.541072082,1.359583408,0.300689561,0.266954202,0.059040395
1.218735133,0.34909634,-0.150096873,1.459076443,1.777928902,-0.566253719,1.430112084,0.29740774,0.280802508,0.05839601
1.219782333,0.362460573,-0.156645517,1.459945297,1.845992225,-0.590959055,1.499306735,0.296276411,0.294388877,0.058173873
1.220752267,0.376540333,-0.162848077,1.460727336,1.917699686,-0.614358761,1.56484458,0.302446027,0.307257233,0.059385277
1.221694133,0.390973173,-0.16924234,1.461476596,1.991205365,-0.638481684,1.632408012,0.308388273,0.320523313,0.060552037
1.222706433,0.40581762,-0.176375767,1.462290797,2.066807334,-0.665393167,1.707781634,0.30861662,0.335322924,0.060596873
1.223733967,0.421316653,-0.183267503,1.463111496,2.145743078,-0.691392852,1.780601498,0.314732501,0.349621104,0.061797727
1.2247482,0.437125583,-0.190727237,1.463914759,2.226257109,-0.719535355,1.85942296,0.31642507,0.365097698,0.062130062
1.225731667,0.45341142,-0.19850935,1.464680891,2.3092,-0.748894066,1.941650773,0.317140148,0.381243129,0.062270468
1.226765,0.470418473,-0.206152177,1.465487265,2.395816009,-0.777727305,2.022406846,0.323000083,0.397099584,0.063421066
1.227777967,0.487665493,-0.2141441,1.466270071,2.483654155,-0.807877542,2.106851565,0.326393511,0.413680305,0.064087366
1.2287437,0.505681147,-0.22210018,1.466995385,2.575406909,-0.837892557,2.190917554,0.334080276,0.430186662,0.065596662
1.229756067,0.523663777,-0.22982473,1.467767774,2.666991478,-0.867034104,2.272537138,0.344045261,0.446212667,0.067553287
1.2307425,0.542342503,-0.239051617,1.468504939,2.762121229,-0.90184335,2.370030797,0.341681353,0.465355547,0.067089134
1.231753967,0.561469693,-0.247378577,1.469261154,2.85953498,-0.933257542,2.4580156,0.351110301,0.482631363,0.068940508
1.232782667,0.580965757,-0.256814317,1.470029679,2.958827383,-0.968854705,2.557716057,0.350702247,0.502207548,0.068860386
1.233667567,0.60109977,-0.265599617,1.47064589,3.061368831,-1.001998026,2.650543798,0.360415954,0.520434275,0.070767673
1.234782867,0.621260227,-0.27447947,1.471492149,3.164044954,-1.035498057,2.744370614,0.369265261,0.53885717,0.072505234
1.235758667,0.641977507,-0.28331398,1.472191477,3.269556948,-1.068827027,2.83771832,0.381429548,0.557185992,0.074893692
1.236681,0.66360579,-0.294086037,1.472825181,3.379708633,-1.109465563,2.951538644,0.37776091,0.579534613,0.074173355
1.237781467,0.685294327,-0.30357965,1.473636214,3.490167184,-1.145281058,3.051850606,0.3879075,0.599230866,0.076165638
1.2386801,0.707558493,-0.31484733,1.474237732,3.603557389,-1.187789376,3.170907813,0.382240497,0.622607749,0.075052922
1.239713767,0.73039484,-0.324487647,1.474966648,3.719861676,-1.224158323,3.27276988,0.396682717,0.642608366,0.077888651
1.2407593,0.753482463,-0.334567717,1.475704077,3.837445701,-1.262186278,3.379278494,0.407758128,0.663521332,0.080063308
1.2417278,0.776980303,-0.344329117,1.476358998,3.957118937,-1.299012022,3.482419959,0.4242899,0.683773159,0.083309322
1.2427541,0.801210503,-0.356534837,1.477061946,4.080522044,-1.345059179,3.611388738,0.418724227,0.709096179,0.082216502
1.2437733,0.825520537,-0.367920787,1.477756728,4.204331738,-1.388013682,3.731695616,0.422227043,0.732718434,0.08290428
1.2447529,0.850368023,-0.379795253,1.478404739,4.330878652,-1.432811157,3.857164287,0.423305286,0.757354208,0.083115993
1.245767867,0.875196653,-0.388350587,1.479088367,4.457329531,-1.465086908,3.947562141,0.459358311,0.775103826,0.090195004
1.2466951,0.900775193,-0.401113597,1.479674255,4.58759966,-1.513236491,4.082419389,0.454771192,0.801583047,0.089294324
1.2477615,0.926495947,-0.4121172,1.480397412,4.718594075,-1.554748557,4.198686294,0.469498702,0.824412054,0.09218607
1.248759367,0.953150263,-0.42495191,1.481039576,4.854343078,-1.603168635,4.334301144,0.469632855,0.85104003,0.092212411
1.249709967,0.97986398,-0.437152547,1.481633682,4.990394601,-1.649196615,4.463216211,0.476769312,0.876352503,0.093613654
1.250742633,1.006767273,-0.447787377,1.482307324,5.127411629,-1.689317451,4.575586562,0.501415988,0.898416421,0.098453029
1.2517766,1.036102763,-0.46086815,1.482949809,5.276815703,-1.738665824,4.71380138,0.512605245,0.925554901,0.10065004
1.2528521,1.06543466,-0.474670797,1.483633874,5.426201477,-1.790737528,4.859643697,0.516148701,0.95419104,0.101345797
1.253908367,1.095279533,-0.489827683,1.484291861,5.578199813,-1.847918223,5.019795263,0.507995472,0.9856368,0.099744911
1.254943233,1.1254737,-0.502174647,1.484923787,5.731977082,-1.894498233,5.150256455,0.531311548,1.011252855,0.104323022
1.2558977,1.154500233,-0.51524959,1.485490894,5.879807656,-1.943824612,5.288409671,0.540988906,1.038379239,0.106223172
1.256930867,1.185611067,-0.52922195,1.486108887,6.038253459,-1.996536575,5.436045223,0.551799156,1.06736748,0.108345764
1.257996233,1.216496633,-0.542518777,1.486762086,6.19555199,-2.046700029,5.576542916,0.568599995,1.094954202,0.111644609
1.259025733,1.246547067,-0.55556973,1.487390563,6.348597233,-2.095935904,5.714442648,0.583745505,1.122030814,0.11461843
1.2600206,1.276637167,-0.56837652,1.487983877,6.501844495,-2.144250651,5.849762488,0.601672929,1.148600864,0.11813848
1.2609747,1.307145633,-0.581666467,1.488530842,6.657222477,-2.194388149,5.990187485,0.616625913,1.176173313,0.121074498
1.2620201,1.338340567,-0.597510497,1.489159945,6.816096596,-2.254161152,6.157599584,0.608087933,1.209044678,0.119398066
1.263053833,1.368945933,-0.609523257,1.48978525,6.971968084,-2.299480351,6.284529498,0.637029507,1.233967367,0.125080744
1.263986333,1.4008387,-0.623614807,1.490292141,7.134396231,-2.352641969,6.433424442,0.65056271,1.263202889,0.127737988
1.2650378,1.4326088,-0.637902677,1.490919636,7.296199643,-2.406544221,6.584393754,0.661396811,1.292845714,0.129865264
1.265970967,1.464869633,-0.654448273,1.491422281,7.460502334,-2.468963947,6.759218787,0.650874469,1.327172609,0.127799202
1.266961967,1.497333267,-0.66656351,1.491980054,7.625837875,-2.514669748,6.887231496,0.6881973,1.352307904,0.13512754
1.268036667,1.529435667,-0.678688627,1.492626348,7.789333673,-2.560412822,7.015348599,0.723575995,1.377463697,0.142074147
1.2689792,1.563086067,-0.694239337,1.493119816,7.960713352,-2.61907925,7.179661403,0.73064287,1.409726517,0.143461727
1.270007533,1.5957973,-0.709824283,1.493711618,8.127309906,-2.677874838,7.344335961,0.732564866,1.442060366,0.143839111
1.271051833,1.6290676,-0.723837513,1.494311926,8.296753756,-2.730740987,7.492403356,0.753941321,1.471133399,0.148036378
1.2719833,1.662912967,-0.74046781,1.494791726,8.46912639,-2.79348025,7.668123351,0.75059396,1.50563602,0.147379124
1.2729913,1.696529833,-0.753878197,1.495351109,8.640335286,-2.844072119,7.809820948,0.780105259,1.533458343,0.153173668
1.2739875,1.730336,-0.767847103,1.495896166,8.812508276,-2.896771054,7.957420011,0.804679186,1.562439419,0.157998758
1.274973933,1.765405733,-0.78631441,1.496414594,8.991116544,-2.966440601,8.152550327,0.788157138,1.600753257,0.154754654
1.2760021,1.799262067,-0.797986467,1.496990948,9.16354503,-3.010474466,8.275880281,0.83725567,1.624969093,0.164395151
1.2769726,1.834976567,-0.817797583,1.497484838,9.34543706,-3.085213654,8.485209639,0.809818341,1.666070913,0.159007831
1.2779897,1.8696767,-0.83221509,1.498038864,9.522162974,-3.139604972,8.637548725,0.83420517,1.695982692,0.163796185
1.278977833,1.9048577,-0.845769403,1.498557507,9.701337917,-3.190739817,8.780767089,0.870161749,1.724103618,0.170856259
1.280000933,1.940850433,-0.863576057,1.499100284,9.884646974,-3.25791699,8.968916771,0.865321124,1.761046808,0.169905803
1.280993933,1.9762939,-0.876967413,1.499620291,10.06515865,-3.308437067,9.110413292,0.904336274,1.78882965,0.177566427
1.281999033,2.012223433,-0.891653677,1.500145912,10.24814583,-3.363842293,9.26559213,0.932144619,1.819299015,0.183026596
1.2829885,2.048735067,-0.90989981,1.500648131,10.43409761,-3.432677444,9.458385472,0.925303064,1.857153987,0.181683257
1.2840049,2.085382333,-0.928843853,1.501175473,10.62074017,-3.504145521,9.658553109,0.911777987,1.896456903,0.179027608
1.284966567,2.121519633,-0.94225671,1.501654887,10.8047855,-3.554746708,9.800276805,0.954099618,1.924284351,0.18733746
1.285998567,2.158355067,-0.957378373,1.502195318,10.99238638,-3.61179452,9.960056192,0.981921114,1.955657033,0.192800211
1.286999867,2.1951559,-0.97312574,1.502705511,11.17981105,-3.671202852,10.12644692,1.002955052,1.988327853,0.196930224
1.287984867,2.2317863,-0.986810547,1.503201678,11.36636771,-3.722829995,10.27104411,1.044914521,2.016719511,0.205168966
1.289017833,2.269420533,-1.00590207,1.503732416,11.55803684,-3.794854454,10.47277006,1.0348577,2.056328401,0.203194309
1.290001667,2.306745767,-1.020860497,1.504218144,11.74813225,-3.85128644,10.63082465,1.066898522,2.087362419,0.209485525
1.2909766,2.345414633,-1.03987313,1.504677042,11.94507071,-3.92301328,10.83171702,1.062944605,2.126807638,0.208709173
1.291962267,2.382821933,-1.0544381,1.505163508,12.13558408,-3.977960916,10.98561425,1.099560752,2.157025357,0.215898754
1.2930099,2.421480033,-1.073191867,1.505695249,12.3324677,-4.048711158,11.18377137,1.098287253,2.195933509,0.215648702
1.2939427,2.458969133,-1.087910067,1.506127757,12.52339767,-4.104236868,11.33928766,1.133700935,2.226469132,0.222602179
1.2950015,2.4971493,-1.103913967,1.506677043,12.71784721,-4.164612995,11.50838899,1.159049146,2.259672177,0.2275793
1.2959734,2.536570967,-1.123220567,1.50712286,12.91861964,-4.23744885,11.71238749,1.155823072,2.299727284,0.22694586
1.296918333,2.574281067,-1.134272733,1.507564552,13.11067515,-4.279144125,11.82916753,1.231098547,2.322657044,0.2417262
1.298046733,2.614347867,-1.1551197,1.508158261,13.31473321,-4.35779115,12.04944194,1.214882191,2.365907926,0.238542118
1.298998133,2.6522642,-1.1700497,1.508603668,13.50783906,-4.414115894,12.20719617,1.250233817,2.396882967,0.24548341
1.299981967,2.691898667,-1.187741067,1.509058579,13.70969527,-4.480858138,12.3941277,1.265158492,2.433586974,0.24841387
1.3010019,2.731139167,-1.2056652,1.509554848,13.90954503,-4.548478515,12.58351871,1.275617244,2.470773898,0.250467446
1.301952467,2.7701774,-1.2220308,1.509984449,14.10836465,-4.610219187,12.75644185,1.301513727,2.504727357,0.25555222
1.3029502,2.8096176,-1.237930267,1.510455853,14.30923147,-4.67020133,12.92443971,1.33438269,2.537713736,0.262006041
1.303993667,2.850143833,-1.256252333,1.510958497,14.5156294,-4.739322946,13.11803538,1.347184947,2.575726246,0.264519764
1.3049903,2.8899874,-1.272807533,1.511423418,14.71855055,-4.801778901,13.29296188,1.375179587,2.610073065,0.270016512
1.3060381,2.930147467,-1.2914724,1.511935282,14.92308361,-4.87219376,13.49017967,1.382494863,2.648796778,0.271452866
1.307036567,2.970382033,-1.312757633,1.512396818,15.1279961,-4.952494184,13.71508492,1.362502096,2.692956924,0.267527286
1.307977133,3.010585467,-1.327174933,1.51280087,15.33275002,-5.006884722,13.86742182,1.414919119,2.722868275,0.277819369
1.308998133,3.051725167,-1.3475936,1.513272861,15.5422723,-5.083915947,14.08317071,1.408692513,2.765230569,0.276596775
1.3100287,3.092287733,-1.363177033,1.51376212,15.74885528,-5.142705826,14.24782928,1.450616918,2.797561279,0.284828632
1.311002267,3.132138233,-1.379345133,1.514203882,15.95181173,-5.203701412,14.41866558,1.482737068,2.831104987,0.291135423
1.311965933,3.172467233,-1.3946501,1.514629358,16.15720516,-5.261440751,14.5803818,1.526414281,2.862857967,0.299711444
1.3129424,3.2131034,-1.410678,1.515063535,16.36416297,-5.321907421,14.74973672,1.564017177,2.896110805,0.307094773
1.313957367,3.254477333,-1.430179733,1.515526367,16.57487819,-5.395479433,14.95579705,1.568672063,2.936570751,0.30800876
1.314971233,3.2962513,-1.450279467,1.51598276,16.78763076,-5.471307453,15.16817601,1.569045675,2.978271359,0.308082118
1.3160188,3.337079033,-1.4656116,1.51648548,16.99556421,-5.529149281,15.33017927,1.61497586,3.010080701,0.31710051
1.3170173,3.3793559,-1.487504467,1.516919796,17.21087802,-5.611742056,15.56150494,1.598964007,3.055501495,0.313956583
1.317955,3.420802433,-1.504370833,1.517304392,17.42196299,-5.675371914,15.73971931,1.631834603,3.090493886,0.320410724
1.318990833,3.462423867,-1.520926133,1.517784787,17.63393871,-5.737828247,15.91464687,1.668882765,3.124840913,0.327685131
1.3199839,3.503375,-1.534649567,1.518231361,17.84250064,-5.789601112,16.0596522,1.732439358,3.153312709,0.340164468
1.320963567,3.5460201,-1.5588664,1.518641928,18.05968984,-5.880961256,16.31553349,1.693747267,3.203555001,0.332567276
1.322003933,3.586868367,-1.5723321,1.519137175,18.26772787,-5.931761799,16.45781555,1.759503243,3.231492082,0.345478462
1.323026333,3.630160567,-1.5927159,1.519581841,18.48821272,-6.008661486,16.67319602,1.764607614,3.273782039,0.346480705
1.3239845,3.6721767,-1.612943,1.519979302,18.70219862,-6.084970008,16.88692077,1.764868779,3.315746893,0.346531985
1.325003533,3.7133069,-1.6280913,1.520449453,18.91167252,-6.142118308,17.0469816,1.814281841,3.347174838,0.356234239
1.326013967,3.7558057,-1.644747,1.52089274,19.12811663,-6.204953409,17.22297002,1.854737533,3.381730163,0.364177715
1.326973967,3.799580867,-1.669261467,1.52126856,19.3510612,-6.2974364,17.48199618,1.81865594,3.43258995,0.357093094
1.328060133,3.840613533,-1.6785807,1.521807146,19.56003837,-6.332594032,17.5804656,1.929163689,3.45192442,0.37879129
1.328992033,3.883810533,-1.6971449,1.522162582,19.78003837,-6.402629117,17.77661971,1.953009573,3.490439281,0.38347343
1.329966967,3.926110133,-1.7170231,1.522573027,19.99546796,-6.477621383,17.98665789,1.958400986,3.531680277,0.384532034
1.331035967,3.969468267,-1.737315733,1.523063413,20.2162886,-6.554177136,18.20107508,1.964804443,3.573781092,0.385789352
1.331987467,4.011997067,-1.753757333,1.523447366,20.43288549,-6.616204525,18.37480126,2.007675159,3.607892227,0.394207017
1.333013233,4.056037267,-1.7756108,1.523885416,20.65717987,-6.698648659,18.60571061,2.001060177,3.653231278,0.392908166
1.334051567,4.098527967,-1.792313133,1.524356711,20.87358272,-6.761659687,18.78219176,2.040981877,3.687883353,0.400746791
1.3349799,4.1412635,-1.806882833,1.524714739,21.09123249,-6.816625168,18.93613896,2.104684451,3.718110885,0.413254792
1.336006967,4.184509433,-1.828263433,1.525164688,21.31148171,-6.897285371,19.16205189,2.099020744,3.762468888,0.412142723
1.336995733,4.228580467,-1.8525151,1.525565327,21.53593311,-6.988776927,19.41830124,2.067222797,3.812783448,0.405899196
1.337950567,4.271477067,-1.868540367,1.525947705,21.75440319,-7.049233662,19.58762833,2.116365783,3.846030822,0.415548422
1.338978567,4.314488267,-1.883290267,1.526401721,21.97345692,-7.104878963,19.74347957,2.179568274,3.876632213,0.427958231
1.3399946,4.357641533,-1.8983761,1.526841874,22.19323419,-7.161791602,19.90288037,2.239944745,3.90793056,0.439813151
1.3410117,4.4011329,-1.915783267,1.527278581,22.41473338,-7.227461677,20.08680897,2.277515335,3.944044941,0.447190136
1.3420264,4.4453025,-1.938042967,1.527703838,22.63968678,-7.311438362,20.32201069,2.267267015,3.990226799,0.445177878
1.343044467,4.4887228,-1.959659433,1.528142461,22.86082404,-7.392988393,20.55041584,2.25999912,4.03507415,0.443750827
1.344025067,4.5332465,-1.9766549,1.528528892,23.08758085,-7.457105293,20.72999432,2.307177456,4.070334384,0.453014294
1.345019967,4.576192533,-1.992541633,1.528950677,23.30630269,-7.517039398,20.89785763,2.358035983,4.103294345,0.463000365
1.3460745,4.621045133,-2.011997667,1.529406653,23.53473457,-7.590439004,21.10343508,2.380890409,4.143659479,0.467487832
1.347041033,4.665345367,-2.033343667,1.529781999,23.76035328,-7.670968675,21.32898241,2.380961787,4.187945697,0.467501847
1.347989867,4.710604033,-2.0551822,1.530126856,23.99085324,-7.753356472,21.55973398,2.380710181,4.233253767,0.467452444
1.349015467,4.752422933,-2.067177767,1.530594383,24.20383465,-7.798610807,21.68648222,2.466943347,4.258140785,0.484384326
1.350027567,4.7963756,-2.085870433,1.531019934,24.42768322,-7.869130544,21.88399375,2.493280389,4.296922173,0.489555604
1.350987067,4.841243933,-2.109840067,1.531380666,24.65619523,-7.959558104,22.13726307,2.468523085,4.346651603,0.484694508
1.351998533,4.884946633,-2.1215874,1.531808921,24.87877073,-8.003875957,22.26138841,2.566973241,4.371023615,0.504025196
1.353016,4.9298647,-2.144860933,1.532226956,25.10753603,-8.091677419,22.50730256,2.549824397,4.419308857,0.50065802
1.3539912,4.973376267,-2.158321533,1.532621494,25.3291381,-8.142458722,22.64953072,2.629198304,4.447235357,0.516243087
1.355026467,5.019371033,-2.180966367,1.53304296,25.56338698,-8.227888357,22.88880186,2.624176042,4.494216245,0.515256966
1.3560112,5.062756233,-2.1971001,1.533448718,25.78434547,-8.288754291,23.05927504,2.674661356,4.527688653,0.525169757
1.356965267,5.108825367,-2.221457867,1.533787992,26.01897309,-8.380646119,23.31664547,2.651918545,4.578223338,0.520704206
1.358012567,5.152804533,-2.234825367,1.53424839,26.24295663,-8.431076194,23.45788991,2.734657632,4.605956685,0.536950026
1.359018867,5.1969066,-2.249830467,1.534666148,26.46756608,-8.48768426,23.61643766,2.800719339,4.637087535,0.549921242
1.359964733,5.242672433,-2.270272633,1.53500127,26.70064901,-8.56480414,23.83243486,2.817805075,4.679498584,0.553276026
1.361074833,5.28711,-2.296048133,1.53551835,26.92696715,-8.662044491,24.10478542,2.771772647,4.732974618,0.544237559
1.361967833,5.331576833,-2.307691267,1.53581794,27.15343434,-8.705969241,24.22780977,2.875215497,4.757130448,0.564548563
1.362955833,5.376524733,-2.330468967,1.536206111,27.38235158,-8.791900127,24.46848481,2.863457696,4.804386992,0.562239919
1.3640151,5.4211564,-2.345868933,1.536669768,27.60965826,-8.849997862,24.63120482,2.928044364,4.836337066,0.574921511
1.364982933,5.4683601,-2.3725976,1.537007668,27.85006417,-8.950834119,24.91362679,2.886028301,4.89179062,0.566671657
1.3660011,5.512462933,-2.3841156,1.537437282,28.07467753,-8.994286792,25.03532894,2.988939509,4.915686838,0.586878273
1.3670525,5.556871433,-2.405005833,1.537896051,28.30084764,-9.073097044,25.25606053,2.994378031,4.959027484,0.587946126
1.368018,5.601807133,-2.430126033,1.538261884,28.52970274,-9.167865218,25.52148702,2.957806638,5.011143977,0.580765333
1.369025433,5.648067167,-2.4464376,1.538651977,28.76530261,-9.229402045,25.69383924,3.02105429,5.044985334,0.59318401
1.370001967,5.691871333,-2.458477167,1.539043944,28.98839487,-9.274822374,25.8210524,3.116933397,5.069963638,0.612009873
1.370997467,5.7387433,-2.483311333,1.539413937,29.22711128,-9.368511462,26.08345659,3.093245608,5.121486702,0.607358775
1.371998233,5.782900633,-2.495699267,1.539825424,29.45200221,-9.415246036,26.21435069,3.187242442,5.147187757,0.625815054
1.37302,5.826977567,-2.509545833,1.540258984,29.67648366,-9.467483432,26.36065707,3.265417508,5.175915016,0.641164728
1.373987567,5.8751286,-2.542569733,1.540583975,29.92171429,-9.592069013,26.7095961,3.161709107,5.244429194,0.620801583
1.374974933,5.919566767,-2.553659933,1.540978315,30.14803548,-9.633907773,26.82677801,3.270848394,5.267437862,0.642231082
1.376007233,5.9647501,-2.572716633,1.541407643,30.37815177,-9.705800858,27.028136,3.299606686,5.306974504,0.647877773
1.3770346,6.009687233,-2.5932247,1.541835324,30.60701418,-9.783169351,27.24482952,3.311775581,5.349522275,0.650267135
1.377996433,6.0559044,-2.6075461,1.542180389,30.84239572,-9.837198099,27.39615311,3.395833529,5.379234664,0.666771913
1.379024733,6.0998125,-2.6197578,1.542622736,31.06601732,-9.883267816,27.52518508,3.490423158,5.40457009,0.685344587
1.3799619,6.146309067,-2.6467677,1.542939406,31.30282183,-9.985165051,27.81057863,3.441834119,5.460607115,0.675804129
1.380976633,6.190465733,-2.655089533,1.543364868,31.52770936,-10.0165599,27.89850927,3.578791016,5.477872295,0.702695616
1.382008633,6.2373179,-2.681294433,1.543771626,31.76632493,-10.1154202,28.17539699,3.540518866,5.532239198,0.695180879
1.3830055,6.285817467,-2.708311167,1.544121266,32.01333062,-10.21734322,28.46086274,3.502058795,5.5882904,0.687629244
1.3839827,6.329429767,-2.719991867,1.54451646,32.23544572,-10.26140969,28.58428403,3.600752613,5.612524168,0.707007776
1.384997233,6.374856133,-2.7353542,1.544924778,32.46679976,-10.31936545,28.74660639,3.66978429,5.644396165,0.720562145
1.3860412,6.422774467,-2.764814533,1.545329275,32.71084526,-10.43050716,29.05789186,3.602544322,5.705517066,0.707359578
1.386981867,6.4670073,-2.778646,1.545679654,32.9361207,-10.48268759,29.20403869,3.681672929,5.734212998,0.72289648
1.3880075,6.5138917,-2.794092333,1.546079615,33.17490043,-10.54096025,29.36724863,3.757242725,5.766259268,0.737734609
1.389032133,6.557293267,-2.811260167,1.546525055,33.39594228,-10.60572742,29.54864837,3.796884827,5.801877108,0.745518336
1.389958967,6.604077,-2.831390033,1.546827559,33.63420932,-10.68166912,29.76134573,3.822454515,5.843640233,0.750538944
1.391036133,6.6497647,-2.852921633,1.547295023,33.86689432,-10.76289898,29.98885415,3.827631088,5.888311513,0.751555364
1.392007867,6.696866367,-2.8709217,1.547638185,34.10678058,-10.83080582,30.17904749,3.877324009,5.925655975,0.761312569
1.392905533,6.742950133,-2.883976833,1.547920864,34.34148273,-10.88005747,30.31699139,3.974082257,5.952741259,0.780311051
1.394051767,6.788671967,-2.9050479,1.548456939,34.57434157,-10.95954993,30.5396337,3.984298784,5.996457078,0.782317066
1.3949779,6.8363236,-2.927085167,1.548747162,34.81702878,-11.04268747,30.77248514,3.994134561,6.042177456,0.784248321
1.3959931,6.880230567,-2.9441828,1.549176423,35.0406446,-11.1071898,30.95314313,4.037092388,6.077649654,0.79268309
1.397047767,6.9272116,-2.971369167,1.549604128,35.27991648,-11.20975277,31.24040128,3.989106119,6.134052791,0.783260987
1.3979892,6.972720433,-2.974100333,1.549938246,35.51169052,-11.22005634,31.26925949,4.192021952,6.1397191,0.82310351
1.398956067,7.018067367,-2.991463367,1.550299958,35.74264001,-11.28555991,31.45272177,4.239509168,6.175741919,0.832427625
1.400029033,7.065999833,-3.0222582,1.550733266,35.98675749,-11.40173615,31.7781079,4.15824051,6.239631486,0.816470524
1.4009545,7.109912233,-3.029973833,1.551072721,36.21040098,-11.43084405,31.85963327,4.300358637,6.255638992,0.844375418
1.401987933,7.157793533,-3.0593016,1.551467179,36.45425787,-11.54148565,32.169518,4.234330794,6.316484859,0.831410851
1.402968133,7.2055227,-3.077271633,1.551810433,36.69733995,-11.60927918,32.359394,4.287536878,6.353767011,0.841857866
1.404001533,7.248884367,-3.089758067,1.552265171,36.91817859,-11.65638536,32.49132887,4.376440648,6.379672423,0.859314121
1.4049662,7.2942351,-3.096746933,1.552624633,37.14914744,-11.68275147,32.56517503,4.533563332,6.394172117,0.89016516
1.406025767,7.341564967,-3.117964733,1.553052582,37.39019591,-11.7627975,32.78936777,4.550419064,6.438192361,0.893474783
1.4070372,7.387834233,-3.1386598,1.553446552,37.6258428,-11.84087147,33.00803717,4.567396552,6.481128098,0.896808313
1.407985433,7.433295733,-3.155897333,1.553788102,37.85737577,-11.90590159,33.19017338,4.616793315,6.516890543,0.906507367
1.409016867,7.482039133,-3.1797263,1.554169054,38.10562329,-11.99579847,33.44195638,4.613257837,6.566328134,0.905813176
1.410024067,7.5281474,-3.204230233,1.55456094,38.34045022,-12.08824172,33.70087124,4.589169896,6.617166068,0.901083509
1.410987633,7.573750367,-3.211136467,1.554915935,38.57270368,-12.1142961,33.77384428,4.748450316,6.631494325,0.932358219
1.412021233,7.6190982,-3.232464867,1.555344368,38.80365775,-12.19475937,33.99920564,4.75404303,6.675744028,0.933456349
1.412990533,7.6681315,-3.253613333,1.555659318,39.05338172,-12.27454383,34.22266579,4.780306851,6.719620427,0.93861325
1.413994467,7.7133139,-3.272580933,1.556060293,39.28349325,-12.34610078,34.42308233,4.810001843,6.758972216,0.944443862
1.4149854,7.759115833,-3.2913343,1.556439999,39.51676004,-12.41684951,34.62123523,4.845115729,6.797879537,0.951338473
1.415977367,7.804536967,-3.303943733,1.556825821,39.74808743,-12.46441971,34.75446975,4.943208603,6.824040135,0.970599009
1.416952767,7.849034467,-3.311878533,1.557207402,39.97471081,-12.49435445,34.83831089,5.08599084,6.840502342,0.998634302
1.417994667,7.8968471,-3.3320071,1.557611242,40.21821798,-12.57029124,35.0509945,5.116814397,6.882262771,1.004686507
1.419051467,7.946116133,-3.363033133,1.558010547,40.46914252,-12.6873397,35.37882356,5.039909883,6.946632005,0.989586305
1.419973967,7.990489167,-3.3693182,1.558340889,40.69513199,-12.71105067,35.44523319,5.199489725,6.959671536,1.020919808
1.421004533,8.0357124,-3.394456,1.558767951,40.92545149,-12.80588524,35.71084565,5.164196758,7.011824544,1.013990033
1.422036433,8.080804033,-3.402331833,1.559198104,41.15510076,-12.83559752,35.79406373,5.310627941,7.028164414,1.042741796
1.422926633,8.130805967,-3.434701433,1.559421028,41.40975792,-12.95771469,36.13608926,5.223259576,7.095321126,1.025587018
1.424023,8.175431567,-3.4460778,1.559921866,41.6370337,-13.00063304,36.25629488,5.330329741,7.118923499,1.046610245
1.425020533,8.221709567,-3.4686388,1.560301819,41.87272507,-13.08574641,36.49468021,5.327635776,7.165730459,1.046081285
1.4259439,8.2662064,-3.470878767,1.560631376,42.09934505,-13.09419688,36.51834828,5.530587693,7.170377684,1.085930893
1.4270462,8.315816233,-3.5059111,1.561071632,42.35200526,-13.22635945,36.88850893,5.413087258,7.243058728,1.062859683
1.427971667,8.3618889,-3.517277967,1.561382259,42.58665088,-13.26924196,37.00861416,5.527627635,7.266641391,1.085349686
1.429000133,8.407578167,-3.530733567,1.561801003,42.81934386,-13.3200044,37.1507895,5.618145282,7.294557518,1.103122826
1.430069867,8.453628833,-3.545491433,1.56225619,43.05387743,-13.37567976,37.30672492,5.696743436,7.325175437,1.118555574
1.430962867,8.498462033,-3.562834133,1.562550891,43.28221051,-13.44110663,37.48997235,5.741829082,7.36115607,1.12740814
1.432001067,8.546440767,-3.5790465,1.562948815,43.52656362,-13.50226921,37.66127639,5.814878154,7.394791618,1.141751326
1.433002333,8.5927426,-3.5837365,1.563332183,43.76237637,-13.51996265,37.71083213,6.001135157,7.404521889,1.178322888
1.433969233,8.637907967,-3.6087762,1.563696352,43.99240115,-13.61442713,37.97540805,5.966584027,7.45647137,1.171538774
1.434996933,8.6857179,-3.627499567,1.564086028,44.23589458,-13.68506269,38.17324396,6.012241538,7.495316451,1.180503626
1.4359762,8.731067333,-3.6453163,1.564460106,44.4668568,-13.75227789,38.36150015,6.054947575,7.532280554,1.188888956
1.436993633,8.7752069,-3.656475067,1.564888497,44.69165724,-13.79437532,38.47940655,6.161841616,7.555431476,1.209877601
1.438020267,8.824794467,-3.683834333,1.565253385,44.94420406,-13.89759057,38.7684916,6.125303375,7.612193326,1.202703318
1.4390235,8.8692573,-3.694876333,1.565663261,45.17065088,-13.93924749,38.88516422,6.235077582,7.635101994,1.224257483
1.439993933,8.916887933,-3.7163476,1.565998064,45.41323113,-14.02024975,39.11203515,6.250786909,7.679648101,1.22734201
1.440952267,8.963973667,-3.729927467,1.566328038,45.65303624,-14.07148099,39.25552351,6.347103652,7.707822042,1.246253802
1.4419989,9.0134856,-3.760032167,1.566713935,45.90519786,-14.18505363,39.57361752,6.28117126,7.7702798,1.233307977
1.442979567,9.0550111,-3.754835133,1.567140444,46.116685,-14.16544737,39.51870433,6.547571592,7.759497595,1.285615682
1.443995467,9.104906433,-3.785488667,1.56749049,46.37079925,-14.28109053,39.84259745,6.477792721,7.82309401,1.271914601
1.445001667,9.1501296,-3.796223,1.567893187,46.60111841,-14.32158675,39.95601918,6.59469015,7.845364366,1.294867411
1.445989,9.2013388,-3.834009967,1.568197134,46.86192412,-14.46414142,40.355286,6.456229039,7.923760406,1.267680572
1.4470305,9.245437967,-3.838647933,1.56865013,47.0865188,-14.48163856,40.40429195,6.631817775,7.933382724,1.30215742
1.448038,9.292216933,-3.851236067,1.569033365,47.32476157,-14.52912841,40.5373014,6.737051082,7.959499131,1.32281998
1.449033867,9.344148333,-3.880572067,1.569336207,47.5892454,-14.63980106,40.84727313,6.691563186,8.020362079,1.313888432
1.449930733,9.386405633,-3.887066133,1.56966915,47.80445955,-14.6643005,40.91589111,6.838159364,8.033835219,1.342672591
1.4509627,9.436498633,-3.912563633,1.570032626,48.05958051,-14.76049207,41.18530426,6.823867174,8.086734491,1.33986632
1.4519738,9.485582067,-3.938737133,1.570388707,48.3095598,-14.85923391,41.4618602,6.797290525,8.141036249,1.334647995
1.4529306,9.5290645,-3.940371533,1.570765234,48.5310135,-14.86539983,41.47912969,7.001474731,8.144427114,1.374739563
1.453999467,9.576551633,-3.965248333,1.571200385,48.77286291,-14.95924976,41.74198436,6.980469478,8.196038629,1.370615182
1.455033133,9.622274567,-3.9776087,1.571623879,49.00572736,-15.00588033,41.87258717,7.082731105,8.221682492,1.390694252
1.455940933,9.670754433,-4.003594133,1.571884715,49.25263271,-15.10391268,42.14715595,7.055067684,8.275594071,1.38526254
1.457018933,9.715753633,-4.024694667,1.572362201,49.48181122,-15.1835163,42.37010962,7.061292526,8.319371023,1.386484787
1.457982933,9.759808667,-4.0257988,1.572738287,49.70618114,-15.18768174,42.38177617,7.273995887,8.321661752,1.428249092
1.458943,9.8065918,-4.045062867,1.573074032,49.94444512,-15.26035714,42.58532526,7.308710785,8.361628615,1.435065363
1.460014233,9.856915,-4.072513733,1.573473703,50.20073848,-15.36391796,42.87537818,7.274951216,8.418580506,1.428436671
1.4609366,9.9013794,-4.0708664,1.573802692,50.42719328,-15.35770325,42.85797203,7.518812164,8.415162809,1.476318768
1.461972733,9.945090167,-4.0856657,1.574255505,50.64980986,-15.41353492,43.01434525,7.585055537,8.445866689,1.489325655
1.463014333,9.997523833,-4.124065067,1.574597378,50.91685171,-15.55839992,43.42008284,7.446359793,8.525533265,1.462092745
1.463990667,10.0379206,-4.1241433,1.575034616,51.12259027,-15.55869506,43.42090947,7.651271721,8.525695575,1.502327202
1.465004833,10.09006373,-4.157702133,1.575352933,51.38815245,-15.68529873,43.77550074,7.562242627,8.595319571,1.48484634
1.466000467,10.1335922,-4.159905433,1.575767679,51.60984059,-15.69361087,43.79878138,7.760650134,8.599890724,1.523803654
1.466968733,10.17752557,-4.165355667,1.576149655,51.83359087,-15.71417236,43.85636995,7.926811842,8.611198239,1.556429505
1.467964633,10.22316113,-4.188603567,1.576536548,52.06601036,-15.80187711,44.10201324,7.913588036,8.6594303,1.553833011
1.468980633,10.26775383,-4.195209833,1.576957458,52.29311858,-15.82679984,44.17181675,8.070892747,8.67313622,1.584719791
1.469974233,10.31816467,-4.223197767,1.577278326,52.54985825,-15.93238679,44.46754446,8.031904705,8.731202355,1.577064489
1.4709751,10.36555033,-4.2378942,1.577646831,52.7911909,-15.98783038,44.62283076,8.117951062,8.76169282,1.593959691
1.4719949,10.41035433,-4.2474858,1.578068721,53.01937527,-16.02401554,44.72417807,8.244788113,8.781592365,1.618864146
1.473007433,10.45975533,-4.276075367,1.578421998,53.2709719,-16.13187221,45.02626279,8.194300032,8.840906699,1.608950811
1.473980033,10.50193367,-4.280720233,1.578831729,53.48578389,-16.14939538,45.07534165,8.36003316,8.850543333,1.641492511
1.475058067,10.56159333,-4.3096226,1.579113604,53.78962737,-16.25843211,45.3807315,8.358486792,8.910506629,1.641188882
1.476052533,10.61293833,-4.317316033,1.579422871,54.05112469,-16.28745627,45.46202229,8.538693321,8.926468077,1.676572434
1.477040633,10.66084433,-4.342726533,1.579771666,54.29510738,-16.38331963,45.73051617,8.514182122,8.979186851,1.67175966
1.4780442,10.708345,-4.356265567,1.580141336,54.53702572,-16.43439683,45.87357309,8.613043554,9.007276075,1.691171102
1.4790521,10.75329567,-4.3627081,1.580549369,54.76595705,-16.45870185,45.94164655,8.773901419,9.0206423,1.722755544
1.480069967,10.797739,-4.379375933,1.58097414,54.99230456,-16.52158273,46.11776317,8.824132311,9.055222798,1.732618379
1.481055133,10.84943633,-4.407520133,1.581269405,55.2555963,-16.62775921,46.41514203,8.790045191,9.113613137,1.725925373
1.482138467,10.89041433,-4.4078088,1.581805887,55.46429505,-16.62884823,46.41819216,8.995693817,9.11421203,1.766304481
1.483061167,10.93805033,-4.4260939,1.582092885,55.70690264,-16.69783038,46.61139723,9.045096332,9.152147846,1.776004665
1.4841036,10.98185733,-4.4340191,1.582550714,55.93000934,-16.7277289,46.69513693,9.184463327,9.168590136,1.803369374
1.485095233,11.02349067,-4.439571667,1.58298675,56.14204567,-16.74867645,46.75380678,9.337829808,9.180109961,1.833482883
1.486032733,11.06754567,-4.4559682,1.583336336,56.36641541,-16.81053382,46.92705677,9.388949564,9.214127597,1.843520247
1.487109,11.122628,-4.4931976,1.583677529,56.64694678,-16.95098502,47.32043219,9.276105506,9.291366861,1.821363316
1.488085333,11.16640467,-4.495319367,1.584069663,56.86989899,-16.95898958,47.34285133,9.476638584,9.295768858,1.860737986
1.4891213,11.22016633,-4.4945029,1.58438818,57.14370427,-16.95590938,47.33422433,9.759070861,9.294074947,1.916193564
1.490173267,11.27389467,-4.521162033,1.584723142,57.41733978,-17.05648332,47.61591159,9.751019111,9.349384241,1.914612603
1.4911463,11.33228467,-4.552149267,1.584916961,57.71471692,-17.1733854,47.94333068,9.720977161,9.413672978,1.908713866
1.4922736,11.38547333,-4.566351867,1.585334458,57.98560394,-17.22696596,48.093399,9.841795856,9.443138894,1.932436616
1.493269467,11.43361967,-4.583282,1.585687812,58.23081063,-17.29083638,48.27228715,9.908114398,9.478263582,1.945458262
1.494228633,11.47847133,-4.588969367,1.586048433,58.45923776,-17.31229248,48.33238133,10.07644735,9.490063074,1.978510436
1.495271367,11.52259633,-4.607354633,1.586502319,58.68396401,-17.38165252,48.52664479,10.10691014,9.528206704,1.984491806
1.496230567,11.569375,-4.624126467,1.586837257,58.92220525,-17.44492574,48.7038603,10.16793587,9.563002969,1.996474208
1.497203967,11.611698,-4.626148867,1.587245857,59.13775401,-17.45255543,48.7252295,10.36211544,9.567198812,2.034601366
1.498258933,11.65915433,-4.6424308,1.587667519,59.37944657,-17.51398046,48.89726859,10.43176889,9.600978689,2.048277822
1.499272933,11.70277633,-4.652695333,1.588099383,59.60161107,-17.55270432,49.0057263,10.54547569,9.622274358,2.070604152
1.500269233,11.748926,-4.667791667,1.588479816,59.83664884,-17.60965657,49.16523804,10.62100172,9.653594489,2.085433688
1.501273867,11.79632567,-4.690554967,1.588851901,60.0780528,-17.69553313,49.40576093,10.62188279,9.700821158,2.085606686
1.502273633,11.845844,-4.702606367,1.589190845,60.33024701,-17.7409981,49.53309912,10.74673881,9.725824012,2.110122165
1.5032258,11.89246967,-4.712984233,1.589520792,60.56770902,-17.78014952,49.64275433,10.87454561,9.747354813,2.135217031
1.504270333,11.94074167,-4.736611667,1.589921136,60.81355573,-17.8692861,49.89240787,10.87073877,9.796374286,2.134469558
1.505254867,11.98893933,-4.758207167,1.590262471,61.05902385,-17.95075703,50.12059148,10.88802329,9.841178138,2.137863373
1.5062504,12.03141,-4.7565239,1.590691234,61.27532468,-17.94440676,50.10280565,11.12210994,9.83768589,2.183826287
1.507276767,12.078953,-4.772957933,1.591083139,61.51745862,-18.0064056,50.27645188,11.19059766,9.871781327,2.197273851
1.5082266,12.13018467,-4.807772833,1.591349286,61.77837875,-18.13774789,50.64431507,11.08365459,9.944011265,2.176275579
1.5092624,12.17917167,-4.834667533,1.591731354,62.0278669,-18.23921052,50.9284914,11.04896643,9.999809286,2.169464558
1.510314867,12.22035,-4.831050233,1.592234296,62.23758594,-18.22556394,50.89027007,11.29690679,9.992304529,2.218147648
1.511284233,12.26774133,-4.843335133,1.592571225,62.47894746,-18.27190981,51.02007549,11.40846289,10.01779182,2.240051688
1.512245433,12.31487,-4.866439033,1.592903493,62.71897122,-18.35907131,51.26419724,11.4043649,10.06572513,2.239247049
1.513262867,12.35458133,-4.851441067,1.593390979,62.92121891,-18.30249016,51.10572487,11.76508497,10.03460908,2.310074433
1.514243867,12.39932567,-4.871786433,1.593774866,63.1490994,-18.37924485,51.32069925,11.77799107,10.0768193,2.312608547
1.515278967,12.44746933,-4.8944128,1.594167488,63.3942925,-18.46460482,51.55977526,11.78410816,10.12376187,2.313809638
1.516234133,12.50179767,-4.936588133,1.594397643,63.67098379,-18.62371499,52.00541069,11.61516402,10.21126239,2.280637455
1.517294667,12.54757033,-4.932381,1.594847341,63.90410152,-18.60784321,51.96095704,11.8927354,10.20253391,2.335138597
1.518245667,12.58826667,-4.937227233,1.595255248,64.11136576,-18.62612605,52.01216358,12.04879309,10.21258832,2.365780524
1.5192183,12.637998,-4.953857067,1.595564217,64.36464477,-18.68886357,52.18787868,12.126357,10.24708998,2.381010198
1.520270467,12.682096,-4.963854967,1.596027896,64.58923351,-18.72658153,52.29351907,12.24530536,10.26783247,2.404365708
1.521218433,12.72562233,-4.980196,1.596395003,64.81091079,-18.78822952,52.46618263,12.29431908,10.30173496,2.413989551
1.522263867,12.76451767,-4.965010467,1.596921378,65.00900263,-18.73094076,52.30572838,12.65286517,10.27022977,2.484390077
1.523284933,12.81363267,-4.996139367,1.597287005,65.25914269,-18.84837728,52.63464435,12.57408926,10.33481242,2.468922426
1.5242359,12.85930967,-4.9996576,1.597628412,65.49177319,-18.86165013,52.67181891,12.76954521,10.34211164,2.507300202
1.525269467,12.905562,-5.020034467,1.598044742,65.72733384,-18.93852366,52.88712612,12.78979864,10.38438721,2.511276963
1.526289033,12.95139833,-5.038016633,1.598452623,65.96077583,-19.00636297,53.07713033,12.83323642,10.42169454,2.519805971
1.5272514,12.996745,-5.035821933,1.598809838,66.19172396,-18.99808327,53.05394056,13.08737432,10.41714123,2.569705948
1.5282929,13.04451467,-5.056903033,1.599213852,66.43501231,-19.07761359,53.27668889,13.10791434,10.46087786,2.573738981
1.5292096,13.09444,-5.0880332,1.599464298,66.68927935,-19.19505489,53.60561824,13.03325203,10.52546314,2.559079035
1.5302486,13.138747,-5.095900567,1.599912021,66.91493252,-19.22473523,53.68874686,13.17577658,10.54178545,2.587063731
1.5312451,13.18187733,-5.0826335,1.600332947,67.13459299,-19.17468405,53.54856362,13.53562029,10.51426047,2.657719043
1.532220533,13.22955533,-5.112272567,1.600672117,67.37741448,-19.28650004,53.86173763,13.46526777,10.57575218,2.643905327
1.533242133,13.267528,-5.116109367,1.601186972,67.57080723,-19.30097471,53.90227825,13.61811991,10.58371233,2.673917844
1.534267767,13.322924,-5.1558194,1.601473346,67.85293608,-19.45078432,54.32186468,13.48066233,10.66609813,2.646928048
1.535292467,13.38233733,-5.1954454,1.601705175,68.155525,-19.60027691,54.74056319,13.36455272,10.74830958,2.624129928
1.536240533,13.417761,-5.165993867,1.602180513,68.33593583,-19.4891684,54.42937071,13.85615604,10.68720694,2.720656238
1.5372895,13.46867333,-5.196991433,1.602550054,68.59522961,-19.60610946,54.75689898,13.78792155,10.75151711,2.707258396
1.5382827,13.509544,-5.204538,1.602997835,68.80338172,-19.63457955,54.83663795,13.91633469,10.76717386,2.732472317
1.5392404,13.55804333,-5.224537533,1.603308312,69.05038622,-19.71002955,55.04795816,13.95201897,10.80866659,2.739478925
1.5402695,13.604351,-5.2379454,1.603719436,69.28622867,-19.76061191,55.18962913,14.04619046,10.83648368,2.757969497
1.541255167,13.65013167,-5.247541767,1.60409416,69.51938715,-19.79681506,55.29102681,14.17795126,10.85639311,2.783840729
1.542247133,13.69183733,-5.244214233,1.604529564,69.73179187,-19.78426164,55.25586724,14.42551555,10.84948953,2.832449978
1.543281867,13.73832333,-5.264326733,1.604943942,69.96854257,-19.86013783,55.46838109,14.4497524,10.89121663,2.837208884
1.544252933,13.78078733,-5.269249433,1.605348326,70.18480944,-19.87870915,55.52039561,14.61400475,10.90142968,2.869459833
1.5452842,13.83095033,-5.300237033,1.605710168,70.4402869,-19.99561261,55.84781856,14.54205926,10.96571917,2.855333336
1.546270633,13.86270233,-5.261393067,1.606272871,70.60199813,-19.84907031,55.43738321,15.11420584,10.88513019,2.967674317
1.547252,13.907575,-5.290603033,1.606655412,70.83053221,-19.95926749,55.74602324,15.03409989,10.94573166,2.951945514
1.548255833,13.950547,-5.285028167,1.607085784,71.0493863,-19.93823581,55.68711776,15.31185946,10.93416557,3.006483604
1.549231533,13.99930067,-5.321403967,1.607410866,71.2976861,-20.07546673,56.07147383,15.1758032,11.00963389,2.979768958
1.550303867,14.035792,-5.312871267,1.607996222,71.4835345,-20.04327637,55.98131512,15.4518103,10.99193122,3.033962953
1.551291267,14.083959,-5.323881633,1.608340834,71.72884645,-20.08481395,56.09765349,15.58078388,11.01477426,3.059286914
1.552292767,14.12106467,-5.315139633,1.608847159,71.91782361,-20.05183398,56.00528327,15.86213126,10.99663737,3.114529474
1.553323133,14.17260167,-5.3482901,1.609189764,72.18029879,-20.17689705,56.35555963,15.77433007,11.06541413,3.09728971
1.554219467,14.22172667,-5.362828567,1.609430524,72.43048977,-20.2317447,56.50917681,15.87090388,11.09557687,3.116251977
1.555245,14.26855233,-5.383587667,1.609831169,72.66897038,-20.31006024,56.72852281,15.89003849,11.13864545,3.120009057
1.556256833,14.31661033,-5.389509033,1.610201668,72.91372719,-20.33239911,56.79108949,16.07222862,11.15093042,3.155782089
1.5572258,14.36584167,-5.4056406,1.610513643,73.16445972,-20.39325688,56.96153978,16.15251087,11.18439834,3.171545509
1.55828,14.41157833,-5.422029167,1.610957487,73.39739411,-20.45508419,57.13470559,16.21227944,11.21839944,3.183281068
1.559283367,14.46270433,-5.4500494,1.611278577,73.65777608,-20.560793,57.43077459,16.17659241,11.27653259,3.17627392
1.5601834,14.50792533,-5.463754833,1.611575136,73.8880842,-20.61249796,57.57558972,16.2620854,11.30496704,3.193060468
1.561321767,14.55942933,-5.482901567,1.612026182,74.15039131,-20.6847307,57.77789904,16.32208319,11.34469048,3.204841035
1.5622784,14.60440267,-5.488055067,1.612382646,74.37943808,-20.70417273,57.83235224,16.49667676,11.35538236,3.239122481
1.563277,14.64937533,-5.5104154,1.612781086,74.60848145,-20.78852907,58.06861728,16.48945509,11.401773,3.237704508
1.564292967,14.69143,-5.5236904,1.613235833,74.82266361,-20.83861018,58.20888435,16.56337018,11.42931444,3.252217736
1.565276833,14.74679133,-5.5446822,1.613480903,75.10461591,-20.9178036,58.43068911,16.62351772,11.47286581,3.264027704
1.566233167,14.80429067,-5.578700733,1.613669908,75.39745692,-21.04614152,58.79013769,16.55691015,11.54344354,3.250949309
1.567287733,14.83889433,-5.5788992,1.614262688,75.57369154,-21.04689026,58.79223474,16.73104772,11.54385529,3.28514122
1.568263967,14.886577,-5.596186333,1.614602597,75.8165368,-21.11210749,58.97489504,16.79123268,11.57972064,3.296958536
1.5692303,14.93462467,-5.609912233,1.614927734,76.06124098,-21.16388966,59.11992643,16.89090547,11.60819755,3.316529289
1.570307433,14.97861733,-5.612041,1.615417785,76.28529327,-21.17192062,59.14241953,17.09246466,11.61261407,3.356105436
1.571267233,15.02017333,-5.606575967,1.61582302,76.49693574,-21.1513033,59.08467458,17.36185209,11.60127585,3.408999657
1.572236333,15.06381333,-5.614178633,1.616209744,76.71919192,-21.17998504,59.16500631,17.50377653,11.61704899,3.436866521
1.573288667,15.10788267,-5.6205438,1.616673972,76.94363467,-21.20399819,59.2322623,17.66096329,11.6302547,3.467730141
1.5742259,15.148893,-5.619749233,1.617063923,77.15249809,-21.20100062,59.2238667,17.87822231,11.62860623,3.51038895
1.5752642,15.19266033,-5.641334533,1.617518148,77.37540277,-21.28243307,59.45194254,17.87305115,11.67338892,3.509373593
1.576235733,15.23832,-5.650454033,1.617880353,77.607945,-21.31683719,59.54830152,18.00923439,11.692309,3.536113173
1.5772376,15.28408867,-5.6610268,1.618271437,77.84104236,-21.35672388,59.6600161,18.13061718,11.71424416,3.559946683
1.5782557,15.32386367,-5.6662723,1.618758739,78.04361429,-21.376513,59.7154414,18.27776381,11.72512692,3.588838925
1.579262867,15.36755567,-5.671407067,1.619182836,78.2661353,-21.39588436,59.76969667,18.44602956,11.73577994,3.621877903
1.580248967,15.41594933,-5.7024579,1.619523123,78.51260165,-21.51302637,60.09778776,18.3644048,11.80020063,3.605850883
1.581265267,15.45656533,-5.6966853,1.619997402,78.71945675,-21.49124873,60.03679299,18.63225469,11.7882243,3.658443208
1.582236767,15.498609,-5.694040933,1.62040783,78.93358289,-21.48127262,60.00885193,18.87432188,11.78273808,3.705973101
1.5832431,15.538477,-5.6860965,1.620882124,79.13662847,-21.45130154,59.924909,19.16131039,11.76625588,3.762323295
1.5842186,15.586752,-5.7158227,1.621213395,79.38249045,-21.56344626,60.23900368,19.09307769,11.82792837,3.748925805
1.5852699,15.63054433,-5.7242179,1.621680286,79.60552245,-21.59511789,60.32770952,19.22740385,11.84534577,3.775300745
1.5862926,15.67498333,-5.7206823,1.622109947,79.83184789,-21.58177953,60.29035147,19.49108735,11.83801051,3.827075
1.5872528,15.72450667,-5.743189367,1.622409259,80.08406757,-21.66668943,60.52816692,19.50549156,11.88470558,3.829903268
1.588284067,15.767203,-5.755115033,1.622870743,80.3015177,-21.71168006,60.65417659,19.59693203,11.90944757,3.847857604
1.5892668,15.81106933,-5.757882767,1.62326808,80.52492658,-21.72212158,60.68342117,19.79109633,11.91518975,3.885981764
1.590224167,15.85704067,-5.7690746,1.623611959,80.75905611,-21.76434376,60.80167696,19.90697007,11.93840927,3.908733572
1.591300733,15.90326833,-5.78301,1.624071617,80.99449113,-21.81691629,60.94892199,19.99516007,11.96732083,3.926049679
1.592281333,15.951678,-5.7999657,1.62440619,81.24103896,-21.88088316,61.12808028,20.06254961,12.00249856,3.939281615
1.5932507,15.99617833,-5.8179002,1.6247817,81.46767677,-21.94854265,61.31758082,20.09968687,12.03970699,3.946573517
1.5942486,16.043016,-5.825508433,1.625154551,81.70621849,-21.97724538,61.39797137,20.25783804,12.05549168,3.977626499
1.595207767,16.08832,-5.8285187,1.625509136,81.93694933,-21.98860188,61.42977862,20.45676162,12.06173703,4.016685145
1.596238667,16.13943767,-5.860200867,1.625857871,82.19728885,-22.10812565,61.76454055,20.38233923,12.12746754,4.002072307
1.5972744,16.196399,-5.900792133,1.626133455,82.48738987,-22.26125979,62.19343832,20.24354246,12.21168161,3.974819563
1.598292233,16.24933567,-5.929954067,1.626444849,82.75699346,-22.37127576,62.50157081,20.20501357,12.27218343,3.967254415
1.599212633,16.29493167,-5.937674067,1.62675677,82.98921144,-22.40040015,62.58314232,20.35566004,12.28819999,3.996833849
1.600282633,16.33123533,-5.933500133,1.627342298,83.17410407,-22.38465361,62.53903947,20.58465552,12.2795404,4.041797111
1.6012146,16.379221,-5.947263233,1.627633896,83.41849249,-22.43657612,62.68446392,20.68361948,12.30809449,4.061228686
1.602244633,16.42046367,-5.954127333,1.628113546,83.62853917,-22.46247155,62.75699177,20.82113832,12.32233533,4.08823051
1.603316667,16.46386733,-5.9594868,1.628606357,83.84959172,-22.48269061,62.81362128,20.98556136,12.33345454,4.120514973
1.604221133,16.50908533,-5.9806261,1.62890739,84.07988456,-22.56244049,63.03698456,20.99249092,12.37731192,4.121875592
1.605220633,16.55448133,-5.973948633,1.62930108,84.31108395,-22.53724915,62.96642873,21.29424614,12.36345828,4.18112523
1.606239067,16.61521367,-6.018637833,1.62950904,84.62039046,-22.70584311,63.43862632,21.13135506,12.45617428,4.149141566
1.607227833,16.66182567,-6.026616767,1.62987577,84.85778287,-22.73594434,63.52293378,21.28444001,12.47272805,4.179199796
1.608262267,16.699229,-6.023647333,1.630411056,85.04827604,-22.72474189,63.49155799,21.50630897,12.46656741,4.222763767
1.609285867,16.74810533,-6.049230733,1.630782401,85.29720058,-22.82125753,63.76187877,21.48491272,12.5196449,4.218562613
1.610243067,16.794827,-6.070145167,1.6311161,85.53515152,-22.90015908,63.98286606,21.50187638,12.56303575,4.221893427
1.611268267,16.83196867,-6.0577097,1.631645645,85.72431203,-22.85324518,63.85146972,21.82243323,12.53723608,4.284834765
1.6122372,16.87396733,-6.057190133,1.632054106,85.93820898,-22.85128507,63.84597984,22.04182006,12.53615814,4.327911368
1.613283067,16.915334,-6.061739133,1.632547934,86.14888719,-22.86844657,63.89404575,22.20443236,12.54559588,4.359840295
1.6142712,16.963791,-6.0791079,1.632889409,86.39567609,-22.93397178,64.07756861,22.2676984,12.5816306,4.372262581
1.6152518,17.00751067,-6.093245667,1.63328657,86.618338,-22.98730776,64.22695189,22.34097703,12.610962,4.386650841
1.616241967,17.05571467,-6.117636667,1.633633454,86.86383838,-23.07932496,64.48467347,22.32875583,12.66156564,4.384251208
1.6172185,17.090348,-6.0894963,1.634147806,87.04022409,-22.97316294,64.18733512,22.8024799,12.60318325,4.477266927
1.618276133,17.14890733,-6.1357711,1.634423965,87.33846363,-23.14773871,64.67628656,22.61176799,12.69918887,4.439820644
1.619233133,17.183167,-6.107853733,1.63492377,87.51294627,-23.04241798,64.38130448,23.08123271,12.64126913,4.532000043
1.6202213,17.23596333,-6.1359582,1.635207369,87.78183516,-23.14844456,64.67826351,23.05316257,12.69957704,4.526488471
1.6212496,17.288847,-6.168010567,1.635529937,88.05116883,-23.26936495,65.01693706,22.98382269,12.76607559,4.512873585
1.622228967,17.34721167,-6.216242433,1.635730427,88.34841694,-23.45132393,65.52656738,22.77144048,12.86614151,4.471172339
1.6232272,17.40229367,-6.2378702,1.635993591,88.62894661,-23.53291659,65.75509193,22.8234456,12.9110123,4.481383543
1.624238667,17.44567467,-6.259111433,1.636426138,88.84988371,-23.61305102,65.97953227,22.81994236,12.95508116,4.480695683
1.6252264,17.490626,-6.2583836,1.636813996,89.07881844,-23.6103052,65.9718418,23.05656756,12.95357114,4.527157041
1.626201367,17.53232267,-6.268211833,1.637232521,89.29117732,-23.64738308,66.07568944,23.1650788,12.97396162,4.548463223
1.6272401,17.57339133,-6.258848833,1.637723193,89.50033783,-23.61206034,65.97675757,23.47317118,12.95453635,4.608957162
1.6282423,17.620765,-6.265620033,1.638093191,89.74160937,-23.63760529,66.04830381,23.64289648,12.96858445,4.642282724
1.6292255,17.657826,-6.278682733,1.638581812,89.93035905,-23.68688548,66.18632766,23.69362231,12.99568544,4.652242741
1.630277433,17.70122933,-6.286145367,1.639054528,90.1514099,-23.71503892,66.26517977,23.83582105,13.01116805,4.680163463
1.631281467,17.73664533,-6.2577688,1.639585935,90.33178168,-23.60798582,65.96534566,24.31602694,12.95229562,4.77445189
1.632273233,17.781102,-6.2639834,1.639984427,90.5581971,-23.63143094,66.03101072,24.47677729,12.96518896,4.806015222
1.633313267,17.83297067,-6.2984956,1.640332273,90.82236143,-23.76163127,66.39567551,24.37627684,13.03679089,4.786281957
1.634210767,17.87726267,-6.294723833,1.640638696,91.04793821,-23.74740194,66.35582205,24.64170707,13.02896566,4.838399184
1.635217933,17.928524,-6.3247288,1.640961781,91.30900942,-23.86059833,66.67286225,24.58573809,13.0912165,4.827409674
1.636300633,17.96212267,-6.29996,1.641596106,91.48012563,-23.76715585,66.41114874,25.01856781,13.03982905,4.912395789
1.637250133,18.00064933,-6.306219733,1.642031468,91.67633987,-23.79077124,66.47729069,25.1486401,13.05281603,4.937935483
1.6383502,18.05382733,-6.343833767,1.642421874,91.94717257,-23.93267351,66.87473025,25.02203324,13.13085328,4.913076226
1.639344367,18.08952467,-6.319570067,1.64293966,92.12897717,-23.84113656,66.61835375,25.46021434,13.08051376,4.999113085
1.640284633,18.13947067,-6.334007567,1.643213397,92.38334946,-23.8956033,66.77090409,25.56203629,13.11046702,5.019105826
1.641308833,18.20884333,-6.4046297,1.643311819,92.73666072,-24.16203154,67.51711573,25.16913592,13.25698567,4.941959837
1.642311467,18.255824,-6.412501033,1.643687495,92.97593074,-24.19172684,67.60028626,25.32523539,13.27331621,4.97260997
1.643299267,18.30077833,-6.4258798,1.64407538,93.20488074,-24.24219942,67.74164975,25.41282191,13.30107293,4.989807581
1.644312967,18.34108667,-6.432477167,1.644551165,93.41016892,-24.26708857,67.81135923,25.54840061,13.31476038,5.016428459
1.645306133,18.38745233,-6.4420689,1.644925582,93.64630677,-24.30327423,67.91270795,25.68318973,13.33466021,5.042894304
1.6462578,18.42789167,-6.445586967,1.645337586,93.85226212,-24.31654645,67.94988075,25.85197229,13.34195909,5.076034759
1.647288333,18.465802,-6.4332255,1.645862206,94.04533741,-24.26991172,67.81926631,26.17566202,13.31631294,5.139591237
1.648329067,18.51580767,-6.448572933,1.646235613,94.30001358,-24.32781127,67.98143124,26.26817326,13.34815402,5.15775582
1.649398133,18.549005,-6.422836967,1.646861662,94.46908582,-24.23072006,67.70949839,26.70917834,13.29476001,5.244347168
1.650313067,18.59874533,-6.455318933,1.64711281,94.72241066,-24.35326115,68.05271121,26.61929037,13.36214985,5.226697664
1.651335133,18.63899767,-6.4268451,1.647597709,94.92741363,-24.2458411,67.75184936,27.12515519,13.30307562,5.326024222
1.652309333,18.70275833,-6.5093638,1.647721023,95.25214328,-24.55715019,68.62376319,26.57797102,13.4742759,5.218584609
1.653339633,18.73976833,-6.496526433,1.648257425,95.44063322,-24.50872009,68.48812027,26.90210388,13.44764241,5.282228096
1.654327267,18.78984,-6.524191533,1.648576852,95.69564553,-24.61308912,68.78043683,26.86479962,13.50503877,5.274903405
1.655349767,18.823302,-6.493737367,1.649152801,95.8660657,-24.49819809,68.45865027,27.35700635,13.44185598,5.371548197
1.656309467,18.864638,-6.4957889,1.649560873,96.07658773,-24.50593768,68.4803273,27.54585135,13.44611227,5.408627912
1.657353767,18.91088733,-6.531692833,1.649987975,96.3121331,-24.64138844,68.8596975,27.40202652,13.5206016,5.380387907
1.6583436,18.95560767,-6.5233617,1.650381016,96.53989135,-24.6099585,68.7716686,27.71781367,13.50331713,5.442392714
1.659305533,19.00023533,-6.5310389,1.650747393,96.76717766,-24.63892142,68.85278787,27.86398071,13.5192449,5.471092612
1.660334633,19.037004,-6.510776833,1.651285815,96.9544385,-24.56248098,68.63869366,28.26533576,13.4772075,5.549898677
1.661302633,19.081537,-6.514292233,1.651659522,97.18124268,-24.57574314,68.67583828,28.45499532,13.48450085,5.587138331
1.662300367,19.123078,-6.503755767,1.652102891,97.39280876,-24.53599339,68.56450726,28.77789242,13.462641,5.650539176
1.6633351,19.18136033,-6.576752033,1.652359846,97.68963755,-24.81137825,69.3358046,28.30342387,13.61408523,5.557377277
1.664277933,19.217886,-6.5564769,1.652815245,97.87566081,-24.73488852,69.12157233,28.7036794,13.57202073,5.635967451
1.665296033,19.25089067,-6.531154,1.653392897,98.0437518,-24.63935564,68.85400405,29.13933868,13.51948369,5.721509149
1.666389833,19.29355633,-6.545118033,1.653917324,98.26104575,-24.69203619,69.00155162,29.20908505,13.54845466,5.73520385
1.667311833,19.376433,-6.6403176,1.653733335,98.68313216,-25.05118497,70.00745474,28.62526834,13.74596374,5.620571439
1.6683607,19.413471,-6.6130282,1.65428793,98.87176471,-24.9482333,69.71910792,29.10224771,13.68934684,5.714226338
1.6693252,19.466602,-6.648945033,1.654543396,99.14235803,-25.08373272,70.09861442,28.99333453,13.76386294,5.692841235
1.670227667,19.517751,-6.679257867,1.65476328,99.40285714,-25.19809057,70.41890762,28.93354044,13.82675251,5.681100666
1.671326833,19.56090533,-6.6847226,1.655286552,99.62263984,-25.21870676,70.4766494,29.09558136,13.83809011,5.712917401
1.672318333,19.60215467,-6.692409667,1.655727579,99.83272048,-25.2477069,70.55787293,29.22443848,13.85403835,5.738218495
1.673328067,19.645081,-6.6819741,1.656164461,100.051342,-25.2083378,70.44760804,29.55332487,13.83238784,5.802795338
1.674333033,19.685508,-6.689607967,1.656629929,100.2572345,-25.23713723,70.52826944,29.67855601,13.84822571,5.827384472
1.675334867,19.73222133,-6.708889,1.657008373,100.495143,-25.30987664,70.7319978,29.71273614,13.88822777,5.834095742
1.6762978,19.77850733,-6.7117456,1.65735362,100.7308751,-25.32065341,70.76218137,29.91828468,13.89415431,5.874455198
1.6773108,19.82588567,-6.719902333,1.657734356,100.9721704,-25.35142541,70.84836752,30.07339385,13.91107696,5.904910882
1.678316967,19.86453967,-6.721144533,1.658224685,101.1690332,-25.35611172,70.86149292,30.25713119,13.91365414,5.940987709
1.6793453,19.89926767,-6.713347133,1.658789573,101.345901,-25.32669534,70.77910359,30.51638836,13.89747699,5.991892855
1.680266233,19.95004533,-6.730256567,1.659032878,101.604509,-25.39048767,70.95777301,30.59632686,13.93255873,6.00758878
1.681337833,19.99619467,-6.744280467,1.659488616,101.839545,-25.44339407,71.10595315,30.6831828,13.9616539,6.024642943
1.682249133,20.038321,-6.744202467,1.65983774,102.0540922,-25.44309981,71.10512898,30.89855412,13.96149208,6.066931102
1.683298533,20.09088267,-6.7702983,1.660185704,102.3217859,-25.54154865,71.38086427,30.89051257,14.0156327,6.065352144
1.6843456,20.14242867,-6.7964722,1.660544889,102.5843069,-25.640292,71.65742444,30.87647342,14.06993529,6.062595556
1.685314233,20.194929,-6.8189362,1.660812906,102.8516883,-25.72503942,71.89478484,30.90649439,14.116541,6.068490174
1.686293433,20.233129,-6.812710767,1.661282327,103.0462389,-25.70155343,71.82900531,31.16682447,14.10362519,6.119605984
1.687273767,20.26193433,-6.7688176,1.661878253,103.1929429,-25.53596258,71.36521882,31.77731498,14.01256071,6.239475796
1.6882802,20.322422,-6.821017933,1.662077478,103.5010033,-25.73289295,71.91678097,31.53381326,14.12085994,6.191664233
1.689300167,20.35299567,-6.801433867,1.662689439,103.6567134,-25.65901032,71.70985068,31.89645359,14.08022918,6.262868662
1.6903494,20.39981567,-6.8150093,1.66311386,103.8951651,-25.71022485,71.85329221,31.99146381,14.10839392,6.281523919
1.6913032,20.44944433,-6.832355333,1.663405365,104.1479212,-25.77566429,72.03657486,32.06093729,14.14438147,6.295165037
1.692331733,20.480758,-6.8037532,1.664016018,104.3074001,-25.66776021,71.73435736,32.52263362,14.08504107,6.38581911
1.6933607,20.52881867,-6.815023433,1.664403615,104.5521704,-25.71027817,71.85344154,32.64831982,14.10842325,6.410497597
1.694307067,20.57327867,-6.828799567,1.664756663,104.7786028,-25.76224985,71.99900371,32.72919004,14.13700438,6.426376465
1.695298,20.616305,-6.830696233,1.66517341,104.9977336,-25.76940519,72.01904438,32.92828018,14.14093936,6.465467813
1.696325033,20.66109,-6.846114133,1.665602787,105.2258212,-25.82757058,72.18195388,32.99345828,14.17292664,6.478265533
1.697254,20.698527,-6.819096733,1.666032157,105.4164859,-25.72564505,71.89648108,33.46959571,14.11687406,6.571755117
1.6982871,20.73757,-6.833914467,1.666544228,105.6153298,-25.78154626,72.05304906,33.51187163,14.14761618,6.580055994
1.699335933,20.784497,-6.8393467,1.666966821,105.8543265,-25.80203984,72.11044744,33.69346994,14.15888635,6.615712823
1.700215467,20.827329,-6.842994233,1.667274761,106.0724675,-25.81580048,72.14898821,33.87307024,14.16645384,6.650977341
1.701303333,20.867181,-6.841308933,1.667830803,106.2754316,-25.80944254,72.1311809,34.09384165,14.16295737,6.694325807
1.7023483,20.907485,-6.841016433,1.668337913,106.4806977,-25.80833906,72.12809027,34.30219838,14.16235052,6.735236653
1.703269533,20.94713667,-6.8264513,1.668729995,106.6826415,-25.7533908,71.97419132,34.65804114,14.13213247,6.805106378
1.704303733,20.991617,-6.836459,1.669170604,106.9091775,-25.79114574,72.07993526,34.77883315,14.15289529,6.82882389
1.705245367,21.033834,-6.8421046,1.669548852,107.1241864,-25.81244426,72.13958812,34.9341892,14.16460813,6.85932805
1.706246967,21.08804833,-6.870523933,1.669826962,107.4002971,-25.91965871,72.43987411,34.9100139,14.22356928,6.854581229
1.7073224,21.13534533,-6.874135667,1.670271217,107.6411782,-25.93328429,72.47803661,35.11273247,14.23106249,6.894385021
1.7082898,21.17715533,-6.873409767,1.670680662,107.8541143,-25.93054577,72.47036657,35.3333386,14.22955648,6.937701035
1.709317,21.20925767,-6.8645277,1.671279456,108.0176097,-25.89703739,72.37651637,35.59068427,14.21112899,6.988230856
1.710304367,21.25546233,-6.8810115,1.671650222,108.2529276,-25.95922398,72.55068844,35.65183008,14.24532768,7.000236836
1.7112988,21.30255967,-6.894795433,1.672016141,108.4927918,-26.01122509,72.69633303,35.74604968,14.27392499,7.018736854
1.712286867,21.32999367,-6.859958167,1.672638101,108.6325117,-25.87979842,72.3282335,36.25386909,14.20164865,7.118447196
1.713279967,21.376977,-6.880473767,1.673004209,108.8717953,-25.95719533,72.54500661,36.27637957,14.24421205,7.122867129
1.714319967,21.41903833,-6.8722919,1.6734829,109.0860114,-25.92632852,72.4585549,36.57704739,14.22723725,7.181903256
1.715323,21.46311067,-6.8594246,1.673897788,109.3104694,-25.87778549,72.3225957,36.93746462,14.20054167,7.252671179
1.7162912,21.50709133,-6.884269533,1.674279066,109.5344606,-25.9715152,72.58511366,36.89893783,14.25208707,7.245106444
1.717332633,21.547229,-6.883208733,1.674784862,109.7388796,-25.96751324,72.57390497,37.1145655,14.24988624,7.287444936
1.718285133,21.58927467,-6.886242067,1.675176263,109.9530159,-25.97895675,72.60595595,37.29665084,14.25617945,7.323197393
1.719314133,21.64523633,-6.925228767,1.675458454,110.2380256,-26.12603752,73.01789946,37.1697171,14.33706456,7.298273952
1.7202927,21.68265,-6.907064767,1.675937736,110.4285714,-26.05751223,72.82597396,37.55218839,14.29937999,7.37337219
1.721302233,21.72836433,-6.923774233,1.676337211,110.6613921,-26.12055017,73.00253049,37.60845251,14.33404686,7.38441965
1.7222619,21.760349,-6.885334967,1.676870043,110.8242883,-25.97553464,72.5963713,38.17750788,14.2542975,7.496153672
1.7232871,21.80960033,-6.9067944,1.677237984,111.0751227,-26.05649225,72.8231172,38.20159638,14.29881906,7.500883449
1.724256033,21.85905667,-6.929276,1.677546922,111.3270011,-26.14130607,73.06066357,38.21592846,14.34546129,7.503697552
1.725255833,21.93188933,-6.989237633,1.67757477,111.697934,-26.36751663,73.69423362,37.95329126,14.46986277,7.452128739
1.726293067,21.98105733,-6.992094967,1.677955857,111.9483439,-26.37829617,73.72442494,38.17350993,14.47579084,7.495368674
1.727287933,22.08687333,-7.142130567,1.677538609,112.4872591,-26.94431873,75.3097397,37.12711036,14.78706739,7.28990812
1.7282774,22.11671167,-7.128505367,1.678129883,112.6392242,-26.89291646,75.16577233,37.42304276,14.7587994,7.348014446
1.7293369,22.149076,-7.103366233,1.678757481,112.804054,-26.79807686,74.90014578,37.85349912,14.70664362,7.432534553
1.7302752,22.196607,-7.1309862,1.67906148,113.0461268,-26.90227563,75.19198546,37.80373228,14.76394634,7.422762833
1.731343567,22.239627,-7.108952367,1.679555744,113.2652254,-26.81915104,74.9591703,38.25564598,14.71823309,7.511496088
1.732318133,22.284864,-7.1297005,1.679926623,113.495615,-26.89742521,75.17840042,38.26680547,14.76127892,7.513687255
1.733240833,22.321664,-7.122158067,1.680358227,113.6830354,-26.86897071,75.09870513,38.53392119,14.74563075,7.566135425
1.734313767,22.364995,-7.133942433,1.680852908,113.9037179,-26.91342828,75.22322178,38.63008699,14.7700796,7.585017581
1.7353047,22.40412667,-7.117631433,1.68132163,114.1030133,-26.85189359,75.05087556,39.00172869,14.73623942,7.657989428
1.736289167,22.43895067,-7.113664633,1.68184137,114.2803701,-26.83692848,75.00896133,39.22099968,14.72800956,7.701043288
1.737339233,22.48276567,-7.107180567,1.682306726,114.5035175,-26.81246677,74.94044901,39.51265944,14.71455716,7.758310681
1.738276767,22.52971567,-7.121871,1.682617711,114.7426314,-26.86788773,75.09567191,39.59655037,14.74503518,7.774782665
1.7392847,22.57895267,-7.1456388,1.682968577,114.9933928,-26.95755385,75.3468086,39.59617507,14.79434587,7.774708975
1.740306533,22.61739767,-7.1307349,1.683477361,115.1891911,-26.90132757,75.18933016,39.94945183,14.76342498,7.844074868
1.7413252,22.657236,-7.131382467,1.683964386,115.3920856,-26.90377058,75.19617251,40.14550397,14.76476847,7.882569704
1.7422878,22.70570433,-7.141120133,1.684280176,115.6389322,-26.94050678,75.29906321,40.28945989,14.78497106,7.91083545
1.743287233,22.75000633,-7.136433133,1.684688399,115.8645599,-26.92282466,75.24953916,40.56461165,14.77524701,7.964861497
1.744296233,22.79518833,-7.155705467,1.685094445,116.0946694,-26.99553124,75.45317559,40.59108471,14.81523103,7.970059483
1.7453221,22.83182267,-7.155384867,1.685631427,116.2812461,-26.99432175,75.44978805,40.78104895,14.81456588,8.00735896
1.7462968,22.86965767,-7.139620333,1.686101218,116.4739377,-26.93484866,75.28321593,41.14031268,14.78185945,8.077900395
1.747379267,22.90713767,-7.1308899,1.686683515,116.6648213,-26.90191233,75.19096793,41.42344432,14.76374655,8.133493291
1.748277867,22.952838,-7.155021033,1.686972244,116.8975707,-26.99294916,75.44594369,41.40121789,14.81381104,8.129129133
1.749329,22.993075,-7.1423753,1.687486414,117.1024955,-26.94524201,75.31232562,41.73976084,14.78757514,8.195602042
1.750309533,23.02713833,-7.117534467,1.688012372,117.2759783,-26.85152777,75.04985098,42.17571821,14.73603824,8.28120227
1.751291033,23.08250767,-7.146381367,1.688254969,117.5579713,-26.96035525,75.35465475,42.15290748,14.79588646,8.276723383
1.752313367,23.12043767,-7.1469992,1.688771126,117.7511468,-26.96268608,75.36118294,42.33955474,14.79716827,8.313371574
1.753323333,23.162653,-7.1316306,1.689217729,117.9661472,-26.90470668,75.19879435,42.71694375,14.76528327,8.387471906
1.754357433,23.228285,-7.187901333,1.68937597,118.3004074,-27.116993,75.79336541,42.45663295,14.8820273,8.33635988
1.755323867,23.27606667,-7.206518633,1.689704757,118.5437569,-27.18722841,75.99008059,42.50326723,14.92065232,8.34551652
1.756371867,23.30924167,-7.162931733,1.690310037,118.7127154,-27.02279297,75.52953019,43.13277612,14.83022325,8.469120592
1.757283867,23.35350267,-7.183814033,1.690631374,118.9381343,-27.1015733,75.75017794,43.13754726,14.87354744,8.470057405
1.758300533,23.40347133,-7.212551733,1.690981208,119.192622,-27.20998881,76.05382788,43.08838506,14.9331691,8.460404407
1.7593364,23.45734133,-7.2380411,1.69129818,119.466979,-27.3061497,76.32315509,43.09341487,14.9860515,8.46139201
1.760258333,23.49611733,-7.230162133,1.691702648,119.6644631,-27.2764256,76.2399039,43.37415014,14.96970513,8.516514381
1.761268433,23.53917433,-7.230493233,1.692138152,119.8837501,-27.2776747,76.24340238,43.58993864,14.97039206,8.558884453
1.762317633,23.581011,-7.224920433,1.692629042,120.096822,-27.25665082,76.18451874,43.86189418,14.95883026,8.612282922
1.763245,23.61501233,-7.1993594,1.69310266,120.269989,-27.16021956,75.91443429,44.3051456,14.90579917,8.699315338
1.7643154,23.651795,-7.1833477,1.693682196,120.4573211,-27.09981401,75.74525054,44.66166149,14.87257994,8.769317233
1.7653071,23.69493,-7.214150767,1.694098259,120.6770053,-27.2160213,76.07072367,44.55587259,14.93648659,8.748545584
1.766253833,23.72858733,-7.2092328,1.694595835,120.8484203,-27.19746784,76.01875917,44.77925209,14.92628336,8.792406147
1.767333133,23.76195267,-7.183358033,1.695229875,121.0183482,-27.09985299,75.74535973,45.22257938,14.87260138,8.879453461
1.7682752,23.79981233,-7.148744267,1.695666704,121.2111654,-26.9692695,75.37962176,45.7811346,14.80078873,8.989125778
1.769288733,23.84964467,-7.187222333,1.696015225,121.4649588,-27.11443141,75.78619092,45.62835884,14.88061859,8.959128257
1.7702952,23.89827967,-7.208840533,1.696372658,121.7126543,-27.19598798,76.01461438,45.64763081,14.92546953,8.96291231
1.771333067,23.95137867,-7.2274008,1.696701918,121.9830846,-27.26600822,76.21072694,45.72194861,14.96397623,8.97750461
1.772363933,23.981296,-7.1890944,1.697333538,122.135452,-27.12149394,75.80597166,46.27907126,14.88450253,9.086895643
1.773321167,24.02053633,-7.1867493,1.697767109,122.3353009,-27.11264685,75.78119273,46.5036991,14.87963719,9.131001319
1.7742904,24.09550333,-7.273942,1.697735908,122.7171038,-27.44158901,76.70249324,45.9642015,15.06053455,9.025070964
1.775294067,24.12145933,-7.232797,1.698393192,122.8492963,-27.28636587,76.26774458,46.53114267,14.97517165,9.136389863
1.776339167,24.15578067,-7.226961633,1.698980274,123.024093,-27.26435143,76.20608659,46.76759736,14.9630651,9.182817742
1.777320833,24.204696,-7.2874341,1.699309165,123.2732162,-27.49248915,76.84505424,46.37775288,15.0885264,9.106271778
1.778231767,24.240106,-7.2775178,1.699747552,123.4535574,-27.45507904,76.74027606,46.66287229,15.0679532,9.162254973
1.779238667,24.26541133,-7.321950567,1.700416752,123.5824361,-27.62270557,77.20976411,46.32226294,15.16013718,9.095376328
1.780317933,24.30548333,-7.3225379,1.700961258,123.7865207,-27.62492134,77.21597002,46.52014157,15.16135571,9.134229797
1.7813263,24.35040633,-7.347328833,1.701370127,124.0153111,-27.71844733,77.4779174,46.48698461,15.21278908,9.127719428
1.782327033,24.39854467,-7.3739955,1.701728455,124.260477,-27.81904968,77.75968427,46.45038369,15.26811401,9.120532838
1.7833126,24.439802,-7.3584075,1.702163442,124.4705984,-27.76024258,77.59497745,46.82521189,15.23577382,9.194130355
1.784297933,24.48817933,-7.3824981,1.70250318,124.7169816,-27.85112649,77.84952493,46.81704757,15.28575422,9.192527291
1.7852754,24.53239033,-7.375206967,1.702890651,124.9421458,-27.82362005,77.77248494,47.11925181,15.27062742,9.251865093
1.786292067,24.583504,-7.426909633,1.703225206,125.202465,-28.01867293,78.31878862,46.83326729,15.37789415,9.195712032
1.787281033,24.623854,-7.418128,1.703675702,125.4079654,-27.98554344,78.22599962,47.13155667,15.35967503,9.254281152
1.788285533,24.654558,-7.3894847,1.704270457,125.5643392,-27.87748406,77.92334714,47.59058297,15.30024921,9.344410966
1.7893196,24.68967033,-7.375163533,1.704835949,125.7431644,-27.82345619,77.77202601,47.92072933,15.27053731,9.409235204
1.790295733,24.732413,-7.3932648,1.705241682,125.9608505,-27.89174482,77.96328865,47.94715279,15.30809173,9.414423451
1.791256133,24.75993167,-7.335344633,1.705834845,126.1010016,-27.67323587,77.35128926,48.69930327,15.18792565,9.562108197
1.792304767,24.812878,-7.382796767,1.70617691,126.3706544,-27.85225324,77.85268072,48.46756465,15.28637386,9.516606319
1.793302433,24.85648633,-7.3782773,1.706592623,126.5927493,-27.83520315,77.80492687,48.73741339,15.27699739,9.56959112
1.794296833,24.88934433,-7.356205767,1.707148533,126.7600934,-27.75193634,77.57171337,49.13797092,15.23120592,9.648240591
1.795307233,24.92527067,-7.345110233,1.707679496,126.9430643,-27.71007746,77.45447511,49.43818007,15.20818619,9.707186657
1.796266,24.96572567,-7.355155633,1.708098391,127.1490994,-27.74797462,77.56061739,49.53807293,15.22902722,9.72680062
1.797328367,24.996857,-7.318723033,1.70874531,127.3076496,-27.61052942,77.17566116,50.08157937,15.15344107,9.833518109
1.798321467,25.043244,-7.3185148,1.709119375,127.5438961,-27.60974384,77.17346091,50.32002611,15.15300905,9.880337127
1.799266367,25.09100533,-7.3398237,1.7094269,127.787142,-27.69013355,77.39861623,50.3381167,15.1972183,9.883889213
1.800323,25.13041067,-7.3293541,1.70995767,127.9878313,-27.65063606,77.28799175,50.64943043,15.17549718,9.945015665
1.801278833,25.169463,-7.320743533,1.71039235,128.1867227,-27.61815193,77.19701028,50.93930333,15.15763297,10.00193221
1.802293167,25.20532167,-7.305064167,1.710928149,128.369349,-27.55900014,77.03133806,51.28760181,15.12510323,10.07032062
1.803288133,25.27272967,-7.3589433,1.711023556,128.7126543,-27.76226393,77.60063885,51.06160635,15.23688544,10.02594641
1.8042755,25.350247,-7.4293208,1.710976454,129.1074459,-28.02776927,78.34426563,50.71277118,15.38289656,9.957452621
1.805299933,25.38939467,-7.4413104,1.711478462,129.3068229,-28.07300109,78.47095083,50.78546294,15.40777119,9.971725649
1.8063685,25.42418233,-7.434942567,1.712082787,129.4839946,-28.04897788,78.40366666,51.02991883,15.39455995,10.01972456
1.807291533,25.47921833,-7.4766582,1.712271365,129.76429,-28.20635379,78.84444478,50.8694361,15.48110673,9.988213778
1.808272933,25.50383233,-7.436290733,1.712924291,129.8896477,-28.05406396,78.41791174,51.42132692,15.39735697,10.09657754
1.809274567,25.557728,-7.466197167,1.713206687,130.1641355,-28.16688862,78.73391081,51.37981558,15.45940339,10.08842679
1.810307133,25.59510433,-7.434339233,1.713740466,130.3544911,-28.04670175,78.39729169,51.90679036,15.39330822,10.19189829
1.811320833,25.64780667,-7.449481467,1.714050853,130.6229013,-28.10382717,78.55728842,52.01520378,15.42472358,10.21318526
1.8122983,25.68209067,-7.4478108,1.7145708,130.7975079,-28.09752443,78.53963573,52.20746305,15.42125747,10.25093537
1.813290467,25.71732267,-7.4116559,1.715092796,130.9769425,-27.96112687,78.15761375,52.76891971,15.34624746,10.36117738
1.814305833,25.76079433,-7.422657467,1.715528033,131.1983414,-28.00263125,78.27385913,52.87407319,15.36907224,10.38182427
1.815299633,25.80606,-7.431254067,1.715917763,131.428877,-28.03506269,78.36469302,53.01377491,15.38690747,10.4092547
1.816303933,25.823375,-7.368163567,1.716690994,131.5170614,-27.7970482,77.69806256,53.76858973,15.25601458,10.55746259
1.817335767,25.87197433,-7.3930583,1.717074269,131.7645752,-27.89096578,77.96110672,53.75305937,15.3076633,10.55441321
1.8183291,25.904335,-7.369084033,1.717635749,131.9293863,-27.80052074,77.70778845,54.17118877,15.25792426,10.63651292
1.819320933,25.979146,-7.4622399,1.71762923,132.3103947,-28.15195948,78.69209731,53.56788831,15.45119331,10.51805487
1.820287867,26.02592,-7.441357767,1.717971964,132.5486122,-28.07317979,78.47145132,54.02675178,15.40786947,10.60815271
1.8213091,26.08731767,-7.459849167,1.718173846,132.8613072,-28.14294023,78.66683621,54.1440619,15.44623329,10.63118655
1.822355267,26.13538767,-7.436992,1.718578518,133.1061251,-28.05670955,78.4253215,54.63039454,15.39881188,10.72667797
1.823322767,26.18269933,-7.455464367,1.718914644,133.3470809,-28.12639818,78.62050528,54.67616653,15.43713621,10.7356653
1.8243325,26.217587,-7.4207859,1.719458801,133.5247619,-27.9955706,78.25408368,55.22026915,15.36518933,10.84249985
1.825334267,26.27012233,-7.451026267,1.719759484,133.7923215,-28.10965506,78.57361117,55.16830128,15.42792855,10.83229596
1.826238667,26.30810433,-7.4420144,1.720157014,133.9857618,-28.075657,78.47838947,55.45696327,15.40923177,10.88897474
1.827295933,26.34985333,-7.413677833,1.720657141,134.1983872,-27.96875479,78.17897802,55.96900014,15.35044233,10.98951318
1.828280967,26.38612933,-7.372319233,1.721158071,134.383139,-27.81272582,77.7419724,56.59075747,15.26463628,11.11159523
1.8292574,26.43514967,-7.363050433,1.721480328,134.6327969,-27.77775845,77.64403588,56.93835192,15.24540644,11.1798454
1.830313367,26.49524367,-7.381235133,1.72173434,134.9388524,-27.84636184,77.8361801,57.05226321,15.28313396,11.20221188
1.831249667,26.554395,-7.3861718,1.721881265,135.240107,-27.86498585,77.88834219,57.30135568,15.29337599,11.25112119
1.8322872,26.63968633,-7.3884799,1.721780586,135.6744911,-27.87369336,77.91273017,57.71135188,15.29816457,11.33162394
1.833315367,26.703198,-7.3522212,1.721961189,135.9979526,-27.73690421,77.52961141,58.41793215,15.2229392,11.47036098
1.8343248,26.779595,-7.3932565,1.721951105,136.3870385,-27.89171351,77.96320095,58.37342842,15.30807451,11.46162267
1.835277667,26.82313333,-7.3747139,1.722322952,136.6087768,-27.82175991,77.76727507,58.7910927,15.26960446,11.54363105
1.8363247,26.87635667,-7.392030733,1.72265972,136.8798404,-27.8870892,77.95024919,58.87918216,15.30553143,11.56092742
1.8372947,26.90454233,-7.353102033,1.723253583,137.0233885,-27.74022724,77.53891852,59.43406091,15.22476665,11.66987786
1.838257667,26.95083233,-7.356914667,1.723598809,137.259141,-27.75461073,77.57920379,59.62952812,15.23267666,11.70825785
1.839291,27.01024067,-7.366560433,1.723839338,137.5617044,-27.79100024,77.68112344,59.83017192,15.25268859,11.74765426
1.840304267,27.07004733,-7.399119367,1.724054485,137.8662966,-27.91383169,78.02514951,59.79073799,15.32023811,11.7399114
1.841338267,27.15355867,-7.480309333,1.723974026,138.2916153,-28.22012802,78.88302359,59.35818264,15.48868168,11.65497916
1.842317133,27.18707933,-7.4541143,1.72450556,138.4623343,-28.12130494,78.60624013,59.80568506,15.43433525,11.74284626
1.8432693,27.22698533,-7.462053767,1.724925181,138.6655734,-28.15125728,78.69013058,59.92503372,15.45080714,11.76628037
1.844261467,27.290916,-7.5176835,1.725064193,138.9911688,-28.36112536,79.27792866,59.66283109,15.56622129,11.71479689
1.845285733,27.35552567,-7.527282733,1.725226243,139.3202224,-28.39733932,79.37935663,59.89045668,15.58613667,11.75949117
1.846314167,27.40365267,-7.541222867,1.725612422,139.5653306,-28.4499297,79.52665167,59.98826987,15.61505805,11.77869679
1.8473138,27.434185,-7.5218304,1.726204601,139.7208302,-28.37676991,79.32174587,60.3486752,15.5748248,11.84946238
1.848314067,27.47353533,-7.485748467,1.726679738,139.9212393,-28.24064763,78.94049488,60.93033533,15.49996617,11.96367134
1.849287,27.52423833,-7.513471433,1.726976039,140.1794669,-28.34523497,79.23342288,60.89563498,15.55748258,11.95685793
1.8502844,27.573897,-7.524058167,1.727310745,140.4323759,-28.38517436,79.34528503,61.03668175,15.57944672,11.98455246
1.851236767,27.608484,-7.4982341,1.727801548,140.6085256,-28.28775078,79.07242129,61.48569522,15.52586992,12.07271626
1.852319333,27.64659767,-7.474712533,1.728375487,140.8026364,-28.19901359,78.82388636,61.928341,15.47707009,12.15962976
1.853260667,27.68850333,-7.497281533,1.72875759,141.0160598,-28.28415714,79.06235623,61.90329445,15.52389365,12.15471187
1.854292233,27.71147033,-7.4392648,1.729482662,141.1330295,-28.06528389,78.44933649,62.63328388,15.40352722,12.29804529
1.8552878,27.76830333,-7.4679505,1.729719792,141.4224769,-28.17350323,78.75243698,62.61963081,15.463041,12.29536451
1.856250067,27.835004,-7.507667533,1.729791938,141.7621798,-28.32333924,79.17209738,62.53967333,15.54544132,12.27966486
1.8573062,27.89146933,-7.5344497,1.730094542,142.0497547,-28.42437733,79.45508464,62.54426097,15.60100587,12.28056564
1.858342267,27.940242,-7.532657167,1.730479737,142.2981513,-28.41761484,79.43614427,62.81159791,15.59728693,12.33305725
1.859303167,27.985284,-7.547949467,1.730839552,142.5275477,-28.4753064,79.59772665,62.87941201,15.62901363,12.34637255
1.860325733,28.022138,-7.521108967,1.731370302,142.7152432,-28.37404824,79.31412302,63.35071109,15.57332806,12.43891212
1.861249633,28.05844833,-7.5294148,1.73180964,142.9001698,-28.40538273,79.40188459,63.44787609,15.59056004,12.45799047
1.8622866,28.09518933,-7.486348167,1.732356298,143.0872897,-28.24291005,78.94683146,64.09004916,15.50121036,12.58408115
1.863311367,28.12893467,-7.466781167,1.732930734,143.2591529,-28.16909181,78.7400815,64.46866229,15.460615,12.65842184
1.864285433,28.164337,-7.443561067,1.733432356,143.4394551,-28.08149193,78.49473195,64.89431403,15.41244062,12.74199856
1.865295633,28.20258367,-7.438165333,1.733932154,143.6342433,-28.06113605,78.43771924,65.14611495,15.40124617,12.79143967
1.866258333,28.25518267,-7.454453933,1.734192921,143.9021272,-28.12258624,78.60982878,65.24188929,15.43503988,12.81024496
1.867284133,28.319178,-7.5015502,1.734364703,144.2280519,-28.30026106,79.10746006,65.07018281,15.53274978,12.77653039
1.868272533,28.360268,-7.488715,1.734804757,144.4373211,-28.25183914,78.97184003,65.415072,15.50612079,12.84424939
1.869297367,28.41280967,-7.5097089,1.735128422,144.704913,-28.33104048,79.19366698,65.46083693,15.54967651,12.85323533
1.870289567,28.45629167,-7.500782633,1.735540354,144.9263645,-28.29736535,79.09934975,65.77660565,15.53115732,12.91523652
1.871237367,28.483688,-7.4608714,1.73612255,145.0658925,-28.1467967,78.67763739,66.33784607,15.4483541,13.02543608
1.872334333,28.52675367,-7.441380367,1.736644806,145.2852237,-28.07326505,78.47169011,66.76312447,15.40791635,13.10893949
1.873254867,28.592762,-7.5035356,1.736684458,145.6214006,-28.30775116,79.12843831,66.44255318,15.53686886,13.04599532
1.874241167,28.644082,-7.516660233,1.736985892,145.8827706,-28.357265,79.26711656,66.56524492,15.56409834,13.07008584
1.875311533,28.677332,-7.501865833,1.737612538,146.052111,-28.30145182,79.11079512,66.89090683,15.53340462,13.13402956
1.876270433,28.73044233,-7.5285082,1.73786268,146.3225991,-28.4019625,79.39230522,66.8798848,15.58867913,13.13186538
1.877294933,28.79079433,-7.5260256,1.738081783,146.6299686,-28.39259667,79.36607343,67.21348608,15.58352852,13.19736799
1.878263933,28.840676,-7.551357267,1.738385112,146.8840132,-28.48816262,79.63373434,67.19986982,15.63608374,13.19469444
1.879223067,28.88545633,-7.535784567,1.738746652,147.1120771,-28.42941324,79.46918919,67.59247881,15.6037753,13.27178321
1.8802733,28.92478033,-7.5205825,1.739272106,147.3123521,-28.3720621,79.30856024,67.95338277,15.5722358,13.34264671
1.8812748,28.96221867,-7.5082461,1.739773992,147.5030235,-28.32552194,79.17821066,68.27440377,15.54664166,13.40567918
1.882302933,29.00273967,-7.475977767,1.740261372,147.7093948,-28.2037868,78.83725515,68.82173056,15.47969505,13.5131468
1.883314733,29.04047233,-7.4481446,1.74076963,147.9015652,-28.09878372,78.54316274,69.30799341,15.42195,13.60862451
1.8842438,29.08631267,-7.4797824,1.741086957,148.1350276,-28.21814011,78.87745588,69.20716263,15.48758846,13.58882638
1.885334367,29.13242733,-7.4712623,1.741562124,148.3698871,-28.18599728,78.78743031,69.53204772,15.46991194,13.65261757
1.886309133,29.19611533,-7.5060695,1.741686974,148.6942467,-28.31731052,79.15521215,69.48862544,15.5421259,13.64409161
1.887311167,29.25400133,-7.510570833,1.741916519,148.989057,-28.3342922,79.20277439,69.73587349,15.55146475,13.69263876
1.888291,29.29314167,-7.464743767,1.742374024,149.1883966,-28.16140554,78.71855381,70.41943368,15.45638804,13.8268558
1.889241533,29.353367,-7.523328767,1.742520851,149.495121,-28.38242263,79.337578,70.10713388,15.57793344,13.76553574
1.890261933,29.37665367,-7.4705197,1.74323049,149.6137187,-28.18319576,78.77958381,70.78372581,15.46837128,13.89838456
1.891217733,29.41637867,-7.4454492,1.74365616,149.816036,-28.08861508,78.51468245,71.25094446,15.4163579,13.99012294
1.892221367,29.471733,-7.457553367,1.74392109,150.0979526,-28.13427912,78.64257819,71.40496536,15.44147023,14.02036495
1.8933054,29.542062,-7.5225781,1.744066583,150.4561345,-28.37959067,79.32964626,71.07607911,15.57637604,13.95578813
1.8942542,29.567072,-7.497750467,1.744681624,150.583509,-28.28592623,79.0673111,71.46578886,15.52486653,14.03230764
1.895253933,29.615961,-7.476719867,1.745028934,150.8324981,-28.20658644,78.84509637,71.93699265,15.48123467,14.12482851
1.896231733,29.65616467,-7.4492097,1.745470216,151.0372532,-28.1028019,78.55441686,72.43242726,15.42415975,14.22210709
1.8972304,29.702324,-7.464781133,1.745852886,151.2723402,-28.16154651,78.71894864,72.50298249,15.45646556,14.23596061
1.898222467,29.75534033,-7.487216967,1.74613745,151.5423495,-28.24618767,78.95601143,72.53592904,15.50301284,14.24242967
1.899248033,29.79732133,-7.476489233,1.74660278,151.7561565,-28.20571635,78.84265943,72.86308801,15.48075618,14.30666733
1.900263333,29.84561233,-7.461023467,1.746973637,152.0021,-28.14737038,78.67924416,73.27244675,15.44866959,14.38704492
1.901244433,29.919841,-7.5572246,1.746964155,152.3801426,-28.51029766,79.6957301,72.63400343,15.6482566,14.26168657
1.902252267,29.96385967,-7.5138868,1.747384559,152.6043273,-28.34680198,79.23781175,73.31610648,15.55834434,14.39561751
1.903225067,30.04421933,-7.595323733,1.74728496,153.0135948,-28.65403,80.09829535,72.86489035,15.72730029,14.30702122
1.904267267,30.07843033,-7.5635862,1.747870614,153.1878296,-28.53429736,79.7629484,73.37447208,15.66145492,14.40707759
1.905269133,30.11820133,-7.551698833,1.748341737,153.3903811,-28.48945121,79.63734343,73.70262862,15.63679238,14.47151113
1.906275967,30.17523533,-7.571620933,1.748587451,153.6808522,-28.5646091,79.84784546,73.78259768,15.67812446,14.48721305
1.9072956,30.22249867,-7.577941733,1.748976355,153.9215618,-28.58845487,79.91463266,73.9565201,15.69123812,14.52136272
1.908237333,30.277443,-7.592646767,1.749184856,154.2013904,-28.64393091,80.07000983,74.08097147,15.72174643,14.54579875
1.909211267,30.32357033,-7.583605933,1.749543221,154.4363144,-28.60982357,79.97448206,74.41142327,15.70298955,14.61068296
1.9102847,30.366253,-7.5771767,1.750047054,154.6536949,-28.58556872,79.90654912,74.69673673,15.68965092,14.66670426
1.911209667,30.40992333,-7.583865967,1.75038924,154.8761056,-28.61080457,79.97722964,74.84846688,15.70352904,14.69649647
1.9122595,30.44868133,-7.557152267,1.750921848,155.073498,-28.51002477,79.69496581,75.32812312,15.64810654,14.79067697
1.913309,30.48233433,-7.5510082,1.751522248,155.2448909,-28.48684574,79.63004602,75.56443583,15.63535954,14.83707698
1.914198033,30.506434,-7.479926567,1.752089672,155.3676292,-28.218684,78.87897918,76.43824097,15.48788756,15.00864861
1.915288833,30.55003433,-7.513679833,1.752598625,155.5896834,-28.34602118,79.23562489,76.30364942,15.55791495,14.98222156
1.916202267,30.600507,-7.517487667,1.752838501,155.846738,-28.36038656,79.27585943,76.52046946,15.565815,15.02479418
1.9172766,30.65909867,-7.55316,1.753130928,156.1451422,-28.49496359,79.65278249,76.44195061,15.63982384,15.009377
1.91823,30.69959833,-7.487110133,1.75354386,156.3514048,-28.24578464,78.9548826,77.34611313,15.5027912,15.18690931
1.919256233,30.75655433,-7.550429033,1.753810016,156.6414787,-28.48466078,79.62392639,76.96714318,15.63415795,15.11249856
1.920258833,30.78858,-7.531792,1.754385233,156.8045837,-28.41435093,79.4270027,77.32717187,15.59549198,15.1831902
1.921272033,30.82262867,-7.5154257,1.754944054,156.9779917,-28.35260761,79.25407216,77.67351044,15.56153707,15.25119377
1.922216,30.869028,-7.5023937,1.755268821,157.214301,-28.30344324,79.1163727,78.04751922,15.53449978,15.3246304
1.9232417,30.927641,-7.569959633,1.755512331,157.5128139,-28.5583417,79.83029174,77.63211304,15.67467778,15.24306539
1.924292867,30.953898,-7.524462067,1.756213098,157.6465393,-28.3866981,79.34955274,78.24657753,15.58028468,15.3637155
1.925246633,31.003524,-7.522561067,1.756504606,157.8992819,-28.37952641,79.32946628,78.51940653,15.5763407,15.41728547
1.9262415,31.05217,-7.542761333,1.756850291,158.1470334,-28.45573371,79.5429075,78.55371678,15.61824989,15.42402229
1.9272097,31.09423333,-7.542534667,1.757257156,158.3612597,-28.45487859,79.54051248,78.77033809,15.61777963,15.46655588
1.928265433,31.13024067,-7.530417733,1.757832372,158.5446431,-28.40916638,79.41248185,79.08175214,15.59264081,15.52770203
1.9292715,31.16708067,-7.504347667,1.758346809,158.7322672,-28.31081475,79.13701881,79.54483932,15.53855364,15.6186292
1.9302663,31.195774,-7.490418133,1.758958696,158.8784008,-28.25826436,78.98983578,79.83815596,15.50965425,15.67622192
1.931271233,31.23200133,-7.500320567,1.759480176,159.0629047,-28.29562216,79.09446744,79.91802816,15.53019868,15.69190483
1.932228933,31.27639533,-7.480896,1.759845438,159.2890009,-28.22234127,78.88922247,80.34936939,15.48989883,15.77659868
1.9332331,31.31988533,-7.480941633,1.76026923,159.5104932,-28.22251342,78.88970464,80.57037945,15.48999351,15.819994
1.934231467,31.40822733,-7.5414103,1.760088673,159.9604142,-28.45063681,79.52863213,80.38137301,15.61544692,15.78288259
1.9352642,31.438528,-7.531750367,1.760717044,160.1147339,-28.41419386,79.42656279,80.63776202,15.5954056,15.83322457
1.9362274,31.476045,-7.508874267,1.761179579,160.305806,-28.32789175,79.18484803,81.07054885,15.54794491,15.91820227
1.937247333,31.52302567,-7.504911267,1.761572556,160.545076,-28.31294098,79.14297395,81.35169294,15.53972294,15.97340491
1.938258133,31.56259233,-7.503259467,1.762055339,160.7465869,-28.30670942,79.12552061,81.57065719,15.53629597,16.01639854
1.939227467,31.610499,-7.552824967,1.762385358,160.990573,-28.49369965,79.64924244,81.29092144,15.63912875,15.96147242
1.940284067,31.667911,-7.5810825,1.762675794,161.2829692,-28.60030369,79.94781881,81.2847413,15.69775422,15.96025895
1.9412012,31.70444133,-7.5529855,1.76310543,161.4690162,-28.49430528,79.65093868,81.76766846,15.63946181,16.0550817
1.9422423,31.731276,-7.525118367,1.763788422,161.6056837,-28.38917405,79.35648737,82.19878728,15.5816463,16.13973188
1.943286267,31.74983933,-7.469756767,1.764584661,161.7002258,-28.18031753,78.77152246,82.87829425,15.46678843,16.27315308
1.944209033,31.80453567,-7.536991733,1.764777505,161.9787913,-28.43396738,79.48194442,82.44643777,15.60627979,16.18835806
1.9452873,31.852974,-7.571743,1.765209362,162.2254851,-28.5650696,79.84913525,82.32594077,15.67837771,16.16469847
1.9463139,31.88228267,-7.529450567,1.765844838,162.3747526,-28.40551766,79.40226251,82.92208097,15.59063424,16.2817506
1.947247733,31.92814267,-7.557213133,1.766166669,162.6083151,-28.5102544,79.69560894,82.86229707,15.64823282,16.27001203
1.9482695,31.95761333,-7.556747133,1.76679515,162.7584076,-28.50849637,79.69068506,83.01731346,15.64726601,16.3004495
1.9492657,31.97267833,-7.508899533,1.767590308,162.8351328,-28.32798707,79.18511501,83.59960876,15.54799733,16.41478318
1.950269667,31.998909,-7.5202052,1.768244226,162.9687242,-28.3706387,79.30457359,83.61374155,15.57145302,16.41755815
1.951276933,32.033959,-7.5099761,1.76878375,163.147232,-28.33204852,79.19649029,83.90033262,15.55023087,16.47383031
1.952307767,32.069526,-7.500322833,1.769339942,163.3283728,-28.29563071,79.09449139,84.18347234,15.53020338,16.52942479
1.953173267,32.09602667,-7.494393667,1.769851791,163.4633393,-28.27326241,79.03184229,84.38108791,15.51790223,16.56822661
1.953939,32.087341,-7.4754742,1.770733434,163.4191036,-28.20188705,78.83193433,84.53676023,15.47865031,16.59879287
1.954669567,32.098434,-7.483720467,1.771315965,163.4755997,-28.23299682,78.91906651,84.50612411,15.49575871,16.59277747
1.9543155,32.078939,-7.4840765,1.771222059,163.3763127,-28.23433999,78.92282845,84.40307518,15.49649737,16.57254381
1.954548867,32.075316,-7.4976015,1.771503775,163.357861,-28.28536424,79.06573708,84.24171481,15.52455748,16.5408607
1.953653367,32.000971,-7.444441467,1.771600409,162.9792259,-28.08481332,78.50403448,84.42478231,15.41426717,16.57680601
1.9526316,31.88696933,-7.4802011,1.772099994,162.3986215,-28.2197197,78.88187997,83.46633246,15.48845713,16.38861438
1.951698667,31.22416267,-7.549155233,1.780012216,159.0229828,-28.47985526,79.61046709,79.3621066,15.63151521,15.58274963
1.950633567,31.06785767,-7.546917467,1.781033006,158.2269298,-28.47141309,79.58682227,78.58969845,15.62687255,15.43108729
1.949696767,31.14228233,-7.548669,1.779103009,158.6059706,-28.4780209,79.60532943,78.95023212,15.63050643,15.50187808
1.9486238,31.24890433,-7.612644167,1.776607172,159.1489907,-28.71937287,80.2813075,78.81727417,15.76323473,15.47577178
1.947626633,31.37527467,-7.6280723,1.773923593,159.7925881,-28.77757687,80.44432513,79.29785386,15.79524324,15.5701336
1.946617467,31.43588967,-7.6096681,1.772105519,160.101297,-28.7081454,80.24986162,79.80102631,15.75706033,15.66893152
1.9456228,31.40980333,-7.630839967,1.771458975,159.9684407,-28.78801813,80.47356901,79.44446262,15.80098528,15.59892024
1.944698367,31.34923867,-7.5760396,1.771342777,159.6599881,-28.58127891,79.89453423,79.71504481,15.6872918,15.65204905
1.9436625,31.21885667,-7.6402378,1.772046858,158.9959596,-28.82347229,80.57286894,78.37268158,15.82048282,15.38847603
1.942633733,31.233594,-7.606382833,1.770821421,159.071016,-28.69575144,80.21514864,78.80545832,15.75024444,15.47345174
1.9416721,31.143451,-7.547373767,1.771062746,158.6119226,-28.47313452,79.59164366,78.96986985,15.62781923,15.50573395
1.9406106,31.03473533,-7.575720267,1.771452057,158.0582395,-28.58007419,79.89116007,78.11667039,15.68662928,15.33820823
1.939693533,30.99108567,-7.5603617,1.771117495,157.8359341,-28.52213264,79.7288775,78.05664755,15.6547651,15.32642275
1.938720667,31.08671,-7.510582433,1.768868522,158.3229437,-28.33433596,79.20289696,79.06963768,15.55148882,15.52532336
1.937659667,30.99679767,-7.4917914,1.769007402,157.865025,-28.26344513,79.00434607,78.8102699,15.51250335,15.47439649
1.9366698,30.93691667,-7.4734615,1.768816647,157.5600543,-28.19429396,78.81066762,78.69897762,15.47447459,15.45254426
1.935679267,30.94938933,-7.5739015,1.767659666,157.6235769,-28.57321274,79.87194252,77.70122535,15.68285591,15.2566356
1.9346318,30.94130233,-7.551678333,1.76672012,157.5823903,-28.48937388,79.63712682,77.89485439,15.63674985,15.29465466
1.9337059,30.740479,-7.533005867,1.768474208,156.5596078,-28.41893035,79.43982873,77.06937004,15.59801037,15.13257081
1.932668,30.91571433,-7.567590567,1.765097792,157.452072,-28.54940418,79.80525957,77.59640333,15.66976272,15.23605379
1.9316728,30.921481,-7.5022222,1.764025636,157.4814413,-28.30279624,79.11456058,78.31647164,15.53414397,15.37743921
1.9306594,30.88192933,-7.500827467,1.763540053,157.2800068,-28.29753449,79.09982347,78.12977424,15.53125034,15.34078117
1.9296619,30.83488467,-7.522443933,1.763170364,157.0404108,-28.37908452,79.32822862,77.66177313,15.57609769,15.24888915
1.9286064,30.77047167,-7.4998547,1.762974456,156.7123589,-28.29386464,79.08954497,77.57240483,15.52923215,15.23134169
1.927678733,30.71470267,-7.484254033,1.762791026,156.4283304,-28.23500975,78.92470431,77.45321697,15.49686569,15.20793915
1.926699867,30.64460867,-7.470208667,1.762747564,156.0713454,-28.18202236,78.77629735,77.24463896,15.46772598,15.16698486
1.925646667,30.575159,-7.544871633,1.76262117,155.717642,-28.463695,79.56520547,76.10202741,15.62262809,14.94263308
1.924647933,30.57380933,-7.539486733,1.761640448,155.7107682,-28.44337999,79.50830723,76.15205187,15.61145613,14.95245539
1.92369,30.58351067,-7.6265394,1.76055305,155.7601766,-28.77179387,80.42812812,75.28163936,15.79206296,14.78154989
1.922645267,30.53468633,-7.5953806,1.760159878,155.5115168,-28.65424454,80.09889622,75.36221156,15.72741827,14.79737024
1.921666433,30.466934,-7.604059367,1.760085199,155.1664579,-28.68698595,80.1905983,74.92545048,15.74542398,14.7116122
1.920644333,30.46011967,-7.6034711,1.759154036,155.1317528,-28.68476667,80.18438252,74.89696122,15.74420351,14.70601834
1.9197012,30.491252,-7.6094777,1.757795442,155.2903081,-28.70742709,80.2478498,74.99204924,15.75666531,14.72468887
1.918685967,30.45754267,-7.586456,1.75723006,155.1186283,-28.6205757,80.00459659,75.06362263,15.70890254,14.7387423
1.917639467,30.42661033,-7.595135667,1.756596352,154.9610916,-28.65332051,80.09630819,74.81437432,15.72691011,14.6898024
1.916698167,30.43275767,-7.6670343,1.755573016,154.9923996,-28.92456445,80.85600765,74.0859829,15.8760771,14.54678274
1.9156601,30.38635467,-7.6446945,1.755154197,154.7560716,-28.84028558,80.61995957,74.08570299,15.82972906,14.54672778
1.914694567,30.34915233,-7.637731067,1.754685129,154.5666022,-28.81401542,80.54638215,73.96981093,15.81528213,14.52397238
1.913663767,30.31136967,-7.5645488,1.754158538,154.3741771,-28.53792885,79.77311948,74.55064851,15.66345201,14.63801983
1.9126484,30.277968,-7.583148467,1.753588917,154.2040642,-28.60809774,79.96964835,74.18400675,15.70204045,14.56602972
1.911677567,30.22700267,-7.597018567,1.753298216,153.9445005,-28.66042391,80.11620339,73.777888,15.73081654,14.48628831
1.9106367,30.17726533,-7.554360567,1.752921094,153.6911909,-28.49949284,79.66546799,73.97531384,15.64231464,14.52505287
1.909694633,30.13558067,-7.5535431,1.752535309,153.4788931,-28.49640887,79.65683042,73.77165363,15.64061865,14.48506419
1.908695767,30.08267,-7.528600233,1.752242536,153.209422,-28.4023097,79.39327767,73.7657352,15.58887007,14.48390211
1.907658567,30.03171067,-7.522324567,1.751885388,152.9498888,-28.3786342,79.32696736,73.57251236,15.57585004,14.4459628
1.906648767,29.98809833,-7.529064033,1.751457594,152.7277735,-28.40405943,79.3981783,73.27918615,15.58983231,14.3883682
1.905639433,29.93496567,-7.497781433,1.751157317,152.4571717,-28.28604306,79.0676383,73.33912434,15.52493078,14.40013706
1.9046206,29.892609,-7.527407333,1.750703733,152.2414515,-28.39780938,79.38067318,72.81036923,15.58639518,14.296316
1.903700767,29.83796333,-7.524112367,1.750513146,151.963144,-28.38537883,79.34585772,72.56687725,15.57955916,14.24850635
1.902665633,29.78512833,-7.5237023,1.750183096,151.6940582,-28.38383182,79.34152485,72.3021243,15.5787084,14.19652211
1.901692767,29.73235767,-7.5069763,1.749914454,151.4253001,-28.3207315,79.16479363,72.21009735,15.54400723,14.17845262
1.900682467,29.69579567,-7.510200333,1.749392073,151.2390918,-28.33289446,79.19885959,71.98982309,15.55069608,14.13520176
1.899666767,29.686052,-7.602311433,1.748506403,151.1894678,-28.68039172,80.17212918,70.96692952,15.74179757,13.93435661
1.898650567,29.672528,-7.6615157,1.747670681,151.1205908,-28.90374505,80.7976967,70.272485,15.86462775,13.79800243
1.8977152,29.62027567,-7.652490467,1.747432621,150.8544725,-28.86969656,80.70233377,70.10172961,15.84590323,13.76447461
1.896701467,29.566906,-7.6189982,1.747131106,150.5826636,-28.74334402,80.34844586,70.18380868,15.77641734,13.78059083
1.895654267,29.54060933,-7.655516767,1.746434835,150.4487361,-28.88111354,80.73431043,69.66401659,15.85218185,13.67852966
1.894706467,29.49288667,-7.644993467,1.746123894,150.2056871,-28.84141346,80.62311853,69.53215951,15.83034932,13.65263952
1.893676633,29.430481,-7.586576433,1.745926864,149.8878584,-28.62103004,80.00586912,69.83158021,15.7091524,13.71143077
1.8926603,29.38886033,-7.587958667,1.745465959,149.6758866,-28.62624464,80.02047416,69.60500336,15.7120201,13.66694241
1.891711733,29.34060633,-7.5883905,1.745161342,149.4301316,-28.62787377,80.02503702,69.35468547,15.71291602,13.61779249
1.890672767,29.30674733,-7.635697667,1.744574224,149.2576895,-28.80634424,80.52489672,68.6823837,15.81106347,13.48578604
1.889666967,29.26880567,-7.635735667,1.744074755,149.0644546,-28.80648759,80.52529824,68.48874732,15.81114231,13.44776554
1.888700733,29.20435767,-7.5863425,1.74396858,148.7362244,-28.62014751,80.00339732,68.68241803,15.70866706,13.48579278
1.887663067,29.16207767,-7.595418933,1.74349514,148.5208947,-28.65438916,80.09930125,68.37118433,15.7274978,13.42468204
1.886674433,29.11400933,-7.558811033,1.743147979,148.2760852,-28.51628262,79.71249276,68.51318338,15.65154795,13.45256356
1.885685233,29.08637367,-7.5793125,1.742527577,148.1353383,-28.59362621,79.92911653,68.15581264,15.69408203,13.38239381
1.884704967,29.04469433,-7.5864803,1.742103521,147.9230677,-28.62066737,80.00485335,67.86780522,15.70895296,13.32584355
1.8836794,28.99314367,-7.6343009,1.741765898,147.6605229,-28.80107481,80.51013812,67.09997567,15.80816562,13.17508022
1.882637233,28.946197,-7.617572633,1.741350234,147.421426,-28.73796595,80.33338295,67.03763399,15.77345974,13.16283943
1.881698167,28.88947733,-7.590888967,1.741168092,147.1325558,-28.63729946,80.05143646,67.03071027,15.71809955,13.16147996
1.8806607,28.848056,-7.5995078,1.740683393,146.9215992,-28.66981477,80.14250527,66.72868483,15.73598091,13.10217727
1.879682533,28.78577,-7.548852433,1.740536433,146.6043799,-28.47871292,79.60726763,66.94670322,15.630887,13.14498518
1.8787035,28.754871,-7.609465133,1.739969747,146.447013,-28.70737969,80.24771702,66.14888689,15.75663924,12.98833394
1.877638733,28.70716367,-7.602166367,1.739541634,146.2040421,-28.67984444,80.17059637,65.98303665,15.7414966,12.95576925
1.876620967,28.647207,-7.543824867,1.739323989,145.898686,-28.45974598,79.55414507,66.29413187,15.62045638,13.01685279
1.8756728,28.60806367,-7.575666733,1.73889819,145.6993311,-28.57987224,79.89059443,65.75832762,15.68651822,12.91164763
1.8747233,28.56326633,-7.563727867,1.738546511,145.4711807,-28.53483181,79.76444529,65.65632635,15.66174883,12.89161968
1.873761333,28.53404667,-7.6208151,1.737974481,145.3223665,-28.75019844,80.36764369,64.90431375,15.78018684,12.74396201
1.8727162,28.50146667,-7.6418109,1.737364127,145.1564383,-28.82940695,80.58949072,64.51653854,15.8237465,12.66782234
1.871687567,28.433696,-7.5986985,1.737239894,144.811286,-28.66676161,80.133954,64.62692289,15.73430187,12.68949631
1.870706867,28.38117533,-7.5893817,1.736960082,144.543801,-28.63161316,80.03551029,64.45788166,15.71497245,12.65630506
1.8697061,28.33825367,-7.5737839,1.736532105,144.3252033,-28.57276908,79.87069992,64.40409429,15.68261193,12.64574391
1.868733867,28.28719367,-7.566676267,1.736241267,144.0651575,-28.5459549,79.79559884,64.21914954,15.66786583,12.60943001
1.867730233,28.26075467,-7.586966667,1.735590462,143.9305051,-28.62250223,80.00999243,63.87010354,15.70996201,12.54089483
1.866715833,28.198614,-7.579764367,1.73540533,143.614026,-28.59533092,79.93389107,63.62972582,15.69501951,12.49369666
1.865665433,28.15236933,-7.5792699,1.734972065,143.3785044,-28.5934655,79.92866641,63.39942888,15.69399365,12.44847786
1.864705533,28.09554833,-7.5457775,1.734770441,143.0891181,-28.46711246,79.57477709,63.4639319,15.62450748,12.46114303
1.863644167,28.04611333,-7.5397428,1.734368784,142.8373483,-28.44434602,79.5110129,63.27592629,15.61198738,12.42422813
1.862647267,28.00330767,-7.551187233,1.733943126,142.6193413,-28.48752116,79.63193773,62.9369945,15.63573097,12.35767887
1.861720933,27.95121433,-7.532413467,1.733711978,142.3540328,-28.41669546,79.43356928,62.87005441,15.59678133,12.34453518
1.860659133,27.90738567,-7.541512633,1.733235072,142.1308157,-28.45102287,79.52971341,62.55069323,15.61565923,12.28182862
1.859674467,27.85691,-7.515351767,1.732924003,141.8737459,-28.35232869,79.25329096,62.57004582,15.56138368,12.2856285
1.858725,27.804256,-7.511875433,1.732677204,141.6055819,-28.33921392,79.21655913,62.33861366,15.55417139,12.24018679
1.857661233,27.76065167,-7.506570667,1.732195337,141.3835073,-28.31920122,79.1605076,62.17259066,15.54316567,12.20758818
1.8567162,27.717266,-7.520945233,1.731829285,141.1625465,-28.37343054,79.31239297,61.79974442,15.57298836,12.13437982
1.855730233,27.68160167,-7.542507333,1.731319259,140.9809099,-28.45477547,79.54022367,61.39027719,15.61772292,12.05398093
1.8546835,27.63622667,-7.536467067,1.730878055,140.7498175,-28.43198803,79.47640066,61.22300777,15.60519127,12.02113757
1.853746,27.58783967,-7.5317467,1.73058628,140.5033851,-28.41418003,79.42652405,61.02645198,15.595398,11.98254385
1.852704833,27.53818967,-7.513209533,1.730207692,140.2505203,-28.34424693,79.23065558,60.96945567,15.55693922,11.97135262
1.851680733,27.48506233,-7.497533,1.729892576,139.9799457,-28.28510582,79.06501329,60.86452331,15.52441536,11.95074915
1.850687233,27.44060633,-7.511490533,1.729492342,139.7535337,-28.33776185,79.21249218,60.4906324,15.55337284,11.87733567
1.8496815,27.40322933,-7.544722533,1.728985405,139.5631746,-28.46313251,79.56363004,59.94913548,15.62231876,11.77101275
1.848745467,27.37054067,-7.556958833,1.728485601,139.396693,-28.50929503,79.69292194,59.65336196,15.64770522,11.71293762
1.847679,27.32225933,-7.557743233,1.728063449,139.1507987,-28.51225425,79.70121011,59.39917955,15.64933261,11.66302891
1.8467629,27.27277933,-7.538536733,1.72780766,138.8987998,-28.43979603,79.49826929,59.35012139,15.60948517,11.65339634
1.845676133,27.24560433,-7.591143933,1.727083544,138.7603989,-28.63826134,80.0541305,58.65585936,15.71862852,11.51707799
1.844684767,27.220665,-7.634495433,1.726424992,138.6333843,-28.8018087,80.51219361,58.07078157,15.80856922,11.40219796
1.843678633,27.16094533,-7.5870819,1.726215818,138.3292352,-28.62293696,80.01121001,58.26761612,15.71020109,11.44084642
1.842673433,27.11933767,-7.586442,1.725765872,138.1173296,-28.62052288,80.00444867,58.06247185,15.7088735,11.40056635
1.8416403,27.08281333,-7.624821667,1.725220156,137.9313131,-28.76531356,80.4099781,57.47092595,15.7884992,11.28441631
1.840673833,27.039065,-7.636798733,1.724837511,137.7085052,-28.81049811,80.53653087,57.12156527,15.81334784,11.21581934
1.839691133,26.98200833,-7.6002062,1.724616232,137.4179187,-28.67244954,80.14988475,57.21762486,15.73742987,11.23468064
1.838655833,26.932471,-7.596211267,1.724242008,137.1656277,-28.6573783,80.10767325,57.00754537,15.72914164,11.19343153
1.837679067,26.90267667,-7.6207134,1.723662847,137.0138868,-28.74981477,80.3665691,56.59690859,15.77997584,11.112803
1.836693433,26.88700433,-7.695634533,1.722886361,136.9340684,-29.03246136,81.15820508,55.72545426,15.93541357,10.94169294
1.835655533,26.84607333,-7.697829267,1.722394685,136.725609,-29.04074119,81.1813952,55.49380476,15.93996695,10.89620856
1.8346697,26.78997033,-7.658950833,1.722157546,136.4398795,-28.89406886,80.77059566,55.61887473,15.85930646,10.92076605
1.833707333,26.733788,-7.621197367,1.721944932,136.1537459,-28.75164057,80.37168282,55.73165397,15.78097992,10.94291026
1.8326821,26.67846133,-7.622495667,1.721658034,135.8719701,-28.75653852,80.38540099,55.43616005,15.78367348,10.88489003
1.8317311,26.639406,-7.6276472,1.721228227,135.6730634,-28.77597314,80.43983342,55.18282091,15.79436129,10.83514689
1.830698133,26.58678433,-7.6226977,1.720897496,135.4050641,-28.75730071,80.38753572,54.96711928,15.78409264,10.79279387
1.829689833,26.529798,-7.5858353,1.720649679,135.1148358,-28.61823405,79.99803812,55.06638855,15.70761478,10.81228539
1.8287063,26.48146067,-7.591335967,1.720311207,134.8686563,-28.6389858,80.05615958,54.76208765,15.71902693,10.75253591
1.827688833,26.42647933,-7.565546833,1.720027467,134.5886393,-28.54169402,79.78366496,54.7545653,15.66552261,10.7510589
1.8267013,26.37228133,-7.5496718,1.719763206,134.3126118,-28.48180405,79.61592527,54.64627748,15.63258693,10.72979658
1.825711667,26.327203,-7.564661033,1.719375143,134.0830303,-28.53835226,79.77430537,54.25831586,15.66368486,10.65362032
1.824615033,26.28757967,-7.574320167,1.718807283,133.8812308,-28.57479219,79.87636626,53.95445546,15.68372451,10.59395733
1.823739333,26.22506533,-7.522579167,1.718765836,133.5628487,-28.3795947,79.32965753,54.18278204,15.57637826,10.63878925
1.822692233,26.18565733,-7.536468,1.718244636,133.3621458,-28.43199155,79.47641052,53.83532623,15.60519321,10.5705663
1.821665567,26.135117,-7.5189959,1.71789243,133.1047466,-28.36607651,79.29179581,53.76254173,15.56894411,10.55627507
1.820767233,26.08894667,-7.527013767,1.71761024,132.8696036,-28.39632462,79.37651466,53.44267986,15.58557865,10.49347019
1.8197188,26.038085,-7.5381902,1.717240556,132.6105679,-28.4384887,79.49460773,53.06555106,15.60876623,10.41942095
1.818708767,25.97646267,-7.492127567,1.717052872,132.2967286,-28.26471335,79.00789809,53.23842146,15.51320079,10.45336405
1.817676867,25.925429,-7.4756527,1.716702017,132.0368169,-28.20256046,78.83382041,53.15258742,15.47902064,10.43651054
1.816685933,25.88837,-7.493408533,1.716205636,131.8480774,-28.26954591,79.02143311,52.77623522,15.51585839,10.36261379
1.815664233,25.845639,-7.499898733,1.715754181,131.6304507,-28.29403076,79.09001024,52.49003141,15.52932351,10.30641767
1.814679633,25.79843733,-7.488714867,1.715399487,131.3900552,-28.25183863,78.97183862,52.36780747,15.50612051,10.282419
1.813717,25.755604,-7.477355933,1.715008465,131.1719073,-28.20898605,78.85181721,52.26968102,15.48255431,10.26315187
1.812650433,25.722173,-7.504472567,1.714388035,131.001645,-28.31128595,79.13833854,51.81289741,15.53881277,10.17346241
1.811702,25.67293233,-7.506558567,1.714096718,130.750865,-28.31915557,79.16037975,51.54007612,15.54314056,10.11989395
1.810720867,25.62604533,-7.485819633,1.713741292,130.512072,-28.24091611,78.94124684,51.52041606,15.50011382,10.11603369
1.809666667,25.586701,-7.514198967,1.713212142,130.3116934,-28.34797965,79.24111018,51.02017414,15.55899198,10.01781119
1.808701967,25.54093033,-7.5101989,1.712858251,130.0785859,-28.33288905,79.19884445,50.82933233,15.55069311,9.980339403
1.8076421,25.532116,-7.604968733,1.711916012,130.0336949,-28.69041662,80.2002069,49.78307895,15.74731062,9.774907553
1.806674267,25.49593033,-7.586616533,1.711431076,129.8494033,-28.62118132,80.00629283,49.79270137,15.7092356,9.776796913
1.8056871,25.452627,-7.606363333,1.711021793,129.6288617,-28.69567787,80.2149426,49.36351005,15.75020398,9.692525197
1.804682467,25.397934,-7.577305333,1.710747037,129.3503132,-28.586054,79.9079083,49.39199584,15.68991779,9.698118384
1.803648367,25.34883533,-7.558161767,1.710368159,129.1002563,-28.5138332,79.70563244,49.34421482,15.65020093,9.688736581
1.802666433,25.30442067,-7.5801646,1.70997894,128.8740548,-28.59684083,79.93812004,48.88552571,15.69584987,9.598672974
1.801721033,25.247383,-7.5521067,1.709794707,128.5835651,-28.49098993,79.64165305,48.89150293,15.63763858,9.599846601
1.800645933,25.213209,-7.562713633,1.709175659,128.4095187,-28.53100552,79.75372864,48.605381,15.65964462,9.543666559
1.799627033,25.17080433,-7.566358067,1.70872265,128.193554,-28.54475447,79.79223666,48.35090829,15.66720567,9.493700843
1.7987143,25.12837967,-7.587502,1.708376073,127.9774875,-28.62452182,80.0156489,47.9114295,15.71107266,9.407409183
1.797616933,25.08342767,-7.569626933,1.707878591,127.7485494,-28.55708656,79.82677634,47.87136394,15.67398754,9.399542309
1.796695967,25.04126267,-7.573271767,1.707520316,127.5338053,-28.57083701,79.86528859,47.61810761,15.68154941,9.349815429
1.7957422,24.99790267,-7.5673868,1.707145189,127.3129751,-28.54863545,79.80310652,47.45945953,15.66933997,9.318664879
1.7946431,24.95799533,-7.580457667,1.706578652,127.1097292,-28.59794645,79.94121666,47.11810349,15.69645789,9.251639619
1.7936907,24.915754,-7.5863339,1.706189963,126.8945964,-28.62011506,80.00330645,46.84088085,15.70864922,9.197206955
1.792746833,24.872858,-7.5816118,1.705818543,126.6761294,-28.60230052,79.95341153,46.67230875,15.69885235,9.164107823
1.7916547,24.82820333,-7.5968229,1.705322327,126.4487055,-28.65968574,80.11413593,46.28416054,15.73041059,9.087894921
1.790728533,24.774477,-7.562490467,1.705113138,126.1750802,-28.5301636,79.7513706,46.37330053,15.65918162,9.10539756
1.7896432,24.73915867,-7.5989979,1.704499128,125.9952058,-28.66789112,80.13711754,45.80767922,15.73492303,8.994337815
1.788699067,24.698173,-7.575156833,1.704101948,125.786468,-28.57794859,79.88520669,45.85085227,15.68546033,9.002814844
1.787718033,24.64397033,-7.5633154,1.703844249,125.5104168,-28.53327574,79.76008706,45.69992063,15.66089309,8.973179417
1.786701633,24.60033933,-7.559890133,1.703410105,125.2882064,-28.52035362,79.72389481,45.51390255,15.65378675,8.936654765
1.785701067,24.54529867,-7.5425854,1.703144056,125.0078873,-28.45506998,79.54104854,45.41642965,15.61788488,8.917515963
1.784728933,24.4898,-7.496292933,1.702912552,124.7252355,-28.28042756,79.05191043,45.62291604,15.52184261,8.958059565
1.783692,24.44951367,-7.520589833,1.70241324,124.5200594,-28.37208976,79.30863772,45.16101261,15.57225102,8.867364827
1.782701433,24.40911867,-7.526121,1.701961745,124.3143299,-28.39295658,79.36708146,44.89683932,15.58372644,8.8154944
1.7817187,24.35406633,-7.504359733,1.701713685,124.0339513,-28.31086028,79.13714631,44.84639589,15.53857868,8.805589833
1.7807052,24.300693,-7.4786153,1.701412452,123.7621238,-28.21373713,78.865124,44.84659068,15.4851671,8.80562808
1.779687667,24.24437633,-7.454569167,1.701146464,123.475306,-28.12302096,78.61104637,44.81385055,15.43527895,8.799199556
1.778723867,24.20486967,-7.461348233,1.700709881,123.2741007,-28.14859559,78.68267573,44.54101586,15.44934338,8.745628464
1.777684367,24.153516,-7.429809733,1.700355696,123.0125592,-28.02961381,78.34943182,44.6127183,15.38391094,8.759707239
1.776682733,24.10684867,-7.457850767,1.699976838,122.774885,-28.13540109,78.6457206,44.07875531,15.44208724,8.654863604
1.775715233,24.092213,-7.433060333,1.699204651,122.7003463,-28.04187699,78.3837785,44.26615874,15.39065491,8.691660269
1.7747024,24.08649167,-7.4432128,1.698268169,122.6712079,-28.08017807,78.49105208,44.12974672,15.41171807,8.664875769
1.7737002,24.031575,-7.443896633,1.697998832,122.3915202,-28.08275789,78.49827763,43.84283353,15.41313681,8.608540364
1.772669533,23.97889133,-7.404496333,1.697671228,122.1232052,-27.93411677,78.08196392,43.99083216,15.33139362,8.637599894
1.771698533,23.95676467,-7.458718167,1.696995509,122.0105152,-28.13867343,78.65488577,43.30522039,15.44388682,8.502980023
1.770698333,23.930044,-7.494349633,1.696351896,121.8744283,-28.27309629,79.03137702,42.79264222,15.51781088,8.4023353
1.769714933,23.87934467,-7.475253433,1.696045079,121.6162193,-28.20105419,78.82960165,42.7362086,15.47819228,8.391254559
1.768725433,23.84869067,-7.5484044,1.695464656,121.4601002,-28.47702267,79.6025336,41.80715749,15.62995747,8.208835373
1.767692733,23.79003833,-7.5039212,1.695214672,121.161387,-28.30920587,79.13251265,41.97846525,15.53766886,8.242471651
1.766725767,23.73179467,-7.496160833,1.695024967,120.8647551,-28.2799292,79.05051462,41.76383141,15.52156855,8.200328298
1.765746933,23.69654867,-7.5119491,1.694516491,120.6852491,-28.33949183,79.21733751,41.41750254,15.55432422,8.132326623
1.7646762,23.65270333,-7.490500767,1.694030874,120.4619472,-28.2585761,78.9907089,41.42082922,15.50982569,8.132979818
1.763713567,23.605881,-7.471773933,1.693693085,120.2234836,-28.18792747,78.79283636,41.38023814,15.47097342,8.125009758
1.762707733,23.559121,-7.477265033,1.693311264,119.9853374,-28.20864313,78.85085674,41.08407159,15.48236572,8.066857457
1.761673733,23.51742767,-7.4887344,1.692833661,119.7729955,-28.25191233,78.97204502,40.75054141,15.50616104,8.001368805
1.760718433,23.459709,-7.468559433,1.692648617,119.4790374,-28.17580048,78.75887113,40.66975723,15.46430435,7.985506832
1.759689267,23.40214833,-7.440675567,1.692387597,119.1858841,-28.07060613,78.46424301,40.67123196,15.40645412,7.985796395
1.7586942,23.34930233,-7.428456933,1.69209776,118.9167422,-28.02451026,78.33513779,40.53119534,15.38110431,7.958300206
1.757779967,23.30792733,-7.427937333,1.691735676,118.7060216,-28.02255002,78.32964756,40.32596492,15.3800263,7.918003212
1.756705933,23.25232667,-7.3886102,1.691403634,118.4228504,-27.87418493,77.91410695,40.45833432,15.2984349,7.943993944
1.755702267,23.20164767,-7.371110733,1.691076279,118.1647449,-27.80816665,77.72920308,40.38513277,15.26212902,7.929620819
1.754706067,23.16627567,-7.3962145,1.690552118,117.9845972,-27.90287283,77.99445594,39.93973221,15.31421142,7.84216642
1.753666533,23.11430033,-7.387103233,1.690206195,117.7198897,-27.86849977,77.89818395,39.77129662,15.29530842,7.809094092
1.7526694,23.06572267,-7.4017046,1.689857331,117.4724862,-27.92358471,78.05246575,39.36961138,15.32560165,7.730223194
1.7517228,23.01574833,-7.369870367,1.689577638,117.2179696,-27.80348725,77.71609705,39.45146349,15.25955566,7.746294855
1.7507036,22.98984167,-7.425545733,1.688904163,117.0860284,-28.0135275,78.3043773,38.73124197,15.37506448,7.604879361
1.749697133,22.92844767,-7.3735361,1.688716999,116.773352,-27.81731656,77.75483013,38.9681128,15.2671609,7.651388948
1.748734067,22.90114467,-7.429467033,1.688118291,116.6342993,-28.02832095,78.34581077,38.23807945,15.38319994,7.5080469
1.747686933,22.84866967,-7.3944405,1.687771437,116.3670469,-27.89618025,77.9757114,38.34092646,15.31053093,7.528240911
1.746734167,22.800219,-7.3847057,1.687465244,116.1202903,-27.85945486,77.872851,38.19703022,15.29033429,7.499986884
1.745716033,22.76457867,-7.411941667,1.686922731,115.938776,-27.96220495,78.16063323,37.72773368,15.34684034,7.407840509
1.744716233,22.70854933,-7.377525333,1.686670642,115.6534216,-27.83236629,77.7969814,37.80603114,15.2754373,7.423214214
1.7437039,22.67182367,-7.39046,1.686148413,115.4663798,-27.88116347,77.93365241,37.48231827,15.30227265,7.359653193
1.7427227,22.62823133,-7.397111433,1.685748953,115.2443664,-27.90625659,78.00393317,37.1900241,15.31607228,7.302261233
1.741731933,22.57627133,-7.3813987,1.685451592,114.9797369,-27.84697891,77.83790838,37.0914194,15.28347331,7.282900199
1.740751867,22.52040867,-7.3406903,1.685217013,114.6952313,-27.69340287,77.40777295,37.23704927,15.19901622,7.311494625
1.739730367,22.49879967,-7.392721,1.684483885,114.5851778,-27.88969329,77.95754272,36.57722603,15.30696351,7.181938331
1.738754067,22.45660667,-7.409777133,1.684070651,114.3702911,-27.95403906,78.13776222,36.18211985,15.34234961,7.104359233
1.737706167,22.402605,-7.3866725,1.683743403,114.0952636,-27.86687479,77.89363271,36.15122177,15.29441478,7.098292394
1.7367183,22.355528,-7.3913002,1.683383779,113.8555029,-27.8843332,77.94253018,35.86256367,15.3040158,7.041614376
1.7357206,22.29689867,-7.347298767,1.683168487,113.5569069,-27.7183339,77.47759971,36.02889809,15.2127267,7.07427414
1.7346459,22.24769633,-7.3322153,1.682750392,113.306322,-27.66143019,77.31822392,35.93768904,15.18143327,7.056365244
1.7337613,22.20057567,-7.327300067,1.682494618,113.066339,-27.64288704,77.2662883,35.74964164,15.17123571,7.019442136
1.732700433,22.141495,-7.282391067,1.682222183,112.7654444,-27.47346386,76.79176825,35.92326703,15.0780637,7.053533482
1.731698633,22.100111,-7.316689667,1.681772652,112.5546779,-27.60285836,77.15417608,35.35009271,15.14922247,6.940990703
1.730716433,22.04552733,-7.277250267,1.681518871,112.2766862,-27.45406974,76.73744923,35.48882788,15.06739816,6.968231354
1.729686367,22.00462733,-7.2859678,1.681034615,112.0683847,-27.48695741,76.82956093,35.18841467,15.08548429,6.909245221
1.728669333,21.95712233,-7.283900267,1.680651536,111.8264443,-27.47915746,76.80771484,34.96832035,15.08119481,6.866029701
1.727706567,21.908403,-7.256029467,1.680338929,111.5783193,-27.3740124,76.5132248,35.01468545,15.02337169,6.875133488
1.7267043,21.86873167,-7.2746156,1.679866076,111.3762754,-27.44413023,76.70961067,34.61625561,15.06193205,6.79690179
1.725693,21.811704,-7.231653833,1.67961581,111.0858365,-27.28205317,76.25566558,34.77976186,14.97279994,6.82900624
1.724697767,21.76860333,-7.2351691,1.679195755,110.8663271,-27.29531482,76.29280879,34.52310926,14.98009301,6.778612504
1.723676733,21.723041,-7.254216967,1.678782751,110.6342806,-27.36717458,76.49407346,34.08979809,15.01961132,6.693531854
1.722728367,21.66607533,-7.214680967,1.678594591,110.3441575,-27.21802153,76.0763259,34.21742256,14.93758659,6.718590919
1.721724733,21.60842367,-7.176496367,1.67836032,110.0505407,-27.07396675,75.67285759,34.32727403,14.85836559,6.740160256
1.7207359,21.592047,-7.247466867,1.677590033,109.9671352,-27.34170923,76.42275016,33.49397598,15.00560699,6.576542183
1.7196859,21.55779333,-7.268752767,1.676997148,109.7926831,-27.42201217,76.64766246,33.09461159,15.04976852,6.498126987
1.7187522,21.531912,-7.307146867,1.676408834,109.6608709,-27.56685731,77.0533444,32.55711741,15.12942417,6.392590004
1.717700133,21.503924,-7.344838467,1.675730268,109.5183295,-27.7090522,77.45160355,32.01631689,15.20762236,6.28640382
1.716725933,21.45854267,-7.349506033,1.675361681,109.2872048,-27.72666101,77.50092226,31.73587348,15.21730609,6.231338758
1.7157543,21.40391733,-7.303256367,1.675119023,109.0090009,-27.55218005,77.01223638,31.94635548,15.12135261,6.272666898
1.714665467,21.34937533,-7.284473267,1.674758053,108.7312215,-27.48131915,76.81376931,31.86704307,15.0823836,6.257093907
1.713740667,21.30544267,-7.299155567,1.674419534,108.5074747,-27.53670942,76.96890627,31.4881594,15.11284475,6.182700098
1.7127306,21.264049,-7.293201467,1.673961866,108.296659,-27.51424705,76.90599372,31.34025623,15.10049187,6.153659311
1.7116949,21.21836667,-7.2869644,1.673535797,108.0640014,-27.49071717,76.84009127,31.17350101,15.08755192,6.120916924
1.710726533,21.16619,-7.269660933,1.673263728,107.7982684,-27.42543831,76.65725838,31.09060094,15.05165268,6.104639494
1.709727833,21.12052033,-7.276313633,1.672874489,107.5656752,-27.45053621,76.72755252,30.78771364,15.06545494,6.045167573
1.708700733,21.07416867,-7.248977033,1.672465952,107.3296087,-27.34740647,76.43870697,30.84049264,15.00874011,6.05553073
1.7077009,21.02742667,-7.250491333,1.672089891,107.0915542,-27.3531193,76.45470746,30.58643766,15.01188181,6.005647035
1.706674567,20.98199533,-7.2432777,1.671669839,106.8601749,-27.32590523,76.37848635,30.43127943,14.99691579,5.975181716
1.705728133,20.93658567,-7.234795267,1.671329398,106.6289059,-27.2939045,76.28885878,30.28963801,14.97931742,5.947370423
1.7047333,20.89285667,-7.238118,1.670918128,106.4061964,-27.30643981,76.32396763,30.03181971,14.98621104,5.8967478
1.7037665,20.834692,-7.209582833,1.670727535,106.1099669,-27.19878837,76.02245772,30.0371001,14.92700957,5.897784605
1.702713333,20.78903033,-7.1834858,1.670283724,105.8774145,-27.10033501,75.74670974,30.08029566,14.87286646,5.906266052
1.701675733,20.74163833,-7.186485,1.66987857,105.6360496,-27.11164975,75.77840006,29.80724043,14.87908885,5.852651658
1.700727467,20.688436,-7.158489233,1.669640288,105.3650929,-27.00603325,75.48258959,29.83209428,14.82100647,5.857531712
1.6997398,20.64435533,-7.162834167,1.669240878,105.1405925,-27.02242489,75.52849927,29.56168413,14.83002083,5.804436679
1.6987298,20.58783567,-7.120304767,1.668985133,104.8527409,-26.86197897,75.07912268,29.72320909,14.74178574,5.836152105
1.697766833,20.53729267,-7.108044933,1.668696663,104.5953281,-26.81572767,74.94958213,29.59533686,14.71635045,5.811044393
1.696703833,20.48946233,-7.129148333,1.668271958,104.3517308,-26.89534211,75.17256609,29.12875559,14.76013335,5.71943116
1.695727267,20.437013,-7.0976631,1.667995328,104.0846091,-26.77656129,74.83988501,29.19431503,14.69481142,5.732303756
1.694747667,20.39646467,-7.105498433,1.667556846,103.8780986,-26.80612077,74.92267516,28.9050144,14.71106727,5.675499577
1.693704367,20.361702,-7.100670033,1.666977453,103.7010542,-26.78790521,74.87165704,28.77898812,14.70104986,5.650754318
1.692689267,20.34312067,-7.1539453,1.666210321,103.6064205,-26.98889086,75.43457722,28.12143421,14.81157924,5.521643607
1.691734533,20.30420233,-7.173494533,1.665774953,103.4082115,-27.06264207,75.64113945,27.716663,14.85213773,5.44216678
1.690681067,20.25790167,-7.169563433,1.665339369,103.1724047,-27.04781165,75.59960243,27.52239321,14.84398194,5.404021906
1.689659867,20.20272567,-7.138114133,1.665054493,102.8913963,-26.92916638,75.26730104,27.5736862,14.77873456,5.414093285
1.6886897,20.15806067,-7.146664467,1.66468038,102.6639199,-26.96142327,75.35764606,27.25586473,14.7964738,5.35168904
1.6876999,20.11873867,-7.147823667,1.664215332,102.463655,-26.96579646,75.36989446,27.04335149,14.79887878,5.309962066
1.6867175,20.07445667,-7.1361097,1.663823876,102.2381292,-26.92160448,75.24612168,26.94159843,14.77457599,5.289982853
1.6857814,20.011557,-7.0938104,1.663727172,101.9177846,-26.76202663,74.79917639,27.0681991,14.68681828,5.314840894
1.6846925,19.97973433,-7.1116594,1.663062945,101.7557134,-26.82936356,74.98777352,26.71753084,14.72384933,5.245987181
1.683701633,19.94969467,-7.1553812,1.662472958,101.602723,-26.99430792,75.44974931,26.10256464,14.81455828,5.125238568
1.6827532,19.90800433,-7.152591233,1.662080882,101.3903964,-26.98378252,75.4202698,25.91971752,14.80876998,5.089336535
1.681693167,19.86663033,-7.1434512,1.661572985,101.1796808,-26.94930094,75.32369386,25.80557791,14.78980729,5.066925222
1.6807581,19.81613433,-7.137865533,1.661311787,100.9225074,-26.92822852,75.26467426,25.60742408,14.77821879,5.028017719
1.6797308,19.76696767,-7.1237898,1.660940616,100.6721042,-26.87512657,75.11594644,25.50574871,14.74901608,5.00805376
1.678704867,19.72037667,-7.1182734,1.66053644,100.4348188,-26.85431546,75.05765874,25.32675096,14.73757129,4.97290755
1.677754167,19.66812367,-7.107164233,1.660283056,100.1686971,-26.81240515,74.94027643,25.17801155,14.71452328,4.943702568
1.676689567,19.618886,-7.083138433,1.659875533,99.91793226,-26.7217657,74.68641364,25.18110954,14.66467732,4.944310859
1.675732833,19.57543467,-7.0857048,1.659498658,99.69663696,-26.73144754,74.71353053,24.93269735,14.67000172,4.895535124
1.674776133,19.528675,-7.063036133,1.659165965,99.45849249,-26.64592799,74.47400756,24.93407584,14.62297139,4.895805792
1.673702167,19.47443833,-7.0398469,1.658815787,99.18226806,-26.55844456,74.22898416,24.90287482,14.57486104,4.889679471
1.672763667,19.42909633,-7.0347023,1.658482376,98.95134369,-26.5390361,74.17462499,24.72630962,14.56418762,4.855010894
1.671678533,19.37663933,-7.0026563,1.658097281,98.68418301,-26.41813974,73.83601871,24.79775522,14.49770227,4.869039238
1.6707188,19.327123,-6.991455233,1.657798344,98.43199898,-26.37588272,73.71766535,24.66392455,14.47446359,4.842761585
1.669742767,19.27391,-6.954589833,1.657532438,98.16098803,-26.23680474,73.32813605,24.78244291,14.39797951,4.866032665
1.6687285,19.22399233,-6.9509098,1.657184322,97.90676004,-26.22292149,73.28925187,24.56709909,14.3903446,4.823749906
1.667673767,19.18357867,-6.9517932,1.656668909,97.7009354,-26.2262542,73.2985861,24.35194023,14.39217738,4.781503463
1.6666985,19.136459,-6.939600467,1.656322455,97.46095747,-26.18025603,73.16975454,24.24079385,14.3668813,4.759679873
1.665703333,19.103733,-6.949559533,1.655764016,97.29428571,-26.21782749,73.2749846,23.96889203,14.38754323,4.706291951
1.6646898,19.06113033,-6.956792233,1.655319016,97.07731262,-26.24511349,73.35140717,23.67549637,14.4025488,4.648683712
1.663713733,19.00186867,-6.914635167,1.655133796,96.77549614,-26.08607223,72.90596476,23.8191223,14.31508618,4.676884664
1.662759667,18.95438233,-6.918985367,1.654813434,96.53365079,-26.10248375,72.95193009,23.53131163,14.32411147,4.620373038
1.661701133,18.90724,-6.917940633,1.654384016,96.29355742,-26.0985424,72.94089117,23.30225718,14.32194398,4.575398197
1.660681133,18.85946967,-6.896896833,1.654001511,96.05026568,-26.0191528,72.71853696,23.28131964,14.27828473,4.571287112
1.659715867,18.81315567,-6.894464633,1.653654304,95.81439097,-26.00997711,72.69283771,23.07114418,14.27323868,4.53001916
1.658754267,18.76773067,-6.870625833,1.653298901,95.58304388,-25.92004313,72.44095081,23.09168399,14.22378069,4.534052152
1.657770433,18.72506467,-6.8584061,1.652884445,95.36574824,-25.87394311,72.31183396,23.00350519,14.1984286,4.516738245
1.656729967,18.67399967,-6.839145033,1.652525441,95.10567694,-25.80127903,72.10831658,22.94695128,14.15846796,4.505633884
1.655782567,18.623173,-6.814081833,1.652256323,94.84681946,-25.7067259,71.84349235,22.95291802,14.10646972,4.506805453
1.654720133,18.58931833,-6.846626433,1.65164568,94.67439946,-25.82950328,72.18736697,22.4366234,14.17398951,4.405431005
1.653709133,18.53949,-6.8056375,1.651299639,94.42062643,-25.6748689,71.75426736,22.61595,14.0889504,4.440641782
1.652768467,18.489343,-6.798079033,1.651028184,94.16523046,-25.64635392,71.67440265,22.44041873,14.07326896,4.406176217
1.651706067,18.44696133,-6.793354033,1.650531368,93.9493829,-25.62852844,71.62447709,22.27449674,14.06346608,4.373597435
1.650749067,18.4004,-6.7857792,1.650195729,93.71224854,-25.59995171,71.54443945,22.11740001,14.04775069,4.342751492
1.649708067,18.34779,-6.749404433,1.649856809,93.44430863,-25.46272469,71.1600943,22.23380525,13.97228452,4.365607662
1.648701433,18.30310933,-6.761503867,1.649446439,93.2167524,-25.50837087,71.28794003,21.87840329,13.99738702,4.295824486
1.6477445,18.24979767,-6.7291584,1.64920095,92.94523894,-25.38634474,70.9461695,21.94866036,13.93028038,4.309619463
1.646698167,18.21493767,-6.742314333,1.648619824,92.76769884,-25.43597666,71.08517848,21.63211128,13.95757479,4.24746505
1.6456821,18.18586933,-6.7579851,1.647991674,92.61965538,-25.49509601,71.25075983,21.31848647,13.99008669,4.185884818
1.6447799,18.15866767,-6.801739733,1.64745248,92.48111875,-25.66016423,71.71308255,20.71762712,14.08086376,4.067906085
1.6436844,18.11168933,-6.7911051,1.646983906,92.24186062,-25.62004414,71.60071428,20.59073727,14.05880025,4.042991262
1.642711867,18.06515767,-6.769762033,1.646632338,92.00487734,-25.53952553,71.37519794,20.57927032,14.01452012,4.040739728
1.6416933,18.02019933,-6.7672871,1.64621374,91.77590697,-25.53018863,71.34904716,20.37645073,14.00938541,4.000916101
1.640678933,17.96724633,-6.7489546,1.645906031,91.50622019,-25.46102765,71.15534124,20.30046986,13.97135125,3.985997257
1.639741667,17.914194,-6.7193397,1.645676748,91.2360275,-25.34930283,70.84242259,20.34319583,13.90990968,3.994386502
1.638761167,17.86264633,-6.696623,1.645384151,90.97349801,-25.26360207,70.60239209,20.32069684,13.86277969,3.989968824
1.6377225,17.825315,-6.708888867,1.644843671,90.78337153,-25.30987613,70.73199639,20.00096606,13.88822749,3.927189685
1.636667233,17.77852967,-6.701531767,1.644412755,90.54509634,-25.28212082,70.65425938,19.84042788,13.87296383,3.895668014
1.6356512,17.73412667,-6.692049667,1.64398928,90.31895425,-25.24634876,70.55406907,19.7144761,13.85329146,3.870937381
1.634630867,17.682993,-6.678146833,1.643651325,90.05853323,-25.1938991,70.40716816,19.60095599,13.82444747,3.84864771
1.6336361,17.63896133,-6.649862133,1.643244161,89.83428232,-25.08719257,70.10830474,19.6755685,13.76576564,3.863297875
1.632606967,17.60401033,-6.671648833,1.642681449,89.65627875,-25.16938482,70.33850862,19.26736106,13.81096617,3.783146344
1.631643667,17.56834667,-6.694418733,1.64219408,89.47464562,-25.25528628,70.57910124,18.8451353,13.85820653,3.700242315
1.6306347,17.52374767,-6.6920495,1.641780287,89.24750531,-25.24634813,70.55406731,18.64302891,13.85329112,3.660558727
1.629651133,17.48206333,-6.683392667,1.641352998,89.03520924,-25.21368947,70.46259698,18.52220317,13.83533092,3.636834593
1.628670433,17.42839167,-6.6603125,1.641088547,88.76186232,-25.1266175,70.218726,18.49272724,13.78744685,3.631046994
1.627673,17.38098967,-6.640106333,1.640723693,88.52044648,-25.05038795,70.00522244,18.46481496,13.74552543,3.625566417
1.626657967,17.336104,-6.6208312,1.640307659,88.29184619,-24.9776708,69.80155642,18.43988069,13.7055356,3.620670573
1.6256401,17.292025,-6.617647333,1.639878026,88.06735421,-24.96565939,69.76791487,18.24903027,13.69893008,3.583197093
1.6246255,17.25805733,-6.630930233,1.639316725,87.89435871,-25.0157703,69.90826541,17.93568422,13.72648791,3.521671598
1.6236194,17.233703,-6.679377567,1.638635633,87.7703234,-25.19854215,70.4201724,17.29974192,13.82700085,3.396804326
1.622649367,17.18060367,-6.656830633,1.638374211,87.49989135,-25.11348185,70.1819357,17.26754657,13.78022308,3.390482769
1.621616,17.140302,-6.6636451,1.63787867,87.29463713,-25.13919003,70.25393911,16.99028894,13.79436094,3.336043233
1.620677033,17.09063267,-6.634670933,1.63760254,87.04167388,-25.02988242,69.94779061,17.04347419,13.73424869,3.346486158
1.6196522,17.036909,-6.622938333,1.637294649,86.76806213,-24.98562015,69.82382094,16.89383212,13.70990724,3.317103936
1.618615067,16.99520433,-6.617139833,1.636814065,86.55566251,-24.9637448,69.76255249,16.74270093,13.69787718,3.287429329
1.6177128,16.939186,-6.579894867,1.636659363,86.27036415,-24.82323487,69.36901259,16.85094248,13.62060562,3.308682555
1.616636333,16.896281,-6.563212533,1.636155463,86.05185129,-24.76029929,69.19274276,16.80869944,13.58599504,3.300388136
1.615654533,16.85114533,-6.563621367,1.635775999,85.82197776,-24.76184165,69.1970626,16.57450608,13.58684324,3.254404269
1.614629733,16.802222,-6.541135433,1.635404081,85.57281385,-24.67701148,68.95947044,16.56293433,13.54019202,3.252132156
1.613612733,16.757771,-6.5558101,1.634980279,85.3464273,-24.73237296,69.11452675,16.18149147,13.57063733,3.177235851
1.6126427,16.69984767,-6.497432867,1.634783233,85.05142687,-24.51213969,68.49769787,16.50331992,13.44952298,3.240426867
1.6116817,16.65950133,-6.5106659,1.634360655,84.84594517,-24.56206247,68.63752151,16.15801458,13.47697735,3.172626162
1.610630133,16.62867833,-6.543179667,1.633720421,84.68896528,-24.68472353,68.98107034,15.65748587,13.54443316,3.07434735
1.609693833,16.572036,-6.511115367,1.633540013,84.40048892,-24.56375813,68.64227069,15.70780915,13.47790985,3.084228327
1.608653067,16.52953667,-6.4913974,1.6330664,84.1840421,-24.48937036,68.43392558,15.69970744,13.43700129,3.082637556
1.607617667,16.48893033,-6.506070433,1.632572891,83.97723623,-24.54472567,68.58896463,15.33786252,13.4674432,3.011589306
1.606553533,16.44903267,-6.4819722,1.632041192,83.77403956,-24.45381296,68.33433649,15.38929399,13.41744697,3.021687874
1.6056587,16.40125367,-6.4649574,1.63178397,83.53070368,-24.38962312,68.15455373,15.32574086,13.38214663,3.009209218
1.6045971,16.35285467,-6.4534143,1.631368254,83.28421017,-24.34607575,68.03258637,15.20121472,13.35819833,2.984758511
1.6036505,16.31005567,-6.4482988,1.630992807,83.06623716,-24.32677708,67.97853468,15.0372934,13.34758528,2.95257256
1.602662033,16.26517933,-6.4249341,1.630603215,82.83768441,-24.23863168,67.73165725,15.05561808,13.2991109,2.956170611
1.6015936,16.21317467,-6.397407367,1.630228784,82.57282743,-24.13478465,67.4408027,15.08161566,13.24200161,2.961275235
1.6006603,16.16384467,-6.383188533,1.629953793,82.32159239,-24.08114284,67.29056284,14.98062047,13.21250201,2.94144483
1.599665833,16.11970033,-6.382106767,1.629548432,82.09676768,-24.07706178,67.27913262,14.76722598,13.21025769,2.899544821
1.598616967,16.06804367,-6.337367867,1.629188924,81.83368305,-23.90828033,66.80640989,14.97686408,13.11743858,2.940707263
1.597656533,16.021641,-6.331001767,1.628847734,81.59735676,-23.88426365,66.73914403,14.80780365,13.10423093,2.907512246
1.5966082,15.970732,-6.307316767,1.628478781,81.33807996,-23.7949099,66.48888223,14.79878865,13.05509203,2.905742152
1.595648733,15.92433233,-6.289437,1.628138518,81.10176895,-23.7274569,66.29996001,14.75139986,13.01799715,2.896437362
1.594664633,15.88249533,-6.277094833,1.627712733,80.88869536,-23.68089498,66.1695495,14.66873678,12.99239104,2.880206466
1.5936217,15.83896367,-6.274012867,1.62725073,80.66699092,-23.66926799,66.13698465,14.47959719,12.98599694,2.843068908
1.5927106,15.800367,-6.298728767,1.626854702,80.47042017,-23.76251091,66.39813921,14.02187188,13.03727463,2.753194543
1.591648,15.754176,-6.2695624,1.626408521,80.23517189,-23.65247821,66.08995987,14.09480293,12.97676362,2.767514556
1.5906641,15.704876,-6.250637533,1.62608253,79.98408964,-23.58108248,65.88999486,14.0436857,12.93750049,2.757477686
1.5896506,15.65231267,-6.219901067,1.625770487,79.7163874,-23.46512644,65.56522544,14.10075288,12.87373202,2.768682828
1.5885957,15.60724667,-6.2258207,1.625316993,79.48686869,-23.48745878,65.62777381,13.8086858,12.88601339,2.711335456
1.587719,15.560673,-6.206443633,1.625061819,79.2496715,-23.41435709,65.42303074,13.77623169,12.84581209,2.704963092
1.586671433,15.50565833,-6.171642933,1.624748423,78.96948476,-23.28306837,65.05531759,13.8637581,12.77361161,2.722148903
1.585663967,15.462684,-6.160292633,1.624314449,78.75061879,-23.24024836,64.93538739,13.76482232,12.75006331,2.702722862
1.584674067,15.43810633,-6.198598867,1.623652538,78.62544606,-23.38476201,65.34014092,13.23489606,12.82953667,2.598671842
1.5836013,15.39680933,-6.1866444,1.623130879,78.41512266,-23.33966273,65.21382694,13.15088663,12.80473492,2.58217659
1.5826187,15.34854133,-6.174071633,1.622792416,78.16929632,-23.29223086,65.08097986,13.03790739,12.77865039,2.559993116
1.581652767,15.30373367,-6.168498167,1.622424441,77.94109329,-23.27120446,65.02208917,12.86859503,12.76708721,2.526748635
1.5806308,15.256338,-6.159500267,1.622034969,77.6997097,-23.23725909,64.92701504,12.72228558,12.7484194,2.498020773
1.5796401,15.21361267,-6.1355079,1.621614439,77.48211188,-23.14674577,64.67350552,12.75819727,12.69864281,2.505072035
1.5786624,15.16899933,-6.121089267,1.621232104,77.25489857,-23.0923502,64.52115453,12.68333495,12.66872869,2.490372818
1.5776337,15.128069,-6.137608067,1.620749619,77.04644258,-23.15466883,64.69569642,12.30033707,12.70299999,2.415171184
1.576655433,15.08483667,-6.128244067,1.620348288,76.82626263,-23.11934231,64.59675399,12.17909956,12.68357265,2.391366198
1.5756596,15.03196167,-6.092054233,1.620058072,76.55697309,-22.98281297,64.2143629,12.29220112,12.60849015,2.413573689
1.574648133,14.98682167,-6.0894963,1.619648998,76.3270775,-22.97316294,64.18733512,12.0893333,12.60318325,2.373740594
1.573671733,14.94477267,-6.075356,1.619233742,76.1129242,-22.91981741,64.03792507,12.02459006,12.57384659,2.361028257
1.5726967,14.89497733,-6.0511969,1.618923227,75.85931924,-22.82867507,63.7826538,12.02625637,12.52372407,2.361355438
1.571601567,14.84809467,-6.0382452,1.618453743,75.62054834,-22.77981363,63.6458028,11.92433646,12.49685338,2.341343464
1.570682633,14.801466,-6.026031633,1.61815707,75.38307105,-22.73373687,63.51675111,11.81591086,12.47151408,2.320054096
1.569673667,14.74310933,-5.973785567,1.617926873,75.08586368,-22.53663397,62.96470572,12.07074887,12.36311997,2.370091542
1.568605067,14.701079,-5.981222767,1.617419167,74.87180545,-22.56469147,63.04328909,11.77810728,12.37854981,2.312631364
1.5676777,14.657504,-5.981101667,1.617073309,74.64988032,-22.5642346,63.04200952,11.55746172,12.37829857,2.269307608
1.5666764,14.610058,-5.935661633,1.616705176,74.40824039,-22.39280806,62.56187843,11.79595288,12.28402483,2.316135347
1.565647967,14.56278833,-5.936760433,1.616307556,74.16749851,-22.39695338,62.57348864,11.5436008,12.28630449,2.266586017
1.5647167,14.512303,-5.916210333,1.616050016,73.91037942,-22.31942632,62.35635099,11.50361935,12.24366952,2.25873566
1.563676867,14.464048,-5.888641533,1.615654146,73.6646193,-22.21542058,62.06505195,11.54915827,12.18647295,2.267677226
1.5626722,14.42181633,-5.8945276,1.615213061,73.44953569,-22.23762629,62.12724565,11.27188096,12.19868468,2.213233827
1.561693467,14.379788,-5.8812666,1.614795196,73.23548765,-22.18759799,61.98712651,11.19795206,12.17117229,2.198717887
1.5606466,14.332478,-5.8611431,1.614379681,72.99454036,-22.11168031,61.77449643,11.16963485,12.12942237,2.193157803
1.559690733,14.280109,-5.838744633,1.614122679,72.72782786,-22.02718012,61.53782847,11.13959031,12.08295262,2.187258558
1.558638967,14.24417167,-5.835701933,1.613550496,72.54480095,-22.01570126,61.50567852,10.98871336,12.07663998,2.157633868
1.557704267,14.19870867,-5.827719533,1.6132225,72.31326033,-21.98558695,61.42133442,10.84151683,12.06007901,2.12873183
1.5566533,14.15194567,-5.804617733,1.612795585,72.07509889,-21.89843337,61.17723486,10.84745495,12.01215006,2.12989778
1.555660267,14.10643833,-5.796865967,1.612409847,71.84333248,-21.86918915,61.0953277,10.69759571,11.99606759,2.100472918
1.554701833,14.06874067,-5.8122503,1.611954489,71.65134029,-21.9272279,61.25788252,10.34304869,12.02798523,2.030857611
1.553635933,14.02314267,-5.785706033,1.611497094,71.41911213,-21.82708731,60.97740897,10.39129408,11.97291425,2.040330593
1.552711933,13.97800333,-5.781871467,1.611175479,71.18921993,-21.81262107,60.93689195,10.2019189,11.96495873,2.003146776
1.551700733,13.930136,-5.7488362,1.610803068,70.94543417,-21.68799261,60.58783282,10.30719228,11.89642097,2.023817203
1.550657467,13.88698667,-5.7376507,1.61033563,70.72567694,-21.64579432,60.46964395,10.20562391,11.87321459,2.003874255
1.5496863,13.838669,-5.7311608,1.610009262,70.47959766,-21.6213106,60.40106999,10.02811858,11.85975009,1.969021084
1.548669667,13.79049133,-5.707489633,1.60963556,70.23423139,-21.53200903,60.15095435,10.03286796,11.81063989,1.969953623
1.547684,13.74397367,-5.692231033,1.609270671,69.99731941,-21.47444461,59.98972806,9.957182275,11.7789831,1.95509274
1.5466643,13.69691233,-5.6797169,1.608879005,69.75763857,-21.42723394,59.85750051,9.849728986,11.75302022,1.933994286
1.545694433,13.66557533,-5.6880536,1.608327331,69.59804091,-21.45868488,59.94558822,9.602043611,11.77031625,1.885361263
1.5446519,13.622715,-5.667029067,1.607856768,69.37975554,-21.37936797,59.72343759,9.605908867,11.72669697,1.886120206
1.5436652,13.58656533,-5.690185233,1.607352486,69.19564723,-21.46672665,59.96811161,9.17712654,11.77473871,1.801928796
1.542699,13.54355967,-5.691242567,1.606960196,68.97662168,-21.47071553,59.97928367,8.946928934,11.77693235,1.756729496
1.5416509,13.50087433,-5.680719533,1.606481732,68.75922757,-21.43101646,59.86809459,8.840723904,11.75510037,1.735876138
1.540665567,13.444569,-5.6377908,1.606247793,68.47246753,-21.26906402,59.41449854,9.007559912,11.66603679,1.768634389
1.539713533,13.40522433,-5.648694833,1.605820815,68.27208726,-21.31020045,59.52971336,8.691964816,11.68865922,1.706667292
1.5386459,13.35314767,-5.613404433,1.605448144,68.00686359,-21.1770643,59.15682591,8.7996286,11.61544277,1.727807076
1.537706267,13.30765367,-5.603456333,1.605115628,67.7751651,-21.13953421,59.05171173,8.673044288,11.5948036,1.702952246
1.536677167,13.25956633,-5.5728941,1.604728254,67.53025889,-21.02423548,58.72878331,8.751066506,11.5313966,1.718271908
1.535678067,13.20762467,-5.5355037,1.604422315,67.26572277,-20.8831769,58.33370672,8.881606979,11.45382331,1.74390353
1.5347283,13.17010933,-5.557933667,1.603973191,67.0746592,-20.96779593,58.57070752,8.453542601,11.50035842,1.65985309
1.5336489,13.12051833,-5.5387198,1.603555583,66.8220949,-20.89530992,58.36768886,8.403996963,11.46049571,1.650124804
1.5326332,13.075702,-5.510426367,1.603137957,66.59384772,-20.78857044,58.06873316,8.474705484,11.40179576,1.664008422
1.5316494,13.02815433,-5.481866333,1.60278868,66.35169001,-20.68082519,57.76696049,8.534320435,11.34254269,1.675713818
1.5306213,12.97924033,-5.470963167,1.602413338,66.10257364,-20.63969203,57.65175483,8.400409727,11.31992206,1.64942045
1.5296934,12.93511767,-5.462856467,1.602074255,65.87785926,-20.60910879,57.56609735,8.261352835,11.30310321,1.622116629
1.528646433,12.88947733,-5.439750533,1.601636358,65.6454155,-20.52193961,57.32195411,8.273052308,11.25516569,1.624413821
1.527659967,12.84608133,-5.445438867,1.601229011,65.424402,-20.54339935,57.38205851,7.991934418,11.26696719,1.569216323
1.5267,12.79696833,-5.418289967,1.600924458,65.17427213,-20.44097773,57.09519624,8.028666813,11.21064178,1.576428729
1.525717567,12.75481767,-5.4117516,1.600504525,64.95960105,-20.41631116,57.02611018,7.883081797,11.19707673,1.547843111
1.5247132,12.70487033,-5.388717167,1.600166705,64.70522197,-20.32941173,56.78272242,7.872090464,11.14928755,1.545684963
1.523704333,12.65718767,-5.354361333,1.599794164,64.46237671,-20.19980131,56.41970985,7.992257782,11.07801003,1.569279815
1.522673833,12.61124567,-5.3495086,1.59937676,64.22839657,-20.18149394,56.36843462,7.809552874,11.06794214,1.533405707
1.521673,12.56359533,-5.3266635,1.59901182,63.98571598,-20.09530879,56.12704741,7.808259493,11.02054576,1.533151751
1.5206761,12.51737,-5.3084796,1.598631797,63.75029284,-20.02670842,55.93491164,7.764972121,10.9828199,1.524652276
1.5196516,12.47581567,-5.306705,1.59816184,63.53865886,-20.02001358,55.91616076,7.572089015,10.97913817,1.486779678
1.518651767,12.42434833,-5.263186133,1.597848838,63.27653849,-19.85583481,55.45632922,7.769800198,10.88885024,1.525600269
1.517690233,12.37823633,-5.2625742,1.597502669,63.04169256,-19.85352624,55.44986337,7.541420104,10.88758067,1.480757838
1.5166603,12.33199733,-5.2395158,1.597089796,62.80619981,-19.76653639,55.20622238,7.549568351,10.83974176,1.482357746
1.515673867,12.28339733,-5.2201675,1.596751929,62.55868262,-19.69354321,55.00178327,7.50649028,10.79960014,1.473899366
1.514685567,12.23788933,-5.2029052,1.596370934,62.32691283,-19.62841966,54.81938536,7.457118386,10.76378632,1.464205195
1.513673833,12.192126,-5.1936326,1.595969912,62.09384263,-19.59343796,54.72140868,7.322024866,10.74454859,1.437679583
1.512683633,12.14385533,-5.164636133,1.595623884,61.84800272,-19.48404623,54.41502455,7.382569085,10.68439007,1.44956744
1.511668967,12.09689333,-5.1394647,1.595235925,61.60882777,-19.38908477,54.14905671,7.409361985,10.63216728,1.454828226
1.510683,12.06355833,-5.168604067,1.594694814,61.43905441,-19.49901561,54.45695076,6.931694573,10.69262228,1.361038229
1.509674733,12.01208133,-5.139301933,1.594373508,61.17688481,-19.38847072,54.14733687,6.979138861,10.6318296,1.370353915
1.508639667,11.97138,-5.129730867,1.593881601,60.96959511,-19.35236302,54.04620652,6.872979511,10.61197265,1.349509527
1.5076837,11.922281,-5.114501633,1.59358086,60.71953654,-19.2949094,53.88529052,6.783836941,10.58037679,1.332006383
1.506619933,11.87988467,-5.111766667,1.593082872,60.50361429,-19.28459149,53.85639216,6.596813055,10.5747026,1.295284243
1.505682167,11.83308867,-5.0918552,1.592769598,60.26528478,-19.20947372,53.64600248,6.568873223,10.53339259,1.289798257
1.504733867,11.78412633,-5.0589622,1.592474701,60.01592225,-19.08538197,53.29844657,6.667066594,10.46514998,1.309078526
1.503668133,11.74669533,-5.070051033,1.591908484,59.82528818,-19.12721558,53.41561404,6.359265055,10.48815582,1.248641694
1.5026379,11.695993,-5.032672867,1.591554873,59.56706392,-18.98620314,53.02066671,6.495988125,10.41060791,1.275487268
1.5017018,11.656687,-5.0447092,1.591143312,59.36688057,-19.03161127,53.14784571,6.168625783,10.4355795,1.211209673
1.500707867,11.60776767,-5.016473433,1.590802207,59.11773703,-18.92508935,52.84949933,6.217828625,10.37699919,1.220870651
1.499704167,11.563905,-5.0104968,1.590383854,58.89434683,-18.90254197,52.78634868,6.057589067,10.36459956,1.189407613
1.498691833,11.51594967,-4.9851095,1.590011485,58.65011289,-18.80676614,52.51809994,6.081603877,10.31192892,1.194122921
1.497663867,11.46425333,-4.938284567,1.589673406,58.38682625,-18.63011494,52.02333564,6.313081526,10.21478195,1.239573558
1.496679767,11.420548,-4.937050367,1.589272554,58.16423733,-18.62545881,52.01029477,6.103533487,10.21222138,1.1984288
1.495672133,11.375267,-4.929931167,1.588869195,57.93362363,-18.598601,51.93507147,5.948143086,10.19745128,1.167917895
1.494643033,11.33276333,-4.928744967,1.588407307,57.71715474,-18.59412595,51.92253777,5.74420789,10.19499029,1.127875219
1.4936507,11.284451,-4.895410367,1.588059701,57.47110262,-18.46836823,51.57031581,5.850377736,10.12583151,1.148721668
1.492675033,11.235057,-4.8714754,1.587743198,57.21954163,-18.37807145,51.31741279,5.851719766,10.076174,1.148985176
1.4916377,11.19485467,-4.866340633,1.587242364,57.01479331,-18.35870009,51.26315752,5.701226708,10.06552098,1.119435864
1.490663033,11.14113633,-4.831865,1.586984569,56.74120873,-18.22863772,50.89887911,5.791920538,9.993994913,1.137243598
1.489678067,11.09869433,-4.821810567,1.586565991,56.5250539,-18.19070648,50.79264138,5.682003443,9.973135135,1.115661376
1.4886247,11.053581,-4.806670667,1.586114662,56.29529412,-18.13358987,50.6326693,5.61221574,9.941724617,1.101958561
1.487668,11.00690367,-4.776556667,1.585780871,56.05756897,-18.01998214,50.31447702,5.692682865,9.879247564,1.11775828
1.486613,10.95782867,-4.761975933,1.585380776,55.80763263,-17.96497504,50.16041324,5.596810308,9.84899714,1.098933704
1.485646633,10.910507,-4.742774767,1.585045917,55.56662592,-17.89253694,49.95752877,5.558688071,9.809160775,1.091448403
1.4847006,10.86610567,-4.731389033,1.58469242,55.34049232,-17.84958325,49.83722418,5.452859055,9.785538969,1.070668875
1.483687333,10.81438033,-4.692628867,1.584369428,55.07705797,-17.7033571,49.42767429,5.598974608,9.705123846,1.099358664
1.482707133,10.76801867,-4.689403867,1.584007924,54.8409405,-17.6911905,49.39359811,5.396933311,9.698432988,1.059687856
1.4817232,10.72400633,-4.676924533,1.583611335,54.61678805,-17.64411112,49.26173826,5.30464071,9.672542307,1.041566203
1.4806776,10.67793067,-4.667226133,1.583180615,54.38212715,-17.60752304,49.15926247,5.172455606,9.652421186,1.015611658
1.479718133,10.63323433,-4.647947467,1.582817621,54.15449113,-17.53479257,48.95555911,5.148522936,9.612424032,1.010912479
1.4786649,10.58757033,-4.617486967,1.582373774,53.92192683,-17.41987764,48.63370563,5.237812121,9.549228101,1.02844441
1.477705367,10.53657967,-4.592319933,1.582094711,53.66223411,-17.32493279,48.36778428,5.244040747,9.497014443,1.029667401
1.476699733,10.49099833,-4.573826467,1.581697361,53.43009082,-17.25516455,48.17237755,5.207304194,9.458646332,1.022454178
1.4756815,10.443992,-4.557548867,1.581306427,53.19069009,-17.19375586,48.00038424,5.139896775,9.424875446,1.009218732
1.474732333,10.39439033,-4.5310785,1.581019194,52.93807147,-17.09389407,47.72069153,5.166970859,9.369957783,1.014534728
1.473683367,10.34987867,-4.514136,1.580564236,52.71137594,-17.02997699,47.54167272,5.119294148,9.334807438,1.005173406
1.472682133,10.30443,-4.504817167,1.580169515,52.47990833,-16.99482086,47.44320753,4.986291722,9.315473798,0.97905838
1.471666967,10.26022043,-4.4960612,1.579744325,52.25475138,-16.96178821,47.35068973,4.853652572,9.297307928,0.953014682
1.470671067,10.21595327,-4.483525467,1.57933917,52.02930108,-16.91449605,47.21823394,4.760658055,9.271300235,0.934755209
1.469669933,10.16721193,-4.454520567,1.57898849,51.78106409,-16.8050725,46.9117607,4.818894302,9.211124214,0.946189896
1.468676467,10.12690607,-4.460724967,1.578532905,51.57578847,-16.82847914,46.97731799,4.548061402,9.223996388,0.893011856
1.467643733,10.0737356,-4.413235967,1.578209732,51.30499414,-16.64932269,46.475537,4.779048069,9.125471689,0.938366088
1.466665267,10.03035477,-4.4148383,1.577810182,51.08405789,-16.65536764,46.49246766,4.541181149,9.128796025,0.891660919
1.465700267,9.984568167,-4.3843314,1.577456204,50.8508692,-16.54027766,46.1701239,4.630336213,9.065503829,0.909166515
1.464695067,9.9389446,-4.368066967,1.577059851,50.61851082,-16.47891865,45.99826972,4.569832028,9.031760259,0.897286519
1.463683,9.8929786,-4.355022733,1.576661201,50.38440845,-16.42970813,45.86044099,4.473558386,9.004697588,0.878383189
1.4627005,9.840994833,-4.3256151,1.576372424,50.11965792,-16.31876523,45.54971237,4.519536479,8.943686023,0.887410988
1.4616898,9.797610433,-4.3161649,1.575940689,49.89870351,-16.28311352,45.44985912,4.398435306,8.924079838,0.863632772
1.460658933,9.7515048,-4.290561833,1.575525102,49.66388999,-16.18652369,45.17933053,4.434150385,8.870961549,0.870645428
1.459742267,9.705615667,-4.272934233,1.575220826,49.4301791,-16.12002201,44.99307277,4.386697253,8.834389838,0.861328006
1.4586781,9.661500333,-4.2630406,1.574745378,49.20550208,-16.0826974,44.88853409,4.266558907,8.813863669,0.837738841
1.457759767,9.612958567,-4.2448678,1.574474835,48.95828147,-16.01413891,44.69651561,4.21135678,8.77616084,0.826899904
1.4566963,9.563763,-4.213242667,1.574067883,48.70773109,-15.8948303,44.36235631,4.2949657,8.710548662,0.843316515
1.455686333,9.5192779,-4.1969118,1.57365157,48.48117087,-15.83322066,44.18980017,4.240961617,8.676667264,0.832712813
1.454708133,9.472132667,-4.1817336,1.573302523,48.24106273,-15.77595956,44.0294234,4.161230244,8.645177286,0.817057558
1.453699533,9.4237709,-4.153905433,1.572939311,47.99475885,-15.67097534,43.73538383,4.208965937,8.587442616,0.826430462
1.452679333,9.382014267,-4.151218733,1.572476353,47.78209456,-15.66083953,43.70699547,4.02469001,8.58186856,0.790247884
1.451677533,9.329103467,-4.112995567,1.572180648,47.5126227,-15.51663925,43.30311965,4.159093966,8.502567544,0.8166381
1.4506389,9.288411467,-4.107449933,1.571685049,47.30538053,-15.49571786,43.24452306,4.010448385,8.491062104,0.78745154
1.449669367,9.240001667,-4.082342,1.571361544,47.05883202,-15.40099596,42.97922618,4.029196761,8.43897106,0.791132784
1.448687267,9.1936763,-4.065011967,1.570997656,46.82289941,-15.33561688,42.79611259,3.97637775,8.403016706,0.780761771
1.447688533,9.145952867,-4.0467141,1.570635792,46.57984653,-15.26658656,42.60277262,3.926664837,8.365054403,0.771000641
1.446709067,9.097640033,-4.022988167,1.57030106,46.33379187,-15.17707838,42.3520783,3.931304491,8.315830574,0.771911637
1.445679433,9.0527903,-4.009909533,1.569869947,46.10537459,-15.12773808,42.21388609,3.841079415,8.288696534,0.754195943
1.444694333,9.005937267,-3.994245933,1.569510101,45.8667546,-15.06864577,42.04838046,3.767965063,8.256199504,0.73983994
1.4436623,8.9591322,-3.967475033,1.569102681,45.62837892,-14.96765018,41.76551224,3.812457593,8.200658329,0.748576048
1.4426714,8.912230167,-3.9433202,1.568737688,45.38950938,-14.87652394,41.51028606,3.828814243,8.150544667,0.751787677
1.441663467,8.8659862,-3.928361033,1.568346881,45.15399134,-14.82008916,41.35222365,3.751358611,8.119509114,0.736579263
1.440678667,8.8205652,-3.915384933,1.567968224,44.92266463,-14.77113567,41.21511484,3.657140711,8.092587799,0.718079579
1.439688033,8.771691633,-3.879676333,1.567629808,44.67375418,-14.63642183,40.83780858,3.78553652,8.018503715,0.743290096
1.438690767,8.7268448,-3.874196933,1.567231023,44.44535167,-14.6157503,40.77991183,3.615030758,8.007135688,0.709811289
1.437681833,8.676390967,-3.840206233,1.566895396,44.18839301,-14.48751739,40.42075735,3.717226581,7.936615705,0.729877439
1.436677833,8.6341909,-3.838542233,1.566454556,43.97347033,-14.4812398,40.40317509,3.519886161,7.93316343,0.691129648
1.435687233,8.585913033,-3.809203467,1.566108224,43.72759375,-14.37055671,40.09317413,3.58401054,7.872294741,0.703720469
1.4347098,8.540364267,-3.800729767,1.565738639,43.49561633,-14.33858893,40.00363884,3.441568414,7.854714486,0.675751958
1.4336868,8.4912176,-3.766822033,1.565371501,43.245315,-14.21066901,39.645361,3.549544919,7.784366633,0.696953145
1.4327042,8.4490932,-3.757629067,1.564951051,43.03077769,-14.17598773,39.54822575,3.432142865,7.765294126,0.673901251
1.431710467,8.399543433,-3.7285853,1.56461856,42.77842339,-14.06641755,39.24134184,3.486672479,7.705037469,0.684608141
1.430705,8.351287833,-3.709089433,1.564257064,42.53266022,-13.99286767,39.03534349,3.446907646,7.664589694,0.676800316
1.429693367,8.3059022,-3.690566367,1.563851102,42.30151362,-13.92298776,38.839624,3.411480544,7.626160172,0.669844205
1.428626,8.2610229,-3.6802211,1.563382649,42.07294576,-13.88395933,38.73031325,3.292223431,7.604697007,0.646428071
1.427720933,8.2142059,-3.667000533,1.563102356,41.83450929,-13.83408358,38.59062134,3.193478876,7.5772685,0.627039577
1.426660733,8.167655767,-3.651966233,1.562663367,41.59743197,-13.77736535,38.43176506,3.115257831,7.546077069,0.611680875
1.425620333,8.124570067,-3.627355567,1.562197946,41.37799881,-13.68451944,38.17172242,3.155867314,7.495017697,0.619654547
1.424691267,8.0787131,-3.6130986,1.56188084,41.14445174,-13.63073377,38.02107964,3.072963026,7.465438987,0.60337629
1.423673067,8.028885033,-3.5745692,1.561527596,40.89068008,-13.4853782,37.61396808,3.226302917,7.385502633,0.633484578
1.422692133,7.985737933,-3.575295467,1.561122461,40.67093422,-13.48811811,37.621642,2.998883135,7.387009407,0.588830704
1.421712933,7.937566933,-3.5509002,1.560786103,40.4256019,-13.39608481,37.36387534,3.011317487,7.336396922,0.591272188
1.4206502,7.894257867,-3.533022967,1.560301329,40.20503115,-13.32864137,37.17497989,2.979642186,7.299307301,0.585052743
1.419671133,7.847586133,-3.5156788,1.559945096,39.96733452,-13.26320896,36.99171696,2.925208485,7.263323625,0.574364686
1.418681367,7.804146733,-3.493726333,1.559535029,39.74609999,-13.18039134,36.75976155,2.935929367,7.217779179,0.576469731
1.4176587,7.753098633,-3.467980533,1.559193599,39.48611476,-13.08326304,36.4877248,2.947980886,7.164364764,0.578836047
1.416672,7.71031,-3.4570558,1.558777913,39.26819455,-13.04204852,36.37229125,2.84549422,7.141699387,0.55871279
1.415699133,7.664237333,-3.444317167,1.558419886,39.03354893,-12.9939909,36.23769157,2.745448283,7.11527074,0.53906877
1.4146714,7.617264767,-3.413908967,1.558019002,38.79432018,-12.87927327,35.91639071,2.827520392,7.052183315,0.555183629
1.413673033,7.570219833,-3.3916619,1.55764845,38.55472286,-12.79534425,35.68132247,2.822991307,7.006027668,0.554294343
1.412715833,7.525004533,-3.380080633,1.557294648,38.32444377,-12.7516529,35.55895183,2.715082858,6.982000192,0.533106519
1.411679633,7.481071167,-3.360928767,1.556844739,38.10069349,-12.67940079,35.35658828,2.693696134,6.942266108,0.528907236
1.4106901,7.4322459,-3.329136633,1.556506778,37.85202903,-12.55946215,35.02066441,2.780955538,6.876307457,0.54604062
1.409694667,7.3881294,-3.322632,1.55610008,37.62734607,-12.53492285,34.95193478,2.625002204,6.862812395,0.515419183
1.4086502,7.343646567,-3.301491567,1.555649237,37.40079739,-12.4551687,34.72855952,2.621828784,6.818952662,0.514796082
1.407684367,7.2960197,-3.2763904,1.555318984,37.15823631,-12.36047233,34.46333414,2.644493098,6.766875657,0.51924622
1.4066716,7.2517363,-3.269013167,1.554897179,36.93270334,-12.33264106,34.38538439,2.496909868,6.751570225,0.490268253
1.405665067,7.206157367,-3.253479167,1.554498897,36.70057228,-12.27403768,34.22124815,2.428915051,6.719342074,0.47691747
1.404699633,7.155962133,-3.219612067,1.554203319,36.44493065,-12.14627105,33.86339965,2.53112192,6.649078522,0.496985789
1.403654533,7.1131142,-3.211549333,1.553730024,36.22670843,-12.11585367,33.77820674,2.398092614,6.632350893,0.470865485
1.4026524,7.065103367,-3.191708767,1.553368596,35.98219183,-12.04100338,33.5685662,2.363216553,6.591187974,0.46401757
1.4016554,7.019338967,-3.1766053,1.552982321,35.7491162,-11.98402422,33.40897909,2.289728039,6.559853044,0.4495881
1.400664933,6.972707767,-3.1540077,1.552614148,35.51162601,-11.89877278,33.17020703,2.291009901,6.51297015,0.449839794
1.399692667,6.925634067,-3.130869967,1.55227008,35.27188218,-11.81148363,32.92572778,2.295745322,6.46496665,0.450769594
1.398647333,6.880219433,-3.1091563,1.551830805,35.0405879,-11.72956691,32.69629559,2.293883225,6.419917639,0.450403971
1.397717233,6.837938,-3.107852433,1.551464951,34.82525083,-11.72464795,32.6825186,2.092323147,6.417212527,0.41082765
1.396723533,6.790047833,-3.074707533,1.551110345,34.58134878,-11.59960589,32.33230106,2.198638646,6.348447313,0.431702698
1.395662133,6.744864333,-3.0594421,1.550651919,34.35123164,-11.54201569,32.17100256,2.129820006,6.316776352,0.418190158
1.394718667,6.6988276,-3.0419593,1.550322812,34.11676903,-11.47606029,31.98627479,2.080085161,6.280505056,0.408424721
1.393651667,6.653216533,-3.0211026,1.549864492,33.88447432,-11.39737654,31.76589753,2.06816771,6.237233981,0.40608473
1.392663233,6.6067233,-2.999074067,1.549496511,33.64768678,-11.31427195,31.53313838,2.064139323,6.191531721,0.405293756
1.391724633,6.5596458,-2.975920033,1.54918616,33.40792361,-11.22692132,31.28848691,2.069027621,6.143494404,0.406253573
1.390634,6.5168716,-2.963137867,1.548666348,33.1900769,-11.17869946,31.15342724,1.986240582,6.116975439,0.389998338
1.389685733,6.471982967,-2.9506406,1.548317121,32.96146151,-11.13155242,31.02137791,1.88967452,6.091047552,0.371037592
1.3887036,6.427850233,-2.932664067,1.547923939,32.73669587,-11.06373436,30.83143323,1.854853558,6.053751914,0.364200496
1.3877142,6.380719033,-2.903458067,1.547563505,32.4966592,-10.95355214,30.52283512,1.923415002,5.993158675,0.377662536
1.3867279,6.3330469,-2.8855428,1.547213389,32.25386758,-10.88596522,30.3335378,1.869920707,5.955990146,0.367158931
1.3857014,6.289373733,-2.867068833,1.546769708,32.03144249,-10.81627054,30.13833711,1.842696303,5.917662492,0.361813419
1.384687133,6.245616767,-2.857800567,1.546339378,31.80859061,-10.78130519,30.04040622,1.717775314,5.898433761,0.337285183
1.383696867,6.197561433,-2.829750233,1.545990409,31.56384738,-10.67548283,29.74401918,1.769419125,5.840238166,0.347425445
1.382711767,6.151999467,-2.809794867,1.545613334,31.33180273,-10.60019944,29.53316564,1.748228017,5.798837073,0.343264571
1.381685733,6.105991033,-2.784534933,1.545201283,31.09748425,-10.50490411,29.26626268,1.780812495,5.746430677,0.349662533
1.380723833,6.060494567,-2.764693867,1.544846533,30.86577319,-10.43005194,29.05661686,1.758747252,5.705266721,0.345330023
1.3797298,6.0170951,-2.7537631,1.544431666,30.64474204,-10.38881465,28.94111957,1.653213394,5.682588827,0.32460845
1.378662167,5.9713486,-2.7341927,1.54397452,30.41175758,-10.31498359,28.73433369,1.627014811,5.641986419,0.319464358
1.377704567,5.927423467,-2.714116967,1.543603101,30.18804923,-10.23924611,28.52220832,1.615431833,5.600335604,0.31719004
1.376678367,5.882893733,-2.698865133,1.54317115,29.96126169,-10.18170722,28.36105352,1.54979909,5.568692859,0.304303051
1.3756642,5.8351472,-2.667525767,1.542794161,29.71809116,-10.06347669,28.02991371,1.637768375,5.503673557,0.321575821
1.3747362,5.791435233,-2.654164533,1.542449497,29.49546847,-10.01307026,27.88873548,1.556323908,5.475953211,0.305584199
1.373665033,5.747463067,-2.640045933,1.541965139,29.27152058,-9.959806592,27.73955472,1.481556787,5.446661569,0.290903675
1.3726646,5.698869033,-2.5998808,1.541613193,29.02403378,-9.808280077,27.31515958,1.658465123,5.363331584,0.325639627
1.371730533,5.6563409,-2.5890901,1.541246664,28.80744029,-9.767571208,27.20114227,1.555888939,5.340944284,0.305498793
1.370710633,5.610476333,-2.573534167,1.540838827,28.57385451,-9.708885074,27.03677427,1.48667116,5.308670628,0.291907882
1.369728867,5.565872033,-2.549946967,1.540452304,28.34668721,-9.619900278,26.78754585,1.508732283,5.259734627,0.296239584
1.368695167,5.522191533,-2.535722267,1.540001521,28.12422477,-9.56623634,26.637244,1.436571685,5.23022286,0.28207085
1.3676448,5.4768149,-2.514622767,1.539556705,27.89312401,-9.486636612,26.41430126,1.428413677,5.186448052,0.280469026
1.3666935,5.431548733,-2.495263333,1.539209482,27.66258586,-9.413601439,26.2097445,1.402432278,5.146283333,0.275367578
1.3657132,5.387423367,-2.475908767,1.538818035,27.43785774,-9.340584625,26.00523917,1.382209489,5.106128711,0.271396833
1.364714167,5.341507633,-2.4567717,1.538431747,27.20401137,-9.26838835,25.803032,1.350570298,5.066425333,0.265184478
1.363714133,5.2991174,-2.446345233,1.537997412,26.98812019,-9.229053583,25.69286327,1.244847848,5.044793702,0.244425875
1.3627334,5.252358767,-2.415126867,1.537640672,26.74998099,-9.111279536,25.36300197,1.336569938,4.980025437,0.262435507
1.361767367,5.2063993,-2.396182433,1.537287968,26.51591189,-9.039809987,25.16283021,1.302672602,4.940721712,0.255779765
1.360668833,5.164676367,-2.378748867,1.536746227,26.30341923,-8.974040316,24.97862266,1.274387497,4.904552559,0.250225985
1.359674733,5.122574633,-2.368498933,1.536313975,26.08899737,-8.935371537,24.87031922,1.168269065,4.88328718,0.229389631
1.358715633,5.0794633,-2.348128867,1.535930196,25.86943366,-8.85852366,24.65508386,1.163940728,4.841025715,0.228539762
1.357651567,5.033761633,-2.328181167,1.535476018,25.63667753,-8.783269199,24.44431132,1.141957128,4.799640529,0.224223282
1.356681433,4.990000267,-2.311774233,1.53508988,25.41380324,-8.721372593,24.27095144,1.092442719,4.765601316,0.214501128
1.355700933,4.945127,-2.291083667,1.534708214,25.18526611,-8.643315602,24.05232959,1.082527436,4.722674915,0.212554262
1.354677033,4.900640967,-2.270689167,1.53427798,24.95870113,-8.566375549,23.83683606,1.071455994,4.680362759,0.210380385
1.353723167,4.857439667,-2.252323167,1.533900634,24.73867923,-8.497088191,23.64277617,1.045493978,4.642259101,0.205282743
1.352685633,4.812164767,-2.231995033,1.533467295,24.5080966,-8.420398511,23.42798388,1.029703634,4.600084636,0.202182308
1.351678467,4.769555867,-2.218345967,1.533028744,24.29109176,-8.368906201,23.28376433,0.956918347,4.571767127,0.187890917
1.350664867,4.725685733,-2.200092167,1.532600591,24.06766353,-8.300042127,23.09088998,0.926364464,4.533896248,0.181891662
1.3497096,4.680452667,-2.170505467,1.532248959,23.83729395,-8.188423687,22.7782693,1.008615573,4.472513176,0.198041668
1.348674233,4.639697233,-2.1588876,1.531757474,23.62972872,-8.144594258,22.65551193,0.92380771,4.448409767,0.181389644
1.3476175,4.5815603,-2.137782733,1.531476578,23.33364044,-8.064974284,22.43251247,0.850718886,4.404623824,0.167038653
1.3466342,4.537367,-2.121729267,1.531083037,23.10856634,-8.004411162,22.26288741,0.795269844,4.371317943,0.156151234
1.345562367,4.4868892,-2.096943,1.53068483,22.85148561,-7.91090278,22.00098934,0.800087194,4.319894257,0.157097121
1.344587333,4.4392446,-2.0854233,1.530345614,22.60883422,-7.867443694,21.87926922,0.679155921,4.295994512,0.133352265
1.343496067,4.3938724,-2.056228833,1.529859839,22.37775605,-7.757304989,21.57079298,0.756553993,4.235425201,0.148549377
1.342505167,4.350361667,-2.035884367,1.52944959,22.15615822,-7.68055369,21.3558281,0.749921037,4.193216848,0.147246996
1.341468833,4.304166967,-2.024452133,1.529029725,21.9208911,-7.63742458,21.23503218,0.635449832,4.169498569,0.124770575
1.3404059,4.252101267,-1.999074133,1.528661609,21.65572328,-7.541683832,20.9668817,0.638432499,4.116847223,0.125356221
1.339440067,4.208631667,-1.981402267,1.528275877,21.43433495,-7.475015153,20.78015621,0.603769654,4.080183672,0.118550172
1.338409567,4.165689167,-1.961412267,1.527818445,21.2156311,-7.399601112,20.56893673,0.596285294,4.038710727,0.117080617
1.337400967,4.122184933,-1.9376723,1.527390409,20.99406638,-7.310039989,20.31809413,0.625563169,3.989457782,0.122829328
1.336419267,4.079882933,-1.923766567,1.526973229,20.77862456,-7.257579382,20.17116257,0.557052913,3.960607771,0.10937734
1.3353958,4.036672733,-1.903832767,1.526526402,20.55855734,-7.182377359,19.96053691,0.547611348,3.919251423,0.107523488
1.334437967,3.9949073,-1.8900504,1.526125929,20.34584823,-7.130382163,19.81490888,0.480530273,3.890657358,0.094352119
1.333404467,3.9525925,-1.870131867,1.52565712,20.13034123,-7.055237736,19.60444453,0.475487621,3.849332683,0.093361994
1.332397233,3.908426133,-1.844143867,1.525239287,19.9054043,-6.957195709,19.32984863,0.525146585,3.795415779,0.103112532
1.3313872,3.8674237,-1.828399433,1.524776431,19.69658111,-6.897798443,19.1634889,0.48268313,3.762751045,0.094774833
1.3303836,3.824888333,-1.8150254,1.524340465,19.47995077,-6.847343721,19.02217542,0.407366271,3.735004143,0.079986367
1.329440367,3.7809063,-1.7895123,1.523984172,19.25595264,-6.751093296,18.75259744,0.45294612,3.682072507,0.088935971
1.3284116,3.738392967,-1.769487267,1.523522746,19.03943451,-6.675547088,18.54100778,0.448017654,3.640526878,0.087968266
1.327418267,3.697026233,-1.757671133,1.523081452,18.82875596,-6.630969681,18.41615547,0.36219141,3.616012127,0.071116283
1.3264514,3.656421433,-1.742300933,1.522656456,18.6219579,-6.572984243,18.25374998,0.317798834,3.58412381,0.062399801
1.3253922,3.613221567,-1.7166187,1.522173758,18.4019433,-6.476095748,17.9823849,0.369149322,3.530841275,0.072482469
1.3244305,3.571284633,-1.6930264,1.521771707,18.18836075,-6.387091712,17.73310258,0.404849088,3.481894692,0.079492118
1.323396167,3.530050967,-1.680813133,1.521287637,17.9783599,-6.341016084,17.60405406,0.323896758,3.456556016,0.063597128
1.3224495,3.489150767,-1.663445167,1.520886783,17.77005738,-6.275493895,17.42053966,0.299108643,3.420522962,0.058729982
1.3214222,3.446839233,-1.6461746,1.52042413,17.55456701,-6.210339156,17.23805441,0.26610353,3.384691983,0.052249428
1.320454933,3.405687733,-1.625264067,1.520006031,17.34498464,-6.131452321,17.01710833,0.277467229,3.34130922,0.05448069
1.319425467,3.3650655,-1.607366433,1.519518668,17.13809778,-6.063931917,16.82799733,0.259691377,3.304177275,0.050990402
1.318404567,3.324119433,-1.590606433,1.519044193,16.92956167,-6.000703336,16.65090685,0.228245733,3.269405561,0.04481605
1.317414933,3.282942933,-1.573646167,1.51860406,16.71985197,-5.936719231,16.47170031,0.197742574,3.234218356,0.038826754
1.316389967,3.241179133,-1.555453133,1.518136431,16.50715118,-5.868084405,16.27946804,0.177274058,3.196473549,0.034807761
1.315386,3.2012817,-1.536131667,1.517664896,16.30395569,-5.795192465,16.07531245,0.178234163,3.156387599,0.034996278
1.314420233,3.160124133,-1.519228067,1.517248377,16.09434242,-5.73142214,15.89670466,0.147228676,3.12131796,0.02890835
1.313359033,3.119628567,-1.498290267,1.51672759,15.88810067,-5.652432439,15.67547048,0.162221114,3.077878628,0.031852116
1.3123967,3.078522933,-1.479269467,1.516313811,15.67875189,-5.58067479,15.47449181,0.153851001,3.038416467,0.030208644
1.311415,3.038137367,-1.461907533,1.515871057,15.47307037,-5.515175362,15.29104115,0.131620136,3.00239593,0.025843614
1.310354367,2.998458333,-1.445710033,1.51533994,15.27098718,-5.454068862,15.1198942,0.100683905,2.968791226,0.019769285
1.3094548,2.958648533,-1.426562033,1.514971635,15.06823801,-5.38183134,14.9175715,0.100257429,2.929065164,0.019685546
1.308412633,2.918751233,-1.4087166,1.514461898,14.86504321,-5.314507866,14.72901206,0.085622065,2.892041518,0.016811893
1.307352367,2.879177033,-1.391167633,1.513929749,14.66349393,-5.248302838,14.54358516,0.06949969,2.855632947,0.013646264
1.3064218,2.839447867,-1.375281267,1.513529368,14.46115542,-5.188370116,14.37572572,0.035020618,2.822673746,0.006876298
1.305415967,2.7983481,-1.354390167,1.513072011,14.25183652,-5.109556595,14.15498498,0.046442454,2.779331302,0.009118976
1.3044114,2.760166267,-1.340854267,1.512576981,14.05737849,-5.058491216,14.01196118,-0.004991768,2.751248578,-0.000980134
1.3034756,2.720681267,-1.321590567,1.512168108,13.85628351,-4.985817206,13.80841597,-0.00254154,2.711282475,-0.000499031
1.302444067,2.681873633,-1.305578133,1.511654463,13.65863832,-4.925408886,13.63922448,-0.030995239,2.678061726,-0.006085915
1.301377067,2.641630567,-1.282774967,1.511124507,13.45368254,-4.839381924,13.39828035,0.004993113,2.630752346,0.000980398
1.3004148,2.603465233,-1.267268167,1.510671556,13.25930855,-4.780881151,13.23443151,-0.025532039,2.598580627,-0.005013216
1.299402633,2.564765367,-1.249447367,1.51017584,13.06221221,-4.713650608,13.04613235,-0.034329221,2.561608087,-0.006740543
1.298384567,2.526184067,-1.232192633,1.50967264,12.86571972,-4.648555602,12.86381439,-0.048503756,2.525809956,-0.009523712
1.297413367,2.4875396,-1.216724433,1.509217151,12.66890553,-4.59020045,12.70037341,-0.081876966,2.49371832,-0.016076542
1.296404833,2.4494566,-1.198674433,1.508716835,12.47495085,-4.52210523,12.50965247,-0.085110693,2.456270262,-0.016711485
1.295349567,2.4119022,-1.1826838,1.508162732,12.28368831,-4.461779153,12.34069132,-0.107412087,2.423094741,-0.021090363
1.2944361,2.373880733,-1.164562033,1.507756662,12.09004702,-4.393413186,12.14921207,-0.109574123,2.38549779,-0.021514879
1.293394933,2.3361393,-1.1499978,1.507219154,11.89783193,-4.338468329,11.99532263,-0.147899777,2.355281599,-0.029040121
1.292415733,2.297940767,-1.1312546,1.506749714,11.70328885,-4.267757951,11.79727716,-0.144397379,2.316395369,-0.028352425
1.291414167,2.2609968,-1.114041233,1.506241164,11.51513522,-4.202819004,11.61539629,-0.150670154,2.280683062,-0.029584085
1.2903341,2.223223033,-1.0957759,1.505665189,11.32275545,-4.13391142,11.42240008,-0.150053705,2.242788256,-0.029463045
1.2893951,2.186382133,-1.080064433,1.50521783,11.13512673,-4.074638523,11.25638868,-0.171671028,2.210191917,-0.033707606
1.288400367,2.148974967,-1.0628389,1.504722296,10.94461404,-4.009653676,11.07437926,-0.1801743,2.174454368,-0.035377224
1.2874147,2.112457933,-1.046537167,1.504223949,10.75863475,-3.948153947,10.90213095,-0.193905278,2.140633412,-0.038073301
1.286436933,2.076334567,-1.031131383,1.503728249,10.57466039,-3.890034268,10.73934948,-0.215098172,2.10867127,-0.042234526
1.285402533,2.040403633,-1.01621249,1.503173347,10.39166607,-3.833751424,10.58171261,-0.240455618,2.077719271,-0.047213461
1.284427833,2.004255,-0.997758893,1.50268105,10.20756303,-3.7641336,10.38672716,-0.229573213,2.039433878,-0.0450767
1.283400867,1.9681416,-0.979273307,1.502136017,10.02363942,-3.694395091,10.19140369,-0.218173352,2.001082115,-0.042838338
1.282409867,1.932081067,-0.962726567,1.501626245,9.839985061,-3.631971052,10.01656658,-0.226990597,1.966752848,-0.044569604
1.281465,1.896143333,-0.946165127,1.501160967,9.656956116,-3.569491556,9.841574141,-0.235027105,1.932393083,-0.046147572
1.280381033,1.861903033,-0.933401267,1.500533937,9.482572108,-3.521338766,9.706707911,-0.274544883,1.905912098,-0.053906888
1.279416733,1.826833533,-0.918467763,1.50003764,9.303965028,-3.465000805,9.548916672,-0.295360722,1.874929788,-0.057994078
1.278428567,1.7914182,-0.899879733,1.499522091,9.123596639,-3.394875819,9.352510762,-0.279323203,1.836365488,-0.054845111
1.2773823,1.757111467,-0.883957523,1.498933647,8.948874289,-3.334807875,9.184272594,-0.285807383,1.803331924,-0.05611828
1.276453867,1.722181567,-0.865917323,1.498471354,8.770978185,-3.266749626,8.993655197,-0.273086091,1.765904198,-0.053620454
1.275406267,1.688311667,-0.854209083,1.497875747,8.598480604,-3.222579256,8.86994292,-0.321871394,1.741613292,-0.063199448
1.274414633,1.6541749,-0.83733837,1.497339669,8.424623886,-3.158932999,8.691682621,-0.317467814,1.706611883,-0.062334805
1.273439333,1.6212952,-0.824430703,1.496803149,8.25716934,-3.110237686,8.555296892,-0.348536631,1.679832545,-0.068435167
1.2724021,1.587288933,-0.806549687,1.496219729,8.083977252,-3.04277997,8.366361468,-0.332793296,1.642735074,-0.065343964
1.2713617,1.5545316,-0.792718927,1.495616476,7.917145913,-2.990602206,8.220222098,-0.353485264,1.614040609,-0.069406832
1.270450267,1.520964233,-0.7758734,1.495152999,7.746189118,-2.927050968,8.042227928,-0.346447889,1.579091454,-0.068025043
1.269453733,1.4891157,-0.764148433,1.494581484,7.583986249,-2.882817495,7.918338912,-0.384761742,1.554765845,-0.075547968
1.268387133,1.456528767,-0.749235253,1.493949757,7.418022748,-2.826556205,7.760762414,-0.393148744,1.5238257,-0.077194756
1.2674412,1.4242768,-0.73332592,1.493434226,7.253765215,-2.766536839,7.592660303,-0.389304167,1.49081885,-0.076439873
1.266396733,1.3921974,-0.71856008,1.492817859,7.090386555,-2.710831403,7.436640637,-0.396663161,1.460184389,-0.077884812
1.265369533,1.3604312,-0.702858787,1.492214579,6.928603005,-2.651596886,7.270736731,-0.392542805,1.427609157,-0.07707578
1.264431967,1.3289722,-0.688504217,1.491696833,6.768384008,-2.597443002,7.119062649,-0.40108772,1.397827951,-0.078753574
1.263414167,1.2980065,-0.674810227,1.49109227,6.610677362,-2.545781215,6.974368426,-0.414100144,1.369417241,-0.081308563
1.2624215,1.266659833,-0.658833047,1.490517925,6.451030473,-2.485505892,6.80554943,-0.404928037,1.336269631,-0.07950762
1.261508,1.236713933,-0.646225573,1.490004053,6.298517613,-2.437943084,6.672335622,-0.424227088,1.310113099,-0.083296989
1.260399333,1.206388,-0.630251723,1.489300085,6.144069264,-2.377680323,6.503551812,-0.409891627,1.276972398,-0.080482221
1.259471433,1.176326267,-0.616299233,1.488773359,5.990966471,-2.325043322,6.356126211,-0.415568819,1.248025382,-0.081596938
1.2584294,1.1469439,-0.602958977,1.488123434,5.841323657,-2.274716025,6.215169626,-0.424255048,1.220348556,-0.083302479
1.257426233,1.1180809,-0.591093303,1.487505444,5.694325949,-2.229951723,6.089793867,-0.445876998,1.195731026,-0.087547949
1.256479133,1.088963067,-0.578476113,1.486946921,5.546030388,-2.182352259,5.95647739,-0.460856081,1.169554336,-0.090489092
1.255431,1.060222133,-0.56470094,1.486282336,5.399654359,-2.1303842,5.810925363,-0.461680084,1.140975195,-0.090650884
1.254410933,1.031619857,-0.55110067,1.485643966,5.2539845,-2.07907598,5.66722141,-0.463645989,1.112758924,-0.09103689
1.253432367,1.00382864,-0.538946353,1.485036273,5.112445327,-2.033222746,5.538795772,-0.476759524,1.08754255,-0.093611732
1.252430967,0.976057997,-0.524864677,1.484405473,4.971010933,-1.980098377,5.390005152,-0.469403298,1.058327512,-0.092167338
1.251473967,0.948754543,-0.513520467,1.483812837,4.831955912,-1.937301342,5.270139309,-0.488592476,1.034791853,-0.095935133
1.250415633,0.921838443,-0.501401397,1.483113699,4.694873661,-1.891581079,5.142086096,-0.497621514,1.009648605,-0.097707984
1.249410467,0.894971113,-0.487835517,1.482467077,4.558039793,-1.840402598,4.998745517,-0.491114803,0.981503682,-0.096430392
1.2484167,0.869119843,-0.476829927,1.481818296,4.426380664,-1.798883037,4.88245762,-0.506486035,0.958670554,-0.099448533
1.247384033,0.843134127,-0.465028227,1.481132408,4.294036805,-1.754360081,4.75775782,-0.514130094,0.934185748,-0.100949444
1.246425633,0.81735661,-0.452186693,1.480518009,4.162753298,-1.705914262,4.622070874,-0.509726655,0.907543616,-0.100084829
1.2454128,0.792724767,-0.442355553,1.479833888,4.037304643,-1.668825417,4.518192519,-0.531296954,0.887147101,-0.104320157
1.244478167,0.767751397,-0.429971577,1.479232524,3.910116611,-1.622105771,4.387340234,-0.527632701,0.861454255,-0.103600681
1.243467833,0.74331961,-0.418838053,1.478548233,3.785686835,-1.58010357,4.269700561,-0.534422805,0.838355705,-0.104933918
1.242434033,0.71924301,-0.407113783,1.477835735,3.663066005,-1.535872725,4.145818906,-0.533161981,0.814031542,-0.104686355
1.241447033,0.69578141,-0.397743357,1.47716183,3.543577336,-1.500521963,4.046808566,-0.553640309,0.794590862,-0.108707275
1.240405533,0.672320623,-0.38536795,1.476433415,3.42409281,-1.453834647,3.916046834,-0.542363103,0.768915796,-0.106492995
1.239419933,0.649444503,-0.376229613,1.475753096,3.30758596,-1.419359465,3.819488817,-0.562311935,0.749956629,-0.110409949
1.238382267,0.627049983,-0.365316147,1.475014285,3.193531873,-1.378187447,3.704174319,-0.561051525,0.727314628,-0.110162467
1.2374568,0.604721823,-0.35361455,1.474386787,3.079815754,-1.33404214,3.580532237,-0.551125562,0.703037505,-0.108213504
1.236418133,0.583342253,-0.3443622,1.473633431,2.970930753,-1.299136832,3.482769526,-0.562247852,0.683841796,-0.110397366
1.235419933,0.56219065,-0.334968567,1.472917499,2.863206774,-1.26369852,3.383513978,-0.570716283,0.66435297,-0.112060142
1.234476233,0.54124727,-0.325183987,1.472253289,2.756543265,-1.226785327,3.280127587,-0.573993402,0.644053052,-0.112703604
1.233406533,0.52101682,-0.315983227,1.471453564,2.65351067,-1.192074647,3.182909989,-0.579808398,0.624964376,-0.113845379
1.232409233,0.50106753,-0.30632605,1.470722487,2.551910008,-1.155642095,3.080869775,-0.579368846,0.60492878,-0.113759073
1.2314873,0.481421643,-0.297454407,1.470062728,2.451854562,-1.122173036,2.987129708,-0.585684225,0.586522918,-0.114999098
1.230321367,0.461329073,-0.288084197,1.46916493,2.349524183,-1.086823091,2.888121657,-0.589006553,0.567082687,-0.115651437
1.229358533,0.440284163,-0.27763914,1.468482941,2.242343587,-1.047418191,2.7777565,-0.585821992,0.545412489,-0.115026148
1.2282738,0.420790067,-0.26964721,1.467658357,2.1430612,-1.017267929,2.693311711,-0.60065959,0.528831754,-0.11793951
1.227114867,0.400900823,-0.259421387,1.466764845,2.041766353,-0.978690107,2.58526303,-0.593905756,0.507616396,-0.116613395
1.226202333,0.38341719,-0.251258707,1.466085631,1.952723147,-0.947895675,2.499014052,-0.596699983,0.490681409,-0.117162042
1.225123767,0.36660671,-0.24409453,1.4652314,1.867108276,-0.920868186,2.423315517,-0.60661632,0.475818002,-0.119109114
1.2241176,0.349900327,-0.235142597,1.46444818,1.782023563,-0.887096226,2.328727086,-0.597112601,0.457245563,-0.117243059
1.223104133,0.333933213,-0.22852799,1.463647795,1.700703913,-0.862142038,2.258835449,-0.608540615,0.44352234,-0.11948695
1.222099467,0.31836761,-0.2209173,1.462850851,1.621429132,-0.833430037,2.17841894,-0.607398887,0.427732559,-0.119262771
1.221137967,0.303127387,-0.213336273,1.462092732,1.543811493,-0.804829944,2.098315861,-0.604913447,0.412004319,-0.118774755
1.220150733,0.288422873,-0.20669896,1.46130173,1.468922197,-0.779790093,2.0281843,-0.609671182,0.398233987,-0.119708937
1.219162367,0.274069697,-0.200741703,1.460504907,1.395822239,-0.757315816,1.965238393,-0.619825232,0.385874558,-0.121702684
1.218136767,0.25998994,-0.194004853,1.459667201,1.324114795,-0.731900454,1.894055102,-0.620349386,0.371897719,-0.121805602
1.217134167,0.24641455,-0.18738794,1.458845764,1.254976063,-0.706937564,1.824139092,-0.619572108,0.358169711,-0.121652983
1.216132933,0.233347383,-0.181269043,1.458018913,1.188425685,-0.683853485,1.759485255,-0.621468649,0.34547493,-0.122025369
1.215136733,0.220456847,-0.175486493,1.457194737,1.122774875,-0.662038304,1.698385343,-0.626019548,0.333477962,-0.122918938
1.214168067,0.20806679,-0.169497057,1.456391415,1.059672982,-0.639442625,1.635099414,-0.625835511,0.32105177,-0.122882803
1.213076033,0.196153577,-0.164311977,1.455458364,0.998999627,-0.619881453,1.580312524,-0.631721977,0.310294364,-0.12403861
1.212117,0.184502677,-0.158338793,1.454654812,0.939662219,-0.597347091,1.517198332,-0.627945192,0.297901892,-0.123297038
1.211130267,0.17333486,-0.153747667,1.453817113,0.882785129,-0.58002666,1.468687306,-0.636311256,0.288376752,-0.124939715
1.210136867,0.162625143,-0.148451437,1.452966634,0.828241117,-0.560046164,1.412725976,-0.634893938,0.277388745,-0.124661425
1.209159033,0.152254347,-0.143775373,1.452127199,0.775423207,-0.542405302,1.363317488,-0.63830336,0.267687389,-0.125330865
1.208161067,0.142213573,-0.138775247,1.451263227,0.724286088,-0.523541882,1.310484862,-0.636607854,0.257313703,-0.124997952
1.207157733,0.132631163,-0.134271463,1.45038777,0.675483389,-0.506550961,1.262896729,-0.637822419,0.247969773,-0.125236432
1.206103567,0.123131887,-0.13023601,1.449460372,0.627104083,-0.491326857,1.22025709,-0.643562086,0.23959748,-0.126363416
1.205103733,0.11425995,-0.12615524,1.448578934,0.581919786,-0.475931792,1.177138624,-0.645627917,0.231131169,-0.126769041
1.204144,0.105450383,-0.121618573,1.447736765,0.537053136,-0.458816816,1.129203036,-0.642558979,0.221719016,-0.126166455
1.203105333,0.097126844,-0.117483113,1.446809176,0.494661798,-0.443215427,1.085506701,-0.641253983,0.213139241,-0.125910219
1.202137433,0.089120326,-0.114184433,1.445948123,0.453885032,-0.430770866,1.050652,-0.647176047,0.20629552,-0.127073017
1.201158033,0.081276198,-0.11043607,1.445073402,0.413935311,-0.416629834,1.011045828,-0.647519596,0.198518848,-0.127140473
1.200085167,0.074025594,-0.106893237,1.444097295,0.377008373,-0.403264182,0.973611339,-0.647012045,0.191168586,-0.127040815
1.199152933,0.066906944,-0.10324578,1.44326006,0.340753471,-0.389503828,0.935071369,-0.644726978,0.183601263,-0.126592142
1.1981281,0.060253454,-0.100370922,1.442324018,0.306867604,-0.378658175,0.904694887,-0.648236362,0.177636841,-0.12728121
1.197082367,0.053666075,-0.097159246,1.441366193,0.273318436,-0.366541842,0.870759488,-0.647850131,0.170973626,-0.127205373
1.1961221,0.047060376,-0.09408894,1.440494079,0.239675968,-0.354958842,0.838317848,-0.649050959,0.16460371,-0.127441156
1.194982467,0.040068158,-0.090960835,1.439447757,0.204064976,-0.34315779,0.805265486,-0.651609589,0.158113878,-0.127943543
1.193883967,0.033230398,-0.087535205,1.438440507,0.169240632,-0.330234297,0.769069394,-0.650237841,0.151006776,-0.1276742
1.192844567,0.02726115,-0.085129867,1.437480767,0.13883957,-0.321159946,0.743653974,-0.655223482,0.146016458,-0.128653131
1.1918194,0.022088312,-0.083172965,1.436524631,0.112494585,-0.313777359,0.72297684,-0.660891334,0.141956503,-0.129766014
1.190859167,0.017200231,-0.080617939,1.43562963,0.087599854,-0.304138301,0.695979785,-0.65878901,0.136655631,-0.129353222
1.189888467,0.012414863,-0.078446344,1.43472279,0.063228229,-0.295945764,0.673034146,-0.660214996,0.132150255,-0.129633215
1.188798533,0.007837127,-0.076090172,1.433693947,0.039914064,-0.287056897,0.648138226,-0.658633241,0.127261941,-0.129322637
1.187842967,0.003628563,-0.073933482,1.432794543,0.018480075,-0.278920596,0.625350091,-0.657279096,0.12278749,-0.12905675
1.186804667,-0.000412118,-0.072086742,1.431810166,-0.002098892,-0.271953603,0.605836954,-0.658344926,0.118956086,-0.129266026
1.185799667,-0.004158887,-0.070457849,1.430855167,-0.021180989,-0.265808461,0.588625652,-0.660215719,0.115576647,-0.129633357
1.184856767,-0.007916544,-0.068798013,1.429962413,-0.040318532,-0.259546583,0.571087397,-0.661815009,0.11213301,-0.129947377
1.1838432,-0.011348233,-0.067057263,1.428994642,-0.057795942,-0.252979452,0.552694192,-0.660899213,0.108521505,-0.129767561
1.1827978,-0.014705286,-0.06541295,1.427994042,-0.074893231,-0.246776133,0.53531995,-0.660622261,0.105110072,-0.129713181
1.181861,-0.017823546,-0.06370538,1.427098855,-0.090774364,-0.240334175,0.517277326,-0.658460769,0.101567403,-0.129288772
1.180817467,-0.020833513,-0.06216613,1.42609549,-0.106103964,-0.234527218,0.501013214,-0.657526258,0.098373945,-0.129105281
1.179750833,-0.023754691,-0.061080457,1.42506784,-0.120981363,-0.230431422,0.489541718,-0.66093216,0.096121516,-0.12977403
1.178843767,-0.026546109,-0.059369322,1.424198024,-0.135197905,-0.223976014,0.471461425,-0.657068409,0.092571451,-0.129015382
1.1778146,-0.029043796,-0.058129365,1.423202189,-0.147918494,-0.219298167,0.45835972,-0.656687293,0.089998931,-0.12894055
1.176820167,-0.031507524,-0.056999912,1.422240635,-0.160466127,-0.215037205,0.446425629,-0.657300835,0.087655672,-0.129061019
1.175828233,-0.033806516,-0.056200472,1.421279381,-0.172174771,-0.212021247,0.43797854,-0.66056239,0.085997086,-0.129701425
1.1747531,-0.035948049,-0.055147314,1.420232827,-0.183081482,-0.208048116,0.426850602,-0.660341163,0.083812116,-0.129657987
1.173805667,-0.03811603,-0.053834949,1.419314325,-0.194122894,-0.203097101,0.412983812,-0.657515785,0.081089371,-0.129103224
1.172841967,-0.04004689,-0.052823491,1.418376392,-0.203956661,-0.199281288,0.40229649,-0.656662229,0.078990916,-0.128935629
1.171837267,-0.04182402,-0.051845908,1.417395408,-0.213007485,-0.19559327,0.391967096,-0.65538366,0.076962739,-0.128684582
1.170820267,-0.043557511,-0.051204992,1.416401542,-0.221836063,-0.193175357,0.385195013,-0.657440155,0.075633041,-0.129088374
1.1698083,-0.045331437,-0.049956612,1.415413248,-0.230870575,-0.188465735,0.372004312,-0.653283966,0.073043047,-0.128272307
1.168865933,-0.046648804,-0.049672706,1.414488462,-0.237579852,-0.187394672,0.369004481,-0.656993412,0.07245403,-0.129000656
1.167844267,-0.048208589,-0.049221205,1.41348761,-0.245523755,-0.185691347,0.364233812,-0.660166646,0.071517309,-0.129623721
1.166894367,-0.049658656,-0.047900484,1.412557061,-0.252908869,-0.18070881,0.350278734,-0.653596682,0.068777229,-0.128333708
1.1658429,-0.050977382,-0.047409115,1.411523193,-0.259625066,-0.178855075,0.345086796,-0.655120941,0.067757792,-0.128632997
1.1648435,-0.052197778,-0.046285985,1.410540079,-0.265840479,-0.17461797,0.333219522,-0.64946908,0.065427653,-0.127523254
1.163841267,-0.053357318,-0.04625383,1.40955332,-0.271745954,-0.174496663,0.332879764,-0.655034797,0.065360942,-0.128616082
1.162822433,-0.054471005,-0.045558774,1.408549349,-0.2774179,-0.171874502,0.325535624,-0.653362603,0.06391892,-0.128287747
1.161854133,-0.05542205,-0.044970296,1.407593741,-0.282261523,-0.169654417,0.319317614,-0.651988215,0.062698013,-0.128017886
1.160809133,-0.056430715,-0.044439378,1.406562201,-0.287398599,-0.167651479,0.31370779,-0.651515469,0.061596525,-0.127925062
1.159871867,-0.057237841,-0.043982492,1.405635706,-0.29150925,-0.165927839,0.308880222,-0.650798552,0.060648632,-0.127784296
1.158814967,-0.057975827,-0.043524901,1.404588654,-0.295267774,-0.164201535,0.304045194,-0.649722047,0.059699274,-0.127572924
1.157815467,-0.058755208,-0.042865284,1.403599555,-0.299237117,-0.161713071,0.297075508,-0.646721704,0.058330776,-0.126983807
1.156848233,-0.059454503,-0.04276688,1.402641654,-0.302798591,-0.161341835,0.296035753,-0.649243423,0.05812662,-0.127478946
1.155806033,-0.059982077,-0.042006895,1.401606494,-0.305485497,-0.158474724,0.288005552,-0.643900128,0.05654989,-0.12642979
1.154857233,-0.060720132,-0.041662933,1.400667543,-0.30924437,-0.157177097,0.284371161,-0.64402461,0.055836278,-0.126454232
1.153862467,-0.06130313,-0.041083884,1.399680557,-0.312213547,-0.154992582,0.278252777,-0.640875403,0.054634933,-0.125835885
1.152788067,-0.061802692,-0.040545861,1.398612824,-0.314757788,-0.152962843,0.272567888,-0.637734755,0.053518705,-0.125219219
1.1518877,-0.062324402,-0.040269726,1.397719419,-0.317414832,-0.1519211,0.269650178,-0.637474089,0.052945812,-0.125168037
1.1508335,-0.062708654,-0.040298393,1.396670347,-0.319371804,-0.152029248,0.269953077,-0.63973396,0.053005287,-0.125611763
1.149787833,-0.063284002,-0.039892472,1.395632358,-0.322302024,-0.150497877,0.265664018,-0.638375121,0.05216313,-0.125344955
1.148874533,-0.063524741,-0.039573574,1.394722271,-0.323528091,-0.149294804,0.262294453,-0.636231623,0.051501516,-0.124924079
1.147795233,-0.063891449,-0.039059872,1.393647865,-0.325395719,-0.14735682,0.256866552,-0.63267135,0.050435748,-0.12422502
1.146814167,-0.064178524,-0.038868294,1.392670629,-0.326857774,-0.146634075,0.25484229,-0.632109143,0.050038284,-0.12411463
1.1458629,-0.064338606,-0.038584191,1.391721499,-0.327673062,-0.145562272,0.251840384,-0.629922525,0.049448859,-0.123685288
1.144800933,-0.06465308,-0.03828284,1.390663729,-0.329274661,-0.144425398,0.248656232,-0.628339972,0.048823651,-0.123374554
1.143839133,-0.064753397,-0.038206545,1.389703267,-0.329785572,-0.144137567,0.247850076,-0.628044727,0.048665362,-0.123316582
1.1428668,-0.064951307,-0.037907006,1.388733575,-0.330793517,-0.143007529,0.244685066,-0.625887662,0.048043913,-0.122893042
1.141866067,-0.065229377,-0.037557855,1.387736553,-0.332209714,-0.141690328,0.240995854,-0.623614647,0.047319536,-0.122446736
1.140842267,-0.065365249,-0.037083303,1.386714566,-0.332901699,-0.139900038,0.235981612,-0.61929239,0.04633499,-0.121598061
1.1398266,-0.065437835,-0.037088235,1.385699868,-0.333271378,-0.139918645,0.236033728,-0.619714185,0.046345223,-0.12168088
1.138783733,-0.065642917,-0.036739825,1.384659738,-0.334315848,-0.138604237,0.232352335,-0.617077262,0.045622381,-0.12116312
1.1377878,-0.065662872,-0.036538063,1.383664071,-0.334417479,-0.137843072,0.230220466,-0.615047024,0.045203788,-0.120764483
1.1368548,-0.065838177,-0.036216806,1.38273341,-0.335310296,-0.136631102,0.226825985,-0.612545361,0.044537282,-0.120273282
1.1358014,-0.065788419,-0.036015046,1.381679346,-0.335056885,-0.135869944,0.224694134,-0.610160097,0.044118693,-0.119804935
1.134867067,-0.065836535,-0.035847928,1.380745655,-0.335301937,-0.135239476,0.222928322,-0.608639338,0.043771976,-0.119506334
1.133843567,-0.065842799,-0.035589101,1.379722239,-0.335333836,-0.134263027,0.220193486,-0.6059364,0.043234991,-0.118975612
1.1327891,-0.065706593,-0.035406299,1.378665954,-0.334640149,-0.133573391,0.218261953,-0.603311181,0.042855734,-0.11846015
1.131856333,-0.065786328,-0.035401066,1.377734252,-0.335046235,-0.133553649,0.218206659,-0.603661974,0.042844878,-0.118529029
1.130806033,-0.065693283,-0.035255906,1.37668271,-0.334572359,-0.133006022,0.216672869,-0.601654306,0.042543718,-0.118134823
1.129783333,-0.065590187,-0.034957642,1.375658634,-0.334047296,-0.131880792,0.213521327,-0.597977703,0.041924913,-0.117412922
1.128823033,-0.065685221,-0.034940353,1.374699603,-0.334531303,-0.131815571,0.213338654,-0.598279036,0.041889045,-0.117472089
1.1278064,-0.065551724,-0.034611473,1.373681188,-0.333851408,-0.130574842,0.209863624,-0.594124111,0.041206722,-0.116656269
1.126831033,-0.065456003,-0.034253328,1.372704544,-0.333363906,-0.129223707,0.206079368,-0.589852353,0.040463684,-0.11581751
1.1258462,-0.065550582,-0.034488812,1.371720973,-0.333845592,-0.130112091,0.208567552,-0.592822223,0.040952239,-0.116400644
1.1248662,-0.065393024,-0.033886228,1.37073887,-0.333043159,-0.12783879,0.202200495,-0.585652733,0.039702067,-0.114992914
1.123847333,-0.06536411,-0.033689556,1.369719617,-0.332895898,-0.127096826,0.200122404,-0.583427382,0.039294034,-0.114555966
1.122787533,-0.065094421,-0.033715744,1.368656218,-0.33152239,-0.127195625,0.20039912,-0.58233059,0.039348367,-0.114340611
1.121816667,-0.064924488,-0.033818145,1.367683084,-0.330656931,-0.127581941,0.201481112,-0.582547122,0.039560816,-0.114383127
1.120819433,-0.064822203,-0.033205085,1.366684486,-0.330135997,-0.125269119,0.195003366,-0.575548442,0.038288911,-0.113008937
1.119813333,-0.064503226,-0.033247154,1.365674129,-0.328511466,-0.125427828,0.195447878,-0.574368423,0.038376191,-0.11277724
1.1188878,-0.064321421,-0.033052951,1.364746169,-0.327585541,-0.124695177,0.193395872,-0.571390492,0.037973279,-0.112192523
1.117830033,-0.06407061,-0.033330377,1.363685056,-0.326308172,-0.125741794,0.196327234,-0.573044485,0.038548852,-0.112517285
1.116834567,-0.063999816,-0.033024421,1.362688644,-0.325947622,-0.124587545,0.193094417,-0.569451118,0.037914089,-0.111811727
1.115880733,-0.063845033,-0.033037487,1.361732745,-0.325159324,-0.124636839,0.193232479,-0.568800882,0.037941197,-0.111684053
1.114823367,-0.063663984,-0.032862945,1.360672963,-0.324237252,-0.123978364,0.191388223,-0.566034554,0.037579078,-0.111140885
1.113837033,-0.063460919,-0.032613052,1.359683919,-0.323203049,-0.12303562,0.188747786,-0.562359914,0.037060628,-0.110419369
1.112827033,-0.063237085,-0.032552804,1.358670932,-0.322063074,-0.122808331,0.188111197,-0.560583351,0.036935634,-0.110070541
1.111825833,-0.063036735,-0.032508956,1.357667059,-0.321042703,-0.122642908,0.187647881,-0.559099662,0.036844661,-0.109779219
1.110820533,-0.062746884,-0.032437513,1.35665789,-0.319566507,-0.122373383,0.186892996,-0.556868582,0.03669644,-0.109341146
1.109817567,-0.06260804,-0.03184841,1.355653071,-0.318859382,-0.120150941,0.180668385,-0.549936846,0.035474237,-0.1079801
1.108782367,-0.062235011,-0.031807704,1.354612893,-0.316959569,-0.119997374,0.180238275,-0.547606923,0.035389785,-0.107522619
1.107845267,-0.061893221,-0.031998634,1.353671232,-0.315218849,-0.120717675,0.182255691,-0.547883619,0.035785905,-0.107576949
1.1068433,-0.061700735,-0.031960359,1.352666696,-0.31423853,-0.120573279,0.181851267,-0.546498876,0.035706496,-0.107305054
1.1058216,-0.06139845,-0.031822,1.351640962,-0.312699009,-0.120051308,0.180389334,-0.543497422,0.035419446,-0.106715719
1.1048455,-0.061007039,-0.031825913,1.350659639,-0.310705573,-0.120066069,0.180430676,-0.541545329,0.035427563,-0.106332425
1.1038497,-0.060847409,-0.031677147,1.349661709,-0.309892585,-0.119504835,0.178858773,-0.539160437,0.03511892,-0.105864152
1.102766133,-0.060573096,-0.031632455,1.348574481,-0.308495523,-0.119336232,0.178386549,-0.537291151,0.035026199,-0.105497118
1.1018558,-0.060340533,-0.031415278,1.347661044,-0.307311091,-0.118516914,0.176091805,-0.533811974,0.034575626,-0.104813981
1.1008429,-0.060045043,-0.031220694,1.346644201,-0.305806179,-0.117782826,0.174035773,-0.530251031,0.034171924,-0.10411479
1.0998054,-0.059709441,-0.031216248,1.345602222,-0.304096975,-0.117766053,0.173988795,-0.528494849,0.0341627,-0.103769964
1.098864333,-0.059566522,-0.031135087,1.344659249,-0.303369094,-0.117459866,0.173131227,-0.526909401,0.033994316,-0.103458661
1.097769833,-0.059126874,-0.031057845,1.343558881,-0.301129991,-0.117168465,0.172315072,-0.523854142,0.033834064,-0.102858761
1.0968027,-0.058812386,-0.031127742,1.342587551,-0.299528322,-0.117432159,0.173053625,-0.522991026,0.033979079,-0.102689288
1.0958714,-0.05854596,-0.031062327,1.341652696,-0.298171427,-0.117185372,0.172362426,-0.520942932,0.033843362,-0.102287145
1.0947992,-0.05816857,-0.031004738,1.34057546,-0.296249403,-0.116968113,0.171753926,-0.518412409,0.033723883,-0.101790276
1.093828733,-0.057877333,-0.030960768,1.339601106,-0.294766147,-0.116802233,0.171289331,-0.516464558,0.03363266,-0.101407816
1.0928644,-0.057520779,-0.030858089,1.338632015,-0.292950239,-0.116414868,0.170204399,-0.513563716,0.033419634,-0.100838236
1.091794467,-0.057142692,-0.030696433,1.337557036,-0.291024662,-0.115805006,0.1684963,-0.509930041,0.033084248,-0.100124763
1.090808567,-0.056966875,-0.030535893,1.33656879,-0.290129232,-0.115199354,0.166799989,-0.5073383,0.032751178,-0.099615875
1.0898499,-0.056592854,-0.030466554,1.335605132,-0.288224366,-0.114937769,0.166067343,-0.504700788,0.032607323,-0.099098
1.088830633,-0.056306376,-0.030194071,1.334582042,-0.286765346,-0.1139098,0.16318821,-0.500362635,0.032042005,-0.098246203
1.0877966,-0.055996389,-0.030444359,1.333543872,-0.285186602,-0.114854036,0.165832825,-0.501428506,0.032561275,-0.098455487
1.086852,-0.055724816,-0.030379583,1.332595648,-0.283803494,-0.114609663,0.165148385,-0.499360957,0.032426885,-0.098049524
1.085796767,-0.055494168,-0.030117731,1.331537336,-0.282628816,-0.113621802,0.162381586,-0.49541948,0.031883624,-0.097275615
1.084812933,-0.055064543,-0.029713381,1.33054777,-0.280440759,-0.112096356,0.158109119,-0.488958957,0.031044726,-0.096007091
1.083870567,-0.054694732,-0.030015063,1.329600468,-0.278557331,-0.113234479,0.161296773,-0.490263183,0.031670621,-0.096263176
1.082828867,-0.054436638,-0.030129721,1.328555324,-0.277242872,-0.113667034,0.162508271,-0.490160223,0.031908499,-0.09624296
1.0818716,-0.054103275,-0.029917729,1.327593608,-0.275545074,-0.112867278,0.160268316,-0.48622247,0.031468684,-0.095469782
1.080803233,-0.053768975,-0.029888048,1.32652078,-0.273842501,-0.112755304,0.159954699,-0.484206279,0.031407105,-0.095073903
1.079818967,-0.053405137,-0.029899868,1.325531658,-0.271989495,-0.112799894,0.160079589,-0.482478163,0.031431627,-0.094734587
1.0788175,-0.053076277,-0.029916472,1.324525803,-0.270314629,-0.112862536,0.160255035,-0.480978742,0.031466076,-0.094440176
1.077827367,-0.052902851,-0.029758029,1.323533355,-0.269431379,-0.112264795,0.158580885,-0.478421343,0.031137357,-0.093938031
1.076871,-0.052532273,-0.029771478,1.322572043,-0.267544044,-0.11231553,0.158722984,-0.476676106,0.031165258,-0.093595354
1.075844667,-0.052261083,-0.029673486,1.321542091,-0.266162888,-0.11194585,0.157687582,-0.474259549,0.030961957,-0.093120862
1.074811,-0.052006724,-0.029350441,1.32050503,-0.264867451,-0.110727132,0.154274202,-0.469550732,0.03029174,-0.092196286
1.073853333,-0.051690662,-0.029432755,1.319543145,-0.263257762,-0.111037669,0.155143953,-0.468810794,0.030462515,-0.092050999
1.072794167,-0.051409447,-0.029373206,1.318480226,-0.261825551,-0.110813014,0.154514739,-0.46674937,0.030338969,-0.091646239
1.071875333,-0.051110557,-0.02924144,1.317557404,-0.260303319,-0.110315915,0.153122466,-0.463834864,0.030065596,-0.091073975
1.0708237,-0.050795972,-0.029419455,1.316501572,-0.258701158,-0.110987495,0.155003425,-0.464113662,0.030434923,-0.091128718
1.069793533,-0.050557209,-0.029202848,1.315468219,-0.257485147,-0.110170324,0.152714693,-0.460608919,0.02998553,-0.090440561
1.068869733,-0.050182642,-0.029253741,1.314539421,-0.255577499,-0.110362324,0.153252448,-0.459239027,0.030091118,-0.090171583
1.067787433,-0.049926792,-0.029208957,1.313453706,-0.254274467,-0.110193372,0.152779246,-0.457462792,0.029998205,-0.089822819
1.0668125,-0.049651777,-0.029274246,1.312475103,-0.252873831,-0.11043968,0.153469106,-0.456752016,0.030133659,-0.089683258
1.065826067,-0.049380761,-0.029229061,1.311485053,-0.251493561,-0.110269216,0.15299167,-0.454894309,0.030039914,-0.089318498
1.064808767,-0.049199684,-0.029211108,1.310465336,-0.250571349,-0.110201485,0.15280197,-0.453782398,0.030002667,-0.089100174
1.063846533,-0.04895507,-0.028895421,1.309499839,-0.249325543,-0.109010531,0.149466347,-0.449200969,0.029347717,-0.08820061
1.0628383,-0.048659792,-0.028803953,1.308487665,-0.247821704,-0.108665459,0.148499873,-0.446730656,0.02915795,-0.087715564
1.061786867,-0.048462041,-0.02896831,1.307433593,-0.246814569,-0.109285511,0.150236511,-0.447460159,0.029498939,-0.087858802
1.0607903,-0.048154737,-0.02879268,1.306432925,-0.245249486,-0.10862293,0.148380756,-0.444039321,0.029134561,-0.087187121
1.059831633,-0.047973504,-0.028620241,1.30547184,-0.244326477,-0.107972387,0.146558717,-0.441294273,0.028776804,-0.08664813
1.058829333,-0.04769115,-0.02850097,1.304465772,-0.242888466,-0.107522427,0.145298469,-0.438596014,0.028529354,-0.086118327
1.0578182,-0.047405249,-0.02859927,1.303450823,-0.241432388,-0.107893272,0.146337132,-0.438178599,0.028733296,-0.086036368
1.0568302,-0.047196083,-0.028615418,1.302460032,-0.240367115,-0.107954193,0.14650776,-0.437283954,0.028766799,-0.085860704
1.055830533,-0.046842205,-0.028439158,1.301455643,-0.238564833,-0.107289236,0.144645348,-0.43361926,0.028401114,-0.085141142
1.054821967,-0.046639322,-0.028500171,1.300444368,-0.237531561,-0.107519414,0.14529003,-0.43323067,0.028527697,-0.085064842
1.053885767,-0.046374899,-0.028331102,1.29950464,-0.236184867,-0.106881587,0.143503607,-0.430097553,0.028176933,-0.084449655
1.052781267,-0.046184084,-0.028392709,1.298397593,-0.235213057,-0.107114003,0.144154556,-0.429776691,0.028304747,-0.084386653
1.051892967,-0.046023143,-0.028247515,1.297507146,-0.234393394,-0.106566248,0.142620405,-0.427422879,0.028003517,-0.083924482
1.050858433,-0.045829124,-0.028134384,1.296470023,-0.233405264,-0.106139449,0.141425027,-0.425239371,0.027768804,-0.08349575
1.049810667,-0.045584825,-0.02814254,1.295418996,-0.232161064,-0.106170219,0.141511209,-0.424081352,0.027785726,-0.083268374
1.0488516,-0.045462643,-0.027680458,1.294458299,-0.231538798,-0.104426974,0.136628732,-0.418576609,0.026827051,-0.082187517
1.047817833,-0.04517121,-0.028021993,1.293420643,-0.230054544,-0.105715444,0.140237475,-0.420701098,0.027535628,-0.082604661
1.046849567,-0.044993276,-0.02804832,1.292450002,-0.229148339,-0.105814767,0.14051566,-0.420073078,0.02759025,-0.082481349
1.0458434,-0.044818155,-0.028113015,1.291441498,-0.228256457,-0.106058832,0.141199237,-0.419864773,0.02772447,-0.082440448
1.044773333,-0.044582857,-0.027785021,1.290368292,-0.227058097,-0.104821447,0.137733571,-0.415200747,0.027043987,-0.081524667
1.043826533,-0.044376135,-0.027978589,1.289418733,-0.22600527,-0.1055517,0.139778861,-0.416193209,0.027445579,-0.081719537
1.042848033,-0.044146082,-0.027593254,1.288437163,-0.224833622,-0.104097989,0.135707312,-0.410950013,0.026646131,-0.080690035
1.041864567,-0.043936325,-0.027682328,1.287450897,-0.223765341,-0.10443403,0.136648494,-0.410822914,0.026830932,-0.080665079
1.040853467,-0.043655669,-0.027882864,1.286436052,-0.222335975,-0.105190569,0.138767406,-0.411512459,0.02724698,-0.080800471
1.039783333,-0.043584422,-0.027507837,1.285364967,-0.221973118,-0.103775745,0.13480477,-0.407186967,0.026468917,-0.079951161
1.038855,-0.043391949,-0.027701135,1.284434066,-0.220992865,-0.10450498,0.13684721,-0.408249154,0.02686995,-0.080159721
1.0377722,-0.043238158,-0.027620766,1.283349213,-0.220209615,-0.104201779,0.135998007,-0.406616702,0.026703209,-0.079839189
1.036810233,-0.043048183,-0.027679313,1.282384711,-0.219242085,-0.104422653,0.13661663,-0.406267794,0.026824675,-0.079770681
1.035827767,-0.042947876,-0.027690216,1.281400906,-0.218731223,-0.104463788,0.136731841,-0.405872143,0.026847297,-0.079692995
1.034814067,-0.04285053,-0.027603084,1.280385907,-0.218235449,-0.104135072,0.135811175,-0.404455702,0.026666524,-0.079414877
1.033861767,-0.042549459,-0.027396347,1.279429589,-0.216702107,-0.103355139,0.133626738,-0.400737924,0.02623761,-0.078684891
1.032851933,-0.042444291,-0.027374642,1.278418352,-0.216166495,-0.103273256,0.133397401,-0.399972975,0.02619258,-0.078534694
1.031828167,-0.042259792,-0.027222772,1.277392124,-0.215226848,-0.102700314,0.131792707,-0.397428634,0.025877498,-0.078035112
1.030818033,-0.042084565,-0.027346574,1.276379652,-0.214334428,-0.103167367,0.133100827,-0.397844335,0.026134347,-0.078116735
1.029829667,-0.041905675,-0.027187468,1.275388898,-0.213423351,-0.102567124,0.131419669,-0.395252099,0.025804252,-0.07760775
1.0288582,-0.041733335,-0.027369542,1.274415131,-0.212545634,-0.103254017,0.133343517,-0.39629823,0.026182,-0.077813158
1.0278398,-0.041502859,-0.02709986,1.273393656,-0.211371833,-0.102236618,0.130493987,-0.392274899,0.025622494,-0.077023176
1.026860967,-0.041464659,-0.027021145,1.272414313,-0.211177282,-0.101939656,0.129662257,-0.391248618,0.025459184,-0.076821666
1.0258352,-0.041254878,-0.027153727,1.271385746,-0.210108877,-0.102439836,0.13106316,-0.391581116,0.025734251,-0.076886952
1.024860533,-0.041175753,-0.027110716,1.270410024,-0.209705896,-0.102277573,0.130608695,-0.39072367,0.025645017,-0.076718593
1.023873467,-0.041040456,-0.026997401,1.269421152,-0.209016839,-0.101850082,0.129411379,-0.388837297,0.025409924,-0.076348203
1.0228051,-0.040886459,-0.026835295,1.26835073,-0.208232539,-0.101238523,0.127698525,-0.386340143,0.025073605,-0.075857887
1.0218747,-0.040854753,-0.026535088,1.267419907,-0.208071062,-0.100105963,0.124526454,-0.383006595,0.024450769,-0.075203345
1.020822267,-0.040597759,-0.026570606,1.266364044,-0.206762205,-0.100239958,0.124901746,-0.382073031,0.024524458,-0.07502004
1.019780367,-0.040415173,-0.026892522,1.265319707,-0.205832303,-0.101454416,0.128303197,-0.384544579,0.025192333,-0.075505328
1.0188482,-0.040364252,-0.026826889,1.264386861,-0.205572965,-0.101206808,0.127609698,-0.383591742,0.025056164,-0.075318239
1.017785867,-0.040121971,-0.026765665,1.263321294,-0.204339044,-0.100975837,0.126962793,-0.381710917,0.024929144,-0.074948938
1.016841667,-0.040100796,-0.026638893,1.262376812,-0.204231198,-0.100497577,0.125623284,-0.380263561,0.024666132,-0.07466475
1.015885733,-0.039841492,-0.026625229,1.261417418,-0.202910576,-0.100446031,0.125478914,-0.378798569,0.024637785,-0.074377099
1.014799267,-0.039709022,-0.026612912,1.260329184,-0.202235914,-0.100399564,0.125348769,-0.377993762,0.024612231,-0.074219075
1.013808733,-0.039684129,-0.026615969,1.259338318,-0.202109138,-0.100411094,0.125381063,-0.377899281,0.024618572,-0.074200524
1.0128655,-0.039549048,-0.026603725,1.258393282,-0.201421175,-0.100364902,0.12525169,-0.377081944,0.024593169,-0.07404004
1.011813033,-0.039420953,-0.026572137,1.257339106,-0.200768797,-0.100245736,0.12491793,-0.376095806,0.024527636,-0.073846412
1.0108345,-0.039395773,-0.026479066,1.256360237,-0.200640557,-0.099894618,0.123934518,-0.374984154,0.024334543,-0.073628139
1.009832333,-0.039223434,-0.026366597,1.25535577,-0.19976284,-0.099470317,0.122746138,-0.372918057,0.024101204,-0.073222461
1.008821567,-0.03918624,-0.026128441,1.254344507,-0.199573417,-0.098571851,0.120229717,-0.370212213,0.023607105,-0.072691168
1.0078204,-0.038954596,-0.026348148,1.253340249,-0.198393664,-0.099400718,0.122551205,-0.371353948,0.024062929,-0.072915348
1.0068769,-0.03883431,-0.026348408,1.252395144,-0.197781054,-0.099401699,0.122553952,-0.370744085,0.024063468,-0.072795601
1.005849867,-0.038778895,-0.026179278,1.251367371,-0.197498829,-0.09876364,0.120766877,-0.368674785,0.023712576,-0.072389294
1.004825233,-0.038566669,-0.026377566,1.250339906,-0.196417971,-0.099511698,0.122862036,-0.369689086,0.024123961,-0.072588452
1.0038597,-0.038507089,-0.026400504,1.249373577,-0.196114534,-0.099598234,0.123104408,-0.369628021,0.024171551,-0.072576462
1.0028099,-0.038380814,-0.026249965,1.248322092,-0.195471423,-0.099030311,0.121513771,-0.367394273,0.023859229,-0.072137866
1.001829667,-0.038207315,-0.026068468,1.247339543,-0.194587802,-0.098345601,0.119596034,-0.364592915,0.023482681,-0.071587819
1.000839437,-0.038217052,-0.026125833,1.246349443,-0.194637392,-0.098562014,0.120202164,-0.365248635,0.023601695,-0.07171657
0.999861033,-0.038151548,-0.025719498,1.245370166,-0.194303786,-0.09702908,0.115908727,-0.360621592,0.022758679,-0.07080805
0.998867193,-0.037898464,-0.026066405,1.244372948,-0.193014839,-0.098337818,0.119574236,-0.362998154,0.023478401,-0.071274688
0.99783772,-0.037972741,-0.025701548,1.243344466,-0.193393128,-0.09696136,0.115719056,-0.359521263,0.022721437,-0.070592
0.996854623,-0.037769359,-0.02596696,1.242358655,-0.192357314,-0.09796265,0.118523467,-0.361289861,0.023272083,-0.070939264
0.99580391,-0.037701674,-0.025999541,1.241307039,-0.192012598,-0.098085566,0.11886773,-0.361289407,0.023339679,-0.070939175
0.994807343,-0.037633246,-0.02581638,1.240309559,-0.191664102,-0.097394574,0.1169324,-0.359005581,0.022959677,-0.070490746
0.99384755,-0.037467416,-0.025622593,1.239347553,-0.190819538,-0.096663496,0.1148848,-0.356113418,0.022557631,-0.06992287
0.992788353,-0.037360657,-0.025793049,1.238286931,-0.190275819,-0.097306558,0.116685886,-0.357370784,0.022911274,-0.070169753
0.99185894,-0.037234288,-0.025925203,1.237355832,-0.189632226,-0.097805118,0.118082252,-0.358123558,0.02318545,-0.070317561
0.990846433,-0.037131783,-0.025747731,1.236341957,-0.189110174,-0.097135591,0.116207041,-0.355726294,0.022817252,-0.069846858
0.989802183,-0.037024792,-0.025826105,1.235296279,-0.188565278,-0.097431263,0.117035161,-0.356009518,0.022979854,-0.069902469
0.988854807,-0.036956312,-0.025783053,1.234347989,-0.18821651,-0.097268845,0.116580259,-0.355205847,0.022890534,-0.069744668
0.98780195,-0.036897831,-0.025498554,1.233294352,-0.187918669,-0.096195548,0.113574172,-0.351901921,0.022300289,-0.069095942
0.98684001,-0.036829084,-0.025629164,1.232331494,-0.187568546,-0.096688285,0.114954228,-0.352931853,0.022571263,-0.069298169
0.985862553,-0.036710049,-0.025520495,1.231352449,-0.186962305,-0.096278323,0.113806007,-0.351177391,0.022345809,-0.068953681
0.98476374,-0.036677231,-0.025390731,1.230253198,-0.186795168,-0.095788777,0.112434887,-0.349639134,0.02207659,-0.068651644
0.983812787,-0.036590682,-0.025458712,1.229301089,-0.186354376,-0.096045241,0.113153192,-0.349916646,0.022217629,-0.068706134
0.982854467,-0.036457395,-0.025337729,1.228340991,-0.185675552,-0.095588822,0.111874854,-0.347959485,0.021966628,-0.068321845
0.98183662,-0.036423573,-0.025300594,1.227322693,-0.185503299,-0.095448727,0.111482476,-0.347394854,0.021889584,-0.06821098
0.980868717,-0.036269255,-0.0253983,1.22635273,-0.184717367,-0.09581733,0.112514859,-0.347641305,0.022092293,-0.06825937
0.979840937,-0.036171392,-0.025189262,1.225323644,-0.184218954,-0.095028718,0.110306117,-0.34493415,0.021658606,-0.06772782
0.978829503,-0.036089613,-0.024979935,1.224311119,-0.18380246,-0.094239014,0.108094314,-0.342305853,0.021224319,-0.067211754
0.977807147,-0.035929432,-0.02493853,1.223286625,-0.182986665,-0.094082808,0.107656815,-0.341052559,0.021138416,-0.06696567
0.976840717,-0.035821125,-0.02511142,1.22231875,-0.182435065,-0.094735052,0.109483618,-0.342327762,0.021497108,-0.067216056
0.97580558,-0.035784969,-0.025099517,1.22128313,-0.182250923,-0.094690147,0.109357848,-0.34201785,0.021472414,-0.067155205
0.97482169,-0.03574363,-0.025170275,1.220298689,-0.182040389,-0.094957086,0.110105489,-0.342554956,0.021619213,-0.067260666
0.973859827,-0.035666154,-0.025050513,1.219335791,-0.181645806,-0.094505274,0.108840056,-0.340894941,0.021370745,-0.066934722
0.97277498,-0.035525173,-0.025123604,1.218249063,-0.180927797,-0.094781018,0.109612358,-0.340949234,0.021522386,-0.066945382
0.971856873,-0.035473053,-0.0249076,1.217330261,-0.180662355,-0.093966121,0.107329997,-0.338401431,0.021074245,-0.066445121
0.970824403,-0.035434257,-0.025055755,1.216297273,-0.180464767,-0.094525051,0.108895448,-0.339769294,0.021381621,-0.066713701
0.969811917,-0.035325858,-0.025144515,1.21528334,-0.179912695,-0.094859904,0.109833302,-0.340155076,0.021565769,-0.066789449
0.968885047,-0.035312656,-0.024963857,1.214356294,-0.179845461,-0.094178357,0.107924426,-0.338178967,0.021190961,-0.06640144
0.967826863,-0.035211419,-0.024961664,1.21329676,-0.179329865,-0.094170083,0.107901255,-0.337640199,0.021186411,-0.066295653
0.966805913,-0.035102312,-0.024825493,1.212274354,-0.178774187,-0.093656366,0.106462437,-0.335645703,0.020903899,-0.065904034
0.965875467,-0.035009311,-0.024562578,1.211342666,-0.17830054,-0.092664495,0.103684406,-0.332394024,0.020358433,-0.065265567
0.964820823,-0.034918249,-0.024382899,1.210286807,-0.177836764,-0.09198664,0.101785871,-0.330031714,0.019985656,-0.064801727
0.963864607,-0.034770781,-0.024679023,1.209328623,-0.177085718,-0.093103796,0.1049148,-0.332409597,0.020600021,-0.065268624
0.962825317,-0.034809924,-0.024520089,1.208289855,-0.177285071,-0.092504203,0.103235459,-0.330929609,0.020270282,-0.064978029
0.9618538,-0.034673244,-0.024467769,1.207316514,-0.176588969,-0.09230682,0.102682629,-0.329680677,0.020161734,-0.064732801
0.960878453,-0.034614359,-0.024714286,1.206340382,-0.176289072,-0.093236827,0.105287391,-0.331985543,0.020673179,-0.065185361
0.959848663,-0.034608901,-0.024716557,1.205310519,-0.176261272,-0.093245397,0.105311394,-0.331981745,0.020677892,-0.065184616
0.958884577,-0.034499806,-0.024470735,1.204344977,-0.175705657,-0.09231801,0.102713972,-0.328828708,0.020167888,-0.064565517
0.95785163,-0.034504169,-0.024438842,1.203312088,-0.175727879,-0.092197691,0.102376983,-0.328513941,0.020101721,-0.064503712
0.956917223,-0.03435224,-0.024397683,1.202375654,-0.174954114,-0.092042415,0.101942086,-0.327305279,0.020016329,-0.064266392
0.956009113,-0.034332896,-0.024176621,1.201467286,-0.174855595,-0.091208439,0.099606288,-0.324870962,0.019557695,-0.063788413
0.955266497,-0.034050494,-0.025806721,1.200720901,-0.173417338,-0.097358134,0.116830341,-0.340656758,0.022939637,-0.066887954
0.954948723,-0.033471189,-0.023699791,1.200395396,-0.170466965,-0.089409555,0.094567976,-0.315444021,0.018568422,-0.061937433
0.954584003,-0.03336937,-0.026053088,1.200029318,-0.16994841,-0.098287577,0.119433521,-0.339791011,0.023450772,-0.066717965
0.9547967,-0.031788176,-0.022945401,1.200220913,-0.161895472,-0.086563551,0.086596895,-0.298901447,0.0170033,-0.058689299
0.957022935,-0.033462417,-0.015541569,1.202469491,-0.170422289,-0.058631941,0.008366101,-0.229197469,0.001642684,-0.045002923
