Edisk/V,Idisk/mA,Iring/mA,E-iR vs RHE,jdisk mAcm-2,jring mAcm-2,jCER,jOER,I cer,I OER
0.959702533,0.01990561,-0.022436753,1.203403053,0.101378204,-0.084644635,0.132532498,-0.143227417,0.026022756,-0.028122703
0.96066799,0.020804499,-0.018371504,1.204354986,0.105956196,-0.069308122,0.089348153,-0.09546508,0.01754351,-0.018744568
0.961630623,0.021168628,-0.015702833,1.205312141,0.107810687,-0.059240324,0.060999381,-0.065261817,0.011977228,-0.012814158
0.96263921,0.021499519,-0.013795226,1.20631575,0.109495895,-0.052043708,0.040735246,-0.043312474,0.007998366,-0.008504404
0.96365134,0.021677311,-0.012418691,1.207325205,0.11040138,-0.046850608,0.026112585,-0.027784327,0.005127206,-0.005455453
0.96463273,0.021583781,-0.011310061,1.208308002,0.109925039,-0.042668206,0.014335833,-0.016483917,0.002814841,-0.003236617
0.96561696,0.022005558,-0.009960528,1.209285886,0.112073123,-0.03757697,0,0,0,0
0.966649947,0.0220586,-0.009515907,1.210318075,0.112343265,-0.035899599,0.004723118,-0.004452977,0.000927384,-0.000874342
0.96762953,0.02222161,-0.008940826,1.211295206,0.113173467,-0.033730057,0.010832086,-0.009731741,0.00212688,-0.001910827
0.9686173,0.022279558,-0.008376711,1.212282104,0.113468593,-0.031601883,0.016824572,-0.015429101,0.003303505,-0.003029504
0.969640053,0.022421713,-0.007939716,1.213302719,0.114192578,-0.02995328,0.021466684,-0.019347229,0.004214983,-0.003798828
0.970665593,0.022560905,-0.007557177,1.214326165,0.114901479,-0.028510119,0.025530318,-0.022701962,0.005012878,-0.00445753
0.971636377,0.022574894,-0.007063597,1.215296737,0.11497272,-0.026648043,0.030773527,-0.027873929,0.006042382,-0.005473046
0.972640713,0.022674887,-0.006847096,1.21629957,0.115481979,-0.025831274,0.033073374,-0.029664517,0.006493957,-0.005824628
0.973594127,0.022801726,-0.006514216,1.217251075,0.116127965,-0.024575454,0.036609494,-0.032554652,0.007188274,-0.006392106
0.974633833,0.022796807,-0.006217119,1.218290855,0.116102915,-0.023454632,0.039765491,-0.035735699,0.007807954,-0.007016705
0.97557094,0.022919285,-0.006008064,1.219226119,0.116726689,-0.022665954,0.04198624,-0.037332674,0.008243998,-0.007330271
0.976647497,0.023022257,-0.005848744,1.220301127,0.117251118,-0.022064904,0.043678668,-0.038500673,0.008576307,-0.007559607
0.977636,0.022993399,-0.005666552,1.221290064,0.117104144,-0.021377567,0.045614063,-0.040583042,0.008956321,-0.00796848
0.97864493,0.023001084,-0.005297249,1.222298879,0.117143285,-0.019984341,0.049537089,-0.044466927,0.009726607,-0.008731081
0.979653123,0.023209856,-0.005024131,1.223303931,0.11820655,-0.018953978,0.052438371,-0.046304944,0.010296274,-0.009091976
0.980657973,0.023309412,-0.004972142,1.224307283,0.118713583,-0.018757844,0.052990643,-0.046350183,0.010404713,-0.009100858
0.98165345,0.023347971,-0.004674471,1.22530218,0.118909962,-0.017634855,0.056152742,-0.049315903,0.011025591,-0.009683178
0.982631263,0.023436482,-0.004568725,1.226278661,0.119360745,-0.01723592,0.057276058,-0.049988436,0.011246154,-0.009815229
0.9836692,0.023583006,-0.004545817,1.227314394,0.120106982,-0.017149495,0.057519412,-0.049485552,0.011293936,-0.009716488
0.98461908,0.023656721,-0.004232344,1.228263165,0.120482409,-0.015966891,0.060849372,-0.052440086,0.011947774,-0.010296611
0.985628783,0.023713403,-0.00400544,1.229272015,0.120771086,-0.015110875,0.06325973,-0.054561767,0.012421048,-0.010713203
0.986648737,0.023798467,-0.003956106,1.230290689,0.121204315,-0.01492476,0.06378379,-0.054652597,0.012523947,-0.010731037
0.98764634,0.02381486,-0.003835594,1.231288045,0.121287802,-0.014470118,0.065063965,-0.055849285,0.012775309,-0.010966007
0.988622347,0.023884459,-0.003766369,1.232263005,0.121642268,-0.014208959,0.065799334,-0.056230189,0.012919699,-0.011040798
0.98963523,0.023996267,-0.003659146,1.233274206,0.1222117,-0.013804451,0.06693834,-0.056799763,0.013143343,-0.011152633
0.99060776,0.023938799,-0.003599274,1.234247601,0.121919015,-0.013578579,0.067574348,-0.057728455,0.013268223,-0.011334982
0.99165883,0.023991549,-0.003572222,1.235297877,0.12218767,-0.013476523,0.067861717,-0.05774717,0.013324648,-0.011338657
0.99260837,0.02417329,-0.003416168,1.236244683,0.123113265,-0.012887795,0.069519449,-0.058479307,0.013650144,-0.011482412
0.9936831,0.024203678,-0.003362997,1.237318956,0.123268032,-0.012687202,0.070084276,-0.058889368,0.013761048,-0.011562927
0.994684243,0.024310592,-0.003294398,1.23831849,0.123812537,-0.012428406,0.070812989,-0.059073575,0.01390413,-0.011599096
0.99567062,0.024360133,-0.003255769,1.239304122,0.12406485,-0.012282676,0.071223335,-0.059231608,0.013984702,-0.011630126
0.996665397,0.024466895,-0.003185073,1.240297292,0.12460858,-0.012015968,0.071974329,-0.059438871,0.014132159,-0.011670822
0.997614187,0.024587623,-0.003095668,1.241244266,0.125223441,-0.01167868,0.072924059,-0.05977374,0.014318639,-0.011736574
0.998679043,0.024564228,-0.003057325,1.242309475,0.125104293,-0.011534027,0.07333137,-0.060300199,0.014398614,-0.011839944
0.999600283,0.024634772,-0.003018315,1.243229653,0.12546357,-0.011386858,0.073745767,-0.060355319,0.014479981,-0.011850767
1.0006619,0.024655763,-0.002939968,1.244290954,0.125570474,-0.011091289,0.074578026,-0.061080675,0.014643395,-0.01199319
1.0016072,0.024709442,-0.00288036,1.245235446,0.12584386,-0.010866413,0.075211231,-0.061440493,0.014767725,-0.012063841
1.002650767,0.024776173,-0.002820887,1.246278009,0.126183716,-0.010642045,0.075843003,-0.061732409,0.014891774,-0.012121159
1.0036721,0.02472676,-0.002801492,1.247300086,0.125932062,-0.010568875,0.076049034,-0.062190095,0.014932228,-0.012211025
1.004639967,0.024850547,-0.002764921,1.24826609,0.126562499,-0.010430908,0.076437519,-0.061948143,0.015008507,-0.012163518
1.005620667,0.024988482,-0.002730734,1.249244715,0.127264998,-0.010301937,0.076800673,-0.061608798,0.015079812,-0.012096887
1.0066341,0.024965861,-0.002690811,1.250258489,0.127149789,-0.010151324,0.077224768,-0.062148102,0.015163083,-0.01220278
1.007644167,0.025060862,-0.002610836,1.251267126,0.127633625,-0.009849608,0.078074336,-0.062513833,0.015329896,-0.012274591
1.0086568,0.02515027,-0.002596679,1.252278414,0.128088975,-0.009796203,0.078224714,-0.062208861,0.015359423,-0.01221471
1.009615533,0.02525743,-0.002580733,1.253235535,0.128634732,-0.009736043,0.07839411,-0.0618325,0.015392683,-0.012140811
1.010654267,0.025366334,-0.002526232,1.25427263,0.129189376,-0.009530432,0.078973067,-0.061856814,0.015506362,-0.012145585
1.011627067,0.025316021,-0.002507246,1.255246187,0.128933136,-0.009458807,0.079174746,-0.062314733,0.015545961,-0.012235498
1.012623933,0.025331241,-0.002510252,1.256242825,0.129010648,-0.009470148,0.079142813,-0.062205288,0.015539691,-0.012214008
1.013658367,0.025405031,-0.00249083,1.257276148,0.129386456,-0.009396876,0.079349132,-0.062035799,0.015580202,-0.012180729
1.014627733,0.025466916,-0.002431649,1.258244584,0.129701633,-0.009173611,0.079977797,-0.062349287,0.015703641,-0.012242283
1.015685567,0.025519997,-0.002395693,1.259301618,0.129971975,-0.009037964,0.08035975,-0.062460898,0.015778637,-0.012264197
1.016579367,0.02547951,-0.002369087,1.260196027,0.129765777,-0.008937589,0.080642385,-0.062949731,0.015834132,-0.01236018
1.0176593,0.025581456,-0.00236524,1.261274427,0.130284979,-0.008923075,0.080683253,-0.062471397,0.015842157,-0.012266259
1.018609967,0.025720521,-0.002343913,1.262223001,0.130993231,-0.008842617,0.080909806,-0.061989697,0.01588664,-0.012171677
1.019620167,0.025704596,-0.002314472,1.263233441,0.130912125,-0.008731549,0.081222552,-0.06238355,0.015948048,-0.01224901
1.020659533,0.0257775,-0.002283596,1.264271711,0.131283422,-0.008615067,0.08155054,-0.06234024,0.016012448,-0.012240506
1.021647267,0.025868595,-0.002235202,1.265258074,0.131747366,-0.008432498,0.082064616,-0.062390373,0.016113387,-0.01225035
1.0226474,0.025897887,-0.002214154,1.266257766,0.131896545,-0.008353093,0.082288201,-0.062464779,0.016157288,-0.012264959
1.023641167,0.02604878,-0.002209522,1.267249263,0.132665037,-0.008335617,0.08233741,-0.061745496,0.01616695,-0.012123728
1.0246455,0.026060946,-0.002202013,1.268253413,0.132726996,-0.008307289,0.082417177,-0.061763304,0.016182613,-0.012127225
1.025644233,0.026053279,-0.002172263,1.269252262,0.132687952,-0.008195056,0.082733201,-0.062118372,0.016244664,-0.012196942
1.026657467,0.026102338,-0.002181908,1.270264757,0.132937803,-0.008231441,0.082630749,-0.061766068,0.016224548,-0.012127768
1.027673833,0.026168214,-0.002203693,1.271280133,0.133273308,-0.008313628,0.082399328,-0.061199143,0.016179108,-0.012016452
1.028675367,0.026188772,-0.002183573,1.272281357,0.133378007,-0.008237722,0.082613061,-0.061308177,0.016221075,-0.012037861
1.029621333,0.026143964,-0.002122464,1.273227997,0.133149802,-0.008007185,0.083262206,-0.062185526,0.016348534,-0.012210128
1.030675567,0.026288898,-0.002124786,1.27428005,0.133887947,-0.008015945,0.08323754,-0.061422716,0.016343691,-0.01206035
1.0316063,0.026433121,-0.002116454,1.275208614,0.134622463,-0.00798451,0.083326054,-0.060776713,0.016361071,-0.011933508
1.0326107,0.026423679,-0.002113603,1.276213156,0.134574377,-0.007973754,0.08335634,-0.060855085,0.016367017,-0.011948896
1.033619333,0.02649567,-0.002115282,1.277220706,0.134941022,-0.007980087,0.083338508,-0.060470609,0.016363516,-0.011873404
1.0346661,0.026658986,-0.002112506,1.278265016,0.135772783,-0.007969617,0.08336799,-0.059668329,0.016369305,-0.011715876
1.035663,0.026667199,-0.002082247,1.279261792,0.135814612,-0.007855461,0.083689427,-0.059947938,0.016432419,-0.011770778
1.036619267,0.026743581,-0.002071185,1.280216909,0.136203623,-0.007813727,0.083806943,-0.059676443,0.016455493,-0.01171747
1.0376424,0.026775517,-0.002094037,1.281239562,0.136366271,-0.007899941,0.083564181,-0.059271032,0.016407827,-0.011637867
1.038658433,0.026740362,-0.002108441,1.282256125,0.136187225,-0.007954282,0.083411169,-0.059297067,0.016377783,-0.011642979
1.039666667,0.026895733,-0.002050529,1.28326202,0.136978525,-0.007735803,0.084026359,-0.059120957,0.016498576,-0.0116084
1.040619067,0.026975401,-0.002110067,1.284213222,0.137384266,-0.007960414,0.083393902,-0.058082759,0.016374393,-0.01140455
1.041637233,0.026944153,-0.0020864,1.285231859,0.137225124,-0.007871129,0.08364531,-0.058493309,0.016423757,-0.011485161
1.0426274,0.026962835,-0.002089044,1.286221744,0.137320268,-0.007881105,0.08361722,-0.058370075,0.016418241,-0.011460964
1.043667433,0.027135955,-0.002178812,1.287259173,0.138201961,-0.008219759,0.082663642,-0.056534804,0.016231006,-0.011100609
1.0446131,0.027237261,-0.00218921,1.288203315,0.138717908,-0.008258987,0.082553184,-0.055908398,0.016209318,-0.010977614
1.045643967,0.027295879,-0.002063739,1.2892333,0.139016447,-0.007785639,0.083886032,-0.056942708,0.016471022,-0.011180701
1.046624967,0.027370958,-0.002081119,1.290213171,0.13939882,-0.007851204,0.083701414,-0.056375716,0.016434773,-0.011069372
1.0476665,0.027532183,-0.002125197,1.291252278,0.14021993,-0.008017495,0.083233176,-0.055086368,0.016342834,-0.010816208
1.048639733,0.027601478,-0.002148328,1.292224469,0.140572843,-0.008104758,0.08298746,-0.05448774,0.016294588,-0.010698668
1.0496603,0.027659518,-0.002106776,1.293244163,0.140868439,-0.007948,0.083428857,-0.054633541,0.016381256,-0.010727296
1.0506519,0.02777037,-0.002109588,1.294234095,0.141433004,-0.007958609,0.083398985,-0.054039104,0.016375391,-0.010610578
1.051662,0.027786578,-0.002143067,1.295243951,0.141515547,-0.008084908,0.083043353,-0.053600929,0.016305562,-0.010524542
1.0526748,0.0278981,-0.002125383,1.296255073,0.142083524,-0.008018195,0.083231203,-0.053220801,0.016342447,-0.010449904
1.053642067,0.027993877,-0.002151721,1.297220899,0.142571311,-0.008117556,0.082951424,-0.052453236,0.016287512,-0.010299193
1.054660533,0.027995735,-0.002160827,1.298239337,0.142580776,-0.00815191,0.082854691,-0.052347038,0.016268519,-0.010278341
1.0556383,0.028073045,-0.002191694,1.299215941,0.14297451,-0.008268359,0.082526795,-0.051625408,0.016204136,-0.010136649
1.056648567,0.0282599,-0.002213099,1.300223396,0.143926151,-0.008349113,0.082299409,-0.050446382,0.016159489,-0.009905147
1.057639033,0.028364306,-0.002222796,1.301212292,0.144457885,-0.008385692,0.082196409,-0.049811647,0.016139265,-0.009780517
1.058657433,0.028470539,-0.002247114,1.302229094,0.144998925,-0.008477436,0.081938078,-0.049012276,0.016088542,-0.00962356
1.059633167,0.028580334,-0.002258909,1.303203176,0.145558105,-0.008521934,0.081812781,-0.048327799,0.01606394,-0.009489163
1.060672967,0.028746424,-0.002265875,1.304240477,0.146403995,-0.008548214,0.081738783,-0.047407911,0.01604941,-0.009308543
1.061670167,0.028902471,-0.002262254,1.305235329,0.147198732,-0.008534555,0.081777245,-0.046651635,0.016056962,-0.009160049
1.062702133,0.02896636,-0.002306576,1.306266334,0.147524117,-0.00870176,0.081306429,-0.045855435,0.015964517,-0.009003715
1.063648433,0.029101207,-0.002324571,1.307210606,0.148210882,-0.00876965,0.081115266,-0.044977507,0.015926983,-0.008831334
1.0646553,0.029122313,-0.002340118,1.308217155,0.148318375,-0.008828303,0.080950112,-0.04470486,0.015894555,-0.008777799
1.065639467,0.029305084,-0.00238266,1.309198572,0.149249217,-0.008988796,0.080498199,-0.043322105,0.015805821,-0.008506295
1.066578467,0.029014898,-0.002371997,1.310141938,0.147771317,-0.008948567,0.080611474,-0.044913281,0.015828063,-0.008818723
1.0676794,0.029659849,-0.002609772,1.311233168,0.151056016,-0.009845595,0.078085635,-0.039102742,0.015332114,-0.007677823
1.0688121,0.02965905,-0.002700327,1.31236588,0.15105195,-0.010187224,0.077123682,-0.038144855,0.015143235,-0.007489742
1.0698469,0.02981576,-0.002597974,1.313398322,0.151850065,-0.009801086,0.078210962,-0.038434019,0.015356722,-0.00754652
1.070848067,0.029771483,-0.002357296,1.314400155,0.151624565,-0.008893107,0.080767637,-0.041216195,0.015858726,-0.0080928
1.071887767,0.03040358,-0.002604375,1.315430345,0.154843801,-0.009825235,0.078142966,-0.035372287,0.015343371,-0.006945349
1.0731024,0.030336854,-0.002722359,1.316645982,0.154503966,-0.010270338,0.076889649,-0.034458806,0.015097283,-0.006765987
1.074053933,0.030486679,-0.002737959,1.317595261,0.155267018,-0.010329194,0.076723923,-0.033530028,0.015064742,-0.006583621
1.075099267,0.0306388,-0.002652001,1.318638306,0.15604176,-0.010004906,0.077637049,-0.033668411,0.015244034,-0.006610792
1.076016267,0.030787734,-0.002697805,1.319553065,0.156800275,-0.010177706,0.07715048,-0.032423328,0.015148497,-0.00636632
1.0770666,0.030984068,-0.002660361,1.320600445,0.157800195,-0.010036447,0.077548237,-0.031821164,0.015226596,-0.006248086
1.0780469,0.031115776,-0.002671543,1.321578763,0.158470975,-0.010078633,0.077429449,-0.031031596,0.015203272,-0.006093054
1.079066467,0.03131311,-0.002754537,1.322595361,0.159475988,-0.010391735,0.076547822,-0.029144956,0.015030165,-0.005722612
1.080064067,0.031402829,-0.002790857,1.323591611,0.159932923,-0.010528753,0.076162007,-0.028302207,0.01495441,-0.005557138
1.0810355,0.03154427,-0.002771601,1.324560916,0.160653272,-0.01045611,0.076366555,-0.027786405,0.014994573,-0.005455861
1.0820834,0.031853482,-0.002817248,1.325604164,0.162228072,-0.010628316,0.075881661,-0.025726711,0.014899364,-0.00505144
1.083082533,0.032069201,-0.002832191,1.326600052,0.163326718,-0.010684689,0.075722924,-0.024469329,0.014868196,-0.004804553
1.084057833,0.032228526,-0.00288397,1.327572955,0.16413815,-0.010880032,0.075172882,-0.023107855,0.014760195,-0.004537227
1.085060433,0.032464833,-0.002922914,1.328572,0.165341652,-0.01102695,0.07475919,-0.021490661,0.014678967,-0.004219691
1.0860478,0.032657797,-0.002920108,1.329556463,0.166324407,-0.011016364,0.074788998,-0.020537714,0.01468482,-0.00403258
1.087047533,0.032905242,-0.002978421,1.330552474,0.167584631,-0.011236357,0.074169545,-0.018658037,0.01456319,-0.003663506
1.088047633,0.033158235,-0.003031952,1.331548768,0.168873109,-0.011438308,0.073600894,-0.016800908,0.014451536,-0.003298858
1.089017767,0.033299487,-0.003070899,1.332516776,0.169592498,-0.011585238,0.073187172,-0.015667796,0.014370301,-0.003076372
1.090076267,0.033516689,-0.003142962,1.333572008,0.170698696,-0.011857103,0.072421658,-0.013796085,0.014219993,-0.002708861
1.091047,0.033761263,-0.003140663,1.334539062,0.171944297,-0.011848428,0.072446084,-0.012574911,0.014224789,-0.002469084
1.092083833,0.033989879,-0.003217593,1.335572456,0.173108627,-0.012138654,0.071628871,-0.010593366,0.014064329,-0.002080008
1.093035533,0.034106442,-0.00326273,1.336522402,0.173702278,-0.012308937,0.071149389,-0.009520234,0.013970183,-0.001869298
1.094046533,0.034367528,-0.003290099,1.337529474,0.175031974,-0.01241219,0.070858652,-0.007899802,0.013913096,-0.001551126
1.095019133,0.034693928,-0.003353936,1.338497163,0.176694311,-0.012653021,0.070180522,-0.005559333,0.013779945,-0.001091575
1.0960204,0.034985361,-0.003399934,1.339494045,0.178178564,-0.01282655,0.069691902,-0.003586461,0.013684005,-0.000704202
1.097060033,0.03521597,-0.003471784,1.340530209,0.179353045,-0.013097611,0.068928651,-0.001648729,0.013534141,-0.000323728
1.0980099,0.035549796,-0.003523542,1.341475053,0.181053199,-0.013292872,0.068378838,0.000601239,0.013426185,0.000118053
1.099060233,0.035846675,-0.003538636,1.34252092,0.182565191,-0.013349816,0.068218497,0.002273572,0.013394702,0.000446416
1.100037033,0.036101149,-0.003609167,1.343493892,0.18386121,-0.013615903,0.067469253,0.004318835,0.013247588,0.000848003
1.1010548,0.036406863,-0.003693674,1.344507059,0.185418199,-0.013934712,0.066571553,0.006773523,0.013071324,0.001329981
1.102043567,0.036642425,-0.003727569,1.345492281,0.1866179,-0.014062583,0.066211496,0.008333281,0.013000627,0.00163624
1.103084033,0.036922103,-0.00381067,1.34652854,0.188042288,-0.014376089,0.065328731,1.06E-02,0.012827296,0.002089249
1.1040583,0.037288596,-0.003869201,1.347497293,0.189908816,-0.014596904,0.064706962,0.013128731,0.012705212,0.002577826
1.105063067,0.037535008,-0.003929501,1.348498352,0.191163779,-0.01482439,0.064066412,0.015024244,0.01257944,0.00295001
1.106049733,0.037742792,-0.004032182,1.349481893,0.192222013,-0.015211764,0.062975649,0.017173242,0.012365269,0.003371966
1.107067533,0.038099894,-0.004040646,1.35049432,0.194040711,-0.015243692,0.062885745,0.019081844,0.012347616,0.00374672
1.108024167,0.038432048,-0.004083073,1.351445957,0.195732354,-0.015403754,0.062435044,0.021224187,0.012259121,0.004167369
1.109059633,0.038795698,-0.004166295,1.352475952,0.197584407,-0.015717715,0.061550998,0.023960286,0.012085539,0.004704602
1.110047367,0.039138649,-0.004217689,1.353458526,0.199331035,-0.015911604,0.061005047,0.026252865,0.011978341,0.00515475
1.111036833,0.0394994,-0.004274756,1.354442565,0.20116832,-0.016126893,0.060398839,0.028696358,0.011859312,0.00563453
1.1120405,0.039924378,-0.00435587,1.355439838,0.203332714,-0.016432904,0.05953718,0.031722411,0.011690125,0.006228695
1.113036333,0.04021294,-0.00443806,1.35643133,0.204802344,-0.016742972,0.058664093,0.034065128,0.011518695,0.006688688
1.114067933,0.040594275,-0.004531475,1.357457192,0.20674446,-0.017095388,0.057671765,0.036999572,0.011323851,0.007264866
1.1150493,0.040912244,-0.00459057,1.358433775,0.208363862,-0.017318333,0.057044001,0.039246739,0.01120059,0.007706097
1.116043033,0.041218314,-0.004684863,1.359422904,0.209922659,-0.01767406,0.056042349,0.041807186,0.011003915,0.008208841
1.117050667,0.041629555,-0.004741915,1.36042435,0.212017089,-0.017889294,0.055436296,0.04450767,0.010884917,0.008739081
1.1181009,0.041937963,-0.004819907,1.361469943,0.213587794,-0.018183527,0.054607798,0.046906873,0.010722241,0.009210164
1.1190406,0.042197327,-0.00490267,1.362405741,0.214908717,-0.018495755,0.053728632,0.049106963,0.010549617,0.009642152
1.1200729,0.042609442,-0.004981025,1.363431841,0.217007599,-0.018791358,0.052896277,0.052038199,0.010386184,0.0102177
1.121054533,0.043498581,-0.005394184,1.364400097,0.221535934,-0.020350037,0.048507367,0.060955444,0.009524422,0.011968601
1.122225233,0.043632824,-0.005478402,1.365568778,0.222219627,-0.020667754,0.047612744,0.062533759,0.009348762,0.012278504
1.123247967,0.043919212,-0.005290343,1.366587202,0.223678185,-0.019958286,0.049610455,0.061994608,0.009741013,0.012172641
1.124233933,0.044340027,-0.005351648,1.367566838,0.225821373,-0.020189566,0.048959221,0.064789029,0.009613143,0.012721326
1.1252531,0.044836401,-0.00545735,1.368578536,0.228349381,-0.020588336,0.047836368,0.06843989,0.009392671,0.013438172
1.1262716,0.045215787,-0.005545503,1.369591328,0.230281572,-0.020920899,0.046899944,0.071308505,0.009208804,0.014001425
1.1272555,0.045496321,-0.00566002,1.370571008,0.231710318,-0.021352925,0.045683448,0.073953747,0.008969945,0.014520818
1.128303,0.045904797,-0.005813364,1.371612362,0.233790663,-0.021931431,0.044054501,0.077663039,0.008650101,0.015249138
1.1292646,0.046326303,-0.005896803,1.372567621,0.235937374,-0.022246212,0.043168144,0.080696107,0.008476065,0.015844681
1.130282467,0.046719585,-0.005994429,1.373579571,0.237940334,-0.022614512,0.04213109,0.083736122,0.008272439,0.016441588
1.131266933,0.047032751,-0.006076998,1.374559326,0.239535275,-0.022926012,0.041253973,0.086208179,0.008100218,0.016926976
1.132252867,0.047437519,-0.006199402,1.375539169,0.241596734,-0.023387793,0.039953696,0.089569915,0.007844908,0.017587053
1.133245267,0.047999204,-0.006348349,1.376523119,0.244457369,-0.023949707,0.038371465,0.094012781,0.007534237,0.01845941
1.1342925,0.048517479,-0.006737721,1.377562555,0.247096915,-0.025418648,0.034235241,0.100788552,0.00672209,0.019789832
1.135337,0.049135461,-0.006911939,1.378597757,0.250244264,-0.026075901,0.032384556,0.105786586,0.006358708,0.020771196
1.136317967,0.049506836,-0.006868115,1.379573136,0.252135654,-0.025910572,0.032850089,0.107212442,0.006450115,0.021051163
1.1373563,0.050058963,-0.007002122,1.380603163,0.254947611,-0.026416124,0.031426562,0.111447926,0.006170605,0.0218828
1.138348333,0.050538993,-0.00711007,1.381587974,0.257392376,-0.026823366,0.030279855,0.115039398,0.005945449,0.022587986
1.139377733,0.050997697,-0.007278757,1.382610473,0.259728529,-0.027459752,0.028487927,0.119167479,0.005593604,0.023398535
1.140352367,0.051439344,-0.007446915,1.383578462,0.261977813,-0.028094143,0.026701617,0.123203073,0.005242863,0.024190923
1.1413758,0.05186495,-0.007597804,1.384595492,0.264145405,-0.028663387,0.02509875,0.126973533,0.004928139,0.024931253
1.142386233,0.052386209,-0.007716424,1.385598083,0.266800149,-0.029110892,0.023838671,0.130888355,0.004680723,0.025699929
1.143408667,0.052862958,-0.00795655,1.386613343,0.269228206,-0.030016788,0.02128786,0.135867224,0.004179871,0.026677529
1.144383267,0.053488389,-0.008091089,1.387578534,0.272413491,-0.030524348,0.019858679,0.140481689,0.003899252,0.02758358
1.145367833,0.053989178,-0.008332453,1.388555566,0.274963984,-0.031434916,0.017294713,0.145596148,0.003395817,0.028587804
1.146369667,0.054447035,-0.008757732,1.389550511,0.277295824,-0.033039317,0.012777065,0.152445636,0.002508777,0.029932701
1.147384633,0.055053286,-0.008946803,1.390556357,0.280383429,-0.033752603,0.010768602,0.157541705,0.002114415,0.030933314
1.148325633,0.055607981,-0.009122568,1.391489011,0.283208458,-0.034415693,0.008901482,0.162233853,0.001747806,0.031854617
1.1493742,0.056208992,-0.009306856,1.392528536,0.286269376,-0.035110935,0.006943829,0.167252424,0.001363421,0.032840013
1.150384567,0.056862883,-0.009498703,1.393529065,0.28959961,-0.035834695,0.004905876,0.172620611,0.000963269,0.033894057
1.1513968,0.057482767,-0.009677652,1.394531972,0.292756642,-0.036509797,0.003004933,0.177678586,0.000590019,0.03488719
1.152411433,0.058132834,-0.009870616,1.395536825,0.296067398,-0.03723777,0.000955116,0.183039159,0.000187537,0.035939739
1.1533874,0.058775758,-0.010190817,1.396503119,0.299341776,-0.038445758,0.002446321,0.184822332,0.000480335,0.036289865
1.154391767,0.059412486,-0.010411471,1.397497906,0.302584597,-0.039278193,0.00479028,0.185721194,0.000940571,0.036466357
1.1553594,0.060106734,-0.010707507,1.398455094,0.306120368,-0.040395016,0.007935015,0.186112231,0.00155804,0.036543137
1.156359833,0.060792976,-0.011043373,1.399445203,0.309615362,-0.0416621,0.011502853,0.186039386,0.002258585,0.036528834
1.1573366,0.061455142,-0.011383816,1.400412007,0.312987734,-0.042946453,0.015119318,0.185795294,0.002968678,0.036480906
1.158381667,0.062179485,-0.011671325,1.401446176,0.316676774,-0.044031106,0.018173468,0.186430184,0.00356836,0.036605567
1.159328767,0.063070925,-0.011992919,1.402379865,0.321216834,-0.045244345,0.021589691,0.18755402,0.004239136,0.036826232
1.160348433,0.063921399,-0.012221817,1.403386736,0.325548252,-0.046107883,0.024021229,0.1894539,0.004716568,0.037199273
1.161338933,0.064765347,-0.012451194,1.404364539,0.329846431,-0.04697323,0.026457863,0.191315445,0.005195001,0.037564788
1.1623729,0.065670913,-0.012869352,1.405384881,0.33445843,-0.048550767,0.030899868,0.191485439,0.006067189,0.037598166
1.163394633,0.066651773,-0.013359119,1.406391857,0.339453897,-0.050398456,0.036102568,0.191278206,0.007088739,0.037557476
1.164347667,0.067944771,-0.011199296,1.407325438,0.346039068,-0.042250336,0.013159199,0.220806746,0.002583809,0.043355405
1.1653609,0.068630704,-0.014352644,1.408328351,0.349532488,-0.054146617,0.046656588,0.190802777,0.009161021,0.037464125
1.1663691,0.069639516,-0.014826952,1.409321373,0.354670315,-0.055935987,0.051695072,0.19090212,0.010150327,0.037483631
1.167385233,0.070640027,-0.015442973,1.410322454,0.359765864,-0.058259981,0.058238944,0.189453797,0.011435217,0.037199253
1.168347167,0.071752836,-0.015886195,1.411267645,0.36543334,-0.059932073,0.0629472,0.190413018,0.012359683,0.037387596
1.1693755,0.07283361,-0.016339523,1.412279718,0.370937662,-0.061642294,0.067762817,0.191101723,0.013305229,0.037522823
1.170339167,0.074008596,-0.017042643,1.413225707,0.376921805,-0.064294877,0.075231923,0.189616759,0.014771788,0.037231251
1.171348533,0.075232869,-0.017435618,1.414216655,0.383156958,-0.06577741,0.079406419,0.191677416,0.01559145,0.037635861
1.1723483,0.07659406,-0.017976544,1.415195942,0.39008943,-0.0678181,0.085152566,0.192863741,0.016719706,0.037868796
1.173359733,0.077960114,-0.018726759,1.416186823,0.39704667,-0.070648352,0.093121953,0.191851594,0.018284495,0.037670061
1.174349533,0.079400458,-0.019408223,1.417154953,0.404382265,-0.073219238,0.100361019,0.191948123,0.019705886,0.037689014
1.175356733,0.080882872,-0.020096102,1.418139851,0.411932123,-0.075814321,0.107668219,0.192190781,0.021140655,0.03773666
1.1763218,0.08247264,-0.020868189,1.419080999,0.420028724,-0.078727088,0.115869951,0.19208565,0.022751065,0.037716017
1.1773785,0.084141431,-0.021614927,1.420112592,0.428527785,-0.081544221,0.123802395,0.192652268,0.0243086,0.037827273
1.178352467,0.085895027,-0.022130435,1.421060176,0.437458756,-0.083489023,0.129278542,0.19610709,0.025383842,0.038505627
1.179374167,0.087659218,-0.023143401,1.422055334,0.446443686,-0.087310524,0.140039074,0.194331488,0.027496672,0.038156988
1.1803545,0.089537501,-0.024196404,1.423007408,0.456009683,-0.091283071,0.151224919,0.192711642,0.029693013,0.037838931
1.1813136,0.091578342,-0.025239968,1.423935804,0.466403577,-0.095220011,0.162310501,0.192019953,0.031869667,0.037703118
1.182379533,0.093460535,-0.022976161,1.42497342,0.475989485,-0.086679599,0.138262525,0.225653837,0.027147847,0.044307131
1.1833234,0.095910642,-0.026560975,1.425880424,0.488467748,-0.100203624,0.176343292,0.200051333,0.034625005,0.039280079
1.1843624,0.098060332,-0.028332807,1.426887082,0.499416,-0.10688802,0.195165123,0.192177754,0.038320672,0.037734102
1.185410633,0.10060141,-0.029653662,1.427897085,0.512357576,-0.111871059,0.2091963,0.191088153,0.041075693,0.037520159
1.186554333,0.103656149,-0.030826856,1.428994827,0.527915196,-0.116297039,0.221658913,0.19418316,0.043522728,0.038127863
1.1875685,0.106984845,-0.031824446,1.429958913,0.544868066,-0.120060536,0.232256119,0.200538824,0.045603489,0.039375798
1.1885457,0.109822509,-0.03347738,1.43089342,0.559320136,-0.126296376,0.249814913,0.1974321,0.049051158,0.038765793
1.189538033,0.11270071,-0.035515824,1.431842451,0.573978661,-0.133986583,0.271468896,0.190436642,0.053302918,0.037392235
1.190539433,0.11594287,-0.037009037,1.432795073,0.590490807,-0.139619864,0.287331012,0.191086673,0.056417444,0.037519868
1.191543,0.11917017,-0.038583285,1.433750085,0.606927273,-0.145558852,0.304053936,0.190800214,0.05970099,0.037463622
1.192510333,0.122599767,-0.040232325,1.43466582,0.624394024,-0.151780002,0.321571364,0.190749537,0.063140537,0.037453672
1.1935357,0.126298657,-0.041818261,1.435635537,0.643232272,-0.157763086,0.338418455,0.192740695,0.066448464,0.037844635
1.194562333,0.13011916,-0.043826763,1.436604691,0.662689891,-0.165340335,0.35975437,0.190862397,0.070637771,0.037475832
1.195540467,0.13401286,-0.045742467,1.437524243,0.682520295,-0.172567499,0.380104521,0.190342651,0.074633523,0.03737378
1.1965484,0.138202553,-0.047821935,1.438469143,0.703858178,-0.180412477,0.402194306,0.18959075,0.078970852,0.037226144
1.197533967,0.142681717,-0.049900803,1.43938732,0.726670317,-0.188255188,0.424277705,0.190319489,0.083306927,0.037369232
1.1985203,0.14741916,-0.052263666,1.440302379,0.750797861,-0.197169299,0.449377939,0.189346799,0.088235358,0.037178244
1.199576233,0.15226782,-0.054622039,1.441285364,0.775491826,-0.20606647,0.474430476,0.188988227,0.093154424,0.037107838
1.200505267,0.15740628,-0.057013001,1.442137089,0.801661727,-0.215086586,0.499829196,0.189759408,0.098141463,0.03725926
1.201583167,0.16286776,-0.059559628,1.443132821,0.829476751,-0.224693961,0.526881515,0.190522113,0.103453185,0.037409017
1.202536233,0.168472873,-0.062152197,1.444001559,0.858023292,-0.234474656,0.554421863,0.191528306,0.108860733,0.037606583
1.203590833,0.17437744,-0.064914983,1.444967325,0.888094933,-0.244897509,0.583770393,0.192251417,0.114623317,0.037748566
1.204525533,0.180488017,-0.067613888,1.445810091,0.919215771,-0.255079369,0.612440338,0.19470231,0.12025266,0.038229799
1.205508033,0.186881127,-0.070815874,1.446696407,0.951775537,-0.267159142,0.6464544,0.193248014,0.126931322,0.037944247
1.2065732,0.193677483,-0.07396452,1.447659322,0.986389016,-0.279037688,0.679901852,0.194414041,0.133498729,0.038173197
1.2075499,0.20062968,-0.077357362,1.448531426,1.02179618,-0.291837483,0.715943344,0.193779714,0.140575476,0.038048647
1.208554633,0.207890043,-0.080840411,1.449426928,1.058772821,-0.304977595,0.752943093,0.193756604,0.147840376,0.038044109
1.209539967,0.215558793,-0.08429794,1.450296885,1.097829352,-0.318021428,0.789671745,0.196084484,0.155052047,0.038501188
1.2105686,0.223563313,-0.088103739,1.45120509,1.138595943,-0.332379141,0.830100001,0.196422818,0.162990135,0.03856762
1.211548867,0.231911427,-0.091803089,1.452059759,1.181112435,-0.346335265,0.869397467,0.199641845,0.170706193,0.039199676
1.2125533,0.240569953,-0.095842955,1.452933925,1.225209846,-0.361576016,0.912312171,0.200824553,0.179132495,0.039431901
1.2135251,0.24964746,-0.099970981,1.453769154,1.2714411,-0.377149359,0.956163381,0.203204596,0.18774268,0.039899222
1.214548267,0.259302057,-0.103659412,1.454647067,1.320611442,-0.391064294,0.995344867,0.213193453,0.195435965,0.041860534
1.2155229,0.269115317,-0.107628002,1.45547406,1.370589848,-0.406036149,1.037502416,0.221014309,0.203713599,0.04339616
1.2165461,0.279256143,-0.112414444,1.456344691,1.422236533,-0.424093423,1.088347847,0.221815564,0.2136971,0.043553486
1.217534067,0.289815523,-0.117407027,1.457173792,1.476014888,-0.442928384,1.141383076,0.222558689,0.224110567,0.043699399
1.2185618,0.30062306,-0.121899563,1.458038926,1.531057092,-0.459876875,1.189106412,0.229877558,0.233481044,0.045136458
1.219548167,0.31215913,-0.12625315,1.458851733,1.589809677,-0.476301166,1.235353708,0.242382845,0.242561701,0.047591872
1.2205804,0.323869267,-0.13173562,1.459707787,1.649448773,-0.496984268,1.293592911,0.243782739,0.253996968,0.047866741
1.221533533,0.335804027,-0.13724246,1.460481362,1.710231865,-0.517759309,1.352090992,0.24606775,0.265483066,0.048315403
1.222529533,0.348314893,-0.142288843,1.461289136,1.773949037,-0.536797236,1.405697732,0.256178182,0.27600875,0.050300586
1.223562067,0.36134834,-0.14871969,1.462125581,1.84032768,-0.561058173,1.474011354,0.254243203,0.289422129,0.049920653
1.2245133,0.374792577,-0.154819133,1.462874546,1.908798455,-0.584068862,1.538804544,0.257920788,0.302144272,0.050642747
1.2255478,0.388606367,-0.160990867,1.463701217,1.979151345,-0.607352272,1.604365656,0.262712567,0.315017197,0.051583612
1.2265259,0.4028831,-0.168139513,1.464464524,2.051861981,-0.634321173,1.680304327,0.259484532,0.329927755,0.050949788
1.227559267,0.417690357,-0.173453927,1.465275115,2.127274544,-0.654370267,1.736758297,0.278443124,0.341012492,0.054672307
1.2285127,0.43296677,-0.180247113,1.465998715,2.205076496,-0.679998164,1.808920986,0.284082388,0.355181636,0.055779577
1.2295666,0.448476327,-0.187188567,1.466819274,2.284065835,-0.70618541,1.882658682,0.28933403,0.369660032,0.056810737
1.230538167,0.46447866,-0.19386126,1.467550085,2.365564859,-0.731358735,1.953541394,0.299950342,0.383577853,0.05889525
1.231541433,0.480850317,-0.201557623,1.46830704,2.448944826,-0.760393946,2.035298352,0.301573352,0.399630831,0.059213928
1.232544967,0.49785794,-0.209605833,1.469054694,2.535563738,-0.79075653,2.120792907,0.302697708,0.416417687,0.059434695
1.2335716,0.515038003,-0.216751883,1.469822853,2.623060878,-0.817715635,2.196703994,0.314283761,0.431322829,0.061709616
1.234582367,0.532646737,-0.223692543,1.470568697,2.71274121,-0.843899888,2.270433263,0.330234824,0.445799571,0.064841608
1.235512433,0.550771573,-0.231944437,1.471226075,2.80505003,-0.875030885,2.358091507,0.3348854,0.463011267,0.065754748
1.236536567,0.56957203,-0.24014436,1.471967355,2.900799745,-0.90596582,2.445197683,0.343528939,0.480114565,0.067451907
1.237515533,0.58840881,-0.247169437,1.472662923,2.996734454,-0.932468543,2.519823694,0.364837637,0.494767382,0.07163587
1.238549233,0.607997993,-0.255599793,1.473401904,3.096501112,-0.964272808,2.609377719,0.37505027,0.512351315,0.073641121
1.2395185,0.627916137,-0.26416569,1.474071502,3.197943146,-0.996588411,2.700371558,0.385498465,0.530217955,0.075692624
1.240554067,0.648646037,-0.274939367,1.474795187,3.303519413,-1.037233058,2.814818211,0.376628078,0.552689556,0.073950923
1.241537267,0.669439,-0.28377371,1.475465557,3.409416858,-1.070561399,2.908663707,0.388680028,0.571116119,0.076317323
1.242565633,0.690509657,-0.29146144,1.476176916,3.51672858,-1.09956404,2.990328954,0.414326503,0.58715109,0.081353009
1.2435629,0.71220418,-0.300110867,1.476847788,3.627217622,-1.132194766,3.082210117,0.432934382,0.605191956,0.085006666
1.2445761,0.734159033,-0.30981314,1.477530677,3.73903251,-1.16879745,3.185275462,0.441683925,0.625428837,0.086724639
1.245548567,0.756572803,-0.320084413,1.478165929,3.853184636,-1.207546736,3.294385183,0.44672633,0.646852531,0.087714715
1.246563233,0.7793867,-0.329696943,1.47883736,3.969374586,-1.243810855,3.396497203,0.46080426,0.666902226,0.090478916
1.247533,0.802551287,-0.33895444,1.479458616,4.087350581,-1.278735579,3.494837774,0.480439685,0.686211397,0.094334332
1.248542233,0.826239643,-0.34972923,1.480111458,4.207994109,-1.319384427,3.609296254,0.486624733,0.708685319,0.095548766
1.249524233,0.850333373,-0.3596385,1.480730968,4.330702181,-1.356768024,3.714560484,0.504068574,0.729353951,0.098973865
1.2505524,0.874731363,-0.370010267,1.481392067,4.454959834,-1.39589643,3.824737726,0.518148984,0.750987253,0.101738553
1.251543133,0.899379593,-0.37991934,1.482011967,4.580491945,-1.433279285,3.929999868,0.538418954,0.771655474,0.105718562
1.252493133,0.92452423,-0.38888366,1.482583666,4.708552228,-1.467097974,4.02522608,0.571253025,0.790353141,0.112165531
1.253583467,0.950675173,-0.402094333,1.483280559,4.841737577,-1.516936407,4.165560471,0.564103984,0.817907798,0.110761817
1.2545323,0.976470063,-0.411959003,1.483841308,4.973109566,-1.554151746,4.270350924,0.590685519,0.838483404,0.115981102
1.255596133,1.002701287,-0.423796943,1.484510492,5.106703777,-1.598811421,4.396103038,0.598527616,0.863174832,0.117520897
1.256533567,1.029297027,-0.434194317,1.485047793,5.242154452,-1.638036431,4.506552295,0.623529035,0.884861543,0.122429926
1.257606733,1.057841833,-0.44628224,1.485691503,5.387531619,-1.68363919,4.634959932,0.640498564,0.910074383,0.125761893
1.2586853,1.088168133,-0.459299883,1.48631381,5.541981835,-1.7327494,4.773243803,0.656664909,0.937226421,0.128936155
1.2597379,1.1171289,-0.471325807,1.486930696,5.689477464,-1.778118258,4.900992827,0.676411514,0.962309942,0.132813401
1.260802133,1.146801567,-0.483528553,1.487548504,5.840598761,-1.824154198,5.03062021,0.697905428,0.987762278,0.137033731
1.2618129,1.176531133,-0.495556203,1.488111989,5.992009846,-1.869529571,5.158387576,0.721549148,1.0128494,0.141676175
1.262824267,1.205333167,-0.507706453,1.488690029,6.138697055,-1.915367463,5.287457297,0.739166635,1.03819224,0.145135369
1.263816233,1.234344167,-0.519170923,1.489245525,6.286448519,-1.958618189,5.409242112,0.765133284,1.062104689,0.15023392
1.2648241,1.263895167,-0.53010595,1.489808797,6.436950174,-1.999871543,5.525402755,0.799474296,1.084912831,0.156976778
1.265827433,1.2940933,-0.545576093,1.4903578,6.590747645,-2.058234026,5.689739052,0.78893547,1.117180263,0.15490748
1.266822967,1.323928833,-0.55585267,1.490904457,6.742698413,-2.09700332,5.798905109,0.831720181,1.138615018,0.163308257
1.267851367,1.354798867,-0.5708251,1.491468418,6.899917834,-2.153488135,5.957954295,0.829890416,1.169844326,0.162948983
1.268815,1.385291667,-0.581859887,1.491973287,7.055216026,-2.195117843,6.075174668,0.867968235,1.192860546,0.170425563
1.2698134,1.4158981,-0.592812957,1.492511213,7.211092946,-2.236439268,6.191526982,0.907492842,1.215706323,0.178186219
1.270821633,1.446890533,-0.604896863,1.493053165,7.368935744,-2.282026873,6.319891951,0.93697067,1.240910785,0.183974191
1.271831967,1.478599367,-0.61842823,1.493586439,7.530427128,-2.33307515,6.463633004,0.954721002,1.26913434,0.187459469
1.272855433,1.510086933,-0.630805017,1.494136175,7.690791614,-2.379767671,6.59510918,0.983609311,1.294949687,0.193131688
1.273811667,1.542161867,-0.643464923,1.494609841,7.854147526,-2.427528288,6.729592884,1.012481519,1.321355563,0.198800746
1.274854267,1.574398633,-0.657103957,1.495167439,8.018327646,-2.478982747,6.874477659,1.031776864,1.349803688,0.202589387
1.275777033,1.6065143,-0.667682547,1.495607026,8.181891011,-2.518891412,6.986851945,1.082965943,1.371868379,0.212640363
1.276819133,1.640026,-0.683964053,1.496144942,8.352564298,-2.580314835,7.159807195,1.080683981,1.405828143,0.2121923
1.2778068,1.672625433,-0.696102343,1.49664215,8.518591461,-2.626107607,7.288749868,1.11776847,1.431146037,0.219473839
1.2788148,1.705822467,-0.709175013,1.497150701,8.687662168,-2.67542541,7.427618276,1.147970769,1.458412848,0.225404061
1.279813767,1.7389336,-0.721419553,1.497651511,8.856295391,-2.721619019,7.557689622,1.186532646,1.483952357,0.232975685
1.280781067,1.7735566,-0.737333037,1.498097908,9.03262847,-2.781654041,7.726735432,1.193819914,1.517144502,0.23440654
1.281821333,1.807849,-0.753207543,1.498622245,9.20727782,-2.84154202,7.895367202,1.199837496,1.55025535,0.235588092
1.282807633,1.841054833,-0.762487567,1.499108963,9.376393345,-2.876551728,7.993947069,1.270373154,1.569611507,0.249437769
1.2837782,1.875767367,-0.778719523,1.49955728,9.553182412,-2.937788219,8.166375959,1.27473333,1.60346792,0.250293889
1.284800233,1.9098436,-0.790533823,1.500066636,9.726730838,-2.98235871,8.29187695,1.322780765,1.628110039,0.259728003
1.285813133,1.9445316,-0.80420532,1.500557655,9.903394958,-3.03393564,8.437106576,1.354215259,1.656625876,0.265900166
1.2868157,1.9801322,-0.820890947,1.501024611,10.0847069,-3.096883641,8.614354714,1.358279064,1.691428548,0.266698094
1.287816533,2.0158241,-0.83487342,1.50148846,10.26648383,-3.149633757,8.762887784,1.391522923,1.720593016,0.273225526
1.288800667,2.051320233,-0.84822472,1.501938554,10.44726373,-3.200002716,8.904716024,1.430474583,1.748440991,0.280873684
1.289820967,2.086976533,-0.861891847,1.502422405,10.62885935,-3.251563159,9.049899229,1.466886998,1.776947714,0.288023262
1.290816167,2.123391067,-0.877867103,1.502869748,10.81431661,-3.311831227,9.219601246,1.482642243,1.810268705,0.291116804
1.291841333,2.158493767,-0.887349507,1.503366795,10.99309278,-3.347604432,9.320330956,1.560688698,1.830046983,0.306441226
1.292779567,2.194860133,-0.901450497,1.503757896,11.17830473,-3.400801662,9.470123005,1.5961086,1.859458652,0.313395924
1.293808667,2.230954633,-0.91624997,1.504243954,11.36213208,-3.456633983,9.627334906,1.622724048,1.890327209,0.318621867
1.294817967,2.268806367,-0.933847267,1.504683775,11.55490892,-3.52302134,9.814267536,1.628568263,1.927031431,0.319769378
1.295806867,2.304577433,-0.94482672,1.505134499,11.73708904,-3.564442298,9.930900114,1.694115805,1.949932237,0.332639638
1.296811167,2.3416725,-0.959631263,1.505580704,11.92601222,-3.620293746,10.08816587,1.725773227,1.980811369,0.338855573
1.2977907,2.3794469,-0.976191923,1.505991921,12.11839521,-3.6827703,10.26408651,1.742235576,2.015353387,0.342087955
1.2988262,2.4168898,-0.98997566,1.506464093,12.30908989,-3.734770664,10.41050844,1.786508324,2.044103333,0.350780909
1.299792033,2.454230633,-1.00529092,1.506868133,12.49926475,-3.792548836,10.57319945,1.81399218,2.076047711,0.356177364
1.3008038,2.491057333,-1.018664377,1.507325842,12.68682115,-3.843001383,10.71526305,1.859484978,2.1039419,0.365109875
1.3018177,2.529787067,-1.036827273,1.507757054,12.8840696,-3.911522516,10.90820394,1.863792542,2.141825843,0.365955666
1.302865933,2.566479,-1.044851317,1.508253257,13.07093965,-3.941793929,10.99344178,1.965424749,2.158562293,0.385911149
1.3038183,2.6066691,-1.066431067,1.508600963,13.27562567,-4.023205443,11.22267923,1.940873319,2.203573066,0.381090476
1.3048418,2.6436981,-1.076034233,1.509067362,13.46421238,-4.059434237,11.32469178,2.027447472,2.223603231,0.398089311
1.305839833,2.683032,-1.092941833,1.509473617,13.66453782,-4.123219653,11.5042979,2.048166794,2.258868892,0.40215755
1.3068395,2.7215391,-1.1086407,1.509893944,13.86065241,-4.182445015,11.67106388,2.077515405,2.291613393,0.40792015
1.3078049,2.759750367,-1.1237566,1.510284456,14.05526033,-4.239471083,11.83163712,2.111550094,2.323141948,0.414602861
1.30881,2.7984147,-1.137650167,1.510707851,14.25217571,-4.291885791,11.97922575,2.160876833,2.352120976,0.424288166
1.309799867,2.837825033,-1.153045133,1.511104789,14.45289042,-4.349964663,12.14276346,2.198053834,2.384231605,0.43158787
1.310790067,2.877135667,-1.167227467,1.511503561,14.65309736,-4.403468769,12.2934196,2.247604633,2.413812939,0.44131717
1.311842867,2.916969767,-1.181685033,1.511957057,14.85597029,-4.458011217,12.4469995,2.29689767,2.443968351,0.450995858
1.3128058,2.9556377,-1.197194333,1.512338231,15.052904,-4.516521422,12.61175175,2.329079127,2.476317456,0.457314687
1.313810967,2.994718167,-1.211665667,1.512755432,15.25193871,-4.571115806,12.76547788,2.374387709,2.506501582,0.466211027
1.314771567,3.035367833,-1.230477567,1.513104458,15.45896528,-4.642085361,12.96531301,2.381579155,2.545739209,0.467623067
1.3157737,3.074460767,-1.243102933,1.513518438,15.65806349,-4.689715673,13.0994298,2.446560572,2.572073041,0.480382168
1.316767467,3.114561,-1.2576642,1.513908896,15.86229183,-4.744649338,13.25411128,2.496107427,2.602444749,0.490110693
1.317786567,3.154623533,-1.2701368,1.514325256,16.06632816,-4.791703324,13.38660526,2.567649774,2.628459942,0.504158033
1.318781367,3.195650733,-1.289648133,1.514702801,16.27527748,-4.865311553,13.59387032,2.569334034,2.669156438,0.504488738
1.319809533,3.236270167,-1.306432067,1.515119849,16.48215007,-4.928630425,13.77216275,2.597914195,2.704164157,0.510100452
1.320772467,3.2763602,-1.319068233,1.515479627,16.68632646,-4.97630148,13.90639427,2.667859062,2.730520515,0.523834127
1.321822467,3.316264167,-1.335620333,1.515929272,16.88955522,-5.03874574,14.08222398,2.69525811,2.765044679,0.52921393
1.322814767,3.357009833,-1.350905833,1.516308554,17.09707071,-5.09641164,14.24459885,2.740398734,2.796926984,0.538077291
1.3237947,3.398218333,-1.367353767,1.516668505,17.30694338,-5.158462922,14.41932202,2.775548242,2.831233878,0.544978897
1.3247952,3.4385999,-1.3820087,1.517061465,17.51260453,-5.213749953,14.5749985,2.82553291,2.861800955,0.554793387
1.325784433,3.480578667,-1.401279867,1.517419127,17.72640014,-5.286452132,14.77971232,2.834614692,2.901996514,0.556576595
1.3268373,3.5217217,-1.416640533,1.517852997,17.93593939,-5.344401605,14.94288567,2.880980602,2.934035601,0.565680541
1.327764733,3.562146733,-1.4286563,1.518172236,18.14182192,-5.389732146,15.0705268,2.959221993,2.959097937,0.581043238
1.3288193,3.604218,-1.445412067,1.51859384,18.35608862,-5.452944757,15.24852002,2.995495472,2.994046906,0.588165536
1.329792933,3.646466333,-1.460833333,1.518931847,18.57125711,-5.511122848,15.41233711,3.046846874,3.026212392,0.598248384
1.330812133,3.6870016,-1.474961033,1.519341194,18.77770104,-5.564420845,15.5624129,3.103215025,3.055679772,0.60931627
1.331779733,3.729114233,-1.4944752,1.51967521,18.99217842,-5.638039763,15.76970806,3.11039724,3.096382178,0.610726498
1.332776667,3.7721773,-1.511748033,1.520024259,19.21149631,-5.703203053,15.95319398,3.146229206,3.132409638,0.617762105
1.3337991,3.813023667,-1.522404367,1.520432159,19.41952466,-5.743405013,16.06639412,3.241057419,3.154636485,0.636381624
1.3348579,3.854518433,-1.536837233,1.52086667,19.63085528,-5.797854277,16.21971163,3.299070525,3.184740378,0.647772498
1.335834633,3.896315033,-1.552255533,1.521214574,19.84372311,-5.856021177,16.3834972,3.348152788,3.216899676,0.6574098
1.336826933,3.939886,-1.57636,1.521551348,20.06562771,-5.946957407,16.63955422,3.314000361,3.267176471,0.650703971
1.337807633,3.9828247,-1.590870033,1.521886036,20.2843122,-6.001697791,16.79369146,3.378547616,3.297441318,0.663377824
1.338856967,4.023133067,-1.601385433,1.52232893,20.48960054,-6.041368066,16.90539449,3.472132931,3.319374208,0.681753301
1.339798733,4.0654847,-1.622231767,1.522633516,20.70529514,-6.120012701,17.126841,3.466381016,3.36285523,0.680623912
1.340785033,4.108322767,-1.637412967,1.522975317,20.92346711,-6.17728512,17.28810791,3.523286079,3.394519987,0.691797222
1.341834667,4.150652867,-1.651079633,1.523388094,21.13905203,-6.228843827,17.43328622,3.593692685,3.42302575,0.705621559
1.342799433,4.193438067,-1.666690733,1.523709158,21.35695476,-6.287738082,17.59911988,3.645761758,3.455587188,0.715845321
1.343821733,4.236068433,-1.679859767,1.524090084,21.57406892,-6.337419424,17.73901193,3.722983868,3.483054993,0.731007883
1.344805633,4.279588867,-1.6959664,1.524419219,21.79571615,-6.398183121,17.91010954,3.773533491,3.516650008,0.740933301
1.3458641,4.3227717,-1.7150381,1.524828,22.015644,-6.470132795,18.11270447,3.790866415,3.556429522,0.744336621
1.3468356,4.365024067,-1.726481367,1.525163813,22.23083304,-6.51330353,18.23426404,3.884495872,3.580297745,0.762720764
1.3478343,4.408740167,-1.7443929,1.525504804,22.45347678,-6.580876372,18.42453475,3.916868916,3.617657397,0.769077212
1.3488185,4.453082733,-1.765767667,1.52582187,22.67931109,-6.661514568,18.6515947,3.915643274,3.662240619,0.768836557
1.349824567,4.494169267,-1.773828667,1.52620979,22.8885626,-6.691925403,18.73722512,4.039264359,3.679054152,0.793109557
1.3508173,4.537540133,-1.791043,1.526550009,23.10944809,-6.756867997,18.9200896,4.077285368,3.714959594,0.800574982
1.351816033,4.5813187,-1.8080785,1.526890093,23.33240998,-6.821135926,19.10105438,4.119282482,3.750492027,0.808821115
1.352829867,4.625276233,-1.827208933,1.527242586,23.55628334,-6.893307177,19.30427322,4.139936998,3.790394046,0.81287663
1.353816233,4.667716667,-1.836964733,1.527590436,23.77243018,-6.930111794,19.40790717,4.252449896,3.810742572,0.834968537
1.3548118,4.711878167,-1.857882333,1.527921593,23.99734233,-7.009025289,19.63011073,4.255158482,3.854372241,0.835500368
1.355810367,4.754246533,-1.8670808,1.528282728,24.21312215,-7.043727317,19.72782423,4.373224791,3.873558288,0.858682688
1.3568586,4.798633867,-1.8882786,1.528663153,24.43918445,-7.123697891,19.9530043,4.374107025,3.917772395,0.858855914
1.357814467,4.844416933,-1.910154267,1.528930214,24.67235515,-7.206225777,20.18538522,4.374896809,3.963400387,0.859010988
1.358851367,4.8873636,-1.921893,1.529320981,24.89108021,-7.250511186,20.31008348,4.468923614,3.987884891,0.877473152
1.3598134,4.9299005,-1.933378367,1.529643047,25.10771836,-7.293840746,20.43209027,4.563554964,4.011840925,0.896054017
1.360828733,4.9738474,-1.951333967,1.529997199,25.33153756,-7.361579834,20.62282909,4.596635349,4.049292492,0.902549351
1.361776167,5.0182301,-1.968362733,1.530276895,25.55757627,-7.425822361,20.80372234,4.641780808,4.084810881,0.911413662
1.362833133,5.063157233,-1.986973267,1.530657933,25.78638774,-7.496032243,21.00141838,4.672896241,4.123628499,0.917523177
1.363804567,5.1068557,-1.997529667,1.530971923,26.00894169,-7.535857195,21.11355694,4.783311618,4.145646906,0.939203236
1.364820633,5.150609333,-2.013459333,1.531329716,26.23177659,-7.59595327,21.28277467,4.836928799,4.178872806,0.94973097
1.365818,5.194097833,-2.029707233,1.531672798,26.45326118,-7.657249909,21.45537292,4.885815139,4.212762473,0.959329803
1.3668379,5.2395865,-2.054117233,1.532008321,26.68493252,-7.749338791,21.71467556,4.858183834,4.263676546,0.953904396
1.3678097,5.283727333,-2.0671124,1.532316022,26.90973941,-7.798364206,21.85272067,4.944945621,4.290781703,0.970940073
1.368800633,5.327301033,-2.073315067,1.532651389,27.13165792,-7.821764314,21.91861038,5.100974423,4.303719148,1.001576328
1.3698141,5.372352133,-2.091105567,1.532987062,27.36110076,-7.888880547,22.10759537,5.141432264,4.340826351,1.009520225
1.370817067,5.416423633,-2.107713633,1.533326973,27.58555454,-7.951535946,22.2840196,5.189461813,4.375467249,1.018950827
1.3718069,5.461313233,-2.1265243,1.533641442,27.81417486,-8.022500849,22.48384162,5.218260113,4.414702303,1.024605373
1.3728038,5.507012367,-2.145416267,1.533950799,28.04691809,-8.093772463,22.68452728,5.250317689,4.454106931,1.030899878
1.373808233,5.551485867,-2.160607967,1.534286128,28.27341923,-8.151084493,22.84590573,5.315440386,4.485793589,1.04368672
1.374776833,5.595171633,-2.1741965,1.534597476,28.4959085,-8.202348436,22.99025405,5.393581326,4.514136382,1.059029693
1.375821167,5.637706767,-2.190005967,1.535001868,28.71253765,-8.261991046,23.15819491,5.442269612,4.547111571,1.068589638
1.376804,5.683571667,-2.201906833,1.535294664,28.94612512,-8.306888118,23.28461548,5.549436512,4.57193425,1.089631859
1.377799133,5.731581033,-2.227088667,1.535567497,29.19063424,-8.401888809,23.55211716,5.526443963,4.624458204,1.085117272
1.378822233,5.7738522,-2.2342492,1.535954627,29.40591902,-8.428902554,23.6281821,5.665663803,4.639393555,1.112453088
1.3798234,5.8179013,-2.247893167,1.536293075,29.63025872,-8.480375624,23.77311928,5.745066322,4.66785197,1.128043772
1.380822467,5.866061833,-2.274528267,1.536567566,29.87553773,-8.580858893,24.05605872,5.70740589,4.723407129,1.120649147
1.381823633,5.9106747,-2.288086067,1.536897532,30.10274866,-8.632006891,24.20008057,5.790594974,4.751685819,1.136983323
1.382828,5.953049033,-2.291089533,1.537264377,30.31855887,-8.643337735,24.2319858,5.97449994,4.757950412,1.173093063
1.3838288,5.998847467,-2.310360267,1.53757614,30.55180783,-8.716038279,24.43669502,6.003039681,4.798145068,1.178696841
1.384809833,6.0442028,-2.329221267,1.537874802,30.7828001,-8.787193068,24.63705172,6.033675255,4.837485106,1.184712136
1.3858082,6.090603033,-2.349313567,1.538175077,31.019114,-8.862993046,24.85048828,6.05655259,4.879393375,1.189204101
1.386827033,6.1346375,-2.362324633,1.538531412,31.24337917,-8.912078445,24.98870229,6.142603755,4.906531695,1.206100247
1.387779733,6.180092167,-2.379333567,1.538800247,31.47487734,-8.976246149,25.16938485,6.193419369,4.942008716,1.216077893
1.388851267,6.225538433,-2.392760767,1.539188041,31.70633274,-9.026901447,25.31201936,6.282240252,4.970015002,1.233517874
1.3898002,6.270182933,-2.4048612,1.539465298,31.93370478,-9.072551402,25.44055989,6.381071763,4.995253935,1.252923441
1.3908236,6.316276567,-2.426911567,1.539795219,32.16845718,-9.155738358,25.67479661,6.381587443,5.041246315,1.253024694
1.3917731,6.3619399,-2.441887367,1.540057714,32.40101808,-9.212235887,25.8338816,6.455063361,5.072482651,1.267451691
1.3928411,6.4073663,-2.455482,1.540442274,32.63237229,-9.263522843,25.97829472,6.542004453,5.100838168,1.284522574
1.393822933,6.4545299,-2.474277,1.540714531,32.87257398,-9.334428641,26.17795031,6.582550537,5.140040544,1.292483798
1.394798633,6.4971431,-2.484471567,1.541049115,33.08960071,-9.372888545,26.2862452,6.691282394,5.161304244,1.313833298
1.3958075,6.544019067,-2.50343,1.541352733,33.32833749,-9.44441091,26.48763691,6.728627456,5.200847508,1.321166001
1.396808333,6.589719467,-2.520946367,1.541666004,33.56108717,-9.510492952,26.67370984,6.775304212,5.237382927,1.330330982
1.397809167,6.6356681,-2.5388976,1.54197554,33.79510109,-9.578215566,26.86440227,6.818625704,5.274825385,1.338837157
1.3987952,6.681320333,-2.554251767,1.542274736,34.02760547,-9.636140516,27.02750657,6.888025776,5.306850915,1.352463861
1.3998261,6.728182167,-2.569241933,1.542600599,34.26627027,-9.692692245,27.18674417,6.967452976,5.338117217,1.368059392
1.400813033,6.7729618,-2.583557267,1.542913823,34.49433053,-9.746698105,27.33881314,7.043444266,5.367975961,1.382980282
1.401828433,6.816823967,-2.5945057,1.543269317,34.71771819,-9.788002037,27.4551162,7.150528865,5.390812066,1.404006343
1.402815133,6.864339033,-2.6143147,1.543541153,34.95970987,-9.86273324,27.66554332,7.182093426,5.432129431,1.410204044
1.403809533,6.909262633,-2.627705967,1.543859677,35.18850335,-9.913252977,27.80779612,7.268634109,5.460060768,1.427196307
1.404792833,6.956315833,-2.643081767,1.544135062,35.42814277,-9.971259542,27.97113023,7.344939423,5.49213142,1.442178856
1.405837667,7.001841733,-2.656796867,1.544494958,35.66000373,-10.02300097,28.11682304,7.431107569,5.520738204,1.459097971
1.406775733,7.0499862,-2.679981333,1.544708691,35.90520092,-10.11046642,28.36310708,7.430020711,5.569096076,1.458884567
1.4077982,7.095257133,-2.694912767,1.545050056,36.13576335,-10.16679657,28.52172077,7.501969456,5.600239873,1.473011703
1.4087722,7.139717733,-2.701511867,1.545355147,36.36219879,-10.19169226,28.59182171,7.658303958,5.614004193,1.503707982
1.409792767,7.186831767,-2.7237235,1.545666883,36.60214803,-10.27548761,28.82777154,7.662303376,5.660332941,1.504493268
1.410757233,7.2304997,-2.737295867,1.545974365,36.82454647,-10.32669056,28.97194812,7.740525227,5.688642014,1.519852128
1.411759167,7.278605767,-2.7584005,1.546252543,37.06954809,-10.40630965,29.1961385,7.761336461,5.732661795,1.523938414
1.412832433,7.327609033,-2.777292,1.546588555,37.31911909,-10.47757951,29.3968192,7.810226768,5.77206545,1.533538026
1.413792867,7.370956567,-2.778667933,1.546896825,37.53988575,-10.48277034,29.41143547,8.016377156,5.774935354,1.574015655
1.414797967,7.417138567,-2.7953571,1.547207117,37.77508819,-10.54573169,29.58872121,8.074293858,5.80974541,1.585387599
1.415730233,7.4606223,-2.811931933,1.547485171,37.99654851,-10.60826172,29.76479241,8.119682974,5.84431699,1.594299752
1.416794633,7.506060433,-2.819635733,1.547865954,38.22796248,-10.63732498,29.84662837,8.26926099,5.86038548,1.623669395
1.417770433,7.5566489,-2.8461884,1.548080651,38.48560682,-10.73749726,30.12869214,8.244841565,5.915768701,1.618874641
1.418769033,7.599634167,-2.854045233,1.548432537,38.70452848,-10.76713786,30.21215374,8.380301619,5.932156386,1.645472223
1.419792533,7.6477661,-2.876131467,1.548731892,38.94966183,-10.85046013,30.44677146,8.390817247,5.978223576,1.647536966
1.420804333,7.692147267,-2.886667467,1.549075978,39.17569273,-10.89020812,30.55869332,8.504926284,6.000199433,1.669942276
1.421803433,7.740059367,-2.9036863,1.54935424,39.41970648,-10.95441317,30.73948105,8.568152308,6.035697103,1.682356706
1.422827167,7.786101967,-2.917172267,1.549685263,39.65419896,-11.00529017,30.88273982,8.659386018,6.063825964,1.700270445
1.423782767,7.831951633,-2.924472067,1.549951054,39.88770885,-11.03282932,30.96028417,8.815351564,6.079051796,1.73089428
1.4247964,7.8773923,-2.942798533,1.550281033,40.11913573,-11.10196753,31.15496263,8.852099978,6.117276912,1.738109831
1.4258039,7.927797967,-2.972344733,1.55053018,40.37584908,-11.21343318,31.46882611,8.794949846,6.178904007,1.726888402
1.4267923,7.972898167,-2.979695333,1.550840047,40.60554197,-11.24116397,31.54691009,8.94655876,6.194235797,1.756656812
1.427794933,8.0168587,-2.990465233,1.551181294,40.82943061,-11.28179437,31.66131663,9.05604086,6.21669952,1.778153623
1.4287868,8.0635384,-3.0075043,1.551470865,41.06716781,-11.34607575,31.84231929,9.112775402,6.252239392,1.78929345
1.4298209,8.107693667,-3.014509367,1.551840649,41.29204821,-11.37250299,31.91673274,9.263242354,6.266850473,1.818837636
1.430751367,8.157560533,-3.043199067,1.552020868,41.54601749,-11.48073742,32.22149779,9.212446573,6.326691091,1.808863885
1.431791867,8.202551833,-3.059384833,1.552384474,41.77515576,-11.54179965,32.39343601,9.269646624,6.360451161,1.820095115
1.432780233,8.248333133,-3.0668357,1.552684061,42.00831746,-11.5699087,32.47258511,9.42365923,6.375992086,1.85033549
1.433799133,8.2964449,-3.084194033,1.55297912,42.2533481,-11.63539455,32.65697928,9.484295704,6.412197881,1.862241461
1.434767467,8.343443867,-3.1016047,1.553240354,42.49271131,-11.70107783,32.84192937,9.53870882,6.448512832,1.872925477
1.4358146,8.3895232,-3.1126229,1.553594223,42.72739088,-11.74264496,32.95897355,9.656344213,6.471494456,1.896023186
1.436784367,8.4374698,-3.127344767,1.553842634,42.97158034,-11.7981845,33.11536105,9.744146169,6.502201142,1.9132631
1.437793933,8.4835933,-3.138662267,1.554158272,43.20648485,-11.84088077,33.23558463,9.858827095,6.525807042,1.9357807
1.438808533,8.5305875,-3.156816567,1.554465844,43.44582378,-11.90936947,33.4284342,9.905316464,6.563673055,1.944908888
1.439787433,8.576633767,-3.173159933,1.554751978,43.68033495,-11.97102627,33.60204657,9.966215249,6.597761845,1.956866364
1.4408038,8.622344333,-3.184873567,1.55508063,43.91313641,-12.01521699,33.7264782,10.07458508,6.622193995,1.978144781
1.441792633,8.6677179,-3.192308267,1.555386818,44.14422154,-12.04326505,33.80545556,10.22669286,6.6377012,2.008011143
1.442780033,8.712834367,-3.209215867,1.55569544,44.37399728,-12.10705046,33.98506168,10.27686248,6.672966861,2.017861948
1.443742533,8.761960367,-3.234185433,1.55591884,44.62419336,-12.20125036,34.25030849,10.26181175,6.725048071,2.014906738
1.4448239,8.8130312,-3.257262233,1.556231846,44.88429437,-12.28830963,34.4954488,10.27677245,6.773181373,2.01784427
1.445818133,8.857371967,-3.2576391,1.556558972,45.11011951,-12.28973139,34.49945218,10.49859421,6.773967436,2.061398973
1.4468073,8.903673833,-3.2781826,1.556851527,45.34593243,-12.36723356,34.71768175,10.51617756,6.816816812,2.064851463
1.4477975,8.9489873,-3.284202567,1.557159986,45.57671148,-12.38994442,34.78163068,10.68300768,6.829373184,2.097608559
1.448789167,8.995924933,-3.299854733,1.557445476,45.81576233,-12.4489936,34.94790057,10.75578863,6.862020278,2.111899098
1.4497673,9.042561867,-3.310074867,1.557721957,46.05328172,-12.48754996,35.05646704,10.88474156,6.883337304,2.137219005
1.450810567,9.089365,-3.325270633,1.55806107,46.29164757,-12.54487733,35.21788869,10.96168575,6.915032445,2.152326998
1.451800833,9.1382529,-3.348073167,1.558315818,46.54063102,-12.6309019,35.46011553,10.96844236,6.962593684,2.153653658
1.4527957,9.184747367,-3.361566133,1.558611176,46.77742484,-12.68180531,35.60344867,11.06190305,6.990737146,2.172004663
1.4537905,9.229779533,-3.3710764,1.558928467,47.00677124,-12.71768363,35.70447436,11.19022376,7.010573541,2.197200435
1.454784267,9.2760013,-3.3830893,1.559226827,47.24217622,-12.76300336,35.83208504,11.29801805,7.035629898,2.218365844
1.455751433,9.3222755,-3.3956015,1.559497798,47.47784823,-12.81020674,35.96499969,11.40077542,7.061727689,2.238542254
1.4567685,9.371658967,-3.423184333,1.559771891,47.72935557,-12.91426541,36.25800671,11.35927574,7.119259618,2.230393791
1.457789,9.420026767,-3.436547,1.560064697,47.97569018,-12.96467726,36.3999557,11.46366136,7.147131302,2.250889907
1.458777733,9.4681924,-3.4508354,1.560328779,48.22099516,-13.01858151,36.55173857,11.55718347,7.176933868,2.269252974
1.459836967,9.512864733,-3.454884033,1.560715917,48.44850896,-13.03385533,36.59474641,11.74168943,7.185378457,2.305480719
1.4607876,9.558091467,-3.467312567,1.560986114,48.67884628,-13.08074307,36.72677228,11.84000088,7.211301737,2.324784172
1.461818833,9.606602667,-3.4832476,1.561287496,48.92591121,-13.1408594,36.89604701,11.91779108,7.24453883,2.340058279
1.4627908,9.6543188,-3.489777667,1.561541574,49.16892692,-13.16549465,36.96541463,12.09143917,7.258159162,2.374154081
1.463806433,9.697990733,-3.501766367,1.561900163,49.39134573,-13.21072308,37.09276823,12.18650437,7.283165043,2.392820133
1.464806567,9.7465013,-3.529438467,1.562170455,49.63840744,-13.31511852,37.38672352,12.13961079,7.340883163,2.383612579
1.465754867,9.7943268,-3.544329467,1.56239922,49.88198014,-13.37129614,37.54490769,12.22499932,7.371942625,2.400378617
1.466747367,9.843191533,-3.550619833,1.56265655,50.1308456,-13.3950271,37.61172902,12.40704345,7.385062994,2.436122982
1.4677783,9.8886368,-3.565825533,1.563003759,50.3622959,-13.45239195,37.77325619,12.47696659,7.416778853,2.449852389
1.468767667,9.931034033,-3.5729664,1.56335526,50.57822273,-13.4793315,37.84911222,12.61703739,7.431673184,2.477355292
1.469795033,9.9828921,-3.6042963,1.563602422,50.84233308,-13.59752631,38.1819236,12.54833636,7.497020698,2.463865844
1.470773667,10.0269722,-3.593525567,1.56391787,51.06683066,-13.55689277,38.06750821,12.88724933,7.474555237,2.530411406
1.471790667,10.0750321,-3.6098895,1.564211809,51.31159715,-13.61862716,38.24133906,12.95818496,7.508686925,2.544339618
1.472797533,10.12213493,-3.6317497,1.564510013,51.55148935,-13.70109669,38.47355568,12.96586055,7.554282657,2.545846719
1.4737736,10.17081717,-3.6660222,1.564753656,51.79942535,-13.83039273,38.83762572,12.8497265,7.62576781,2.523043799
1.474794167,10.21722477,-3.673997867,1.56507602,52.03577676,-13.86048163,38.92234966,13.00135398,7.642403356,2.552815853
1.475783333,10.2614738,-3.6763847,1.56539946,52.26113471,-13.86948617,38.94770452,13.20135706,7.647381783,2.592086459
1.476795533,10.31186393,-3.6936798,1.56565354,52.51776895,-13.93473347,39.13142698,13.27426885,7.683455687,2.606402689
1.477728433,10.36008333,-3.6980269,1.56586098,52.76334776,-13.95113329,39.17760537,13.47366927,7.692522814,2.645554962
1.478774567,10.404135,-3.713239767,1.566244356,52.98770053,-14.00852517,39.33920866,13.53641875,7.724253621,2.657875821
1.4797729,10.44865733,-3.724925467,1.56657285,53.21445039,-14.05261051,39.46334356,13.6390337,7.748627508,2.678024267
1.480774767,10.49900767,-3.745290367,1.566817196,53.47088193,-14.12943889,39.6796759,13.67913291,7.791104363,2.685897746
1.4817859,10.54736233,-3.7630284,1.567100834,53.71714965,-14.19635719,39.86810355,13.73697298,7.828102131,2.697254644
1.482781433,10.59133167,-3.767041933,1.567434848,53.9410831,-14.2114986,39.91073852,13.91827145,7.836473509,2.7328526
1.483814367,10.6384,-3.785525167,1.567759639,54.18079959,-14.28122823,40.10708228,13.96164419,7.875025606,2.741368836
1.484765167,10.685254,-3.800360533,1.56800552,54.4194245,-14.33719596,40.26467547,14.0426759,7.905969029,2.757279413
1.4857573,10.73174233,-3.8035484,1.568298237,54.65618708,-14.34922247,40.29853955,14.2455744,7.912618242,2.797118534
1.486729467,10.77948167,-3.819860267,1.568552165,54.89932094,-14.41076043,40.47181731,14.3154305,7.946641329,2.81083478
1.4878555,10.84425567,-3.836831333,1.568703673,55.22921144,-14.47478528,40.65209762,14.46504069,7.982039369,2.84021074
1.4889592,10.91009233,-3.8581724,1.568816861,55.56451405,-14.55529634,40.87879959,14.57364134,8.026552299,2.861534477
1.489954333,10.951986,-3.8570233,1.569181704,55.77787624,-14.55096126,40.86659292,14.79921019,8.024155521,2.905824922
1.490922533,11.001482,-3.881349233,1.569405237,56.02995671,-14.64273299,41.12500254,14.79288105,8.074894249,2.904582194
1.491966867,11.04876267,-3.889288667,1.569738232,56.2707546,-14.6726852,41.20934158,14.9493399,8.09145422,2.935302889
1.492947267,11.098404,-3.906063867,1.569971778,56.52357525,-14.73597113,41.38754124,15.02396088,8.126443723,2.94995472
1.493946367,11.14367667,-3.9219221,1.570289751,56.75414651,-14.79579771,41.55600014,15.08607324,8.159520628,2.962150481
1.494958867,11.19141733,-3.9340871,1.570583993,56.99728716,-14.84169125,41.68522655,15.19998749,8.184894233,2.984517543
1.495998367,11.23799367,-3.950034433,1.570922752,57.23449792,-14.90185398,41.85463194,15.26779286,8.218156982,2.997831127
1.4969794,11.28311767,-3.9572776,1.571224895,57.46431203,-14.92917946,41.93157468,15.42066422,8.233264688,3.027847421
1.497926967,11.33284867,-3.976977667,1.571424258,57.71758934,-15.0034997,42.14084462,15.46467159,8.274354842,3.036488267
1.499064667,11.39395833,-3.9873806,1.571642564,58.02881759,-15.04274569,42.25135294,15.66539152,8.29605315,3.075899626
1.500042767,11.44085033,-3.9949349,1.571915173,58.26763602,-15.07124495,42.33160079,15.82396211,8.311809815,3.107034961
1.5010924,11.49294733,-4.014952,1.572181007,58.53296325,-15.14676123,42.54423851,15.87665161,8.353561232,3.117380543
1.502078033,11.53790267,-4.008792467,1.572490288,58.76191834,-15.12352385,42.478807,16.17103822,8.340713754,3.175183355
1.5030701,11.585635,-4.038798233,1.572764221,59.00501655,-15.23672326,42.79755237,16.09539106,8.403299408,3.160330034
1.5040617,11.63082133,-4.0437684,1.573075993,59.23514812,-15.25547365,42.85034948,16.27272552,8.41366612,3.195149656
1.5051018,11.67859967,-4.055159267,1.573397268,59.4784806,-15.2984467,42.97135242,16.39505506,8.437425047,3.219169062
1.5060308,11.727219,-4.0667643,1.57359479,59.72609626,-15.34222771,43.09463041,16.51939272,8.461630681,3.243582761
1.507046167,11.77276467,-4.083871533,1.573924922,59.95805789,-15.40676626,43.27635719,16.56962757,8.497312735,3.253446374
1.508056533,11.81454567,-4.079134767,1.574306694,60.17084628,-15.38889639,43.22603945,16.83273371,8.487432846,3.305107263
1.509063333,11.86488733,-4.1047201,1.574556103,60.42723368,-15.48541932,43.49782742,16.81733313,8.540798415,3.302083361
1.5100305,11.91540067,-4.1234696,1.574763297,60.68449537,-15.55615347,43.69699968,16.87542257,8.579905888,3.313489221
1.5110618,11.95993733,-4.131108367,1.575124543,60.91131822,-15.58497139,43.7781448,17.0211003,8.595838732,3.342093043
1.512074267,12.014556,-4.164336033,1.575315272,61.18948816,-15.7103257,44.13111579,16.94629925,8.665144585,3.327405858
1.513085,12.06026,-4.151388567,1.575638388,61.42225618,-15.66148024,43.99357739,17.31660566,8.63813892,3.400115522
1.514053667,12.10459933,-4.162441967,1.57593997,61.64807402,-15.70318017,44.11099549,17.42500541,8.661193964,3.421399812
1.515060867,12.15079533,-4.178680133,1.576252151,61.88334776,-15.76444009,44.28349035,17.48778429,8.695063329,3.433726446
1.516060967,12.19613933,-4.181642867,1.57657005,62.11428232,-15.77561726,44.31496288,17.68724632,8.701242962,3.472890814
1.517070333,12.24365633,-4.209197067,1.576864524,62.35628385,-15.87956791,44.60766574,17.63654498,8.758715168,3.462935608
1.518070033,12.28956067,-4.213038767,1.577173593,62.59007215,-15.89406107,44.64847537,17.82952366,8.766728138,3.500826971
1.519051767,12.33999667,-4.227641733,1.577396517,62.84693999,-15.94915205,44.80359981,17.93126705,8.797186824,3.520804285
1.520052533,12.392129,-4.247164567,1.577612953,63.11244716,-16.02280366,45.01098704,17.989387,8.837907306,3.532216137
1.5210402,12.43175833,-4.2480807,1.578004396,63.31427723,-16.02625986,45.02071895,18.18148516,8.839818165,3.56993461
1.522076833,12.47968667,-4.2666564,1.578319947,63.55837365,-16.09633833,45.21804496,18.22825557,8.878563129,3.57911798
1.523024533,12.528121,-4.274326333,1.578538953,63.80504711,-16.12527383,45.29952116,18.39345283,8.89456098,3.611554463
1.524072267,12.57317633,-4.280797467,1.578908829,64.0345115,-16.14968675,45.36826274,18.55417564,8.908058389,3.643112387
1.525043633,12.62452167,-4.298377633,1.579107705,64.29601053,-16.21600948,45.5550134,18.628924,8.944726881,3.657789228
1.5260462,12.66988533,-4.303666867,1.579427775,64.52704524,-16.23596358,45.61119989,18.80377223,8.955759098,3.692120678
1.527015633,12.71945333,-4.323933133,1.579651458,64.7794924,-16.31241986,45.82648446,18.84093482,8.998030224,3.699417552
1.5280683,12.763402,-4.326466733,1.580042917,65.0033206,-16.32197809,45.8533984,19.03784908,9.003314775,3.738081667
1.529076767,12.80869067,-4.338243967,1.580370016,65.23397335,-16.36640875,45.97850564,19.14339459,9.027879582,3.758805527
1.530037033,12.85778767,-4.356805,1.580591618,65.48402173,-16.43643189,46.17567585,19.19627276,9.066593953,3.769188156
1.531018067,12.90229167,-4.3589859,1.580903089,65.71067821,-16.44465952,46.19884312,19.39976196,9.071142847,3.809143262
1.532035567,12.953538,-4.384520667,1.581149587,65.97167303,-16.54099169,46.47009394,19.38950597,9.124402945,3.807129497
1.533055033,13.00163933,-4.393607467,1.58144537,66.21665054,-16.57527244,46.56662123,19.53795618,9.143356079,3.836277697
1.533993633,13.04780267,-4.402476,1.581689442,66.45175792,-16.60872977,46.66082992,19.67885487,9.161853955,3.863943154
1.535045433,13.096732,-4.415159367,1.5820051,66.70095238,-16.65657889,46.79556284,19.79331642,9.188308763,3.886417679
1.536058933,13.14624233,-4.4234918,1.582273717,66.95310585,-16.68801373,46.88407664,19.95695608,9.205688449,3.918548327
1.537088867,13.18994,-4.433583567,1.582646219,67.17565572,-16.72608581,46.9912795,20.0723031,9.22673773,3.941196713
1.538071667,13.23727933,-4.448292567,1.582916799,67.4167524,-16.78157682,47.14753032,20.15714896,9.257417578,3.957856197
1.539078767,13.28728367,-4.4647905,1.583171584,67.67142178,-16.84381673,47.32278463,20.23656403,9.291828762,3.973449347
1.540114567,13.33137233,-4.4672413,1.58354407,67.89596299,-16.85306259,47.348819,20.43507087,9.29694061,4.012426166
1.541079333,13.377366,-4.477744133,1.583816862,68.13020626,-16.89268545,47.46038853,20.55774461,9.318847288,4.036513154
1.5420328,13.42274033,-4.486434467,1.584087672,68.36129531,-16.9254705,47.55270424,20.69651794,9.336973477,4.063761298
1.543084567,13.47103067,-4.4993375,1.58441291,68.60723538,-16.97414834,47.68977063,20.80539163,9.363886463,4.085138646
1.544041167,13.524595,-4.5277972,1.584563635,68.88003565,-17.08151507,47.99209244,20.77587009,9.42324735,4.079342092
1.545042767,13.569404,-4.5348288,1.584891083,69.10824548,-17.1080424,48.06678774,20.92938461,9.437913774,4.109484669
1.5460319,13.61230567,-4.535519267,1.585234761,69.32674136,-17.11064725,48.07412244,21.1405458,9.43935394,4.150946169
1.5470104,13.66071233,-4.548696367,1.585484983,69.57327392,-17.16035902,48.21410018,21.24710061,9.466838571,4.171868204
1.548041567,13.709335,-4.561677933,1.585784622,69.82090654,-17.20933313,48.35200082,21.3568326,9.493915361,4.193414081
1.5490689,13.74959167,-4.556616767,1.586206293,70.02593158,-17.19023943,48.29823704,21.61562142,9.483358843,4.244227266
1.550119967,13.80422433,-4.589908567,1.586435412,70.30417282,-17.31583569,48.6518893,21.5402104,9.552798464,4.229420312
1.5510335,13.85495533,-4.618817933,1.586585697,70.56254308,-17.42489883,48.95898783,21.49148213,9.61309726,4.219852516
1.552100733,13.89962333,-4.6082557,1.5869809,70.7900348,-17.38505187,48.8467873,21.83117438,9.591066685,4.28655109
1.5530924,13.94984967,-4.610606667,1.587216912,71.04583482,-17.3939211,48.87176115,22.06200054,9.595970302,4.331873807
1.5540249,13.99127833,-4.619802967,1.587526117,71.25682879,-17.42861496,48.96945164,22.17530403,9.61515183,4.354120946
1.5550629,14.03773567,-4.633544767,1.587865167,71.49343349,-17.48045711,49.11542809,22.26593228,9.643814305,4.371915804
1.5560503,14.08407,-4.6403098,1.588155467,71.72941176,-17.5059788,49.18729171,22.43004693,9.657924727,4.404139715
1.5570709,14.12692833,-4.641784467,1.588531263,71.94768695,-17.51154211,49.2029568,22.63265703,9.661000568,4.443922207
1.558044833,14.18022233,-4.665530367,1.588703388,72.21911043,-17.60112561,49.45520484,22.65183247,9.71052947,4.447687305
1.559072067,14.22747967,-4.678450933,1.589019635,72.45978949,-17.64986959,49.59245748,22.75525888,9.737479027,4.467995082
1.560066533,14.27313833,-4.6933621,1.589327167,72.69232663,-17.70612329,49.75085588,22.82939762,9.768580552,4.482552223
1.561053967,14.32245133,-4.705885433,1.589572686,72.94347509,-17.75336867,49.88388879,22.94751317,9.794701565,4.505744211
1.5620683,14.365517,-4.706083267,1.589939097,73.16280621,-17.75411501,49.88599034,23.16474275,9.795114203,4.548397239
1.563079167,14.41464733,-4.725635333,1.590210798,73.41302436,-17.82787691,50.09368811,23.20726313,9.83589566,4.556746116
1.5640349,14.45980033,-4.7102273,1.590487204,73.64298616,-17.76974875,49.93001159,23.60090145,9.803757776,4.634037
1.565061433,14.507875,-4.730622467,1.590790454,73.88782786,-17.84669131,50.14666545,23.62908929,9.84629776,4.639571682
1.566012433,14.55749,-4.7365211,1.590994996,74.14051439,-17.86894443,50.20932547,23.81911579,9.858601056,4.676883386
1.567097133,14.60268833,-4.747268033,1.591399687,74.37070707,-17.90948819,50.32348803,23.93514591,9.881016875,4.6996659
1.568059733,14.64744367,-4.755653867,1.591688943,74.59864358,-17.94112448,50.4125691,24.07400136,9.898507942,4.726930167
1.569039033,14.698425,-4.77245,1.591901229,74.85828877,-18.00448938,50.59099112,24.15522452,9.933541107,4.742878335
1.570023533,14.746261,-4.784693067,1.592166037,75.10191495,-18.05067743,50.72104682,24.26879501,9.959077543,4.765177899
1.571068833,14.79349,-4.7935559,1.592500776,75.34244971,-18.08411325,50.81519496,24.41518163,9.97756353,4.793920912
1.572064433,14.83786167,-4.797318133,1.592828805,75.56843222,-18.09830661,50.85516042,24.60119867,9.985410749,4.83044536
1.573051467,14.88695533,-4.809720167,1.593077224,75.81846363,-18.14509438,50.98690479,24.71948571,10.01127876,4.85367102
1.574047567,14.92944,-4.811416767,1.593434142,76.03483575,-18.15149495,51.00492744,24.91783519,10.0148175,4.892616939
1.5750562,14.981156,-4.842496733,1.593664708,76.29822256,-18.26874687,51.33508383,24.85106561,10.07964371,4.879506733
1.576057667,15.026362,-4.845192767,1.59398605,76.52845429,-18.2789179,51.36372326,25.05265791,10.08526706,4.91908938
1.57702,15.07112833,-4.842554267,1.594274874,76.75644682,-18.26896392,51.33569499,25.30867871,10.07976371,4.969359064
1.57804,15.12194933,-4.866944033,1.594530272,77.01527544,-18.36097647,51.5947827,25.30841962,10.13063558,4.969308193
1.579040833,15.16799933,-4.872268833,1.594838283,77.24980562,-18.38106475,51.651347,25.48638549,10.14174198,5.004251792
1.580032733,15.21551067,-4.883394367,1.595115375,77.49177829,-18.42303681,51.76953136,25.6101738,10.16494748,5.028557626
1.581005533,15.25944633,-4.877013367,1.595427163,77.71554028,-18.39896392,51.70174725,25.9017199,10.15163807,5.085802703
1.582047333,15.306066,-4.882086267,1.59576757,77.95297173,-18.41810189,51.75563567,26.08526294,10.16221906,5.121841378
1.5830264,15.35617367,-4.909951067,1.595992767,78.20816739,-18.52322431,52.05163797,26.04445629,10.22033912,5.113828993
1.584029333,15.40463067,-4.925075533,1.596266665,78.45495629,-18.58028269,52.21230222,26.13058095,10.25188554,5.130739569
1.585029133,15.450703,-4.922687833,1.596573307,78.6896002,-18.57127488,52.18693815,26.39058893,10.24690531,5.181792137
1.586002733,15.49479433,-4.931746667,1.596883553,78.914155,-18.60545013,52.28316836,26.51891352,10.26580011,5.206988669
1.587032867,15.544895,-4.9506922,1.597159921,79.169315,-18.67692383,52.48442304,26.57281884,10.30531646,5.217572979
1.5880287,15.59324267,-4.961179433,1.597428364,79.41554707,-18.71648785,52.59582686,26.70764708,10.3271906,5.244046505
1.5890468,15.64171367,-4.9757492,1.597717218,79.66240727,-18.77145358,52.75059863,26.79973551,10.35758004,5.262128068
1.590012233,15.68512233,-4.9665362,1.598029568,79.88348527,-18.73669672,52.65273074,27.11868141,10.33836368,5.324753095
1.590981733,15.724811,-4.957905433,1.598401952,80.08561752,-18.70413639,52.5610478,27.4124966,10.32036174,5.382443707
1.591993167,15.77392067,-4.9858786,1.59867453,80.33573041,-18.80966763,52.85820126,27.36545603,10.37870782,5.373207291
1.593006667,15.828449,-5.014466267,1.598867651,80.61344029,-18.91751713,53.16188243,27.33948473,10.43833562,5.368107826
1.593988467,15.87686067,-5.023406333,1.599121098,80.8599983,-18.95124433,53.25685101,27.49107417,10.4569827,5.397872414
1.595072367,15.91662467,-5.0081986,1.599606749,81.06251422,-18.89387181,53.09530224,27.85513885,10.4252626,5.469356514
1.596065467,15.96356133,-5.0356307,1.599893686,81.30156014,-18.99736183,53.38670806,27.80277896,10.48248013,5.459075649
1.597061267,16.00719767,-5.0267404,1.600232978,81.52379764,-18.96382239,53.29226814,28.11945637,10.46393685,5.521255259
1.597984667,16.05835867,-5.051754,1.600386661,81.78435786,-19.0581884,53.55798271,28.11430203,10.5161099,5.520243204
1.599028967,16.10926433,-5.062161767,1.600665085,82.04361769,-19.09745262,53.66854237,28.2630022,10.53781829,5.549440481
1.600058,16.15466867,-5.062998133,1.60101101,82.27485952,-19.10060789,53.67742693,28.48535947,10.53956278,5.593100331
1.601036433,16.19331367,-5.047475033,1.601408029,82.47167643,-19.04204562,53.51252809,28.84707522,10.50718489,5.664123219
1.6020258,16.24288467,-5.0780616,1.6016516,82.72413887,-19.15743615,53.83744318,28.77462256,10.57098197,5.64989714
1.603017367,16.28741933,-5.0749121,1.601973143,82.95095153,-19.14555438,53.80398666,29.03489175,10.56441278,5.701000995
1.6040157,16.33559867,-5.086730333,1.602246618,83.19632629,-19.19013971,53.92952943,29.15472373,10.5890631,5.724530005
1.604993567,16.38501167,-5.088170833,1.602481066,83.44798404,-19.19557413,53.94483158,29.39107934,10.59206768,5.770938428
1.6060163,16.43081633,-5.096841967,1.602814668,83.68126475,-19.22828674,54.03694333,29.53224829,10.61015382,5.798656953
1.607011733,16.48248467,-5.117139333,1.603032752,83.94440879,-19.30486035,54.25255827,29.5797774,10.65248982,5.807989292
1.608035967,16.532835,-5.1304655,1.603299464,84.20084034,-19.35513449,54.39411953,29.69464769,10.68028537,5.830544073
1.609015967,16.57197,-5.122419833,1.603690678,84.40015279,-19.3247815,54.30865199,29.97942768,10.66350382,5.886460624
1.6100132,16.616364,-5.131042633,1.604020004,84.62624905,-19.35731178,54.4002503,30.11392562,10.68148915,5.912869296
1.610996033,16.67000767,-5.167254167,1.604195768,84.89945336,-19.49392299,54.78491831,30.00246192,10.75701871,5.890983398
1.612036767,16.71322,-5.1597783,1.604586372,85.11953145,-19.46571962,54.70550365,30.30195468,10.74142564,5.949788801
1.6129983,16.76637333,-5.180910633,1.604748213,85.39023852,-19.54544322,54.92998828,30.34817712,10.7855032,5.958864577
1.614003,16.80815733,-5.173694167,1.605124273,85.60304219,-19.51821846,54.85332917,30.63763989,10.77045118,6.015700593
1.615006333,16.85403067,-5.175709733,1.605437442,85.83667261,-19.52582236,54.87474014,30.84985935,10.77465523,6.057369883
1.6160588,16.90243767,-5.203993,1.605761625,86.08320686,-19.63252348,55.17518773,30.795946,10.83364811,6.046783998
1.6170275,16.95106767,-5.216802733,1.605998687,86.33087684,-19.68084934,55.31126302,30.9075407,10.86036649,6.068695616
1.617998233,16.996838,-5.218517933,1.606280806,86.56398268,-19.68732008,55.32948325,31.12242631,10.86394404,6.110888407
1.619010433,17.040586,-5.206719233,1.606634817,86.7867889,-19.64280844,55.20414797,31.4705678,10.83933445,6.179245988
1.6200096,17.08652867,-5.2185985,1.606942776,87.02077243,-19.68762402,55.33033909,31.57836022,10.86411208,6.200411028
1.621039267,17.13694867,-5.237914233,1.607213874,87.27755878,-19.76049433,55.53552634,31.62995932,10.9044006,6.210542513
1.621980267,17.17818367,-5.227091,1.607534493,87.48756642,-19.71966273,55.42055325,31.95494004,10.88182563,6.274352478
1.623040867,17.229841,-5.250809,1.607817909,87.75065444,-19.80914098,55.67250491,31.96607641,10.93129634,6.276539103
1.624008067,17.278026,-5.268522067,1.608060165,87.99605806,-19.87596509,55.86066734,32.02331759,10.96824203,6.287778409
1.6249791,17.32182167,-5.261864833,1.608372293,88.21910704,-19.85085009,55.78994886,32.31708505,10.95435646,6.34545965
1.626015333,17.362947,-5.254042633,1.608789796,88.42855615,-19.82134015,55.70685517,32.60962786,10.93804101,6.402900431
1.627043367,17.41353567,-5.276442667,1.609056723,88.68620151,-19.90584625,55.94480632,32.62932206,10.98476272,6.406767387
1.628003233,17.45706167,-5.2766763,1.609361741,88.90787709,-19.90672766,55.94728816,32.8485158,10.98525003,6.449806078
1.629013533,17.50857033,-5.298482533,1.609597093,89.17020796,-19.9889936,56.1789315,32.87920334,11.0307332,6.455831575
1.6300176,17.55478867,-5.302061067,1.609905805,89.40559545,-20.00249393,56.21694556,33.07657677,11.03819726,6.494585848
1.631003267,17.59852067,-5.3166987,1.610233523,89.62832018,-20.0577157,56.37243827,33.14380879,11.06872825,6.507786855
1.632016133,17.64610967,-5.318153533,1.610530413,89.8706884,-20.06320419,56.38789268,33.3707226,11.07176273,6.552341382
1.633018,17.691618,-5.319902733,1.610847607,90.10245989,-20.0698032,56.40647408,33.58391269,11.07541119,6.594201256
1.634012467,17.746907,-5.350193,1.611010251,90.3840438,-20.1840759,56.72824164,33.54372903,11.13859025,6.586311196
1.634979967,17.793001,-5.345660367,1.611284267,90.61879806,-20.16697614,56.68009237,33.82663257,11.12913614,6.641859306
1.6359808,17.83068767,-5.3356387,1.611718104,90.81073423,-20.12916852,56.57363417,34.12502694,11.10823307,6.70044904
1.6370178,17.88169367,-5.3445689,1.611987719,91.07050505,-20.16285849,56.66849793,34.289934,11.12685957,6.73282854
1.638060933,17.93216833,-5.347394467,1.612271461,91.32756982,-20.17351819,56.69851337,34.51698332,11.1327531,6.777409675
1.639088267,17.979225,-5.367091667,1.612590827,91.56722689,-20.24782762,56.90775286,34.54740091,11.17383727,6.783382168
1.6401102,18.02377833,-5.369313433,1.612942455,91.79413462,-20.25620943,56.93135425,34.75070725,11.17847141,6.823301368
1.641112133,18.06699633,-5.3789452,1.613294173,92.01424158,-20.29254612,57.03367062,34.86849783,11.19856123,6.846429549
1.642103533,18.11496933,-5.3921655,1.61356382,92.25856549,-20.34242087,57.17410727,34.97238509,11.22613596,6.866827812
1.643095433,18.17075233,-5.421626867,1.613716464,92.54266531,-20.45356648,57.48706959,34.94352259,11.28758611,6.861160661
1.6440676,18.209973,-5.407945,1.614098556,92.74241406,-20.40195043,57.34172981,35.28861113,11.25904865,6.928918795
1.6450649,18.25999767,-5.426774333,1.614343235,92.997187,-20.47298575,57.54175012,35.34336375,11.29832264,6.939669473
1.646079867,18.30347833,-5.421982433,1.614704035,93.2186317,-20.45490789,57.49084671,35.61571187,11.28832775,6.993145025
1.6471016,18.35112267,-5.424192733,1.615008959,93.46128172,-20.46324644,57.51432629,35.83488231,11.29293797,7.036179142
1.648063633,18.394983,-5.418239733,1.615311114,93.68466005,-20.44078822,57.45108874,36.12149818,11.28052127,7.092456169
1.6490774,18.44430667,-5.436398667,1.615582806,93.93586283,-20.5092944,57.64398752,36.17980218,11.31839695,7.103904159
1.650066733,18.488409,-5.439288133,1.61590862,94.16047364,-20.52019517,57.67468176,36.37371876,11.32442376,7.141979679
1.651103233,18.53572733,-5.446520333,1.616233216,94.40146337,-20.54747928,57.751508,36.53788225,11.3395086,7.174213179
1.6520735,18.58627967,-5.4543109,1.616442922,94.65892369,-20.57686988,57.83426566,36.7125849,11.35575806,7.208516046
1.653126267,18.629216,-5.446769233,1.616849712,94.87759613,-20.54841828,57.75415202,37.01137099,11.34002775,7.267182694
1.654098433,18.67327367,-5.452258733,1.617159031,95.10197946,-20.5691279,57.8124659,37.17744044,11.35147768,7.29979043
1.655088667,18.71884533,-5.475814333,1.617463639,95.33407351,-20.65799349,58.06269242,37.15930797,11.40060966,7.29623012
1.656109633,18.768678,-5.500418033,1.617734873,95.5878686,-20.75081312,58.32405269,37.15174279,11.45192775,7.294744696
1.657103667,18.818187,-5.514797867,1.617984043,95.84001528,-20.80506231,58.47680684,37.25113531,11.48192102,7.314260419
1.658080133,18.86355033,-5.500720167,1.618278019,96.0710483,-20.75195294,58.3272622,37.63171298,11.45255793,7.388986843
1.6590669,18.91139533,-5.505838867,1.618544957,96.31472031,-20.77126369,58.38163714,37.82101005,11.46323445,7.426155323
1.660080067,18.95183767,-5.498020333,1.618949669,96.52069094,-20.74176758,58.2985824,38.11003542,11.44692665,7.482905455
1.6610703,18.998921,-5.512562433,1.619231534,96.76048383,-20.79662894,58.45306027,38.19535044,11.47725838,7.499657058
1.662099033,19.04438133,-5.518599033,1.619576316,96.99201086,-20.81940255,58.51718589,38.36275185,11.48984945,7.532526326
1.6630865,19.09389233,-5.538345333,1.61981889,97.24416773,-20.89389721,58.72694696,38.40514765,11.53103604,7.54085074
1.664091167,19.14185833,-5.541099567,1.620101908,97.48845599,-20.9042878,58.75620464,38.62017823,11.53678078,7.583071995
1.665058667,19.187657,-5.5423662,1.620380367,97.72170614,-20.90906628,58.76965984,38.83997318,11.53942271,7.626228733
1.6661218,19.231179,-5.531692,1.620788712,97.94336134,-20.86879692,58.6562699,39.17501832,11.5171586,7.692014847
1.667057767,19.27623733,-5.544970967,1.621046776,98.17284102,-20.918893,58.79732976,39.26343813,11.5448557,7.709376077
1.668073867,19.32570967,-5.570182967,1.621318565,98.42480095,-21.01400749,59.06515189,39.24757594,11.59744257,7.706261535
1.669068967,19.37076133,-5.5632542,1.621635862,98.65424667,-20.98786811,58.99154896,39.55062458,11.58299064,7.765765137
1.6700968,19.41446633,-5.5679941,1.622006154,98.87683389,-21.0057498,59.04189999,39.72286077,11.59287706,7.799583713
1.6710375,19.46651,-5.5900901,1.622163857,99.14188948,-21.08910891,59.27662146,39.7531949,11.63896462,7.805539818
1.6720503,19.511051,-5.5813111,1.622506538,99.3687344,-21.05598936,59.18336387,40.07329741,11.6206535,7.868391947
1.673107367,19.55706167,-5.5894213,1.622871374,99.60306426,-21.08658581,59.26951693,40.2214742,11.63756965,7.89748646
1.674098667,19.60585533,-5.5976669,1.623128573,99.85156778,-21.11769306,59.35710832,40.38238633,11.65476822,7.929081557
1.6751327,19.655135,-5.608777067,1.623421194,100.1025465,-21.15960715,59.47512944,40.51534391,11.67794167,7.955187777
1.6760649,19.69450433,-5.5955863,1.623761082,100.3030524,-21.10984381,59.33500652,40.85597273,11.65042853,8.022070246
1.677095767,19.74307133,-5.611989,1.624061258,100.5504015,-21.17172445,59.50924918,40.92907919,11.68464108,8.036424699
1.678113567,19.790758,-5.6177783,1.624361613,100.7932671,-21.1935651,59.57074778,41.11044623,11.69671633,8.072036116
1.679090167,19.83334467,-5.611436233,1.624697496,101.0101587,-21.16963909,59.50337725,41.39470836,11.68348812,8.127850987
1.680073433,19.88024467,-5.63132,1.624975152,101.2490179,-21.24465236,59.7145986,41.42234619,11.72496143,8.133277674
1.681085967,19.923194,-5.625176733,1.625341513,101.4677566,-21.22147634,59.64933988,41.70634355,11.71214789,8.189040556
1.6820571,19.97331433,-5.633704833,1.625558586,101.7230167,-21.25364935,59.73993221,41.87101138,11.72993569,8.221373085
1.683118033,20.02128267,-5.652756867,1.625897836,101.9673169,-21.32552483,59.94231823,41.91292552,11.76967418,8.229602925
1.684042533,20.06638467,-5.649459833,1.626143776,102.1970189,-21.31308648,59.90729449,42.17765132,11.76279727,8.281581836
1.685089267,20.11521733,-5.660898667,1.626455822,102.4457211,-21.35624049,60.02880697,42.30484098,11.78665625,8.306555527
1.686088,20.15877867,-5.651837967,1.626799175,102.6675766,-21.3220582,59.93255693,42.62294655,11.76775755,8.369015555
1.6870935,20.211687,-5.676190867,1.627008669,102.9370359,-21.41393167,60.19125301,42.63370977,11.81855253,8.371128914
1.688086167,20.25021633,-5.664378167,1.627421662,103.1332637,-21.36936721,60.06576902,42.95542159,11.79391375,8.434297029
1.6890695,20.29685033,-5.670911333,1.627703387,103.3707682,-21.39401416,60.13516956,43.1235255,11.80754054,8.467304232
1.6901471,20.352461,-5.7102429,1.627944324,103.6539903,-21.54239597,60.55298108,42.98893612,11.88957783,8.440877608
1.691112667,20.39195533,-5.677777133,1.628315699,103.8551328,-21.419916,60.20810361,43.53495611,11.82186114,8.548088632
1.6920742,20.43989767,-5.6938766,1.62855594,104.0993006,-21.48065266,60.37912508,43.60810236,11.85544121,8.562450899
1.693025833,20.49241733,-5.715317233,1.628717415,104.3667804,-21.56153934,60.60688473,43.64782256,11.90016182,8.57024996
1.694066633,20.53140533,-5.700112633,1.62917164,104.5653442,-21.50417864,60.44536924,44.00790183,11.86844825,8.640951525
1.695039233,20.574628,-5.711584733,1.629493955,104.7854749,-21.54745816,60.56723511,44.10616668,11.89237661,8.660245828
1.6960623,20.615188,-5.6959642,1.629906797,104.9920448,-21.48852831,60.40130125,44.47867045,11.8597955,8.733386942
1.697066267,20.66248633,-5.700094533,1.63019916,105.2329327,-21.50411036,60.44517697,44.67568259,11.8684105,8.772070278
1.698109833,20.71261533,-5.714387233,1.630488536,105.488237,-21.55803083,60.59700552,44.77915835,11.89822203,8.792387742
1.699096433,20.76298633,-5.729191767,1.630717304,105.7447738,-21.61388224,60.75427117,44.8784295,11.92910114,8.811879631
1.700084567,20.803432,-5.720502233,1.631096932,105.9507614,-21.58110021,60.66196396,45.17672431,11.91097662,8.870449818
1.701044333,20.852796,-5.743083,1.631314018,106.2021696,-21.66628815,60.90183502,45.18826146,11.95807531,8.872715137
1.702071367,20.897638,-5.736937533,1.631666403,106.4305475,-21.64310383,60.83655293,45.48192144,11.94525717,8.930375275
1.703070567,20.93994433,-5.733406733,1.632029104,106.6460114,-21.62978358,60.79904593,45.73489232,11.93789267,8.980046106
1.704042667,20.98768567,-5.744732733,1.632282936,106.8891554,-21.67251192,60.91935981,45.85772249,11.9615163,9.00416381
1.705021533,21.03108133,-5.741670467,1.632608915,107.1101672,-21.66095924,60.88682995,46.11126414,11.95512906,9.053946715
1.706032567,21.07822667,-5.754076767,1.632910646,107.3502759,-21.70776311,61.01861964,46.2195831,11.98100597,9.075215142
1.707081167,21.124609,-5.763967033,1.633261424,107.5864986,-21.74507501,61.123682,46.35074347,12.00163496,9.100968481
1.70803,21.17626533,-5.7665709,1.633433088,107.8495815,-21.75489833,61.15134237,46.58616604,12.00706607,9.147193702
1.709087467,21.22808133,-5.779204367,1.633710983,108.1134776,-21.8025592,61.28554521,46.7158593,12.0334168,9.172658974
1.7100611,21.26828267,-5.770133,1.634079787,108.3182209,-21.76833667,61.18918186,47.01696588,12.01449586,9.231781251
1.711079233,21.31507633,-5.778147067,1.63439391,108.5565385,-21.79857044,61.27431372,47.17015166,12.0312115,9.261859278
1.7120612,21.35872267,-5.783256867,1.634719217,108.7788269,-21.81784761,61.32859412,47.33815968,12.04186946,9.294847654
1.713083967,21.406724,-5.798318233,1.635019804,109.0232951,-21.87466795,61.48858806,47.42263395,12.07328427,9.311434177
1.714088033,21.445313,-5.7863873,1.635443299,109.2198268,-21.82965745,61.3618481,47.74590562,12.04839887,9.374908568
1.715089833,21.497738,-5.7914001,1.635656365,109.4868245,-21.84856868,61.41509809,47.95965334,12.05885451,9.416877933
1.716043967,21.54837167,-5.8125812,1.635848715,109.7446991,-21.92847625,61.64010076,47.99252521,12.10303378,9.423332325
1.717036267,21.589543,-5.7968923,1.636221592,109.9543825,-21.86928849,61.47344065,48.36886871,12.07031007,9.49722737
1.7180622,21.638129,-5.806334467,1.636516549,110.2018284,-21.9049099,61.57374293,48.51601231,12.09000443,9.526119017
1.719028933,21.69002933,-5.821982067,1.636702442,110.466154,-21.96394185,61.73996432,48.61411653,12.12264199,9.545381782
1.720050867,21.73266533,-5.8115805,1.637082917,110.6832968,-21.92470102,61.62947052,48.94175319,12.10094654,9.60971324
1.721076733,21.78117433,-5.8375282,1.637378965,110.9303506,-22.02259101,61.90510784,48.9131696,12.15506792,9.604100851
1.722119333,21.82386967,-5.829969567,1.637779214,111.1477956,-21.9940754,61.82481396,49.21090852,12.13930222,9.662561887
1.7230444,21.870154,-5.836545467,1.638007933,111.3835192,-22.01888357,61.89466846,49.37677764,12.15301815,9.69513029
1.724068967,21.91002333,-5.830174733,1.638432666,111.5865716,-21.99484941,61.82699341,49.64750507,12.13973016,9.74828762
1.725083133,21.958612,-5.8449858,1.638715816,111.8340311,-22.05072547,61.98432846,49.73762948,12.17062289,9.765983548
1.726058533,22.009582,-5.8578469,1.638924372,112.0936185,-22.09924511,62.12094941,49.86059601,12.19744842,9.790128027
1.7270899,22.05646033,-5.855156733,1.639250454,112.3323674,-22.08909621,62.09237229,50.12792196,12.1918373,9.842617476
1.7280659,22.09753733,-5.844205533,1.639608451,112.5415703,-22.04778184,61.97603984,50.45345736,12.16899542,9.906536352
1.729060667,22.14810733,-5.863747733,1.639842392,112.7991206,-22.12150652,62.1836328,50.50341469,12.2097563,9.916345475
1.730088133,22.20017733,-5.878592333,1.640086465,113.0643103,-22.17750909,62.34132407,50.61091313,12.24071898,9.937452794
1.731063433,22.23227367,-5.849587433,1.640578876,113.2277752,-22.06808554,62.03321071,51.0824914,12.18022092,10.03004719
1.732095733,22.278375,-5.873591867,1.640917581,113.4625668,-22.15864438,62.2882051,51.06228863,12.23028907,10.02608037
1.733060167,22.32859033,-5.873601567,1.641126525,113.7183108,-22.15868098,62.28830814,51.31792958,12.2303093,10.07627547
1.7340542,22.37017067,-5.864911233,1.641494982,113.9300772,-22.12589593,62.19599243,51.62201169,12.21218311,10.13598199
1.7351081,22.42468767,-5.896988867,1.641728674,114.2077294,-22.24691163,62.53674684,51.55890944,12.27909024,10.12359187
1.736051933,22.47119133,-5.892652967,1.64197286,114.4445701,-22.23055407,62.49068742,51.84180953,12.27004648,10.1791393
1.737109333,22.513753,-5.895282733,1.642389919,114.6613344,-22.24047509,62.51862292,52.03063831,12.27553161,10.21621583
1.738023033,22.549795,-5.8829395,1.642761368,114.8448943,-22.19390916,62.38750317,52.34531803,12.24978625,10.27800319
1.739037367,22.602415,-5.9069079,1.642984033,115.1128852,-22.28433206,62.64211478,52.35869725,12.29977924,10.2806302
1.740059533,22.64679433,-5.899282767,1.643338513,115.3389067,-22.25556557,62.56111449,52.6657191,12.28387483,10.34091395
1.741083767,22.697842,-5.910230933,1.643594734,115.5988897,-22.2968685,62.67741471,52.8094019,12.30671038,10.36912606
1.7420745,22.732383,-5.891118033,1.644065798,115.7748052,-22.2247634,62.47438213,53.18834995,12.26684493,10.44353251
1.743086967,22.77783033,-5.9017903,1.644394509,116.006266,-22.26502546,62.58775152,53.30644138,12.28910501,10.46671976
1.7440689,22.82602233,-5.909687367,1.644651394,116.2517053,-22.29481785,62.67164051,53.46799165,12.30557661,10.49844016
1.745104233,22.87181867,-5.9030482,1.644997721,116.4849436,-22.269771,62.60111395,53.77175648,12.29172872,10.55808439
1.746107967,22.919751,-5.906638767,1.645280313,116.7290604,-22.28331673,62.63925583,53.9777314,12.29921788,10.59852756
1.747031967,22.96957967,-5.9163467,1.645454641,116.9828351,-22.31994077,62.7423813,54.12838065,12.31946657,10.62810754
1.748063167,23.01598367,-5.9206055,1.645787692,117.2191682,-22.33600747,62.7876217,54.31947333,12.32834952,10.66562859
1.749077433,23.05963167,-5.9267044,1.646145275,117.4414651,-22.35901611,62.85240912,54.47698283,12.34107053,10.69655558
1.750081433,23.102515,-5.921919033,1.646504095,117.6598676,-22.34096289,62.80157511,54.74621936,12.33108927,10.74942017
1.7510823,23.15153033,-5.9244024,1.646767526,117.9095,-22.35033161,62.82795542,54.9694715,12.33626905,10.79325573
1.752119867,23.209208,-5.948424367,1.646937332,118.2032493,-22.4409566,63.08313606,55.00804012,12.38637377,10.80082868
1.753074067,23.24615667,-5.920573733,1.64733564,118.3914269,-22.33588763,62.78728425,55.4920695,12.32828326,10.89586785
1.754100033,23.28725067,-5.9161145,1.647743347,118.6007164,-22.31906478,62.73991469,55.7487286,12.31898225,10.94626286
1.755109667,23.34454133,-5.956836233,1.647891042,118.8924947,-22.47269111,63.17249367,55.6079279,12.40391913,10.91861664
1.756129233,23.390014,-5.964307467,1.648226473,119.1240845,-22.500877,63.25185911,55.76015231,12.41950254,10.94850591
1.7570612,23.43356833,-5.961802167,1.648503164,119.3459044,-22.49142554,63.2252458,56.0085855,12.41427701,10.99728576
1.7581292,23.47782067,-5.958347633,1.648905388,119.5712792,-22.478393,63.18854897,56.27065708,12.40707159,11.04874352
1.759103767,23.51920733,-5.954820633,1.649257292,119.7820592,-22.46508708,63.15108235,56.51890378,12.39971502,11.09748676
1.760020467,23.56454567,-5.955437333,1.649491877,120.0129649,-22.46741364,63.15763343,56.74325839,12.40100132,11.14153879
1.761091533,23.61273033,-5.950202,1.649838005,120.2583669,-22.44766288,63.10201951,57.04427423,12.39008153,11.20064324
1.7620629,23.66512167,-5.9808763,1.650021145,120.5251931,-22.56338439,63.42786658,56.9852534,12.4540616,11.18905451
1.763044,23.69984767,-5.963239833,1.650479792,120.7020508,-22.49684926,63.24051786,57.34945978,12.41727568,11.26056643
1.764004233,23.755443,-5.986066333,1.650603593,120.9851948,-22.58296425,63.48299929,57.3901224,12.46488691,11.26855053
1.765075667,23.799747,-5.9911017,1.651008473,121.2108327,-22.60196061,63.536489,57.56227058,12.47538961,11.30235183
1.766096967,23.84047633,-5.9889545,1.651417,121.418265,-22.59386011,63.51367971,57.79251217,12.47091101,11.34755976
1.767079433,23.883458,-5.979344033,1.651752808,121.6371683,-22.55760378,63.41158961,58.11350559,12.45086562,11.41058682
1.7680933,23.930748,-5.984453367,1.652055196,121.8780138,-22.57687919,63.46586506,58.30007557,12.4615226,11.44721984
1.769112833,23.976998,-5.9771048,1.652378898,122.1135625,-22.54915607,63.38780268,58.61368672,12.44619506,11.50879739
1.770083367,24.02810067,-5.989541667,1.652580592,122.3738257,-22.59607525,63.51991707,58.74183546,12.47213572,11.53395939
1.771107467,24.066922,-5.984982633,1.653020625,122.5715406,-22.57887589,63.47148735,58.98798014,12.46262654,11.5822899
1.772056767,24.11214133,-6.001811967,1.6532896,122.8018403,-22.64236604,63.65026206,59.03950507,12.49772896,11.59240682
1.773056333,24.16054533,-6.017408533,1.653560929,123.0483592,-22.70120547,63.81594133,59.12034477,12.53026008,11.6082797
1.774082033,24.20918467,-6.006634233,1.65385485,123.2960767,-22.66055847,63.70148805,59.48251556,12.50778718,11.67939193
1.775046,24.24964667,-5.986316667,1.654210066,123.5021475,-22.58390865,63.48565853,59.90441588,12.46540905,11.76223206
1.776051167,24.30088833,-5.9978016,1.654444302,123.7631186,-22.62723658,63.60766072,60.04338474,12.48936418,11.78951859
1.777091567,24.34243033,-6.002948133,1.654859702,123.9746898,-22.64665233,63.66233133,60.2002853,12.50009876,11.82032602
1.778132767,24.384252,-6.002787433,1.655271695,124.1876853,-22.64604608,63.66062425,60.41498788,12.49976357,11.86248287
1.7790703,24.43281967,-6.017340833,1.655478528,124.4350378,-22.70095006,63.81522216,60.50774249,12.53011887,11.88069524
1.780085233,24.485778,-6.0327584,1.655696703,124.7047517,-22.7591142,63.97899995,60.61367865,12.56227664,11.9014958
1.781091667,24.52279867,-5.9967661,1.656146161,124.893296,-22.62333006,63.59666081,61.18456205,12.48720435,12.01358876
1.782062133,24.56537333,-6.000605767,1.656476092,125.1101265,-22.63781555,63.63744883,61.36060452,12.49521308,12.0481547
1.783026533,24.61024233,-6.009486067,1.656765437,125.3386419,-22.67131726,63.73178252,61.49478624,12.5137355,12.07450128
1.784090267,24.65663833,-6.009178667,1.657131143,125.5749342,-22.67015757,63.72851707,61.73434403,12.51309433,12.12153845
1.7850985,24.699653,-6.010396667,1.657492221,125.7940056,-22.67475258,63.74145564,61.94047684,12.51563482,12.16201263
1.786042033,24.75189733,-6.0250268,1.657649738,126.0600832,-22.72994605,63.89686868,62.05114138,12.54615016,12.18374161
1.787033367,24.79963067,-6.0221583,1.657922923,126.3031865,-22.71912438,63.86639717,62.3247162,12.54016708,12.23745803
1.788074733,24.848055,-6.0512681,1.658235746,126.549809,-22.82894368,64.17562486,62.26211103,12.60088394,12.2251655
1.789084033,24.89110633,-6.058233733,1.658597339,126.7690671,-22.85522214,64.24961941,62.4073746,12.61541277,12.253688
1.790066067,24.93000333,-6.0272139,1.658994167,126.9671675,-22.73819708,63.92010181,62.93499254,12.55071199,12.35728578
1.791061667,24.97793267,-6.042882267,1.65926867,127.211269,-22.79730738,64.0865438,63.01265207,12.58339287,12.37253423
1.7920268,25.02408033,-6.052882667,1.659539511,127.4462966,-22.83503477,64.19277608,63.14144737,12.60425158,12.39782319
1.793055933,25.0636,-6.031334367,1.659974071,127.6475681,-22.7537419,63.96387272,63.57162227,12.55930641,12.48228803
1.7940362,25.114231,-6.035802033,1.660192595,127.9054291,-22.77059657,64.01133187,63.78202409,12.56862501,12.52360043
1.7950699,25.15587933,-6.030328433,1.660599695,128.1175418,-22.74994693,63.95318689,64.05228179,12.55720825,12.57666553
1.796072367,25.204724,-6.041184767,1.660867294,128.3663051,-22.79090341,64.06851159,64.18572036,12.57985225,12.60286619
1.797056333,25.25136,-6.041971067,1.661149622,128.6038197,-22.7938698,64.0768643,64.41488229,12.5814923,12.64786214
1.7980667,25.29836767,-6.051741767,1.661452758,128.8432272,-22.83073062,64.18065653,64.55049758,12.60187191,12.6744902
1.799064767,25.35219633,-6.069611233,1.661640973,129.1173737,-22.89814477,64.37048036,64.63482025,12.63914382,12.69104696
1.800056367,25.38794433,-6.062264433,1.662094744,129.2994364,-22.87042831,64.29243675,64.89492651,12.62381996,12.74211882
1.801074233,25.43545467,-6.082290667,1.662397818,129.541404,-22.94597905,64.5051715,64.92415934,12.66559042,12.74785869
1.8020706,25.47869933,-6.050921767,1.662743569,129.7616467,-22.8276371,64.17194583,65.47762777,12.60016156,12.85653221
1.803064067,25.53090533,-6.067228467,1.662951596,130.0275291,-22.88915557,64.3451687,65.57028725,12.63417387,12.8747259
1.8040486,25.55803867,-6.027149667,1.663527908,130.1657177,-22.73795475,63.91941947,66.13422508,12.55057801,12.9854551
1.8050449,25.61408367,-6.062067533,1.663681011,130.4511519,-22.86968549,64.29034512,66.04873361,12.62340926,12.96866884
1.806123133,25.665207,-6.0717864,1.663990094,130.7115202,-22.90635078,64.39358673,66.20586039,12.64368076,12.99952069
1.807045033,25.704896,-6.0620481,1.664314873,130.9136542,-22.86961218,64.29013868,66.51144238,12.62336873,13.05952171
1.808091833,25.74140433,-6.041267367,1.664812405,131.0995892,-22.79121502,64.06938903,66.91812702,12.58002454,13.13937424
1.809047367,25.78732733,-6.048419633,1.665077027,131.3334725,-22.81819758,64.14536616,67.07603326,12.59494264,13.17037913
1.8100642,25.83606267,-6.0640281,1.665360637,131.581679,-22.8770819,64.31117183,67.15843402,12.62749859,13.18655852
1.811062567,25.88267833,-6.067128033,1.665657671,131.8190901,-22.88877668,64.34410182,67.36291512,12.63396439,13.22670838
1.812022067,25.92129833,-6.059576667,1.666036133,132.0157796,-22.86028848,64.26388513,67.63982139,12.61821385,13.28107893
1.813057133,25.96367133,-6.068493367,1.666433698,132.2315831,-22.89392752,64.35860549,67.76090445,12.63681219,13.30485359
1.814053333,26.007525,-6.038710133,1.66677012,132.4549274,-22.78156764,64.04222404,68.30063026,12.57469069,13.41082875
1.8151362,26.06372967,-6.068103333,1.667007387,132.7411748,-22.89245608,64.35446224,68.27463941,12.63599866,13.40572545
1.816081833,26.10128467,-6.051243,1.667388006,132.9324404,-22.82884898,64.17535823,68.64500902,12.60083159,13.47844752
1.8170635,26.15411067,-6.079391467,1.667574905,133.2014803,-22.93504156,64.47437386,68.61503336,12.65954331,13.4725618
1.818039867,26.198635,-6.073387633,1.667881403,133.4282404,-22.91239157,64.41059632,68.90557094,12.64702059,13.52960885
1.8190242,26.237533,-6.073086267,1.668280516,133.6263458,-22.91125464,64.40739496,69.10687773,12.646392,13.56913544
1.819982633,26.29110733,-6.094453033,1.668432924,133.899197,-22.99186265,64.63436993,69.15275396,12.69095854,13.57814324
1.821035067,26.34461167,-6.1049614,1.668680384,134.1716917,-23.03150639,64.74599825,69.31362034,12.71287676,13.60972935
1.8220493,26.38653767,-6.092272133,1.669063841,134.3852186,-22.98363501,64.61120266,69.66194279,12.68640964,13.67812247
1.8230808,26.428649,-6.0766829,1.669461776,134.5996893,-22.92482325,64.44560129,70.04201492,12.65389381,13.75274963
1.824016533,26.46869133,-6.071526233,1.669795072,134.8036228,-22.90536927,64.39082303,70.30072663,12.6431381,13.80354767
1.825076867,26.51403267,-6.075208833,1.670173245,135.0345438,-22.91926221,64.42994257,70.49252806,12.65081922,13.84120789
1.8260526,26.56528233,-6.085754867,1.670377927,135.2955556,-22.95904805,64.54197101,70.64151142,12.67281601,13.87046077
1.8270877,26.61319067,-6.0938112,1.670692246,135.5395501,-22.98944128,64.62755186,70.79992514,12.68961981,13.9015653
1.828101567,26.66315533,-6.096345933,1.670954395,135.7940175,-22.99900379,64.65447784,71.02746653,12.69490672,13.94624305
1.829079033,26.70023067,-6.093562,1.671374063,135.9828402,-22.98850115,64.62490466,71.24586238,12.68910003,13.98912508
1.830121633,26.75031967,-6.106636667,1.671663074,136.2379408,-23.03782649,64.76379428,71.36207335,12.71637101,14.0119431
1.831076133,26.79042167,-6.0839219,1.672014239,136.4421781,-22.95213302,64.52249977,71.80760519,12.66899283,14.09942328
1.832057567,26.83806033,-6.0810148,1.672278949,136.6847993,-22.94116573,64.49161822,72.08110791,12.66292924,14.15312554
1.833046767,26.88367,-6.094067767,1.672581952,136.9170868,-22.9904092,64.63027732,72.17473639,12.69015495,14.17150949
1.8340659,26.925551,-6.094503567,1.672970985,137.1303845,-22.99205329,64.63490674,72.38340466,12.69106394,14.2124815
1.835047433,26.964421,-6.084140933,1.673367719,137.3283473,-22.95295934,64.52482652,72.6914477,12.66944969,14.27296576
1.8360529,27.015075,-6.0836689,1.673611097,137.5863254,-22.95117856,64.5198122,72.95444012,12.66846513,14.32460432
1.837051367,27.07024767,-6.113753,1.673779491,137.8673169,-23.06467348,64.83938969,72.91585405,12.73121417,14.31702794
1.8380536,27.11573067,-6.104165067,1.674097432,138.0989593,-23.02850216,64.73753896,73.24934726,12.71121577,14.38250934
1.839035733,27.15552767,-6.099916133,1.67448082,138.3016433,-23.01247268,64.69240337,73.49716683,12.7023534,14.43116871
1.840078367,27.19490167,-6.091900533,1.674931071,138.502173,-22.98223312,64.60725522,73.78284464,12.68563456,14.48726155
1.841042333,27.24215733,-6.106226133,1.675184076,138.7428436,-23.03627771,64.75943326,73.87133718,12.71551472,14.50463705
1.842078033,27.28984067,-6.1087575,1.675502381,138.9856922,-23.04582752,64.78632347,74.08729562,12.72079461,14.54704049
1.843049467,27.334734,-6.1105601,1.675798394,139.2143316,-23.05262799,64.80547214,74.29678629,12.72455445,14.58817399
1.844025333,27.38295,-6.1102503,1.676048851,139.459893,-23.05145924,64.80218119,74.54563873,12.72390828,14.63703616
1.8450735,27.42394767,-6.1072696,1.676480207,139.668692,-23.04021428,64.7705178,74.78610104,12.71769117,14.68425094
1.8460548,27.46729933,-6.1044623,1.676809282,139.8894797,-23.0296235,64.74069641,75.03671014,12.71183574,14.73345804
1.847078967,27.51892267,-6.099541167,1.677056775,140.1523945,-23.01105809,64.68842017,75.35190124,12.7015713,14.79534581
1.8480598,27.55899367,-6.0845577,1.67743474,140.356474,-22.95453163,64.52925375,75.71514711,12.67031897,14.86666914
1.849086767,27.613781,-6.128599167,1.677637432,140.6355029,-23.12068196,64.9970976,75.5263322,12.76218011,14.82959533
1.8500854,27.65684167,-6.1352744,1.677988217,140.8548086,-23.14586487,65.0680073,75.67472817,12.77610323,14.85873288
1.851092867,27.70099067,-6.129669833,1.678331462,141.0796571,-23.12472114,65.00847109,75.95911287,12.7644133,14.91457181
1.852038533,27.74557433,-6.1157915,1.678606367,141.3067193,-23.0723639,64.86104428,76.3336019,12.73546604,14.98810273
1.853062367,27.78809667,-6.1033424,1.678990452,141.5232833,-23.02539857,64.72879993,76.6824102,12.70949987,15.05659124
1.854019,27.830083,-6.092294533,1.679315401,141.7371174,-22.98371952,64.61144061,77.01360366,12.68645636,15.12162108
1.855072467,27.88262567,-6.124728367,1.679578364,142.0047144,-23.10607902,64.95597886,76.93666239,12.75410645,15.10651366
1.8560921,27.92599633,-6.116494967,1.679945485,142.2255988,-23.07501779,64.86851706,77.24500866,12.73693333,15.16705745
1.857081967,27.96944233,-6.1166603,1.680281707,142.446867,-23.07564153,64.87027337,77.4645205,12.73727818,15.2101586
1.858076667,28.01080633,-6.1046883,1.680654085,142.6575316,-23.0304761,64.74309716,77.80236134,12.71230713,15.27649365
1.8590397,28.05465967,-6.0944333,1.680957345,142.8808743,-22.99178821,64.63416031,78.13464086,12.69091738,15.34173673
1.860097533,28.095282,-6.073836967,1.681404016,143.0877617,-22.91408672,64.4153695,78.56031903,12.6479578,15.42531864
1.861032933,28.129594,-6.071479967,1.681823192,143.2625108,-22.90519473,64.39033155,78.76010615,12.6430416,15.46454684
1.862048467,28.184155,-6.103439033,1.682017855,143.5403871,-23.02576313,64.72982645,78.6984875,12.70970142,15.45244802
1.863029967,28.23406267,-6.1098258,1.682248494,143.7945641,-23.04985777,64.79767181,78.88481919,12.72302286,15.48903425
1.8640544,28.275898,-6.0999635,1.682643515,144.0076292,-23.01265138,64.69290654,79.20264957,12.7024522,15.55144024
1.865045667,28.32771,-6.118821633,1.68285527,144.271505,-23.08379535,64.89323279,79.26619906,12.74178626,15.56391818
1.8660368,28.37112767,-6.0976628,1.683193184,144.4926288,-23.00397178,64.66846665,79.71208903,12.69765343,15.65146868
1.867070733,28.413623,-6.106077033,1.683587775,144.7090553,-23.03571522,64.7578494,79.83913273,12.71520373,15.67641371
1.868081333,28.454604,-6.115727267,1.683981816,144.9177693,-23.07212158,64.86036194,79.94533423,12.73533207,15.69726638
1.869101233,28.49962367,-6.100553033,1.684324395,145.147052,-23.01487544,64.69916903,80.33580988,12.70368184,15.77393627
1.870051133,28.54270567,-6.1056442,1.684626127,145.3664663,-23.03408232,64.7532515,80.50114172,12.71430093,15.80639918
1.8710797,28.59088067,-6.109281033,1.6849299,145.611819,-23.04780259,64.79188487,80.70786104,12.72188659,15.84698852
1.8720971,28.64615667,-6.1189405,1.685115673,145.8933367,-23.08424378,64.89449548,80.88676812,12.74203419,15.88211692
1.873093233,28.69291567,-6.134476667,1.685408317,146.1314778,-23.14285535,65.05953313,80.95987155,12.77443933,15.89647078
1.874067133,28.73617067,-6.1107761,1.685731446,146.3517732,-23.05344286,64.80776667,81.43193341,12.72500498,15.98916012
1.8750363,28.76614433,-6.086050667,1.686249659,146.5044275,-22.96016398,64.54511324,81.84724111,12.67343298,16.07070579
1.8760364,28.809222,-6.078162667,1.686601655,146.7238197,-22.9304058,64.46132056,82.15042602,12.65698029,16.13023615
1.877095533,28.86098933,-6.108884167,1.686881949,146.987468,-23.04630538,64.78766903,82.08772581,12.72105881,16.11792496
1.878024567,28.916794,-6.131421267,1.686971401,147.2716781,-23.13132858,65.02707622,82.13252878,12.76806642,16.12672203
1.8790427,28.95126033,-6.1043272,1.687470988,147.4472133,-23.02911382,64.73926127,82.59587892,12.71155395,16.21770083
1.880027267,28.98716967,-6.080133433,1.687915299,147.6300976,-22.9378407,64.48225563,83.03576886,12.66109089,16.30407322
1.881078567,29.038405,-6.090009833,1.688195763,147.8910364,-22.97510029,64.58717069,83.1917926,12.68169096,16.33470848
1.8820296,29.095354,-6.120542833,1.688289999,148.1810746,-23.09028873,64.91151676,83.15748473,12.74537632,16.32797213
1.883053167,29.14524433,-6.142241967,1.688562966,148.4351634,-23.17215063,65.14202239,83.18106788,12.7906361,16.33260268
1.884065567,29.19102467,-6.140306767,1.688886601,148.6683202,-23.16484991,65.12146514,83.43478191,12.78659968,16.38241943
1.8850264,29.21931333,-6.0940787,1.689421831,148.8123928,-22.99045045,64.63039346,84.06992625,12.69017776,16.50713002
1.8860321,29.267854,-6.1128138,1.689697237,149.0596078,-23.06113027,64.82941275,84.11812197,12.72925519,16.51659325
1.887046867,29.30915167,-6.1112903,1.69009068,149.2699346,-23.05538273,64.81322891,84.34463261,12.7260775,16.56106861
1.887964967,29.354375,-6.121315933,1.690328395,149.5002546,-23.09320532,64.91972925,84.46845228,12.74698884,16.5853806
1.889022367,29.40251433,-6.115163167,1.690661539,149.7454257,-23.06999346,64.85436961,84.77898295,12.73415547,16.6463533
1.890078333,29.45196233,-6.112034033,1.69097356,149.9972617,-23.05818853,64.82112944,85.06405913,12.72762877,16.70232801
1.891011933,29.499715,-6.1128974,1.691188721,150.2404635,-23.06144566,64.83030082,85.29808952,12.72942957,16.74827988
1.892007033,29.542577,-6.1207304,1.691538962,150.4587573,-23.09099634,64.91350924,85.43317496,12.74576754,16.7748039
1.8930302,29.592795,-6.1338943,1.691806599,150.7145149,-23.14065832,65.05334677,85.54909501,12.77322464,16.7975648
1.89405,29.633191,-6.135874133,1.692218641,150.9202496,-23.14812741,65.07437815,85.73379828,12.77735415,16.83383129
1.894998233,29.67384867,-6.1216154,1.69255518,151.1273169,-23.09433508,64.92291042,86.09233332,12.74761346,16.90422965
1.896083967,29.71532467,-6.097151733,1.693016907,151.3385519,-23.00204374,64.66303769,86.56344109,12.69658745,16.99673166
1.897051133,29.75704133,-6.081557267,1.693356446,151.5510126,-22.94321223,64.49738073,86.94155879,12.66406071,17.07097507
1.898018667,29.80526667,-6.0883994,1.69359843,151.7966217,-22.96902479,64.57006337,87.11448518,12.67833194,17.10492917
1.899019833,29.843456,-6.076629633,1.694025038,151.9911179,-22.9246223,64.44503545,87.43400933,12.65378271,17.16766773
1.9000104,29.889555,-6.075176567,1.694322045,152.2258976,-22.91914048,64.42959981,87.6842247,12.65075192,17.21679752
1.9009945,29.931668,-6.069217667,1.694672555,152.4403769,-22.89666,64.36629958,87.96200417,12.63832292,17.27133952
1.9019986,29.98287267,-6.0962558,1.694906281,152.7011595,-22.99866375,64.65352037,87.935566,12.69471872,17.26614838
1.903048667,30.03696933,-6.113389167,1.695142463,152.9766709,-23.06330089,64.83552476,88.02907303,12.73045529,17.28450849
1.904064967,30.07554433,-6.093901933,1.695578402,153.1731313,-22.98978358,64.6285157,88.43254249,12.68980906,17.36372972
1.905039633,30.112729,-6.073727767,1.695993626,153.3625108,-22.91367475,64.41420949,88.83622821,12.64773003,17.44299341
1.906022067,30.169564,-6.113472467,1.696120976,153.6519684,-23.06361515,64.83640964,88.70348566,12.73062903,17.41692941
1.907029133,30.21250033,-6.1228606,1.696482066,153.8706409,-23.09903271,64.93613794,88.8224298,12.75021068,17.44028409
1.908019433,30.25682433,-6.094395633,1.696805511,154.0963806,-22.99164611,64.63376018,89.35054731,12.69083881,17.54397996
1.908991333,30.30409467,-6.0954393,1.697066229,154.3371259,-22.99558343,64.64484685,89.58020591,12.69301568,17.58907343
1.909987833,30.35404767,-6.0877131,1.697311186,154.5915338,-22.96643566,64.56277294,89.91668776,12.67690047,17.65514164
1.911040633,30.39455467,-6.078018033,1.697754558,154.7978338,-22.92986016,64.45978415,90.22597653,12.65667862,17.71587049
1.912025867,30.43765467,-6.0910883,1.698091352,155.0173398,-22.9791689,64.59862703,90.30663963,12.68394042,17.73170869
1.913021867,30.485625,-6.0989758,1.698365639,155.2616501,-23.00892519,64.68241439,90.4671626,12.70039207,17.76322738
1.913972567,30.533539,-6.104316833,1.698595472,155.5056735,-23.02907471,64.73915114,90.65444928,12.71153233,17.80000112
1.915010667,30.58982033,-6.1299812,1.69878682,155.7923113,-23.1258958,65.01177867,90.66845955,12.76506274,17.80275203
1.9160565,30.63292033,-6.131513267,1.699184214,156.0118173,-23.13167566,65.02805352,90.87169069,12.76825831,17.84265647
1.917033233,30.67755333,-6.136259833,1.699489443,156.2391308,-23.1495825,65.07847536,91.04858232,12.77815864,17.87738914
1.918002967,30.72430967,-6.138090933,1.699755728,156.4772583,-23.15649049,65.09792678,91.26725839,12.78197792,17.92032619
1.9190027,30.76356467,-6.107234033,1.70016487,156.6771819,-23.0400801,64.77013999,91.79496879,12.71761699,18.02394212
1.920020767,30.80877367,-6.111815967,1.700502767,156.9074289,-23.05736585,64.81881296,91.97654282,12.72717393,18.05959418
1.920994733,30.84139167,-6.067585133,1.700985996,157.0735506,-22.89050113,64.3489575,92.61252001,12.63491781,18.1844683
1.921976567,30.889848,-6.080358333,1.701238804,157.3203361,-22.93868915,64.4846447,92.72361831,12.66155999,18.20628246
1.922997233,30.93543567,-6.0971608,1.701573604,157.5525117,-23.00207794,64.66313401,92.77730454,12.69660636,18.21682375
1.924015667,30.97804367,-6.104962167,1.701951,157.7695119,-23.03150929,64.74600639,92.91143241,12.71287836,18.24315975
1.9249797,31.023789,-6.103157667,1.702226794,158.0024905,-23.02470165,64.72683754,93.16357979,12.70911455,18.29266889
1.9260511,31.06942467,-6.083426133,1.702611606,158.2349104,-22.9502627,64.51723334,93.60560399,12.66795877,18.37946034
1.927021167,31.11850733,-6.0991443,1.702843224,158.4848858,-23.00956087,64.68420434,93.68860837,12.70074352,18.39575825
1.9280476,31.16143733,-6.1065545,1.703223775,158.703526,-23.03751651,64.76292144,93.82853146,12.71619962,18.42323215
1.9290042,31.21347667,-6.126890033,1.703397444,158.9685595,-23.1142341,64.97894182,93.87754461,12.75861523,18.43285588
1.930053467,31.25286333,-6.103782667,1.703854138,159.1691537,-23.02705952,64.7334768,94.3236038,12.71041817,18.52043961
1.931066933,31.28922267,-6.082863667,1.704320578,159.3543299,-22.94814074,64.51125836,94.73099837,12.66678558,18.60043153
1.931986433,31.350243,-6.120959567,1.704322027,159.6651031,-23.09186089,64.91594363,94.63708638,12.74624553,18.58199191
1.933011733,31.385147,-6.097176067,1.704822197,159.8428673,-23.00213554,64.66329618,95.06749803,12.6966382,18.66650324
1.934009367,31.41887333,-6.079694433,1.705312417,160.0146337,-22.93618453,64.47759222,95.42496839,12.66017523,18.73669254
1.9350639,31.45952167,-6.082504133,1.705755397,160.2216535,-22.94678437,64.50743911,95.60214128,12.66603567,18.77148044
1.935993267,31.49697367,-6.056535267,1.706121298,160.4123945,-22.84881453,64.23157694,96.06874447,12.61187013,18.86309798
1.9369959,31.56084167,-6.1031828,1.706163037,160.7376708,-23.02479647,64.72710453,95.89849317,12.70916697,18.82966913
1.938005933,31.60896933,-6.108990967,1.70644899,160.9827824,-23.04670829,64.78880354,96.08190578,12.72128158,18.8656822
1.939034233,31.64124333,-6.056716933,1.706991727,161.1471522,-22.84949988,64.23350675,96.80157233,12.61224905,19.00698873
1.940004633,31.68863267,-6.072086967,1.707249155,161.3885035,-22.90748469,64.39677959,96.87965081,12.64430767,19.02231944
1.9410351,31.75126,-6.123906433,1.707337393,161.7074612,-23.10297821,64.94724762,96.64814042,12.75239207,18.97686237
1.941995433,31.79098733,-6.0981682,1.707700029,161.9097903,-23.00587845,64.67383542,97.1238818,12.69870758,19.07027419
1.943029567,31.82771233,-6.076491833,1.708181635,162.0968288,-22.92410244,64.44357163,97.54118404,12.65349529,19.15221149
1.944017167,31.86604833,-6.0705153,1.708592469,162.292072,-22.90155544,64.38008409,97.79991477,12.64102951,19.20301327
1.945009833,31.92355233,-6.1116611,1.708719988,162.5849368,-23.0567816,64.81716785,97.65569579,12.72685091,19.17469587
1.9460308,31.964143,-6.1001272,1.709130269,162.7916628,-23.01326895,64.69464549,97.98494423,12.70279364,19.2393438
1.946993433,32.00306333,-6.0759635,1.709507345,162.989882,-22.92210925,64.43795925,98.43984964,12.6523933,19.32866448
1.948055833,32.04791767,-6.0916926,1.709894912,163.2183227,-22.98144867,64.60504639,98.50120321,12.68520086,19.34071125
1.9490439,32.096005,-6.079343167,1.710159505,163.4632289,-22.93485935,64.47386078,98.87729502,12.65944256,19.41455688
1.9500762,32.14680533,-6.089359767,1.710427514,163.7219523,-22.97264785,64.58026516,99.02961401,12.68033506,19.44446471
1.9510247,32.19535333,-6.098401233,1.710645609,163.9692047,-23.00675759,64.67631088,99.18082064,12.69919364,19.47415413
1.951993567,32.242073,-6.103784567,1.710911578,164.2071454,-23.02706669,64.73349698,99.3615753,12.71042213,19.50964531
1.9529771,32.279854,-6.086950967,1.711326697,164.399562,-22.96356044,64.55467695,99.73281193,12.67531082,19.58253762
1.954000667,32.321206,-6.0794584,1.711728122,164.6101655,-22.93529407,64.47508488,100.0230075,12.65968292,19.63951753
1.954918567,32.36065633,-6.067245633,1.712052492,164.8110839,-22.88922033,64.34535106,100.3536598,12.63420968,19.7044411
1.955746467,32.37943333,-6.066923133,1.712597892,164.9067142,-22.88800367,64.34192521,100.4527159,12.63353701,19.72389076
1.955897933,32.39305133,-6.080211167,1.712544476,164.9760699,-22.93813395,64.48308138,100.3809154,12.66125303,19.70979275
1.9553885,32.38415267,-6.0830773,1.712168923,164.9307495,-22.94894669,64.51352775,100.3051486,12.66723117,19.69491594
1.954972333,32.365616,-6.088003167,1.712031641,164.8363433,-22.96752996,64.56585426,100.1584159,12.67750548,19.66610496
1.9540662,32.31480833,-6.076329867,1.711889909,164.5775825,-22.9234914,64.44185109,100.0236583,12.65315746,19.63964531
1.952985767,32.25734367,-6.056952133,1.711674031,164.2849181,-22.85038719,64.23600523,99.93683974,12.61273963,19.62259848
1.952054233,32.23026433,-6.121432333,1.711149906,164.1470045,-23.09364445,64.92096574,99.11396564,12.74723162,19.46102715
1.9510385,32.18217767,-6.1100605,1.710857637,163.9021017,-23.0507432,64.80016499,98.98986358,12.7235124,19.43665971
1.949975433,32.11920067,-6.057446367,1.710742059,163.5813632,-22.85225173,64.24125537,99.22803472,12.61377049,19.48342462
1.949123067,32.088497,-6.1053796,1.710351629,163.4249911,-23.03308409,64.7504407,98.56247726,12.71374903,19.35274241
1.948046,32.04126867,-6.1339105,1.709985113,163.1844597,-23.14071943,65.05351886,98.01886774,12.77325843,19.24600468
1.947001733,31.98140867,-6.105468933,1.70984144,162.879596,-23.03342111,64.75138968,98.01613316,12.71393536,19.24546775
1.9459255,31.933951,-6.0853038,1.709479207,162.6378966,-22.95734636,64.53717942,97.98864407,12.67187518,19.24007026
1.9450173,31.87101667,-6.068164667,1.709517854,162.3173754,-22.89268747,64.35511377,97.85018854,12.63612659,19.21288452
1.944048067,31.836429,-6.110799,1.709068992,162.1412223,-23.05352926,64.80800993,97.22113926,12.72505275,19.08937069
1.943024567,31.792962,-6.115703567,1.708699453,161.9198472,-23.07203217,64.86011018,96.94766391,12.73528263,19.03567381
1.942063967,31.74155033,-6.098765067,1.708512342,161.6580104,-23.00813018,64.68017582,96.86576142,12.69995252,19.01959225
1.9409565,31.67873533,-6.064380933,1.708349927,161.3380969,-22.878413,64.31491991,96.9111039,12.62823453,19.02849525
1.940030133,31.65215833,-6.1477331,1.707823411,161.2027417,-23.19286641,65.20035362,95.89031496,12.80208943,18.82806334
1.939047667,31.58997467,-6.0855476,1.707776498,160.8860436,-22.95826612,64.53976926,96.23420125,12.67238369,18.89558541
1.937970167,31.53679367,-6.082331033,1.707499106,160.6151957,-22.94613134,64.5056003,95.99752223,12.66567462,18.84911349
1.937054567,31.484596,-6.064245233,1.70736882,160.3493557,-22.87790106,64.3134784,95.92380422,12.62795148,18.83463896
1.935990733,31.42891433,-6.066068167,1.707142717,160.065772,-22.88477823,64.33284306,95.62085582,12.63175374,18.77515504
1.935060533,31.402406,-6.114632767,1.706611335,159.9307665,-23.06799248,64.84873528,94.96995809,12.73304917,18.64735127
1.933973967,31.34560233,-6.096075533,1.70637938,159.6414685,-22.99798368,64.65160543,94.87778991,12.69434273,18.62925405
1.933073067,31.29174767,-6.1025718,1.706288723,159.3671895,-23.02249142,64.720614,94.53450242,12.70789256,18.56184955
1.932054133,31.259913,-6.144386933,1.705748742,159.2050573,-23.1802427,65.16480795,93.92817622,12.79511004,18.4427974
1.930997633,31.19653967,-6.074109267,1.705645694,158.8823003,-22.915114,64.41826209,94.3519651,12.64852576,18.52600835
1.930042133,31.162932,-6.128428467,1.705195821,158.7111383,-23.12003798,64.99528429,93.60378086,12.76182407,18.37910237
1.928991533,31.12012567,-6.1373838,1.704789243,158.4931279,-23.15382276,65.09041504,93.29063975,12.78050299,18.31761712
1.928002667,31.06626367,-6.1340785,1.70461073,158.2188116,-23.14135323,65.05530349,93.05143504,12.77360884,18.27064927
1.9270199,31.01212833,-6.112720933,1.704442429,157.9431033,-23.06077992,64.82842625,93.00260393,12.72906149,18.26106128
1.925943833,30.94929733,-6.060447833,1.704311655,157.6231084,-22.86357503,64.27313936,93.23789591,12.62003091,18.30726086
1.925073333,30.90753167,-6.0930498,1.704069519,157.4103981,-22.98656883,64.61946366,92.67886132,12.68803169,18.19749442
1.9240066,30.85330433,-6.099569033,1.703818636,157.1342212,-23.01116321,64.6887162,92.33343189,12.70162942,18.12966935
1.9230635,30.81393233,-6.1146909,1.703467888,156.9337017,-23.06821179,64.84935282,91.97227578,12.73317043,18.05875635
1.921943067,30.752061,-6.084525867,1.703278309,156.6185943,-22.95441154,64.52891559,91.97760564,12.67025258,18.05980287
1.9210398,30.72349233,-6.1301942,1.702804858,156.4730957,-23.12669936,65.01404133,91.34698121,12.76550702,17.93597976
1.9201093,30.674585,-6.1296633,1.702610169,156.2240132,-23.1246965,65.00840168,91.10353843,12.76439967,17.88817977
1.9189627,30.63248467,-6.127832067,1.702096968,156.0095985,-23.11778801,64.98894885,90.90857653,12.76058011,17.849899
1.918041033,30.57479333,-6.1162618,1.702043268,155.7157796,-23.07413815,64.86604018,90.73766634,12.73644699,17.81634079
1.916968467,30.502908,-6.071293367,1.702052216,155.3496715,-22.90449076,64.38834934,90.84924905,12.64265239,17.83825005
1.9160715,30.45085333,-6.054898567,1.701938412,155.0845599,-22.84263993,64.21419059,90.75829617,12.60845632,17.82039145
1.914999333,30.42237567,-6.102275833,1.701294691,154.9395247,-23.02137486,64.71747,90.10998154,12.70727523,17.69309487
1.9139749,30.37385933,-6.1164045,1.701000186,154.6924336,-23.0746765,64.86755605,89.7128044,12.73674463,17.61510914
1.913080133,30.32859,-6.114324733,1.700786497,154.4618793,-23.0668304,64.8454631,89.50434307,12.73240668,17.57417776
1.9120134,30.275824,-6.108612067,1.700513628,154.1931449,-23.04527886,64.78477856,89.29629321,12.72049127,17.53332717
1.910992767,30.22724033,-6.093987,1.700223936,153.9457109,-22.9901045,64.62941935,89.20421842,12.68998649,17.51524829
1.9099945,30.18224667,-6.106320033,1.699902599,153.7165606,-23.03663196,64.76043074,88.8440567,12.71571058,17.44453053
1.909043333,30.128692,-6.085676033,1.699757162,153.4438095,-22.95875064,64.54113358,88.79060282,12.67265158,17.43403486
1.9080418,30.07730267,-6.083522,1.699528781,153.1820864,-22.95062436,64.51825171,88.55176158,12.66815872,17.38713839
1.906986167,30.03736933,-6.109213667,1.699073945,152.9787081,-23.04754845,64.79116924,88.07546572,12.72174608,17.29361769
1.906045,29.99047467,-6.133029633,1.698838309,152.7398761,-23.13739629,65.04416158,87.58364137,12.77142113,17.19704798
1.905015367,29.95372267,-6.143714433,1.698361609,152.5527001,-23.17770564,65.15766412,87.28296287,12.79370735,17.13800976
1.9040683,29.89400033,-6.108132533,1.698313065,152.2485375,-23.04346978,64.77968458,87.35677978,12.71949107,17.15250371
1.903015767,29.851337,-6.133749167,1.697902402,152.0312554,-23.14011079,65.05180504,86.86737724,12.77292192,17.05640952
1.901975233,29.802987,-6.117973,1.697589294,151.7850115,-23.08059381,64.88421792,86.78872041,12.74001619,17.04096525
1.9010669,29.75176633,-6.105305333,1.697451576,151.5241474,-23.03280391,64.74965178,86.66242245,12.71359413,17.01616665
1.899982767,29.70081067,-6.1315015,1.69713407,151.2646329,-23.13163127,65.02792852,86.12463124,12.76823377,16.91057134
1.8990169,29.657066,-6.136686,1.696826342,151.0418436,-23.15119025,65.08300245,85.84676808,12.77904753,16.85601291
1.897932733,29.60109767,-6.1147334,1.696584219,150.7567999,-23.06837213,64.84980429,85.79492252,12.73325907,16.84583304
1.897106633,29.56036467,-6.113468,1.696370947,150.549349,-23.06359829,64.83636219,85.60091364,12.73061972,16.80773939
1.896011067,29.51837967,-6.144141067,1.695907045,150.3355216,-23.17931515,65.16219616,85.06125232,12.79459722,16.70177689
1.895042,29.46897033,-6.1422558,1.695681341,150.0838825,-23.17220281,65.14216934,84.82964006,12.79066495,16.65629983
1.893997,29.422926,-6.149081067,1.695329078,149.8493812,-23.19795174,65.21467281,84.52263527,12.80490101,16.59601944
1.8930612,29.36270167,-6.1301654,1.695299353,149.5426619,-23.12659071,65.01373539,84.4168534,12.76544694,16.57524916
1.892044867,29.323784,-6.1371322,1.694868536,149.3444563,-23.15287358,65.08774234,84.14464086,12.77997821,16.52180023
1.890950367,29.281662,-6.164427467,1.694407762,149.1299312,-23.25584739,65.37769461,83.64016352,12.83691034,16.42274611
1.8900471,29.22702633,-6.1454536,1.694326489,148.8516747,-23.1842668,65.17613894,83.56346266,12.79733488,16.40768589
1.889058767,29.17909533,-6.1424206,1.694059277,148.6075647,-23.17282454,65.14391998,83.35157162,12.79100869,16.36608109
1.887951833,29.13247267,-6.1564412,1.693653782,148.370118,-23.22571849,65.29285806,82.9651868,12.82025268,16.29021443
1.8870124,29.07666933,-6.120638867,1.69355391,148.0859146,-23.09065102,64.9125369,83.06130459,12.74557662,16.30908716
1.885987733,29.03618433,-6.132586,1.69313834,147.8797267,-23.13572264,65.03944895,82.7282046,12.7704958,16.24368297
1.8850688,28.975746,-6.109612633,1.693128701,147.5719175,-23.04905358,64.79540739,82.66443698,12.72257824,16.2311622
1.8839665,28.95994767,-6.179083033,1.692264087,147.4914574,-23.31113681,65.53337781,81.84600649,12.86747873,16.07046338
1.8830353,28.90073633,-6.1588031,1.692223722,147.1898973,-23.23462897,65.31794806,81.75987611,12.8251791,16.05355167
1.8820114,28.84426733,-6.127060267,1.692049398,146.9023037,-23.11487632,64.98075017,81.80948041,12.7589703,16.06329148
1.8810595,28.80243667,-6.146367233,1.69172684,146.6892624,-23.18771356,65.18584429,81.39134496,12.79924053,15.98119058
1.8800735,28.75362067,-6.151744533,1.691475277,146.4406451,-23.2079999,65.24296629,81.08560569,12.81045643,15.92115868
1.878971933,28.70586,-6.1794761,1.69109227,146.1974026,-23.31261969,65.53755328,80.54777619,12.86829859,15.81555585
1.877993267,28.64903967,-6.1355063,1.690968465,145.9080197,-23.14673973,65.07047073,80.72547584,12.77658693,15.85044718
1.8769896,28.60898433,-6.1677799,1.690567431,145.70402,-23.26849474,65.41330685,80.17864006,12.8439028,15.74307598
1.876099233,28.54584433,-6.1167067,1.690627005,145.3824514,-23.07581658,64.87076627,80.39961202,12.73737496,15.78646382
1.875047767,28.50898733,-6.159406633,1.690130052,145.1947407,-23.23690585,65.32435928,79.75830828,12.82643794,15.66054383
1.8739819,28.45904233,-6.1552388,1.689815608,144.9403735,-23.22118233,65.2800852,79.54821516,12.81774473,15.61929205
1.873161833,28.41278,-6.1456372,1.689691558,144.7047619,-23.18495944,65.17808929,79.41459949,12.79771783,15.59305661
1.8719727,28.36490567,-6.123211667,1.689222694,144.4609405,-23.10035714,64.93986725,79.40900012,12.75094293,15.59195717
1.871106533,28.31386167,-6.126216733,1.689124485,144.2009761,-23.11169402,64.97178948,79.11711354,12.75721087,15.53464524
1.8699792,28.26681333,-6.1536398,1.688704993,143.9613615,-23.21514996,65.26309934,78.58618905,12.81440956,15.43039822
1.8690518,28.221605,-6.149411833,1.688457753,143.7311179,-23.19919958,65.21818648,78.4008583,12.80559092,15.39400853
1.868084167,28.15572367,-6.0887637,1.688481304,143.3955878,-22.97039914,64.57393326,78.70958143,12.6790918,15.45462631
1.8670043,28.112531,-6.132563267,1.688051271,143.1756099,-23.13563688,65.03920746,78.0243293,12.77044839,15.32007706
1.866050767,28.06924367,-6.1193978,1.687748996,142.9551498,-23.08596899,64.89935329,77.9437234,12.74298802,15.30425009
1.86505,28.03727333,-6.168370433,1.687229223,142.7923266,-23.27072258,65.41957997,77.26067354,12.84513453,15.17013325
1.864048133,27.980856,-6.1539116,1.687076155,142.5049962,-23.21617535,65.26598662,77.12693644,12.81497647,15.14387397
1.862974,27.931254,-6.138135267,1.686748284,142.2523759,-23.15665774,65.09839772,77.04190501,12.78207039,15.12717805
1.8620196,27.88319567,-6.1498106,1.686516921,142.0076173,-23.20070396,65.2224225,76.67312173,12.80642266,15.05476745
1.861088967,27.829576,-6.136807433,1.686392996,141.7345353,-23.15164837,65.08429241,76.53816973,12.77930081,15.02826963
1.859985033,27.77339167,-6.1059216,1.686134356,141.4483915,-23.03512883,64.75619826,76.58012009,12.71487953,15.03650658
1.859047233,27.72941,-6.122483733,1.68585826,141.2243952,-23.09761095,64.93213456,76.18018753,12.74942462,14.95797982
1.858017,27.68540433,-6.118823367,1.685490092,141.0002767,-23.08380189,64.8932512,75.99495239,12.74178987,14.9216089
1.857044367,27.65193467,-6.179269433,1.68502101,140.8298175,-23.31184002,65.5353579,75.18238648,12.86786752,14.76206158
1.856083033,27.586519,-6.115640633,1.685043855,140.496659,-23.07179475,64.85944165,75.52514426,12.73515137,14.82936207
1.8549609,27.54812667,-6.141269233,1.684499334,140.3011289,-23.1684809,65.13168924,75.05736658,12.78860718,14.73751393
1.854055533,27.49957767,-6.1366754,1.684324387,140.0538715,-23.15115026,65.08288985,74.85890852,12.77902542,14.69854669
1.853055233,27.457737,-6.132522733,1.68395358,139.8407792,-23.13548396,65.03877688,74.68992921,12.77036384,14.6653676
1.852098667,27.41050533,-6.141157133,1.683707614,139.6002309,-23.168058,65.13049842,74.35765934,12.78837336,14.60012641
1.851032333,27.35102167,-6.1327025,1.683536212,139.2972838,-23.13616215,65.04068651,74.14452413,12.7707388,14.55827731
1.850058,27.29839433,-6.104812167,1.683353657,139.0292556,-23.0309434,64.74441297,74.17276949,12.71256549,14.56382329
1.849108133,27.26398433,-6.134156233,1.682921489,138.8540073,-23.14164648,65.05612923,73.68580494,12.77377098,14.4682078
1.848000633,27.225833,-6.1513265,1.682387976,138.6597046,-23.20642283,65.23852561,73.30910588,12.8095845,14.39424294
1.847031933,27.17545233,-6.1771059,1.682177253,138.4031186,-23.3036779,65.51237511,72.77867034,12.86335485,14.29009192
1.8459795,27.111558,-6.1230245,1.68208611,138.0777082,-23.09965104,64.93787901,73.02775604,12.75055254,14.3389999
1.845057267,27.07580567,-6.155966633,1.68170177,137.8956235,-23.22392814,65.28781683,72.49573351,12.81926284,14.23453727
1.844002667,27.018993,-6.136691233,1.681501917,137.6062796,-23.15120999,65.08305804,72.41114844,12.77905845,14.217929
1.843000333,26.96499133,-6.105966733,1.681312039,137.331252,-23.0352991,64.75667771,72.46250119,12.71497367,14.22801211
1.842058967,26.93371233,-6.1545924,1.680841265,137.1719497,-23.21874373,65.27321862,71.786658,12.81639648,14.0953103
1.8410055,26.88697667,-6.1649893,1.680490936,136.9339275,-23.25796695,65.38366285,71.43819154,12.8380822,14.02688891
1.840078233,26.83486667,-6.150593133,1.680347664,136.6685341,-23.20365614,65.2307352,71.32572576,12.80805486,14.00480625
1.839030367,26.789855,-6.155295233,1.679976998,136.4392921,-23.22139523,65.28068468,71.04653428,12.81786244,13.949987
1.8380449,26.73783833,-6.157338967,1.679774122,136.174374,-23.22910539,65.30239486,70.75990601,12.82212523,13.89370754
1.837078933,26.69807033,-6.165915167,1.679406465,135.9718377,-23.26145987,65.39349815,70.46626643,12.84001336,13.83605141
1.836034267,26.65161133,-6.165454567,1.679060774,135.7352245,-23.25972221,65.38860529,70.2345461,12.83905265,13.79055313
1.8350911,26.59370167,-6.1527608,1.678988858,135.4402937,-23.21183386,65.25376189,70.07445868,12.81257615,13.75911996
1.834012033,26.54364067,-6.148600067,1.67866296,135.1853357,-23.19613712,65.20956324,69.86369935,12.80389774,13.71773737
1.833089467,26.50253267,-6.150771633,1.678358863,134.9759749,-23.20432955,65.23263137,69.63127038,12.80842717,13.67209994
1.832038,26.46292333,-6.173100633,1.677903318,134.7742467,-23.28856767,65.46982795,69.19234559,12.85500072,13.58591706
1.830995533,26.39520233,-6.114549167,1.677879714,134.4293473,-23.06767709,64.84784721,69.46942692,12.7328748,13.64032198
1.8300304,26.36649767,-6.16992,1.677346443,134.2831559,-23.27656845,65.43604071,68.7350421,12.84836659,13.49612552
1.829045233,26.322395,-6.164303133,1.677024801,134.0585434,-23.25537833,65.37637384,68.57009646,12.836651,13.46373844
1.828094567,26.25692367,-6.1216059,1.67705915,133.7251014,-23.09429924,64.92280951,68.69021881,12.74759365,13.48732446
1.8269887,26.211716,-6.139113733,1.676633433,133.4948612,-23.16034909,65.10879178,68.27399631,12.78411127,13.40559918
1.8261236,26.16150533,-6.1216855,1.676523752,133.239141,-23.09459954,64.92365508,68.20341279,12.74775968,13.3917401
1.825023,26.11862533,-6.1448946,1.676068282,133.0207555,-23.18215792,65.1702008,67.73848154,12.79616893,13.30045085
1.824048533,26.08334567,-6.168113233,1.675624598,132.841078,-23.26975227,65.41684778,67.3121571,12.84459806,13.21674205
1.822988633,26.03527767,-6.166639,1.675287881,132.5962703,-23.26419059,65.40118729,67.08300985,12.84152312,13.17174898
1.8220756,25.98956067,-6.157661433,1.67506266,132.363436,-23.23032193,65.30582036,66.94554256,12.82279783,13.14475728
1.8210463,25.93068167,-6.132506533,1.674919194,132.0635685,-23.13542284,65.03860479,66.91289054,12.77033005,13.13834606
1.820007067,25.88014633,-6.116225733,1.674640265,131.8061947,-23.07400209,64.86565705,66.82846455,12.73637176,13.12176901
1.819033067,25.83711967,-6.1210915,1.674313601,131.5870622,-23.09235862,64.91734514,66.55764396,12.74652072,13.06859339
1.818078467,25.78504233,-6.106609633,1.674142505,131.3218352,-23.0377245,64.76350711,66.44625493,12.71631462,13.04672216
1.817041767,25.731556,-6.135020233,1.673910507,131.0494321,-23.144906,65.06530734,65.87205168,12.7755731,12.93397735
1.816056367,25.690455,-6.141067833,1.673543471,130.840107,-23.16772111,65.1295498,65.59848402,12.7881871,12.88026234
1.815012467,25.65577933,-6.149129267,1.673021267,130.6635056,-23.19813357,65.21518483,65.33624769,12.80500154,12.82877223
1.8141281,25.595269,-6.1226996,1.673047278,130.3553298,-23.09842532,64.93442767,65.30882898,12.74987487,12.82338857
1.8130402,25.55415867,-6.130008367,1.672577883,130.145957,-23.12599829,65.01206726,65.02181667,12.76511941,12.7670337
1.8120754,25.501673,-6.137344233,1.67240273,129.8786504,-23.1536735,65.08999473,64.67658251,12.78042047,12.69924698
1.811093733,25.442115,-6.111170133,1.672317113,129.5753247,-23.05492939,64.8119524,64.65129915,12.72582685,12.69428259
1.810016433,25.41637267,-6.158363667,1.671627107,129.4442204,-23.23297116,65.31328005,64.01886718,12.82426254,12.57010457
1.8090691,25.35980233,-6.1138827,1.671530874,129.1561107,-23.06516279,64.84076747,64.2032701,12.73148469,12.60631208
1.808021233,25.32287767,-6.151449367,1.671038539,128.9680553,-23.20688636,65.2398308,63.61615142,12.80984078,12.49103133
1.806997,25.26539167,-6.1225839,1.670879182,128.6752822,-23.09798883,64.93319861,63.6300105,12.74963355,12.49375256
1.806058833,25.21726667,-6.123260167,1.670665056,128.4301842,-23.10054011,64.94038246,63.37772862,12.7510441,12.44421701
1.8050506,25.180419,-6.1556061,1.670211196,128.242521,-23.222568,65.28398696,62.84646093,12.81851084,12.3399026
1.8040811,25.11826367,-6.112665533,1.670176823,127.9259672,-23.06057092,64.82783774,62.98605637,12.72894594,12.36731217
1.802998367,25.08243467,-6.129897733,1.669633137,127.7434921,-23.12558092,65.01089202,62.62052692,12.76488865,12.29554046
1.802128033,25.02280333,-6.097921567,1.669659957,127.4397929,-23.004948,64.67121548,62.65650428,12.69819316,12.30260462
1.800996,24.997757,-6.1623257,1.668904746,127.3122333,-23.24791829,65.35536795,61.84479218,12.8325265,12.14322495
1.800035567,24.937681,-6.116827633,1.668848156,127.0062694,-23.07627281,64.87205092,62.02214538,12.7376272,12.17804824
1.798985033,24.88525167,-6.1100216,1.668586422,126.7392496,-23.05059645,64.79975176,61.82742476,12.72343126,12.13981485
1.7980569,24.846832,-6.140030033,1.668236313,126.5435803,-23.16380591,65.11852546,61.31298176,12.78602247,12.03880397
1.797073233,24.780377,-6.1053607,1.668252461,126.2051286,-23.03301279,64.75023993,61.34281554,12.71370961,12.04466183
1.7960107,24.74511167,-6.1176842,1.667720495,126.0255241,-23.07950428,64.88115006,61.03230097,12.73941381,11.9836923
1.795071633,24.69357033,-6.093071,1.667556868,125.7630269,-22.98664881,64.61968886,61.03126492,12.68807591,11.98348887
1.794067033,24.66204533,-6.130887367,1.667026561,125.6024718,-23.12931439,65.0214047,60.46899395,12.76695281,11.87308696
1.793022667,24.60752267,-6.1148745,1.666802488,125.3247908,-23.06890444,64.85130316,60.36141448,12.73355338,11.85196373
1.792106633,24.56734667,-6.1322945,1.666490903,125.1201766,-23.13462293,65.03635241,59.97175103,12.76988779,11.77545331
1.791026733,24.51630867,-6.139457867,1.666178869,124.8602428,-23.16164736,65.11244744,59.6357222,12.78482906,11.70947405
1.790058967,24.46733667,-6.1259265,1.665947887,124.610831,-23.11059909,64.96870639,59.53005148,12.7566055,11.68872561
1.789040233,24.40910933,-6.0776704,1.665805183,124.3142823,-22.92854869,64.45609131,59.74611789,12.65595353,11.73115025
1.788036333,24.37717567,-6.1374882,1.665281725,124.1516459,-23.15421662,65.09152406,58.94804869,12.78072075,11.57444936
1.787046067,24.32854,-6.1236774,1.665023182,123.903947,-23.10211416,64.94481464,58.84705927,12.75191436,11.55462009
1.7860771,24.270749,-6.079165733,1.664923681,123.6096206,-22.93418996,64.47197594,59.02557151,12.65907248,11.58967097
1.785101733,24.22394733,-6.0945285,1.664652446,123.3712622,-22.99214736,64.6351716,58.62401748,12.69111594,11.51082583
1.784015067,24.175661,-6.092665833,1.664292247,123.1253425,-22.98512028,64.61538486,58.39788452,12.68723082,11.46642463
1.783054433,24.14188267,-6.116623567,1.663839809,122.9533113,-23.07550295,64.86988316,57.97135498,12.73720156,11.38267555
1.782070167,24.08530133,-6.107031667,1.663706808,122.6651456,-23.03931666,64.76799028,57.78508217,12.71719489,11.34610088
1.7810691,24.039834,-6.1099998,1.663389797,122.4335829,-23.0505142,64.79952018,57.52198958,12.72338579,11.29444265
1.780014833,23.99787,-6.1050412,1.662966879,122.2198625,-23.03180745,64.74684595,57.36094342,12.7130432,11.26282124
1.7790705,23.94722,-6.096054567,1.662784575,121.9619048,-22.99790458,64.65138271,57.19844893,12.69429899,11.23091545
1.7781116,23.907354,-6.115124833,1.662425459,121.7588694,-23.06984884,64.85396241,56.79283384,12.73407552,11.15127292
1.777042833,23.86434533,-6.1228933,1.662003758,121.5398285,-23.09915607,64.9364853,56.49127011,12.75027889,11.09206089
1.7760399,23.81856933,-6.125875633,1.661689524,121.3066938,-23.11040719,64.96816604,56.22645466,12.7564994,11.04006437
1.775027767,23.76021533,-6.114801867,1.661555327,121.0095,-23.06863042,64.85053159,56.04689533,12.73340188,11.0048079
1.7740158,23.71243767,-6.096010867,1.661262175,120.766171,-22.99773972,64.65091849,56.00317934,12.69420785,10.99622426
1.773021733,23.67284033,-6.112911533,1.660863851,120.5645039,-23.06149898,64.83045095,55.62197978,12.72945904,10.92137573
1.772036133,23.61658733,-6.092524533,1.660724577,120.2780104,-22.98458722,64.61388385,55.55205338,12.68693609,10.90764568
1.7710659,23.57757867,-6.104100833,1.660341229,120.0793413,-23.02825983,64.73685662,55.23041157,12.7110818,10.84449131
1.770047967,23.52876033,-6.098972333,1.660057767,119.8307122,-23.00891211,64.68237757,55.03626147,12.70038484,10.80636994
1.769079033,23.48034733,-6.109723233,1.659817208,119.5841474,-23.04947083,64.79658227,54.67549196,12.72280893,10.73553285
1.768095833,23.43326933,-6.0950993,1.659542296,119.3443816,-22.99430075,64.6412351,54.59107341,12.69230651,10.71895726
1.767027433,23.38112233,-6.072054533,1.659258448,119.0787998,-22.90736233,64.39643506,54.57029158,12.64424002,10.71487675
1.766035533,23.33260967,-6.073863033,1.658996421,118.8317274,-22.91418506,64.4156464,54.30400783,12.64801217,10.66259194
1.765034467,23.285318,-6.060688967,1.658706857,118.5908734,-22.86448473,64.27570088,54.20309944,12.62053387,10.64277858
1.763995067,23.234258,-6.078608167,1.658435655,118.3308276,-22.93208649,64.46605302,53.75270146,12.65790951,10.55434293
1.7629832,23.187723,-6.073353467,1.658123907,118.0938273,-22.91226267,64.41023337,53.57152085,12.64694932,10.51876812
1.7620396,23.155634,-6.109237667,1.657663086,117.9303998,-23.04763899,64.79142419,53.02690248,12.72179614,10.4118323
1.761043033,23.09436633,-6.080622633,1.657588292,117.6183669,-22.93968625,64.48745231,53.01884143,12.66211126,10.41024952
1.760034867,23.05510233,-6.088888167,1.657170852,117.4183974,-22.9708687,64.57525544,52.73106885,12.67935141,10.35374537
1.759126633,23.01452,-6.096477167,1.65687318,117.2117138,-22.99949887,64.6558719,52.44376875,12.69518045,10.29733399
1.758106033,22.95320867,-6.068138933,1.656775009,116.8994585,-22.89259038,64.35484041,52.43254492,12.63607291,10.29513019
1.7571216,22.91566767,-6.083140067,1.65635538,116.7082642,-22.94918349,64.51419451,52.08199653,12.66736209,10.22630002
1.7560287,22.86780967,-6.076101633,1.655982504,116.4645259,-22.92263037,64.43942661,51.9130262,12.65268141,10.19312269
1.755008133,22.81719867,-6.082554,1.655723379,116.2067668,-22.9469725,64.50796883,51.58672487,12.66613968,10.12905343
1.754042267,22.77156933,-6.073589467,1.655444006,115.9743791,-22.913153,64.41274036,51.44956561,12.64744157,10.10212221
1.753081133,22.73293967,-6.0917651,1.655064056,115.7776403,-22.98172219,64.60581654,51.0597506,12.68535208,10.02558203
1.752053833,22.67286167,-6.0761229,1.65494063,115.4716662,-22.9227106,64.43965252,50.9199406,12.65272577,9.998130336
1.751092267,22.61782333,-6.030242133,1.654807115,115.191359,-22.74962136,63.95227014,51.1270157,12.55702824,10.03878953
1.7501048,22.576916,-6.0462165,1.654435099,114.9830201,-22.80988607,64.1219627,50.74898429,12.59034738,9.964563066
1.749069,22.54225533,-6.078795267,1.653920769,114.8064952,-22.93279234,64.46804055,50.22638153,12.65829976,9.861950014
1.748032167,22.48880233,-6.047067167,1.653688136,114.5342619,-22.81309528,64.13099917,50.29118966,12.59212169,9.874675089
1.7471067,22.43898667,-6.042936,1.653512146,114.2805534,-22.79751009,64.0871146,50.08136572,12.58350495,9.833476158
1.7460294,22.398937,-6.0519956,1.653037393,114.0765826,-22.83168823,64.18335295,49.78115656,12.60240135,9.774530091
1.745107033,22.33393633,-6.0217495,1.653092961,113.7455377,-22.71758215,63.86205456,49.77141004,12.53931441,9.772616362
1.744005767,22.293004,-6.044212533,1.652607521,113.5370716,-22.80232593,64.10067496,49.32432347,12.58616753,9.684830914
1.7431136,22.251458,-6.051106633,1.652340414,113.32548,-22.82833453,64.17390963,49.03949726,12.60054716,9.628905287
1.742050867,22.19599767,-6.036011667,1.652112082,113.0430235,-22.77138743,64.01355876,48.91739163,12.56906226,9.604929846
1.741031133,22.14603,-6.0011196,1.651844112,112.7885409,-22.63975403,63.64290718,49.03356056,12.49628483,9.627739617
1.7400931,22.099694,-6.009417667,1.651603204,112.5525541,-22.67105922,63.73105592,48.70942507,12.51359283,9.564095613
1.739019833,22.05763833,-6.023061767,1.651162665,112.3383669,-22.72253279,63.87599451,48.35029922,12.54205152,9.493581253
1.738087933,22.01269,-6.007731567,1.650907012,112.1094474,-22.66469826,63.71314481,48.28422948,12.51007598,9.480608459
1.737044933,21.966369,-6.016797833,1.650560912,111.8735371,-22.69890155,63.80945398,47.95200995,12.52898629,9.415377153
1.736019333,21.91641133,-5.996613667,1.650286925,111.6191053,-22.622755,63.59504154,47.91199068,12.48688641,9.40751937
1.735103133,21.86479733,-5.986315233,1.650147257,111.356238,-22.58390325,63.4856433,47.75852159,12.46540606,9.377385713
1.734045267,21.82925633,-6.034197033,1.649624105,111.1752296,-22.76454157,63.99428227,47.06887422,12.56527732,9.241973453
1.733095733,21.777983,-6.019311633,1.649445979,110.9140973,-22.70838508,63.83615758,46.96586657,12.53422954,9.221747901
1.7320277,21.73201233,-6.008548567,1.649069574,110.6799711,-22.66778046,63.72182364,46.84607438,12.51178007,9.198226704
1.7311254,21.674332,-5.969974167,1.649035075,110.3862083,-22.52225513,63.31205536,46.96207982,12.43132207,9.221004373
1.7300353,21.62551033,-5.989325867,1.648679497,110.1375622,-22.59526113,63.51762467,46.50786438,12.4716856,9.131819172
1.729001933,21.57810133,-5.967298167,1.648359399,109.8961107,-22.51215968,63.28362873,46.50040883,12.4257405,9.130355274
1.728067267,21.53734367,-5.981129533,1.648037931,109.6885341,-22.56433973,63.43055663,46.14590433,12.45458979,9.060748315
1.727081733,21.49628067,-6.006203033,1.647670191,109.4794024,-22.65893173,63.6969075,45.67042181,12.50688779,8.967387322
1.726077333,21.451678,-6.007123767,1.647336838,109.2522434,-22.66240528,63.70668827,45.43348205,12.50880824,8.920864201
1.725061,21.385614,-5.950135533,1.647314437,108.915783,-22.44741213,63.10131345,45.70239647,12.3899429,8.973665547
1.724015633,21.35394067,-5.992326767,1.646745596,108.7544725,-22.60658229,63.54950264,45.09289669,12.47794484,8.853990266
1.7231024,21.30512333,-5.9840706,1.646566819,108.5058484,-22.57543517,63.461799,44.93197628,12.46072423,8.822393542
1.7220121,21.249209,-5.9673025,1.646317751,108.2210797,-22.51217603,63.28367477,44.82533182,12.42574954,8.801453902
1.7210522,21.204486,-5.973805433,1.646030708,107.9933079,-22.53670892,63.35275415,44.52848059,12.43931328,8.743167165
1.720016967,21.15144967,-5.954113167,1.645793406,107.7231967,-22.4624181,63.14356707,44.46755648,12.39823939,8.731204716
1.7191597,21.113011,-5.9599201,1.64551445,107.5274306,-22.48432527,63.20525298,44.21010451,12.41035142,8.68065402
1.718082033,21.069506,-5.9618192,1.645091316,107.305862,-22.4914898,63.22542675,43.96836211,12.41431254,8.633187901
1.7170639,21.01817867,-5.957239,1.644845402,107.0444546,-22.47421059,63.17677218,43.75560933,12.40475922,8.591413891
1.7161009,20.973459,-5.967835267,1.644555209,106.8166998,-22.51418594,63.28933424,43.41529241,12.42686078,8.524592664
1.7150569,20.91745567,-5.915493933,1.644353779,106.5314778,-22.31672363,62.73332253,43.68608215,12.31768788,8.57776223
1.714080167,20.87834167,-5.9473853,1.643965516,106.3322723,-22.43703663,63.07209826,43.14810092,12.38420649,8.472129616
1.7130345,20.827944,-5.9439343,1.643678083,106.0755997,-22.42401743,63.03543896,42.92808761,12.37700844,8.428930002
1.7120364,20.768093,-5.8981724,1.643580441,105.7707818,-22.25137662,62.54931928,43.10938937,12.28155884,8.464528602
1.7110608,20.73207467,-5.9415792,1.643146737,105.5873423,-22.41513261,63.0104212,42.46484801,12.3720962,8.337972907
1.710030567,20.69066833,-5.9299981,1.642739462,105.3764621,-22.37144188,62.88739745,42.37699153,12.34794049,8.320722287
1.709082633,20.64747233,-5.952434233,1.642441412,105.1564672,-22.45608418,63.12573209,41.91866198,12.3947375,8.23072928
1.708058533,20.582807,-5.912886133,1.642390202,104.8271301,-22.30688548,62.70562038,42.00943662,12.31224856,8.24855288
1.707085333,20.53888433,-5.9219376,1.642077819,104.6034343,-22.34103293,62.80177234,41.68958889,12.331128,8.185750778
1.706071867,20.48927333,-5.902326733,1.641810749,104.3507682,-22.26704921,62.59344995,41.64524512,12.2902239,8.177043879
1.705009867,20.44191433,-5.903878967,1.641461266,104.1095713,-22.27290514,62.60993902,41.3875592,12.29346153,8.12644725
1.704072667,20.40274933,-5.914784633,1.641113303,103.9101061,-22.31404774,62.72578777,41.07224521,12.31620843,8.064535346
1.703077667,20.35007067,-5.892840667,1.640910853,103.6418165,-22.23126218,62.49268132,41.03706204,12.27043798,8.057627131
1.702070667,20.30237067,-5.881230333,1.6406215,103.3988829,-22.18746117,62.36934703,40.91746279,12.24622129,8.03414382
1.7010565,20.25809533,-5.8883144,1.640273456,103.1733911,-22.21418644,62.44459968,40.61671825,12.26099715,7.975092629
1.700046433,20.21891767,-5.895285733,1.639852817,102.9738613,-22.24048641,62.51865479,40.34313339,12.27553787,7.921374242
1.699102533,20.15666567,-5.8611053,1.639845498,102.6568152,-22.11153771,62.15556275,40.38917934,12.20424475,7.930415363
1.698037567,20.123859,-5.907851533,1.639274108,102.4897326,-22.287892,62.65213881,39.72552068,12.30174746,7.800105986
1.697092467,20.07747367,-5.883615,1.639026875,102.2534946,-22.19645754,62.39467888,39.74674261,12.2511952,7.804272912
1.6959883,20.02566,-5.866819033,1.638702245,101.9896104,-22.13309327,62.21625862,39.66127865,12.21616238,7.787492063
1.6951548,19.97212333,-5.8600386,1.638674204,101.716951,-22.10751349,62.1442314,39.4606465,12.20201984,7.748097939
1.6940706,19.93526967,-5.886087433,1.638144468,101.5292573,-22.20578501,62.42094305,38.99624111,12.25635217,7.656911941
1.693111,19.89425167,-5.8910656,1.637801984,101.3203548,-22.22456559,62.47382514,38.73445655,12.26673557,7.605510543
1.692008367,19.84801567,-5.886471767,1.637394971,101.0848773,-22.20723494,62.42502575,38.54777847,12.25715381,7.568856304
1.691127033,19.79616833,-5.871041433,1.637293681,100.8208217,-22.14902265,62.26111234,38.44763619,12.22496941,7.549193367
1.690086333,19.744607,-5.8364051,1.637028721,100.5582226,-22.01835402,61.89317737,38.55297207,12.15272538,7.569876065
1.688959233,19.70977667,-5.875489367,1.636425643,100.3808335,-22.16580287,62.30836187,37.96039856,12.23424685,7.453524256
1.688065533,19.658593,-5.854130267,1.636302002,100.1201579,-22.08522378,62.08146834,37.92661642,12.18969631,7.446891134
1.687082367,19.610401,-5.87581,1.636043884,99.87471861,-22.16701249,62.31176789,37.4508776,12.23491563,7.353479817
1.686036333,19.55661067,-5.841859367,1.635807126,99.60076734,-22.03893072,61.95111698,37.53757724,12.16410182,7.370503291
1.6850312,19.51972733,-5.858403033,1.635356902,99.4129225,-22.10134317,62.1268571,37.17399228,12.19860839,7.299113384
1.6840496,19.46456867,-5.831361933,1.635205164,99.13200238,-21.99932823,61.8396048,37.18032445,12.1422064,7.300356706
1.683090167,19.42210367,-5.845594067,1.634884617,98.91573041,-22.05302021,61.99078996,36.81286733,12.17189161,7.2282065
1.682077867,19.37897267,-5.835257533,1.634521223,98.69606655,-22.01402472,61.880987,36.70300643,12.1503318,7.206635312
1.681089433,19.33208,-5.837630567,1.63423829,98.45724472,-22.0229772,61.90619526,36.43897633,12.15528144,7.154793002
1.6800865,19.27882033,-5.810121833,1.634036648,98.1859961,-21.91919807,61.61397539,36.45994758,12.09790407,7.158910708
1.679055733,19.22928333,-5.806211467,1.633751166,97.93370682,-21.90444587,61.57243633,36.24919736,12.08974787,7.117529902
1.678119333,19.18672833,-5.824967533,1.633455006,97.71697649,-21.97520479,61.77167835,35.83322502,12.12886904,7.035853733
1.677027867,19.13309133,-5.787883433,1.633170508,97.44380613,-21.83530174,61.37774123,35.95399178,12.05151949,7.059566285
1.676063,19.08685667,-5.791448767,1.632901241,97.20833546,-21.84875228,61.41561506,35.68064727,12.05895602,7.005895091
1.674989367,19.05048133,-5.807017833,1.632374875,97.02307784,-21.90748796,61.5810022,35.33000251,12.09142978,6.937045993
1.674081033,18.991717,-5.788822333,1.632350651,96.72379424,-21.83884383,61.38771498,35.22400614,12.05347784,6.916233606
1.673080533,18.94396533,-5.7773223,1.632068575,96.48059757,-21.79545894,61.26555238,35.10297207,12.02949121,6.892468566
1.672023033,18.903786,-5.781401967,1.631615573,96.27596639,-21.81084984,61.30888988,34.85500338,12.03800053,6.843779914
1.6711078,18.85795033,-5.776312667,1.631389937,96.0425278,-21.79165,61.25482724,34.67562743,12.02738533,6.808559446
1.6700321,18.81432167,-5.7974733,1.630970631,95.82032934,-21.87148036,61.4796125,34.22864372,12.07152191,6.720794195
1.6690642,18.758734,-5.760955533,1.630839047,95.53722434,-21.73371386,61.09169143,34.33345979,11.99535361,6.74137483
1.6680382,18.71282667,-5.759889933,1.630503723,95.30342076,-21.72969379,61.08037177,34.11097587,11.993131,6.697690112
1.667108067,18.66486033,-5.751087033,1.630295243,95.0591308,-21.69648407,60.98686029,33.96019739,11.97477002,6.668084757
1.6660623,18.62226733,-5.757599033,1.629890288,94.84220694,-21.72105117,61.05603599,33.67409783,11.98835267,6.611909109
1.664992367,18.57673767,-5.756470333,1.629505348,94.6103268,-21.71679305,61.04404603,33.45420764,11.98599844,6.568733671
1.664106733,18.525964,-5.729999867,1.629383605,94.35173924,-21.61693087,60.76285546,33.47681066,11.93078667,6.573171773
1.6630656,18.48056133,-5.734252467,1.629025555,94.1205059,-21.63297418,60.80802999,33.20040278,11.93965669,6.518899086
1.662088833,18.42582,-5.725592467,1.628872371,93.84171123,-21.60030357,60.71603651,33.01360159,11.92159377,6.482220673
1.661070967,18.374181,-5.690047133,1.628631414,93.57871658,-21.46620566,60.33844541,33.12819804,11.84745376,6.504721686
1.660073733,18.33672567,-5.718861567,1.628197696,93.38795858,-21.57491065,60.64453548,32.63134997,11.90755454,6.407165567
1.659099567,18.292922,-5.723782533,1.627882555,93.16486886,-21.59347543,60.69680995,32.35598579,11.91781863,6.353097809
1.658090267,18.24379233,-5.7116801,1.627612411,92.9146541,-21.54781793,60.56824817,32.23433281,11.89257553,6.329211247
1.657115367,18.186545,-5.688433167,1.627498797,92.62309651,-21.46011682,60.32130056,32.18972283,11.84408737,6.320452077
1.656094733,18.14151533,-5.6825816,1.627155635,92.39376284,-21.43804127,60.25914052,32.0225492,11.83188224,6.287627535
1.6550593,18.10748767,-5.717546933,1.626632148,92.22046176,-21.56995108,60.63057039,31.47781825,11.9048125,6.180669613
1.654093667,18.05166,-5.678352867,1.626506442,91.93613445,-21.422088,60.21421951,31.60984182,11.823062,6.206592441
1.653029367,18.013329,-5.6955086,1.626018832,91.74091673,-21.48680952,60.3964615,31.23238211,11.85884522,6.132478227
1.652119933,17.95072033,-5.638841667,1.626051346,91.42205415,-21.27302851,59.79449979,31.51548124,11.74065003,6.188064742
1.651028933,17.91635633,-5.665647,1.625477352,91.24704015,-21.374154,60.07924758,31.05571944,11.79656026,6.097790513
1.650094733,17.868311,-5.668967067,1.625265994,91.00234785,-21.38667924,60.114516,30.77575873,11.80348522,6.042820226
1.649036833,17.82695133,-5.6855931,1.624830351,90.79170529,-21.44940242,60.29113109,30.38850108,11.83816359,5.966782186
1.648091433,17.776918,-5.6687749,1.624637702,90.53688821,-21.38595428,60.11247465,30.31234044,11.8030844,5.951828045
1.647094533,17.72969,-5.651219233,1.624351347,90.29635854,-21.31972397,59.92598425,30.25830117,11.76646701,5.941217435
1.646100667,17.68234867,-5.6376999,1.624069731,90.05525168,-21.26872109,59.78237102,30.16080753,11.73826855,5.922074558
1.6450702,17.61835467,-5.590322967,1.624002054,89.72933367,-21.08998742,59.27909516,30.33816539,11.63945033,5.956898775
1.6440552,17.58467267,-5.62652,1.6234938,89.55779306,-21.22654393,59.66360914,29.78211079,11.71494965,5.847717454
1.643099633,17.53477533,-5.609835267,1.623288938,89.30366862,-21.1635993,59.48637049,29.705225,11.68014885,5.83262093
1.642062967,17.48709833,-5.608875767,1.622969572,89.06085222,-21.1599795,59.47617791,29.47260118,11.67814753,5.786945243
1.641038933,17.4357,-5.584932333,1.622718827,88.79908327,-21.06965078,59.22183152,29.46517863,11.62820662,5.785487824
1.6400915,17.396438,-5.607845467,1.62236209,88.59912401,-21.1560926,59.46523324,29.02181765,11.67599855,5.698433896
1.639064567,17.342574,-5.576698633,1.622145541,88.32479756,-21.03858842,59.13436654,29.07835789,11.61103287,5.709535572
1.638066833,17.306415,-5.615877133,1.62169182,88.14064171,-21.18639278,59.55055206,28.47801653,11.6927509,5.591658546
1.637020933,17.26026933,-5.603918233,1.621340181,87.90562431,-21.14127677,59.42351501,28.37003618,11.66780717,5.570456604
1.636004033,17.19424567,-5.548976267,1.621316607,87.56936932,-20.93400335,58.83987728,28.61741892,11.5532099,5.619030206
1.6349801,17.158472,-5.580638867,1.620830889,87.38717596,-21.0534533,59.17622286,28.09887997,11.61925136,5.517215083
1.6340011,17.10832067,-5.565781933,1.620606416,87.13175792,-20.99740421,59.01840058,28.00128422,11.58826295,5.498052156
1.6329588,17.05614633,-5.537985,1.620349078,86.86603684,-20.89253782,58.72311921,28.03084451,11.53028446,5.503856319
1.631962667,17.003873,-5.542180033,1.620139397,86.59981156,-20.90836395,58.76768222,27.72005621,11.5390344,5.442833038
1.630998633,16.960036,-5.5304883,1.619834892,86.37655208,-20.86425586,58.64348324,27.62099572,11.51464793,5.423382509
1.6300229,16.92171967,-5.526109533,1.619435628,86.18140905,-20.84773657,58.59696846,27.47236747,11.50551476,5.394199353
1.6289449,16.872249,-5.523720233,1.619101914,85.9294576,-20.83872273,58.57158739,27.24579709,11.50053118,5.349712258
1.627962533,16.832193,-5.528633133,1.61872219,85.72545455,-20.85725708,58.62377616,26.98960526,11.51077845,5.299408993
1.626933167,16.77129567,-5.4909361,1.618609023,85.4153077,-20.71504169,58.22332798,27.0799066,11.43215045,5.317139661
1.626020333,16.729806,-5.510628533,1.618320402,85.20400306,-20.78933313,58.43251683,26.6594131,11.47322468,5.234575763
1.624946267,16.68528533,-5.4999134,1.617916149,84.97726169,-20.74890934,58.31869207,26.5464965,11.45087519,5.212404587
1.624080633,16.63751833,-5.491625933,1.61776917,84.73398693,-20.71764414,58.23065594,26.39125786,11.43358929,5.181923482
1.622981767,16.58762667,-5.490011233,1.617420923,84.47989135,-20.71155255,58.2135033,26.15431493,11.43022137,5.135399736
1.622031267,16.54277,-5.490189267,1.617145292,84.25143876,-20.71222419,58.21539451,25.92397112,11.43059271,5.09017173
1.620975567,16.486549,-5.4409906,1.616935437,83.96510823,-20.52661787,57.69276673,26.16026837,11.32797475,5.136568695
1.619999733,16.44397933,-5.4423466,1.616600064,83.7483032,-20.5317335,57.70717125,25.92905882,11.33080308,5.0911707
1.618980033,16.39671367,-5.434790433,1.616291476,83.5075817,-20.5032272,57.62690358,25.768605,11.31504252,5.059665592
1.6179685,16.352817,-5.4350443,1.615940368,83.28401833,-20.50418493,57.62960035,25.54234486,11.31557203,5.015239413
1.616956967,16.30750933,-5.438512967,1.615610489,83.05326882,-20.51727078,57.66644732,25.27474838,11.32280693,4.962696845
1.616025533,16.254823,-5.414722733,1.615471721,82.78494016,-20.42752003,57.41372834,25.2591387,11.27318556,4.959631883
1.614986167,16.20239,-5.400853167,1.615221209,82.51790171,-20.37519586,57.26639465,25.13943393,11.24425659,4.936127852
1.614009767,16.16676233,-5.417705067,1.614780827,82.33645191,-20.43877114,57.44540908,24.77896971,11.27940607,4.865350703
1.612928967,16.11550967,-5.3972734,1.614471124,82.07542484,-20.36169087,57.22836749,24.73498422,11.23678996,4.856714152
1.612043133,16.074885,-5.4112981,1.614196489,81.86852559,-20.41460029,57.37734913,24.37910334,11.2660425,4.786836941
1.610959867,16.02764367,-5.392341767,1.613823968,81.62792802,-20.34308585,57.17597972,24.33987518,11.22650362,4.779134491
1.609972167,15.98060533,-5.3883141,1.613543959,81.38836432,-20.32789112,57.13319461,24.14309658,11.21810276,4.740497014
1.608972367,15.93262533,-5.382479367,1.613266019,81.14400475,-20.30587908,57.07121338,23.96071825,11.20593275,4.704687028
1.607976167,15.88747833,-5.371072633,1.612949055,80.91407351,-20.26284617,56.95004189,23.85195849,11.18214073,4.68333205
1.6069912,15.84321233,-5.371235367,1.61263007,80.68862915,-20.26346009,56.95177057,23.62478545,11.18248015,4.638726623
1.605931133,15.79096,-5.345955833,1.61235614,80.42251082,-20.16809082,56.68323105,23.62720665,11.12975242,4.639202025
1.604972333,15.73958033,-5.328430467,1.612170347,80.16083694,-20.10197482,56.49706252,23.5517013,11.09319823,4.62437655
1.603989167,15.70431867,-5.362774333,1.611717692,79.98125117,-20.2315401,56.86189068,23.00728737,11.16483223,4.517480874
1.6029877,15.65017067,-5.3261639,1.611530882,79.70547831,-20.093424,56.47298523,23.12041996,11.08847065,4.539694459
1.602034567,15.60784233,-5.3307106,1.611214579,79.48990239,-20.11057683,56.52128393,22.85654533,11.0979541,4.487882676
1.600965533,15.55172667,-5.3303167,1.610989806,79.20410831,-20.10909081,56.51709961,22.57493558,11.09713251,4.432588601
1.6000785,15.50896833,-5.314432333,1.610746071,78.98634242,-20.04916563,56.3483631,22.52590619,11.06400109,4.422961681
1.5989507,15.45969367,-5.2778268,1.610359609,78.73538919,-19.91106802,55.9595097,22.66380636,10.98764973,4.450038379
1.598030567,15.41882933,-5.2925145,1.610054279,78.52726933,-19.96647867,56.11553426,22.29966195,11.01828515,4.378538625
1.596934733,15.35991633,-5.263436333,1.609844792,78.22722859,-19.85677871,55.8066426,22.30851287,10.95763427,4.380276502
1.596018333,15.32273467,-5.289319333,1.60948779,78.03786436,-19.95442462,56.08159263,21.84419861,11.01162071,4.289108397
1.595035633,15.274518,-5.265364167,1.60923051,77.79229947,-19.86405163,55.82712159,21.85310475,10.96165532,4.290857118
1.5939912,15.22664967,-5.247644733,1.608906256,77.54850862,-19.79720351,55.63889153,21.79754396,10.92469635,4.279947757
1.592994467,15.18494067,-5.245029733,1.608537034,77.33608692,-19.78733819,55.6111129,21.6129009,10.91924202,4.243693092
1.591994433,15.13163833,-5.235546133,1.608338935,77.064621,-19.75156047,55.51037048,21.4421774,10.89946124,4.210171533
1.5909904,15.08452467,-5.232093333,1.608043726,76.82467363,-19.73853448,55.47369206,21.23890845,10.89225944,4.170259673
1.590010533,15.04219867,-5.224385767,1.607700654,76.60910958,-19.709457,55.39181609,21.10522037,10.87618309,4.14401002
1.5889616,14.99798367,-5.205539533,1.607316936,76.38392496,-19.63835792,55.19161625,21.08023559,10.83687385,4.139104258
1.588052133,14.94821267,-5.1953767,1.607156274,76.13044394,-19.60001773,55.08365847,20.93471234,10.81567634,4.110530769
1.586978667,14.90017133,-5.184850067,1.606805589,75.88577201,-19.56030508,54.97183611,20.80186278,10.79372002,4.084445756
1.585994533,14.85765767,-5.1970498,1.606461074,75.66925219,-19.60632965,55.10143148,20.45574758,10.81916607,4.016486038
1.584995533,14.80637233,-5.1795187,1.606233662,75.40805874,-19.54019202,54.91520205,20.38078357,10.78259992,4.001766854
1.584048067,14.75457033,-5.157534433,1.606065556,75.14423394,-19.45725444,54.68166749,20.35049332,10.73674541,3.995819363
1.582984533,14.71653033,-5.172212733,1.605574334,74.95049826,-19.51262962,54.8375922,20.00083294,10.76736123,3.927163548
1.582011267,14.66453633,-5.1458079,1.605383318,74.68569561,-19.41301505,54.55709883,20.01652366,10.71228636,3.93024442
1.5810102,14.61803433,-5.128451967,1.605081873,74.44886342,-19.34753826,54.37273016,19.96406014,10.67608557,3.919943209
1.5800296,14.56795633,-5.125123167,1.604854697,74.19381886,-19.33498007,54.33736897,19.74437677,10.6691424,3.876808379
1.579095933,14.52242033,-5.119900033,1.604606119,73.96190646,-19.31527534,54.28188465,19.56794869,10.65824805,3.842166725
1.5779993,14.47024467,-5.107003033,1.604294469,73.69617859,-19.26662026,54.14488235,19.43922312,10.63134765,3.81689146
1.577021833,14.423336,-5.0999708,1.604022743,73.45727527,-19.24009054,54.07018031,19.27502184,10.6166799,3.784650538
1.575993833,14.38480367,-5.100413967,1.603574462,73.26103217,-19.24176243,54.07488799,19.07407106,10.61760426,3.745193853
1.574960333,14.33845067,-5.0755115,1.603238343,73.02495883,-19.14781567,53.81035397,19.10253174,10.565663,3.750782107
1.5740088,14.29409533,-5.079409267,1.602954136,72.7990595,-19.16252034,53.85175918,18.8352272,10.57379291,3.698296861
1.573035133,14.24498033,-5.071249467,1.602719404,72.54891945,-19.13173677,53.76507923,18.6717671,10.55677331,3.66620147
1.5720197,14.18947633,-5.037604667,1.602539029,72.26624056,-19.00480879,53.40767712,18.74649032,10.4865974,3.680873374
1.571036633,14.14648267,-5.041271733,1.602202802,72.04727612,-19.01864313,53.44663165,18.48857135,10.49424612,3.630230985
1.5699942,14.09715367,-5.025215433,1.601902523,71.79604618,-18.95806932,53.27606872,18.40790433,10.46075609,3.614392015
1.569057667,14.05566367,-5.025166,1.601590207,71.58473984,-18.95788282,53.2755436,18.19712311,10.46065299,3.573005123
1.568035233,14.004035,-5.012116767,1.601344527,71.32179781,-18.90865344,53.13692416,18.07280053,10.43343506,3.548594384
1.567061367,13.955868,-4.999022533,1.601095333,71.07648587,-18.85925429,52.99782669,17.96658606,10.40612327,3.527739173
1.565993667,13.90943333,-4.9803335,1.600726242,70.8399966,-18.78874826,52.79929675,17.92862673,10.36714192,3.520285858
1.565025367,13.86161367,-4.971297233,1.600477389,70.59645361,-18.75465814,52.70330626,17.78107422,10.34829418,3.491313924
1.564041867,13.81386233,-4.960489267,1.600212308,70.35325864,-18.71388413,52.58849536,17.65269016,10.32575106,3.466105713
1.5629881,13.77409933,-4.963551867,1.599756776,70.15074781,-18.72543806,52.62102875,17.41764594,10.332139,3.41995478
1.562017267,13.72651667,-4.959116767,1.599501823,69.90841185,-18.70870625,52.57391556,17.22242317,10.32288832,3.381622789
1.561002733,13.67966867,-4.9433301,1.599192118,69.6698175,-18.64914966,52.40621689,17.15152749,10.28996069,3.367702422
1.560038367,13.643308,-4.973336833,1.598774798,69.48463458,-18.76235271,52.72497253,16.64758892,10.35254836,3.268754085
1.559026833,13.58306233,-4.915240133,1.598669661,69.17780664,-18.54317778,52.10782269,16.95791082,10.23137099,3.32968579
1.558023867,13.537446,-4.906678833,1.598352992,68.9454851,-18.51087952,52.01687768,16.8165343,10.21351393,3.30192651
1.557052767,13.48864367,-4.8910422,1.598116123,68.69693744,-18.45188893,51.85077279,16.73409153,10.18089924,3.285738871
1.5559912,13.448145,-4.902445967,1.597663858,68.49067991,-18.49491065,51.97191277,16.40669402,10.20468507,3.22145437
1.555051967,13.392734,-4.8781627,1.597558284,68.20847466,-18.40329988,51.71395639,16.38244515,10.15403534,3.216693105
1.5539454,13.350899,-4.871482833,1.597081125,67.99541126,-18.3780995,51.64299748,16.24034065,10.14010256,3.188790887
1.553094767,13.30645567,-4.874648567,1.596899141,67.76906375,-18.3900425,51.67662644,15.98036418,10.1467056,3.137744507
1.552020933,13.25693733,-4.852047733,1.596570311,67.51686954,-18.30477886,51.43654223,15.96825419,10.09956507,3.13536671
1.551042933,13.20732733,-4.8288962,1.596338694,67.26420847,-18.21743766,51.19060803,15.96152732,10.05127589,3.134045889
1.550039733,13.17029067,-4.850904167,1.59589271,67.07558272,-18.30046466,51.42439434,15.53911525,10.09717983,3.05110528
1.549027633,13.11759633,-4.828941833,1.595673396,66.80721331,-18.21760981,51.19109278,15.5040474,10.05137107,3.044219707
1.548006633,13.06897867,-4.807872267,1.595383849,66.55960615,-18.13812301,50.96727491,15.48025811,10.00742443,3.03954868
1.547031233,13.02081667,-4.794864333,1.595133047,66.31431967,-18.08904943,50.82909419,15.37315236,9.980292644,3.018518465
1.545982467,12.974587,-4.786272367,1.594779805,66.07887446,-18.05663548,50.73782341,15.22897792,9.962371627,2.990209815
1.5450714,12.93461133,-4.798186767,1.594470172,65.87528054,-18.10158361,50.86438775,14.89881967,9.987222534,2.925383242
1.543990333,12.88393233,-4.772616067,1.594151571,65.61717511,-18.00511588,50.59275522,14.91234677,9.933887487,2.928039289
1.543080233,12.831009,-4.7466415,1.594037703,65.34763942,-17.90712453,50.31683249,14.9187338,9.87971006,2.929293382
1.541981267,12.79087733,-4.753457533,1.593542517,65.143251,-17.93283862,50.38923788,14.64194,9.893926857,2.874944918
1.5410535,12.740696,-4.731918933,1.593369729,64.88768016,-17.85158235,50.16043756,14.61516948,9.849001914,2.869688528
1.540042133,12.69057333,-4.699678433,1.593112458,64.63240811,-17.72995221,49.81795305,14.70238194,9.781755082,2.886812694
1.538981167,12.64942867,-4.711535467,1.592670512,64.42286054,-17.77468392,49.94390799,14.36687943,9.806486334,2.820936775
1.5379927,12.609279,-4.729039967,1.592286097,64.21838044,-17.84072119,50.12985486,13.97645246,9.842997001,2.744276441
1.5370357,12.55632933,-4.6971248,1.592125725,63.94871064,-17.72031841,49.79082631,14.04581121,9.776428745,2.757895031
1.536079433,12.507764,-4.677553467,1.591900124,63.70137,-17.64648382,49.58292387,14.00637301,9.735607102,2.75015134
1.534983233,12.459884,-4.6605105,1.591524279,63.45751974,-17.58218772,49.40187978,13.94356683,9.700059095,2.737819347
1.533991567,12.41239367,-4.658534833,1.591247104,63.21565402,-17.57473435,49.38089266,13.72268823,9.695938274,2.694449835
1.533006733,12.37011733,-4.647659133,1.590898318,63.00034293,-17.53370481,49.26536224,13.62290757,9.673253875,2.674857901
1.532009067,12.322016,-4.639928467,1.590624336,62.75536542,-17.50454018,49.18324088,13.46005142,9.657129347,2.642881095
1.5310397,12.27199233,-4.620062833,1.590407575,62.50059757,-17.42959533,48.97221216,13.41631229,9.615693857,2.634292919
1.529977633,12.23164133,-4.6161288,1.589952589,62.2950921,-17.41475384,48.93042169,13.25259728,9.607488299,2.602147477
1.529067467,12.18971567,-4.6126556,1.589673194,62.08156693,-17.40165088,48.89352657,13.07596724,9.600243942,2.567466167
1.528027433,12.13576833,-4.582476467,1.589444799,61.80681606,-17.28779744,48.57293956,13.12180338,9.537296682,2.576466093
1.527059733,12.08965967,-4.5762127,1.589170804,61.5719871,-17.26416682,48.50640079,12.95351318,9.524231796,2.543422313
1.525969033,12.042314,-4.5742393,1.588792419,61.33085816,-17.256722,48.48543775,12.73334729,9.520115703,2.50019274
1.525018367,11.995289,-4.551617333,1.588549244,61.09136236,-17.17137863,48.24512904,12.7341602,9.472931087,2.500352355
1.524060833,11.95363967,-4.552437133,1.588218325,60.87924455,-17.1744714,48.25383761,12.51333381,9.474641016,2.456993093
1.523033833,11.90010733,-4.519816733,1.587996719,60.60660725,-17.05140806,47.90731751,12.58721662,9.406601792,2.471499983
1.522027333,11.86152567,-4.534263467,1.58757068,60.41011289,-17.10590963,48.06078232,12.23725745,9.436734609,2.4027855
1.521053133,11.80561567,-4.488324,1.587437646,60.12536627,-16.93259894,47.57277638,12.44051676,9.340914642,2.442695467
1.5200123,11.76430033,-4.504285933,1.587018401,59.91494949,-16.99281674,47.74233687,12.06053951,9.374207844,2.368086932
1.5190252,11.71676567,-4.479376767,1.586746461,59.67285799,-16.89884471,47.47773168,12.08305319,9.322252615,2.372507494
1.518011967,11.66994,-4.468868267,1.586437719,59.43437739,-16.85920046,47.36610194,11.95620232,9.300334116,2.347600326
1.51706,11.62511933,-4.4653185,1.58616008,59.20610814,-16.84580865,47.32839347,11.76564155,9.292930057,2.310183718
1.516013567,11.57507333,-4.436376767,1.585866588,58.95122655,-16.73662341,47.02095111,11.81820231,9.232563751,2.320504024
1.5150732,11.52828733,-4.425960367,1.585630117,58.71294797,-16.69732662,46.91029974,11.6905751,9.210837354,2.295444422
1.514040933,11.48508867,-4.426477233,1.585247774,58.49293948,-16.69927654,46.91579031,11.46507604,9.211915428,2.251167681
1.513056,11.43973067,-4.406208867,1.584945252,58.26193362,-16.62281234,46.70048343,11.44937707,9.169639922,2.248085187
1.512055567,11.388407,-4.3910319,1.584716983,58.00054495,-16.56555589,46.53926149,11.34921033,9.137983994,2.228417448
1.511026367,11.34877,-4.3965875,1.584284122,57.79867583,-16.58651488,46.59827754,11.08832517,9.149571795,2.177192647
1.5100521,11.29692,-4.369845867,1.584089939,57.53460657,-16.48562971,46.31420642,11.10832703,9.09379443,2.181120012
1.509006067,11.24653167,-4.345815467,1.583801998,57.2779815,-16.3949729,46.05893619,11.10697218,9.043672122,2.180853987
1.508043767,11.204195,-4.3488005,1.583476653,57.06236313,-16.4062342,46.09064562,10.85964439,9.049898267,2.132291175
1.507023433,11.160794,-4.3432352,1.583109288,56.84132417,-16.38523862,46.03152653,10.69772451,9.038290234,2.100498208
1.5060167,11.11201067,-4.321269167,1.5828365,56.59287327,-16.30236981,45.79818567,10.68261448,8.992473756,2.097531353
1.505028167,11.064866,-4.309623433,1.582557258,56.35276802,-16.25843526,45.67447533,10.56621957,8.96818323,2.074677212
1.504004033,11.01251567,-4.2690589,1.582320735,56.08615058,-16.10540197,45.24356625,10.73051121,8.883574233,2.106935876
1.503052467,10.970929,-4.2812252,1.58199484,55.87435192,-16.15130041,45.37280647,10.38947233,8.90895055,2.039972893
1.502036367,10.92574667,-4.271205433,1.581658508,55.64424073,-16.11349996,45.26636845,10.26579915,8.888051445,2.015689664
1.501077567,10.87927,-4.250593767,1.58139895,55.40753756,-16.03574062,45.04741476,10.24804968,8.845059888,2.012204554
1.500038933,10.83724767,-4.2604326,1.580992542,55.19352007,-16.07285849,45.15193076,9.929516195,8.865581604,1.949660505
1.499016867,10.78730867,-4.227011633,1.580721808,54.93918343,-15.94677494,44.79690639,10.03020392,8.795872569,1.96943054
1.498043033,10.74193733,-4.2196886,1.580430586,54.70810967,-15.91914815,44.71911524,9.876921305,8.780598277,1.939333498
1.4969979,10.69433367,-4.2020038,1.58010165,54.46566675,-15.85243068,44.53125308,9.822340549,8.743711542,1.928616567
1.4960503,10.650249,-4.1960036,1.579817304,54.24114591,-15.82979439,44.46751413,9.661558657,8.7311964,1.897047042
1.4949787,10.60175733,-4.174492767,1.579475261,53.99418046,-15.74864287,44.23900877,9.643098566,8.686329372,1.893422403
1.494034333,10.54936167,-4.144791467,1.579319187,53.72733214,-15.6365921,43.92349769,9.691761332,8.624378771,1.902977338
1.493080867,10.510266,-4.153451667,1.578953915,53.52822002,-15.66926346,44.0154933,9.400653597,8.642442108,1.845818334
1.4919691,10.46031767,-4.1329414,1.578593621,53.27383584,-15.59188667,43.79761676,9.364145958,8.59966205,1.838650059
1.491061933,10.41735083,-4.1455799,1.57833289,53.05500806,-15.63956653,43.93187306,9.011061879,8.626023276,1.769322
1.4900442,10.36368147,-4.107294167,1.578122612,52.78167286,-15.49513022,43.52517123,9.14442851,8.546167371,1.795508538
1.4890829,10.32293477,-4.091264233,1.577774346,52.57415211,-15.43465588,43.35488839,9.107190593,8.512732336,1.788196873
1.4879927,10.2806034,-4.091053333,1.577321022,52.35856073,-15.43386024,43.35264804,8.893839566,8.512292444,1.746305399
1.486983167,10.22859117,-4.063083,1.577094013,52.09366522,-15.32833968,43.05552468,8.926067419,8.453952271,1.752633338
1.4860417,10.1875999,-4.062583167,1.57676926,51.88489891,-15.32645402,43.05021505,8.722610732,8.452909725,1.712684617
1.485019033,10.1397754,-4.041146333,1.576466112,51.6413313,-15.24558167,42.82249578,8.706762397,8.408197046,1.709572797
1.484102867,10.0904092,-4.018372967,1.57629266,51.38991189,-15.15966713,42.58057877,8.697259998,8.360696642,1.707707001
1.4829996,10.04697007,-4.0112347,1.575842935,51.16867872,-15.13273739,42.50475037,8.551855232,8.345807734,1.679156775
1.4820506,9.997862033,-3.989596633,1.575632766,50.91857414,-15.05110587,42.27489343,8.531607593,8.300675325,1.675181151
1.481023033,9.9517675,-3.979943533,1.575298691,50.68381716,-15.0146887,42.17235044,8.399393598,8.280541009,1.649220933
1.479996733,9.9112688,-3.977331,1.574881694,50.47755946,-15.00483269,42.14459801,8.220888324,8.27509182,1.614171422
1.479078033,9.862115233,-3.951490267,1.57470251,50.22722299,-14.90734624,41.87009697,8.24505289,8.221193541,1.618916135
1.478061567,9.812895933,-3.935576267,1.574426547,49.97655174,-14.84730926,41.70104567,8.163432939,8.188000318,1.602890057
1.477033833,9.7647813,-3.910679067,1.574122699,49.73150649,-14.75338238,41.4365676,8.182865766,8.136070049,1.606705693
1.4761034,9.722442,-3.895366433,1.57382926,49.51587471,-14.69561411,41.27390451,8.129897085,8.10413115,1.596305293
1.474998867,9.676918033,-3.891233733,1.573409635,49.2840236,-14.68002314,41.23000364,7.94194683,8.095511216,1.55940126
1.474136,9.630484867,-3.88041,1.573245355,49.04754197,-14.63918965,41.11502525,7.820443603,8.072935208,1.535544101
1.472970767,9.583985333,-3.866636867,1.572779707,48.81072235,-14.58722929,40.96871596,7.72993327,8.044207378,1.517772398
1.4720882,9.537414533,-3.849981967,1.572597798,48.57353977,-14.5243972,40.79179422,7.669672423,8.009468795,1.50594018
1.470995367,9.4932124,-3.8441396,1.572169986,48.34842068,-14.50235636,40.72973191,7.506615647,7.99728286,1.473923982
1.470072367,9.445710167,-3.8116196,1.571961657,48.10649436,-14.37967178,40.38427833,7.610142904,7.92945305,1.494251559
1.469069433,9.4042543,-3.814626933,1.571582427,47.89536185,-14.39101722,40.41622464,7.367064091,7.935725708,1.446523034
1.468085867,9.3567759,-3.798539033,1.571313173,47.65355691,-14.33032419,40.24532604,7.296157755,7.902169767,1.432600575
1.4670258,9.315557467,-3.8048323,1.570873238,47.44363365,-14.3540661,40.31217817,7.019382352,7.915296184,1.378255725
1.4660514,9.261757233,-3.760312633,1.570708262,47.16963195,-14.18611172,39.83925449,7.218304337,7.822437619,1.417314057
1.465081667,9.215785933,-3.750360367,1.570430167,46.93550259,-14.14856591,39.73353351,7.089895952,7.801679305,1.39210107
1.464075933,9.170973133,-3.7401016,1.570098643,46.70727341,-14.10986381,39.62455665,6.970643635,7.780281698,1.368685878
1.463014933,9.128043833,-3.728804333,1.569683514,46.48863679,-14.06724387,39.504548,6.872015664,7.756718,1.349320276
1.462134067,9.0828778,-3.719213367,1.56948217,46.25860861,-14.0310611,39.40266504,6.74387044,7.736713282,1.324158961
1.461056033,9.031217567,-3.687109467,1.569181365,45.99550581,-13.9099463,39.06163161,6.821801077,7.669751368,1.339460641
1.460062367,8.990005533,-3.683215633,1.568807733,45.78561514,-13.89525647,39.02026819,6.653273833,7.661629659,1.306370317
1.4590467,8.941488867,-3.666179633,1.568522,45.53852237,-13.83098666,38.8392981,6.587151142,7.626096182,1.293387127
1.4581261,8.895236033,-3.648393667,1.568297274,45.30295917,-13.76388753,38.65036127,6.54052478,7.588998435,1.284232041
1.457032233,8.854376767,-3.644432033,1.567818135,45.09486512,-13.74894191,38.60827761,6.374514384,7.58073531,1.251635899
1.456080033,8.8082631,-3.6279579,1.567559715,44.8600107,-13.68679179,38.43327613,6.314661443,7.546373768,1.239883774
1.4549917,8.756828,-3.598995467,1.567245223,44.59805449,-13.57752845,38.12561388,6.360367488,7.485964286,1.248858156
1.4540797,8.713140167,-3.596138533,1.566990506,44.37555471,-13.56675042,38.09526524,6.168216343,7.48000533,1.211129279
1.453048033,8.6670825,-3.5784436,1.566651777,44.14098549,-13.49999472,37.90729544,6.121616926,7.443097459,1.201979483
1.452052967,8.624489467,-3.5706568,1.566297523,43.92406145,-13.47061833,37.82457779,5.987410544,7.426855849,1.17562806
1.451023433,8.582045267,-3.558807233,1.565906562,43.70789542,-13.42591479,37.69870217,5.897120135,7.40214017,1.157899539
1.450110333,8.5315278,-3.5269854,1.565753498,43.45061268,-13.30586411,37.36066508,5.977874483,7.335766588,1.173755655
1.449062467,8.4847476,-3.509317333,1.565409439,43.21236364,-13.23920977,37.17298067,5.927309843,7.298914755,1.163827288
1.448061267,8.441637067,-3.506032733,1.565056837,42.99280401,-13.22681832,37.13808901,5.742641875,7.292063777,1.127567732
1.4469851,8.399289,-3.479989867,1.564617797,42.77712758,-13.12856931,36.86144075,5.803613709,7.237743891,1.139539552
1.446108833,8.3455221,-3.460120667,1.564550453,42.50329565,-13.053611,36.65037413,5.740848389,7.196300961,1.127215581
1.445059367,8.296849867,-3.431783033,1.56423326,42.25541058,-12.94670477,36.34934902,5.793988438,7.137194679,1.13764963
1.444076433,8.2626864,-3.456404433,1.563764316,42.08141788,-13.03959118,36.61089732,5.358447437,7.188549688,1.052131154
1.443012267,8.211146367,-3.418344033,1.56347557,41.81892726,-12.89600495,36.20658916,5.500264977,7.109163781,1.079977028
1.442075167,8.166502967,-3.406297733,1.56321013,41.59156082,-12.85055922,36.07862368,5.40086402,7.084037759,1.06045965
1.441114667,8.1214965,-3.393740467,1.562926752,41.3623453,-12.80318583,35.9452303,5.305041884,7.057845968,1.041644974
1.4400018,8.0781773,-3.381062367,1.562465623,41.14172294,-12.75535657,35.81055333,5.219096494,7.031402146,1.024769597
1.4390782,8.031014467,-3.351104833,1.562251587,40.90152517,-12.64233913,35.49232033,5.297131716,6.968917097,1.040091812
1.438026267,7.984100667,-3.340485933,1.561905472,40.6625957,-12.60227839,35.37951784,5.171004744,6.946768327,1.015326782
1.4370855,7.941789333,-3.336776733,1.561601279,40.44710636,-12.58828511,35.34011573,4.994917501,6.939031724,0.980752051
1.436057967,7.892414867,-3.309184767,1.561316585,40.19564485,-12.48419197,35.04701169,5.036560042,6.881480745,0.988928564
1.435044733,7.8506848,-3.304669467,1.560931181,39.98311586,-12.46715761,34.99904654,4.871996201,6.872062788,0.956616454
1.434083,7.803573967,-3.282352167,1.56067823,39.74318292,-12.38296362,34.76197424,4.869135557,6.825513642,0.956054767
1.4329957,7.758429533,-3.263704433,1.560270128,39.51326475,-12.3126134,34.56388303,4.837308595,6.786618433,0.949805543
1.432041167,7.712114367,-3.245108867,1.560012406,39.27738409,-12.24245998,34.36634597,4.798964996,6.747832032,0.942276777
1.4310189,7.666941,-3.232366833,1.559669773,39.04731856,-12.19438953,34.23098985,4.704255586,6.721254858,0.923680584
1.4300376,7.622114967,-3.214771767,1.55936288,38.81902198,-12.12801059,34.04408091,4.662867948,6.684555288,0.915554121
1.4290681,7.572573667,-3.191049967,1.559138729,38.56671081,-12.038518,33.79208889,4.662548795,6.635076653,0.915491456
1.4280035,7.530541733,-3.186166933,1.5587065,38.35264443,-12.02009633,33.74021738,4.500353922,6.624891683,0.883644493
1.427040833,7.488090033,-3.175096233,1.558382519,38.1364402,-11.97833113,33.62261551,4.401751568,6.601800555,0.86428392
1.426049267,7.443000767,-3.1560386,1.55806932,37.90680299,-11.90643453,33.42017001,4.374559855,6.562050381,0.858944828
1.425049067,7.395036233,-3.141801133,1.557790747,37.6625222,-11.85272243,33.2689282,4.281520879,6.532354051,0.840676625
1.4240685,7.3531842,-3.1325352,1.557439844,37.44937204,-11.81776587,33.170498,4.166800913,6.513027283,0.818151359
1.423038367,7.303448167,-3.096076467,1.557157989,37.19606909,-11.68022208,32.78320403,4.300791938,6.436982112,0.844460497
1.4221383,7.260089567,-3.081785167,1.556910252,36.97524607,-11.62630689,32.63139036,4.231782593,6.407173497,0.830910512
1.4210102,7.213506533,-3.062606467,1.556482994,36.73800119,-11.55395355,32.42765879,4.198269274,6.367170804,0.824330172
1.4200702,7.1744135,-3.065666133,1.556131149,36.53890247,-11.56549641,32.46016103,3.966668317,6.373552618,0.778855324
1.419051933,7.127966533,-3.043767467,1.555811677,36.30235056,-11.48288175,32.22753579,3.96274165,6.327876653,0.778084323
1.418056267,7.081024033,-3.022149933,1.55552226,36.06327493,-11.4013277,31.99789698,3.953304835,6.282787071,0.776231404
1.417038933,7.0391925,-3.013808367,1.555134282,35.85022918,-11.3698584,31.90928615,3.828869909,6.265388336,0.751798607
1.415990133,6.990437333,-2.9854885,1.554819004,35.60192174,-11.2630192,31.60844976,3.881398851,6.206319111,0.762112664
1.4150491,6.946660667,-2.972394867,1.55453659,35.37896953,-11.21362231,31.46935867,3.797537737,6.179008574,0.745646535
1.414036933,6.901337667,-2.9537182,1.554206308,35.14814192,-11.14316294,31.2709601,3.765108699,6.140053016,0.739279093
1.4130545,6.854757167,-2.9323129,1.553924678,34.91090994,-11.06240955,31.0435758,3.755261016,6.095406108,0.737345501
1.4120544,6.809728667,-2.9215269,1.553602032,34.68158221,-11.02171841,30.92899824,3.640510847,6.072908804,0.714814305
1.4110554,6.768619533,-2.910765733,1.553221519,34.4722156,-10.98112096,30.81468448,3.545458001,6.050463297,0.696150679
1.410067167,6.7208346,-2.8899397,1.55295221,34.2288495,-10.90255291,30.59345361,3.523322769,6.007024617,0.691804426
1.408988367,6.6780669,-2.8721253,1.55251685,34.01103591,-10.83534651,30.40421474,3.494748046,5.969867563,0.686193779
1.408031067,6.636674867,-2.867462833,1.552182293,33.8002285,-10.81775694,30.35468627,3.333469113,5.960142649,0.65452666
1.407004033,6.586323533,-2.837377533,1.551912796,33.54379187,-10.70425749,30.03509603,3.396622716,5.897391105,0.66692687
1.405999633,6.5423721,-2.8179821,1.551569645,33.31994958,-10.63108651,29.82906215,3.37881431,5.856936353,0.66343019
1.4050605,6.4983249,-2.805054,1.551293202,33.09561956,-10.58231411,29.69172948,3.291816956,5.829971083,0.646348259
1.403977267,6.457591067,-2.796216,1.550822809,32.88816433,-10.54897197,29.59784514,3.178246072,5.811536893,0.624048616
1.403062567,6.413807233,-2.7782922,1.550566837,32.66517562,-10.48135285,29.40744413,3.145658371,5.774151654,0.617650021
1.402039533,6.3667035,-2.754442667,1.550252479,32.42527884,-10.39137838,29.15409522,3.159110501,5.724406595,0.620291347
1.401119633,6.320394533,-2.728833733,1.550029298,32.18942976,-10.29476641,28.88205654,3.195300095,5.670991802,0.627397174
1.4000349,6.2767855,-2.713050933,1.549600662,31.9673313,-10.23522441,28.71439895,3.140859219,5.638072235,0.616707708
1.399013733,6.233753033,-2.708473233,1.549226919,31.74816926,-10.21795463,28.66577095,2.970325187,5.628524125,0.583223351
1.3980604,6.191080133,-2.692893967,1.548915599,31.53083847,-10.15918047,28.50027545,2.918489893,5.596029085,0.573045491
1.397021733,6.148237233,-2.676436033,1.548521504,31.31264188,-10.09709146,28.32544606,2.875122702,5.561701333,0.564530342
1.396058133,6.1024181,-2.659430767,1.548247253,31.0792875,-10.03293759,28.14480245,2.822411928,5.52623196,0.554180582
1.395053967,6.057254667,-2.633265567,1.54792257,30.84927256,-9.93422706,27.86685466,2.870344774,5.471656913,0.563592196
1.394049133,6.014751433,-2.623549533,1.547557198,30.63280587,-9.897572465,27.76364314,2.757089606,5.451391331,0.541354544
1.3930239,5.971559367,-2.6113808,1.547181789,30.412831,-9.851664843,27.63437708,2.666380798,5.426009939,0.52354387
1.3919945,5.923734967,-2.582104133,1.546871907,30.1692639,-9.741216031,27.32337679,2.733813983,5.364945033,0.536784376
1.391040333,5.880579133,-2.5679072,1.54656702,29.94947356,-9.687656845,27.17256556,2.66483488,5.335333247,0.523240329
1.390045633,5.837273933,-2.552291833,1.546223847,29.7289225,-9.628746495,27.00668658,2.610162799,5.30276291,0.512505466
1.389086167,5.795140733,-2.542514533,1.545898274,29.51434038,-9.591860766,26.90282424,2.499443014,5.28236954,0.490765636
1.387998333,5.7499348,-2.5147832,1.545490564,29.28410899,-9.487241861,26.60823973,2.563796137,5.224527871,0.503401372
1.3870767,5.707979633,-2.500120267,1.545200146,29.07043358,-9.431924649,26.45247827,2.505882191,5.193944107,0.492029968
1.386039833,5.666024833,-2.492425633,1.54479449,28.85676004,-9.402895965,26.37073969,2.373947229,5.177894737,0.466124538
1.385068033,5.619980633,-2.459945333,1.544515425,28.6222594,-9.280361162,26.02570783,2.484478446,5.110147733,0.487827343
1.384019733,5.578164567,-2.452994033,1.544096247,28.40929242,-9.254136769,25.95186554,2.345353761,5.095648798,0.460510211
1.383054267,5.531027933,-2.432192367,1.543839951,28.16922808,-9.175660643,25.73089351,2.326261443,5.052260941,0.456761434
1.3820681,5.487775033,-2.411757967,1.543504525,27.94894338,-9.098570063,25.51382289,2.323047369,5.009639125,0.456130351
1.3810558,5.444286167,-2.392380633,1.543146515,27.72745692,-9.025467361,25.30798128,2.307402517,4.969222125,0.453058484
1.380002033,5.403972333,-2.387388033,1.54269927,27.52214074,-9.006632336,25.25494587,2.15512174,4.958808622,0.423158154
1.379118567,5.358152533,-2.3624115,1.542505162,27.28878296,-8.912406157,24.98962506,2.187084773,4.90671288,0.429434095
1.378021567,5.314926167,-2.344857367,1.542058502,27.06863339,-8.846181638,24.80315095,2.153409324,4.870098688,0.422821921
1.377107767,5.2731848,-2.334150667,1.541772701,26.85604686,-8.805789666,24.68941577,2.054557959,4.847766787,0.403412455
1.375975333,5.227107667,-2.300775433,1.541333498,26.62137849,-8.679878648,24.33487722,2.17442815,4.778153142,0.426948967
1.375093367,5.186934967,-2.309813267,1.54105593,26.41678109,-8.713974673,24.43088435,1.873823617,4.797004142,0.367925267
1.3739974,5.141457867,-2.274425033,1.540644166,26.18516866,-8.580469436,24.05496209,2.018133449,4.723191806,0.396260503
1.373080067,5.1005014,-2.259665,1.540343023,25.97657958,-8.524785906,23.89816915,1.966337302,4.692405513,0.386090329
1.372005733,5.058660667,-2.248274033,1.539898184,25.76348697,-8.481812477,23.77716515,1.874248699,4.668646377,0.368008732
1.371084867,5.011257833,-2.219295967,1.539690493,25.52206689,-8.37249016,23.46933683,1.940656932,4.608204287,0.381047989
1.3700357,4.971022267,-2.210293067,1.53924667,25.31714931,-8.338525924,23.37370079,1.831375393,4.589426151,0.359590558
1.3690353,4.928804567,-2.196191767,1.538881435,25.10213683,-8.285327524,23.22390545,1.766158258,4.560013835,0.346785174
1.368089767,4.8838105,-2.167489767,1.538612838,24.87298447,-8.177046692,22.91900974,1.841901608,4.500147562,0.361657381
1.3670621,4.843753833,-2.159755367,1.538187824,24.66897802,-8.147867985,22.83684872,1.72005617,4.484015247,0.337733029
1.366048067,4.797520467,-2.1302425,1.537869371,24.43351396,-8.036528087,22.52333933,1.798101509,4.422457678,0.353057231
1.365059433,4.750260033,-2.119305533,1.537591771,24.19281912,-7.995267414,22.40715808,1.673587912,4.399645489,0.328608987
1.363954967,4.701865033,-2.105955933,1.537215407,23.94634598,-7.944904868,22.2653479,1.568924959,4.37180106,0.308058416
1.363024467,4.658219033,-2.086109333,1.536941561,23.72405925,-7.870031815,22.05452136,1.557464763,4.330405269,0.305808206
1.361934867,4.616179333,-2.064621467,1.536484449,23.50995331,-7.78896694,21.82625997,1.571620221,4.285586145,0.30858763
1.3609461,4.5756399,-2.0529603,1.536105598,23.30348816,-7.744974158,21.70238569,1.48902935,4.261263429,0.292370913
1.359959133,4.529944067,-2.0285497,1.535806125,23.07076173,-7.652883012,21.44307667,1.51561194,4.210348105,0.297590404
1.358940167,4.492994167,-2.028089233,1.535343069,22.88257788,-7.651145861,21.43818522,1.332319532,4.209387669,0.26160094
1.3579994,4.448314033,-2.001117967,1.535074515,22.65502436,-7.549394374,21.15167475,1.391276487,4.153131338,0.273177138
1.356943133,4.4053391,-1.980264733,1.534664807,22.43615533,-7.470723708,20.93015495,1.393927266,4.109635924,0.273697619
1.355964733,4.365897667,-1.970262567,1.534279803,22.23528223,-7.432989651,20.82390389,1.299305219,4.088773529,0.25511858
1.354884133,4.302210933,-1.9426181,1.53415737,21.91092912,-7.328698457,20.53024215,1.268613853,4.031113046,0.24909233
1.3538201,4.254639333,-1.9253061,1.533809051,21.66864952,-7.263387407,20.34634017,1.210236229,3.995003892,0.237629884
1.3527861,4.2148446,-1.919084833,1.533373763,21.46597708,-7.239917129,20.28025287,1.073651085,3.982027652,0.210811391
1.3517127,4.1710429,-1.888002767,1.53295936,21.24289738,-7.122657285,19.95007418,1.180750076,3.917197065,0.231840277
1.350829967,4.129842533,-1.872400733,1.532696486,21.03306612,-7.063797236,19.78433684,1.13665616,3.884654539,0.223182437
1.349714233,4.091748667,-1.865298933,1.532153875,20.83905611,-7.037005068,19.70889581,1.018087172,3.869841693,0.199901416
1.348791133,4.0478988,-1.8399554,1.531890496,20.61573109,-6.941394349,19.43967643,1.063981539,3.816980467,0.208912775
1.347739167,4.0078837,-1.825944733,1.531440556,20.41193634,-6.88853787,19.29084387,1.009019347,3.787757194,0.198120949
1.346823133,3.9662467,-1.8061638,1.531150952,20.19988133,-6.813912551,19.0807149,1.007093317,3.74649837,0.197742773
1.345767467,3.924397167,-1.7871863,1.530724911,19.98674391,-6.742318256,18.87912064,0.99555015,3.706915337,0.195476272
1.3447914,3.8845712,-1.774199167,1.530348026,19.7839124,-6.693323147,18.74116087,0.930678411,3.679826936,0.182738706
1.343848467,3.8423954,-1.752849367,1.530039628,19.56911332,-6.61277914,18.51436613,0.942674064,3.63529579,0.185094052
1.3428114,3.8022752,-1.7346962,1.52960617,19.3647833,-6.544294715,18.3215286,0.931181568,3.597432141,0.182837501
1.3417692,3.761014967,-1.718671267,1.52918473,19.15464714,-6.483839237,18.15129888,0.891275139,3.564007535,0.175001874
1.340765167,3.721644067,-1.7075915,1.528773032,18.95413327,-6.442039839,18.03360069,0.808459448,3.540897496,0.158741013
1.339744533,3.681103967,-1.686837267,1.528362324,18.74766471,-6.363742659,17.81313255,0.822459045,3.497608576,0.161489833
1.3388294,3.640755333,-1.6713135,1.528054236,18.54217129,-6.305177878,17.64822662,0.78187155,3.465229297,0.153520479
1.3376789,3.600881533,-1.656727367,1.527503637,18.33909617,-6.250150401,17.49328099,0.733742061,3.434805722,0.144070254
1.3368207,3.562693533,-1.6434768,1.527219976,18.14460674,-6.200161467,17.35252282,0.680010799,3.407167855,0.13352012
1.3357233,3.5221966,-1.626267067,1.526731852,17.93835803,-6.135236227,17.1697072,0.656577713,3.371272008,0.128919034
1.334848,3.4803376,-1.601210567,1.526486321,17.7251724,-6.040708366,16.90353692,0.709562358,3.319009473,0.139322569
1.333791,3.4410041,-1.585986433,1.526021093,17.52484899,-5.983273978,16.74181393,0.670961937,3.287255166,0.131743376
1.332753767,3.399710933,-1.563010033,1.525605116,17.31454512,-5.896593478,16.49774015,0.704731846,3.239331278,0.138374098
1.331777633,3.363211367,-1.5601439,1.525178118,17.12865478,-5.885780737,16.46729377,0.549287887,3.233353132,0.107852677
1.330780967,3.323503233,-1.5411971,1.524778861,16.92642339,-5.81430226,16.26602564,0.548324636,3.193834133,0.107663542
1.329823833,3.2828504,-1.518366933,1.524433349,16.7193807,-5.728173438,16.02350525,0.58380232,3.146215257,0.114629586
1.3287701,3.243901167,-1.507863567,1.523965607,16.52101435,-5.68854856,15.91193005,0.497011171,3.124307466,0.097588143
1.327722633,3.2032185,-1.4836482,1.523530211,16.31381971,-5.597193949,15.65469496,0.547051624,3.073799356,0.107413586
1.326795167,3.163496333,-1.466317133,1.523200364,16.11151685,-5.531810968,15.47059044,0.528853283,3.037650433,0.103840342
1.325768367,3.125722,-1.454859367,1.522741879,15.9191342,-5.488585531,15.34887684,0.45818424,3.013751967,0.089964476
1.324804133,3.086982733,-1.4403945,1.522360478,15.7218372,-5.434015543,15.1952194,0.414544677,2.983581328,0.081395847
1.323738133,3.049374967,-1.4247457,1.521860287,15.53030286,-5.374979062,15.02898526,0.389244473,2.950941257,0.076428152
1.3228244,3.008293867,-1.394185467,1.521564619,15.32107903,-5.259687881,14.7043499,0.504656,2.887199103,0.099089206
1.321751033,2.972352733,-1.3886029,1.521031986,15.13803276,-5.238627155,14.64504739,0.38091225,2.875555055,0.07479212
1.320785633,2.933291733,-1.374199467,1.520654259,14.93909719,-5.18428893,14.49204255,0.334981521,2.845512554,0.065773622
1.319776567,2.894456933,-1.356448733,1.520229462,14.74131364,-5.11732272,14.30347999,0.325760529,2.808488296,0.06396308
1.318805433,2.8575409,-1.3390956,1.51981373,14.55330227,-5.051856491,14.11914106,0.322088084,2.772293347,0.063241995
1.317780333,2.8187913,-1.321543533,1.519371618,14.35595264,-4.985639768,13.9326889,0.311190614,2.735683465,0.061102277
1.316781167,2.780294133,-1.302161,1.518951641,14.15988863,-4.912517448,13.72679205,0.32102346,2.695255619,0.063032956
1.315750267,2.742976233,-1.292830767,1.518482189,13.96983057,-4.877318318,13.62767881,0.230078639,2.675794735,0.045175941
1.314798,2.704806833,-1.271569233,1.518104181,13.77543587,-4.797107305,13.40182172,0.261541032,2.631447694,0.051353582
1.313744433,2.6672958,-1.2559496,1.517614968,13.58439419,-4.738180858,13.23589742,0.236423654,2.598868458,0.046421785
1.312791233,2.631504067,-1.243842833,1.517200255,13.40210882,-4.692507011,13.10728961,0.182746086,2.573616315,0.035882194
1.311722067,2.594982133,-1.228994333,1.51668056,13.21610458,-4.636489732,12.94955691,0.154474544,2.542645499,0.030331077
1.3108524,2.55647,-1.2056389,1.516390309,13.01996435,-4.548379296,12.70145672,0.206434503,2.493931028,0.040533415
1.309767267,2.519962633,-1.190878733,1.515854429,12.83403429,-4.492695263,12.54466237,0.177298801,2.463144456,0.03481262
1.308791233,2.4826387,-1.170776467,1.515439934,12.64394551,-4.416857685,12.33111993,0.200752448,2.421215399,0.039417743
1.307747,2.446608667,-1.159577267,1.514937773,12.46044648,-4.374607714,12.21215303,0.136220328,2.397856248,0.026746861
1.306815733,2.411595967,-1.1476437,1.514533272,12.28212868,-4.329587279,12.08538509,0.084670465,2.372965363,0.016625046
1.305803933,2.374711667,-1.130443833,1.514076396,12.09427892,-4.264699262,11.90267429,0.079531515,2.337090096,0.015616013
1.3047342,2.3386716,-1.11406115,1.513548886,11.9107288,-4.202894141,11.72864426,0.070011423,2.302919299,0.013746743
1.303827467,2.3023047,-1.096809997,1.513189292,11.72551413,-4.137812641,11.54538864,0.068052372,2.266937059,0.013362083
1.302783933,2.266654733,-1.080942427,1.512682113,11.54395077,-4.077950831,11.37683056,0.055047089,2.23384068,0.010808496
1.301802467,2.231763233,-1.06806378,1.512225589,11.36625023,-4.029364998,11.24002322,0.014153891,2.206978559,0.002779116
1.3007203,2.1971795,-1.053436207,1.511663734,11.19011714,-3.974181185,11.08463738,-0.006593364,2.176468549,-0.001294607
1.299760233,2.1594361,-1.0271535,1.511271517,10.99789203,-3.875027351,10.80544134,0.080377564,2.121648408,0.015782135
1.298838233,2.1263916,-1.021843013,1.510846672,10.82959817,-3.854993071,10.74902909,-0.031504042,2.110571861,-0.006185819
1.297726767,2.092011133,-1.005047607,1.510252459,10.6545003,-3.791630915,10.57061478,-0.028187602,2.075540211,-0.005534636
1.2967991,2.056936633,-0.98624926,1.509852488,10.47586775,-3.720712491,10.37092363,-0.007128998,2.036330854,-0.001399779
1.295757967,2.021606933,-0.968545543,1.50934289,10.29593549,-3.653923655,10.18286052,0.001001847,1.999404663,0.000196713
1.294788233,1.9883492,-0.958527603,1.50887352,10.12655564,-3.616130091,10.07644191,-0.061959392,1.978509369,-0.012165727
1.293821067,1.954697333,-0.944927497,1.508412645,9.955168492,-3.564822487,9.931970645,-0.088875276,1.950142436,-0.01745066
1.2927296,1.921031133,-0.927642263,1.507827687,9.783708344,-3.499612417,9.748353003,-0.076717782,1.914089112,-0.015063536
1.291772667,1.885082367,-0.907862203,1.507411602,9.600623207,-3.424990392,9.538233307,-0.049683223,1.87283211,-0.009755301
1.290764033,1.8541115,-0.90301184,1.506868926,9.442890247,-3.406691968,9.486708849,-0.155891725,1.862715283,-0.03060934
1.289790867,1.819668,-0.883258123,1.506413962,9.267471352,-3.332169326,9.276868993,-0.121470764,1.821513227,-0.023850784
1.288816633,1.787236867,-0.868786553,1.505927655,9.102301333,-3.27757405,9.123140345,-0.132912135,1.791328607,-0.026097298
1.28779,1.753946233,-0.853364127,1.505401879,8.932753926,-3.219391582,8.959310933,-0.13863013,1.759160702,-0.027220026
1.286822733,1.7215098,-0.843966043,1.504922618,8.767556914,-3.183936482,8.859476938,-0.203993147,1.739558297,-0.040054054
1.2857653,1.6896521,-0.82648957,1.504344484,8.605307359,-3.118004942,8.673827791,-0.180593554,1.703106087,-0.035459544
1.2848056,1.656856833,-0.810382407,1.503878189,8.438282828,-3.057239245,8.502724556,-0.17651485,1.669509966,-0.034658691
1.283743933,1.6250403,-0.795525573,1.503295202,8.276242934,-3.001190528,8.34490333,-0.18073352,1.638521769,-0.035487027
1.2828244,1.5946464,-0.78613283,1.502832945,8.121448434,-2.965755574,8.245126061,-0.23575075,1.618930502,-0.04628966
1.2818136,1.561674967,-0.76601013,1.5023182,7.953526696,-2.88984091,8.031366568,-0.189912995,1.576958826,-0.037289417
1.280753433,1.5312788,-0.75547453,1.501715344,7.798720652,-2.850094428,7.919448956,-0.232801427,1.554983803,-0.04571056
1.279829733,1.500020567,-0.739949683,1.501261924,7.639524149,-2.791525572,7.754531557,-0.22708053,1.522602271,-0.044587262
1.278788133,1.469913033,-0.72761591,1.500673292,7.486188099,-2.744995322,7.623512303,-0.249397326,1.496876641,-0.048969165
1.277814633,1.439106267,-0.713787697,1.50016328,7.329290892,-2.692827165,7.476617906,-0.259400137,1.468033926,-0.050933217
1.276772367,1.409315133,-0.69998813,1.49956922,7.177566251,-2.64076708,7.330027817,-0.264534689,1.439250962,-0.051941386
1.275833433,1.3785835,-0.685350793,1.499092645,7.021051693,-2.585546434,7.174538262,-0.265559691,1.408720588,-0.052142645
1.274826633,1.3493938,-0.674561697,1.498525004,6.87239012,-2.544843614,7.059927805,-0.299610808,1.386216825,-0.058828582
1.2737442,1.319818233,-0.65941425,1.497887535,6.721763348,-2.487698532,6.899019452,-0.289329227,1.354622469,-0.056809794
1.272777967,1.2909393,-0.648732083,1.497355785,6.574684492,-2.447399115,6.785544891,-0.322933522,1.332341739,-0.063407997
1.271773933,1.2617573,-0.634153527,1.496790795,6.426062134,-2.392400221,6.630679745,-0.316690733,1.301933968,-0.062182226
1.270829467,1.233985667,-0.62198049,1.496264152,6.284622698,-2.346476365,6.501367965,-0.32881839,1.2765436,-0.064563491
1.2698123,1.204569867,-0.606010063,1.495689546,6.134809609,-2.286226519,6.331717256,-0.30898077,1.243232683,-0.060668374
1.268769,1.176966667,-0.595078747,1.495061537,5.994227994,-2.244987161,6.215596024,-0.333441153,1.220432279,-0.06547117
1.267810333,1.1492098,-0.583720287,1.494520472,5.852863764,-2.202136366,6.094937333,-0.354146692,1.196740945,-0.069536703
1.266732333,1.121628233,-0.57041154,1.493857437,5.712392327,-2.151927944,5.953561128,-0.353241925,1.168981728,-0.069359052
1.265821733,1.094168237,-0.55874631,1.493359972,5.572540039,-2.107919832,5.829643679,-0.369176763,1.144650536,-0.072487857
1.2647556,1.067507337,-0.546827313,1.492694952,5.436757508,-2.062954364,5.703030516,-0.378346131,1.119790042,-0.074288263
1.2638006,1.040613133,-0.535491427,1.492144575,5.299786775,-2.02018873,5.582611617,-0.394897964,1.096145791,-0.077538215
1.262787133,1.014531503,-0.5217496,1.491523507,5.166954435,-1.968346475,5.436634889,-0.381753576,1.06748326,-0.074957315
1.261768633,0.98850177,-0.509486337,1.490896624,5.034386402,-1.92208223,5.306364649,-0.38405137,1.041904699,-0.075408486
1.260807467,0.96291764,-0.499946317,1.490320371,4.904087802,-1.886091661,5.205022888,-0.413008209,1.022006244,-0.081094162
1.259781,0.937883897,-0.488671777,1.489670537,4.776592293,-1.843557463,5.085255662,-0.420736492,0.998489949,-0.08261161
1.258836167,0.91301626,-0.4775079,1.489099837,4.649942755,-1.801440751,4.966663991,-0.428794359,0.975204475,-0.084193772
1.2577766,0.888387883,-0.46700994,1.488410804,4.524511756,-1.76183627,4.855146222,-0.442707589,0.953307961,-0.086925635
1.2567768,0.86378513,-0.45540805,1.487781153,4.399211255,-1.718067114,4.731901621,-0.444763489,0.929108883,-0.087329311
1.255831267,0.83971749,-0.4440053,1.487197717,4.276636058,-1.675049232,4.610772445,-0.44620951,0.90532517,-0.087613237
1.2547827,0.815918447,-0.433097293,1.486507207,4.155428809,-1.633897813,4.494898831,-0.451543145,0.882573385,-0.088660496
1.2538179,0.79292023,-0.423304843,1.485888415,4.038300127,-1.59695493,4.390875556,-0.464648552,0.862148415,-0.091233743
1.252759967,0.76948269,-0.412215997,1.4851831,3.918933995,-1.555121276,4.273080914,-0.466220042,0.839019437,-0.091542305
1.251864433,0.747112333,-0.401928543,1.484624128,3.805002971,-1.516310949,4.163799316,-0.470869468,0.817561996,-0.09245522
1.250807633,0.724882327,-0.392940067,1.483901779,3.691786741,-1.482401127,4.068316492,-0.488602874,0.798813943,-0.095937174
1.249797,0.702850163,-0.381997187,1.483222619,3.579578117,-1.441118145,3.952072425,-0.484567431,0.775989421,-0.095144815
1.248787333,0.681191347,-0.372184483,1.48253881,3.469270928,-1.404098854,3.847834003,-0.490636198,0.755522207,-0.096336418
1.24782,0.659836927,-0.362725803,1.481892753,3.360514014,-1.368415148,3.747356302,-0.498915411,0.73579341,-0.097962041
1.2468022,0.639024517,-0.35313682,1.481188076,3.254517528,-1.332239861,3.645494413,-0.503050008,0.715792828,-0.098773869
1.245795067,0.618639273,-0.344514847,1.480487639,3.150696579,-1.299712705,3.553904883,-0.515281426,0.697809224,-0.101175508
1.244806233,0.59798392,-0.333918153,1.479809565,3.045499975,-1.259735743,3.441338289,-0.507911437,0.675706773,-0.099728411
1.2438642,0.578205703,-0.32520408,1.479165095,2.94477058,-1.226861131,3.348770398,-0.516072941,0.657531068,-0.101330922
1.242795733,0.558832653,-0.31682968,1.478388096,2.846104677,-1.195267967,3.25981079,-0.525779236,0.640063849,-0.103236753
1.241850933,0.539638967,-0.30776059,1.477732065,2.748352262,-1.161054023,3.163471626,-0.527192487,0.621147654,-0.103514245
1.2407381,0.52001257,-0.298557703,1.476914511,2.648396078,-1.12633532,3.065711167,-0.529388212,0.601952388,-0.103945375
1.239784867,0.500388537,-0.289370167,1.476256521,2.548451931,-1.091674526,2.968113768,-0.53173496,0.582789138,-0.104406159
1.238699833,0.48217562,-0.279965047,1.475445501,2.455694525,-1.05619288,2.868205024,-0.524583622,0.563172056,-0.103001994
1.237700867,0.464587637,-0.273505787,1.474711146,2.366119871,-1.031824751,2.799589572,-0.545542824,0.549699413,-0.107117334
1.236674567,0.447265627,-0.265365587,1.473945455,2.277899805,-1.001115127,2.713117825,-0.547291143,0.532720685,-0.107460616
1.235686833,0.430370783,-0.257372753,1.473211905,2.191855275,-0.970961457,2.628211525,-0.548429372,0.516049333,-0.107684107
1.234708267,0.41188883,-0.247318763,1.472511399,2.09772768,-0.933031891,2.521409962,-0.535755405,0.495078846,-0.105195574
1.2334716,0.394052523,-0.239733117,1.47154308,2.006888329,-0.904414369,2.440829126,-0.54601392,0.479256799,-0.107209833
1.232518833,0.377923263,-0.231486083,1.470832978,1.924742874,-0.873301706,2.353222509,-0.540552758,0.46205524,-0.106137534
1.231512033,0.36272683,-0.225639127,1.470054808,1.847348256,-0.851243546,2.291111436,-0.555836303,0.44985973,-0.109138458
1.2305643,0.347691963,-0.21888283,1.469333274,1.770776488,-0.825754819,2.219340622,-0.560637258,0.435767531,-0.110081126
1.229574767,0.33299502,-0.212006173,1.468564857,1.695925745,-0.799812024,2.146291248,-0.562438626,0.421424287,-0.110434824
1.228490733,0.318612117,-0.20491633,1.467697214,1.622674391,-0.773064964,2.070977233,-0.560375965,0.40663638,-0.110029821
1.2275365,0.30477226,-0.199072043,1.466951201,1.552188745,-0.751016876,2.008894523,-0.568778901,0.39444644,-0.111679737
1.226515367,0.2910326,-0.192676117,1.466136781,1.482213394,-0.726887677,1.940951849,-0.570811578,0.381105896,-0.112078853
1.225537467,0.277733453,-0.186145307,1.465358967,1.414481555,-0.70224962,1.871576336,-0.569167904,0.367484014,-0.111756118
1.224508333,0.26510672,-0.180549143,1.464519803,1.350174281,-0.681137599,1.812129391,-0.574028233,0.355811606,-0.112710444
1.223510367,0.252651983,-0.174977357,1.463709218,1.286742976,-0.660117541,1.752941395,-0.578271542,0.344190043,-0.113543617
1.222513733,0.240493603,-0.169633597,1.462895507,1.224821,-0.639957734,1.696175681,-0.583427804,0.333044095,-0.114556049
1.2215254,0.22870894,-0.16413021,1.462084474,1.164802343,-0.619195722,1.637714284,-0.584985064,0.3215652,-0.114861817
1.220535833,0.217477247,-0.158872457,1.461263888,1.107599932,-0.599360383,1.581862202,-0.586335393,0.310598643,-0.115126954
1.2195411,0.206362093,-0.153931563,1.460436382,1.050991053,-0.580720426,1.529376062,-0.590458131,0.30029299,-0.115936454
1.218533133,0.19551923,-0.148996367,1.459591547,0.995768933,-0.56210196,1.476950436,-0.593254626,0.289999218,-0.116485546
1.2175235,0.18500607,-0.143340253,1.458740084,0.942225974,-0.540763773,1.416866654,-0.586713803,0.278201768,-0.115201255
1.216479933,0.17489067,-0.138653567,1.457848703,0.890708785,-0.523082833,1.367080901,-0.588445239,0.268426335,-0.115541223
1.2155676,0.165081043,-0.134603057,1.457083956,0.840748884,-0.507801927,1.324053128,-0.595377367,0.259977832,-0.116902346
1.214454933,0.1555953,-0.13001136,1.456114002,0.792438503,-0.490479345,1.275276436,-0.594911056,0.250400528,-0.116810786
1.213553367,0.146356197,-0.126313311,1.455351438,0.745384246,-0.476528128,1.235992787,-0.602681664,0.242687184,-0.118336545
1.2124409,0.137558347,-0.121901613,1.454371335,0.700577268,-0.459884607,1.189128181,-0.600624036,0.233485318,-0.117932529
1.211570567,0.128943483,-0.118256303,1.453630612,0.656702232,-0.446132354,1.150404772,-0.605775662,0.225881977,-0.118944051
1.210498733,0.120664065,-0.114145973,1.452683342,0.614535601,-0.430625772,1.106741546,-0.604279068,0.217308703,-0.118650195
1.2095151,0.112553278,-0.109823554,1.451821736,0.573227799,-0.414319063,1.060825334,-0.599670658,0.208293054,-0.117745334
1.208529533,0.105127312,-0.107111452,1.450947893,0.53540775,-0.404087418,1.032015207,-0.60868058,0.202636186,-0.119514432
1.207515267,0.097751515,-0.103037598,1.450044595,0.497843212,-0.388718445,0.988739459,-0.602969369,0.194138993,-0.118393036
1.206597533,0.090506911,-0.099907319,1.449235857,0.460946836,-0.376909191,0.955487119,-0.606613405,0.187609896,-0.119108542
1.205545833,0.08356564,-0.096677201,1.448288588,0.425595314,-0.364723284,0.921174206,-0.607652014,0.180872555,-0.119312473
1.204583267,0.076868862,-0.093715768,1.447426775,0.391488984,-0.353551017,0.889715484,-0.610299623,0.174695635,-0.119832331
1.203559467,0.070357135,-0.090775728,1.446500944,0.358325108,-0.342459455,0.858484013,-0.612232027,0.168563336,-0.120211759
1.202494967,0.064061732,-0.087620691,1.445531158,0.326262961,-0.330556799,0.824968674,-0.610778836,0.161982599,-0.119926424
1.2014743,0.057015348,-0.084486065,1.444616504,0.290376106,-0.318731146,0.79167016,-0.613367178,0.155444436,-0.120434645
1.200367,0.051446265,-0.081919274,1.443592991,0.262013062,-0.309047702,0.764403647,-0.614463708,0.150090656,-0.120649949
1.1994801,0.045901871,-0.08053249,1.442789506,0.233775764,-0.303815937,0.749672113,-0.627969471,0.147198119,-0.123301806
1.198401067,0.04073216,-0.077515929,1.441788251,0.207446704,-0.292435692,0.717627773,-0.622254192,0.140906213,-0.122179611
1.1974027,0.035608122,-0.074762205,1.440866976,0.18135025,-0.282047027,0.688375507,-0.61909838,0.135162531,-0.121559967
1.1963327,0.029652684,-0.072633767,1.439886575,0.151019525,-0.274017305,0.665765525,-0.626819123,0.130723061,-0.123075935
1.195168367,0.0239156,-0.070325302,1.438808556,0.121800864,-0.265308415,0.64124315,-0.631515409,0.125908093,-0.123998051
1.1942758,0.019410918,-0.068045041,1.437983763,0.098858762,-0.256705931,0.617020389,-0.630234749,0.121151953,-0.123746593
1.193170967,0.015152617,-0.065662251,1.436942996,0.077171465,-0.247716645,0.591708478,-0.626610136,0.11618196,-0.1230349
1.192246267,0.011062666,-0.064486664,1.436079829,0.056341562,-0.243281639,0.579220448,-0.634952009,0.113729935,-0.124672827
1.1912016,0.007217409,-0.062171316,1.435093014,0.036757877,-0.234546785,0.554624964,-0.62994021,0.108900612,-0.12368876
1.190245167,0.003456778,-0.060795323,1.434193159,0.017605185,-0.22935573,0.54000806,-0.634475998,0.106030583,-0.124579362
1.189199567,-0.000117208,-0.059412549,1.43320133,-0.000596934,-0.224139092,0.52531912,-0.637989177,0.103146409,-0.125269175
1.1881781,-0.003731921,-0.057308547,1.432234247,-0.019006472,-0.216201559,0.502968723,-0.634048318,0.098757909,-0.124495387
1.1872605,-0.006794651,-0.056507714,1.431362726,-0.034604793,-0.213180346,0.494461631,-0.641139548,0.097087541,-0.12588775
1.186169167,-0.009912668,-0.054613869,1.430318303,-0.050484685,-0.206035646,0.474343681,-0.636901488,0.093137382,-0.125055607
1.1852362,-0.012897364,-0.053138031,1.429430241,-0.065685579,-0.200467919,0.45866615,-0.636424852,0.090059099,-0.12496202
1.184197167,-0.015799453,-0.051503415,1.428434869,-0.080465765,-0.194301185,0.441301942,-0.63384083,0.086649636,-0.124454647
1.183250533,-0.018436792,-0.050055512,1.427527915,-0.093897589,-0.188838844,0.425921156,-0.631891868,0.083629619,-0.124071968
1.182194467,-0.020795381,-0.049275043,1.426507333,-0.105909756,-0.185894456,0.417630387,-0.635613266,0.082001726,-0.124802665
1.1812104,-0.023300916,-0.047912721,1.425560962,-0.118670315,-0.180754973,0.4031587,-0.633902138,0.079160211,-0.124466685
1.180202833,-0.025803654,-0.047200541,1.424591049,-0.131416625,-0.178068212,0.395593355,-0.639083103,0.077674755,-0.125483967
1.179194933,-0.02803844,-0.045927512,1.423616772,-0.142798267,-0.173265598,0.382070218,-0.636941608,0.075019487,-0.125063485
1.1782291,-0.030148565,-0.045042056,1.422682685,-0.15354502,-0.169925138,0.372664196,-0.638282339,0.073172615,-0.125326737
1.177224,-0.032322297,-0.043888594,1.421710289,-0.164615724,-0.165573598,0.360411189,-0.637100035,0.070766737,-0.125094592
1.1761464,-0.034199738,-0.043265522,1.420660935,-0.17417743,-0.163223004,0.353792417,-0.64004297,0.069467141,-0.125672437
1.175281033,-0.03606254,-0.04216915,1.419823594,-0.183664579,-0.159086844,0.342145873,-0.637883574,0.067180342,-0.12524844
1.174192033,-0.037792662,-0.041072617,1.418760624,-0.192475995,-0.154950077,0.330497621,-0.635046739,0.064893208,-0.124691427
1.1732563,-0.039427381,-0.04071192,1.417849485,-0.200801535,-0.153589317,0.326666011,-0.639540669,0.064140871,-0.12557381
1.1721489,-0.041077969,-0.039539256,1.416766918,-0.209207887,-0.149165336,0.314209025,-0.635490035,0.061694942,-0.124778468
1.1712827,-0.042682863,-0.03886229,1.415924864,-0.217381526,-0.146611422,0.307017748,-0.636472397,0.060282935,-0.124971355
1.170221333,-0.043954729,-0.038545487,1.414882632,-0.223859073,-0.145416255,0.303652412,-0.639584608,0.059622151,-0.125582438
1.1691951,-0.045224263,-0.038114084,1.413875499,-0.230324742,-0.143788751,0.299069709,-0.641467574,0.058722337,-0.125952158
1.1682593,-0.046566928,-0.037439822,1.412959899,-0.237162864,-0.141245037,0.291907153,-0.64114314,0.057315969,-0.125888455
1.167228833,-0.047817125,-0.03702239,1.411948242,-0.243530048,-0.139670239,0.287472858,-0.643076029,0.056445296,-0.126267978
1.166280367,-0.048960621,-0.036051708,1.411016979,-0.249353812,-0.136008253,0.277161487,-0.638588422,0.054420658,-0.125386837
1.1651773,-0.049997589,-0.035509165,1.409929514,-0.254635034,-0.133961463,0.271398162,-0.63810632,0.053289029,-0.125292176
1.1642335,-0.051063782,-0.035189054,1.409001755,-0.2600651,-0.132753815,0.267997683,-0.640135905,0.052621345,-0.125690685
1.163223233,-0.052090379,-0.034587313,1.408006933,-0.265293501,-0.130483695,0.26160551,-0.638972134,0.051366242,-0.125462178
1.162260233,-0.0530057,-0.034141002,1.407057704,-0.269955184,-0.128799946,0.256864432,-0.638892738,0.050435331,-0.125446589
1.161227867,-0.053878294,-0.033731884,1.406038466,-0.274399255,-0.127256512,0.252518452,-0.638990829,0.049581998,-0.125465849
1.1602173,-0.05460024,-0.033093918,1.405038761,-0.27807609,-0.124849729,0.245741464,-0.635890677,0.048251336,-0.124857134
1.159276467,-0.055366494,-0.03274043,1.404109456,-0.281978577,-0.123516164,0.24198643,-0.63603813,0.047514036,-0.124886087
1.158178067,-0.056041167,-0.032328233,1.403021206,-0.285414654,-0.121961117,0.23760775,-0.635095526,0.046654282,-0.124701007
1.157193067,-0.056657039,-0.031581927,1.402045472,-0.288551254,-0.119145611,0.229679884,-0.63030426,0.045097645,-0.123760242
1.1562131,-0.057219687,-0.031240347,1.40107397,-0.29141679,-0.11785697,0.226051346,-0.629541259,0.044385182,-0.123610426
1.155221533,-0.057786258,-0.031020257,1.400090928,-0.294302309,-0.117026662,0.223713377,-0.630088809,0.043926122,-0.123717938
1.1542508,-0.058316805,-0.030689782,1.399128176,-0.297004353,-0.115779913,0.220202799,-0.629280275,0.04323682,-0.123559182
1.1531658,-0.058901167,-0.030409508,1.398051968,-0.299980479,-0.114722558,0.21722551,-0.629279112,0.042652229,-0.123558954
1.152242733,-0.059367382,-0.03013096,1.397135916,-0.302354887,-0.113671709,0.214266546,-0.628694556,0.042071236,-0.123444176
1.1512122,-0.059842102,-0.029575182,1.396112524,-0.304772612,-0.111574988,0.208362625,-0.62520836,0.040912002,-0.122759662
1.150208533,-0.060351687,-0.029217412,1.395116524,-0.307367899,-0.11022527,0.204562108,-0.62400313,0.04016577,-0.122523015
1.149252667,-0.060514079,-0.028997889,1.394163101,-0.308194951,-0.109397098,0.202230152,-0.622498226,0.03970789,-0.122227527
1.1481609,-0.060922968,-0.028634922,1.393077486,-0.310277404,-0.108027775,0.198374431,-0.620724959,0.03895082,-0.121879346
1.147228,-0.061211502,-0.028217346,1.392148927,-0.311746889,-0.10645243,0.193938597,-0.617758608,0.038079843,-0.121296903
1.146200667,-0.061463036,-0.028159567,1.391125378,-0.313027938,-0.106234456,0.193324829,-0.61842589,0.03795933,-0.121427923
1.145192067,-0.061768555,-0.027698267,1.390121375,-0.314583932,-0.104494159,0.188424522,-0.615081577,0.036997155,-0.120771268
1.144189733,-0.061888039,-0.027551802,1.389120839,-0.315192457,-0.103941609,0.18686866,-0.61413424,0.036691661,-0.120585258
1.143195767,-0.062090327,-0.027218582,1.388129916,-0.316222701,-0.102684507,0.18332893,-0.611624753,0.035996635,-0.12009252
1.1422765,-0.062327887,-0.02718755,1.387214223,-0.31743258,-0.102567435,0.182999279,-0.612504982,0.035931908,-0.120265353
1.141165167,-0.062521485,-0.026709442,1.386105802,-0.318418564,-0.100763732,0.177920435,-0.608412122,0.034934677,-0.11946172
1.140284833,-0.06264137,-0.026439983,1.385227273,-0.31902913,-0.099747172,0.175058022,-0.606160274,0.034372643,-0.11901957
1.139174,-0.062772555,-0.026328139,1.384118413,-0.319697248,-0.09932523,0.173869921,-0.605640292,0.034139359,-0.118917471
1.138259167,-0.062932049,-0.026137546,1.383205979,-0.320509544,-0.098606201,0.171845289,-0.604427956,0.033741823,-0.118679429
1.137191933,-0.063152318,-0.025870729,1.38214206,-0.321631362,-0.097599611,0.169010948,-0.602715433,0.0331853,-0.118343175
1.136211133,-0.063126204,-0.025528284,1.381160867,-0.321498365,-0.096307706,0.165373219,-0.598944707,0.032471031,-0.117602793
1.135218433,-0.063130649,-0.025561516,1.380168234,-0.321521005,-0.096433078,0.165726239,-0.599320367,0.032540347,-0.117676554
1.134175967,-0.06314536,-0.025423558,1.379125989,-0.321595924,-0.095912619,0.164260738,-0.597929785,0.032252596,-0.117403513
1.133196767,-0.063252183,-0.025221303,1.378148396,-0.322139969,-0.095149594,0.162112223,-0.596325315,0.031830735,-0.117088476
1.132217467,-0.063238018,-0.025005428,1.377168883,-0.322067826,-0.094335187,0.159819025,-0.593959974,0.031380466,-0.116624041
1.131184867,-0.063099012,-0.024803622,1.376134191,-0.321359876,-0.093573856,0.15767528,-0.591108279,0.030959541,-0.116064111
1.130279233,-0.06309779,-0.024915843,1.37522854,-0.321353652,-0.09399722,0.158867382,-0.592294157,0.03119361,-0.116296958
1.129176167,-0.063219172,-0.024522808,1.374127299,-0.321971846,-0.092514462,0.154692251,-0.58873722,0.030373824,-0.115598553
1.1282725,-0.06309604,-0.024218643,1.37322178,-0.321344743,-0.091366971,0.151461163,-0.584879029,0.029739399,-0.114840997
1.127166667,-0.063055214,-0.024183097,1.372115332,-0.321136819,-0.091232872,0.151083568,-0.58429351,0.029665259,-0.114726031
1.1262641,-0.063072252,-0.024211238,1.371213022,-0.321223589,-0.091339034,0.151382497,-0.584679209,0.029723953,-0.114801763
1.125185633,-0.063070396,-0.023725677,1.370134527,-0.32121414,-0.089507212,0.146224478,-0.579511741,0.028711176,-0.11378713
1.124134133,-0.063117956,-0.02365799,1.369083743,-0.321456359,-0.089251857,0.145505452,-0.579034934,0.028569996,-0.113693509
1.123196267,-0.062861336,-0.023666316,1.368142015,-0.320149405,-0.089283269,0.145593901,-0.577816429,0.028587363,-0.113454256
1.122129033,-0.062700638,-0.023342806,1.367072364,-0.319330979,-0.0880628,0.142157322,-0.573561423,0.02791259,-0.112618785
1.121209867,-0.062640765,-0.02298933,1.366152297,-0.31902605,-0.08672928,0.138402416,-0.569501589,0.027175314,-0.111821637
1.120181067,-0.06239803,-0.023015795,1.365119845,-0.317789816,-0.086829121,0.138683544,-0.568546483,0.027230514,-0.111634102
1.11921,-0.062198639,-0.022759743,1.364145779,-0.316774326,-0.085863143,0.135963558,-0.564811007,0.026696445,-0.110900641
1.118180833,-0.061967155,-0.022807152,1.363113129,-0.315595393,-0.086041998,0.136467174,-0.56413569,0.02679533,-0.110768043
1.117177567,-0.061836666,-0.022823882,1.362107899,-0.314930819,-0.086105112,0.13664489,-0.563648832,0.026830224,-0.110672448
1.116223067,-0.061745434,-0.022678883,1.361152027,-0.314466176,-0.08555809,0.135104594,-0.561643893,0.026527787,-0.110278778
1.1151773,-0.061502941,-0.022471115,1.360102612,-0.313231174,-0.084774266,0.132897512,-0.558201809,0.026094427,-0.109602925
1.114207033,-0.061320867,-0.022253775,1.359129606,-0.312303881,-0.083954334,0.130588759,-0.554965763,0.025641103,-0.108967528
1.113145967,-0.061256006,-0.022224137,1.358067563,-0.311973549,-0.083842521,0.130273917,-0.554320589,0.025579284,-0.108840848
1.112226567,-0.060973746,-0.022240158,1.357143917,-0.310536014,-0.083902963,0.130444108,-0.553053245,0.025612701,-0.108592005
1.1111419,-0.060763775,-0.022260062,1.356056091,-0.309466643,-0.083978051,0.130655541,-0.552195307,0.025654215,-0.108423548
1.110183933,-0.060504179,-0.021915268,1.355094219,-0.308144534,-0.082677287,0.126992866,-0.547210523,0.024935049,-0.107444786
1.1092103,-0.06021314,-0.021984274,1.354116207,-0.306662287,-0.082937618,0.127725903,-0.546461312,0.025078981,-0.107297679
1.108140133,-0.059945266,-0.021822275,1.35304201,-0.305298017,-0.082326461,0.126005016,-0.543376156,0.024741085,-0.106691908
1.107135433,-0.059720937,-0.021625391,1.352033935,-0.304155525,-0.081583699,0.123913556,-0.540142203,0.024330427,-0.106056922
1.106212367,-0.05940527,-0.021352856,1.351106119,-0.302547848,-0.080555535,0.121018466,-0.535639437,0.023761976,-0.105172804
1.105172633,-0.059017025,-0.021259433,1.350060544,-0.300570537,-0.080203088,0.120026052,-0.532669712,0.023567115,-0.104589698
1.104244567,-0.058766857,-0.021346985,1.349128714,-0.299296443,-0.080533387,0.120956103,-0.53232567,0.023749731,-0.104522145
1.103130767,-0.058614962,-0.021373836,1.348012629,-0.298522852,-0.080634686,0.12124134,-0.531837315,0.023805737,-0.104426257
1.102230033,-0.058255833,-0.02122467,1.347106492,-0.296693826,-0.080071942,0.119656772,-0.52842372,0.023494607,-0.103755997
1.101109233,-0.057992773,-0.02113247,1.345981735,-0.295354075,-0.079724109,0.118677349,-0.526104547,0.023302297,-0.103300628
1.1001997,-0.057750356,-0.021048437,1.345068554,-0.294119462,-0.07940709,0.11778469,-0.523977275,0.023127024,-0.102882938
1.099133167,-0.057393846,-0.020512253,1.343996657,-0.292303774,-0.077384287,0.112088909,-0.516465806,0.022008657,-0.101408061
1.0981483,-0.05700623,-0.020662956,1.343005959,-0.290329666,-0.077952826,0.113689794,-0.516092583,0.022322991,-0.101334779
1.097186733,-0.056781638,-0.020457419,1.342041013,-0.289185833,-0.07717742,0.111506415,-0.512765371,0.021894285,-0.100681481
1.0961493,-0.056317317,-0.020782708,1.340996594,-0.286821068,-0.078404603,0.114961899,-0.51385609,0.022572769,-0.100895643
1.095216167,-0.056076702,-0.020788404,1.340059841,-0.28559563,-0.078426092,0.11502241,-0.512691164,0.02258465,-0.10066691
1.0941417,-0.055806936,-0.020602404,1.338981315,-0.284221727,-0.077724391,0.113046569,-0.509341418,0.022196694,-0.100009187
1.093221567,-0.055318604,-0.020304512,1.338053835,-0.281734676,-0.076600567,0.109882121,-0.50368992,0.021575354,-0.098899516
1.0922291,-0.054961402,-0.02029327,1.337055994,-0.279915467,-0.076558153,0.109762692,-0.501751282,0.021551905,-0.098518864
1.091183733,-0.05477589,-0.020337961,1.336007837,-0.278970665,-0.076726756,0.110237443,-0.50128123,0.021645122,-0.09842657
1.090215433,-0.054478773,-0.019968571,1.335035066,-0.277457465,-0.075333198,0.106313478,-0.495844067,0.020874651,-0.097358982
1.089159533,-0.054054915,-0.019587044,1.33397279,-0.275298776,-0.073893853,0.102260592,-0.489632491,0.020078867,-0.09613934
1.0882249,-0.05360651,-0.020073298,1.33303141,-0.273015077,-0.075728292,0.10742598,-0.492514179,0.021093091,-0.096705159
1.087163167,-0.05340889,-0.019896913,1.331966703,-0.272008605,-0.075062863,0.105552273,-0.489634001,0.020725189,-0.096139636
1.086186033,-0.053257896,-0.006137518,1.330987298,-0.271239604,-0.023154328,0.040611084,-0.423923811,0.007973986,-0.08323744
1.0851888,-0.052643875,-0.019528404,1.329980827,-0.268112427,-0.073672631,0.101637678,-0.481823227,0.019956558,-0.094605991
1.084170667,-0.052441861,-0.019806255,1.328959654,-0.267083582,-0.074720846,0.104589227,-0.483745932,0.020536095,-0.094983514
1.083230567,-0.052033828,-0.019642499,1.328013416,-0.26500549,-0.074103063,0.102849683,-0.479928296,0.020194535,-0.094233921
1.082172267,-0.05178366,-0.019575455,1.326951352,-0.263731396,-0.073850133,0.102137484,-0.477942003,0.020054695,-0.093843912
1.081181567,-0.051425647,-0.019570089,1.325955266,-0.261908059,-0.073829889,0.102080482,-0.476061664,0.020043503,-0.093474708
1.080226333,-0.051026564,-0.019468909,1.324994028,-0.259875549,-0.07344818,0.10100567,-0.472954342,0.019832463,-0.092864585
1.0791771,-0.050689898,-0.019532012,1.32393973,-0.258160929,-0.073686241,0.101676001,-0.471910053,0.019964083,-0.092659539
1.0782336,-0.050448978,-0.019392875,1.322992605,-0.256933933,-0.073161336,0.10019798,-0.469205035,0.019673873,-0.092128409
1.0771253,-0.050085311,-0.019484106,1.321878833,-0.255081796,-0.07350551,0.101167102,-0.468322021,0.01986416,-0.091955029
1.0762464,-0.049772044,-0.019381486,1.32099522,-0.253486348,-0.073118367,0.10007699,-0.46563646,0.019650117,-0.091427719
1.0751809,-0.049469722,-0.019187588,1.319925172,-0.251946634,-0.072386871,0.098017253,-0.46203701,0.019245688,-0.090720967
1.0741992,-0.049159234,-0.019125136,1.318938801,-0.250365336,-0.072151266,0.097353837,-0.459792296,0.019115426,-0.090280217
1.073224833,-0.04890827,-0.019063673,1.317960658,-0.24908719,-0.07191939,0.096700924,-0.457861237,0.018987227,-0.089901054
1.072208867,-0.048586376,-0.01892585,1.316939849,-0.247447801,-0.071399443,0.095236865,-0.454757788,0.018699758,-0.089291692
1.071232467,-0.048310565,-0.018964488,1.315959299,-0.246043113,-0.071545206,0.095647302,-0.453763538,0.018780348,-0.089096471
1.070164433,-0.048052619,-0.018832573,1.314887385,-0.244729407,-0.071047547,0.094246002,-0.451048531,0.018505202,-0.088563379
1.069263067,-0.047609137,-0.018216612,1.313979346,-0.242470775,-0.068723777,0.087702762,-0.442246659,0.017220437,-0.086835132
1.0681817,-0.047327045,-0.018807453,1.312893735,-0.241034099,-0.07095278,0.093979157,-0.447086379,0.018452807,-0.08778541
1.067212167,-0.046993942,-0.018724859,1.311919191,-0.239337623,-0.070641184,0.09310177,-0.444512516,0.018280533,-0.087280033
1.0661955,-0.046743646,-0.0185702,1.310898758,-0.238062878,-0.070057721,0.091458861,-0.441594861,0.017957947,-0.086707151
1.065170233,-0.046540508,-0.018520486,1.309870435,-0.237028305,-0.06987017,0.090930759,-0.440032187,0.017854255,-0.08640032
1.0642316,-0.046191671,-0.018510953,1.308926554,-0.235251698,-0.069834205,0.090829488,-0.43815431,0.01783437,-0.086031599
1.063218333,-0.045926846,-0.018588514,1.307909303,-0.233902961,-0.070126812,0.091653407,-0.437629491,0.017996146,-0.08592855
1.062200667,-0.045769786,-0.018468594,1.306889273,-0.233103061,-0.069674404,0.090379524,-0.435555708,0.01774602,-0.085521363
1.0612581,-0.045500258,-0.018378116,1.305942651,-0.231730371,-0.069333068,0.089418394,-0.433221888,0.017557302,-0.085063118
1.060164867,-0.045259515,-0.018549091,1.304845796,-0.23050428,-0.069978085,0.091234624,-0.433812027,0.017913918,-0.085178991
1.059254067,-0.045014061,-0.018110749,1.303931303,-0.229254194,-0.068324402,0.086578207,-0.427905524,0.016999631,-0.08401925
1.058121,-0.044698414,-0.018267718,1.302793488,-0.227646619,-0.068916579,0.088245651,-0.427965393,0.017327034,-0.084031005
1.057248667,-0.044428886,-0.01805703,1.301917099,-0.226273929,-0.06812174,0.086007553,-0.424354605,0.016887583,-0.083322027
1.0561884,-0.044200073,-0.018025477,1.30085339,-0.225108597,-0.068002706,0.085672379,-0.422854099,0.016821772,-0.083027402
1.0551854,-0.043941722,-0.018044797,1.299846503,-0.223792831,-0.068075593,0.085877612,-0.421743565,0.016862069,-0.082809349
1.054178867,-0.043570989,-0.018125054,1.298834392,-0.221904708,-0.068378367,0.086730159,-0.420707989,0.017029467,-0.082606014
1.053147667,-0.043543214,-0.018302791,1.297802774,-0.221763248,-0.069048895,0.088618224,-0.422454595,0.017400188,-0.08294896
1.0522547,-0.043228456,-0.017948214,1.296905072,-0.220160205,-0.067711222,0.084851622,-0.417084951,0.016660616,-0.08189463
1.051187,-0.042941459,-0.017733487,1.295833054,-0.218698542,-0.066901148,0.082570627,-0.413342291,0.016212743,-0.081159759
1.0501831,-0.042771573,-0.018118896,1.294826598,-0.217833325,-0.068355136,0.086664747,-0.416571195,0.017016623,-0.081793754
1.049224667,-0.042628931,-0.017622277,1.293866019,-0.217106857,-0.066481596,0.081389258,-0.410569237,0.015980781,-0.08061527
1.048249267,-0.042476795,-0.017846757,1.29288833,-0.216332033,-0.067328469,0.083773872,-0.412179027,0.016449,-0.080931352
1.0472545,-0.04226026,-0.01780538,1.291890306,-0.215229235,-0.067172368,0.083334325,-0.410636683,0.016362695,-0.080628513
1.046197433,-0.042009792,-0.017819725,1.290829471,-0.213953613,-0.067226489,0.083486716,-0.409513452,0.016392617,-0.080407966
1.045238733,-0.041721278,-0.01759744,1.28986643,-0.212484227,-0.066387899,0.081125426,-0.405682776,0.015928977,-0.079655813
1.0441357,-0.04160244,-0.017493221,1.288761609,-0.211878993,-0.065994722,0.080018325,-0.403970441,0.015711598,-0.079319596
1.043245133,-0.041377756,-0.017723291,1.287867662,-0.210734686,-0.066862682,0.082462313,-0.405270122,0.016191475,-0.079574788
1.0421662,-0.041115236,-0.017543674,1.286784779,-0.209397686,-0.066185062,0.08055428,-0.402025089,0.015816833,-0.078937626
1.041228667,-0.040895686,-0.017504333,1.285843942,-0.208279533,-0.066036643,0.080136365,-0.400489021,0.015734775,-0.078636019
1.0402226,-0.040776834,-0.017517677,1.284836087,-0.207674225,-0.066086983,0.080278112,-0.40002546,0.015762607,-0.078544999
1.039175867,-0.040633445,-0.017507094,1.283787197,-0.206943954,-0.066047058,0.080165691,-0.399182768,0.015740533,-0.078379536
1.038191967,-0.040420973,-0.017484012,1.2828001,-0.205861844,-0.065959979,0.079920496,-0.397855462,0.015692389,-0.07811892
1.037257033,-0.040191186,-0.017309756,1.28186171,-0.204691551,-0.065302584,0.078069412,-0.394834085,0.015328929,-0.077525673
1.0361977,-0.040144601,-0.017365489,1.280801676,-0.204454298,-0.065512843,0.078661456,-0.395188877,0.015445177,-0.077595336
1.035268067,-0.040015791,-0.01701205,1.279870104,-0.203798272,-0.064179463,0.074906943,-0.390778338,0.014707978,-0.076729327
1.034144733,-0.039727871,-0.017471422,1.278742439,-0.202331914,-0.065912482,0.079786755,-0.394191791,0.015666129,-0.077399558
1.0332684,-0.039688951,-0.01719106,1.27786552,-0.202133695,-0.064854794,0.076808531,-0.391015349,0.015081355,-0.076775864
1.0321272,-0.039443322,-0.016971427,1.276720625,-0.200882718,-0.064026207,0.074475406,-0.387431247,0.014623246,-0.076072125
1.031237433,-0.039255031,-0.01686703,1.275828025,-0.199923762,-0.06363236,0.073366417,-0.385363302,0.014405496,-0.075666084
1.030162333,-0.039097153,-0.017200722,1.27475055,-0.1991197,-0.064891245,0.076911169,-0.388103991,0.015101508,-0.076204219
1.0292302,-0.038910774,-0.017256931,1.273815613,-0.198170481,-0.065103297,0.077508262,-0.387751866,0.015218747,-0.076135079
1.0281965,-0.038702333,-0.016947653,1.272778777,-0.197108901,-0.06393652,0.074222866,-0.38340489,0.01457366,-0.07528155
1.027236767,-0.038693554,-0.016742912,1.271818911,-0.19706419,-0.063164114,0.072047936,-0.381185248,0.014146612,-0.074845724
1.0261958,-0.038449516,-0.016856086,1.270774273,-0.195821317,-0.063591073,0.073250161,-0.381144601,0.014382669,-0.074837742
1.025215233,-0.03832175,-0.016770915,1.269791784,-0.195170614,-0.06326976,0.072345413,-0.37958915,0.014205022,-0.07453233
1.0242452,-0.038241696,-0.016867714,1.268820546,-0.194762903,-0.063634943,0.07337369,-0.380209716,0.014406924,-0.074654178
1.0231712,-0.038122618,-0.01684544,1.267744755,-0.194156443,-0.063550911,0.073137074,-0.37936664,0.014360465,-0.07448864
1.022206833,-0.038017544,-0.01678493,1.266778807,-0.193621309,-0.063322633,0.072494292,-0.378188724,0.014234254,-0.074257356
1.0211816,-0.037861172,-0.016301111,1.265751221,-0.192824916,-0.061497381,0.06735477,-0.37225281,0.013225109,-0.073091839
1.0201857,-0.037654817,-0.016658672,1.264752217,-0.19177396,-0.062846314,0.071153078,-0.37500016,0.013970907,-0.073631281
1.0192195,-0.03753601,-0.01657457,1.263784229,-0.191168882,-0.062529031,0.070259679,-0.373501684,0.013795488,-0.073337056
1.018161633,-0.037397866,-0.016580004,1.262724284,-0.190465324,-0.062549529,0.070317396,-0.372855843,0.013806821,-0.073210245
1.017207867,-0.037313311,-0.016651293,1.261769245,-0.190034688,-0.062818476,0.071074692,-0.373182503,0.013955516,-0.073274384
1.016229133,-0.037124177,-0.016655653,1.260787667,-0.189071439,-0.062834922,0.071121001,-0.372265562,0.013964608,-0.073094343
1.0151826,-0.036985972,-0.016679428,1.259739054,-0.188367568,-0.062924617,0.071373565,-0.371814256,0.014014199,-0.073005729
1.014219633,-0.03700065,-0.016461019,1.258776308,-0.188442322,-0.06210065,0.069053449,-0.369568894,0.013558645,-0.072564852
1.0132008,-0.036791416,-0.016201508,1.257754327,-0.187376703,-0.061121622,0.066296714,-0.36574654,0.01301736,-0.071814333
1.012243067,-0.036680571,-0.016435787,1.256794926,-0.186812176,-0.062005459,0.068785411,-0.367670709,0.013506015,-0.072192144
1.011167,-0.036617844,-0.0164682,1.255717915,-0.186492712,-0.06212774,0.069129728,-0.367695562,0.013573622,-0.072197024
1.010201567,-0.036545236,-0.016189138,1.25475139,-0.186122923,-0.061074954,0.066165307,-0.364361353,0.012991558,-0.071542352
1.009237133,-0.036481857,-0.016119163,1.253786003,-0.185800139,-0.060810966,0.065421973,-0.363295235,0.012845604,-0.071333019
1.008125667,-0.03630637,-0.016363233,1.252671896,-0.184906392,-0.061731744,0.068014687,-0.364994202,0.013354684,-0.071666612
1.0071843,-0.036142212,-0.016221037,1.25172806,-0.184070345,-0.061195294,0.06650416,-0.362647628,0.013058092,-0.071205862
1.0061048,-0.036084374,-0.016079282,1.250647689,-0.183775776,-0.060660514,0.064998332,-0.360847231,0.012762422,-0.070852354
1.005277233,-0.03588255,-0.016303158,1.249817086,-0.182747901,-0.061505104,0.067376519,-0.362197543,0.013229379,-0.071117487
1.004153333,-0.035802247,-0.016272554,1.248691978,-0.182338919,-0.061389649,0.067051422,-0.361463464,0.013165547,-0.070973351
1.0031943,-0.035620822,-0.01615565,1.247730215,-0.181414933,-0.060948616,0.065809567,-0.359297622,0.012921708,-0.070548088
1.0022452,-0.03557901,-0.01584729,1.246780486,-0.181201985,-0.059785302,0.062533923,-0.35580903,0.012278536,-0.069863103
1.0012023,-0.035569294,-0.015676492,1.24573744,-0.181152503,-0.05914095,0.060719565,-0.353945191,0.011922287,-0.069497138
1.00025305,-0.035416357,-0.015879722,1.244785889,-0.180373603,-0.059907656,0.062878445,-0.355325171,0.012346183,-0.069768097
0.99914231,-0.035294795,-0.015929362,1.24367332,-0.179754493,-0.060094925,0.063405754,-0.355233369,0.01244972,-0.069750072
0.99826346,-0.035290666,-0.015691433,1.242794408,-0.179733466,-0.059197318,0.060878284,-0.352684873,0.011953451,-0.069249675
0.997190553,-0.03518411,-0.015848184,1.241719898,-0.179190782,-0.059788675,0.062543419,-0.353807324,0.0122804,-0.069470068
0.996202467,-0.03513274,-0.015953801,1.240731039,-0.178929155,-0.060187124,0.063665368,-0.354667646,0.012500695,-0.069638992
0.995157873,-0.035083854,-0.015522166,1.23968571,-0.178680185,-0.058558744,0.059080198,-0.349833505,0.011600397,-0.068689809
0.99415696,-0.034853655,-0.015711821,1.238681333,-0.177507792,-0.059274233,0.061094862,-0.350675777,0.011995976,-0.068855189
0.99320459,-0.034792075,-0.015891843,1.237728037,-0.17719417,-0.059953383,0.063007204,-0.352274497,0.012371464,-0.069169097
0.992236677,-0.034727707,-0.015670799,1.236759155,-0.176866348,-0.059119475,0.060659097,-0.349598567,0.011910414,-0.068643679
0.991147477,-0.034554089,-0.015667863,1.235667343,-0.175982119,-0.059108397,0.060627901,-0.348683143,0.011904288,-0.068463935
0.990232923,-0.034416278,-0.015707326,1.234750716,-0.175280255,-0.059257274,0.061047109,-0.348400486,0.0119866,-0.068408435
0.989164847,-0.034417836,-0.015730949,1.233682663,-0.175288191,-0.059346397,0.061298058,-0.348659372,0.012035874,-0.068459268
0.988215667,-0.034453089,-0.015634769,1.232734013,-0.175467733,-0.058983548,0.060276354,-0.347817209,0.011835262,-0.068293909
0.98712478,-0.034280059,-0.015557273,1.231640523,-0.174586499,-0.058691186,0.059453125,-0.346112747,0.011673621,-0.067959238
0.986195647,-0.034168524,-0.015781462,1.230709712,-0.174018457,-0.05953696,0.061834645,-0.347926224,0.012141232,-0.068315314
0.98514817,-0.034224695,-0.015629547,1.229663081,-0.174304533,-0.058963849,0.060220885,-0.34659854,0.011824371,-0.068054623
0.984161433,-0.03409448,-0.01563714,1.228674385,-0.173641356,-0.058992493,0.06030154,-0.34601602,0.011840207,-0.067940245
0.98317514,-0.034033994,-0.015306524,1.227687181,-0.173333301,-0.057745214,0.056789471,-0.342195895,0.011150613,-0.067190164
0.982120613,-0.033956668,-0.015555137,1.226631491,-0.172939486,-0.058683128,0.059430435,-0.344443043,0.011669166,-0.067631392
0.98118476,-0.033833307,-0.015557408,1.225693782,-0.172311213,-0.058691695,0.059454559,-0.343838895,0.011673903,-0.067512767
0.980179927,-0.033755359,-0.015244301,1.224687776,-0.171914228,-0.057510471,0.056128485,-0.340115836,0.011020828,-0.066781744
0.979165433,-0.033692981,-0.015395855,1.223672344,-0.171596542,-0.058082225,0.057738421,-0.341408085,0.011336939,-0.067035478
0.97816855,-0.033558557,-0.015418172,1.222673438,-0.170911929,-0.058166415,0.057975483,-0.340960535,0.011383486,-0.066947601
0.977188927,-0.033414737,-0.015059037,1.221691651,-0.17017946,-0.056811548,0.054160466,-0.336413049,0.010634407,-0.066054702
0.976198753,-0.03342374,-0.015250783,1.220701614,-0.170225312,-0.057534925,0.056197342,-0.338495777,0.011034348,-0.066463646
0.97516898,-0.033355273,-0.015142046,1.21967081,-0.169876613,-0.057124705,0.05504225,-0.336991986,0.010807546,-0.066168377
0.97425302,-0.033288313,-0.015307378,1.218753843,-0.169535591,-0.057748435,0.05679854,-0.338407254,0.011152393,-0.066446264
0.973182917,-0.033282843,-0.015194463,1.217683657,-0.169507729,-0.057322456,0.055599073,-0.337179925,0.010916878,-0.066205278
0.97223121,-0.033236267,-0.015212628,1.21673125,-0.16927052,-0.057390982,0.055792029,-0.337135672,0.010954765,-0.066196589
0.971170267,-0.033143099,-0.015122547,1.215668905,-0.168796022,-0.057051145,0.05483512,-0.335704265,0.010766876,-0.065915532
0.97016378,-0.033121439,-0.015000852,1.214662092,-0.168685707,-0.05659204,0.053542378,-0.334301208,0.010513046,-0.065640042
0.969208163,-0.033046906,-0.015142529,1.213705354,-0.168306117,-0.05712653,0.055047388,-0.335426628,0.010808555,-0.065861018
0.968209603,-0.032951334,-0.014939009,1.212705356,-0.167819372,-0.056358732,0.052885432,-0.332777926,0.010384055,-0.065340946
0.967181923,-0.032849984,-0.015004963,1.211676151,-0.167303203,-0.056607548,0.053586045,-0.332962371,0.01052162,-0.065377162
0.96621247,-0.032882017,-0.014925786,1.21070718,-0.167466348,-0.056308848,0.05274497,-0.33228444,0.010356475,-0.06524405
0.96515618,-0.032661372,-0.014988358,1.20964757,-0.166342613,-0.056544906,0.05340966,-0.331825395,0.010486987,-0.065153916
0.964251177,-0.032595936,-0.01499528,1.208741583,-0.166009351,-0.056571018,0.053483184,-0.331565657,0.010501423,-0.065102917
0.963119467,-0.032659998,-0.014913774,1.207610836,-0.166335613,-0.056263532,0.052617369,-0.331026105,0.01033142,-0.064996976
0.962252773,-0.032599138,-0.014881091,1.206743227,-0.16602566,-0.05614023,0.052270177,-0.330368959,0.010263249,-0.064867945
0.961128767,-0.032548829,-0.014424162,1.205618464,-0.165769436,-0.054416427,0.047416317,-0.325258875,0.009310194,-0.06386458
0.960238993,-0.032482904,-0.014958142,1.204727699,-0.165433686,-0.056430914,0.053088681,-0.330595491,0.010423963,-0.064912425
0.959132133,-0.032476338,-0.014926003,1.20362074,-0.165400243,-0.056309665,0.052747272,-0.330220637,0.010356927,-0.064838822
0.958258213,-0.03244008,-0.014699305,1.202746274,-0.165215584,-0.055454426,0.0503391,-0.327627807,0.009884082,-0.06432972
0.957177917,-0.032326896,-0.014842464,1.201664275,-0.164639144,-0.055994507,0.051859853,-0.32857212,0.010182682,-0.064515136
0.95633727,-0.032321019,-0.014634709,1.20082354,-0.164609215,-0.055210734,0.049652916,-0.326335254,0.00974935,-0.064075927
0.955670097,-0.031758591,-0.016171978,1.200147905,-0.161744798,-0.061010217,0.065983023,-0.339800943,0.012955767,-0.066719915
0.95602968,-0.031256285,-0.019134672,1.200499931,-0.159186578,-0.072187239,0.097455131,-0.368714831,0.019135315,-0.072397157
0.95474607,-0.031211836,-0.030470334,1.199215652,-0.158960204,-0.114952028,0.217871649,-0.488904976,0.042779098,-0.095996492
0.9549309,-0.029174101,-0.023348907,1.199369824,-0.148582129,-0.088085815,0.142222128,-0.40287738,0.027925315,-0.079104973
