Edisk/V,Idisk/mA,Iring/mA,E-iR vs RHE,jdisk mAcm-2,jring mAcm-2,jCER,jOER,I cer,I OER
0.960933823,0.028284123,-0.026860095,1.203186651,0.14404952,-0.101332082,0.165688214,-0.138010649,0.032532881,-0.027098391
0.96202318,0.023818006,-0.021416379,1.204346617,0.121303825,-0.080795182,0.106850733,-0.101918863,0.020980141,-0.020011769
0.963079153,0.023115048,-0.018605355,1.205413704,0.117723697,-0.070190347,0.076468261,-0.075116518,0.015014543,-0.014749128
0.96404288,0.022871414,-0.016568071,1.206381283,0.116482884,-0.062504513,0.054448622,-0.054337693,0.010690987,-0.010669206
0.9650624,0.022880851,-0.015193873,1.207400654,0.116530946,-0.057320227,0.039595829,-0.039436837,0.007774641,-0.007743423
0.966078023,0.022745973,-0.013995828,1.20841841,0.115844018,-0.052800497,0.026646963,-0.027174899,0.005232131,-0.005335791
0.967046677,0.022829962,-0.012919537,1.209385735,0.116271768,-0.048740096,0.015014061,-0.015114247,0.002948011,-0.002967682
0.968083797,0.022861645,-0.012190069,1.210422354,0.116433131,-0.045988111,0.007129722,-0.007068545,0.001399921,-0.001387909
0.969051043,0.022849633,-0.011530418,1.211389791,0.116371955,-0.043499521,0,0,0,0
0.97006774,0.022759071,-0.010858233,1.212407919,0.115910727,-0.040963642,0.007265201,-0.007726428,0.001426522,-0.001517084
0.9710657,0.022862128,-0.01035215,1.21340425,0.11643559,-0.039054402,0.012735107,-0.012671472,0.002500538,-0.002488044
0.97208319,0.022925737,-0.009943342,1.214420734,0.116759547,-0.037512136,0.017153641,-0.016766049,0.003368117,-0.003292014
0.973107197,0.022895247,-0.009596882,1.215445223,0.116604261,-0.036205085,0.020898296,-0.020665989,0.00410338,-0.004057767
0.974093557,0.022943226,-0.009231744,1.216430824,0.116848617,-0.034827568,0.024844832,-0.02436817,0.004878283,-0.00478469
0.975034953,0.022969551,-0.00890562,1.217371805,0.116982691,-0.03359724,0.02836968,-0.027758944,0.005570387,-0.005450469
0.976130527,0.02293464,-0.008814707,1.21846793,0.116804891,-0.03325426,0.029352303,-0.028919367,0.005763325,-0.005678318
0.977059227,0.023006317,-0.008480252,1.219395497,0.117169935,-0.0319925,0.032967203,-0.032169223,0.00647311,-0.006316427
0.978110193,0.02300804,-0.00818633,1.220446436,0.117178711,-0.030883655,0.036144002,-0.035337245,0.007096875,-0.006938468
0.979102133,0.022937837,-0.008011074,1.221439486,0.116821173,-0.030222483,0.038038236,-0.037589017,0.007468808,-0.007380604
0.980012817,0.023141831,-0.007873903,1.222346944,0.117860104,-0.029704993,0.039520826,-0.038032678,0.007759914,-0.007467716
0.981129407,0.023131768,-0.007601452,1.223463693,0.117808852,-0.028677151,0.042465557,-0.04102866,0.008338112,-0.008055977
0.982011537,0.023184936,-0.007485705,1.224344983,0.118079635,-0.028240483,0.043716596,-0.042008916,0.008583754,-0.008248451
0.983073473,0.023162812,-0.007220123,1.225407269,0.117966957,-0.027238552,0.046587092,-0.04499209,0.009147376,-0.008834197
0.98403436,0.02324428,-0.007038128,1.226366868,0.118381867,-0.026551959,0.048554157,-0.046544244,0.009533609,-0.009138962
0.98505207,0.023392584,-0.006949243,1.227382233,0.119137175,-0.026216634,0.04951485,-0.04674963,0.009722241,-0.00917929
0.986067633,0.023414622,-0.006808265,1.228397448,0.11924941,-0.02568478,0.051038591,-0.048161136,0.010021427,-0.009456439
0.98698507,0.023416028,-0.006730492,1.229314863,0.119256572,-0.025391378,0.05187918,-0.048994563,0.010186477,-0.009620082
0.988046687,0.023474058,-0.006567943,1.230375562,0.119552118,-0.024778146,0.053636068,-0.050455905,0.010531442,-0.009907017
0.989109317,0.023447183,-0.006502196,1.231438617,0.119415241,-0.024530107,0.054346689,-0.051303402,0.010670972,-0.010073423
0.990009447,0.0234988,-0.006425448,1.232337931,0.119678124,-0.024240572,0.055176198,-0.051870028,0.010833846,-0.01018468
0.991044123,0.023534418,-0.006270281,1.233372044,0.119859525,-0.023655188,0.056853302,-0.053365732,0.011163146,-0.010478362
0.992011287,0.023539604,-0.00622985,1.234339126,0.119885938,-0.023502661,0.057290285,-0.053776302,0.011248948,-0.010558977
0.993075073,0.02368929,-0.0061865,1.235400546,0.120648281,-0.023339118,0.057758832,-0.053482505,0.011340947,-0.01050129
0.994084737,0.023715214,-0.006130388,1.236409799,0.120780312,-0.023127429,0.058365311,-0.053956954,0.011460029,-0.010594448
0.99502637,0.023430054,-0.005846043,1.237355941,0.119328006,-0.022054712,0.061438608,-0.058482556,0.012063471,-0.01148305
0.99613118,0.023991982,-0.006241611,1.238451867,0.122189874,-0.023547029,0.057163172,-0.051345253,0.011223989,-0.01008164
0.99725185,0.023905154,-0.005996349,1.23957391,0.121747663,-0.022621757,0.059814043,-0.054438334,0.011744487,-0.010688967
0.99825555,0.023933583,-0.005780216,1.24057716,0.121892454,-0.021806374,0.062150088,-0.056629588,0.01220317,-0.01111922
0.9992764,0.024100701,-0.005715476,1.241595368,0.122743574,-0.021562139,0.06284981,-0.056478192,0.01234056,-0.011089493
1.000259863,0.023993306,-0.005582385,1.242580529,0.12219662,-0.021060039,0.06428831,-0.058463645,0.01262301,-0.011479337
1.001276967,0.024049779,-0.005645363,1.24359674,0.122484234,-0.02129763,0.063607619,-0.05749534,0.012489356,-0.01128921
1.002291433,0.024045454,-0.005611939,1.244611275,0.122462207,-0.021171536,0.063968875,-0.057878622,0.012560289,-0.011364468
1.003269267,0.024093133,-0.005556087,1.245588354,0.122705034,-0.020960828,0.064572547,-0.058239468,0.01267882,-0.01143532
1.0042255,0.024129168,-0.005508799,1.246544018,0.122888556,-0.020782432,0.065083645,-0.058567044,0.012779174,-0.011499639
1.005287467,0.024245194,-0.005500983,1.24760415,0.123479472,-0.020752946,0.06516812,-0.058060603,0.01279576,-0.011400199
1.006262133,0.024296839,-0.005455263,1.248578,0.123742494,-0.020580461,0.065662283,-0.058291744,0.012892789,-0.011445584
1.0072473,0.024386955,-0.005248902,1.249561742,0.12420145,-0.019801945,0.067892705,-0.06006321,0.013330733,-0.011793411
1.0082811,0.024392018,-0.005212075,1.250595462,0.124227235,-0.019663012,0.068290743,-0.060435462,0.013408887,-0.011866503
1.009227533,0.024445094,-0.005214366,1.251541056,0.124497549,-0.019671656,0.068265977,-0.060140383,0.013404025,-0.011808564
1.010275,0.02461345,-0.005305545,1.252585861,0.125354977,-0.020015638,0.067280481,-0.058297459,0.013210522,-0.011446706
1.011217367,0.024568575,-0.005034049,1.253528938,0.125126431,-0.018991394,0.070214904,-0.061460428,0.013786696,-0.012067755
1.012246067,0.024829012,-0.005126492,1.25455352,0.126452824,-0.019340143,0.069215751,-0.059134882,0.013590513,-0.011611134
1.0132932,0.024738815,-0.00513486,1.255602079,0.125993454,-0.019371715,0.069125299,-0.0595038,0.013572752,-0.011683571
1.014250733,0.024759609,-0.0049655,1.256559284,0.126099357,-0.018732787,0.070955802,-0.0612284,0.013932172,-0.012022196
1.015267467,0.024787079,-0.005119015,1.257575583,0.126239262,-0.019311936,0.069296562,-0.059429256,0.01360638,-0.011668934
1.016247767,0.024862628,-0.005036338,1.258554689,0.126624029,-0.019000028,0.070190166,-0.059938093,0.013781839,-0.011768845
1.017223767,0.024886506,-0.004909567,1.259530311,0.126745636,-0.018521777,0.07156034,-0.061186659,0.014050873,-0.012014
1.018316933,0.025072622,-0.005052653,1.260620535,0.127693518,-0.019061578,0.070013829,-0.058692265,0.013747215,-0.011524226
1.019173767,0.025065696,-0.004985919,1.261477478,0.127658241,-0.018809822,0.070735102,-0.059448815,0.013888837,-0.011672775
1.0203054,0.025227228,-0.005044747,1.262606558,0.128480915,-0.019031753,0.070099276,-0.057990316,0.013763993,-0.011386398
1.021193367,0.025184204,-0.00497328,1.263495204,0.1282618,-0.018762139,0.07087171,-0.058981866,0.01391566,-0.011581089
1.022242267,0.025282703,-0.004946422,1.264542547,0.12876345,-0.018660816,0.071161998,-0.058770503,0.013972658,-0.011539588
1.0232819,0.025472388,-0.004886371,1.265579182,0.129729505,-0.018434268,0.07181105,-0.0584535,0.0141001,-0.011477345
1.024208133,0.025506913,-0.004715484,1.266504869,0.129905339,-0.017789579,0.073658059,-0.060124675,0.01446276,-0.01180548
1.025291333,0.025841412,-0.004821429,1.267582781,0.131608925,-0.018189266,0.072512972,-0.057276002,0.014237922,-0.011246143
1.0262504,0.025667829,-0.00478529,1.268544592,0.130724876,-0.018052928,0.072903576,-0.058550656,0.014314617,-0.011496421
1.027271667,0.025655232,-0.004672344,1.269566057,0.130660718,-0.017626832,0.074124326,-0.059835563,0.014554311,-0.011748713
1.028314133,0.025745053,-0.004666076,1.270607104,0.131118173,-0.017603184,0.074192075,-0.059445857,0.014567614,-0.011672194
1.0292634,0.025792903,-0.004690221,1.271555614,0.131361869,-0.017694274,0.073931105,-0.058941191,0.014516373,-0.011573103
1.0302465,0.025839251,-0.004761311,1.272537981,0.131597917,-0.017962466,0.073162744,-0.057936782,0.014365505,-0.011375887
1.031288967,0.0260139,-0.004674521,1.273577687,0.132487397,-0.017635042,0.074100803,-0.057985361,0.014549693,-0.011385426
1.032267933,0.026038289,-0.004728652,1.274556268,0.132611605,-0.017839256,0.073515738,-0.057276087,0.014434815,-0.01124616
1.033272967,0.026168843,-0.004619215,1.275559237,0.133276513,-0.017426398,0.074698561,-0.057794003,0.014667062,-0.011347852
1.034300933,0.02620885,-0.004590064,1.276586571,0.133480263,-0.017316423,0.075013637,-0.057905328,0.014728928,-0.011369711
1.035272,0.026271703,-0.004617025,1.277556644,0.133800373,-0.017418134,0.074722237,-0.057293819,0.014671711,-0.011249641
1.0362598,0.026536744,-0.004606296,1.278540254,0.13515021,-0.017377657,0.074838201,-0.056059946,0.014694481,-0.01100737
1.037324467,0.026529895,-0.004558162,1.279605029,0.13511533,-0.017196069,0.075358445,-0.05661507,0.014796631,-0.011116369
1.038264867,0.026641941,-0.004554487,1.280543658,0.135685976,-0.017182205,0.075398167,-0.056084146,0.01480443,-0.011012122
1.039334167,0.026706058,-0.004576669,1.281611944,0.136012518,-0.017265888,0.075158416,-0.055517853,0.014757355,-0.01090093
1.0402779,0.026714878,-0.004583548,1.282555538,0.136057438,-0.017291838,0.07508407,-0.055398586,0.014742757,-0.010877512
1.0413148,0.026760191,-0.004375222,1.283591721,0.136288217,-0.016505911,0.077335724,-0.057419462,0.015184869,-0.011274311
1.042256367,0.026880317,-0.004451962,1.284531389,0.13690001,-0.016795422,0.076506286,-0.05597823,0.015022009,-0.010991326
1.043284767,0.026953238,-0.004522059,1.285558636,0.137271393,-0.017059867,0.075748659,-0.054849221,0.014873249,-0.010769645
1.044295433,0.027154126,-0.004394447,1.286566127,0.138294503,-0.016578439,0.077127933,-0.055205385,0.01514407,-0.010839577
1.045294,0.027257718,-0.004403101,1.287563055,0.138822095,-0.016611088,0.077034395,-0.054584255,0.015125703,-0.010717618
1.046274133,0.027366551,-0.003425623,1.288541468,0.139376376,-0.012923466,0.087599301,-0.06459488,0.017200123,-0.012683205
1.047271967,0.027384122,-0.004495889,1.289539024,0.13946586,-0.016961139,0.076031511,-0.052937605,0.014928787,-0.010394299
1.048298167,0.027471138,-0.004421164,1.290563848,0.139909028,-0.016679233,0.076839161,-0.053302088,0.015087369,-0.010465865
1.049263267,0.027697702,-0.004476958,1.291525366,0.14106291,-0.016889718,0.07623613,-0.051545175,0.014968964,-0.010120895
1.0503129,0.027844898,-0.004442188,1.292572672,0.141812569,-0.016758545,0.076611935,-0.051171321,0.015042753,-0.010047489
1.051227767,0.027832787,-0.004442357,1.29348773,0.141750887,-0.016759184,0.076610105,-0.051231173,0.015042394,-0.010059241
1.052347333,0.027963125,-0.004462825,1.294605236,0.142414693,-0.016836403,0.076388876,-0.050346137,0.014998956,-0.009885464
1.0532467,0.028001532,-0.004365269,1.295503996,0.142610298,-0.016468361,0.077443302,-0.051204958,0.015205992,-0.010054094
1.054220933,0.028143063,-0.004412066,1.296475992,0.143331106,-0.016644908,0.076937502,-0.049978351,0.015106678,-0.009813249
1.055317867,0.028159885,-0.004376927,1.297572659,0.14341678,-0.016512343,0.077317295,-0.05027247,0.015181251,-0.009871
1.056192933,0.028298328,-0.004432564,1.298445537,0.144121866,-0.016722238,0.076715955,-0.048966044,0.015063178,-0.009614483
1.0572929,0.02854147,-0.00437191,1.299541659,0.145360173,-0.016493417,0.077371518,-0.048383299,0.015191897,-0.009500061
1.058261933,0.028625929,-0.004290449,1.300509357,0.145790317,-0.016186097,0.07825198,-0.048833618,0.015364776,-0.009588481
1.059205833,0.028710378,-0.004251941,1.301451922,0.146220414,-0.016040823,0.078668183,-0.048819723,0.015446498,-0.009585753
1.0602989,0.028814628,-0.004308146,1.302543341,0.146751354,-0.016252861,0.078060703,-0.047681304,0.015327219,-0.009362224
1.061226467,0.029053411,-0.004278637,1.303467132,0.147967461,-0.016141537,0.078379641,-0.046784135,0.015389842,-0.009186065
1.062291233,0.029173198,-0.004253975,1.304530005,0.148577532,-0.016048495,0.078646202,-0.046440626,0.015442182,-0.009118617
1.063274733,0.029412207,-0.004213679,1.305509726,0.14979479,-0.015896477,0.079081731,-0.045658895,0.015527698,-0.008965124
1.064234967,0.02937905,-0.004264857,1.306470484,0.149625925,-0.01608955,0.078528583,-0.045274613,0.015419087,-0.00888967
1.065270433,0.029591851,-0.004218132,1.307502586,0.150709705,-0.015913277,0.079033598,-0.044695848,0.015518247,-0.00877603
1.066254833,0.029667014,-0.004306306,1.308485798,0.151092507,-0.01624592,0.078080588,-0.043360036,0.015331123,-0.008513743
1.067308,0.029773987,-0.004208466,1.309537273,0.151637316,-0.015876809,0.079138078,-0.043872717,0.015538762,-0.008614408
1.068250467,0.029962142,-0.004317914,1.310476765,0.152595579,-0.016289712,0.077955125,-0.041731501,0.015306489,-0.00819398
1.0692594,0.030139929,-0.004281993,1.311482888,0.153501037,-0.016154199,0.078343367,-0.041214284,0.01538272,-0.008092425
1.070246833,0.030335437,-0.004287473,1.31246723,0.154496751,-0.016174872,0.078284138,-0.040159342,0.015371091,-0.007885287
1.071265967,0.030503372,-0.004299752,1.313483708,0.155352036,-0.016221195,0.078151425,-0.039171343,0.015345032,-0.007691293
1.0722643,0.030594956,-0.004244291,1.314480594,0.155818465,-0.016011962,0.078750868,-0.039304358,0.015462733,-0.007717411
1.073331467,0.030800171,-0.004235928,1.315544516,0.156863616,-0.015980414,0.078841252,-0.038349591,0.01548048,-0.007529942
1.0742634,0.031015727,-0.00423412,1.316473041,0.157961429,-0.015973593,0.078860796,-0.037271322,0.015484317,-0.007318224
1.075254967,0.031168859,-0.004199021,1.317462187,0.158741322,-0.015841177,0.079240163,-0.036870795,0.015558806,-0.007239581
1.0762685,0.031422555,-0.004174698,1.318471709,0.160033384,-0.015749416,0.079503055,-0.035841626,0.015610425,-0.007037503
1.077290833,0.031579236,-0.004238458,1.319491566,0.160831354,-0.015989959,0.078813907,-0.034354508,0.015475111,-0.006745508
1.0782923,0.031743617,-0.004173444,1.320490433,0.161668536,-0.015744684,0.07951661,-0.034220029,0.015613086,-0.006719103
1.079261933,0.031903557,-0.004174378,1.321457538,0.162483103,-0.01574821,0.079506508,-0.03339536,0.015611103,-0.006557179
1.0802419,0.03209288,-0.004170563,1.322434512,0.163447315,-0.015733819,0.07954774,-0.032472379,0.015619199,-0.006375952
1.0812583,0.032302408,-0.004188566,1.323447599,0.164514427,-0.015801736,0.079353161,-0.031210689,0.015580993,-0.006128219
1.082242467,0.032587028,-0.00414891,1.324427266,0.165963983,-0.01565213,0.079781775,-0.030189747,0.015665152,-0.005927757
1.083269433,0.032770112,-0.004128855,1.325451338,0.16689642,-0.015576472,0.079998533,-0.029474068,0.015707712,-0.005787233
1.084305167,0.033095079,-0.00421358,1.326481933,0.168551461,-0.015896105,0.079082797,-0.026903291,0.015527907,-0.005282461
1.085267833,0.033219896,-0.004295127,1.327442627,0.169187147,-0.016203747,0.078201414,-0.025386221,0.015354848,-0.004984585
1.086236333,0.033415682,-0.004158953,1.328408031,0.170184275,-0.015690017,0.079673231,-0.025860911,0.015643839,-0.00507779
1.0872926,0.033838068,-0.004151443,1.32945762,0.172335464,-0.015661685,0.079754402,-0.023790893,0.015659777,-0.004671342
1.088211867,0.033986819,-0.004154303,1.330374535,0.173093045,-0.015672476,0.079723484,-0.023002394,0.015653706,-0.00451652
1.089252933,0.034296219,-0.004159698,1.33141071,0.174668799,-0.015692829,0.079665175,-0.021368331,0.015642257,-0.004195672
1.090300133,0.034489589,-0.004150927,1.332454853,0.175653625,-0.015659739,0.079759977,-0.020478307,0.015660871,-0.004020915
1.0912255,0.034699212,-0.004232294,1.333376905,0.176721221,-0.015966703,0.078880534,-0.018531268,0.015488193,-0.003638614
1.0923554,0.034957165,-0.004266231,1.334502727,0.178034965,-0.016094732,0.078513736,-0.016850726,0.015416172,-0.00330864
1.0932215,0.035186342,-0.004206081,1.335365204,0.179202148,-0.015867812,0.079163855,-0.016333662,0.015543823,-0.003207115
1.0943298,0.03540951,-0.004186552,1.336469976,0.180338734,-0.015794137,0.07937493,-0.015408152,0.015585268,-0.003025391
1.095293,0.035837537,-0.004261202,1.337426409,0.182518652,-0.016075761,0.078568086,-0.012421389,0.015426844,-0.00243894
1.096236933,0.0360456,-0.004128199,1.338367052,0.183578302,-0.015573995,0.080005629,-0.012799281,0.015709105,-0.002513139
1.097318033,0.036363635,-0.004154325,1.339443124,0.185198041,-0.015672557,0.079723253,-0.010897167,0.015653661,-0.002139659
1.0982117,0.036609364,-0.004223633,1.340332906,0.186449524,-0.015934028,0.078974149,-0.00889658,0.015506574,-0.001746843
1.099299433,0.036886999,-0.004243044,1.34141625,0.187863502,-0.016007258,0.078764346,-0.007272799,0.015465379,-0.001428014
1.100273067,0.037329235,-0.004175721,1.342382891,0.19011579,-0.015753276,0.079491995,-0.00574816,0.015608253,-0.001128651
1.101284867,0.037603234,-0.004100132,1.34339036,0.191511252,-0.015468111,0.080308983,-0.005169686,0.015768669,-0.001015068
1.102274633,0.0378936,-0.0041969,1.344375536,0.192990067,-0.015833177,0.079263082,-0.00264497,0.015563306,-0.00051934
1.103249433,0.038172924,-0.004166137,1.345345919,0.194412651,-0.015717121,0.079595579,-0.001554883,0.015628592,-0.000305301
1.104291367,0.038386814,-0.004219011,1.346384471,0.195501983,-0.015916592,0.079024102,0.000105926,0.015516382,2.08E-05
1.105247967,0.038713947,-0.00425557,1.347335899,0.197168052,-0.016054515,0.078628958,0.002167139,0.015438796,0.000425518
1.106268667,0.038976267,-0.004306448,1.348352452,0.198504035,-0.016246457,0.078079049,0.004053032,0.015330821,0.000795813
1.107282133,0.039292128,-0.004285263,1.349360925,0.200112697,-0.016166533,0.07830803,0.005432712,0.015375782,0.001066713
1.1083143,0.039745376,-0.004241641,1.350385926,0.202421063,-0.016001965,0.078779512,0.007269596,0.015468357,0.001427385
1.1092682,0.039987296,-0.004239602,1.351336001,0.20365315,-0.015994272,0.078801551,0.008479645,0.015472684,0.001664978
1.110250533,0.040312047,-0.004277682,1.3523132,0.205307089,-0.016137932,0.078389971,0.010545163,0.015391871,0.002070543
1.111278433,0.040570223,-0.004413544,1.353337018,0.206621968,-0.016650486,0.076921521,0.013328491,0.015103541,0.002617049
1.1122,0.04091643,-0.004311756,1.354253111,0.208385181,-0.016266482,0.078021678,0.013991548,0.015319557,0.00274724
1.1132596,0.041372803,-0.004380178,1.355305496,0.210709464,-0.016524608,0.077282157,0.017055353,0.015174351,0.003348819
1.114241,0.041696855,-0.004384038,1.356281773,0.212359842,-0.01653917,0.077240436,0.018747451,0.01516616,0.003681062
1.115254167,0.041970726,-0.004332986,1.357290609,0.213754652,-0.016346572,0.077792225,0.019590473,0.015274503,0.003846589
1.116263433,0.042325146,-0.004399983,1.358294273,0.215559696,-0.016599324,0.0770681,0.022119642,0.015132321,0.004343192
1.117253667,0.04251558,-0.004369463,1.359281495,0.216529563,-0.016484184,0.07739797,0.022759638,0.015197091,0.004468855
1.118268433,0.042843497,-0.004413459,1.360291078,0.218199628,-0.016650164,0.076922443,0.02490523,0.015103722,0.004890142
1.119284133,0.043150812,-0.00444551,1.361301919,0.219764769,-0.016771079,0.076576025,0.026816789,0.015035703,0.005265476
1.1202454,0.043500738,-0.004474177,1.362257653,0.22154692,-0.016879227,0.076266186,0.028908778,0.014974866,0.005676239
1.121228133,0.04386602,-0.004365422,1.363234612,0.223407281,-0.016468941,0.077441642,0.029593684,0.015205666,0.00581072
1.1222484,0.044222165,-0.004480276,1.364249248,0.225221109,-0.016902238,0.076200261,0.032648893,0.014961921,0.00641061
1.123267533,0.044469808,-0.004561429,1.365264466,0.226482344,-0.017208393,0.075323137,0.034787253,0.014789698,0.006830477
1.124282567,0.044797548,-0.004599975,1.366274317,0.228151507,-0.017353813,0.074906514,0.036873038,0.014707894,0.007240021
1.1251776,0.045232024,-0.004535013,1.367162482,0.230364268,-0.017108736,0.075608651,0.038383662,0.014845759,0.007536632
1.126291133,0.045614382,-0.004643922,1.36826997,0.232311595,-0.017519607,0.074431522,0.041508118,0.014614629,0.008150119
1.127274667,0.046038732,-0.004664953,1.369246794,0.234472788,-0.017598946,0.074204216,0.043896617,0.014569998,0.008619101
1.128248833,0.046174829,-0.004700172,1.370218809,0.235165923,-0.017731814,0.073823555,0.044970413,0.014495255,0.008829941
1.1293455,0.04653703,-0.004673836,1.37130975,0.237010595,-0.01763246,0.074108201,0.04653044,0.014551145,0.009136252
1.130280533,0.046798293,-0.004631909,1.372240652,0.23834119,-0.017474285,0.074561365,0.04740787,0.014640124,0.009308535
1.131344967,0.047085544,-0.004799467,1.373300544,0.239804144,-0.018106413,0.072750342,0.050681847,0.01428453,0.009951381
1.132285333,0.047367925,-0.004748603,1.374236446,0.241242299,-0.017914524,0.073300099,0.051570245,0.014392474,0.010125818
1.133251467,0.047765303,-0.004926378,1.375196297,0.243266123,-0.018585198,0.071378642,0.055515527,0.014015196,0.010900474
1.1343524,0.048126273,-0.004898464,1.376291524,0.245104523,-0.01847989,0.071680344,0.057052224,0.014074436,0.011202204
1.135230433,0.048530372,-0.004951338,1.377163168,0.247162579,-0.018679358,0.071108875,0.059681749,0.013962228,0.011718511
1.1362931,0.048814505,-0.004933459,1.378221343,0.248609653,-0.018611909,0.071302115,0.060935583,0.01400017,0.011964702
1.137304833,0.049182718,-0.00506223,1.379227255,0.25048494,-0.019097709,0.069910314,0.064202671,0.01372689,0.012606194
1.138336067,0.049648706,-0.005127141,1.380251121,0.25285819,-0.019342594,0.069208728,0.067277507,0.013589134,0.013209939
1.139306733,0.049964305,-0.005108489,1.381216798,0.254465521,-0.019272225,0.069410333,0.068683233,0.013628719,0.013485953
1.140267567,0.050431132,-0.005231588,1.38217025,0.256843047,-0.019736629,0.068079832,0.07239126,0.013367475,0.014214024
1.141321667,0.050737215,-0.005319682,1.383219511,0.258401908,-0.020068971,0.067127683,0.07490227,0.013180521,0.014707061
1.142321833,0.051091129,-0.005317373,1.384214083,0.260204377,-0.020060258,0.067152646,0.076679776,0.013185422,0.015056074
1.143314133,0.05141024,-0.005490663,1.385201337,0.261829592,-0.020714012,0.065279664,0.080177973,0.012817662,0.015742945
1.144257333,0.051820447,-0.005531875,1.386138052,0.263918752,-0.020869488,0.064834231,0.082712567,0.012730201,0.016240613
1.145273667,0.052185134,-0.005652752,1.38714862,0.265776085,-0.021325508,0.063527752,0.085876379,0.012473674,0.016861827
1.146283333,0.052709766,-0.005782121,1.388149992,0.268448006,-0.021813561,0.062129496,0.089946555,0.012199127,0.017661006
1.1472746,0.053117899,-0.005882408,1.389134806,0.270526604,-0.022191905,0.061045554,0.093109095,0.011986294,0.018281971
1.148267,0.053612328,-0.005966178,1.390119389,0.273044704,-0.022507934,0.060140143,0.096532607,0.011808517,0.018954177
1.149244867,0.053986899,-0.005954377,1.391091334,0.274952378,-0.022463414,0.060267691,0.098312732,0.011833561,0.019303705
1.150277667,0.05445876,-0.006192671,1.392116674,0.277355537,-0.023362399,0.057692132,0.10329145,0.01132785,0.020281276
1.151273933,0.055114469,-0.006347544,1.393102574,0.280695029,-0.023946671,0.056018213,0.108304861,0.010999176,0.02126566
1.152272233,0.05555181,-0.006399792,1.394093959,0.282922382,-0.024143781,0.0554535,0.111096927,0.010888295,0.021813882
1.153300233,0.056161474,-0.006521551,1.39511232,0.286027371,-0.024603127,0.054137489,0.115517927,0.010629896,0.022681945
1.1542522,0.056607351,-0.006819166,1.396057238,0.288298195,-0.025725906,0.050920768,0.121005473,0.009998293,0.023759425
1.1552713,0.057120179,-0.00687305,1.39706823,0.290910004,-0.02592919,0.050338366,0.124199683,0.009883938,0.024386608
1.156260767,0.057645085,-0.006982002,1.398049398,0.293583321,-0.026340221,0.049160779,0.128050587,0.009652719,0.025142733
1.1572592,0.058145688,-0.007268964,1.399039917,0.296132865,-0.02742281,0.046059198,0.133701712,0.009043724,0.026252331
1.1582791,0.058754574,-0.007396791,1.40005019,0.29923389,-0.027905048,0.044677605,0.138184331,0.008772448,0.027132493
1.159239533,0.05953882,-0.007654739,1.400998225,0.303228011,-0.02887818,0.041889616,0.14496644,0.008225026,0.028464161
1.1602446,0.060113968,-0.007876486,1.401994198,0.306157207,-0.029714739,0.039492906,0.150292347,0.007754432,0.029509902
1.161291567,0.06085649,-0.008133382,1.403029426,0.309938834,-0.030683904,0.036716283,0.156850596,0.007209242,0.030797615
1.162293033,0.06151986,-0.008356073,1.404020404,0.313317341,-0.031524023,0.034309371,0.162636015,0.006736645,0.031933582
1.1633088,0.061959772,-0.008654848,1.405029216,0.31555779,-0.03265118,0.031080107,0.168105728,0.006102579,0.03300756
1.1643379,0.063251838,-0.009085754,1.406037888,0.322138212,-0.034276812,0.026422731,0.179343527,0.005188103,0.035214101
1.165352233,0.064227564,-0.009517234,1.407036796,0.327107531,-0.035904605,0.021759161,0.188976415,0.004272411,0.037105519
1.166455167,0.065101785,-0.009803267,1.408125907,0.331559893,-0.03698369,0.018667622,0.196520316,0.003665388,0.038586764
1.167337833,0.066020009,-0.010168177,1.408994057,0.33623636,-0.038360347,0.014723548,0.205140858,0.002890969,0.040279407
1.168429867,0.066840842,-0.010487088,1.410073113,0.340416819,-0.039563465,0.011276657,0.212768206,0.002214172,0.041777037
1.169331267,0.067775684,-0.010877907,1.410959733,0.345177919,-0.041037864,0.007052557,0.221753407,0.00138477,0.043541281
1.170355067,0.068770632,-0.011371984,1.411967803,0.350245135,-0.042901816,0.001712403,0.232160778,0.00033623,0.045584769
1.171391167,0.069866637,-0.011789073,1.412986575,0.35582703,-0.044475319,0.002795626,0.236659449,0.000548921,0.046468083
1.172367933,0.07107839,-0.012183799,1.413944184,0.361998421,-0.045964457,0.007061956,0.238564511,0.001386615,0.046842142
1.173391733,0.072168134,-0.01269498,1.414950755,0.367548429,-0.047892933,0.012586968,0.238589506,0.002471451,0.04684705
1.174387867,0.0734804,-0.01326184,1.415926142,0.374231729,-0.050031465,0.018713785,0.239145989,0.003674452,0.046956315
1.175371133,0.074745916,-0.013929655,1.4168894,0.380676932,-0.052550854,0.025931747,0.238373231,0.005091698,0.046804584
1.1763763,0.0761349,-0.014489169,1.417872607,0.387750955,-0.054661671,0.031979159,0.239399841,0.006279108,0.047006159
1.177344033,0.07765837,-0.015156257,1.418816255,0.395509906,-0.057178319,0.039189266,0.239948684,0.007694812,0.047113924
1.1783837,0.079177467,-0.015759829,1.419831904,0.403246583,-0.059455346,0.045712868,0.24116176,0.008975722,0.047352112
1.179330333,0.080769787,-0.016446653,1.420753363,0.411356187,-0.062046452,0.053136293,0.241847939,0.010433311,0.047486843
1.180382,0.082517935,-0.017133315,1.421777391,0.420259408,-0.064636944,0.060557959,0.243329494,0.011890555,0.047777746
1.1813741,0.084224087,-0.018106643,1.422742517,0.428948751,-0.068308911,0.071078013,0.241498783,0.013956168,0.047418286
1.1824017,0.086106621,-0.018820132,1.423740354,0.438536394,-0.071000611,0.078789638,0.243374801,0.015470345,0.047786642
1.183350867,0.088059991,-0.01965621,1.424658638,0.448484804,-0.074154788,0.087826242,0.244286608,0.017244683,0.047965675
1.184376767,0.090198616,-0.02047131,1.425650727,0.459376707,-0.077229827,0.096636119,0.246368633,0.018974502,0.048374481
1.185318933,0.092521623,-0.021695628,1.426556166,0.471207653,-0.081848673,0.109868945,0.244966753,0.021572767,0.048099222
1.186369167,0.094871391,-0.022558141,1.42756925,0.483174895,-0.085102582,0.119191278,0.247611663,0.023403207,0.04861855
1.187388633,0.097272592,-0.023868868,1.428550754,0.495404083,-0.090047414,0.133358045,0.245674083,0.026184852,0.048238106
1.188357533,0.099853771,-0.025016796,1.429478845,0.508549891,-0.094378075,0.145765233,0.246412702,0.028621004,0.048383134
1.189381767,0.102871626,-0.026192037,1.430455366,0.523919664,-0.098811776,0.158467626,0.249080083,0.031115118,0.048906874
1.190456567,0.106054263,-0.027745449,1.431479849,0.540128665,-0.10467216,0.175257416,0.248499294,0.034411794,0.048792836
1.1915316,0.1097136,-0.029153724,1.432497028,0.55876547,-0.109985001,0.190478518,0.251914997,0.037400457,0.04946351
1.192594267,0.114045617,-0.029131136,1.433491205,0.580828198,-0.109899784,0.190234372,0.274221871,0.037352519,0.053843464
1.193572367,0.117516677,-0.031419072,1.434414428,0.59850612,-0.118531224,0.21496314,0.267171025,0.042208013,0.052459031
1.194557867,0.121070563,-0.033748458,1.435343741,0.616605874,-0.127319039,0.240139914,0.260094005,0.047151472,0.051069458
1.1955597,0.124857617,-0.035676655,1.436285701,0.635893133,-0.134593335,0.260980511,0.258540667,0.051243523,0.05076446
1.1965598,0.12874689,-0.037541481,1.437224312,0.655700993,-0.141628556,0.281136166,0.258192872,0.055201086,0.05069617
1.197617533,0.13305856,-0.039369848,1.438213877,0.677660097,-0.14852623,0.300897754,0.260390388,0.059081274,0.051127653
1.198572733,0.13749271,-0.040704829,1.439098974,0.700242984,-0.153562566,0.315326677,0.268544353,0.061914393,0.052728684
1.199540667,0.14218219,-0.043178422,1.439992766,0.724126254,-0.162894413,0.342062083,0.265692216,0.06716389,0.052168667
1.200572267,0.146935673,-0.045424692,1.440949214,0.748335489,-0.171368666,0.366340515,0.265623019,0.07193096,0.05215508
1.201546467,0.152040043,-0.047919221,1.441842714,0.774331771,-0.180779497,0.393302209,0.264657608,0.077224889,0.051965521
1.202561833,0.157610157,-0.050311513,1.442770017,0.802700059,-0.18980463,0.419158891,0.267169213,0.082301848,0.052458675
1.2035821,0.163075337,-0.052741729,1.443703879,0.830533928,-0.198972834,0.445425465,0.268736508,0.08745929,0.052766413
1.2045224,0.16906207,-0.055439328,1.444549529,0.861024039,-0.209149764,0.474582006,0.270070078,0.093184177,0.05302826
1.205630567,0.175162957,-0.058047342,1.44556124,0.892095527,-0.218988728,0.502770283,0.272953289,0.098718945,0.053594378
1.2065073,0.1815923,-0.060862621,1.446336326,0.924839827,-0.229609615,0.533198745,0.275269127,0.104693574,0.054049093
1.2075817,0.18824528,-0.063962008,1.447305542,0.958723097,-0.241302326,0.566697944,0.275653198,0.111271141,0.054124505
1.2085549,0.19513599,-0.066864425,1.4481698,0.993817112,-0.252251951,0.598068225,0.279376932,0.117430696,0.054855661
1.2095219,0.202552417,-0.0702605,1.449019546,1.031588575,-0.265063945,0.63477413,0.28044249,0.1246379,0.055064883
1.2105776,0.210275747,-0.07368729,1.44995314,1.07092308,-0.277991815,0.671812012,0.282739113,0.131910288,0.055515825
1.211489367,0.218235577,-0.077072062,1.450739062,1.111462066,-0.290761164,0.708395738,0.286694373,0.139093503,0.05629244
1.212562967,0.226536013,-0.080662727,1.451681432,1.153735744,-0.304307267,0.747204839,0.29015895,0.14671367,0.05697271
1.2135153,0.235177437,-0.08474469,1.452497145,1.197746049,-0.319706831,0.791324037,0.290050057,0.155376475,0.056951329
1.214512167,0.244168437,-0.088748207,1.453351864,1.243536729,-0.334810453,0.834595371,0.292569403,0.163872801,0.057446002
1.2156057,0.253716117,-0.092593792,1.454294448,1.29216255,-0.349318262,0.876159724,0.299630871,0.172033962,0.058832521
1.216515567,0.263388137,-0.09698326,1.4550514,1.341421628,-0.365877918,0.923602544,0.301447129,0.18134936,0.059189144
1.217563133,0.27351763,-0.100947295,1.45593882,1.393010593,-0.380832591,0.966447148,0.310191491,0.189761897,0.060906099
1.218574133,0.283990967,-0.10445657,1.456784236,1.446350734,-0.39407164,1.004376548,0.325602232,0.197209335,0.063931998
1.219570533,0.294825187,-0.10825479,1.457609347,1.501528835,-0.408400762,1.045428968,0.339727912,0.205269978,0.066705575
1.2205577,0.30596454,-0.1130229,1.458420401,1.558260963,-0.426388878,1.096964276,0.344924732,0.215388936,0.067725971
1.221557033,0.31751928,-0.117765673,1.459237054,1.617108633,-0.44428141,1.148225737,0.35251094,0.225454124,0.069215523
1.222555,0.3294624,-0.122801213,1.460046199,1.677934301,-0.46327843,1.202651517,0.358910829,0.236140625,0.070472141
1.2235611,0.342065187,-0.127531547,1.460853049,1.742119616,-0.48112403,1.253778523,0.371969139,0.246179413,0.07303614
1.2245767,0.354798217,-0.133630117,1.46166734,1.806968254,-0.504131424,1.319693882,0.370902417,0.259121894,0.07282669
1.225553167,0.367955727,-0.138193413,1.462435787,1.873978745,-0.521346864,1.3690155,0.388591291,0.268806193,0.0762999
1.226601333,0.381503207,-0.144557497,1.463269768,1.942975333,-0.545355931,1.437800615,0.388802763,0.282312151,0.076341423
1.227525767,0.3955324,-0.150557733,1.463972399,2.014425261,-0.567992354,1.502653155,0.395400151,0.295045947,0.07763682
1.228579933,0.410131197,-0.156450593,1.464795759,2.088776148,-0.590223689,1.566345133,0.40605906,0.307551867,0.079729696
1.2296167,0.424903363,-0.16248406,1.465598978,2.164009999,-0.612985476,1.631556834,0.41608121,0.320356184,0.081697546
1.2306261,0.440134487,-0.169413097,1.466367574,2.241581292,-0.639125879,1.706448151,0.418761186,0.335061095,0.082223759
1.2316303,0.45573402,-0.175833537,1.467125145,2.321028877,-0.663347556,1.775842388,0.428814534,0.348686653,0.084197734
1.232580567,0.47176173,-0.182151877,1.467822014,2.402657143,-0.687184052,1.844133094,0.442152094,0.362095533,0.086816564
1.233563733,0.488132943,-0.18907388,1.468546351,2.486034853,-0.713297921,1.918948393,0.450714505,0.376785517,0.088497793
1.2345818,0.504935273,-0.19541804,1.469298773,2.571608217,-0.737231826,1.98751817,0.467718092,0.390249193,0.091836447
1.235536,0.522011123,-0.202559867,1.469983004,2.658574603,-0.764174998,2.064709392,0.477493256,0.405405689,0.093755801
1.236580967,0.539775053,-0.20988036,1.470747123,2.749045344,-0.791792206,2.143831703,0.488841687,0.420941355,0.095984065
1.2375959,0.557852427,-0.21722844,1.471476253,2.841112435,-0.819513487,2.223252179,0.501488302,0.436535565,0.098467228
1.238550467,0.576185687,-0.22510083,1.472140971,2.934482743,-0.849212774,2.308339571,0.509771218,0.453242475,0.100093579
1.239568133,0.594957413,-0.232657973,1.472861857,3.030086139,-0.877722765,2.390019673,0.523694511,0.469280363,0.102827417
1.2405665,0.614321627,-0.24025255,1.473554075,3.128707037,-0.906373977,2.472104366,0.540230716,0.485397692,0.106074301
1.241508367,0.633939247,-0.248683003,1.474185787,3.228618521,-0.938178607,2.563223491,0.549023076,0.503288932,0.107800681
1.242598533,0.654116253,-0.256847813,1.474956955,3.331378932,-0.968981074,2.651471455,0.563535522,0.52061642,0.1106502
1.2435399,0.674181783,-0.263917377,1.475581086,3.433571598,-0.995651627,2.727881631,0.589318013,0.535619558,0.115712592
1.244598367,0.695234537,-0.273644557,1.476306709,3.54079214,-1.032348273,2.833016206,0.591403979,0.556262732,0.116122171
1.245559467,0.716093103,-0.28110937,1.476938035,3.647023699,-1.060509941,2.913698375,0.61695337,0.572104676,0.121138794
1.246488833,0.737678967,-0.290449907,1.477526129,3.756959341,-1.095747941,3.014653981,0.625933406,0.591927309,0.122902024
1.247566367,0.759263693,-0.298375863,1.478262408,3.866889194,-1.125649313,3.100320339,0.650196901,0.608747899,0.127666161
1.248491867,0.781620503,-0.30689436,1.478834447,3.980751227,-1.157786094,3.192391065,0.671988207,0.626825986,0.131944884
1.249571833,0.804064713,-0.316218427,1.47955957,4.095058382,-1.19296196,3.293168658,0.685517769,0.646613666,0.134601414
1.2505449,0.827106553,-0.325614347,1.480168345,4.212409235,-1.228408898,3.394722865,0.701314415,0.666553835,0.137703085
1.251451833,0.850259303,-0.334618013,1.480709234,4.330324947,-1.262376026,3.492037469,0.721915523,0.685661557,0.141748113
1.252576567,0.873699883,-0.34314844,1.481463372,4.449706561,-1.294557815,3.584237139,0.749097468,0.703764962,0.147085288
1.253571467,0.897773603,-0.353316167,1.482077666,4.572312724,-1.332916462,3.694133288,0.761807481,0.725343071,0.149580899
1.254599833,0.92197291,-0.363096527,1.482723442,4.695558492,-1.369813735,3.79984265,0.779343888,0.746099104,0.153024172
1.2555221,0.94687408,-0.3735827,1.483252021,4.822378813,-1.40937375,3.913180676,0.792826183,0.768353026,0.155671421
1.256556867,0.971647493,-0.383270353,1.48389512,4.948548476,-1.445921279,4.017888033,0.814288488,0.788912315,0.159885545
1.2575375,0.99689349,-0.393018573,1.484476614,5.077124981,-1.4826973,4.123250016,0.83750301,0.809600141,0.164443716
1.258558367,1.022232957,-0.401984827,1.485096864,5.206177523,-1.516523283,4.220160244,0.869645325,0.828628464,0.170754859
1.2596437,1.049366807,-0.413342943,1.485753211,5.344368763,-1.559372782,4.342922521,0.885074287,0.852732837,0.173784336
1.260697133,1.0771977,-0.42537908,1.486366638,5.486110008,-1.604780171,4.473013063,0.89672499,0.878276115,0.176071952
1.261722633,1.1048592,-0.43535047,1.486954809,5.626988541,-1.642398121,4.58078714,0.929829446,0.899437555,0.182572012
1.262713567,1.132924533,-0.445704233,1.48750203,5.769923776,-1.681458608,4.692694035,0.960857786,0.921410474,0.188664426
1.2637888,1.161547167,-0.455928663,1.488124739,5.915697309,-1.720031174,4.803203052,0.996122303,0.943108919,0.195588614
1.264863333,1.1902807,-0.470406613,1.488744995,6.062035651,-1.77465052,4.959685519,0.985978177,0.973834252,0.193596815
1.265882833,1.2177543,-0.480944613,1.489330138,6.201957219,-1.814406056,5.073583704,1.01200156,0.99619816,0.198706506
1.266829567,1.246018167,-0.49249965,1.489830019,6.345903574,-1.857998453,5.198474358,1.031057261,1.02072044,0.202448093
1.267817367,1.274128767,-0.502322037,1.490373391,6.489069349,-1.895054275,5.304637958,1.068059436,1.041565663,0.20971347
1.268858,1.302421367,-0.511616903,1.490966718,6.633162041,-1.930119981,5.405099947,1.111690138,1.061291375,0.218280359
1.269810467,1.3316223,-0.523861843,1.491457518,6.781880825,-1.976315099,5.537447304,1.128061566,1.087277778,0.221494888
1.270837733,1.360055267,-0.5330773,1.49203526,6.926688397,-2.011081224,5.637051005,1.173265437,1.106834965,0.230370669
1.2718036,1.3893001,-0.546341857,1.492538765,7.075630761,-2.061122936,5.780418715,1.178840091,1.134985215,0.231465252
1.272816433,1.418540567,-0.556120237,1.493089307,7.224550887,-2.098012739,5.886106677,1.222072256,1.155737046,0.239953887
1.273816767,1.448103433,-0.567984323,1.493622251,7.375112979,-2.142771054,6.014337645,1.244403379,1.180915197,0.244338603
1.274843167,1.478498533,-0.58151374,1.494168105,7.52991359,-2.193811974,6.16056805,1.252973585,1.209627537,0.246021363
1.275810867,1.5081694,-0.590967137,1.494666708,7.681025719,-2.229475749,6.262743484,1.30191028,1.229689683,0.255630084
1.276842033,1.538499633,-0.602247993,1.495218354,7.835495968,-2.272033777,6.38467071,1.334453303,1.253630094,0.262019906
1.2778355,1.5689923,-0.614470243,1.495729732,7.990793481,-2.318143295,6.516772826,1.3576487,1.279568344,0.266574322
1.278843033,1.599588867,-0.62494284,1.496253533,8.146620151,-2.357652092,6.62996411,1.400284086,1.301793453,0.27494578
1.2798615,1.630452467,-0.636434993,1.496784047,8.303806808,-2.401007256,6.7541751,1.433259752,1.326182281,0.281420552
1.280747667,1.662365733,-0.64908173,1.497165664,8.46633936,-2.448718188,6.890865208,1.459102197,1.353021384,0.286494716
1.281880133,1.693217767,-0.660865587,1.49781036,8.623467108,-2.493173828,7.018229024,1.488866129,1.378029269,0.292338864
1.2827882,1.7249673,-0.671981433,1.498216467,8.785165775,-2.535109342,7.138372767,1.530421053,1.401619493,0.300498174
1.283837867,1.757177467,-0.687645,1.498756891,8.949210424,-2.594201532,7.307669771,1.525168698,1.434860959,0.299466874
1.284833567,1.7889004,-0.69894453,1.499251051,9.110773619,-2.636830007,7.429798824,1.56460284,1.458840999,0.307209768
1.2858111,1.8208595,-0.70925969,1.499723311,9.273539598,-2.67574486,7.541288481,1.615879162,1.480731993,0.317277873
1.2868896,1.853140533,-0.72128687,1.500291448,9.437945166,-2.721118459,7.671282216,1.650290995,1.506256263,0.324034637
1.287856033,1.885923933,-0.733253797,1.500739576,9.604909261,-2.766264748,7.800624713,1.687912593,1.531652662,0.331421638
1.288824433,1.918749433,-0.74438568,1.501189005,9.772087768,-2.808260761,7.920941785,1.734774028,1.55527692,0.34062288
1.289870233,1.951003333,-0.757558703,1.501724871,9.936355148,-2.857957156,8.063320174,1.75666302,1.583232916,0.344920784
1.290799467,1.984625967,-0.77024442,1.50212253,10.10759341,-2.905815143,8.20043159,1.790789868,1.610154743,0.351621591
1.291863633,2.0173014,-0.780720217,1.502670098,10.27400764,-2.945336012,8.313657461,1.843978223,1.632386643,0.362065124
1.292813133,2.0514401,-0.795868437,1.503079865,10.4478742,-3.002484011,8.477384428,1.854117822,1.664534432,0.364056034
1.2938245,2.085230667,-0.808497153,1.503557003,10.61996774,-3.05012696,8.61387977,1.88971602,1.691335293,0.371045741
1.294840733,2.118649567,-0.819209117,1.504044884,10.79016841,-3.090538788,8.729658208,1.944138244,1.714068389,0.381731544
1.295837367,2.152963567,-0.833862783,1.504499013,10.96492777,-3.145821041,8.888039879,1.960515932,1.74516663,0.384947303
1.296828267,2.1870188,-0.845076443,1.504951499,11.13836924,-3.188125564,9.009240821,2.012756463,1.768964435,0.395204732
1.297826067,2.221311633,-0.85772286,1.50540713,11.3130208,-3.235835289,9.14592747,2.050721371,1.795802859,0.402659141
1.2988327,2.255379033,-0.87077536,1.505875157,11.48652423,-3.285076999,9.287003202,2.083149077,1.823503079,0.409026321
1.2998066,2.290109,-0.883733077,1.506299977,11.66340209,-3.33396113,9.427054485,2.119975649,1.851002148,0.416257219
1.3008382,2.324343233,-0.89539404,1.506790333,11.8377552,-3.377953144,9.553090029,2.168293215,1.875749227,0.425744373
1.301774567,2.360525833,-0.912706013,1.507154653,12.02203124,-3.443264094,9.740203556,2.165455726,1.912488968,0.425187232
1.3028425,2.394279967,-0.92293482,1.507688934,12.19393922,-3.481853171,9.850759878,2.226807392,1.934196702,0.437233631
1.303791067,2.429743033,-0.935534943,1.508076829,12.37455072,-3.52938825,9.986946173,2.271232589,1.960936881,0.445956519
1.3047727,2.465475567,-0.949585553,1.508493531,12.55653459,-3.582395418,10.13880981,2.301352827,1.990755306,0.451870628
1.305792267,2.5000741,-0.9585688,1.508966095,12.73274306,-3.616285509,10.23590371,2.3804674,2.009819693,0.467404774
1.306808033,2.535271933,-0.974026127,1.509425384,12.91200373,-3.67459964,10.4029716,2.392660181,2.042623473,0.469798827
1.307826467,2.569669333,-0.985488417,1.509899995,13.08718784,-3.717842142,10.52685982,2.443956074,2.066948925,0.479870775
1.308826433,2.605754467,-0.99930451,1.510329455,13.27096749,-3.769964575,10.67618872,2.478406818,2.096269655,0.486635179
1.3097895,2.6417024,-1.013047057,1.510724185,13.45404838,-3.821809547,10.8247227,2.512953726,2.125434303,0.493418464
1.310856667,2.6774086,-1.02598296,1.511226837,13.63589814,-3.870611386,10.96453822,2.554987968,2.152887079,0.501671887
1.311836633,2.7137182,-1.039613113,1.511632749,13.82082098,-3.922032344,11.11185742,2.592591609,2.181813204,0.509055362
1.312794733,2.750228333,-1.051695883,1.512013623,14.00676513,-3.967615661,11.24245199,2.647941187,2.207455448,0.519923252
1.313815867,2.786066633,-1.06541989,1.512468153,14.18928767,-4.019390689,11.39078559,2.682130125,2.23658075,0.52663625
1.314769,2.8227346,-1.07552998,1.512841566,14.37603565,-4.057531897,11.50005878,2.759604916,2.258036541,0.541848425
1.315816767,2.859667933,-1.09221993,1.513305417,14.56413513,-4.120496209,11.68044927,2.767313905,2.293456215,0.543362085
1.316822867,2.895378933,-1.101941527,1.513746926,14.74600934,-4.157171791,11.7855235,2.844113881,2.31408754,0.55844176
1.3177714,2.933877567,-1.119709633,1.514086796,14.94208081,-4.224203544,11.97756707,2.848141785,2.351795294,0.559232639
1.318837333,2.969893767,-1.1301426,1.514583313,15.12550938,-4.263562832,12.09033002,2.918807406,2.373936299,0.573107834
1.319812233,3.007191367,-1.142769,1.514968538,15.31546405,-4.311197042,12.22680032,2.972291776,2.400732243,0.58360949
1.320785567,3.0438993,-1.156496367,1.515361519,15.50241558,-4.362984746,12.37517024,3.010873394,2.429864676,0.591184991
1.3218951,3.081848767,-1.172088733,1.515871071,15.69569018,-4.421808327,12.54369769,3.035620538,2.462955041,0.596044093
1.322775367,3.119040933,-1.183417633,1.51616333,15.88510789,-4.464547604,12.66614418,3.102591751,2.48699741,0.60919389
1.3238787,3.1560708,-1.197009633,1.516681221,16.07369901,-4.515824625,12.81305101,3.144276046,2.515842565,0.617378602
1.324782267,3.194111433,-1.211932967,1.516983365,16.26743791,-4.572124219,12.97434732,3.176718631,2.547513097,0.623748703
1.325838167,3.231208233,-1.2208056,1.517452764,16.45636992,-4.605597012,13.07024568,3.269752288,2.566342738,0.642015862
1.326844,3.268883833,-1.2329971,1.517862947,16.64824972,-4.651590523,13.20201543,3.329862334,2.592215731,0.653818469
1.327844067,3.307417167,-1.249616233,1.518253801,16.84449792,-4.714287672,13.38164052,3.346485447,2.627485116,0.657082418
1.3288513,3.345276767,-1.2620567,1.518662474,17.03731483,-4.761220432,13.51610119,3.404841682,2.653886469,0.668540664
1.329861867,3.382756867,-1.2736439,1.519080481,17.22819896,-4.804934168,13.64133948,3.470487532,2.678477006,0.681430227
1.330924533,3.421285733,-1.286207833,1.519534006,17.42442441,-4.852332717,13.77713462,3.530917837,2.705140383,0.693295717
1.331841467,3.459712367,-1.3048825,1.519843414,17.62012919,-4.922784547,13.97897659,3.524780649,2.744772053,0.69209068
1.332895433,3.497952767,-1.315702867,1.5202928,17.81488549,-4.963605337,14.09592668,3.602586854,2.767735205,0.707367929
1.333863367,3.5372994,-1.332914767,1.520638663,18.01527578,-5.028538751,14.28195859,3.616945242,2.804262568,0.710187198
1.3348392,3.5756621,-1.3460047,1.521007982,18.21065495,-5.077921681,14.42343891,3.670844088,2.83204223,0.720770237
1.335836933,3.6132929,-1.356063233,1.521410773,18.4023066,-5.115868387,14.53215486,3.753779779,2.853388607,0.73705466
1.336817533,3.651762267,-1.3711647,1.521783172,18.59822901,-5.172840005,14.6953765,3.786480556,2.885437176,0.743475457
1.337851967,3.691098067,-1.389706233,1.522195706,18.79856413,-5.242789578,14.89577952,3.786412654,2.924786309,0.743462125
1.3387969,3.728901067,-1.397898,1.522542974,18.99109278,-5.273693741,14.98431884,3.890401981,2.942171004,0.763880429
1.3397966,3.7674753,-1.407426033,1.522932816,19.18754927,-5.309639089,15.08730097,3.983876347,2.962391546,0.782234121
1.3408846,3.807683633,-1.4243017,1.523385122,19.39232816,-5.373304033,15.26969875,4.006257448,2.99820535,0.78662865
1.341802133,3.8458469,-1.437469533,1.523699294,19.58669162,-5.422980848,15.41202105,4.058298621,3.026150332,0.796846934
1.342843667,3.885011667,-1.453067533,1.524121632,19.78615567,-5.481825681,15.58060938,4.089174337,3.059252652,0.802909381
1.343769,3.925138733,-1.4676985,1.524412557,19.99052067,-5.537022296,15.7387457,4.13540301,3.090302719,0.811986381
1.344856433,3.963033933,-1.4723318,1.524900867,20.18351889,-5.55450183,15.78882394,4.27832299,3.100135581,0.840048719
1.3458421,4.002477733,-1.492480867,1.525262927,20.38440404,-5.630515964,16.00660171,4.261430375,3.142896246,0.836731854
1.3468184,4.043166233,-1.507754833,1.525595942,20.59162838,-5.688138353,16.17168779,4.303568641,3.175310897,0.845005703
1.3478443,4.081264167,-1.517013267,1.526019514,20.78565911,-5.723066611,16.27175599,4.397531163,3.19495929,0.863455244
1.348827767,4.121411,-1.536382433,1.526368259,20.99012478,-5.796138504,16.48110435,4.392648475,3.236064839,0.862496528
1.3498,4.161224567,-1.5502657,1.52671104,21.19289313,-5.848514355,16.63115928,4.445361899,3.265528125,0.872846809
1.350837467,4.199566767,-1.558951733,1.527142316,21.3881679,-5.881283183,16.7250408,4.546755145,3.283961761,0.892755373
1.351810033,4.239506167,-1.572899767,1.527483441,21.59157712,-5.933903371,16.87579575,4.599409411,3.313562495,0.903094038
1.352813633,4.2808424,-1.591782833,1.527833515,21.80210033,-6.005141409,17.07989017,4.605838204,3.353636435,0.904356331
1.3538795,4.318870533,-1.595489533,1.528298157,21.99577557,-6.019125263,17.11995341,4.759450205,3.361502852,0.934518048
1.354789,4.3587838,-1.614802667,1.528576628,22.19905169,-6.091985765,17.32869614,4.753983602,3.402489486,0.93344468
1.355890233,4.3996682,-1.630716633,1.529031479,22.40727375,-6.15202261,17.50069955,4.790202245,3.436262356,0.940556211
1.3568069,4.43856,-1.639074533,1.529333266,22.60534759,-6.183553527,17.59103449,4.897941149,3.453999622,0.961710745
1.357804167,4.479736667,-1.655958833,1.52967953,22.81505814,-6.247251041,17.77352558,4.925160607,3.489831748,0.967055285
1.358836733,4.518926267,-1.6669597,1.530092509,23.01464867,-6.288752782,17.89242658,5.005850133,3.51317796,0.982898674
1.359815333,4.560341833,-1.682686767,1.530416329,23.22557593,-6.348084531,18.06240992,5.046794056,3.546554187,0.990938013
1.3608232,4.5987377,-1.6875877,1.530817157,23.42112401,-6.366573735,18.11538082,5.189371236,3.556955025,1.018933042
1.361851167,4.6394461,-1.706911533,1.531201524,23.62844971,-6.439474604,18.3242392,5.187838555,3.597964366,1.0186321
1.362810633,4.679626467,-1.720873033,1.531525739,23.83308616,-6.492145597,18.4751397,5.241574499,3.62759368,1.029183153
1.3638658,4.720266967,-1.7316535,1.531938379,24.04006604,-6.53281586,18.59165855,5.332035537,3.650472156,1.046945178
1.364785667,4.7603469,-1.745935533,1.532224582,24.24419099,-6.586696093,18.74602348,5.381795549,3.680781711,1.056715556
1.365855467,4.801144267,-1.7605883,1.532649376,24.45196978,-6.64197495,18.90439542,5.431202402,3.711878042,1.066416592
1.366797133,4.843431333,-1.779150333,1.532922484,24.66733554,-6.712001861,19.10502001,5.445943572,3.75127068,1.06931102
1.367835167,4.881737867,-1.787160433,1.533354891,24.86242866,-6.742220671,19.19159582,5.554460881,3.768269839,1.090618394
1.368812267,4.922263933,-1.8011017,1.533691274,25.06882574,-6.794815332,19.34227764,5.610176145,3.797856214,1.101558086
1.369832733,4.964611533,-1.817622,1.534042225,25.28449979,-6.857139623,19.5208345,5.647293337,3.832915853,1.108846047
1.370798467,5.003700567,-1.823659,1.534389961,25.48357813,-6.87991474,19.58608439,5.781121793,3.845727669,1.135123264
1.3718381,5.0451848,-1.8397994,1.534773728,25.69485511,-6.940805825,19.76053516,5.817947989,3.879981079,1.142354088
1.372831233,5.084601567,-1.8504674,1.535143683,25.89560258,-6.981051798,19.87583843,5.903392195,3.902620876,1.159131057
1.373776167,5.1266575,-1.871218067,1.535423712,26.10979119,-7.059335521,20.10011849,5.893300743,3.946658266,1.157149601
1.374824367,5.167549933,-1.8823475,1.535825402,26.31805415,-7.101322292,20.22040908,5.981273116,3.970277324,1.174422976
1.3758106,5.207513333,-1.8895048,1.536179814,26.5215856,-7.128323839,20.29776755,6.107446102,3.985466658,1.199197042
1.376853267,5.2487534,-1.9100483,1.536570475,26.73161905,-7.205826008,20.51980848,6.095438611,4.029064395,1.196839371
1.3778239,5.289450133,-1.921861233,1.536897693,26.93888532,-7.250391343,20.64748657,6.175026801,4.054133988,1.212466512
1.378816633,5.329704933,-1.927712867,1.537253998,27.14390086,-7.272467147,20.71073295,6.316795949,4.066552416,1.240302884
1.3798736,5.370616267,-1.9465548,1.537664157,27.35226008,-7.343550006,20.91438279,6.321505331,4.106539062,1.241227572
1.380810367,5.4114979,-1.957833833,1.537954585,27.56046804,-7.386101156,21.03629031,6.407805774,4.130475603,1.258172664
1.381813067,5.4538846,-1.9780498,1.538287151,27.77634123,-7.462367676,21.25479116,6.405178113,4.173378244,1.257656723
1.382813367,5.494973033,-1.986903167,1.538637843,27.98560241,-7.495767785,21.35048127,6.518749185,4.192166998,1.279956402
1.383798667,5.5344224,-1.9929776,1.538999449,28.18651592,-7.518684121,21.41613575,6.654008207,4.205058255,1.306514512
1.384852067,5.576711633,-2.013584933,1.539384256,28.40189271,-7.596427107,21.63886662,6.646654134,4.248791461,1.305070539
1.385791833,5.618299633,-2.025283167,1.539666516,28.61369816,-7.640559726,21.76530499,6.732021213,4.273617635,1.321832365
1.386843467,5.659151567,-2.038641533,1.54007228,28.82175486,-7.690955345,21.90968663,6.795696274,4.30196697,1.334334963
1.387885933,5.700062267,-2.0479403,1.540467949,29.03011086,-7.726035764,22.01019077,6.903548129,4.321700958,1.355511675
1.388846067,5.7426233,-2.0663254,1.540755192,29.24687191,-7.795395179,22.20890301,6.92159695,4.360718106,1.359055561
1.389818533,5.782297433,-2.0736415,1.541100411,29.44893014,-7.822995812,22.28797783,7.044580354,4.376244448,1.383203352
1.3908368,5.824416967,-2.0892567,1.541452768,29.66344266,-7.881905534,22.45675207,7.090318633,4.40938327,1.392184064
1.391786267,5.865822333,-2.1052312,1.541747616,29.87431797,-7.942170747,22.62940975,7.128536268,4.443284604,1.399688096
1.392829133,5.9067435,-2.1153272,1.542143519,30.08272727,-7.9802588,22.73853065,7.227824667,4.464710493,1.419183373
1.393818133,5.9487613,-2.1307106,1.542468217,30.29672167,-8.038294036,22.90479952,7.275550196,4.497357386,1.428554281
1.394798867,5.990326433,-2.142732933,1.542791806,30.50841066,-8.08364935,23.03474087,7.357297836,4.52287137,1.44460543
1.395895167,6.031269867,-2.148627,1.54324079,30.71693337,-8.105885238,23.09844589,7.502115522,4.535379851,1.473040383
1.396771067,6.073335,-2.164337567,1.54345164,30.93116883,-8.165154739,23.26825089,7.546545991,4.568721061,1.481764305
1.397864833,6.117288733,-2.185269833,1.543850498,31.15502283,-8.244123565,23.49449374,7.54415714,4.613143846,1.481295254
1.398811267,6.157374833,-2.191511133,1.544163171,31.35917919,-8.267669421,23.56195177,7.680855461,4.62638923,1.50813597
1.399859,6.198628733,-2.204541733,1.54455868,31.56928308,-8.316828511,23.7027908,7.750120327,4.654042974,1.521736126
1.400811733,6.2386527,-2.201876167,1.544878634,31.77312299,-8.306772425,23.67398048,7.982770564,4.648386066,1.567417
1.401766967,6.281947467,-2.235055333,1.545149377,31.99362092,-8.431943763,24.03259187,7.84465709,4.718799414,1.54029842
1.402810533,6.323784033,-2.2445291,1.545531508,32.2066923,-8.467684385,24.13498747,7.955332876,4.73890479,1.56202961
1.403785967,6.3653224,-2.254456867,1.54585022,32.41824497,-8.505137762,24.24229005,8.059582964,4.759973652,1.582499115
1.404796667,6.406259867,-2.2638861,1.546213698,32.62673729,-8.540710378,24.34420432,8.166161013,4.779984518,1.603425715
1.405791833,6.4479645,-2.275464767,1.546549515,32.83913675,-8.584391922,24.46935038,8.253414415,4.804556946,1.62055792
1.406796733,6.490584033,-2.2938094,1.5468806,33.05619574,-8.653598672,24.66762523,8.272198551,4.843488215,1.624246185
1.407854033,6.532515533,-2.305340667,1.547274963,33.26975062,-8.697101395,24.79225897,8.361119688,4.867960049,1.641705851
1.408802167,6.574346533,-2.319200767,1.547561748,33.48279365,-8.749389847,24.94206351,8.424358183,4.897374171,1.654122729
1.409805133,6.616495267,-2.332194233,1.547898343,33.69745488,-8.798408848,25.08250119,8.498581737,4.924949109,1.668696524
1.410781467,6.658514167,-2.343141333,1.548210358,33.91145488,-8.83970775,25.20082107,8.594261864,4.948181216,1.687483317
1.411807667,6.699008467,-2.349442833,1.548596343,34.11769018,-8.863480716,25.26892976,8.732388464,4.961554358,1.714604475
1.4127955,6.7426141,-2.370497767,1.548894771,34.33977133,-8.942912312,25.49649844,8.726900936,5.006237468,1.713526999
1.4137922,6.783986733,-2.383360167,1.54923737,34.55047993,-8.991436853,25.6355195,8.798588466,5.033534255,1.727602845
1.4147935,6.8260083,-2.392606967,1.549574309,34.76449351,-9.026321223,25.73546197,8.912659578,5.053157958,1.750000708
1.415762067,6.8681207,-2.405504867,1.549877078,34.9789697,-9.074979691,25.87486674,8.987731004,5.080530084,1.764740983
1.416872233,6.909571033,-2.413258933,1.550331915,35.19007402,-9.104232593,25.95867525,9.115026811,5.096985886,1.789735514
1.4178135,6.9522637,-2.4287706,1.550598211,35.40750547,-9.162751726,26.12633047,9.16480305,5.129904988,1.799509079
1.418851467,6.993979933,-2.442574733,1.550976644,35.61996401,-9.214829039,26.2755301,9.228061952,5.159200336,1.811929964
1.419832767,7.034020433,-2.4476363,1.551324904,35.82388812,-9.233924246,26.33023719,9.377278982,5.169942072,1.841228728
1.420848233,7.077065,-2.4592347,1.551659836,36.04311179,-9.277680235,26.45559653,9.471143308,5.194556378,1.859658989
1.4218617,7.120020867,-2.477357533,1.55199417,36.26188371,-9.346050226,26.6514741,9.494037659,5.233016939,1.864154294
1.422864233,7.161488367,-2.4875064,1.552341102,36.47307546,-9.384337722,26.7611664,9.595537105,5.254555023,1.884083711
1.423841967,7.203778733,-2.500103933,1.552650225,36.68845803,-9.43186303,26.8973247,9.674761368,5.281289705,1.899639395
1.424872167,7.246253,-2.513119433,1.553008907,36.90477718,-9.480965154,27.03800053,9.750404702,5.308911403,1.914491963
1.425841067,7.290389733,-2.5286196,1.553280005,37.12956319,-9.539440902,27.20553145,9.807659791,5.3418061,1.925734
1.4268366,7.334029967,-2.545055633,1.553585586,37.35182056,-9.601447291,27.38317753,9.852271076,5.376686907,1.934493426
1.427831333,7.376345633,-2.558347067,1.553911309,37.56733198,-9.651590398,27.52683573,9.924124291,5.404894196,1.948601804
1.428821967,7.418001833,-2.5663619,1.554243358,37.77948476,-9.681827065,27.6134627,10.04965011,5.4219034,1.9732488
1.429829333,7.4602553,-2.583538633,1.554582697,37.9946794,-9.746627809,27.7991145,10.07919294,5.458356133,1.979049534
1.430793433,7.502711133,-2.590678133,1.55487557,38.21090468,-9.773562204,27.87628058,10.21825214,5.473507692,2.006353808
1.431816533,7.5452849,-2.5991399,1.555225579,38.42773058,-9.805484966,27.96773815,10.34362048,5.491465386,2.030969881
1.432844567,7.588081833,-2.614349267,1.555576993,38.64569307,-9.862863646,28.13212601,10.3971951,5.523742942,2.041489258
1.433793367,7.631512933,-2.629080767,1.555839147,38.86688532,-9.918439532,28.29134893,10.45916444,5.555006362,2.053656938
1.434881,7.6745642,-2.642595167,1.55624614,39.08614311,-9.9694238,28.43741703,10.53235413,5.583686833,2.068027733
1.435823267,7.7165343,-2.6518678,1.556524859,39.29989458,-10.00440563,28.53763871,10.64588391,5.603365361,2.090319306
1.436812767,7.757777833,-2.665420467,1.556862299,39.50994568,-10.05553426,28.68412041,10.70945331,5.632127043,2.102801157
1.4378577,7.7987812,-2.675071067,1.557258969,39.71877362,-10.091942,28.78842728,10.81397438,5.652607697,2.123323869
1.438765867,7.843066367,-2.685051933,1.557466987,39.94431559,-10.1295957,28.89630379,10.93163985,5.673789249,2.146427485
1.4398834,7.886339167,-2.7044373,1.557900378,40.16470164,-10.20272871,29.10582724,10.94250245,5.714929178,2.148560356
1.440820767,7.9258156,-2.703968533,1.558213622,40.36575299,-10.20096025,29.10076065,11.14862039,5.713934354,2.189031613
1.441876467,7.9710177,-2.7275954,1.558554677,40.59596486,-10.29009469,29.35612763,11.12346527,5.76407566,2.184092406
1.442853833,8.0135029,-2.731022933,1.558860352,40.8123397,-10.30302536,29.39317354,11.3027942,5.771349625,2.219303641
1.4438395,8.055775333,-2.747022067,1.559177692,41.02763093,-10.36338351,29.56609746,11.34516151,5.805303237,2.227622463
1.444795067,8.095290467,-2.749964167,1.559508524,41.22887938,-10.37448284,29.59789665,11.51461078,5.811547007,2.260893826
1.445813267,8.1406622,-2.767197133,1.559809397,41.45995518,-10.43949573,29.78415625,11.55942698,5.848119079,2.269693487
1.446834033,8.181685467,-2.776302733,1.560181586,41.66888448,-10.47384741,29.88257258,11.66993994,5.867443126,2.291392707
1.447794867,8.228472067,-2.794647067,1.560402723,41.90716611,-10.54305303,30.0808442,11.70994996,5.906373758,2.299248675
1.448835033,8.2687076,-2.7976524,1.560806766,42.11208352,-10.55439092,30.11332683,11.88238474,5.912751723,2.333106243
1.449775,8.312956033,-2.818336167,1.561047165,42.33743842,-10.63242225,30.33688382,11.88418265,5.956647137,2.333459263
1.4508097,8.355694133,-2.8324291,1.561406176,42.55510126,-10.68558909,30.48920489,11.94952442,5.986555381,2.346289119
1.451848633,8.3953889,-2.831369633,1.561817535,42.75726458,-10.68159216,30.47775383,12.1631388,5.984306964,2.388232302
1.4527816,8.441052933,-2.8514525,1.562028553,42.98982905,-10.75735655,30.69481609,12.17864101,6.026927139,2.391276161
1.453850167,8.482077467,-2.862604733,1.562448522,43.19876479,-10.79942933,30.81535311,12.26703973,6.050594583,2.40863325
1.454837567,8.527699133,-2.8796919,1.562714643,43.43111349,-10.86389218,31.00003685,12.31470468,6.086857236,2.417992264
1.455848633,8.569639033,-2.8895208,1.56306264,43.64471115,-10.90097257,31.10627085,12.42206834,6.107716281,2.439073119
1.456828933,8.611968533,-2.894873867,1.563373711,43.86029301,-10.92116749,31.16412856,12.5797925,6.119076643,2.470042257
1.457790533,8.65519,-2.913162167,1.563651979,44.08041762,-10.99016172,31.36179455,12.60225112,6.15788836,2.474452007
1.458896267,8.6969622,-2.921472,1.564097294,44.29316119,-11.0215113,31.45160997,12.72517926,6.175523619,2.498588948
1.4598133,8.740648733,-2.936990733,1.564323644,44.51565436,-11.08005709,31.61934157,12.77994083,6.208457718,2.509341382
1.4608292,8.7834899,-2.942063033,1.564662225,44.73384212,-11.09919279,31.67416467,12.9433055,6.219222232,2.541418035
1.461828333,8.827205367,-2.959369433,1.564970216,44.95648264,-11.16448272,31.86121795,12.97889273,6.255950145,2.548405588
1.462854167,8.869207333,-2.968247433,1.565331999,45.1703964,-11.19797575,31.95717431,13.09685013,6.274791176,2.571566524
1.463838733,8.911735667,-2.973326033,1.565644192,45.38699092,-11.21713522,32.0120655,13.25855346,6.285569061,2.603316973
1.464860333,8.957012333,-2.999553767,1.565949968,45.61758255,-11.31608166,32.2955435,13.20566709,6.341229967,2.592932733
1.465789,8.996607633,-2.994361333,1.566252633,45.81923928,-11.29649275,32.23942197,13.46344536,6.330210504,2.643547496
1.4668545,9.038623667,-3.008678533,1.56665386,46.03322468,-11.35050565,32.394167,13.52268573,6.36059469,2.655179343
1.467800167,9.0841426,-3.027344767,1.566879872,46.26505017,-11.42092567,32.59591781,13.5527604,6.400208463,2.661084504
1.4688557,9.1267023,-3.0327695,1.567262537,46.48180443,-11.44139095,32.65455012,13.71088235,6.411720917,2.69213175
1.469828433,9.167713833,-3.032110533,1.567586878,46.69067397,-11.43890494,32.64742779,13.92687422,6.410322447,2.734541753
1.470795633,9.208419067,-3.045056167,1.567910528,46.89798353,-11.48774349,32.78734848,13.9942631,6.437795873,2.74777356
1.4718659,9.255322033,-3.0747921,1.568239259,47.13685782,-11.59992493,33.10874427,13.9117416,6.500901937,2.731570463
1.4728052,9.297800233,-3.078318267,1.568506978,47.35319701,-11.6132277,33.14685624,14.08996882,6.508385223,2.766565377
1.4738092,9.337366467,-3.082536933,1.568885436,47.55470571,-11.62914299,33.19245298,14.24588077,6.517338144,2.79717869
1.474817667,9.379991867,-3.092680233,1.569219995,47.77179458,-11.66740949,33.30208512,14.35333751,6.538864414,2.81827782
1.475824867,9.424319333,-3.098968267,1.569526378,47.99755199,-11.69113165,33.37004826,14.51113177,6.552208977,2.849260723
1.476832133,9.467563133,-3.107145,1.56984996,48.21779034,-11.7219791,33.4584251,14.64299329,6.569561768,2.875151732
1.477814533,9.510220033,-3.129492767,1.570157955,48.43503964,-11.80628802,33.69996714,14.61870054,6.616988549,2.870381851
1.478836167,9.554151,-3.134871567,1.570485039,48.65877769,-11.82658002,33.75810299,14.78430275,6.628403522,2.902897844
1.479894067,9.603988467,-3.1546915,1.570755009,48.91259723,-11.90135247,33.97232338,14.8239019,6.670465696,2.910673138
1.480920267,9.649058833,-3.158000367,1.571068647,49.14213819,-11.91383546,34.0080867,15.01767953,6.677487824,2.948721376
1.481963933,9.692576633,-3.164280867,1.571424297,49.36377201,-11.93752921,34.07596842,15.17143163,6.6908164,2.9789106
1.482898567,9.7357392,-3.181597767,1.57167653,49.58359664,-12.00285874,34.2631352,15.20408949,6.727566596,2.98532297
1.483966067,9.776116767,-3.1915207,1.572105661,49.78923742,-12.04029388,34.37038554,15.30247992,6.748625201,3.004641933
1.484910767,9.819269433,-3.2038517,1.572368117,50.00901163,-12.08681367,34.50366306,15.38897661,6.774794242,3.021625558
1.4859502,9.863143567,-3.210243167,1.5727139,50.23246023,-12.11092604,34.57274415,15.54334413,6.788358313,3.05193562
1.486914833,9.906130367,-3.217728933,1.572998912,50.4513897,-12.13916676,34.65365278,15.68136496,6.804244724,3.079036009
1.4879432,9.948657133,-3.2275535,1.573354931,50.66797623,-12.17623081,34.75983995,15.79176433,6.825094574,3.100712926
1.488950833,9.9931878,-3.241693967,1.573658534,50.89476853,-12.22957697,34.91267478,15.86572179,6.855103693,3.115234473
1.489922667,10.03648197,-3.257614667,1.573945887,51.11526339,-12.28963921,35.08475097,15.91414047,6.888890852,3.124741481
1.490939067,10.07899493,-3.2675536,1.574290157,51.33177965,-12.32713472,35.19217424,16.02323345,6.909983412,3.146161888
1.4918727,10.1217858,-3.273419867,1.574547267,51.54971123,-12.34926573,35.25557879,16.17776048,6.922432895,3.176503271
1.492935533,10.16306643,-3.2832145,1.574957453,51.75995128,-12.38621685,35.36144242,16.2821369,6.94321922,3.19699758
1.4939413,10.207939,-3.292614567,1.575253784,51.98848485,-12.42167943,35.46304145,16.40907144,6.963168189,3.221921178
1.494902233,10.25076973,-3.297215433,1.575537564,52.20661947,-12.43903661,35.51276914,16.57747838,6.97293222,3.25498788
1.495909967,10.2906185,-3.3068022,1.575915288,52.4095671,-12.47520353,35.61638608,16.67680907,6.993277406,3.27449146
1.496876167,10.33625507,-3.330268767,1.576159974,52.64199168,-12.56373323,35.87002048,16.65559924,7.043078522,3.270326912
1.497911567,10.37897417,-3.333145833,1.576519985,52.85955776,-12.57458722,35.90111677,16.84206904,7.049184278,3.306940256
1.4989661,10.42314383,-3.348344233,1.576876196,53.0845115,-12.63192452,36.0653861,16.90275345,7.08143856,3.31885564
1.499873067,10.4646888,-3.3527346,1.577126337,53.29609778,-12.64848757,36.11283863,17.0668872,7.090755865,3.351083301
1.500941567,10.50984037,-3.367748633,1.57748099,53.52605229,-12.70512934,36.27511526,17.13456507,7.122618882,3.364371851
1.501903367,10.5529765,-3.375622667,1.577760808,53.7457423,-12.73483482,36.36022042,17.26914992,7.139329279,3.390797588
1.5028954,10.59410237,-3.379467333,1.578102642,53.95519413,-12.74933917,36.40177484,17.43704733,7.147488491,3.423764243
1.503867133,10.63364087,-3.375136067,1.578449271,54.15656158,-12.73299908,36.35496108,17.68522854,7.138296609,3.472494625
1.5048825,10.67557797,-3.392792867,1.578801612,54.37014498,-12.79961092,36.54580161,17.70797141,7.175768146,3.476960187
1.505900267,10.7194571,-3.4056484,1.57912565,54.59361905,-12.84810956,36.68474846,17.79249863,7.203050361,3.493557106
1.506883067,10.76228737,-3.414596033,1.579431303,54.81175129,-12.88186529,36.78145744,17.9139219,7.222039168,3.517398565
1.507844567,10.8020322,-3.4206074,1.579764438,55.0141696,-12.90454371,36.84643028,18.05136736,7.234796585,3.544385982
1.5089128,10.847898,-3.434893633,1.580107533,55.24776165,-12.95843978,37.00084061,18.13054909,7.265115053,3.559933314
1.509906933,10.88800673,-3.430688933,1.580467547,55.45203327,-12.94257718,36.95539482,18.3802665,7.256191773,3.608965327
1.5108837,10.9341997,-3.446058,1.580714003,55.68729157,-13.00055834,37.12150877,18.44941085,7.288808247,3.62254182
1.511914533,10.979902,-3.46653,1.581022283,55.92005093,-13.07779077,37.34277691,18.46090207,7.332254246,3.624798121
1.5128963,11.017417,-3.454798067,1.581410937,56.11111281,-13.03353102,37.2159743,18.77876656,7.307356553,3.687210813
1.513956767,11.06219033,-3.491454433,1.581763537,56.33914099,-13.1718204,37.61216842,18.61060062,7.385149269,3.654191431
1.514881133,11.105937,-3.495180967,1.581996269,56.56194041,-13.18587908,37.65244602,18.79312244,7.393057776,3.69002959
1.515919433,11.14711133,-3.496967767,1.582383603,56.77163908,-13.19261994,37.67175835,18.98350878,7.396849751,3.727411949
1.5169291,11.18837567,-3.494029267,1.582740881,56.98179611,-13.18153419,37.63999807,19.22542609,7.390613621,3.774912413
1.517939167,11.23471333,-3.5164217,1.583018349,57.21779136,-13.26601162,37.88202289,19.21939652,7.438135194,3.773728506
1.5189205,11.27690967,-3.519200167,1.583332558,57.43269502,-13.27649363,37.91205347,19.40426959,7.444031699,3.810028334
1.519924433,11.32249,-3.5328916,1.583615866,57.66483321,-13.32814577,38.06003501,19.48842625,7.473087873,3.826552493
1.5209404,11.36465933,-3.5369614,1.583965136,57.87959935,-13.34349945,38.10402275,19.65920465,7.481724867,3.860084833
1.521921667,11.40980167,-3.5624787,1.584232702,58.10950683,-13.43976572,38.37982216,19.61331272,7.535878081,3.851073953
1.522951067,11.44874233,-3.549195833,1.58464645,58.30782956,-13.38965493,38.23625655,19.95520106,7.507688973,3.918203727
1.523956967,11.49576633,-3.576022067,1.584908901,58.54732026,-13.49085927,38.52620334,19.90474497,7.564620026,3.908296674
1.5249347,11.53658467,-3.5801975,1.585241296,58.75520584,-13.50661146,38.5713328,20.06750108,7.573481196,3.940253838
1.525965233,11.57985567,-3.591188167,1.585587715,58.97558272,-13.54807472,38.69012356,20.16908721,7.596805761,3.960200273
1.526896433,11.621742,-3.601108933,1.585856692,59.18890756,-13.58550169,38.79735048,20.27518513,7.617859767,3.9810326
1.5279817,11.66450933,-3.6077685,1.586265807,59.40671929,-13.6106255,38.86932928,20.42101806,7.631992804,4.009666896
1.528892,11.70543933,-3.602890633,1.586529004,59.61517358,-13.59222331,38.81660768,20.68219395,7.621640919,4.060948781
1.5300024,11.760186,-3.6242706,1.586773859,59.89399542,-13.67288113,39.04768943,20.72993403,7.667013819,4.070322548
1.531012133,11.80847167,-3.6279501,1.587020196,60.13991172,-13.68676236,39.08745868,20.93608109,7.674822511,4.110799522
1.531989567,11.84995967,-3.6393017,1.587341704,60.35120788,-13.72958728,39.21015052,21.0246854,7.698913055,4.128196979
1.533059533,11.89666833,-3.655048433,1.587673207,60.58909261,-13.78899322,39.38034642,21.09237423,7.732331019,4.141487681
1.533948,11.934869,-3.6528523,1.587957721,60.78364655,-13.78070811,39.35660988,21.31066471,7.72767035,4.184349016
1.535031233,11.98286067,-3.672785333,1.588282206,61.02806553,-13.85590724,39.57205269,21.33964088,7.769972546,4.190038487
1.536028867,12.025057,-3.681021767,1.588612715,61.24296919,-13.88697992,39.66107478,21.46552245,7.787452034,4.214755333
1.537064367,12.069362,-3.673947633,1.588947753,61.46861217,-13.86029212,39.58461521,21.767625,7.772439197,4.274073169
1.538086967,12.12250267,-3.6843554,1.5891302,61.73925473,-13.89955634,39.6971058,21.92577698,7.794526723,4.30512631
1.539077433,12.166563,-3.691475633,1.589424072,61.96365164,-13.92641805,39.77406363,22.07321606,7.809637394,4.334075973
1.540115367,12.21286067,-3.708980233,1.58973004,62.19944317,-13.9924557,39.96325913,22.11981209,7.84678593,4.343225103
1.541130233,12.25421833,-3.712064,1.590091041,62.41007555,-14.00408949,39.9965895,22.29711409,7.853330348,4.378038352
1.542055533,12.29674033,-3.719151933,1.590344069,62.62663781,-14.03082934,40.07319822,22.43706763,7.868372471,4.405518229
1.543107533,12.33747333,-3.723366033,1.59075208,62.83408879,-14.04672741,40.11874561,22.59897122,7.8773157,4.437308
1.5441412,12.381388,-3.740940733,1.591091456,63.05774382,-14.11302951,40.30869877,22.6326731,7.914613004,4.443925363
1.545087533,12.42412033,-3.7356302,1.591362191,63.2753773,-14.09299506,40.25130077,22.90770457,7.903342907,4.497927793
1.546145633,12.477858,-3.766490067,1.591570698,63.54906035,-14.20941663,40.58484441,22.84784399,7.968834199,4.486174167
1.547104567,12.52367933,-3.7877025,1.591805196,63.78242594,-14.28944241,40.81411539,22.85193859,8.013851558,4.486978142
1.548154667,12.566426,-3.784188967,1.592179472,64.00013242,-14.2761873,40.77613997,23.1076205,8.006395082,4.537181284
1.549102733,12.61078167,-3.806611867,1.592426275,64.22603344,-14.36077967,41.01849408,23.09116741,8.053981312,4.533950721
1.550102067,12.65351167,-3.811027433,1.592750047,64.44365504,-14.37743778,41.06621898,23.2610641,8.063352097,4.567309937
1.551138567,12.69494633,-3.815346,1.593131465,64.65467957,-14.39372996,41.11289548,23.42541214,8.072517027,4.599579673
1.552077433,12.738902,-3.823039533,1.593375393,64.87854342,-14.42275449,41.19604973,23.56612174,8.088844364,4.627208003
1.5531268,12.782857,-3.8329065,1.593729831,65.10240387,-14.4599785,41.30269516,23.68333676,8.109784195,4.650223172
1.554116667,12.828515,-3.843908,1.593997845,65.33493761,-14.50148263,41.42160301,23.79696265,8.13313175,4.672533616
1.555107433,12.87075767,-3.842556467,1.594320755,65.55007724,-14.49638385,41.40699519,24.0267101,8.130263505,4.717644528
1.556141567,12.91776967,-3.8715838,1.594611628,65.78950683,-14.60589203,41.7207322,23.95240268,8.191865767,4.703054266
1.5571026,12.959101,-3.871637433,1.594919213,66.00000509,-14.60609437,41.72131188,24.16232125,8.191979588,4.744271778
1.5581491,13.00218533,-3.879100333,1.59528455,66.21943129,-14.63424881,41.80197337,24.30108596,8.207817472,4.771518228
1.559122667,13.04283367,-3.8783946,1.595615466,66.42645107,-14.63158637,41.79434557,24.51573354,8.206319753,4.81366428
1.5601191,13.08503533,-3.8907261,1.595944691,66.64138189,-14.67810805,41.9276285,24.59738143,8.232489856,4.829695844
1.5611133,13.131518,-3.9029545,1.596204,66.87811561,-14.72424077,42.05979709,24.70194657,8.258441158,4.850227209
1.5621545,13.17151033,-3.913946233,1.596612922,67.08179441,-14.76570805,42.17859937,24.78682309,8.281767987,4.866892713
1.563105,13.21647467,-3.919561,1.596852536,67.31079535,-14.78689026,42.23928562,24.95513777,8.293683732,4.899941301
1.564079167,13.26084467,-3.928536167,1.597125212,67.53676937,-14.82074986,42.33629219,25.08410523,8.312730972,4.925264062
1.5651624,13.304043,-3.931040533,1.59752548,67.75677617,-14.83019781,42.36336021,25.277044,8.318045778,4.963147589
1.566091667,13.343654,-3.9375806,1.597828497,67.95851286,-14.85487079,42.43404741,25.40809349,8.33192521,4.988879157
1.567128533,13.38937833,-3.9423437,1.598142462,68.19138443,-14.87284,42.48552857,25.5894839,8.342033535,5.024495165
1.568071167,13.42944967,-3.9430504,1.598451567,68.39546558,-14.87550609,42.49316682,25.78592681,8.343533305,5.063066728
1.569098367,13.46963667,-3.9493165,1.598843411,68.60013581,-14.89914551,42.5608929,25.92287096,8.356831321,5.089955713
1.570158,13.515615,-3.965266867,1.599176127,68.83430099,-14.95931968,42.73328973,25.98463931,8.390681439,5.102083928
1.5710783,13.55969033,-3.9750356,1.599399596,69.0587743,-14.99617309,42.83887343,26.10352891,8.411412798,5.125427902
1.572126167,13.601067,-3.981032167,1.599793297,69.26950344,-15.01879566,42.9036863,26.24944518,8.424138805,5.154078561
1.573071867,13.64675767,-3.987294833,1.600016628,69.50220355,-15.04242213,42.97137527,26.41445632,8.437429535,5.186478499
1.574096333,13.690684,-4.000647767,1.600346619,69.725918,-15.09279725,43.11569819,26.49384786,8.465767339,5.202067028
1.575098067,13.73244633,-3.999974333,1.60068809,69.93861132,-15.09025666,43.1084195,26.71381987,8.464338168,5.245258532
1.576062133,13.77777733,-4.005479167,1.600935474,70.16947967,-15.11102413,43.16791755,26.88519016,8.476020612,5.278907088
1.577115833,13.81770333,-4.012744367,1.601357944,70.37282064,-15.13843274,43.24644224,27.01000645,8.491438933,5.303414767
1.578132133,13.859199,-4.019581033,1.601718197,70.58415584,-15.16422467,43.32033519,27.1474487,8.505947814,5.330401552
1.579112933,13.90569867,-4.0278489,1.601963837,70.82097615,-15.19541593,43.40969702,27.29490717,8.52349401,5.359355023
1.580141233,13.946476,-4.029614033,1.602347448,71.02865292,-15.20207505,43.42877517,27.48350579,8.527240004,5.396386363
1.581119533,13.987567,-4.032180233,1.602676099,71.23792717,-15.21175627,43.4565115,27.66504371,8.532686034,5.432031333
1.582151733,14.03184667,-4.038735733,1.603008238,71.46344113,-15.23648747,43.52736551,27.81970366,8.546598219,5.462398815
1.583130233,14.07980567,-4.067021867,1.603228506,71.70769374,-15.34319941,43.83309139,27.7582304,8.606627494,5.450328539
1.584101067,14.12023267,-4.0550592,1.603560188,71.91358628,-15.29806919,43.70379493,28.09341939,8.581240135,5.516142898
1.585123467,14.16158933,-4.065739233,1.603928739,72.12421356,-15.33836056,43.81922826,28.18861335,8.60390547,5.53483423
1.586109033,14.20563767,-4.0767637,1.604217902,72.34854936,-15.37995133,43.93838434,28.29379306,8.627301765,5.555486268
1.587066,14.24939867,-4.079697867,1.604483007,72.57142178,-15.39102074,43.97009778,28.48495204,8.6335287,5.593020333
1.588129667,14.291205,-4.0882132,1.604885716,72.78433919,-15.42314558,44.06213432,28.60583292,8.651600074,5.616755293
1.589071933,14.33398267,-4.09147,1.605151667,73.00220355,-15.43543215,44.09733489,28.7884967,8.658511706,5.652621328
1.590139367,14.376049,-4.098999,1.605554032,73.21644512,-15.46383597,44.17871081,28.92136236,8.674489867,5.678709499
1.5910998,14.41801233,-4.0904463,1.605851025,73.43016213,-15.43157015,44.0862704,29.22751977,8.656339193,5.738823507
1.592107667,14.46065267,-4.100453067,1.606184748,73.64732705,-15.46932156,44.19442684,29.33652825,8.677575711,5.760227323
1.593093367,14.49993667,-4.0960511,1.606549368,73.84739835,-15.45271475,44.14684893,29.58417747,8.668233788,5.808853245
1.594096133,14.54232867,-4.106053833,1.606881917,74.06329853,-15.49045095,44.25496178,29.6919648,8.689461745,5.830017288
1.5951055,14.58520133,-4.116085533,1.607213467,74.28164672,-15.52829642,44.36338771,29.80188706,8.710751176,5.851600524
1.596073433,14.632229,-4.1355781,1.607437893,74.5211561,-15.60183386,44.57406981,29.83071434,8.752118607,5.85726076
1.5971046,14.671992,-4.128562067,1.607840406,74.72366692,-15.57536525,44.4982382,30.10905677,8.737229071,5.911913296
1.5980822,14.71845667,-4.1453867,1.6080834,74.96030897,-15.63883767,44.6800844,30.16385262,8.772934571,5.922672462
1.5991047,14.76156267,-4.152888033,1.608424394,75.17984551,-15.66713711,44.76116129,30.30231227,8.788854018,5.949859015
1.600091467,14.80164333,-4.136700967,1.608777486,75.3839742,-15.60606997,44.58620612,30.68139612,8.754501572,6.024292128
1.601083833,14.84440367,-4.150751167,1.609093811,75.60175028,-15.65907559,44.73806532,30.747313,8.784319126,6.037234907
1.602112833,14.885198,-4.148377367,1.609477853,75.80951362,-15.65012022,44.71240851,30.98073316,8.779281411,6.083066956
1.603039067,14.92456133,-4.1610035,1.609781752,76.00998897,-15.69775342,44.84887593,31.04474108,8.806076789,6.095634911
1.604113333,14.97274967,-4.171003333,1.610094161,76.25540956,-15.73547868,44.95695743,31.18208017,8.827298592,6.122601442
1.605034567,15.01199567,-4.175619667,1.610394915,76.45528733,-15.7528942,45.00685229,31.33206308,8.837095447,6.152050587
1.6060724,15.05588867,-4.176536067,1.6107388,76.67883202,-15.7563514,45.01675704,31.54570302,8.839040245,6.193998788
1.6070931,15.10282367,-4.199043433,1.611017458,76.91786945,-15.84126243,45.2600241,31.5414734,8.886805731,6.193168302
1.6080677,15.14781333,-4.2102173,1.611280771,77.14699941,-15.88341683,45.38079494,31.64983251,8.910519086,6.214444614
1.6090883,15.18972633,-4.199324267,1.611638727,77.36046006,-15.8423219,45.26305944,31.98102867,8.88740172,6.27947498
1.610032967,15.23733733,-4.2228424,1.611830663,77.60294033,-15.93104614,45.51725119,31.96931718,8.937312271,6.277175429
1.611043967,15.27291067,-4.208682767,1.612279249,77.7841134,-15.87762767,45.3642092,32.30353225,8.907262476,6.342798558
1.612139233,15.32432,-4.250298333,1.612561734,78.04593838,-16.03462607,45.81400399,32.11556243,8.995579683,6.305890683
1.613119833,15.35906733,-4.2142191,1.612992979,78.22290468,-15.89851398,45.42404772,32.68248501,8.919011769,6.417205931
1.614104767,15.41744,-4.2407425,1.61305504,78.52019353,-15.99857585,45.71072139,32.69310019,8.975300144,6.419290223
1.615140067,15.46324433,-4.266430467,1.613366174,78.75347254,-16.09548597,45.98836542,32.64873517,9.029815549,6.410579151
1.6160734,15.499748,-4.250084567,1.613722384,78.93938375,-16.03381962,45.81169353,33.01131827,8.995126024,6.481772342
1.617151467,15.554217,-4.290260233,1.613939296,79.21679144,-16.18538587,46.24592541,32.85449408,9.080387454,6.450979913
1.618083733,15.59782767,-4.2978727,1.614182078,79.43889823,-16.21410458,46.32820346,32.99432281,9.09654275,6.478435284
1.619088067,15.63885667,-4.305476333,1.614537743,79.64785672,-16.24278995,46.41038604,33.12109872,9.112679299,6.503327734
1.6201536,15.68349167,-4.303065933,1.614897597,79.87518038,-16.23369651,46.38433364,33.37447478,9.107563911,6.553078123
1.621121967,15.722926,-4.306598667,1.615242507,80.07601732,-16.24702406,46.42251659,33.53712877,9.115061133,6.585015234
1.6221195,15.76573667,-4.310866033,1.615563203,80.29404974,-16.26312307,46.4686397,33.70903809,9.124117405,6.618769628
1.6231323,15.80642233,-4.296010733,1.615932763,80.50125966,-16.20708014,46.30807871,34.07680899,9.092591255,6.690981445
1.624089933,15.84764533,-4.307473967,1.616238661,80.71120618,-16.2503262,46.43197712,34.1628571,9.116918708,6.707876992
1.6251678,15.88963633,-4.3172803,1.61665265,80.92506409,-16.28732146,46.53796721,34.27072492,9.137729862,6.729056838
1.626069633,15.93452033,-4.3229387,1.616844867,81.15365589,-16.30866828,46.59912507,34.43815886,9.149738207,6.761932493
1.6271351,15.97447567,-4.3193138,1.61727864,81.35714625,-16.29499302,46.55994595,34.68082834,9.142045388,6.809580645
1.628125367,16.01836133,-4.327539133,1.617575074,81.58065359,-16.32602382,46.64884807,34.81543357,9.159501319,6.836010381
1.6290854,16.064645,-4.335207933,1.617803363,81.81637382,-16.35495504,46.731735,34.96826687,9.175776167,6.8660192
1.630119933,16.10582367,-4.331736967,1.618186861,82.02609456,-16.34186051,46.69421964,35.21550296,9.168410027,6.914564006
1.631069367,16.150454,-4.355970933,1.618430689,82.25339445,-16.4332853,46.95614836,35.18087413,9.219839731,6.907764636
1.632151633,16.18843,-4.3395769,1.618912555,82.44680418,-16.37143736,46.77895623,35.55147599,9.185048056,6.98053231
1.633064567,16.22834933,-4.344904933,1.619194364,82.6501112,-16.39153783,46.83654338,35.69719586,9.196355292,7.009144408
1.634142433,16.27019167,-4.347063133,1.619610703,82.86321195,-16.39967983,46.85986992,35.88697008,9.200935458,7.046406575
1.6350315,16.324584,-4.375606533,1.619639827,83.14022918,-16.50736233,47.16837641,35.85548082,9.261510709,7.040223658
1.636100233,16.36591633,-4.367529067,1.620055096,83.35073254,-16.47688938,47.08107248,36.1532881,9.244368582,7.098698118
1.637075867,16.40910267,-4.380758,1.620347954,83.57067821,-16.5267967,47.22405517,36.23025109,9.272443232,7.113809801
1.638133567,16.46030067,-4.400110967,1.620596213,83.83142687,-16.59980747,47.43322842,36.2818265,9.313514401,7.123936632
1.6391698,16.507054,-4.4057567,1.620893276,84.06953909,-16.6211065,47.49424937,36.45891776,9.325495865,7.158708502
1.6401243,16.55153233,-4.402616167,1.621144574,84.29606485,-16.60925856,47.46030545,36.71938744,9.318830976,7.209851724
1.6411747,16.595354,-4.417519267,1.621502153,84.51924624,-16.66548182,47.62138308,36.78149121,9.350458568,7.222045799
1.6421336,16.636872,-4.418701167,1.621804654,84.73069519,-16.66994064,47.63415745,36.98016579,9.352966815,7.261055552
1.643130567,16.675456,-4.420859433,1.622191607,84.92720143,-16.6780829,47.65748471,37.15334477,9.357547122,7.295059245
1.6441695,16.71926167,-4.4236163,1.622537973,85.15030133,-16.68848342,47.68728183,37.34664755,9.363397788,7.333014246
1.645118567,16.76329733,-4.436867933,1.622790836,85.37457262,-16.73847638,47.83050986,37.4276908,9.391520612,7.348927088
1.646176667,16.80013167,-4.4231907,1.623266585,85.5621679,-16.68687781,47.68268181,37.76311414,9.362494573,7.414787461
1.6471577,16.84534867,-4.4292528,1.623532738,85.79245565,-16.70974761,47.74820299,37.92788071,9.375359656,7.447139377
1.648154233,16.88770333,-4.437747,1.623859644,86.00816569,-16.74179273,47.84001111,38.05178263,9.393386181,7.471467519
1.649223,16.931355,-4.4489084,1.624238277,86.23048128,-16.7839001,47.9606472,38.15346212,9.417073079,7.491432288
1.650123867,16.97689733,-4.4562491,1.62441912,86.46242594,-16.81159354,48.03998791,38.30606607,9.432651627,7.521396073
1.651197367,17.021493,-4.468745233,1.624787562,86.68954927,-16.85873631,48.17505025,38.39812707,9.459171117,7.53947225
1.652132367,17.06300367,-4.455480267,1.625066279,86.90096087,-16.80869305,48.03167811,38.7529108,9.431019997,7.609134036
1.653150533,17.103878,-4.4624548,1.625438222,87.10913165,-16.83500509,48.10706117,38.88569853,9.445821461,7.635206906
1.6541895,17.14503867,-4.4580953,1.625826439,87.31876072,-16.81855849,48.05994225,39.14244651,9.436569662,7.685619372
1.65516,17.18069567,-4.446471,1.626233202,87.5003599,-16.77470479,47.93430298,39.44968497,9.41190039,7.745945643
1.6561748,17.22304467,-4.461115433,1.626578464,87.71604108,-16.82995221,48.09258485,39.50708428,9.442979036,7.757215997
1.6572006,17.26522033,-4.4543871,1.626937467,87.93083949,-16.80456898,48.0198628,39.79460473,9.428700061,7.813670639
1.658228,17.30900733,-4.459940833,1.627272594,88.15384433,-16.82552093,48.07988939,39.95758298,9.440486281,7.845671419
1.6591973,17.35938367,-4.4832953,1.627445444,88.41040828,-16.91362772,48.33231218,39.96172415,9.490049496,7.846484537
1.660129167,17.40761533,-4.490605333,1.627614768,88.65604957,-16.94120547,48.41132143,40.12835618,9.505562964,7.879202736
1.661167033,17.45463633,-4.521105767,1.627909233,88.895525,-17.05627105,48.74098019,40.03817285,9.570291461,7.861495239
1.662199667,17.49313167,-4.499012133,1.628333255,89.09157966,-16.97292086,48.50218491,40.4730228,9.523404006,7.946878027
1.6631492,17.53788267,-4.5168567,1.628575275,89.3194941,-17.04024107,48.69505488,40.50806727,9.561274025,7.953759008
1.6641588,17.57356733,-4.5031473,1.6290207,89.50123419,-16.98852115,48.54687915,40.83798308,9.532179722,8.018537978
1.665133833,17.615109,-4.4892559,1.62933896,89.71280367,-16.93611461,48.39673631,41.1996954,9.502699175,8.089560191
1.666204633,17.66394933,-4.5199162,1.629637594,89.96154486,-17.0517833,48.72812297,41.11704994,9.567766944,8.073332756
1.667193567,17.702903,-4.508371967,1.63001067,90.15993379,-17.00823166,48.60334908,41.44021276,9.543267591,8.136785775
1.668167233,17.74137467,-4.516397033,1.6303761,90.35586792,-17.03850694,48.69008665,41.54940932,9.560298514,8.15822652
1.669160667,17.78327,-4.511330267,1.630707168,90.5692386,-17.01939211,48.63532336,41.81754329,9.549545742,8.210874625
1.670158267,17.82512633,-4.510304433,1.631043019,90.78241066,-17.01552206,48.62423582,42.04180289,9.547368702,8.254907998
1.6711587,17.868454,-4.516729533,1.631358442,91.00307614,-17.03976132,48.69368042,42.19302377,9.56100415,8.284600216
1.672157733,17.91040133,-4.528404833,1.631694288,91.21671165,-17.08380742,48.81987092,42.28046878,9.585781655,8.301770045
1.673157833,17.949777,-4.5250142,1.632071859,91.41724981,-17.07101596,48.78322383,42.51765402,9.578586,8.348341367
1.674141667,17.99767333,-4.537778533,1.632298451,91.66118326,-17.11917053,48.92118497,42.62362634,9.605674668,8.369149032
1.675154767,18.03340733,-4.522617667,1.632746597,91.8431746,-17.06197482,48.75732131,42.96948134,9.573500039,8.437057661
1.676175167,18.08200433,-4.533110467,1.632998678,92.09067651,-17.10155984,48.87073096,43.1035736,9.595768024,8.463386676
1.677092567,18.12819667,-4.550961367,1.633185777,92.32593158,-17.16890394,49.06366938,43.14589025,9.633651483,8.47169555
1.678207067,18.17284067,-4.5641133,1.633594456,92.55330108,-17.21852077,49.20581982,43.2311093,9.661562722,8.488428311
1.679147633,18.21462367,-4.555120967,1.633874433,92.76609965,-17.1845964,49.10862771,43.54109998,9.642479052,8.549294982
1.680199367,18.258917,-4.560749533,1.634225889,92.99168322,-17.20583066,49.16946312,43.70584814,9.654424084,8.581643283
1.681177267,18.2986,-4.561678567,1.634576401,93.19378661,-17.20933552,49.17950442,43.89791023,9.656395693,8.619354674
1.6821431,18.33930933,-4.564825533,1.634898619,93.40111705,-17.22120773,49.21351788,44.07122722,9.663074235,8.653385465
1.6831997,18.38567367,-4.5656851,1.635222199,93.63724811,-17.22445052,49.22280836,44.2980678,9.664898421,8.697925612
1.684122667,18.42665667,-4.571148533,1.635497225,93.84597233,-17.24506181,49.28185895,44.44774142,9.676493005,8.727314029
1.685164167,18.46384867,-4.564652767,1.635950719,94.03538919,-17.22055595,49.21165056,44.70736667,9.662707587,8.778291446
1.686143933,18.51686833,-4.578597233,1.636092245,94.3054155,-17.27316269,49.36236696,44.82667658,9.692300753,8.801717947
1.687147367,18.557399,-4.588827167,1.636454888,94.51183601,-17.31175601,49.47293546,44.92252859,9.714010877,8.820538489
1.688136467,18.59982367,-4.585141967,1.636773254,94.72790255,-17.29785327,49.4331046,45.178426,9.706190088,8.870783945
1.689179667,18.63862333,-4.5914909,1.637203032,94.92550717,-17.32180518,49.50172597,45.30740925,9.719663894,8.896109806
1.690151833,18.67431,-4.580107067,1.637610992,95.10725745,-17.27885867,49.37868574,45.61219976,9.695504945,8.955955422
1.691180967,18.72152967,-4.586647833,1.637893583,95.34774467,-17.30353429,49.4493805,45.78199221,9.709385862,8.989294171
1.692130533,18.76799467,-4.605341133,1.638108538,95.58438842,-17.37405641,49.65142387,45.8165926,9.749057076,8.996087957
1.6931618,18.80563067,-4.590514667,1.638544779,95.77606655,-17.31812226,49.49117452,46.16852008,9.717592116,9.065188917
1.694173633,18.839889,-4.572775333,1.639014988,95.9505424,-17.25119905,49.29944194,46.5347285,9.679945425,9.137093941
1.695180267,18.88415033,-4.588157033,1.63932185,96.17596299,-17.30922788,49.46569244,46.5938986,9.71258871,9.14871199
1.6961636,18.925797,-4.597120133,1.639646749,96.38806723,-17.34304196,49.56256858,46.70912669,9.731610341,9.171337025
1.6971302,18.972995,-4.6046632,1.639867149,96.6284441,-17.37149885,49.64409654,46.86797561,9.747618355,9.202527011
1.698091067,19.01840467,-4.606217533,1.640110089,96.8597131,-17.37736271,49.66089629,47.08244486,9.750916986,9.244638047
1.699164,19.06330533,-4.619179733,1.640473143,97.08838978,-17.42626375,49.80099603,47.1710218,9.77842557,9.26203013
1.700104233,19.10239667,-4.614111233,1.640795342,97.28747984,-17.40714239,49.746214,47.42489388,9.76766912,9.311877914
1.701154267,19.151457,-4.6262183,1.641069731,97.53734148,-17.45281737,49.87707118,47.54389835,9.793362926,9.33524444
1.702108033,19.20814167,-4.660971133,1.641127314,97.82603344,-17.5839255,50.25269128,47.4569702,9.867115934,9.3181761
1.703178867,19.25040267,-4.653237,1.641530001,98.04126645,-17.5547478,50.16909822,47.75579627,9.850702435,9.376850598
1.7041874,19.28719333,-4.640079833,1.641956873,98.22863933,-17.50511123,50.02689121,48.08537617,9.82278009,9.44156361
1.705128167,19.327182,-4.635324167,1.642265419,98.43229947,-17.48717006,49.9754904,48.34043711,9.812687539,9.491644827
1.706196633,19.37974767,-4.662600833,1.642502823,98.70001358,-17.59007369,50.27030562,48.31333601,9.870574509,9.486323525
1.707133033,19.41693533,-4.653618167,1.642851286,98.88940837,-17.55618579,50.17321799,48.59981842,9.851511353,9.542574347
1.708194467,19.45686467,-4.663868267,1.643281436,99.09276632,-17.5948552,50.28400446,48.6923899,9.873264276,9.560750758
1.709123133,19.500983,-4.654295267,1.643512592,99.31745862,-17.55874021,50.18053631,49.02055035,9.852948305,9.625185062
1.710172467,19.536394,-4.645640867,1.644002078,99.49780494,-17.52609072,50.0869967,49.29443629,9.834581802,9.678962565
1.711128233,19.57396733,-4.650023133,1.64436381,99.68916391,-17.54262321,50.13436168,49.43843027,9.843881917,9.707235783
1.712188133,19.61177167,-4.619161133,1.644826023,99.88169935,-17.42619358,49.80079499,49.9645324,9.778386097,9.810535937
1.713168767,19.66699233,-4.659503133,1.644933618,100.1629352,-17.57838734,50.23682466,49.80973862,9.864000521,9.780142179
1.714145467,19.70534367,-4.6601914,1.645303983,100.3582565,-17.58098389,50.24426367,49.99762089,9.865461171,9.817032862
1.715198167,19.74474167,-4.652083067,1.645733801,100.5589084,-17.55039449,50.15662612,50.28591033,9.848253539,9.873638494
1.7161284,19.79978033,-4.682674433,1.645793873,100.8392174,-17.66580312,50.48726772,50.23557771,9.913175017,9.863755683
1.717185033,19.84056733,-4.671511833,1.646205664,101.0469434,-17.62369123,50.36661865,50.56395278,9.889485572,9.928232128
1.7182003,19.88544267,-4.6803349,1.646511451,101.275491,-17.65697702,50.46198127,50.69713782,9.908210023,9.954383011
1.719176333,19.930048,-4.685752733,1.646782274,101.5026636,-17.67741628,50.520539,50.86575265,9.919707834,9.987490533
1.720214667,19.97161933,-4.694188933,1.647163365,101.7143842,-17.70924259,50.61172024,50.98629198,9.937611269,10.01115843
1.7211238,20.01198867,-4.670939733,1.647434259,101.919983,-17.62153293,50.36043521,51.44317586,9.888271453,10.10086758
1.722202733,20.05671033,-4.6960262,1.647806143,102.1477481,-17.71617384,50.63157803,51.39979809,9.941510346,10.09235035
1.723137833,20.09753867,-4.676010633,1.648095747,102.3556846,-17.64066335,50.41524317,51.82406945,9.899032996,10.17565604
1.7241386,20.14516067,-4.707232,1.64834361,102.5982209,-17.75844871,50.75269402,51.72915489,9.96529147,10.15701956
1.725208633,20.18516133,-4.689276233,1.648781233,102.8019421,-17.690709,50.55862216,52.126948,9.927185461,10.23512624
1.726125167,20.22745967,-4.7013251,1.649029029,103.0173652,-17.73616441,50.68885029,52.21214301,9.952755754,10.25185428
1.727175633,20.265189,-4.696861933,1.649482995,103.2095187,-17.71932672,50.64061091,52.45253585,9.943283952,10.29905541
1.7281738,20.31254267,-4.721423467,1.6497325,103.4506884,-17.81198727,50.90608008,52.42823637,9.995408823,10.29428421
1.729202333,20.35476633,-4.711058133,1.650093478,103.6657313,-17.77288314,50.79404813,52.75531118,9.97341135,10.35850535
1.730190667,20.39495167,-4.695165333,1.650446481,103.870393,-17.71292615,50.6222735,53.13174756,9.939683401,10.43241863
1.7311361,20.43714133,-4.7147355,1.650724896,104.0852627,-17.78675633,50.83379432,53.13509643,9.981215515,10.43307618
1.732139267,20.47866733,-4.711218833,1.651071536,104.2967524,-17.77348939,50.79578503,53.38459542,9.97375239,10.48206531
1.733170767,20.521375,-4.716634267,1.651427828,104.5142602,-17.79391959,50.85431682,53.54357148,9.985245107,10.51328026
1.734094233,20.560358,-4.705201767,1.651734973,104.7127986,-17.75078948,50.73075058,53.86567604,9.960982877,10.57652549
1.7350988,20.595795,-4.692268367,1.652179281,104.8932773,-17.70199708,50.59096212,54.18594323,9.933535413,10.63940995
1.736126933,20.637537,-4.686481633,1.652547473,105.1058671,-17.68016612,50.5284172,54.46107792,9.921254717,10.69343265
1.737159733,20.68806567,-4.720779733,1.652781415,105.3632069,-17.80955873,50.89912239,54.34771251,9.994042682,10.67117335
1.738124467,20.72553367,-4.692000867,1.653153779,105.5540294,-17.70098792,50.58807089,54.84958652,9.93296772,10.76971631
1.739156833,20.78064433,-4.731527333,1.653314846,105.834705,-17.850105,51.015286,54.70304707,10.01685141,10.74094329
1.740122367,20.82233067,-4.7308879,1.653621319,106.0470113,-17.84769268,51.0083748,54.92226454,10.01549439,10.78398664
1.7411951,20.86260533,-4.728220767,1.65405731,106.252128,-17.83763069,50.97954754,55.15620851,10.00983416,10.82992154
1.742206133,20.90814733,-4.740279667,1.654348324,106.484071,-17.88312395,51.10988411,55.25781489,10.03542575,10.84987195
1.743177067,20.94984767,-4.735872267,1.654659975,106.6964485,-17.86649665,51.06224748,55.51782908,10.02607229,10.90092574
1.744134,20.99296333,-4.7347908,1.65493525,106.9160343,-17.86241672,51.05055863,55.74910371,10.02377719,10.94633651
1.7451506,21.02925333,-4.725142967,1.655378105,107.1008573,-17.82601942,50.94628166,56.0382037,10.0033024,11.0031013
1.7461927,21.08008867,-4.745657433,1.655616498,107.3597589,-17.90341205,51.16800879,56.07537819,10.04683853,11.01040051
1.7471571,21.11726233,-4.733616667,1.655993183,107.5490824,-17.8579872,51.03786821,56.39484226,10.02128542,11.07312728
1.748180933,21.16265367,-4.740887133,1.656299379,107.780258,-17.88541568,51.11644981,56.54743627,10.03671492,11.10308911
1.749160233,21.19947067,-4.7285641,1.656696602,107.967765,-17.83892594,50.9832584,56.86813469,10.01056279,11.16605825
1.7501934,21.244716,-4.7440659,1.65701444,108.1981971,-17.89740785,51.15080698,56.93101817,10.04346095,11.17840542
1.751130233,21.29021833,-4.7449991,1.657231881,108.429938,-17.90092843,51.16089331,57.15267277,10.0454414,11.2219273
1.752218133,21.332149,-4.749612633,1.657656858,108.6434887,-17.9183334,51.2107579,57.31635881,10.05523231,11.25406705
1.753149567,21.37355467,-4.7441082,1.657933667,108.8543655,-17.89756744,51.15126417,57.58672938,10.04355072,11.30715431
1.754201267,21.41066267,-4.751791667,1.65839869,109.0433546,-17.92655399,51.23430961,57.69267299,10.05985669,11.32795634
1.755139833,21.45289733,-4.737937933,1.658669526,109.2584534,-17.87428956,51.08457389,58.0575076,10.03045608,11.39959162
1.756205333,21.50136633,-4.7515979,1.658968732,109.5053035,-17.92582299,51.23221532,58.15671618,10.05944548,11.41907122
1.7571997,21.55067133,-4.769503567,1.659183586,109.7564112,-17.9933737,51.42574568,58.21429354,10.09744516,11.43037654
1.7581705,21.58609633,-4.764839667,1.659594317,109.9368288,-17.97577873,51.37533671,58.44512013,10.08754736,11.47569934
1.759197167,21.62442033,-4.7324301,1.660015081,110.1320109,-17.85351077,51.0250434,58.99059551,10.01876727,11.58280343
1.760173133,21.66636967,-4.7535262,1.660327829,110.3456566,-17.93309767,51.25305702,58.97622759,10.06353775,11.57998229
1.761186,21.708456,-4.7533234,1.660675311,110.56,-17.93233259,51.25086509,59.19276295,10.06310736,11.62249901
1.7622055,21.74741467,-4.735782,1.661078874,110.7584144,-17.86615611,51.06127185,59.58077059,10.02588073,11.69868431
1.763190467,21.79449933,-4.750699867,1.661319432,110.9982141,-17.92243508,51.22250908,59.65933304,10.05753966,11.71411004
1.7641831,21.845844,-4.780563333,1.661500306,111.2597097,-18.03509765,51.54528329,59.59805446,10.12091637,11.70207799
1.765202033,21.87927833,-4.7554946,1.661990643,111.429989,-17.94052364,51.27433214,60.03928487,10.06771512,11.78871358
1.766168267,21.92581033,-4.7720116,1.662221205,111.6669739,-18.00283548,51.45285333,60.09774865,10.10276775,11.80019295
1.767204767,21.96492567,-4.761841633,1.662639292,111.8661862,-17.96446838,51.34293297,60.4068813,10.08118489,11.86089114
1.7681588,22.00872867,-4.772277833,1.6629008,112.0892726,-18.00383987,51.45573087,60.51716973,10.10333276,11.88254628
1.769186367,22.044782,-4.7560417,1.663358363,112.2728902,-17.94258762,51.28024538,60.87627291,10.06887618,11.95305619
1.770154333,22.08644967,-4.7531643,1.663667564,112.4851014,-17.93173237,51.24914549,61.11958399,10.06276972,12.00083032
1.771141933,22.128152,-4.7304853,1.66399585,112.6974892,-17.84617384,51.00402336,61.57709386,10.01463999,12.09066238
1.772148933,22.17882967,-4.761418667,1.664201636,112.9555878,-17.9628727,51.33836141,61.50085445,10.08028726,12.07569277
1.773154767,22.22714533,-4.7770904,1.664443599,113.2016569,-18.0219957,51.50774668,61.57753827,10.11354606,12.09074964
1.774138,22.264912,-4.757069933,1.664829741,113.3940005,-17.94646672,51.29135886,61.98626969,10.07105831,12.17100405
1.775215167,22.308063,-4.768468067,1.665224691,113.6137662,-17.98946718,51.41455365,62.08284062,10.09524761,12.18996576
1.776158567,22.35083833,-4.770261633,1.665491813,113.8316187,-17.99623357,51.43393912,62.28130764,10.09905395,12.22893475
1.777156567,22.38733567,-4.748101533,1.66591279,114.0174977,-17.91263264,51.19442543,62.70670028,10.05202543,12.3124606
1.778146033,22.432389,-4.7788132,1.666189963,114.2469519,-18.02849511,51.52636727,62.60421264,10.11720221,12.29233715
1.779141567,22.47110733,-4.770353467,1.66657336,114.4441423,-17.99658002,51.43493168,62.89283863,10.09924884,12.34900886
1.7801835,22.512731,-4.765765033,1.666957223,114.6561294,-17.97926975,51.38533838,63.15441903,10.08951119,12.40037018
1.781107333,22.55869267,-4.767786667,1.667154402,114.8902097,-17.98689654,51.40718886,63.36664885,10.09380153,12.4420415
1.782145267,22.60290333,-4.774991233,1.667493365,115.1153722,-18.01407641,51.48505819,63.51394206,10.10909118,12.47096252
1.783165133,22.63817867,-4.756059167,1.667955529,115.2950276,-17.94265351,51.28043416,63.89822147,10.06891325,12.54641579
1.7841628,22.68949833,-4.779013,1.668141831,115.5563959,-18.02924888,51.52852678,63.91149716,10.11762623,12.54902247
1.785151867,22.72743367,-4.768740033,1.66853114,115.7495985,-17.9904932,51.41749316,64.21573339,10.09582478,12.60875925
1.786176067,22.76995667,-4.776254633,1.668883052,115.9661659,-18.0188427,51.49871344,64.35108047,10.11177238,12.63533465
1.787149967,22.808881,-4.768322167,1.669241558,116.1644054,-17.98891676,51.41297672,64.63505672,10.09493798,12.69109339
1.788155167,22.84696667,-4.766400467,1.669644624,116.3583737,-17.98166698,51.39220635,64.84979535,10.09085972,12.73325732
1.789192567,22.888929,-4.761221567,1.670018599,116.5720856,-17.96212912,51.33623109,65.11948252,10.07986897,12.78621039
1.790132867,22.93098633,-4.758688,1.670293973,116.7862813,-17.95257102,51.30884746,65.36106188,10.0744922,12.8336445
1.791188467,22.971032,-4.741183933,1.670716451,116.9902317,-17.88653538,51.11965773,65.75420205,10.03734479,12.91083757
1.792159633,23.01668133,-4.7621889,1.670965901,117.2227213,-17.96577847,51.34668635,65.75966303,10.08192186,12.91190984
1.793158733,23.06279033,-4.775850933,1.671236018,117.457552,-18.0173197,51.49435012,65.84682992,10.11091565,12.92902505
1.794213467,23.10848933,-4.783327567,1.67156825,117.6902945,-18.04552596,51.57516004,65.99876255,10.12678267,12.95885703
1.7951046,23.15011933,-4.768973667,1.671801213,117.9023139,-17.99137461,51.42001835,66.36592359,10.0963206,13.0309491
1.7962133,23.19392767,-4.787835767,1.672217304,118.1254274,-18.06253354,51.62388615,66.38516927,10.13635005,13.03472799
1.7971501,23.23111533,-4.763026567,1.672566167,118.3148222,-17.96893865,51.35574012,66.84271009,10.08369957,13.12456613
1.7981931,23.27663633,-4.782762667,1.67288948,118.5466582,-18.04339483,51.56905441,66.86123181,10.12558383,13.12820287
1.7991926,23.31414733,-4.768017933,1.673295931,118.7376997,-17.98776902,51.40968846,67.21163927,10.09429233,13.19700537
1.800124633,23.348251,-4.747961833,1.673688785,118.9113878,-17.91210561,51.19291551,67.60210036,10.05172896,13.27367241
1.8012198,23.38998567,-4.7585594,1.674124127,119.1239402,-17.95208586,51.30745751,67.70011078,10.07421928,13.29291675
1.802119533,23.43390233,-4.769074767,1.674329537,119.3476055,-17.99175601,51.42111107,67.81012244,10.09653516,13.31451754
1.803119233,23.48734033,-4.799500467,1.674484383,119.6197623,-18.10653966,51.74996209,67.75342829,10.16110506,13.30338564
1.804164067,23.53402,-4.7932706,1.67479121,119.8574994,-18.08303693,51.68262763,68.05849978,10.14788393,13.36328643
1.805158167,23.58769467,-4.810099433,1.674936714,120.1308616,-18.14652519,51.86451922,68.14997038,10.18359835,13.38124668
1.806147,23.623171,-4.787446,1.675364666,120.3115406,-18.06106312,51.61967343,68.57549523,10.13552288,13.46479849
1.8071537,23.66717667,-4.802639967,1.675675637,120.5356591,-18.1183837,51.78389484,68.63539232,10.16776775,13.47655928
1.808150067,23.70881367,-4.8082134,1.676013723,120.7477141,-18.13940997,51.84413435,68.78720781,10.17959578,13.50636825
1.809183567,23.754497,-4.808186833,1.676324969,120.9803769,-18.13930974,51.84384721,69.02015772,10.1795394,13.55210797
1.810145267,23.789795,-4.7931453,1.676728608,121.1601477,-18.08256423,51.68127334,69.3625024,10.14761802,13.61932735
1.8111219,23.82938033,-4.793462133,1.677079397,121.3617537,-18.08375951,51.68469778,69.56068393,10.14829041,13.65824029
1.8121355,23.88072133,-4.8084434,1.677281296,121.6232306,-18.14027766,51.84662026,69.66023841,10.18008389,13.67778781
1.813155233,23.92487167,-4.808285233,1.677603012,121.8480859,-18.13968096,51.84491075,69.8868032,10.17974822,13.72227381
1.8141201,23.97354767,-4.8392367,1.677798311,122.0959902,-18.25644811,52.17944442,69.80017378,10.24543391,13.70526412
1.815139733,24.008526,-4.817442567,1.678264937,122.2741329,-18.17422781,51.94388623,70.21387474,10.19918206,13.78649431
1.816086,24.047158,-4.8044667,1.678600432,122.4708836,-18.12527521,51.80363878,70.5508729,10.17164447,13.85266389
1.817181467,24.08839967,-4.799115167,1.679043868,122.6809252,-18.10508608,51.74579764,70.81875563,10.16028737,13.90526267
1.818151667,24.136874,-4.8159167,1.679247689,122.9278024,-18.16847135,51.92739416,70.88403628,10.19594384,13.91808052
1.819147133,24.17403867,-4.7929872,1.679655582,123.11708,-18.08196778,51.67956455,71.32114354,10.1472825,14.00390653
1.820126567,24.213871,-4.783212367,1.680005266,123.319944,-18.04509136,51.57391492,71.6296571,10.12653819,14.06448317
1.8211734,24.25347467,-4.786458667,1.680425966,123.5216433,-18.05733831,51.609002,71.79626937,10.13342754,14.09719749
1.822133233,24.29594233,-4.798958133,1.680714385,123.7379289,-18.10449366,51.74410037,71.87745655,10.15995411,14.11313859
1.823113067,24.33354533,-4.772081367,1.681099715,123.9294389,-18.00309868,51.45360739,72.35945958,10.10291581,14.20777989
1.824124467,24.382588,-4.797474533,1.68133575,124.1792106,-18.09889664,51.72806513,72.33477351,10.15680559,14.20293278
1.825121067,24.426077,-4.7882646,1.681644789,124.4006977,-18.06415136,51.62852113,72.65580465,10.13726012,14.26596724
1.826159033,24.46469567,-4.783000967,1.682072195,124.5973805,-18.04429383,51.57163004,72.90937853,10.12608956,14.31575648
1.8271189,24.51550733,-4.803196433,1.682228729,124.8561616,-18.12048302,51.78990931,72.94988035,10.16894869,14.32370901
1.8281641,24.54808433,-4.784732,1.682758887,125.0220745,-18.05082431,51.59033962,73.31536295,10.12976318,14.39547152
1.82912,24.58789467,-4.779777033,1.683085385,125.2248264,-18.03213126,51.5367847,73.57166976,10.11924768,14.44579736
1.830156733,24.63082633,-4.78195,1.683443369,125.4434751,-18.04032897,51.56027084,73.76683229,10.12385918,14.48411752
1.8312142,24.674989,-4.779553267,1.683802624,125.6683932,-18.03128708,51.53436616,74.01765506,10.1187728,14.53336657
1.832134033,24.723909,-4.800069667,1.683949032,125.9175401,-18.10868701,51.75611419,74.04505397,10.16231302,14.53874635
1.833206033,24.76241367,-4.7750702,1.684412273,126.1136423,-18.01437432,51.48591169,74.51135866,10.10925876,14.63030527
1.834122433,24.81483367,-4.8068838,1.684499913,126.3806145,-18.13439393,51.82976359,74.434479,10.17677408,14.61520995
1.835156567,24.85209267,-4.7994879,1.684944982,126.5703726,-18.10649225,51.74982626,74.70417442,10.16107839,14.66816465
1.836156933,24.89964233,-4.807885933,1.685193588,126.8125405,-18.13817457,51.84059498,74.8555736,10.17890082,14.69789188
1.8371018,24.946979,-4.8079098,1.685390062,127.0536236,-18.13826461,51.84085294,75.09639874,10.17895147,14.74517789
1.838167,24.98543767,-4.809896467,1.68584723,127.2494916,-18.14575948,51.86232549,75.27079411,10.18316761,14.77942042
1.839122567,25.035824,-4.8379539,1.686006189,127.5061064,-18.25160863,52.1655795,75.22415499,10.24271153,14.77026283
1.840139067,25.07587833,-4.834396533,1.68638943,127.710101,-18.23818815,52.1271303,75.46659875,10.23516203,14.81786667
1.841121967,25.113046,-4.8128109,1.686784709,127.8993939,-18.15675444,51.89382565,75.88919634,10.18935267,14.9008437
1.8420877,25.15817833,-4.814946967,1.687036901,128.1292505,-18.16481294,51.91691296,76.09596557,10.19388586,14.94144284
1.8431788,25.19826767,-4.823267467,1.687494188,128.3334233,-18.19620276,52.00684367,76.21020768,10.21154376,14.96387428
1.8441389,25.24779767,-4.839022,1.687671219,128.5856769,-18.25563813,52.17712387,76.29218111,10.24497827,14.97996976
1.845147467,25.28817867,-4.8322811,1.688041362,128.7913352,-18.23020749,52.104266,76.57069725,10.23067263,15.0346564
1.8461687,25.3325,-4.854486633,1.688361875,129.0170614,-18.31397983,52.34427074,76.55641867,10.27779756,15.03185281
1.847191233,25.37256,-4.817460867,1.68875106,129.2210848,-18.17429685,51.94408402,77.16062882,10.1992209,15.15048947
1.848186333,25.40392,-4.7889555,1.689250358,129.3807996,-18.06675784,51.6359886,77.62843904,10.13872636,15.242344
1.849117767,25.448882,-4.812327533,1.689470942,129.6097886,-18.1549309,51.88860126,77.60481543,10.18832686,15.23770551
1.8501546,25.48928133,-4.813718633,1.689869062,129.8155403,-18.16017895,51.90363673,77.79553159,10.19127907,15.27515263
1.851177,25.54772867,-4.847843467,1.68996741,130.1132094,-18.2889179,52.2724692,77.72436825,10.26369933,15.26117971
1.8521389,25.58359967,-4.8255372,1.690362189,130.2958985,-18.20476553,52.0313757,78.14815082,10.21636062,15.34438941
1.853118633,25.63011267,-4.854349767,1.690606552,130.5327867,-18.31346349,52.34279144,78.0736233,10.2775071,15.32975593
1.854185567,25.66712233,-4.8467269,1.691088363,130.7212749,-18.28470555,52.26040098,78.344502,10.26132973,15.38294297
1.8551607,25.70731033,-4.826511533,1.691428124,130.9259503,-18.20844129,52.04190662,78.76767169,10.21842836,15.46603234
1.856185267,25.75988833,-4.850352133,1.691621432,131.1937272,-18.29838206,52.2995837,78.77777153,10.26902326,15.46801544
1.857187433,25.80050933,-4.8457845,1.691981381,131.4006078,-18.28115026,52.25021521,79.03402059,10.25932976,15.51832994
1.858176933,25.83435867,-4.8356959,1.692435723,131.5730006,-18.24309013,52.14117429,79.31545435,10.23791957,15.57358946
1.8591465,25.861889,-4.800705767,1.692970035,131.7132111,-18.11108676,51.76298937,79.83384978,10.16366296,15.6753764
1.860177033,25.91322833,-4.813806367,1.693188893,131.9746796,-18.16050993,51.90458498,79.95372264,10.19146526,15.69891344
1.861150967,25.95624167,-4.819502633,1.693482786,132.1937442,-18.1819996,51.96615211,80.1112201,10.20355397,15.72983807
1.862134033,26.00070667,-4.827216433,1.693762861,132.420202,-18.21110059,52.04952541,80.25430466,10.21992431,15.75793272
1.863170467,26.031814,-4.813810833,1.694307487,132.57863,-18.16052678,51.90463326,80.55762479,10.19147474,15.81748963
1.8641372,26.074333,-4.791849467,1.694601995,132.795177,-18.07767558,51.66726755,81.01153748,10.14486798,15.90661538
1.8651962,26.11352467,-4.807323767,1.695041375,132.994778,-18.13605375,51.8345189,81.04388718,10.17770779,15.91296725
1.866139033,26.14592033,-4.772502933,1.695472033,133.1597674,-18.00468908,51.45816383,81.58523164,10.10381047,16.01926023
1.867162,26.19943367,-4.808289167,1.695648954,133.432308,-18.1396958,51.84495326,81.47098274,10.17975657,15.99682746
1.868175033,26.240186,-4.794437567,1.696017693,133.6398574,-18.08743942,51.69524059,81.82824485,10.15036049,16.06697588
1.869145267,26.289515,-4.820850367,1.696208035,133.8910873,-18.18708404,51.98071886,81.79399653,10.20641415,16.06025122
1.8701889,26.33244567,-4.812034467,1.696572934,134.1097309,-18.15382528,51.8854337,82.10792527,10.18770491,16.12189113
1.8711181,26.377985,-4.810763033,1.696782157,134.3416603,-18.14902868,51.87169163,82.35359672,10.18500665,16.17012872
1.8721523,26.41802867,-4.8204293,1.697183267,134.5456005,-18.18549553,51.97616783,82.45306076,10.20552055,16.18965848
1.873126633,26.45925667,-4.8266152,1.697505785,134.7555725,-18.20883238,52.04302708,82.5961735,10.21864837,16.21775867
1.8740879,26.48731867,-4.801808333,1.698023392,134.8984908,-18.11524629,51.77490627,83.00721256,10.16600285,16.29846619
1.8751419,26.52368333,-4.801812667,1.698502467,135.0836941,-18.11526264,51.77495311,83.19236902,10.16601204,16.33482166
1.876108533,26.565209,-4.807154167,1.698812579,135.2951821,-18.13541392,51.8326858,83.34612431,10.17734786,16.36501151
1.877156267,26.596713,-4.787783,1.699362234,135.4556303,-18.06233448,51.62331583,83.71594246,10.13623806,16.4376253
1.878146933,26.64529833,-4.8197999,1.699584767,135.7030727,-18.18312106,51.96936507,83.61733572,10.20418483,16.41826387
1.8791094,26.68109,-4.810949633,1.699981367,135.8853578,-18.14973265,51.87370846,83.89527736,10.18540266,16.47283771
1.8801197,26.72064033,-4.817745367,1.700366376,136.0867855,-18.17537015,51.94715899,84.02325456,10.19982467,16.49796603
1.8811633,26.763409,-4.816908833,1.700733804,136.304604,-18.17221426,51.93811746,84.25011461,10.19804936,16.54251
1.882121367,26.79689333,-4.801419267,1.701162483,136.4751379,-18.1137785,51.77070111,84.58806487,10.16517716,16.60886654
1.883130233,26.83960733,-4.827878933,1.701496041,136.692678,-18.21359993,52.05668593,84.51962016,10.22133028,16.59542742
1.8841639,26.863058,-4.7901929,1.702158953,136.812111,-18.07142604,51.64936283,85.04637624,10.14135239,16.69885597
1.885167967,26.896607,-4.803254433,1.70263261,136.9829743,-18.12070183,51.7905362,85.07606613,10.16907178,16.70468558
1.886182467,26.92522933,-4.795768267,1.703194591,137.1287463,-18.0924596,51.70962323,85.3027511,10.15318452,16.74919518
1.887087467,26.967249,-4.798210467,1.70343526,137.3427502,-18.10167302,51.73601934,85.4903589,10.1583674,16.78603197
1.888132167,27.00935633,-4.7931166,1.703814243,137.5572006,-18.08245596,51.68096315,85.75986548,10.14755711,16.83894959
1.889172733,27.04702733,-4.779914067,1.704259231,137.749057,-18.03264823,51.5382658,86.0944192,10.11953849,16.90463921
1.890196367,27.09521067,-4.801081367,1.704521086,137.9944521,-18.11250374,51.76704897,86.11103115,10.16446007,16.90790097
1.8911352,27.13421367,-4.7929449,1.704843282,138.1930923,-18.0818082,51.67910736,86.39761296,10.14719273,16.9641713
1.892175867,27.18015933,-4.8020803,1.705157548,138.4270911,-18.11627231,51.77784578,86.53287335,10.16658002,16.99072968
1.893161867,27.22367267,-4.7939129,1.705455602,138.6487021,-18.08546007,51.68956982,86.84276037,10.14924703,17.051576
1.894155933,27.273589,-4.796043867,1.705660491,138.9029234,-18.09349933,51.71260201,87.07394939,10.1537694,17.09696996
1.895125,27.31532367,-4.805553133,1.705969733,139.1154758,-18.12937388,51.81538131,87.1837225,10.17395012,17.11852391
1.8961473,27.35399167,-4.784592133,1.706380692,139.3124098,-18.05029665,51.58882789,87.60720996,10.12946636,17.20167568
1.897200033,27.39513533,-4.7951937,1.706782944,139.5219523,-18.090292,51.70341313,87.70216721,10.15196517,17.22032053
1.898173,27.43421033,-4.768309733,1.707138135,139.7209592,-17.98886986,51.41284234,88.19174488,10.09491159,17.31644911
1.899116033,27.48201733,-4.7922351,1.707325339,139.9644377,-18.07913042,51.6714356,88.1766301,10.14568638,17.31348132
1.900165033,27.52811,-4.820416433,1.707645614,140.1991851,-18.18544699,51.97602876,88.10678441,10.20549325,17.29976712
1.901158467,27.569876,-4.795725667,1.707978727,140.4118971,-18.09229889,51.7091628,88.58636237,10.15309412,17.39393225
1.902149933,27.62524733,-4.811069333,1.708094773,140.6939003,-18.15018423,51.87500222,88.70252617,10.18565669,17.41674101
1.903177233,27.671469,-4.800854533,1.708391308,140.9293048,-18.11164799,51.76459729,89.04833557,10.16397868,17.48464069
1.904191267,27.716754,-4.789000633,1.708689386,141.1599389,-18.06692811,51.63647642,89.40709051,10.13882214,17.55508222
1.905170033,27.75701267,-4.784119133,1.709031663,141.3649741,-18.04851222,51.58371555,89.6648866,10.12846255,17.60570048
1.9061178,27.80404533,-4.798762967,1.709235843,141.604509,-18.10375737,51.74199094,89.74614606,10.15953992,17.62165578
1.907167333,27.84387733,-4.7834918,1.709655633,141.8073712,-18.04614555,51.57693513,90.11406411,10.12713121,17.69389649
1.908133867,27.893907,-4.790162367,1.709831197,142.0621696,-18.07131085,51.64903282,90.29676482,10.14128759,17.72976977
1.909165,27.93405033,-4.803517,1.710227664,142.2666174,-18.12169238,51.7933741,90.35687138,10.16962901,17.74157169
1.910115733,27.97288867,-4.800519,1.710564364,142.464419,-18.11038216,51.76097073,90.58707629,10.1632666,17.78677243
1.911123,28.00474733,-4.7816383,1.711067945,142.6266735,-18.03915305,51.55690189,90.95339962,10.12319769,17.85870001
1.9121499,28.036068,-4.768489833,1.711599665,142.7861879,-17.9895493,51.41478892,91.25502706,10.0952938,17.91792456
1.913105633,28.076889,-4.7757419,1.711910018,142.9940871,-18.01690836,51.49317165,91.38454349,10.11068425,17.94335511
1.914162233,28.11885633,-4.772453633,1.712303115,143.2078245,-18.00450309,51.45763098,91.63382153,10.10370584,17.99230086
1.915138633,28.16653133,-4.779732233,1.712525773,143.4506307,-18.03196225,51.53630049,91.79795823,10.1191526,18.0245291
1.916112133,28.208402,-4.805215067,1.712837298,143.6638757,-18.12809849,51.81172737,91.73577641,10.17323267,18.0123197
1.917165367,28.24282433,-4.7770767,1.713346314,143.8391868,-18.02194401,51.50759861,92.21521626,10.11351699,18.10645771
1.918132633,28.28514733,-4.7690576,1.713644454,144.0547356,-17.99169125,51.42092553,92.51743811,10.09649873,18.16579897
1.919108467,28.332022,-4.788951567,1.713879199,144.2934657,-18.066743,51.63594609,92.54114771,10.13871801,18.17045435
1.920054133,28.37129233,-4.7624567,1.714204002,144.4934674,-17.96678877,51.34958082,93.02751468,10.08249019,18.26595251
1.921107033,28.41254367,-4.759433933,1.714604718,144.7035583,-17.95538512,51.31690976,93.27027656,10.07607523,18.3136188
1.922149867,28.45696433,-4.771573867,1.714945261,144.9297903,-18.00118409,51.44812217,93.36529622,10.10183879,18.33227591
1.9231282,28.50808267,-4.776055967,1.715115413,145.1901333,-18.01809321,51.49656618,93.57719513,10.11135077,18.37388226
1.9241289,28.55081433,-4.774093433,1.715440525,145.4077633,-18.01068938,51.47535448,93.81603692,10.10718585,18.42077885
1.9250968,28.59295767,-4.758593233,1.715742139,145.6223971,-17.9522135,51.30782319,94.19820193,10.07429108,18.49581695
1.926155267,28.64472333,-4.776987533,1.715982191,145.8860368,-18.02160763,51.50663486,94.26303002,10.11332776,18.50854594
1.927145,28.71306167,-4.775043467,1.715891495,146.2340803,-18.01427346,51.48562275,94.63208559,10.10920203,18.58101001
1.9281435,28.75779867,-4.7715036,1.716182703,146.4619234,-18.000919,51.4473627,94.89818878,10.10168967,18.63325937
1.9291037,28.80484,-4.764219267,1.71639918,146.7015024,-17.97343821,51.36863122,95.21649924,10.08623074,18.69575963
1.930114233,28.85735067,-4.7844486,1.716579519,146.9689364,-18.04975516,51.58727654,95.26528793,10.12916175,18.70533929
1.931127767,28.89106267,-4.752617667,1.717060066,147.1406298,-17.92967015,51.24323729,95.78102058,10.06160964,18.80660339
1.932159633,28.943746,-4.793401867,1.717259009,147.4089432,-18.08353215,51.6840464,95.60852486,10.14816251,18.77273386
1.933157267,28.98054633,-4.7557092,1.717674829,147.5963653,-17.94133323,51.27665161,96.20334177,10.06817054,18.88952616
1.9341234,29.02609767,-4.780532833,1.717920796,147.8283558,-18.03498258,51.54495364,96.16703023,10.12085165,18.88239639
1.935133767,29.069033,-4.778392967,1.718252355,148.0470232,-18.02690975,51.52182525,96.40882597,10.11631039,18.92987298
1.9362175,29.101092,-4.7295513,1.718829235,148.2102979,-17.84265024,50.99392838,97.0999976,10.01265784,19.06558453
1.937137033,29.143643,-4.7280634,1.719076038,148.4270079,-17.83703701,50.97784667,97.33278927,10.00950019,19.11129317
1.938194067,29.19204067,-4.7476384,1.719367904,148.6734946,-17.91088543,51.18941974,97.36770292,10.05104257,19.11814847
1.9391345,29.229273,-4.730025433,1.719719694,148.8631169,-17.84443895,50.99905297,97.74769196,10.01366405,19.19275932
1.940162433,29.273786,-4.7227982,1.720043877,149.0898192,-17.81717358,50.92093865,98.0525086,9.998326303,19.25261006
1.941155033,29.321857,-4.748737967,1.720276474,149.3346422,-17.91503364,51.20130422,98.01696605,10.05337608,19.24563128
1.942135767,29.36038833,-4.7349415,1.720648027,149.5308802,-17.86298525,51.05218745,98.36232083,10.024097,19.3134417
1.9431537,29.403347,-4.7349046,1.720986784,149.7496664,-17.86284604,51.05178862,98.58150584,10.0240187,19.35647867
1.9441245,29.44771067,-4.7363294,1.721256194,149.9756082,-17.86822122,51.06718833,98.7920479,10.02704243,19.39781861
1.9450924,29.50915433,-4.7689659,1.72125267,150.2885375,-17.99134531,51.4199344,98.75223112,10.09630412,19.39000058
1.9461806,29.544475,-4.719234333,1.72178245,150.4684237,-17.80372857,50.8824192,99.46963258,9.99076301,19.53086236
1.947175533,29.591982,-4.728028,1.722026298,150.7103743,-17.83690346,50.97746405,99.61653832,10.00942507,19.5597073
1.948136633,29.644567,-4.726834133,1.722156029,150.9781869,-17.83239949,50.96456035,99.89725461,10.00689142,19.61482594
1.9492126,29.71030933,-4.732431233,1.722192609,151.3130091,-17.85351505,51.02505565,100.1715815,10.01876968,19.66869002
1.950116,29.76459467,-4.725185533,1.722237758,151.5894814,-17.82618,50.94674173,100.5263677,10.00339274,19.73835229
1.951195267,29.816781,-4.7352427,1.722491959,151.8552636,-17.86412155,51.05544291,100.6834487,10.02473622,19.76919515
1.9521147,29.867129,-4.7407009,1.722615391,152.1116832,-17.88471309,51.11443694,100.8808743,10.03631969,19.80795967
1.9531363,29.90640933,-4.735893433,1.723015968,152.3117358,-17.8665765,51.06247626,101.1328876,10.02611721,19.85744249
1.95414,29.94573733,-4.7090645,1.723397893,152.5120312,-17.76536198,50.77250028,101.623159,9.96918043,19.95370727
1.955103367,29.99043433,-4.6959443,1.7236546,152.7396707,-17.71586487,50.63069282,101.9926059,9.941336536,20.02624816
1.9561299,30.07284,-4.770274933,1.7233783,153.1593583,-17.99628375,51.43408287,101.6089035,10.09908217,19.9509082
1.956908433,30.101067,-4.756700833,1.723710564,153.3031169,-17.94507426,51.28736951,101.8993754,10.070275,20.00794236
1.957374467,30.12048967,-4.757672,1.723869525,153.4020355,-17.94873807,51.2978662,101.9877973,10.07233603,20.02530401
1.957406267,30.13403433,-4.7531786,1.723687184,153.4710177,-17.93178632,51.24930005,102.1053457,10.06280006,20.04838464
1.956818133,30.10449767,-4.7551888,1.723566025,153.3205891,-17.93936998,51.27102695,101.9331902,10.06706614,20.01458189
1.9559067,30.06397867,-4.7703449,1.723295197,153.114228,-17.9965477,51.43483909,101.563017,10.09923066,19.94189838
1.954847533,30.011235,-4.744685333,1.723069908,152.8456073,-17.89974472,51.15750202,101.5717334,10.04477552,19.94360985
1.953875067,29.97035533,-4.750473333,1.722743749,152.6374094,-17.92158046,51.22006063,101.3009768,10.0570589,19.8904468
1.952827967,29.93428467,-4.751094333,1.722266926,152.4537034,-17.92392324,51.2267726,101.1105589,10.0583768,19.85305823
1.9518551,29.89182067,-4.761946533,1.721965415,152.2374366,-17.96486412,51.34406677,100.7769978,10.08140751,19.78756352
1.950897767,29.850738,-4.754172167,1.721657599,152.0282047,-17.93553464,51.26003884,100.6517939,10.06490863,19.76297974
1.949872233,29.803423,-4.728820333,1.721380116,151.787232,-17.83989261,50.98602785,100.6848322,10.01110657,19.7694668
1.948848633,29.76565667,-4.759095967,1.720953601,151.5948901,-17.95411011,51.3132569,100.1652612,10.07535799,19.66744904
1.947862933,29.72020667,-4.7413953,1.720686466,151.3634157,-17.88733278,51.12194225,100.1251015,10.03779336,19.65956367
1.9468826,29.675988,-4.744442967,1.72040523,151.1382124,-17.89883037,51.15488244,99.86695798,10.04426117,19.6088772
1.945884033,29.62866467,-4.741020367,1.720154845,150.8971972,-17.88591831,51.11788984,99.66293538,10.03699767,19.56881736
1.944892167,29.584428,-4.7522135,1.71986236,150.6719022,-17.9281454,51.23886893,99.31666133,10.06075191,19.50082645
1.943828567,29.53671833,-4.7506064,1.71955305,150.4289194,-17.92208247,51.22149886,99.09104863,10.0573413,19.4565274
1.9428993,29.49695533,-4.7528426,1.719252436,150.2264086,-17.93051873,51.24566845,98.86436822,10.062087,19.4120187
1.941905867,29.45572733,-4.774670633,1.718910818,150.0164366,-18.01286692,51.48159304,98.41847164,10.10841079,19.32446691
1.940861667,29.40314433,-4.744963667,1.718697955,149.7486342,-17.90079476,51.16051033,98.47175195,10.0453662,19.3349285
1.939865067,29.360583,-4.755301467,1.718374249,149.5318717,-17.93979502,51.27224469,98.14325501,10.06730525,19.27042812
1.938868833,29.318357,-4.7545689,1.718045609,149.3168169,-17.93703135,51.26432687,97.93611808,10.06575058,19.22975679
1.937885433,29.27436333,-4.758005467,1.717757749,149.0927595,-17.9499961,51.30147042,97.67491716,10.07304372,19.17846998
1.9368467,29.22543667,-4.747039667,1.717492546,148.8435786,-17.90862665,51.18294843,97.54425826,10.04977192,19.15281511
1.935893967,29.17507733,-4.736566233,1.717335994,148.5871013,-17.8691147,51.0697481,97.40098121,10.02754504,19.12468266
1.934902767,29.138927,-4.758291533,1.716916331,148.4029896,-17.95107531,51.30456232,96.98205528,10.07365081,19.04242656
1.9339017,29.09320833,-4.74263,1.716638076,148.1701468,-17.89199079,51.13528729,96.9184876,10.04041366,19.02994504
1.932889867,29.050319,-4.766154733,1.716304323,147.9517138,-17.98073993,51.38955038,96.44579144,10.09033822,18.93713115
1.931915567,28.99896233,-4.757457067,1.716141972,147.690157,-17.94792721,51.29554313,96.27824195,10.07187989,18.90423281
1.930916967,28.94703467,-4.737874833,1.715964349,147.4256922,-17.87405151,51.08389188,96.22542838,10.03032217,18.89386286
1.929871267,28.90199867,-4.738287467,1.715630668,147.1963263,-17.8756082,51.08835176,95.99160257,10.03119787,18.84795117
1.928887733,28.86346133,-4.753282533,1.71525641,147.0000577,-17.93217842,51.25042339,95.63326237,10.06302063,18.77759107
1.927835867,28.82077267,-4.769751533,1.714879451,146.7826466,-17.99430918,51.42842579,95.23784889,10.0979714,18.69995163
1.926857867,28.776009,-4.765601,1.714609164,146.5546677,-17.97865092,51.38356545,95.05473028,10.08916308,18.66399629
1.9259122,28.72761867,-4.7502316,1.714428549,146.3082183,-17.9206685,51.2174479,94.97439847,10.05654589,18.64822314
1.9248131,28.68731833,-4.7898146,1.713966597,146.1029709,-18.06999887,51.64527404,94.34132489,10.14054956,18.52391914
1.923920133,28.635152,-4.775640167,1.71389838,145.8372906,-18.01652457,51.49207208,94.22884652,10.11046835,18.50183401
1.922857867,28.591427,-4.7846729,1.713527406,145.6146015,-18.05060135,51.58970085,93.90852868,10.12963776,18.43893961
1.921860233,28.53648367,-4.749397467,1.713398427,145.334778,-17.91752166,51.20843231,94.00997377,10.05477568,18.45885835
1.920889067,28.49084733,-4.7662368,1.71314877,145.1023546,-17.98104953,51.39043739,93.5955453,10.09051238,18.37748532
1.9198166,28.43523067,-4.715400833,1.712955603,144.8191019,-17.78926636,50.84098546,93.86174452,9.982627496,18.42975354
1.918899533,28.393529,-4.737487467,1.71269784,144.6067176,-17.87259013,51.07970509,93.41064055,10.0295001,18.34117927
1.9178154,28.34804333,-4.7469468,1.712332835,144.3750615,-17.9082763,51.18194469,93.07674489,10.04957484,18.27561886
1.916879967,28.303385,-4.741145133,1.71210345,144.147619,-17.886389,51.11923836,92.91200873,10.03726245,18.24327291
1.915842367,28.26658633,-4.7556224,1.711647637,143.9602054,-17.94100577,51.27571344,92.56812002,10.06798633,18.17575037
1.914813333,28.22456,-4.768251133,1.71128304,143.7461676,-17.98864878,51.41220897,92.21758664,10.09478723,18.10692314
1.913875433,28.18289367,-4.7734462,1.711003884,143.5339632,-18.00824763,51.46835896,91.94923224,10.10581228,18.05423175
1.9128246,28.14507867,-4.8103962,1.710550906,143.3413734,-18.14764477,51.86772677,91.35727467,10.18422815,17.93800088
1.9118937,28.08512533,-4.773646833,1.710567868,143.0360343,-18.00900454,51.47052748,91.44913486,10.10623807,17.95603763
1.9108512,28.03810433,-4.7799465,1.71026877,142.7965589,-18.03277059,51.53861635,91.14157056,10.11960732,17.89564738
1.909847267,27.99740267,-4.792048267,1.709908331,142.5892675,-18.07842557,51.66941625,90.80347926,10.14528988,17.82926315
1.908860833,27.941838,-4.763496867,1.709800375,142.3062796,-17.97071289,51.36082328,90.82908437,10.08469765,17.83429072
1.907862667,27.90471433,-4.7877717,1.709389133,142.1172108,-18.06229185,51.6231937,90.37764511,10.13621408,17.74565062
1.9068501,27.85376967,-4.773502033,1.709182002,141.8577523,-18.00845827,51.46896243,90.27241793,10.10593077,17.72498926
1.905839467,27.81339267,-4.800436,1.708809729,141.6521144,-18.11006904,51.76007364,89.77566883,10.16309046,17.62745257
1.904892567,27.76324767,-4.7856283,1.708655621,141.3967286,-18.05420568,51.60002713,89.68032955,10.13166533,17.60873271
1.9038548,27.71260567,-4.7839473,1.708418504,141.1388116,-18.04786396,51.58185832,89.44058137,10.12809788,17.56165815
1.902856133,27.67134967,-4.795115633,1.708072095,140.9286971,-18.08999748,51.70256936,89.10975574,10.15179949,17.49670054
1.9018841,27.61881633,-4.7724937,1.707930614,140.6611476,-18.00465424,51.45806403,89.08671163,10.10379087,17.49217583
1.900874633,27.57513767,-4.7948618,1.707611707,140.4386945,-18.08903988,51.69982584,88.62249671,10.1512608,17.40102723
1.899909667,27.52378167,-4.788409533,1.707458679,140.1771412,-18.06469813,51.63008761,88.43068159,10.1375677,17.36336433
1.898872033,27.48750433,-4.803085033,1.70699459,139.9923827,-18.12006275,51.78870527,88.08730543,10.16871228,17.29594242
1.897946233,27.440654,-4.809859433,1.706809494,139.7537764,-18.14561977,51.86192522,87.77547925,10.18308902,17.23471535
1.896887767,27.39536733,-4.807144933,1.706467009,139.5231339,-18.13537908,51.83258601,87.5741759,10.17732826,17.19518944
1.895889333,27.34827233,-4.801259533,1.706213148,139.2832816,-18.11317589,51.76897466,87.39793494,10.16483817,17.16058453
1.8949,27.301576,-4.8191584,1.705962083,139.0454596,-18.18070095,51.96243152,86.96665616,10.20282343,17.07590294
1.893876567,27.247998,-4.7998368,1.705785718,138.7725898,-18.1078085,51.75359729,86.90262052,10.16181883,17.06332954
1.892868867,27.196631,-4.783824733,1.705590131,138.5109804,-18.04740157,51.58053358,86.81407486,10.12783777,17.0459436
1.891861933,27.143947,-4.789902033,1.705416131,138.2426636,-18.07032872,51.64621905,86.48007261,10.14073511,16.98036226
1.890803133,27.10105067,-4.785303733,1.705035522,138.0241949,-18.05298123,51.5965191,86.31130383,10.13097653,16.94722451
1.889905233,27.06201767,-4.810612367,1.704754734,137.8254019,-18.14846028,51.87006317,85.83896679,10.1846869,16.85448113
1.888907867,27.00708967,-4.7905251,1.704625779,137.5456566,-18.07267929,51.65295336,85.77633125,10.14205739,16.84218264
1.887852933,26.963243,-4.785466667,1.704264062,137.3223478,-18.05359591,51.59828014,85.60769575,10.13132231,16.80907106
1.886888967,26.910087,-4.773810233,1.704140491,137.0516272,-18.00962098,51.47229356,85.46296169,10.10658484,16.78065253
1.885842333,26.86576533,-4.7851302,1.703794583,136.8258993,-18.05232656,51.5946435,85.11488388,10.13060825,16.71230745
1.884873667,26.81629867,-4.785733367,1.703607985,136.5739683,-18.05460205,51.60116272,84.85643358,10.1318883,16.66156073
1.883871433,26.773197,-4.7778738,1.703287189,136.3544538,-18.02495114,51.51621393,84.7218679,10.1152086,16.63513876
1.882863267,26.73377067,-4.794922233,1.702902352,136.1536576,-18.08926787,51.70047903,84.3368066,10.15138906,16.55953198
1.881874067,26.684381,-4.790423367,1.702694003,135.9021187,-18.07229549,51.65185379,84.13389292,10.14184149,16.51968988
1.8808943,26.64095867,-4.7947027,1.702400743,135.6809711,-18.08843966,51.69810624,83.86649286,10.15092316,16.46718587
1.879900433,26.59514467,-4.793576233,1.702131196,135.4476428,-18.08418996,51.68593101,83.64533985,10.14853255,16.42376248
1.8788869,26.55102667,-4.8051373,1.701815168,135.2229522,-18.12780511,51.81088684,83.29569341,10.17306763,16.3551094
1.877832433,26.49890233,-4.7976759,1.701584787,134.9574858,-18.09965632,51.73024157,83.11087226,10.15723293,16.31881977
1.8768825,26.44668133,-4.7856358,1.701460468,134.691527,-18.05423398,51.60010819,82.97504689,10.13168124,16.29215046
1.8759139,26.40879433,-4.800437267,1.701090862,134.4985706,-18.11007382,51.76008733,82.6221113,10.16309315,16.22285155
1.874891667,26.35163067,-4.773188733,1.700972386,134.2074391,-18.00727632,51.46557618,82.62549096,10.10526588,16.22351515
1.873900567,26.31163433,-4.802414567,1.700613628,134.0037399,-18.11753336,51.78145864,82.10590932,10.1672894,16.1214953
1.872903,26.26512167,-4.797847267,1.700351426,133.7668534,-18.10030281,51.73209375,81.9183877,10.15759661,16.08467542
1.871870867,26.21964133,-4.801215467,1.700038337,133.5352245,-18.11300965,51.76849837,81.65035419,10.16474466,16.03204704
1.870903967,26.16911833,-4.7937088,1.699870206,133.2779136,-18.08469008,51.68736384,81.4741778,10.14881389,15.99745481
1.869880967,26.126428,-4.7919313,1.69952214,133.060494,-18.07798431,51.66815203,81.27597003,10.14504165,15.95853672
1.8688903,26.075393,-4.781671833,1.699338337,132.8005755,-18.03927956,51.55726433,81.12693922,10.12326885,15.92927452
1.867906567,26.02341267,-4.773528267,1.699176412,132.5358425,-18.00855724,51.46924597,80.95022454,10.10598645,15.89457659
1.866896567,25.97795,-4.772558367,1.698885177,132.3043035,-18.0048982,51.45876297,80.72916862,10.10392811,15.85117226
1.865927,25.932772,-4.7753709,1.698629875,132.0742144,-18.01550873,51.48916176,80.4686807,10.10989691,15.80002546
1.8648504,25.88474333,-4.772122667,1.698312608,131.829607,-18.00325449,51.45405378,80.25918126,10.10300346,15.75889024
1.8639415,25.84386133,-4.7879076,1.698050052,131.6213972,-18.06280454,51.62466255,79.88036266,10.13650249,15.68450921
1.862898867,25.808101,-4.793471833,1.69757279,131.4392717,-18.0837961,51.68480262,79.63809713,10.148311,15.63694037
1.861850733,25.75517367,-4.7854791,1.697361438,131.1697156,-18.05364281,51.59841452,79.45492917,10.13134869,15.60097534
1.8608635,25.70133633,-4.776206467,1.697225373,130.895525,-18.01866098,51.49819284,79.28096021,10.11167016,15.56681654
1.859875433,25.66768533,-4.8139609,1.696769328,130.7241423,-18.16109292,51.90625523,78.70151508,10.19179321,15.45304249
1.858879633,25.61705033,-4.809680467,1.696574068,130.4662609,-18.14494461,51.85999089,78.48989809,10.18270921,15.41149149
1.8579214,25.568823,-4.804812933,1.696378308,130.2206417,-18.12658141,51.80738098,78.29688878,10.17237926,15.37359411
1.856890667,25.52225367,-4.7950096,1.696083836,129.9834666,-18.08959746,51.70142331,78.16567133,10.15157447,15.34782957
1.8559077,25.476118,-4.8015812,1.695830274,129.7485001,-18.11438941,51.77245134,77.85967683,10.16552082,15.28774755
1.854878433,25.432925,-4.8106459,1.695483889,129.5285205,-18.14858679,51.87042561,77.54172293,10.18475807,15.2253173
1.853867167,25.38400133,-4.795118,1.695246106,129.2793549,-18.09000641,51.70259494,77.460388,10.15180452,15.20934718
1.852876567,25.335635,-4.803434533,1.695020177,129.0330278,-18.12138127,51.79248278,77.12417302,10.16945399,15.14333137
1.8518694,25.28676533,-4.783277067,1.69478564,128.7841372,-18.04533545,51.57461422,77.093151,10.1266755,15.1372402
1.8508578,25.25338567,-4.8226846,1.694301773,128.6141363,-18.19400385,52.00054386,76.49722051,10.21030679,15.02022925
1.849879167,25.20430633,-4.818540733,1.694099084,128.3641779,-18.17837074,51.95575558,76.29205038,10.20151261,14.97994409
1.848836967,25.16308633,-4.8186447,1.693708572,128.1542467,-18.17876297,51.95687928,76.08099543,10.20173325,14.93850345
1.847854033,25.11920467,-4.8291952,1.693419408,127.9307597,-18.21856566,52.07091257,75.74347517,10.22412368,14.87223135
1.8468973,25.06230767,-4.798990733,1.693362216,127.6409863,-18.10461664,51.74445272,75.78016166,10.16002329,14.87943474
1.845854433,25.011321,-4.802628867,1.693125448,127.381314,-18.11834182,51.78377487,75.48116716,10.16774419,14.82072717
1.8449353,24.969152,-4.828527467,1.692873007,127.1665495,-18.21604658,52.06369549,74.98648208,10.22270661,14.72359576
1.8438367,24.925244,-4.816607133,1.692468592,126.9429284,-18.17107607,51.93485659,74.8916999,10.19740909,14.70498528
1.842939433,24.868557,-4.7934451,1.692467547,126.6542246,-18.08369525,51.68451368,74.85333896,10.14825426,14.69745311
1.841859767,24.82683233,-4.80478,1.692047547,126.4417231,-18.12645716,51.80702503,74.51832613,10.17230936,14.63167334
1.840854433,24.78191067,-4.801318,1.691752426,126.2129395,-18.11339646,51.76960659,74.32696094,10.16496225,14.59409878
1.8398886,24.731486,-4.7776146,1.691583806,125.9561294,-18.02397329,51.51341241,74.326345,10.11465853,14.59397784
1.838856,24.684538,-4.7855188,1.691293454,125.7170257,-18.05379258,51.59884361,74.00181015,10.13143294,14.53025542
1.837889167,24.63332067,-4.785906,1.691136367,125.4561786,-18.05525333,51.6030286,73.73677804,10.13225467,14.47821637
1.8369039,24.59518267,-4.8027719,1.690754062,125.2619438,-18.11888143,51.78532082,73.36025104,10.16804774,14.40428529
1.8359102,24.557327,-4.819699133,1.69035886,125.0691469,-18.18274091,51.96827595,72.98449903,10.20397098,14.33050638
1.834864433,24.50803467,-4.812656067,1.690092405,124.8181037,-18.15617032,51.89215216,72.80957962,10.18902408,14.29616096
1.833911767,24.454833,-4.781343133,1.689980857,124.5471505,-18.03803951,51.55371163,72.87706691,10.12257128,14.30941209
1.8329318,24.423546,-4.8203869,1.689495538,124.3878075,-18.18533557,51.97570956,72.29572597,10.20543057,14.1952658
1.8318815,24.376271,-4.8186644,1.689192655,124.1470385,-18.17883729,51.95709221,72.07357429,10.20177506,14.15164631
1.830941567,24.320525,-4.7967995,1.689134066,123.8631271,-18.09635002,51.72076915,72.02598597,10.15537302,14.14230234
1.829888633,24.279944,-4.806097833,1.688722719,123.6564502,-18.1314288,51.8212686,71.71880966,10.17510609,14.08198828
1.828924667,24.240106,-4.8258044,1.688388591,123.4535574,-18.20577357,52.03426369,71.30292178,10.21692767,14.00032869
1.827907033,24.18957567,-4.815038667,1.688169842,123.1962092,-18.16515889,51.91790408,71.16193311,10.19408047,13.97264557
1.826851733,24.136635,-4.783535633,1.687951534,122.9265852,-18.04631091,51.57740889,71.23280433,10.12722424,13.98656113
1.8259023,24.09155833,-4.795896667,1.687714763,122.6970121,-18.092944,51.71101102,70.86962916,10.15345701,13.91525169
1.824836133,24.045709,-4.7982351,1.687373474,122.4635039,-18.10176595,51.73628558,70.61084641,10.15841967,13.86443969
1.823895633,24.00337667,-4.8003766,1.687102248,122.2479076,-18.10984495,51.75943162,70.37210407,10.1629644,13.81756263
1.822787733,23.95616467,-4.784994567,1.68674077,122.0074595,-18.05181487,51.59317753,70.29790999,10.13032041,13.80299463
1.821863833,23.91683233,-4.812306433,1.686438714,121.807142,-18.1548513,51.8883732,69.80239685,10.18828208,13.70570062
1.820869867,23.86947833,-4.8086748,1.686193414,121.5659706,-18.14115064,51.84912131,69.60047736,10.18057497,13.66605373
1.8198801,23.824641,-4.814225833,1.685912526,121.3376165,-18.1620924,51.90911871,69.31212583,10.19235546,13.60943591
1.818849667,23.77446433,-4.7927825,1.685675386,121.0820694,-18.08119553,51.67735208,69.2883454,10.14684808,13.60476662
1.817873267,23.73704967,-4.806355633,1.685290511,120.8915185,-18.13240138,51.82405499,68.9510916,10.1756532,13.53854684
1.8168562,23.69658333,-4.813931467,1.684913218,120.6854257,-18.16098188,51.9059371,68.66311663,10.19173075,13.48200295
1.815856767,23.643614,-4.806810367,1.684751229,120.4156557,-18.1341169,51.8289699,68.47031386,10.17661824,13.44414613
1.814851367,23.60332667,-4.813330633,1.684382772,120.2104745,-18.15871518,51.8994431,68.19465944,10.19045565,13.39002138
1.813851067,23.55903567,-4.7988049,1.684082713,119.9849028,-18.10391557,51.74244417,68.12608668,10.15962891,13.37655712
1.812882433,23.52110167,-4.818146567,1.683713816,119.791707,-18.17688372,51.95149529,67.72383974,10.2006761,13.29757593
1.811803367,23.48516967,-4.855881533,1.683202834,119.6087072,-18.31924221,52.35934728,67.13298801,10.28075784,13.18156219
1.810876933,23.43207633,-4.8220204,1.683115807,119.3383057,-18.19149809,51.99336496,67.22856883,10.20889721,13.20032949
1.809876467,23.38521267,-4.809303767,1.682856254,119.0996316,-18.14352347,51.85591939,67.12734026,10.18190977,13.18045326
1.8088835,23.34147967,-4.8069342,1.682554706,118.8769018,-18.13458407,51.83030833,66.9302215,10.17688104,13.14174899
1.807898567,23.30149133,-4.839261233,1.682201989,118.6732434,-18.25654066,52.17970959,66.37716182,10.24548598,13.03315572
1.806848667,23.25368367,-4.841236433,1.681907928,118.4297615,-18.26399228,52.2010582,66.11233132,10.24967778,12.98115626
1.805871167,23.206901,-4.821881433,1.681670062,118.1914999,-18.19097383,51.99186297,66.08326495,10.20860229,12.97544907
1.8049053,23.16775467,-4.841252033,1.681323099,117.9921297,-18.26405113,52.20122681,65.67453093,10.24971088,12.89519415
1.803859333,23.11929267,-4.825482367,1.681043316,117.7453153,-18.20455867,52.03078304,65.59816034,10.21624425,12.88019878
1.802894967,23.06225067,-4.799689933,1.680980784,117.4548035,-18.10725444,51.7520099,65.58642164,10.16150714,12.87789389
1.801827667,23.02114767,-4.814932367,1.680563322,117.2454681,-18.16475786,51.91675516,65.21234101,10.19385488,12.80444316
1.800918967,22.97815967,-4.8106874,1.680334262,117.0265326,-18.14874335,51.87087416,65.03928644,10.18484614,12.77046389
1.799871967,22.93565433,-4.8151978,1.679959272,116.8100552,-18.16575923,51.91962405,64.77405917,10.19441818,12.71838652
1.798914633,22.88459633,-4.7980841,1.679809165,116.5500195,-18.10119629,51.73465353,64.69899404,10.15809922,12.70364748
1.7979099,22.83520533,-4.786996233,1.679585304,116.2984738,-18.05936633,51.6148122,64.56728966,10.13456838,12.67778732
1.796932033,22.79584333,-4.810271767,1.67922975,116.0980053,-18.14717534,51.86638185,64.11525145,10.18396408,12.58902962
1.795885933,22.750565,-4.796501633,1.678899501,115.8674051,-18.09522629,51.7175497,64.03348348,10.15474088,12.57297448
1.794935967,22.71011133,-4.8082714,1.678589106,115.6613768,-18.13962878,51.84476123,63.70024361,10.17971887,12.50754283
1.7939451,22.66171667,-4.799198467,1.67836336,115.4149054,-18.10540033,51.74669797,63.55183543,10.16046415,12.47840289
1.792897967,22.61477333,-4.791564967,1.6780584,115.1758255,-18.07660228,51.66419258,63.39526095,10.14426421,12.44765949
1.791929133,22.56338867,-4.770694433,1.677901959,114.9141261,-17.99786635,51.43861696,63.35913722,10.09997244,12.44056659
1.7908906,22.51491933,-4.768318633,1.677629725,114.6672744,-17.98890343,51.41293853,63.13796394,10.09493048,12.39713922
1.7899143,22.46984067,-4.7738584,1.677366119,114.4376912,-18.00980269,51.47281416,62.84850509,10.10668706,12.34030397
1.788899867,22.42224133,-4.761084567,1.677104231,114.1952704,-17.96161228,51.33475035,62.74414805,10.07957823,12.31981347
1.78791,22.39178967,-4.793996167,1.676595805,114.0401816,-18.0857742,51.69046979,62.2333399,10.14942374,12.21951629
1.7869204,22.35706333,-4.826337467,1.676155229,113.8633223,-18.20778461,52.04002525,61.7069251,10.21805896,12.11615474
1.785883,22.30773033,-4.809756433,1.675897783,113.612072,-18.1452312,51.86081196,61.63488806,10.18287043,12.10201027
1.784872533,22.26589567,-4.812596467,1.675548723,113.3990103,-18.15594547,51.89150798,61.39113034,10.18889759,12.05414844
1.783915667,22.213625,-4.793655267,1.675418255,113.1327986,-18.08448812,51.68678523,61.32964139,10.14870028,12.04207509
1.782863567,22.17422633,-4.804515533,1.674989048,112.9321433,-18.12545944,51.80416658,61.01160474,10.17174811,11.97962859
1.7819053,22.131004,-4.802037867,1.674714127,112.7120143,-18.11611222,51.77738714,60.81825516,10.16648997,11.9416644
1.780871433,22.07875167,-4.7799468,1.674506369,112.4458959,-18.03277172,51.5386196,60.79090438,10.11960796,11.93629408
1.7798984,22.027617,-4.781580433,1.674341775,112.1854698,-18.03893475,51.55627644,60.51282142,10.12307488,11.88169249
1.778868633,21.98570967,-4.778055033,1.673974564,111.972038,-18.02563486,51.51817276,60.33749332,10.11559322,11.84726681
1.777854633,21.943659,-4.778512133,1.673625385,111.7578762,-18.02735931,51.52311324,60.11839104,10.11656329,11.80424608
1.776869033,21.90102833,-4.782631067,1.673313775,111.5407605,-18.04289835,51.56763204,59.85675655,10.12530455,11.75287415
1.775895433,21.85858367,-4.790509533,1.673011226,111.3245921,-18.07262057,51.65278511,59.55543508,10.14202436,11.69370968
1.7748484,21.80644067,-4.7725504,1.672788573,111.0590306,-18.00486815,51.45867686,59.48398183,10.1039112,11.67967983
1.7738716,21.7618,-4.7749001,1.672517542,110.8316781,-18.0137326,51.4840732,59.23123298,10.10889777,11.63005259
1.772876133,21.714587,-4.770827967,1.672268513,110.5912249,-17.99837012,51.44006023,59.03479267,10.10025583,11.59148154
1.7718939,21.67744967,-4.791557467,1.671873421,110.4020864,-18.07657399,51.66411152,58.62160294,10.1442483,11.51035174
1.7709318,21.627161,-4.779010767,1.671706385,110.1459689,-18.02924045,51.52850264,58.50109434,10.11762149,11.48668987
1.769864533,21.58183033,-4.773725067,1.671355796,109.9151023,-18.00929968,51.47137305,58.32735728,10.1064041,11.4525766
1.768941433,21.53491767,-4.7639939,1.671174385,109.6761786,-17.972588,51.36619538,58.19361126,10.08575246,11.42631557
1.767876667,21.49025833,-4.770478267,1.670815682,109.448731,-17.99705084,51.43628056,57.89607849,10.09951369,11.36789501
1.766909533,21.44106733,-4.7482052,1.670626259,109.1982039,-17.91302373,51.1955459,57.88628604,10.05224544,11.36597226
1.765903233,21.40799967,-4.779046733,1.670142759,109.029792,-18.02937614,51.52889138,57.3845287,10.11769782,11.26745221
1.764875933,21.370848,-4.7925315,1.669702826,108.8405806,-18.08024861,51.67463919,57.04956945,10.14631541,11.20168296
1.7638926,21.32080833,-4.7598279,1.66951062,108.5857313,-17.95687139,51.32116788,57.14819143,10.07691131,11.22104739
1.7629297,21.27793367,-4.7625612,1.669225569,108.3673729,-17.96718301,51.35071029,56.90029065,10.08271196,11.17237207
1.761909233,21.23357567,-4.753644467,1.668906402,108.14146,-17.93354384,51.25433529,56.77075274,10.06378873,11.1469373
1.760914,21.19316933,-4.779894533,1.668549993,107.9356727,-18.03257454,51.53805468,56.28124606,10.11949704,11.05082266
1.759933667,21.141834,-4.774388133,1.668381271,107.6742246,-18.01180116,51.47853969,56.07931295,10.10781127,11.0111731
1.758925433,21.08907967,-4.755482833,1.668207084,107.4055496,-17.94047924,51.27420496,56.0149727,10.06769014,10.99853989
1.757942067,21.048046,-4.749149167,1.667872459,107.1965674,-17.91658493,51.2057486,55.8744468,10.05424874,10.97094763
1.756946233,21.01096367,-4.7677838,1.667462898,107.007709,-17.98688573,51.40715787,55.48417919,10.09379545,10.89431858
1.755887733,20.96346533,-4.762955167,1.667155346,106.7658026,-17.96866928,51.35496841,55.2944622,10.08354805,10.85706765
1.754928767,20.91543933,-4.767838167,1.666955671,106.5212087,-17.98709083,51.40774549,54.99709128,10.09391083,10.79867887
1.753870967,20.87484467,-4.755289433,1.666539672,106.3144623,-17.93974963,51.27211463,54.92597568,10.06727971,10.78471533
1.752917433,20.829526,-4.755979233,1.666302627,106.0836567,-17.94235196,51.27957022,54.68771456,10.06874361,10.73793275
1.751897333,20.79203267,-4.765745633,1.665875297,105.8927052,-17.97919656,51.3851287,54.39120455,10.08947002,10.67971301
1.750865767,20.746301,-4.770754033,1.665566748,105.6597963,-17.9980912,51.43926114,54.10416319,10.10009892,10.62335244
1.7499809,20.69713233,-4.760195733,1.665459238,105.4093829,-17.95825908,51.32514354,53.96786741,10.07769193,10.59659077
1.748860133,20.65147633,-4.7496996,1.665060293,105.1768593,-17.91866149,51.21169787,53.84878953,10.05541688,10.57320982
1.747910967,20.61060467,-4.750979567,1.664757307,104.9687021,-17.92349027,51.22553217,53.62679802,10.05813324,10.52962179
1.746896167,20.56242933,-4.749074333,1.664504159,104.7233478,-17.91630261,51.20493978,53.40203603,10.05408993,10.48548977
1.745898933,20.514536,-4.728753867,1.664264119,104.4794296,-17.83964186,50.98530946,53.37774818,10.01096551,10.48072085
1.744910467,20.472618,-4.737950667,1.663938376,104.2659435,-17.8743376,51.08471151,53.06486,10.03048311,10.41928526
1.743852433,20.43196,-4.742561033,1.663523146,104.0588745,-17.89173061,51.13454188,52.80796063,10.0402673,10.36884307
1.7428951,20.39426033,-4.7585085,1.663161844,103.8668721,-17.95189384,51.30690737,52.44359276,10.07411126,10.29729944
1.741886767,20.355123,-4.7804545,1.662772272,103.6675477,-18.03468706,51.54410699,52.00706881,10.12068541,10.21158796
1.740874367,20.30698967,-4.756104333,1.66252086,103.4224073,-17.94282391,51.28092234,52.02511297,10.0690091,10.21513093
1.739883167,20.25971333,-4.735526567,1.662277099,103.1816314,-17.86519246,51.05851104,52.00674845,10.02533864,10.21152506
1.738891167,20.215817,-4.747372,1.6619791,102.9580698,-17.90988041,51.1865404,51.65515742,10.05047721,10.14249016
1.737890167,20.17818467,-4.777652267,1.661573067,102.7664103,-18.02411539,51.51381952,51.13621884,10.11473846,10.04059657
1.736926533,20.133288,-4.752065633,1.66131925,102.537754,-17.92758756,51.23727074,51.18411132,10.06043811,10.05000026
1.7358585,20.078615,-4.727769867,1.661115597,102.2593074,-17.83592963,50.97467406,51.16826134,10.00887725,10.04688811
1.7349093,20.03622933,-4.736688467,1.660836514,102.0434394,-17.86957584,51.07106924,50.85599824,10.02780444,9.985575255
1.733907233,19.99337433,-4.739195667,1.660511985,101.8251812,-17.87903447,51.09816788,50.61064138,10.03312526,9.937399436
1.732860133,19.95459767,-4.754877567,1.660077944,101.6276937,-17.93819582,51.26766304,50.24365875,10.06640564,9.865342395
1.731901633,19.90827367,-4.7417016,1.659851827,101.3917681,-17.88848832,51.12525284,50.15014331,10.0384434,9.846980638
1.730860867,19.86287367,-4.736184933,1.659528834,101.1605483,-17.86767621,51.06562688,49.9785495,10.02673584,9.813288195
1.7298968,19.81788133,-4.7367196,1.659276096,100.9314048,-17.86969329,51.07140574,49.74362711,10.02787052,9.767161183
1.728900567,19.772798,-4.737271,1.65899263,100.7017978,-17.87177349,51.07736545,49.5080604,10.02904071,9.72090766
1.7278963,19.726534,-4.710791067,1.658719797,100.4661777,-17.77187561,50.79116158,49.55864421,9.972844577,9.73083979
1.7269068,19.68877533,-4.7442322,1.658327262,100.2738749,-17.89803524,51.1526044,49.00489853,10.04381387,9.622111826
1.7258823,19.65223,-4.7562499,1.657880544,100.0877515,-17.94337307,51.28249567,48.68888384,10.06931803,9.560062341
1.7249115,19.60205067,-4.7439537,1.657703079,99.83219082,-17.89698457,51.14959428,48.56622458,10.04322284,9.535978196
1.723902667,19.55498967,-4.729941367,1.65743828,99.59251167,-17.8441218,50.99814435,48.47799536,10.01348564,9.51865439
1.722890533,19.51436367,-4.7384569,1.657068444,99.38560564,-17.87624741,51.09018305,48.17905063,10.03155744,9.459956591
1.721894767,19.465899,-4.727791,1.656838903,99.13877769,-17.83600936,50.97490248,48.04750326,10.0089221,9.434127265
1.720855333,19.42816933,-4.734031167,1.656395976,98.94662253,-17.85955094,51.04234826,47.78790231,10.02216508,9.383154619
1.719925633,19.38758767,-4.758196833,1.656107872,98.73994228,-17.95071805,51.30353877,47.32003155,10.07344984,9.291288196
1.718898467,19.344438,-4.746026033,1.655762902,98.52018335,-17.90480263,51.17199274,47.23181865,10.04762078,9.273967591
1.717913533,19.29331833,-4.725359933,1.65558617,98.25983363,-17.82683794,50.94862671,47.19483497,10.00376285,9.266705846
1.7168781,19.252308,-4.7274162,1.655199111,98.05097021,-17.83459539,50.97085152,46.96374673,10.0081267,9.221331671
1.715918867,19.21772067,-4.7552169,1.654786703,97.87481878,-17.93947599,51.27133067,46.48711615,10.06712578,9.127745257
1.7149277,19.17638967,-4.744812967,1.654448979,97.66432221,-17.90022623,51.15888152,46.38906874,10.04504639,9.108493647
1.713894033,19.13256467,-4.747914167,1.654108186,97.44112384,-17.91192578,51.19240031,46.13235158,10.0516278,9.058087232
1.712883367,19.078586,-4.714670667,1.653950922,97.16621339,-17.78651174,50.83309358,46.21674786,9.981077925,9.074658442
1.711888867,19.03787167,-4.739228233,1.653600116,96.95885748,-17.87915733,51.09851988,45.74396565,10.03319438,8.981827656
1.710928467,18.98961833,-4.7130642,1.653402601,96.71310585,-17.7804512,50.81573036,45.78100353,9.977668656,8.989100044
1.709873733,18.954143,-4.725992833,1.652908733,96.53243188,-17.82922561,50.9554673,45.46059263,10.005106,8.926187362
1.708842467,18.91005833,-4.739280067,1.652574444,96.30791104,-17.87935288,51.09908011,45.09245898,10.03330438,8.853904321
1.707926467,18.866501,-4.7440621,1.652347086,96.08607588,-17.89739352,51.1507659,44.81893803,10.04345289,8.800198482
1.706892933,18.81712133,-4.720427067,1.652094245,95.8345879,-17.80822827,50.89531065,44.82290529,9.993294247,8.800977453
1.7058902,18.77435767,-4.7189552,1.651767605,95.61679484,-17.80267552,50.87940223,44.62102065,9.990170629,8.761337405
1.704908833,18.730788,-4.7193599,1.651475075,95.39489687,-17.80420229,50.88377636,44.39474855,9.991029489,8.716908877
1.703883367,18.68196233,-4.700568367,1.651221542,95.14623037,-17.73330957,50.68067126,44.34918715,9.951149803,8.707962897
1.7028968,18.639397,-4.711606333,1.650907933,94.92944742,-17.77495127,50.79997325,44.01310221,9.974574749,8.641972618
1.7018809,18.59700067,-4.709550233,1.650562319,94.71352517,-17.76719445,50.77775025,43.81940297,9.970211261,8.603939772
1.7008798,18.557468,-4.710790167,1.650186231,94.51218742,-17.77187221,50.79115186,43.60466361,9.972842667,8.5617757
1.6999154,18.50684367,-4.691932067,1.650022202,94.25436041,-17.70072836,50.58732728,43.55066118,9.932821712,8.551172322
1.6988574,18.46672067,-4.7082947,1.649598546,94.05001613,-17.76245784,50.76418003,43.16946415,9.967546748,8.476324285
1.697872767,18.426918,-4.7051506,1.649243193,93.84730328,-17.75059645,50.73019756,43.00073377,9.96087429,8.443194077
1.696900633,18.37627967,-4.693669933,1.649071652,93.58940497,-17.70728462,50.60611072,42.8669223,9.936509839,8.416920194
1.695883667,18.32895367,-4.6793227,1.648802909,93.3483762,-17.65315841,50.45104108,42.78096316,9.906061916,8.400042117
1.6949245,18.291781,-4.6981815,1.648431442,93.1590578,-17.7243049,50.65487322,42.38781263,9.946084357,8.32284701
1.6938834,18.24046067,-4.671085367,1.648201717,92.8976861,-17.62208234,50.36200926,42.41930489,9.888580518,8.329030515
1.6929075,18.19700333,-4.668718967,1.647912877,92.67636024,-17.61315489,50.33643243,42.22355586,9.883558507,8.290595193
1.691891833,18.15319833,-4.668628533,1.647589768,92.45326373,-17.61281372,50.33545499,42.00143678,9.883366588,8.246982112
1.690897,18.14947267,-4.649019733,1.646653837,92.43428911,-17.53883779,50.12351661,42.19440055,9.841752485,8.284870548
1.689938833,18.116072,-4.663931333,1.646223735,92.26418131,-17.59509312,50.2846861,41.86312325,9.873398117,8.21982425
1.688906767,18.076964,-4.678394333,1.645809966,92.06500637,-17.64965607,50.44100699,41.50762742,9.904091722,8.150022645
1.687942967,18.02500833,-4.6603387,1.645667585,91.80039895,-17.58153959,50.24585574,41.43817126,9.865773774,8.136384926
1.686891967,17.982324,-4.6674242,1.645291424,91.58300993,-17.60827027,50.32243816,41.14419982,9.880810733,8.078663634
1.685908533,17.93797933,-4.654542767,1.64500908,91.35716493,-17.55967392,50.18321137,41.0575816,9.853473553,8.061656147
1.6848958,17.89753167,-4.659182533,1.644635824,91.15116713,-17.57717785,50.23335951,40.80143567,9.863320139,8.011361894
1.683901033,17.84832733,-4.642919067,1.644418978,90.90057211,-17.51582249,50.05757858,40.72662157,9.828805555,7.996672145
1.682850733,17.807486,-4.656113767,1.64401438,90.69256939,-17.56560066,50.20019126,40.37600618,9.856807554,7.927828813
1.681902833,17.76659867,-4.657487733,1.643712908,90.4843324,-17.57078407,50.21504155,40.1529189,9.859723408,7.884025626
1.680926467,17.72105267,-4.6471335,1.643456624,90.25236907,-17.53172181,50.10312957,40.03286754,9.837749492,7.860453542
1.679886467,17.67395067,-4.636792367,1.643161307,90.01248111,-17.49270897,49.99135919,39.90474997,9.815803376,7.835297657
1.6789484,17.62743633,-4.6406215,1.642958632,89.77558611,-17.50715471,50.03274572,39.62646843,9.823929623,7.780657077
1.677905733,17.582309,-4.607042467,1.642629428,89.54575503,-17.38047484,49.66981244,39.75957064,9.752667672,7.806791694
1.676923,17.53980167,-4.621799933,1.642318736,89.32926746,-17.43614869,49.82931601,39.3835795,9.783986199,7.732965834
1.675881133,17.48893667,-4.603365267,1.642081045,89.07021475,-17.36660228,49.63006805,39.32377475,9.744863861,7.721223172
1.674835833,17.44607667,-4.5985254,1.641713361,88.85193108,-17.34834346,49.57775717,39.15780195,9.73459262,7.688634413
1.673919967,17.401296,-4.605930333,1.641505477,88.62386555,-17.37627922,49.65779213,38.84970146,9.750307486,7.628138881
1.672845567,17.36028567,-4.603511633,1.64107945,88.41500212,-17.36715446,49.63165003,38.66698014,9.745174483,7.592261551
1.671919733,17.32172733,-4.6057318,1.640763224,88.2186266,-17.37553024,49.65564632,38.44660833,9.749886155,7.548991545
1.6709144,17.28089533,-4.615061767,1.640403445,88.01067142,-17.41072836,49.75648768,38.13781178,9.769686357,7.488359343
1.6698881,17.23857,-4.611708633,1.640046308,87.79511077,-17.39807837,49.72024591,37.95849291,9.762570284,7.453150082
1.668940067,17.201602,-4.6216955,1.639682739,87.60683473,-17.43575471,49.82818726,37.66227551,9.783764569,7.394987797
1.667882133,17.155915,-4.609444133,1.639347117,87.3741533,-17.38953534,49.69577045,37.5620109,9.757764527,7.37530084
1.6669429,17.11017633,-4.612076933,1.639131012,87.14120873,-17.39946781,49.72422662,37.30061015,9.763351896,7.323974804
1.665916367,17.06627367,-4.598615667,1.63879858,86.9176148,-17.348684,49.5787328,37.22251005,9.734784185,7.308639848
1.664897467,17.018856,-4.595855033,1.638529353,86.67611917,-17.33826926,49.54889496,37.01085226,9.728925526,7.267080841
1.663896067,16.97486233,-4.590229333,1.638223493,86.45206179,-17.31704581,49.48809054,36.8475993,9.716986577,7.235026123
1.662905333,16.93249067,-4.593839467,1.637902656,86.23626517,-17.33066536,49.52711005,36.59278316,9.724648059,7.184992974
1.661934467,16.88597767,-4.583840967,1.63766716,85.99937696,-17.29294513,49.41904296,36.46396205,9.703429086,7.159698948
1.6609333,16.846313,-4.584329167,1.637293091,85.79736695,-17.29478691,49.42431959,36.2566754,9.704465151,7.118998215
1.6598767,16.820716,-4.630152533,1.63664118,85.6670028,-17.46765961,49.91959367,35.63103717,9.801712218,6.996154149
1.6589133,16.77170633,-4.617941533,1.636452623,85.4173992,-17.42159254,49.78761315,35.51341409,9.775797842,6.973058858
1.657945,16.725313,-4.600927967,1.636217801,85.18112045,-17.35740735,49.6037249,35.46102359,9.739691385,6.962771982
1.656894433,16.67632533,-4.5908953,1.63594173,84.93162889,-17.31955823,49.49528853,35.31996841,9.718399902,6.935075798
1.655963267,16.63506233,-4.5874106,1.635662931,84.72147865,-17.30641189,49.45762474,35.14748196,9.711004617,6.901208083
1.6549133,16.587588,-4.573331667,1.635363534,84.47969442,-17.25329787,49.30545498,35.05786749,9.681126084,6.883612282
1.653953233,16.54724967,-4.585152167,1.635041216,84.27425346,-17.29789175,49.43321484,34.72466666,9.706211735,6.818188299
1.652970333,16.500006,-4.563370533,1.634805238,84.033644,-17.21571862,49.19779176,34.71948029,9.659986411,6.817169955
1.6518986,16.45903633,-4.5647165,1.634381236,83.82498769,-17.22079639,49.21233941,34.49627633,9.662842843,6.773343857
1.650940133,16.41310333,-4.566532933,1.63414897,83.59105339,-17.22764905,49.23197202,34.24270942,9.666697706,6.723555994
1.649900933,16.36649033,-4.5571955,1.633846721,83.35365589,-17.19242276,49.13104996,34.10623398,9.646881659,6.696759041
1.648888833,16.320306,-4.547002167,1.633564795,83.11844156,-17.15396751,49.02087704,33.98119256,9.625249207,6.67220716
1.6479006,16.27511367,-4.543939267,1.633291053,82.88827943,-17.14241244,48.98777221,33.78413527,9.618749073,6.633514961
1.646847333,16.23940533,-4.5519293,1.632802335,82.70641881,-17.17255555,49.07413113,33.51591573,9.635705647,6.580850053
1.645929967,16.19522367,-4.5523348,1.63258348,82.48140396,-17.17408534,49.0785139,33.2865181,9.636566205,6.535807828
1.6448987,16.15205633,-4.543878733,1.632234689,82.26155505,-17.14218408,48.98711794,33.15806515,9.618620608,6.510586092
1.643922933,16.11177333,-4.544213767,1.631895797,82.05639589,-17.14344802,48.99073909,32.94928484,9.619331621,6.469592079
1.642882567,16.06818433,-4.5501679,1.631544572,81.83439946,-17.16591051,49.05509333,32.66293417,9.631967576,6.413367124
1.641935933,16.023056,-4.5505136,1.631311418,81.60456328,-17.1672147,49.05882977,32.42936155,9.632701226,6.367505141
1.640850933,15.98108267,-4.550123233,1.630890016,81.39079535,-17.16574201,49.05461056,32.21981283,9.631872784,6.32636025
1.639925567,15.93349833,-4.528596867,1.630716958,81.1484509,-17.08453188,48.82194648,32.21013246,9.586189191,6.324459509
1.638888967,15.88759233,-4.510537533,1.630406132,80.9146541,-17.01640145,48.62675524,32.17152691,9.547863391,6.316879309
1.6378345,15.84093733,-4.517232067,1.630089281,80.6770427,-17.04165717,48.69911197,31.86155878,9.562070634,6.256017066
1.636848833,15.78926733,-4.495234333,1.629920517,80.41389016,-16.95866878,48.4613532,31.83616501,9.5153867,6.251031
1.635761333,15.75006233,-4.501459833,1.629452848,80.2142212,-16.98215503,48.52864046,31.56920879,9.528598554,6.198614146
1.634819433,15.70231467,-4.4877576,1.629265838,79.9710449,-16.93046214,48.38054219,31.47413076,9.499519459,6.179945574
1.633839633,15.655963,-4.487695567,1.629018858,79.73497835,-16.93022812,48.37987172,31.23873468,9.499387811,6.133725555
1.632836467,15.61910433,-4.489177133,1.628598427,79.54725915,-16.93581746,48.39588498,31.03500221,9.502532015,6.093722685
1.631837,15.57361567,-4.487022533,1.628318136,79.31558781,-16.92768904,48.37259735,30.82661851,9.497959489,6.052806544
1.6308151,15.53450833,-4.496345733,1.627914523,79.11641626,-16.96286163,48.47336557,30.52667873,9.517745331,5.993913369
1.6298571,15.48843667,-4.4675575,1.627684916,78.88177574,-16.85425548,48.16221284,30.60319095,9.456650491,6.008936543
1.628870467,15.44583267,-4.462537567,1.627371852,78.66479586,-16.83531734,48.10795574,30.44046816,9.44599711,5.976985924
1.627825467,15.39924,-4.443935467,1.627063482,78.42750191,-16.76513927,47.9068981,30.40423186,9.406519441,5.969870925
1.6268737,15.35387467,-4.451391133,1.626828942,78.1964587,-16.79326643,47.98748141,30.09260534,9.422341974,5.908683059
1.625810433,15.31469733,-4.4697508,1.626385068,77.99693065,-16.8625299,48.18591875,29.69463995,9.461305146,5.830542554
1.624897033,15.26315533,-4.4350631,1.626286548,77.73443001,-16.73166748,47.81100263,29.80705543,9.387690366,5.852615334
1.623852633,15.21598567,-4.4369058,1.6259879,77.49419744,-16.73861923,47.83091914,29.54690634,9.391600973,5.801535061
1.6228428,15.170554,-4.419059267,1.625696341,77.2628164,-16.67129161,47.63802791,29.50841653,9.35372678,5.793977587
1.621840067,15.12770633,-4.4125062,1.62537103,77.04459554,-16.64656959,47.5672002,29.36102338,9.339819759,5.765036941
1.6208985,15.080309,-4.385857267,1.625178815,76.80320346,-16.54603413,47.27916972,29.40766178,9.283264975,5.774194391
1.6198888,15.03558567,-4.395828067,1.624876191,76.57542993,-16.58364985,47.38693743,29.07212055,9.304425163,5.70831087
1.6188929,14.99140633,-4.384702767,1.624578766,76.35042696,-16.54167868,47.26669151,28.9673635,9.280814877,5.687741823
1.617834567,14.94663233,-4.379208633,1.624228309,76.12239538,-16.52095157,47.2073091,28.79871433,9.269155142,5.654627558
1.6168679,14.91022267,-4.397256467,1.62383728,75.93696291,-16.58903862,47.40237604,28.41821491,9.307456536,5.579916497
1.6158771,14.865533,-4.381181967,1.623553023,75.70936084,-16.52839615,47.22863754,28.36435134,9.273342981,5.569340386
1.614804533,14.822208,-4.374629933,1.623165425,75.48870894,-16.50367802,47.157821,28.21451599,9.259438153,5.539920214
1.613874833,14.779855,-4.374167433,1.622905326,75.27300738,-16.5019332,47.15282214,28.00381329,9.258456628,5.498548739
1.612809533,14.73797933,-4.370081833,1.62250208,75.05973686,-16.48651991,47.10866363,27.83470128,9.249786104,5.465343596
1.611869067,14.69830933,-4.380081467,1.622188796,74.85769969,-16.52424441,47.21674297,27.52458476,9.271007482,5.404452218
1.6108484,14.65405733,-4.368247167,1.621867754,74.63232663,-16.47959847,47.08883395,27.42712073,9.245892545,5.385315155
1.6098623,14.60875033,-4.359255167,1.621597957,74.40158051,-16.44567536,46.99164544,27.29356312,9.226809582,5.359091118
1.608844667,14.56201967,-4.347238067,1.621319136,74.16358374,-16.40033978,46.86176065,27.18545113,9.201306704,5.337863329
1.607851567,14.52098,-4.344119567,1.620974873,73.95457092,-16.38857497,46.82805487,27.01014409,9.194688575,5.303441792
1.6068216,14.48343433,-4.365474867,1.620538503,73.76335286,-16.46913972,47.05887001,26.58811089,9.240009127,5.220575573
1.6058705,14.43709333,-4.348179167,1.620320054,73.52734063,-16.40389017,46.87193237,26.53903631,9.203303921,5.210939779
1.604807633,14.395474,-4.3506411,1.619915189,73.3153756,-16.41317803,46.89854176,26.30046189,9.208528675,5.164095692
1.603826967,14.350979,-4.347128333,1.619637989,73.08876496,-16.39992581,46.86057462,26.11181839,9.201073826,5.12705554
1.602854,14.308316,-4.3348679,1.619339524,72.87148459,-16.35367224,46.7280598,26.02705283,9.175054543,5.110411824
1.601851367,14.26439167,-4.3289514,1.619031334,72.64778032,-16.33135172,46.66411232,25.86729605,9.162498454,5.07904358
1.600795667,14.22119133,-4.328077233,1.618658632,72.42776335,-16.32805385,46.65466404,25.65672736,9.160643283,5.037698417
1.5998499,14.17680833,-4.3093396,1.61841456,72.20172311,-16.25736447,46.4521415,25.63320965,9.120877984,5.033080716
1.598811,14.13428433,-4.313576667,1.618047965,71.98515067,-16.27334918,46.49793712,25.37084159,9.129869954,4.981564746
1.5978452,14.088032,-4.288827433,1.617813414,71.74959002,-16.17998051,46.23043923,25.40277883,9.077346743,4.987835624
1.596800767,14.04249933,-4.275178367,1.617488852,71.51769459,-16.1284882,46.08291561,25.31840703,9.04838048,4.97126922
1.595820633,14.000908,-4.289889167,1.617166278,71.30587217,-16.18398599,46.2419148,24.94758542,9.07959997,4.898458397
1.5948714,13.95156667,-4.271039467,1.616997131,71.05457941,-16.11287383,46.03818101,24.90002644,9.039596841,4.889120192
1.5938231,13.90907833,-4.2706934,1.616620572,70.83818861,-16.11156826,46.03444061,24.68737605,9.038862413,4.847366287
1.592847233,13.867187,-4.271077367,1.616307007,70.6248383,-16.11301681,46.03859065,24.4698757,9.039677273,4.804660093
1.591833767,13.823082,-4.257628467,1.61599084,70.4002139,-16.06227965,45.89323049,24.39061146,9.011135807,4.78909656
1.590853833,13.78014967,-4.252240567,1.615689667,70.18156184,-16.04195332,45.83499629,24.23019359,8.999701521,4.757598512
1.589862467,13.73381867,-4.231786967,1.615430794,69.94560054,-15.96479031,45.61392702,24.21530157,8.956294571,4.754674463
1.588824567,13.69305067,-4.2274205,1.615037436,69.73797131,-15.94831743,45.56673281,24.05486655,8.947027987,4.723173046
1.587829033,13.64889833,-4.2258145,1.614739951,69.51310585,-15.94225865,45.54937463,23.84735926,8.943619708,4.682428992
1.586886,13.606456,-4.2250561,1.614467931,69.29694933,-15.93939752,45.54117759,23.63939978,8.94201022,4.641596147
1.585829733,13.564726,-4.219773767,1.614071415,69.08442068,-15.91946945,45.48408439,23.48396433,8.93079997,4.611076397
1.584883367,13.518935,-4.211432067,1.613849004,68.85120957,-15.88799965,45.39392454,23.34091308,8.913097083,4.582988284
1.583835867,13.47011833,-4.1899232,1.613573296,68.60258891,-15.80685555,45.1614496,23.32476736,8.867450629,4.579818071
1.582871833,13.43177933,-4.208581367,1.613215402,68.40733045,-15.87724513,45.36311323,22.92784526,8.907047283,4.501882417
1.581880467,13.38600533,-4.185222133,1.612947722,68.17420592,-15.78912036,45.11063892,22.94719505,8.857473952,4.505681748
1.580806967,13.34394933,-4.180783467,1.612539128,67.96001698,-15.7723751,45.06266434,22.78098068,8.848054144,4.473045556
1.579836933,13.29678867,-4.164271933,1.612314705,67.71983024,-15.71008388,44.88420224,22.71925604,8.813013109,4.460925924
1.578844567,13.25478333,-4.167424933,1.611986442,67.50589933,-15.72197885,44.9182809,22.47124647,8.819704455,4.412229245
1.577853967,13.211006,-4.155981567,1.611687962,67.28294372,-15.67880774,44.79459722,22.37197455,8.795419163,4.392737203
1.5768899,13.16450033,-4.136902133,1.61145915,67.04609286,-15.60682889,44.5883804,22.34134051,8.754928491,4.386722209
1.575867267,13.12649333,-4.1496498,1.611037407,66.85252525,-15.65492059,44.72616139,22.00999191,8.781981789,4.321661911
1.5748767,13.08009433,-4.136024067,1.610780409,66.61621764,-15.6035163,44.57888996,21.92095572,8.753065044,4.304179656
1.573883733,13.03987167,-4.132267,1.610423362,66.41136576,-15.58934244,44.53828234,21.75671146,8.745091738,4.271930295
1.572833767,12.99248233,-4.114669333,1.610122621,66.17001443,-15.52295369,44.34808095,21.70556153,8.707745694,4.261887006
1.571885733,12.94502467,-4.097269367,1.609924893,65.92831508,-15.45731077,44.16001636,21.65192677,8.670819212,4.251355821
1.5708414,12.91049833,-4.123025667,1.609426421,65.75247432,-15.55447869,44.43839896,21.19770341,8.725479636,4.162169064
1.569850567,12.858831,-4.085997,1.609252449,65.48933537,-15.41478477,44.0381809,21.33478252,8.646896819,4.189084547
1.568799333,12.81597533,-4.0858447,1.608878763,65.27107376,-15.41421021,44.03653479,21.11816702,8.646573606,4.146552094
1.567867033,12.771678,-4.0739357,1.608646804,65.04546982,-15.36928245,43.90781838,21.02127949,8.621300139,4.127528227
1.5668368,12.73126767,-4.074506033,1.608255458,64.83966217,-15.37143409,43.91398273,20.80930748,8.62251051,4.085907524
1.565853,12.68798,-4.065328433,1.607956036,64.61920041,-15.33681078,43.8147882,20.68804025,8.603033663,4.062096703
1.564844467,12.65106067,-4.084856667,1.607531198,64.43117223,-15.41048277,44.0258558,20.28894447,8.644476786,3.983734247
1.563847867,12.601824,-4.0442723,1.607313029,64.18041253,-15.25737466,43.58720656,20.47683402,8.558348007,4.020626359
1.562900467,12.56258467,-4.0495832,1.606986003,63.98056871,-15.2774105,43.64460852,20.21958824,8.569618882,3.970116151
1.561810333,12.51659767,-4.034165767,1.606622924,63.74635939,-15.21924687,43.4779718,20.15201563,8.536899764,3.956848269
1.560890833,12.47405767,-4.0323824,1.606375982,63.52970546,-15.21251896,43.45869659,19.95463691,8.533115075,3.918092958
1.559857967,12.43402167,-4.034186833,1.605976084,63.32580426,-15.21932634,43.4781995,19.73123281,8.536944472,3.874227561
1.558835267,12.387944,-4.0188133,1.605681872,63.09113318,-15.16132833,43.31203727,19.66272395,8.504318519,3.860775848
1.557858033,12.346214,-4.016448767,1.60536439,62.87860453,-15.15240792,43.28648062,19.47575196,8.499300469,3.824063898
1.556802,12.30000533,-4.004556467,1.605038916,62.64326628,-15.10754316,43.15794471,19.36894961,8.474062443,3.803093257
1.5558699,12.259445,-4.0060944,1.604748075,62.43669468,-15.11334515,43.1745672,19.14575552,8.47732627,3.759269097
1.5548104,12.216475,-3.988702067,1.60436793,62.21785078,-15.04773104,42.98658512,19.11489371,8.440415987,3.753209379
1.553844633,12.17496667,-3.990741567,1.60405841,62.00645107,-15.05542523,43.00862871,18.88145041,8.444744246,3.707372787
1.5528717,12.12762967,-3.976941433,1.603833875,61.76536627,-15.00336301,42.8594723,18.78952201,8.415457387,3.689322646
1.551854367,12.08358067,-3.960347733,1.603512956,61.54102708,-14.94076181,42.68012211,18.74453301,8.380241977,3.680489056
1.5508771,12.03443367,-3.944478033,1.603312704,61.29072405,-14.88089197,42.50859715,18.66575494,8.346563051,3.665020982
1.5498357,11.99272233,-3.937110267,1.60293076,61.07829047,-14.85309641,42.4289639,18.53295462,8.330927061,3.638945639
1.5488661,11.95615433,-3.943854733,1.6025393,60.89205161,-14.87854051,42.50186032,18.27381933,8.345240274,3.588064426
1.547877633,11.90977233,-3.9347933,1.602284133,60.65583057,-14.84435545,42.40392136,18.13553726,8.326009958,3.560912742
1.546842633,11.86713933,-3.926273333,1.60192316,60.438703,-14.81221313,42.31183474,18.0104963,8.307928751,3.536360949
1.5458242,11.82261133,-3.912742,1.601608715,60.21192428,-14.76116498,42.16558362,17.92996871,8.279212344,3.520549356
1.544850533,11.78148233,-3.907439133,1.601285298,60.0024565,-14.74115944,42.10826849,17.77781606,8.267958517,3.490674183
1.543846933,11.73510533,-3.8854358,1.601014918,59.76626093,-14.65814992,41.87044919,17.77943978,8.221262698,3.490993002
1.5428567,11.699003,-3.912153467,1.600595463,59.58239368,-14.75894468,42.15922256,17.30679917,8.277963349,3.398190018
1.541853433,11.65315967,-3.881851367,1.600316979,59.34891605,-14.64462733,41.83170745,17.40083665,8.213655758,3.416654276
1.540864367,11.61420767,-3.888656433,1.599943743,59.15053561,-14.67030005,41.90525886,17.1289048,8.228097577,3.363260457
1.539913067,11.57027967,-3.8795371,1.599686945,58.92681266,-14.63589656,41.80669409,17.00374662,8.208744385,3.338685649
1.538868233,11.52611033,-3.864990233,1.599340429,58.70186062,-14.58101722,41.64946675,16.93602192,8.177872796,3.325387904
1.537874,11.48419633,-3.8693211,1.599008856,58.48839487,-14.59735579,41.69627619,16.67574673,8.187063829,3.274282871
1.536865633,11.440536,-3.8576328,1.598690759,58.26603514,-14.55326065,41.56994518,16.57971801,8.162258736,3.255427631
1.535862467,11.39646867,-3.8346374,1.598384297,58.04160258,-14.46650847,41.3214033,16.60382733,8.113457538,3.260161495
1.5348504,11.351483,-3.821611867,1.598083454,57.812493,-14.41736849,41.18061903,16.51550201,8.085814547,3.24281882
1.533844,11.309594,-3.8191123,1.597739319,57.59915457,-14.40793866,41.15360289,16.32917973,8.080509927,3.206234439
1.532839967,11.26561867,-3.8090346,1.597430536,57.37519056,-14.36991964,41.04467978,16.21413883,8.059122875,3.183646159
1.5318276,11.22480367,-3.8160015,1.597063454,57.16732196,-14.39620289,41.11998034,15.93096967,8.073908139,3.128045894
1.530887133,11.179771,-3.79389,1.596834954,56.93797301,-14.3127853,40.88099194,15.94060911,8.026982767,3.129938599
1.5298457,11.13463633,-3.772990033,1.5965071,56.70810458,-14.23393833,40.65509819,15.93663443,7.98262853,3.12915817
1.528871767,11.09358463,-3.774115633,1.596182194,56.49903047,-14.23818476,40.66726405,15.71539447,7.985017296,3.085717704
1.5278714,11.05141207,-3.767727367,1.595848575,56.28424786,-14.21408446,40.59821755,15.56965835,7.971460017,3.057102417
1.5268405,11.0067655,-3.754516567,1.595523537,56.05686529,-14.16424555,40.45543086,15.48506247,7.94342385,3.040492017
1.525871933,10.9633438,-3.745030467,1.595241468,55.83572091,-14.12845839,40.35290196,15.36644699,7.9232923,3.017201867
1.5248167,10.92464813,-3.744413133,1.594798013,55.63864596,-14.12612945,40.34622962,15.17604438,7.921982186,2.979816314
1.523894433,10.87594857,-3.727506133,1.594645686,55.39062168,-14.0623463,40.16349318,15.11075655,7.886101885,2.966997048
1.5228215,10.83791697,-3.727636633,1.594174033,55.19692878,-14.06283862,40.16490366,14.91565317,7.886378834,2.928688499
1.521818233,10.7948739,-3.718227067,1.593851277,54.97771276,-14.0273402,40.06320196,14.79813884,7.866409705,2.905614562
1.5208513,10.7541199,-3.714513933,1.593528664,54.77015483,-14.01333208,40.02306919,14.63071368,7.858529635,2.872740632
1.519829367,10.71079893,-3.698387633,1.593191636,54.54952347,-13.95249418,39.84877081,14.58438071,7.824306148,2.863643152
1.518887233,10.66337173,-3.674837533,1.592999326,54.30797929,-13.86364935,39.59423355,14.59737379,7.774327757,2.866194343
1.517829867,10.62181077,-3.6634163,1.592599038,54.09631152,-13.82056174,39.47078908,14.50915048,7.750089437,2.848871697
1.516863633,10.58105407,-3.664550567,1.592277169,53.88873984,-13.82484086,39.48304861,14.28931927,7.752496595,2.805707838
1.515910667,10.53671403,-3.654921933,1.592025218,53.66291843,-13.78851599,39.37897916,14.16756731,7.732062559,2.781801841
1.514832367,10.4932274,-3.6434695,1.591634441,53.44144334,-13.74531067,39.25519748,14.06987391,7.707758025,2.762619741
1.513866233,10.45128787,-3.637227633,1.591331372,53.22784755,-13.72176268,39.18773332,13.92374227,7.694511438,2.733926795
1.512834633,10.40746747,-3.629978267,1.590992573,53.00467261,-13.6944138,39.10937977,13.77892088,7.679126719,2.705491115
1.511841067,10.36442173,-3.6170811,1.590679559,52.785443,-13.6457581,38.96998294,13.69908811,7.651756149,2.689815951
1.510854267,10.3238036,-3.6127779,1.590334932,52.57857703,-13.6295239,38.92347253,13.53873255,7.642623831,2.658330136
1.509839,10.27792807,-3.5908804,1.590044957,52.3449354,-13.54691365,38.68679711,13.54176634,7.596152613,2.65892582
1.508830833,10.2391011,-3.589804733,1.589650645,52.14719175,-13.5428556,38.67517095,13.35564884,7.593869817,2.62238165
1.507844867,10.1945823,-3.583526833,1.589368521,51.92045989,-13.51917167,38.60731734,13.1967706,7.580546759,2.591185908
1.506826067,10.1530885,-3.5700741,1.589005737,51.7091342,-13.46842004,38.46191575,13.13084649,7.551997157,2.578241709
1.505860667,10.108252,-3.560401933,1.588749203,51.48078431,-13.43193094,38.35737578,13.00703658,7.531470734,2.553931633
1.504812133,10.06612097,-3.548424167,1.588366761,51.26621322,-13.38674375,38.22791612,12.92192515,7.50605133,2.537220004
1.503858033,10.02560197,-3.538470333,1.588053266,51.05985213,-13.34919204,38.1203318,12.82314838,7.484927149,2.517825185
1.502867,9.979335767,-3.525143367,1.587793702,50.82422086,-13.29891488,37.97628954,12.73155937,7.456644451,2.499841682
1.5018256,9.939952133,-3.5236941,1.587374957,50.62364214,-13.29344739,37.96062539,12.54664479,7.453568795,2.463533705
1.500857033,9.8969364,-3.512664067,1.587086469,50.40456532,-13.25183562,37.84140914,12.44678422,7.430160685,2.443926081
1.499834967,9.851363867,-3.495430167,1.586784904,50.17246685,-13.1868192,37.65513946,12.40095544,7.393586633,2.434927601
1.498823667,9.8077828,-3.4814117,1.586462621,49.95051082,-13.1339333,37.50362324,12.33051563,7.363836423,2.421096744
1.497820733,9.767649267,-3.474557333,1.586094198,49.74611289,-13.1080746,37.42953898,12.20020196,7.349289979,2.395509655
1.496826933,9.724689,-3.472807267,1.5857796,49.52731856,-13.10147232,37.41062368,12.00032293,7.34557596,2.356263407
1.495838933,9.686848667,-3.474651733,1.585389856,49.33459978,-13.10843073,37.43055929,11.78766854,7.349490316,2.314508718
1.494857867,9.639781,-3.4385566,1.585152929,49.09488668,-12.97225865,37.04043116,11.93808357,7.272888658,2.344042708
1.4938582,9.600252233,-3.443740867,1.584778212,48.8935688,-12.99181675,37.09646443,11.68073242,7.28389079,2.29351181
1.4928447,9.556121867,-3.428161767,1.584462413,48.66881521,-12.93304322,36.92808037,11.62436289,7.25082858,2.282443653
1.4918638,9.515032533,-3.419544867,1.584131136,48.45954944,-12.9005352,36.83494607,11.50823142,7.23254166,2.25964124
1.4908745,9.471386633,-3.398735933,1.583831877,48.23726322,-12.82203166,36.61003624,11.51085503,7.188380616,2.260156384
1.489854567,9.429410233,-3.405044267,1.583475591,48.02347967,-12.84583041,36.67821879,11.22888893,7.201768259,2.204792341
1.488876133,9.385139133,-3.3843178,1.583197084,47.79800934,-12.76763798,36.45420029,11.22743709,7.157782227,2.204507273
1.4878145,9.346740033,-3.388986833,1.58274254,47.60244478,-12.78525232,36.50466475,10.98140808,7.167690923,2.156199477
1.486904233,9.302767033,-3.3656168,1.582527487,47.37849266,-12.69708681,36.2520737,11.010047,7.118094672,2.161822728
1.4858423,9.2638686,-3.370419933,1.582080537,47.18038503,-12.71520705,36.30398756,10.76002552,7.128287957,2.11273101
1.484886467,9.218016033,-3.343951867,1.581849633,46.94686037,-12.61535393,36.01791195,10.81257647,7.072117011,2.123049389
1.483902767,9.176962733,-3.342234633,1.581514986,46.73777812,-12.60887552,35.99935152,10.62205464,7.068472671,2.085640429
1.4828473,9.132125033,-3.3216952,1.581168403,46.50942212,-12.53138869,35.77735454,10.61569562,7.024883564,2.084391836
1.481902333,9.0907505,-3.314518433,1.580877568,46.29870385,-12.5043137,35.69978568,10.48254621,7.009652918,2.058247949
1.480875133,9.0468338,-3.299508467,1.580544691,46.07503845,-12.44768728,35.537553,10.4211135,6.977798531,2.046185636
1.479861933,9.004922833,-3.285169833,1.580194103,45.86158815,-12.39359352,35.38257631,10.36263988,6.947368859,2.034704341
1.4788597,8.963770667,-3.290798933,1.579842486,45.65200238,-12.41482979,35.44341748,10.09221294,6.959315023,1.98160601
1.477871167,8.919759067,-3.264688833,1.579549776,45.42785366,-12.31632713,35.1612109,10.15027081,6.90390376,1.993005674
1.476912067,8.879113833,-3.2600603,1.579233277,45.22084967,-12.29886558,35.11118418,9.993293538,6.894081014,1.962183186
1.475861633,8.834000733,-3.236148833,1.578896082,44.99109108,-12.20865746,34.85274115,10.02197798,6.843335725,1.967815375
1.474861533,8.791184267,-3.225071667,1.57857291,44.77302911,-12.16686787,34.73301547,9.923641688,6.819827588,1.948507045
1.4739003,8.750054367,-3.2178138,1.57826194,44.56355674,-12.13948693,34.65457005,9.792614738,6.80442483,1.922779904
1.472886433,8.707643,-3.202540467,1.577918598,44.34755793,-12.08186693,34.48949082,9.741695159,6.772011522,1.912781844
1.4718799,8.6654701,-3.1972824,1.577578818,44.13277362,-12.06203041,34.4326599,9.583741767,6.760852771,1.881767696
1.470862633,8.624721833,-3.1858928,1.577205781,43.92524489,-12.01906213,34.30955734,9.499315593,6.736681583,1.865190617
1.4698731,8.580777033,-3.168563133,1.576911015,43.70143638,-11.95368444,34.12225258,9.462811851,6.699904293,1.858023107
1.468837933,8.540348533,-3.161767133,1.576515023,43.4955362,-11.92804592,34.04879916,9.330365086,6.685481715,1.832017185
1.467853433,8.498985433,-3.144959367,1.576184474,43.28487616,-11.86463714,33.86713527,9.301368935,6.64981201,1.82632379
1.4668198,8.458361767,-3.147134933,1.5757931,43.077982,-11.87284466,33.89064951,9.07096054,6.654429031,1.781083102
1.4658699,8.413715333,-3.1262471,1.575549061,42.85060012,-11.79404346,33.66488691,9.069341257,6.610100544,1.780765156
1.464840633,8.372567333,-3.1182208,1.575170344,42.64103557,-11.76376353,33.578136,8.946527606,6.593067005,1.756650695
1.463872533,8.331536467,-3.118255067,1.574850942,42.43206757,-11.76389281,33.57850637,8.737189241,6.593139726,1.715547108
1.4628477,8.286235833,-3.0910466,1.574542311,42.20135387,-11.66124646,33.28442827,8.800553646,6.535397492,1.727988708
1.4618555,8.2475988,-3.0861823,1.574160963,42.00457754,-11.64289546,33.23185331,8.656352273,6.525074398,1.699674769
1.4608539,8.205346267,-3.0737033,1.573827376,41.78938766,-11.59581733,33.09697616,8.576039546,6.498591269,1.683905365
1.4598591,8.166015967,-3.068230433,1.573454388,41.58908055,-11.57517046,33.03782361,8.434884992,6.486976665,1.656189668
1.458901033,8.123940967,-3.050550367,1.573161527,41.37479484,-11.50847084,32.84673161,8.411691279,6.449455751,1.651635583
1.457853267,8.0823846,-3.041565433,1.572770766,41.1631505,-11.47457439,32.74961948,8.297159064,6.430387784,1.629147182
1.456866767,8.038136667,-3.016781,1.572483826,40.93779815,-11.38107292,32.48174113,8.339685061,6.377789872,1.637497162
1.455818733,7.996038433,-3.004526467,1.572101366,40.72339411,-11.33484161,32.34929009,8.257732065,6.351783109,1.621405691
1.4548566,7.9536125,-2.9957355,1.571809986,40.50732111,-11.30167692,32.25427442,8.136674738,6.333126782,1.597636085
1.453824733,7.912221767,-2.985391533,1.571432507,40.29652033,-11.26265339,32.14247341,8.037674967,6.311174654,1.57819748
1.452867467,7.870629,-2.982841167,1.571132822,40.0846906,-11.2530319,32.1149082,7.853410446,6.305762226,1.542017141
1.451853467,7.8291324,-2.959735067,1.570774883,39.87335065,-11.1658621,31.86516984,7.891808854,6.256726098,1.549556669
1.4508785,7.782209867,-2.9325017,1.570541762,39.63437671,-11.06312182,31.57082262,7.947182137,6.198931021,1.560429213
1.4498989,7.745413467,-2.9367795,1.570143913,39.44697462,-11.0792602,31.61705849,7.713544174,6.208009435,1.514554398
1.448864833,7.704989567,-2.9269787,1.569748948,39.24109787,-11.04228581,31.51112821,7.613597707,6.187210024,1.49492991
1.447919233,7.6620857,-2.912364,1.569481658,39.02259078,-10.98715056,31.3531677,7.553051125,6.156194478,1.483041588
1.446905367,7.620615,-2.8968559,1.569123444,38.81138273,-10.92864489,31.18555103,7.509459747,6.123282945,1.474482421
1.445836667,7.577458233,-2.889448533,1.568737052,38.59158764,-10.90069994,31.10548977,7.369725919,6.107562916,1.447045684
1.4449186,7.5359486,-2.874142667,1.568475253,38.38018131,-10.84295721,30.9400589,7.32375045,6.075080566,1.438018401
1.443818433,7.492780833,-2.853129367,1.568057568,38.16033019,-10.76368268,30.71294022,7.331018023,6.030485811,1.439445389
1.442902967,7.4541982,-2.854957567,1.567752093,37.96383091,-10.77057972,30.7327,7.114758955,6.034365646,1.396982921
1.4418809,7.416014533,-2.8439316,1.56733371,37.76936355,-10.72898329,30.61352771,7.039463882,6.010966167,1.382198733
1.440827233,7.3715431,-2.826623933,1.566983137,37.54287293,-10.66368859,30.42646074,7.000040241,5.974235565,1.374457901
1.439932333,7.330720733,-2.816180967,1.566733639,37.33496681,-10.62429157,30.3135897,6.905005155,5.952073338,1.355797762
1.438847367,7.288328633,-2.796795567,1.566318891,37.11906612,-10.55115844,30.10406589,6.898628275,5.910933338,1.354545662
1.437889367,7.2478843,-2.7926682,1.566000316,36.91308531,-10.53558758,30.05945595,6.737257401,5.902174176,1.322860491
1.436860233,7.207013267,-2.777108667,1.565617354,36.70493133,-10.47688787,29.89128337,6.697276001,5.869153491,1.315010143
1.435905867,7.162843233,-2.758195867,1.565361315,36.47997572,-10.40553766,29.68686758,6.676736185,5.82901645,1.31097715
1.434886233,7.122464033,-2.742740467,1.564980077,36.27432663,-10.34723079,29.51982051,6.638134158,5.796216758,1.303397642
1.433853,7.0814587,-2.738646367,1.564595138,36.06548867,-10.33178544,29.47557013,6.473546584,5.787528195,1.271080872
1.432798533,7.039831333,-2.727360733,1.5641988,35.85348273,-10.28920939,29.35359128,6.383519496,5.763577647,1.253404053
1.431850267,6.9984819,-2.7204686,1.563904268,35.64289228,-10.26320821,29.27909882,6.247421507,5.748951054,1.226681213
1.4308347,6.956797767,-2.694078467,1.563547727,35.43059723,-10.1636491,28.99386554,6.320359736,5.692945499,1.241002634
1.429828067,6.9143745,-2.679838367,1.563211806,35.21453782,-10.10992706,28.83995384,6.258212023,5.662724936,1.228799931
1.428841967,6.875163067,-2.670958433,1.562845639,35.01483609,-10.07642673,28.74397658,6.154487553,5.643879802,1.208433631
1.427840533,6.8319516,-2.651374233,1.562527379,34.79476241,-10.0025436,28.53230408,6.146086379,5.602317906,1.20678406
1.426807533,6.789563833,-2.6458211,1.562164529,34.5788838,-9.981593919,28.47228398,5.99022786,5.59053296,1.17618124
1.4258325,6.749592,-2.637573233,1.56182145,34.3753094,-9.950478113,28.38313831,5.875799129,5.573029208,1.153713159
1.424827833,6.707864567,-2.615870633,1.561476495,34.16279382,-9.868603136,28.14856944,5.897852423,5.52697161,1.158043323
1.4238854,6.667714767,-2.599378033,1.56116883,33.95831305,-9.806383345,27.97031197,5.871629119,5.491970756,1.152894377
1.422816333,6.625947467,-2.589866767,1.560760104,33.74559443,-9.770501251,27.86751106,5.761711416,5.471785797,1.131312037
1.421782267,6.5850218,-2.569500667,1.560373072,33.53716221,-9.693668339,27.64738752,5.773402732,5.42856454,1.133607626
1.420819433,6.544318533,-2.565617967,1.560053757,33.32986266,-9.67902051,27.60542202,5.608068686,5.420324613,1.101144287
1.419802667,6.502755667,-2.545783967,1.5596941,33.11818521,-9.604194993,27.39104959,5.610763664,5.378232588,1.101673445
1.4187926,6.4617753,-2.531456233,1.559331933,32.90947441,-9.550142352,27.23619072,5.556911734,5.347826048,1.091099619
1.417832233,6.422678167,-2.5207281,1.558989692,32.71035481,-9.509669521,27.12023751,5.473745344,5.325058635,1.074769898
1.416788733,6.380762267,-2.506542767,1.558608882,32.49687938,-9.456154098,26.96691774,5.413589686,5.294954298,1.062958335
1.4158674,6.3412914,-2.496650267,1.558311583,32.29585638,-9.418833767,26.85999633,5.319488091,5.27396028,1.044481487
1.4148507,6.2999773,-2.4822701,1.557948059,32.08544589,-9.364583318,26.70457074,5.264503192,5.243442465,1.033685202
1.413829767,6.2581876,-2.470462033,1.557587821,31.87261319,-9.320036343,26.57694525,5.179295981,5.218383201,1.016954766
1.412874767,6.2186435,-2.4577509,1.557258013,31.67121721,-9.272082469,26.43955913,5.115286133,5.191407434,1.004386432
1.411824133,6.177782533,-2.443430967,1.556853391,31.46311451,-9.218059255,26.28478456,5.061957995,5.161017448,0.993915452
1.41091,6.1361397,-2.427310533,1.556597631,31.25102979,-9.157243495,26.11054959,5.024108252,5.126806411,0.986483655
1.409852733,6.0972147,-2.418560767,1.556155769,31.05278686,-9.124234227,26.01597922,4.920435687,5.10823752,0.966127547
1.408853,6.057528,-2.403356033,1.555783482,30.85066463,-9.066873027,25.85164144,4.882651237,5.075969796,0.95870857
1.407895233,6.015758367,-2.385065633,1.555486094,30.63793413,-8.997870877,25.65395275,4.867609425,5.037153623,0.955755111
1.406822467,5.976393367,-2.373820933,1.555035688,30.4374503,-8.955449252,25.53241632,4.788662028,5.013289944,0.940253789
1.405916133,5.938639333,-2.3701891,1.554726245,30.24517104,-8.94174784,25.49316226,4.635636819,5.005582411,0.910207289
1.404874167,5.897462367,-2.356030367,1.554335287,30.03545896,-8.888332767,25.34013,4.578957008,4.975534525,0.899078208
1.403888467,5.856490267,-2.341021767,1.553997356,29.82679026,-8.831711498,25.17791209,4.532506211,4.943683039,0.889957595
1.402898433,5.816505767,-2.3234706,1.553639477,29.62315135,-8.76549817,24.98821328,4.518566109,4.906435678,0.887220455
1.401881267,5.776354,-2.312864133,1.55325711,29.41866056,-8.725484337,24.87357509,4.428713514,4.883926468,0.869577898
1.400905967,5.736522033,-2.304859333,1.552911553,29.21579849,-8.695285522,24.78705656,4.312369971,4.866938556,0.846733844
1.3998848,5.697985167,-2.293424967,1.552499655,29.0195323,-8.652148363,24.66347015,4.239690192,4.842672364,0.832463169
1.398863867,5.655806733,-2.271026167,1.552145562,28.8047198,-8.567646911,24.42137652,4.266971328,4.79513728,0.83781982
1.397857033,5.6143557,-2.250065833,1.55179407,28.59361192,-8.488572201,24.19483031,4.282409649,4.750654932,0.840851135
1.396848467,5.575211833,-2.2471308,1.551404368,28.39425431,-8.477499528,24.1631075,4.11477485,4.744426158,0.807936042
1.395799933,5.538285733,-2.241539133,1.550939636,28.20619166,-8.456404472,24.10267092,3.987148787,4.732559436,0.782876664
1.394827367,5.494610933,-2.212462667,1.550657568,27.98375825,-8.346710932,23.78840286,4.078983435,4.670852903,0.800908397
1.3938195,5.455042,-2.202328233,1.550275286,27.7822358,-8.308477886,23.67886656,3.986997287,4.649345449,0.782846917
1.3928007,5.415277967,-2.187117767,1.549885155,27.57971972,-8.251095057,23.51446681,3.948880951,4.617065559,0.775362775
1.3918515,5.377721933,-2.180620267,1.549529716,27.38844886,-8.226582664,23.44423969,3.827837217,4.603276462,0.751595838
1.390849167,5.336821367,-2.161333267,1.549174021,27.18014447,-8.153820752,23.23577942,3.827993097,4.562345289,0.751626445
1.389859467,5.296885167,-2.150276733,1.548815712,26.97675155,-8.112109003,23.11627675,3.744102841,4.53888094,0.735154593
1.388822667,5.256082067,-2.138536867,1.548424009,26.76894355,-8.067819318,22.9893884,3.663183203,4.513966412,0.719266022
1.387791767,5.2180419,-2.1322231,1.547994524,26.57520703,-8.044000075,22.92114712,3.537687954,4.500567237,0.69462503
1.3868645,5.177618833,-2.1103369,1.547706346,26.36933452,-7.961432452,22.68459384,3.568368727,4.45412,0.7006492
1.3858298,5.137781933,-2.0941473,1.547301468,26.16644733,-7.900355755,22.50961129,3.540464081,4.419762178,0.695170122
1.384824767,5.099335367,-2.087582267,1.546904275,25.97064103,-7.875588587,22.43865425,3.415614832,4.405829761,0.670655972
1.383825367,5.057860067,-2.0630762,1.546560599,25.75940956,-7.783137284,22.17378458,3.469253022,4.353822602,0.681187831
1.382852933,5.019842167,-2.055949167,1.546189229,25.56578644,-7.756249921,22.09675325,3.352661231,4.338697501,0.658295033
1.381856333,4.9794027,-2.039182067,1.545831977,25.3598304,-7.692994555,21.91552889,3.327929557,4.303114098,0.653438968
1.3808181,4.931585467,-2.019735667,1.545549734,25.1162998,-7.619631292,21.70534578,3.294582072,4.261844643,0.64689119
1.3797024,4.889985067,-2.011716267,1.545091736,24.9044312,-7.589377397,21.61866945,3.169389795,4.244825747,0.622309686
1.378764167,4.848953867,-1.989194167,1.544802206,24.69546151,-7.504410785,21.37524316,3.203846395,4.197028994,0.62907524
1.377708867,4.810646833,-1.982092833,1.54435254,24.50036584,-7.477620377,21.2984896,3.085504289,4.181958433,0.605838767
1.376789733,4.7716263,-1.969158367,1.544050322,24.30163636,-7.428823958,21.15868961,3.026574799,4.154508705,0.594267962
1.375735167,4.731480767,-1.953513633,1.543630456,24.09717732,-7.369802819,20.98959616,2.991209201,4.121307207,0.587323927
1.374700433,4.692972633,-1.9384452,1.543204536,23.90105747,-7.312955823,20.82673156,2.957953952,4.089328741,0.580794259
1.373806367,4.653545233,-1.921085867,1.542933817,23.70025584,-7.247466204,20.63910615,2.944777732,4.052488492,0.578207108
1.3727123,4.6155761,-1.910799633,1.542440042,23.50688108,-7.20866048,20.52792914,2.862579984,4.030658887,0.56206758
1.371754767,4.575943,-1.894535933,1.542109108,23.30503183,-7.147304234,20.3521457,2.836514178,3.996143808,0.556949559
1.370793033,4.534652067,-1.884752,1.541800184,23.09473933,-7.110393481,20.24639771,2.731969657,3.975380191,0.536422242
1.3696686,4.487317567,-1.864403433,1.541424109,22.85366726,-7.033626715,20.02646368,2.710831623,3.932196144,0.532271789
1.368732467,4.4486125,-1.849523067,1.541099903,22.65654444,-6.977489217,19.86563176,2.674540717,3.900616797,0.52514607
1.3676653,4.409033333,-1.835271267,1.540658483,22.45496987,-6.923723042,19.7115936,2.627004311,3.870371404,0.515812296
1.3667002,4.370581633,-1.8221255,1.540301304,22.25913742,-6.874129475,19.56950981,2.573255658,3.842473252,0.505258748
1.365669333,4.332922767,-1.8075132,1.539865824,22.06734284,-6.819003282,19.41157525,2.539395639,3.8114628,0.498610334
1.3646622,4.294816,-1.795607967,1.539461159,21.87326713,-6.774089737,19.28289955,2.473995619,3.786197327,0.48576904
1.363658533,4.2554597,-1.778587567,1.539079715,21.6728276,-6.709878774,19.09893745,2.457518204,3.750076367,0.482533699
1.362659833,4.216157533,-1.763182133,1.538702383,21.47266378,-6.651760415,18.93243043,2.423861394,3.717382715,0.475925185
1.3616602,4.177743267,-1.745798833,1.538310079,21.27702198,-6.58618038,18.74454598,2.416104047,3.680491604,0.47440203
1.3606774,4.140407967,-1.7389589,1.53791755,21.08687531,-6.560376127,18.67061772,2.299885629,3.66597579,0.451582543
1.359744867,4.1029385,-1.725193067,1.537577409,20.89604533,-6.508443304,18.52183205,2.257841323,3.636761723,0.443327144
1.3586775,4.063163667,-1.703538233,1.537138882,20.69347424,-6.426748532,18.28777946,2.289322827,3.590805496,0.449508537
1.35761,4.017047733,-1.687573767,1.536800475,20.45860827,-6.366521171,18.11523023,2.227006086,3.556925455,0.437272645
1.3565781,3.979231867,-1.678937767,1.536366444,20.26601409,-6.333941097,18.02188949,2.12775265,3.538598,0.417784233
1.355594167,3.941700933,-1.665496467,1.535975875,20.07487106,-6.283232605,17.87661147,2.081887634,3.510072663,0.408778637
1.354544367,3.902741933,-1.648776067,1.535542017,19.87645497,-6.220153419,17.69589187,2.064191148,3.474588368,0.405303932
1.353540033,3.8659702,-1.635077867,1.535119044,19.68917851,-6.168475749,17.5478372,2.024969357,3.445517833,0.397602733
1.3525805,3.8277352,-1.6163116,1.534764006,19.49444971,-6.097678349,17.34500519,2.033072566,3.405691768,0.399193798
1.3515094,3.7928357,-1.616407933,1.534244668,19.31670843,-6.098041775,17.34604639,1.854290085,3.405896208,0.364089858
1.350540067,3.754730867,-1.598152267,1.533877772,19.12264256,-6.029170659,17.14873311,1.857537493,3.367153747,0.364727487
1.3495386,3.714550833,-1.575722467,1.533511551,18.91800781,-5.944552257,16.90630442,1.89533143,3.319552874,0.372148326
1.3485294,3.679309533,-1.5664019,1.533059516,18.73852576,-5.909389595,16.80556466,1.816589147,3.299772621,0.356687279
1.347589667,3.642617933,-1.556921033,1.532699877,18.55165741,-5.873622188,16.70309232,1.732193139,3.279652177,0.340116123
1.346546867,3.6038266,-1.536167733,1.532270368,18.35409524,-5.79532853,16.4787838,1.758939485,3.235609199,0.345367768
1.3455375,3.567707933,-1.523463733,1.531832038,18.17014481,-5.747401567,16.34147477,1.712298085,3.208648571,0.336209729
1.344555233,3.529871933,-1.507028967,1.531447958,17.97744809,-5.685399957,16.16384238,1.697233758,3.173770452,0.333251848
1.343561467,3.4938051,-1.497106133,1.531024408,17.79376165,-5.647965192,16.05659312,1.620796574,3.152712059,0.318243407
1.342571967,3.456698833,-1.4828586,1.530621558,17.60478143,-5.594215113,15.90260107,1.585808399,3.122475721,0.311373479
1.341555233,3.419136033,-1.465613033,1.530198693,17.41347611,-5.529154689,15.71620529,1.580898859,3.085876909,0.310409491
1.3404881,3.383428667,-1.452381667,1.529696093,17.23162041,-5.479238189,15.57319631,1.542052141,3.057797095,0.302781938
1.339576533,3.345794433,-1.437349333,1.529379523,17.03995128,-5.422527383,15.41072188,1.512857438,3.025895242,0.297049558
1.338524633,3.3099726,-1.4249391,1.528893967,16.85751261,-5.375708681,15.27658798,1.464552667,2.99955805,0.287564916
1.337537933,3.2727747,-1.4102313,1.528495365,16.6680657,-5.320222205,15.11762122,1.434072523,2.968344927,0.28158014
1.3365949,3.237062933,-1.399220833,1.528116935,16.48618759,-5.278684247,14.99861646,1.371199175,2.944978342,0.269234958
1.335504133,3.200341633,-1.382778733,1.527606732,16.29916798,-5.216654972,14.82090481,1.361891216,2.91008466,0.26740734
1.334617933,3.1638945,-1.367965733,1.527296761,16.11354469,-5.16077162,14.66080101,1.336371722,2.878648279,0.262396588
1.3335881,3.128079433,-1.353986633,1.526833164,15.93114048,-5.10803423,14.50971028,1.305058243,2.848981614,0.256248186
1.332572833,3.091910267,-1.340990333,1.526389732,15.74693286,-5.05900454,14.36924198,1.261318925,2.821400662,0.247659971
1.3315837,3.056282133,-1.328160333,1.525963879,15.56548069,-5.010602231,14.2305711,1.218537635,2.794172635,0.239259865
1.330541267,3.0207889,-1.3129333,1.525482594,15.38471556,-4.953156902,14.06599229,1.202351311,2.761857587,0.23608168
1.329588867,2.9836756,-1.293442533,1.525116955,15.19569952,-4.879626262,13.85532965,1.223997914,2.720493976,0.24033199
1.3285261,2.947593533,-1.279030233,1.524624646,15.01193549,-4.825254587,13.69955675,1.196006787,2.689907967,0.234835933
1.327571433,2.9131286,-1.270356667,1.52421487,14.83640744,-4.79253279,13.60580997,1.114225507,2.671500788,0.218778178
1.326599533,2.877359167,-1.253984267,1.523808485,14.65423563,-4.730766464,13.42885167,1.109012013,2.636755025,0.217754509
1.3255429,2.842139767,-1.240946067,1.52330867,14.47486512,-4.681578702,13.28793049,1.070562674,2.609085152,0.210204981
1.324570133,2.8067225,-1.229203433,1.522895851,14.29448689,-4.637278581,13.16101223,1.017102698,2.584164752,0.199708115
1.3235632,2.770640133,-1.207242733,1.522459379,14.11072133,-4.554429899,12.92365373,1.070695645,2.53755941,0.21023109
1.322589,2.7371776,-1.201124267,1.522014222,13.94029845,-4.531347443,12.85752332,0.966403169,2.524574704,0.189753262
1.321569367,2.701216867,-1.1803569,1.521563128,13.75715236,-4.453000717,12.63306276,1.007717646,2.480501873,0.19786536
1.320610933,2.667370067,-1.172367367,1.521139813,13.58477243,-4.422859496,12.54670925,0.921691228,2.463546361,0.180974073
1.319571,2.632831867,-1.157360533,1.520645928,13.40887123,-4.366244891,12.38451043,0.907988844,2.431698624,0.17828361
1.318580867,2.596998367,-1.139907467,1.520222322,13.22637314,-4.300401655,12.19587192,0.914129264,2.394659452,0.179489281
1.317563833,2.562627633,-1.127417733,1.51974869,13.05132485,-4.253283032,12.06087876,0.87407413,2.368153544,0.171624456
1.316540767,2.528278833,-1.114455593,1.519268678,12.87638825,-4.204382214,11.92077967,0.839236629,2.340645088,0.164784112
1.315587633,2.4943937,-1.101344547,1.518851269,12.70381309,-4.154919631,11.77907114,0.808369989,2.312820619,0.158723447
1.314527167,2.459944267,-1.087224223,1.518335448,12.52836398,-4.101649464,11.62645403,0.785537996,2.282854248,0.154240386
1.313557767,2.426748467,-1.07668553,1.517890873,12.35929955,-4.061891312,11.51254835,0.730379249,2.260488868,0.143409966
1.312564067,2.392137367,-1.062016593,1.517444375,12.18302708,-4.006551452,11.35400163,0.71265349,2.22935822,0.139929513
1.311513067,2.358604333,-1.044873757,1.516923532,12.01224514,-3.941878586,11.16871619,0.727156996,2.192977424,0.142777276
1.310614667,2.325592633,-1.03241955,1.516547047,11.84411833,-3.89489399,11.03410701,0.693639361,2.166546911,0.136196089
1.309548633,2.291592767,-1.016224,1.516018552,11.67095883,-3.833794847,10.85906015,0.695526722,2.132176461,0.136566672
1.308579933,2.258406067,-1.0047257,1.515574533,11.50194075,-3.790416494,10.73478273,0.650786067,2.107774589,0.127781844
1.307536167,2.225306933,-0.99222029,1.515054064,11.33336864,-3.743238729,10.59962013,0.617376562,2.081235412,0.121221888
1.306559033,2.1924478,-0.97745135,1.514596434,11.16601884,-3.687521598,10.43999254,0.609654345,2.049892536,0.119705631
1.305561067,2.159585767,-0.964631037,1.514118016,10.99865427,-3.639155833,10.30142636,0.580855956,2.022685066,0.114051067
1.3045486,2.126633567,-0.951977193,1.513626523,10.83083049,-3.591418091,10.16465944,0.549799092,1.995830882,0.107953052
1.303500433,2.094158667,-0.935878347,1.513091785,10.66543757,-3.530683769,9.99065779,0.558407824,1.961665657,0.109643376
1.302563167,2.060774333,-0.922989583,1.512682324,10.49541295,-3.48205977,9.851351778,0.52768922,1.934312922,0.103611778
1.301553133,2.029582267,-0.91233929,1.512165438,10.33655343,-3.441880598,9.736239889,0.48394159,1.911710702,0.095021931
1.300543233,1.997606533,-0.900534173,1.511661074,10.17370274,-3.397344752,9.608646288,0.448684499,1.886657699,0.088099201
1.299579833,1.964971333,-0.882489187,1.511213637,10.00749342,-3.329268445,9.413610111,0.477511356,1.848362345,0.093759355
1.298515133,1.933659467,-0.871944367,1.510643977,9.848023767,-3.289487179,9.299638212,0.4320136,1.825983963,0.08482587
1.297615733,1.9019046,-0.859406253,1.510246622,9.686297937,-3.242186039,9.164122141,0.405803841,1.799375382,0.079679584
1.296506533,1.870125467,-0.842529557,1.50963985,9.524448519,-3.178517209,8.981713228,0.426363336,1.763559392,0.083716441
1.2955757,1.838898533,-0.8312519,1.509202714,9.365411425,-3.135971253,8.859820589,0.389218881,1.739625773,0.076423127
1.2945607,1.808289733,-0.821275017,1.508671639,9.209522451,-3.098332579,8.751987138,0.341163359,1.718452675,0.066987425
1.2935457,1.7775815,-0.810364027,1.508142136,9.053127069,-3.057169905,8.634057553,0.302697561,1.695297201,0.059434666
1.292549267,1.746068367,-0.792096217,1.507643926,8.892632374,-2.988252977,8.436613028,0.339647392,1.656528968,0.066689765
1.291570767,1.715817433,-0.782584943,1.507143693,8.738565996,-2.952370858,8.333812043,0.288381998,1.636343995,0.056623805
1.290590867,1.684897367,-0.76738755,1.506652639,8.581091758,-2.895037349,8.169553595,0.295166208,1.604091848,0.057955885
1.2895911,1.654926633,-0.75537507,1.50612671,8.428452423,-2.849719206,8.039718743,0.272361726,1.578598775,0.053478225
1.288576167,1.6248774,-0.74291126,1.505586855,8.275413293,-2.802698382,7.905005767,0.254035571,1.552147882,0.049879884
1.287646067,1.595239533,-0.732251683,1.50512533,8.12446923,-2.762484187,7.789793541,0.218303735,1.529525962,0.042863938
1.286555467,1.5652799,-0.717585803,1.504508391,7.971886427,-2.707155858,7.631279864,0.224234608,1.498401801,0.044028465
1.285604167,1.536016033,-0.70534891,1.504019753,7.822847127,-2.660991097,7.499019479,0.207455693,1.472432475,0.040733925
1.2845492,1.5070408,-0.694874887,1.503422885,7.67527782,-2.621476918,7.385812774,0.173093091,1.450204338,0.033986828
1.283611533,1.4780564,-0.683085127,1.502943462,7.527661828,-2.576999007,7.258385153,0.15290472,1.425183925,0.030022842
1.2825191,1.449174767,-0.670310003,1.502307647,7.380569222,-2.528803725,7.1203074,0.143889867,1.398072358,0.028252775
1.2815801,1.420439467,-0.658249497,1.501822952,7.234221883,-2.483304398,6.989953459,0.127896469,1.372477362,0.025112472
1.280564167,1.391891433,-0.643892287,1.501258363,7.088828283,-2.429140554,6.83477599,0.137680338,1.342008266,0.027033534
1.2795761,1.3635332,-0.632102507,1.50071864,6.944401324,-2.384662567,6.707348153,0.120681216,1.31698781,0.023695757
1.278624367,1.335512133,-0.622056343,1.50020992,6.801691537,-2.346762528,6.598765901,0.086553682,1.295667685,0.016994815
1.277546933,1.307913533,-0.611117463,1.49956882,6.66113335,-2.305494637,6.480534872,0.064226524,1.272453022,0.012610878
1.2766253,1.280274533,-0.59798982,1.49908416,6.520369408,-2.255969442,6.338646966,0.065350488,1.244593332,0.012831568
1.2755926,1.252663167,-0.58551379,1.498487995,6.379746202,-2.208902516,6.203801912,0.059572335,1.218116505,0.011697028
1.274586167,1.2261507,-0.577344913,1.497900724,6.244719633,-2.178084707,6.115509994,0.012837684,1.200780387,0.002520679
1.273569367,1.198919567,-0.564240413,1.497314448,6.106032934,-2.128646823,5.973872229,0.015788751,1.172969812,0.003100121
1.272570167,1.1726748,-0.55448043,1.496730178,5.972369748,-2.091826423,5.868383104,-0.012385311,1.152257023,-0.002431856
1.2715669,1.1460736,-0.541838943,1.496147476,5.836891266,-2.044135298,5.73174974,-0.011230429,1.125429061,-0.002205095
1.270590167,1.120029067,-0.53185922,1.495582507,5.704247857,-2.006485909,5.623885593,-0.036009692,1.104249936,-0.007070503
1.2695253,1.094156933,-0.51980984,1.494926679,5.572482472,-1.961028558,5.493651914,-0.037541397,1.078678553,-0.007371253
1.268606933,1.068499733,-0.507716427,1.494413953,5.441811731,-1.915405088,5.362942307,-0.037502531,1.053013722,-0.007363622
1.2675736,1.0434217,-0.500099887,1.493777103,5.314090654,-1.886671018,5.280620226,-0.082901527,1.036849781,-0.016277715
1.266580233,1.017438683,-0.48578719,1.493194528,5.181760547,-1.832675105,5.125923872,-0.060535281,1.006475152,-0.011886102
1.265595733,0.992591203,-0.476367997,1.492602866,5.055213666,-1.797140365,5.024118119,-0.085276408,0.986485593,-0.016744023
1.264583967,0.968624057,-0.46775348,1.49197002,4.933150276,-1.76464134,4.931009577,-0.114231256,0.96820373,-0.022429307
1.263578967,0.9441604,-0.45704909,1.491351791,4.808558187,-1.724258083,4.815312993,-0.123126761,0.945486706,-0.02417594
1.262607467,0.919891457,-0.44554471,1.490763983,4.684957762,-1.680856793,4.690969854,-0.122384046,0.921071931,-0.024030107
1.2615451,0.896302463,-0.437013657,1.490074558,4.564820287,-1.64867264,4.598763411,-0.150315079,0.902967196,-0.029514366
1.2605989,0.87311578,-0.42671456,1.48949494,4.446731755,-1.609818388,4.487447372,-0.157087572,0.881110291,-0.030844145
1.259590967,0.851980407,-0.41770496,1.488821156,4.339090434,-1.575828875,4.390068638,-0.167350159,0.861989977,-0.032859204
1.2585765,0.828992053,-0.407220293,1.488170136,4.222011985,-1.536274544,4.276746897,-0.171106867,0.839739253,-0.033596833
1.257606367,0.806102237,-0.39593197,1.48756189,4.105435379,-1.493688346,4.154738969,-0.165675545,0.815782997,-0.032530393
1.256602733,0.784094853,-0.388189887,1.486906194,3.993352958,-1.464480653,4.071059975,-0.194078972,0.799352626,-0.038107406
1.255664133,0.761865697,-0.378531337,1.486319037,3.880141058,-1.428042919,3.966667176,-0.202898073,0.7788551,-0.039839037
1.254568667,0.7400374,-0.369059533,1.485568675,3.768970716,-1.392309704,3.864292796,-0.211694035,0.75875389,-0.041566124
1.2536196,0.718314727,-0.3592887,1.484963044,3.658338307,-1.355448372,3.758686401,-0.216720049,0.738018075,-0.042552982
1.252587933,0.697387297,-0.351215997,1.48426224,3.551756031,-1.324993385,3.671433957,-0.236049881,0.720886057,-0.046348394
1.251651067,0.67654091,-0.341881287,1.483654955,3.445586504,-1.289777367,3.570541327,-0.241326778,0.70107579,-0.047384513
1.2505571,0.656089723,-0.332687707,1.482884321,3.341429709,-1.255093774,3.471174077,-0.246116323,0.68156503,-0.04832494
1.249581033,0.635703943,-0.32390085,1.482230554,3.237606027,-1.221944581,3.376202827,-0.254968756,0.662917425,-0.050063115
1.2485749,0.615991813,-0.31528596,1.481536069,3.137213208,-1.189444147,3.28309025,-0.262248997,0.644634771,-0.051492591
1.247560967,0.596321223,-0.307284137,1.480833128,3.03703195,-1.159256561,3.1966039,-0.275943905,0.627653176,-0.054181586
1.2465952,0.577144463,-0.29891928,1.480170546,2.939365741,-1.1276994,3.106193766,-0.283199979,0.609901146,-0.055606316
1.2455654,0.55828341,-0.290279387,1.479438939,2.84330741,-1.095104639,3.012810944,-0.285875489,0.591565429,-0.056131652
1.2446021,0.53965054,-0.283111723,1.478770225,2.748411204,-1.068063996,2.935340471,-0.303301221,0.576354101,-0.059553195
1.243605433,0.521396557,-0.27382658,1.478062154,2.655444648,-1.033034972,2.834983574,-0.295910881,0.556649025,-0.058102101
1.242596267,0.503543127,-0.26697747,1.47733525,2.564518088,-1.007196099,2.760956131,-0.312809997,0.542113736,-0.061420243
1.241614633,0.485704117,-0.259573573,1.476635651,2.473664969,-0.979264245,2.680932369,-0.323639355,0.526401071,-0.063546587
1.240488067,0.467585147,-0.251415363,1.475795545,2.381386028,-0.948486676,2.592755741,-0.327741667,0.50908759,-0.064352076
1.2394889,0.449477813,-0.242704297,1.475082656,2.289166353,-0.915623408,2.498603654,-0.325809256,0.490600827,-0.063972647
1.238427067,0.431836633,-0.229577447,1.474299729,2.199320771,-0.866101206,2.356724323,-0.273775507,0.462742821,-0.053755821
1.2373496,0.41330557,-0.22542534,1.473515239,2.104943061,-0.850437017,2.311846982,-0.323275876,0.453931155,-0.063475218
1.2362946,0.396707693,-0.218295377,1.472722651,2.020410967,-0.8235386,2.234783983,-0.330744971,0.438799835,-0.064941775
1.235265233,0.381079397,-0.211112613,1.471940368,1.940816892,-0.79644099,2.157150304,-0.332705367,0.423556462,-0.065326699
1.234325033,0.366033333,-0.205237553,1.471238046,1.864188099,-0.774276807,2.093650714,-0.34583457,0.411088318,-0.067904618
1.233299567,0.351118943,-0.19803264,1.470448376,1.788229913,-0.747095635,2.015777631,-0.343919673,0.395797938,-0.067528628
1.232327033,0.336653537,-0.192511987,1.469704541,1.714558374,-0.726268483,1.956108586,-0.357922167,0.384081921,-0.070278017
1.231296567,0.322498657,-0.186500573,1.468897863,1.64246833,-0.703589894,1.891135244,-0.365038869,0.371324405,-0.071675382
1.2303156,0.308564587,-0.17987127,1.468137194,1.571502861,-0.678580262,1.819483544,-0.364352638,0.357255594,-0.07154064
1.229295,0.295136503,-0.174277323,1.467328892,1.503114354,-0.657476604,1.75902232,-0.372279921,0.345384033,-0.073097163
1.228347933,0.281906397,-0.16849921,1.466590993,1.435734131,-0.63567816,1.696570562,-0.377208386,0.33312163,-0.074064867
1.227236267,0.268862427,-0.162689513,1.465685552,1.369301893,-0.613760566,1.633777441,-0.380847503,0.320792201,-0.074779407
1.226307133,0.2563555,-0.157129653,1.464954153,1.305604787,-0.592785503,1.573684638,-0.384451805,0.308992979,-0.075487112
1.2252568,0.24429797,-0.151482617,1.464094449,1.244196435,-0.571481558,1.5126496,-0.38482512,0.297008749,-0.075560412
1.224265967,0.23252948,-0.14729187,1.463289676,1.184260148,-0.555671596,1.467354625,-0.399466433,0.288115081,-0.078435234
1.223301233,0.220852853,-0.141431083,1.46250955,1.124791715,-0.533561261,1.404009307,-0.395589546,0.275677227,-0.077674007
1.222267,0.209709723,-0.137607023,1.461651489,1.068040353,-0.519134656,1.362677603,-0.411009205,0.267561747,-0.080701657
1.221339167,0.198889147,-0.13244782,1.460894729,1.012931738,-0.499671106,1.306915229,-0.410355446,0.256612805,-0.080573292
1.220276833,0.18833277,-0.128030087,1.459999292,0.959168678,-0.483004816,1.259166908,-0.416370184,0.247237422,-0.081754286
1.219329433,0.178155497,-0.123199667,1.459212795,0.907336372,-0.46478163,1.206958132,-0.415993715,0.236986229,-0.081680366
1.218340967,0.168086977,-0.1184977,1.458383512,0.856057941,-0.447043045,1.156137723,-0.416451737,0.227007642,-0.081770299
1.2172841,0.158468943,-0.11531364,1.457478706,0.807073814,-0.435030897,1.121723351,-0.431021492,0.22025038,-0.08463107
1.216287467,0.14903286,-0.110554277,1.456631257,0.759016348,-0.417075779,1.07028258,-0.427638186,0.210149985,-0.083966758
1.215272933,0.139960453,-0.106935133,1.455760159,0.712811069,-0.403422241,1.031165683,-0.434726569,0.202469382,-0.085358562
1.214285933,0.131166667,-0.102811714,1.454912188,0.668024786,-0.387866276,0.986598401,-0.43494557,0.193718596,-0.085401563
1.2132953,0.12269257,-0.099254291,1.45405553,0.624866667,-0.374445585,0.948148605,-0.439653893,0.186168979,-0.086326042
1.212308,0.114624003,-0.095932826,1.453195795,0.58377389,-0.361915063,0.912249107,-0.444847171,0.179120112,-0.087345742
1.211259833,0.10662658,-0.092349986,1.452274067,0.543043443,-0.348398485,0.873524596,-0.446853108,0.171516554,-0.087739608
1.210301467,0.098936805,-0.08891006,1.451437276,0.50387983,-0.33542106,0.836344739,-0.448836864,0.164216289,-0.088129118
1.209325433,0.091559025,-0.085871478,1.450577885,0.466305195,-0.323957739,0.803502737,-0.453569497,0.157767762,-0.089058371
1.208269833,0.084528183,-0.082599933,1.449633443,0.430497494,-0.311615547,0.768142798,-0.454017259,0.150824838,-0.089146289
1.207364167,0.077544617,-0.079957729,1.448838186,0.394930568,-0.301647597,0.739584981,-0.461026368,0.145217511,-0.090522527
1.206238567,0.071086141,-0.076773716,1.447814695,0.362037897,-0.289635627,0.705171116,-0.459505175,0.138460349,-0.090223841
1.205331133,0.064601188,-0.074206486,1.447009789,0.329010378,-0.279950528,0.677423654,-0.464785231,0.133012134,-0.09126058
1.204261567,0.058427797,-0.071498821,1.446037823,0.297569632,-0.269735621,0.648158312,-0.466960634,0.127265885,-0.091687721
1.203280333,0.05242156,-0.068861666,1.445151548,0.266980188,-0.259786719,0.619655066,-0.469046832,0.121669272,-0.092097346
1.202285767,0.046182574,-0.066479986,1.44425562,0.235205368,-0.250801622,0.593913085,-0.475079672,0.116614834,-0.093281894
1.201084767,0.038910841,-0.06400137,1.443169586,0.198170824,-0.241450826,0.567123388,-0.485324519,0.111354677,-0.095293469
1.200072033,0.032187373,-0.061611871,1.442263151,0.163928563,-0.232436227,0.541296887,-0.493740278,0.106283644,-0.096945904
1.198960133,0.026541229,-0.059247423,1.441240516,0.135173055,-0.223516139,0.515741155,-0.496940055,0.101265776,-0.09757418
1.198003233,0.021765701,-0.057075052,1.440359118,0.110851544,-0.215320678,0.492261452,-0.497781862,0.096655536,-0.097739469
1.1969974,0.017063169,-0.055244169,1.439427631,0.086901803,-0.208413508,0.47247266,-0.501942812,0.092770007,-0.098556471
1.1959625,0.012786849,-0.053188016,1.43846034,0.065122733,-0.200656491,0.450249082,-0.501498304,0.088406407,-0.098469192
1.195018067,0.008533469,-0.051504275,1.437583153,0.043460497,-0.19430443,0.432050657,-0.504962114,0.084833146,-0.099149311
1.194018033,0.00446356,-0.04966464,1.436647464,0.022732669,-0.187364245,0.412167274,-0.50580656,0.080929044,-0.099315118
1.192967167,0.000703868,-0.048100951,1.435656039,0.003584763,-0.181465088,0.395266403,-0.508053595,0.077610558,-0.099756323
1.191994067,-0.003119494,-0.046841512,1.434743386,-0.015887415,-0.176713744,0.38165397,-0.51391334,0.074937757,-0.100906884
1.190997967,-0.0068719,-0.046004585,1.433806611,-0.034998216,-0.173556361,0.372608183,-0.523978354,0.073161617,-0.10288315
1.190002867,-0.010256302,-0.045345237,1.432865019,-0.052234793,-0.171068914,0.365481736,-0.534088484,0.071762339,-0.104868274
1.188997767,-0.013711214,-0.043849843,1.431914541,-0.069830474,-0.165427409,0.349319027,-0.535521456,0.068588791,-0.105149638
1.187952267,-0.016594915,-0.042848536,1.430914632,-0.084517009,-0.16164989,0.33849657,-0.539385534,0.066463802,-0.10590835
1.187050667,-0.019508352,-0.04169081,1.430059094,-0.099354989,-0.157282266,0.325983485,-0.541710429,0.064006857,-0.106364843
1.1859809,-0.022467503,-0.040382343,1.429036111,-0.114425787,-0.152345958,0.311841138,-0.54263888,0.061230007,-0.106547144
1.184988567,-0.02517402,-0.039196206,1.428086568,-0.128209931,-0.14787115,0.299020974,-0.54360286,0.058712768,-0.106736422
1.184018167,-0.027780019,-0.038026401,1.427157369,-0.141482146,-0.143457958,0.286377338,-0.544231439,0.05623019,-0.106859843
1.182978533,-0.030087683,-0.037216609,1.42615422,-0.153234953,-0.140402945,0.277624835,-0.547231743,0.054511636,-0.107448953
1.182031433,-0.032468741,-0.036242195,1.425244764,-0.165361553,-0.136726882,0.267093047,-0.548826555,0.05244372,-0.107762094
1.1809533,-0.034716136,-0.035336507,1.424202162,-0.176807414,-0.133310095,0.257304075,-0.550483444,0.050521655,-0.108087424
1.179992733,-0.036874767,-0.034289807,1.423275723,-0.187801209,-0.129361327,0.245990996,-0.55016416,0.048300332,-0.108024733
1.179003967,-0.038942276,-0.033513981,1.422319644,-0.198330921,-0.126434454,0.237605609,-0.552308485,0.046653861,-0.108445771
1.177961467,-0.040952875,-0.032587658,1.421308932,-0.208570794,-0.122939818,0.227593604,-0.552536352,0.044688004,-0.108490513
1.1769803,-0.042706403,-0.031897693,1.420355488,-0.217501414,-0.120336864,0.220136234,-0.554009603,0.04322375,-0.108779786
1.175965533,-0.044481142,-0.031312749,1.41936878,-0.226540066,-0.118130114,0.213813973,-0.556725994,0.041982374,-0.109313149
1.175015633,-0.046163713,-0.030444392,1.418445482,-0.23510931,-0.114854158,0.204428477,-0.555909741,0.040139531,-0.109152878
1.173969967,-0.047633683,-0.029863465,1.417423055,-0.242595786,-0.11266256,0.198149626,-0.557117367,0.038906679,-0.109389995
1.173040133,-0.049207379,-0.029324274,1.416518102,-0.250610539,-0.110628415,0.192321875,-0.559304369,0.0377624,-0.109819413
1.1719458,-0.050667358,-0.028570825,1.415446851,-0.258046132,-0.107785962,0.184178349,-0.558596436,0.036163419,-0.10968041
1.170973167,-0.052023462,-0.027512948,1.414495658,-0.264952695,-0.103795028,0.172744465,-0.554069115,0.033918376,-0.108791471
1.169988733,-0.053113341,-0.027326589,1.413528455,-0.270503394,-0.103091971,0.170730232,-0.55760558,0.033522881,-0.109485856
1.168946567,-0.054375201,-0.026958898,1.412506239,-0.276929979,-0.101704826,0.166756113,-0.560058047,0.032742563,-0.109967398
1.168016833,-0.055479972,-0.026526576,1.411593972,-0.282556518,-0.100073852,0.162083431,-0.561011904,0.031825082,-0.110154687
1.166941467,-0.056605389,-0.02586445,1.410536398,-0.288288203,-0.097575922,0.15492695,-0.559587108,0.030419907,-0.109874929
1.1660046,-0.057590594,-0.025573248,1.409615107,-0.293305801,-0.096477338,0.151779547,-0.561457302,0.029801914,-0.110242141
1.165018033,-0.058680376,-0.025162054,1.40864577,-0.298856,-0.094926071,0.147335222,-0.562563178,0.028929271,-0.11045928
1.163934467,-0.059532154,-0.024816728,1.40757567,-0.303194063,-0.0936233,0.143602829,-0.563168847,0.028196415,-0.110578203
1.163018133,-0.060392853,-0.024241886,1.406672944,-0.307577555,-0.091454659,0.13738975,-0.56133926,0.026976477,-0.110218964
1.1619413,-0.061129785,-0.023920958,1.405607762,-0.31133071,-0.090243927,0.133921047,-0.561623712,0.026295398,-0.110274816
1.1609915,-0.061782446,-0.023641614,1.40466828,-0.314654676,-0.089190077,0.130901805,-0.561928436,0.025702569,-0.110334648
1.1599878,-0.062511974,-0.023476736,1.403676114,-0.318370126,-0.08856806,0.129119749,-0.56386183,0.025352663,-0.11071427
1.1589609,-0.063198938,-0.022931631,1.402660075,-0.321868796,-0.086511603,0.123228074,-0.561468824,0.024195832,-0.110244404
1.1579788,-0.063727301,-0.022766483,1.401686329,-0.324559718,-0.085888568,0.1214431,-0.562374773,0.023845353,-0.110422287
1.156953667,-0.064237951,-0.02234536,1.400669269,-0.327160433,-0.084299844,0.116891463,-0.560423851,0.022951639,-0.110039223
1.1559777,-0.064730385,-0.022076111,1.399701087,-0.329668371,-0.083284078,0.113981331,-0.560021657,0.022380234,-0.109960252
1.155026567,-0.065165546,-0.021788968,1.398756834,-0.331884623,-0.082200807,0.110877798,-0.559134376,0.021770856,-0.109786035
1.1540029,-0.065660268,-0.021699395,1.397740989,-0.334404217,-0.081862885,0.109909664,-0.560685835,0.021580762,-0.110090664
1.1530194,-0.066067997,-0.021487448,1.396763935,-0.336480761,-0.081063296,0.10761887,-0.560471586,0.021130965,-0.110048596
1.1520264,-0.066541082,-0.02142327,1.395778415,-0.338890155,-0.080821179,0.106925213,-0.562187324,0.020994766,-0.110385481
1.150972867,-0.06697489,-0.021280728,1.39473174,-0.341099514,-0.080283428,0.105384576,-0.562856045,0.020692261,-0.110516784
1.150021567,-0.067172644,-0.020800563,1.393783566,-0.342106667,-0.078471963,0.100194794,-0.558673416,0.019673248,-0.109695525
1.148976233,-0.067370584,-0.0205327,1.392741362,-0.343114763,-0.077461427,0.097299642,-0.55678636,0.019104785,-0.109325002
1.147993867,-0.067600953,-0.020356402,1.391762638,-0.344288021,-0.076796325,0.095394152,-0.556054128,0.018730642,-0.109181228
1.146977133,-0.067822724,-0.020288689,1.390749411,-0.345417491,-0.076540873,0.094662291,-0.556451736,0.018586941,-0.109259298
1.1459976,-0.068123698,-0.020044642,1.389774636,-0.346950334,-0.075620183,0.092024547,-0.555346835,0.01806902,-0.109042351
1.145030767,-0.068156963,-0.019895102,1.388808328,-0.347119749,-0.07505603,0.090408269,-0.553899972,0.017751664,-0.10875826
1.144011133,-0.068284829,-0.019885911,1.387790716,-0.347770967,-0.075021355,0.090308926,-0.554451848,0.017732158,-0.10886662
1.143003,-0.068411616,-0.019672129,1.386784588,-0.348416683,-0.074214844,0.087998299,-0.552786937,0.017278466,-0.108539715
1.142027633,-0.068489435,-0.019559663,1.385810451,-0.348813011,-0.073790558,0.086782737,-0.551967703,0.01703979,-0.108378858
1.1410325,-0.068671855,-0.019549043,1.384818202,-0.349742066,-0.073750492,0.086667949,-0.55278197,0.017017252,-0.10853874
1.140013633,-0.068797924,-0.019227428,1.383801329,-0.350384129,-0.072537173,0.083191831,-0.549947915,0.016334716,-0.107982273
1.139009667,-0.068861112,-0.019072937,1.382798361,-0.350705943,-0.071954339,0.081522034,-0.548599933,0.016006851,-0.107717597
1.137979267,-0.069016544,-0.019087264,1.381770418,-0.351497549,-0.07200839,0.081676889,-0.549546392,0.016037257,-0.107903434
1.136965967,-0.068928925,-0.018868347,1.380755733,-0.35105131,-0.071182507,0.079310762,-0.546734026,0.015572668,-0.107351226
1.136003433,-0.068810552,-0.018620336,1.379791328,-0.350448446,-0.070246864,0.07663018,-0.543450581,0.015046336,-0.106706522
1.134953833,-0.068822905,-0.018656212,1.378741923,-0.350511359,-0.070382207,0.077017933,-0.543901247,0.015122471,-0.10679501
1.1339692,-0.068767771,-0.018629829,1.377756418,-0.350230564,-0.070282678,0.076732784,-0.543335303,0.015066482,-0.106683887
1.132980267,-0.068835057,-0.01868376,1.376768549,-0.350573248,-0.070486136,0.077315684,-0.544260888,0.015180935,-0.106865625
1.131952967,-0.068700681,-0.018298159,1.375739124,-0.349888877,-0.069031421,0.073147978,-0.53940881,0.014362605,-0.10591292
1.131047967,-0.068528652,-0.01836203,1.374831405,-0.349012743,-0.069272381,0.07383832,-0.539223018,0.014498154,-0.105876439
1.129933633,-0.068510003,-0.018391291,1.373716776,-0.348917766,-0.069382771,0.074154583,-0.539444303,0.014560252,-0.105919889
1.129010233,-0.06843062,-0.018237334,1.372792121,-0.348513471,-0.068801953,0.072490561,-0.537375987,0.014233522,-0.105513775
1.127946533,-0.06841822,-0.01814361,1.371728225,-0.348450318,-0.068448372,0.071477565,-0.536299838,0.01403462,-0.105302473
1.126928833,-0.068393454,-0.018196163,1.370710134,-0.348324186,-0.068646633,0.072045575,-0.536741716,0.014146149,-0.105389236
1.126017233,-0.068190659,-0.018060987,1.369795328,-0.347291362,-0.06813667,0.070584548,-0.534247865,0.013859276,-0.104899568
1.1249078,-0.068290902,-0.021464674,1.368687479,-0.347801893,-0.08097738,0.107372722,-0.571546569,0.021082634,-0.112223169
1.123978033,-0.067954185,-0.01761817,1.367752389,-0.346087015,-0.066466105,0.065798439,-0.528257409,0.012919524,-0.103723342
1.122975467,-0.067694254,-0.017770868,1.366745713,-0.344763198,-0.067042169,0.067448842,-0.528583996,0.01324358,-0.103787468
1.121948867,-0.067586423,-0.017715918,1.365717408,-0.344214021,-0.066834868,0.066854932,-0.527440908,0.013126966,-0.103563022
1.120945533,-0.06739188,-0.017665467,1.364710999,-0.343223222,-0.066644537,0.066309641,-0.525904818,0.013019898,-0.103261411
1.119971,-0.067239198,-0.017704067,1.363734052,-0.342445621,-0.066790156,0.066726835,-0.525544411,0.013101814,-0.103190645
1.118995633,-0.066887122,-0.017545068,1.362753119,-0.340652517,-0.06619032,0.065008325,-0.522032797,0.012764385,-0.10250114
1.118023233,-0.06668218,-0.017622046,1.361777479,-0.339608758,-0.066480727,0.065840332,-0.521821045,0.012927749,-0.102459562
1.116969667,-0.066491922,-0.017393639,1.360720904,-0.338639784,-0.06561904,0.06337163,-0.51838337,0.01244302,-0.101784575
1.116015467,-0.066255628,-0.017425733,1.359762968,-0.337436352,-0.065740116,0.063718509,-0.517526816,0.012511129,-0.10161639
1.114983167,-0.066014294,-0.017331233,1.358726853,-0.336207252,-0.065383607,0.062697122,-0.515276329,0.01231058,-0.101174507
1.113987833,-0.065864701,-0.018123944,1.357729154,-0.335445382,-0.068374179,0.071265004,-0.523082341,0.013992884,-0.102707218
1.112979167,-0.06554913,-0.01688894,1.356715498,-0.333838197,-0.06371502,0.05791668,-0.508126832,0.01137194,-0.099770704
1.1120167,-0.065330821,-0.017137493,1.35574958,-0.332726359,-0.064652708,0.060603123,-0.509701438,0.011899423,-0.100079877
1.110975233,-0.064995843,-0.017205734,1.354702818,-0.331020334,-0.064910151,0.061340687,-0.508732977,0.012044244,-0.09988972
1.1099995,-0.0646454,-0.017260043,1.353721544,-0.329235547,-0.065115036,0.061927677,-0.507535179,0.012159499,-0.099654532
1.108930133,-0.06442087,-0.017033157,1.352648627,-0.32809203,-0.064259089,0.059475418,-0.503939403,0.011677998,-0.098948502
1.1080052,-0.06411125,-0.016940969,1.351718799,-0.326515152,-0.063911301,0.05847902,-0.501366126,0.011482356,-0.098443239
1.107002,-0.06376443,-0.017096579,1.350710116,-0.324748818,-0.064498354,0.060160904,-0.501281677,0.011812594,-0.098426657
1.1060136,-0.063386636,-0.016897865,1.349715743,-0.322824733,-0.06374869,0.058013145,-0.497209833,0.011390881,-0.097627151
1.104977733,-0.063060278,-0.016978532,1.348674716,-0.321162606,-0.064053011,0.058885013,-0.496419574,0.011562072,-0.097471983
1.104001367,-0.062701123,-0.017051367,1.347692671,-0.319333452,-0.06432779,0.059672245,-0.495377652,0.011716645,-0.097267402
1.103036767,-0.062469959,-0.017012844,1.346724417,-0.318156146,-0.064182457,0.059255872,-0.493783973,0.01163489,-0.096954483
1.101979433,-0.062078045,-0.016868365,1.345660887,-0.316160148,-0.063637399,0.057694299,-0.490226402,0.011328276,-0.096255954
1.1009816,-0.06183323,-0.016755582,1.344659183,-0.314913318,-0.063211913,0.056475296,-0.487760569,0.011088924,-0.095771788
1.0999519,-0.061456391,-0.016729847,1.343623526,-0.312994096,-0.063114828,0.056197151,-0.485563201,0.011034311,-0.095340335
1.099018033,-0.061105432,-0.016895453,1.34268411,-0.31120668,-0.06373959,0.057987071,-0.485565707,0.011385761,-0.095340826
1.097979267,-0.060722824,-0.016735572,1.341639295,-0.30925808,-0.063136426,0.056259028,-0.481889063,0.01104646,-0.094618918
1.097005433,-0.060245233,-0.016643753,1.34065791,-0.306825736,-0.062790028,0.055266611,-0.478464302,0.010851599,-0.093946466
1.0959586,-0.059916356,-0.01660984,1.339605878,-0.30515078,-0.062662091,0.054900075,-0.47642281,0.01077963,-0.093545619
1.094984167,-0.059546901,-0.016533939,1.338625603,-0.303269166,-0.062375747,0.054079712,-0.473720833,0.010618552,-0.093015086
1.094007933,-0.059102989,-0.01662086,1.337642352,-0.301008346,-0.062703662,0.055019176,-0.472399476,0.010803015,-0.092755637
1.092945633,-0.05869889,-0.016302463,1.336573663,-0.298950295,-0.061502481,0.051577836,-0.466900085,0.010127308,-0.091675832
1.091979433,-0.058334223,-0.016473176,1.335601697,-0.297093063,-0.062146513,0.053422966,-0.466887984,0.010489599,-0.091673456
1.090971633,-0.057879399,-0.016443122,1.334586707,-0.294776671,-0.06203313,0.053098125,-0.464246751,0.010425817,-0.09115485
1.089941533,-0.057607006,-0.016406625,1.3335523,-0.293389386,-0.061895443,0.052703657,-0.462464998,0.010348363,-0.090805002
1.0890238,-0.057191536,-0.016452789,1.332627998,-0.29127342,-0.062069599,0.053202609,-0.460847984,0.010446332,-0.090487502
1.087896733,-0.05689398,-0.016333786,1.331496227,-0.289757981,-0.06162065,0.051916385,-0.458046322,0.010193782,-0.089937395
1.0870215,-0.056527345,-0.016203003,1.330615197,-0.287890733,-0.061127259,0.050502839,-0.454765527,0.009916233,-0.089293211
1.0859104,-0.05609745,-0.016192158,1.329497301,-0.2857013,-0.061086346,0.050385623,-0.452458878,0.009893217,-0.088840301
1.084954833,-0.055623755,-0.016168843,1.328534245,-0.283288796,-0.06099839,0.050133634,-0.449794384,0.009843739,-0.088317127
1.083973133,-0.055237641,-0.015994544,1.32754644,-0.281322338,-0.060340832,0.048249753,-0.445944045,0.009473839,-0.087561113
1.082923267,-0.054865585,-0.016005963,1.326490692,-0.279427476,-0.060383911,0.048373173,-0.444172605,0.009498073,-0.087213291
1.0819793,-0.054518272,-0.016148027,1.325541234,-0.277658632,-0.06091986,0.049908648,-0.443939234,0.009799563,-0.087167469
1.080961133,-0.054033257,-0.01611604,1.324515399,-0.275188475,-0.060799185,0.049562918,-0.441123348,0.009731679,-0.086614569
1.0799614,-0.053660157,-0.015995943,1.323509767,-0.273288295,-0.060346107,0.048264867,-0.437925116,0.009476807,-0.085986597
1.0789601,-0.053312775,-0.015981685,1.322502975,-0.271519097,-0.060292319,0.048110765,-0.436001817,0.009446549,-0.085608957
1.0779733,-0.052875237,-0.016109153,1.321509257,-0.269290741,-0.060773202,0.049488478,-0.435151174,0.009717063,-0.085441933
1.0769757,-0.052623852,-0.015977428,1.320507683,-0.268010451,-0.06027626,0.048064758,-0.432447163,0.009437515,-0.084911
1.075982933,-0.052253935,-0.015905286,1.319509068,-0.266126485,-0.060004097,0.047285019,-0.429783459,0.009284414,-0.084387982
1.074980867,-0.051818314,-0.015801359,1.318500114,-0.263907889,-0.059612022,0.046161738,-0.426441582,0.009063857,-0.083731805
1.074026,-0.051542421,-0.015882394,1.317540886,-0.262502782,-0.059917734,0.047037591,-0.425912329,0.009235831,-0.083627886
1.073015667,-0.051172573,-0.015851343,1.316524705,-0.260619166,-0.059800592,0.046701986,-0.423693107,0.009169935,-0.083192142
1.071979833,-0.050727211,-0.015816191,1.315481831,-0.25835096,-0.059667977,0.046322048,-0.421044962,0.009095334,-0.082672178
1.0710016,-0.050457592,-0.015792259,1.314499335,-0.256977803,-0.059577694,0.04606339,-0.419413148,0.009044547,-0.082351772
1.0700204,-0.050083331,-0.015751669,1.313512217,-0.255071712,-0.059424565,0.04562468,-0.417068347,0.008958406,-0.08189137
1.0689952,-0.049824927,-0.01580894,1.312482932,-0.253755676,-0.059640623,0.04624368,-0.416371311,0.009079947,-0.081754507
1.068003933,-0.049352777,-0.0157662,1.311484201,-0.251351043,-0.059479383,0.045781732,-0.41350473,0.008989243,-0.081191654
1.0669611,-0.049049503,-0.015696706,1.310436573,-0.249806482,-0.059217212,0.045030621,-0.411209058,0.008841763,-0.080740899
1.065977267,-0.048756472,-0.015611804,1.309448106,-0.24831409,-0.058896909,0.044112965,-0.408799011,0.008661581,-0.080267686
1.0649977,-0.048398312,-0.015528036,1.308462877,-0.246490003,-0.058580888,0.043207577,-0.406069534,0.008483808,-0.079731753
1.063969433,-0.048107325,-0.015496596,1.30743001,-0.24500802,-0.058462278,0.042867763,-0.404247737,0.008417085,-0.079374043
1.062998567,-0.047829575,-0.01548942,1.306454752,-0.243593454,-0.058435207,0.042790206,-0.402755615,0.008401857,-0.079081065
1.062037067,-0.047490575,-0.015437572,1.305487893,-0.241866945,-0.058239603,0.042229808,-0.400468708,0.008291823,-0.078632031
1.0609948,-0.047283304,-0.01537531,1.304442349,-0.240811328,-0.058004714,0.04155686,-0.398740143,0.008159689,-0.078292627
1.060017767,-0.046920154,-0.015358862,1.303459574,-0.238961825,-0.057942663,0.041379085,-0.396712864,0.008124783,-0.077894571
1.059004267,-0.046522246,-0.015406194,1.302439783,-0.236935301,-0.058121227,0.041890665,-0.39519792,0.008225232,-0.077597112
1.058016467,-0.046337705,-0.015429817,1.301449066,-0.235995442,-0.058210348,0.042145993,-0.39451339,0.008275366,-0.077462704
1.057017433,-0.046010042,-0.015404105,1.300444852,-0.234326672,-0.058113349,0.041868093,-0.39256672,0.0082208,-0.077080475
1.055953133,-0.04569942,-0.015309121,1.299375641,-0.232744691,-0.057755011,0.040841468,-0.389958113,0.008019222,-0.076568275
1.055031733,-0.045380017,-0.015233928,1.298449191,-0.23111799,-0.057471341,0.040028764,-0.387518709,0.007859648,-0.076089298
1.053939133,-0.045130623,-0.015285244,1.297352648,-0.229847838,-0.057664934,0.040583401,-0.386803193,0.007968551,-0.075948807
1.052998067,-0.044855791,-0.015308605,1.296407237,-0.228448133,-0.057753066,0.040835898,-0.385655986,0.008018128,-0.075723553
1.0519763,-0.044624885,-0.015087254,1.295381819,-0.22727214,-0.056917998,0.038443456,-0.38208755,0.007548373,-0.075022891
1.050955133,-0.044364011,-0.015022332,1.294356528,-0.225943526,-0.056673074,0.037741757,-0.380057238,0.007410594,-0.074624239
1.050037033,-0.044215566,-0.015131073,1.293436081,-0.225187502,-0.05708331,0.03891707,-0.380476526,0.007641367,-0.074706566
1.048974333,-0.043941001,-0.015120279,1.292369041,-0.223789157,-0.05704259,0.038800408,-0.37896152,0.00761846,-0.074409094
1.048011033,-0.043731538,-0.015046195,1.291402429,-0.222722372,-0.056763102,0.037999684,-0.37709401,0.007461238,-0.074042409
1.046993433,-0.043397356,-0.015074837,1.290379546,-0.221020402,-0.056871156,0.038309256,-0.375701613,0.007522022,-0.073769012
1.045997033,-0.043081728,-0.015040713,1.289378155,-0.219412928,-0.05674242,0.037940432,-0.373725315,0.007449604,-0.073380966
1.045000867,-0.042937665,-0.015157934,1.288379711,-0.218679221,-0.057184647,0.039207396,-0.374258571,0.007698372,-0.07348567
1.043985267,-0.042726221,-0.015039029,1.287360768,-0.217602348,-0.056736067,0.037922231,-0.371896534,0.00744603,-0.073021884
1.0429788,-0.042462278,-0.015181021,1.286350129,-0.216258102,-0.057271745,0.039456928,-0.372086984,0.007747368,-0.073059279
1.0419974,-0.042176088,-0.015087663,1.285364204,-0.214800548,-0.056919541,0.038447876,-0.369620379,0.007549241,-0.072574962
1.0409862,-0.0420055,-0.014961324,1.284350307,-0.213931756,-0.056442917,0.037082366,-0.367386077,0.007281123,-0.072136256
1.0399687,-0.041747725,-0.014968687,1.283328732,-0.212618922,-0.056470696,0.037161952,-0.366152828,0.007296749,-0.071894108
1.0390067,-0.041622772,-0.01501953,1.282364756,-0.21198254,-0.056662503,0.037711472,-0.366065967,0.007404648,-0.071877053
1.038000733,-0.041402653,-0.01482658,1.281355309,-0.210861485,-0.055934582,0.035626005,-0.362859445,0.006995166,-0.071247452
1.036994167,-0.041293699,-0.014737748,1.28034702,-0.210306592,-0.055599455,0.034665879,-0.361344426,0.006806645,-0.070949978
1.036028,-0.041049015,-0.014454822,1.279376985,-0.209060426,-0.054532093,0.031607925,-0.357040306,0.006206216,-0.070104864
1.034977067,-0.040789456,-0.014640571,1.278321948,-0.207738509,-0.055232849,0.033615565,-0.35772603,0.006600416,-0.070239506
1.033991133,-0.040578654,-0.014857367,1.277332682,-0.206664906,-0.05605073,0.035958765,-0.358995626,0.007060503,-0.070488791
1.032952233,-0.040415235,-0.014852302,1.276291198,-0.20583262,-0.056031622,0.03590402,-0.358108596,0.007049754,-0.070314623
1.032008267,-0.040251973,-0.014706827,1.27534465,-0.205001134,-0.055482805,0.034331679,-0.355704767,0.006741025,-0.069842631
1.0309934,-0.040104099,-0.014650122,1.274327446,-0.20424802,-0.055268879,0.033718789,-0.354338763,0.006620684,-0.069574416
1.029929267,-0.039873385,-0.014592624,1.273259665,-0.203073009,-0.055051964,0.033097335,-0.352542299,0.006498662,-0.06922168
1.028967367,-0.039636375,-0.01453245,1.272294018,-0.201865928,-0.054824953,0.032446958,-0.350684841,0.00637096,-0.068856969
1.0279875,-0.03949992,-0.014641309,1.271311994,-0.20117097,-0.055235631,0.033623535,-0.35116646,0.006601981,-0.068951534
1.0270015,-0.039291239,-0.014716403,1.270322694,-0.200108169,-0.055518931,0.034435179,-0.350915303,0.006761347,-0.06890222
1.0259915,-0.039218604,-0.01439814,1.269311546,-0.199738245,-0.054318254,0.030995284,-0.347105483,0.006085924,-0.068154162
1.0249916,-0.039005158,-0.014632558,1.268308272,-0.198651172,-0.055202618,0.033528955,-0.348552082,0.00658341,-0.068438201
1.023947867,-0.039286183,-0.014638235,1.267268981,-0.200082417,-0.055224036,0.033590317,-0.350044689,0.006595459,-0.068731275
1.022989167,-0.038880888,-0.014529666,1.266303874,-0.198018275,-0.054814449,0.032416864,-0.346807094,0.006365051,-0.068095573
1.0219389,-0.038589283,-0.014452288,1.265248997,-0.196533143,-0.054522534,0.031580537,-0.344485635,0.006200838,-0.067639754
1.020962767,-0.0384332,-0.014392061,1.264270396,-0.195738224,-0.054295321,0.03092958,-0.343039759,0.006073023,-0.067355857
1.019978367,-0.038247439,-0.014469774,1.263283059,-0.19479215,-0.0545885,0.031769528,-0.342933633,0.006237947,-0.067335019
1.018918467,-0.038111581,-0.014390018,1.262221011,-0.194100236,-0.054287613,0.030907499,-0.341379689,0.006068687,-0.067029902
1.018013867,-0.03804916,-0.014357353,1.261315424,-0.193782327,-0.054164382,0.030554445,-0.340708727,0.005999365,-0.066898159
1.016900833,-0.037741749,-0.014269017,1.26019753,-0.192216701,-0.053831126,0.02959968,-0.338188336,0.005811897,-0.06640328
1.016013333,-0.037632725,-0.014376624,1.259308307,-0.191661446,-0.054237086,0.030762739,-0.33879614,0.006040264,-0.066522622
1.014986,-0.037520104,-0.014288714,1.258279193,-0.191087875,-0.053905435,0.029812572,-0.337272402,0.005853698,-0.066223436
1.013966867,-0.037355402,-0.014292487,1.257257456,-0.190249054,-0.05391967,0.029853355,-0.336474363,0.005861706,-0.066066741
1.0130632,-0.037294604,-0.014164843,1.256352828,-0.189939414,-0.053438123,0.02847374,-0.334785109,0.005590819,-0.065735056
1.0119564,-0.037177565,-0.014186192,1.255244177,-0.189343341,-0.053518662,0.02870448,-0.334419776,0.005636125,-0.065663323
1.011023433,-0.037074651,-0.014048518,1.254309584,-0.188819207,-0.052999277,0.027216461,-0.332407623,0.005343952,-0.065268237
1.009963333,-0.037016501,-0.01403209,1.253248564,-0.188523051,-0.0529373,0.027038898,-0.331933904,0.005309088,-0.065175222
1.008929367,-0.036783334,-0.014254078,1.252210911,-0.187335544,-0.053774769,0.029438218,-0.333145716,0.005780194,-0.065413161
1.007959567,-0.036624221,-0.01407428,1.251238596,-0.186525188,-0.053096464,0.027494898,-0.330392041,0.005398623,-0.064872477
1.0069503,-0.036543491,-0.014164986,1.250228053,-0.186114034,-0.053438663,0.028475286,-0.330961275,0.005591122,-0.064984246
1.005962667,-0.03642311,-0.014145232,1.249238516,-0.18550094,-0.053364139,0.028261778,-0.330134673,0.0055492,-0.064821943
1.0049586,-0.036370858,-0.014044274,1.248233623,-0.185234824,-0.052983265,0.027170587,-0.328777366,0.005334945,-0.064555436
1.0039621,-0.036120222,-0.014062447,1.247233161,-0.183958352,-0.053051823,0.027367003,-0.327697309,0.005373511,-0.064343367
1.002959133,-0.036039012,-0.01405488,1.24622891,-0.183544753,-0.053023277,0.02728522,-0.327201928,0.005357453,-0.064246099
1.002017733,-0.035923336,-0.013953425,1.245285681,-0.18295562,-0.052640529,0.026188661,-0.325516236,0.005142144,-0.063915113
1.000988867,-0.035785203,-0.013839255,1.244254631,-0.182252118,-0.052209811,0.02495467,-0.323578743,0.004899849,-0.063534686
0.999972333,-0.035773238,-0.013984171,1.243237908,-0.182191177,-0.052756522,0.026520977,-0.32508411,0.005207394,-0.063830265
0.99899562,-0.035739338,-0.013934508,1.242260659,-0.182018526,-0.052569163,0.0259842,-0.324374681,0.005101998,-0.063690969
0.997947157,-0.03558881,-0.013861662,1.241209816,-0.181251895,-0.052294344,0.025196852,-0.322820703,0.004947402,-0.063385845
0.99698355,-0.035566396,-0.013799799,1.240245855,-0.181137744,-0.052060961,0.02452822,-0.322037919,0.004816116,-0.063232145
0.995929697,-0.035363452,-0.013876426,1.239188793,-0.180104161,-0.052350042,0.025356427,-0.321832542,0.004978734,-0.06319182
0.99499639,-0.035213427,-0.013830982,1.238253114,-0.17934009,-0.052178603,0.02486526,-0.320577305,0.004882294,-0.062945354
0.993995823,-0.035184848,-0.013722972,1.237252096,-0.17919454,-0.051771123,0.023697845,-0.31926434,0.004653072,-0.062687553
0.992933253,-0.035045903,-0.013664526,1.236187329,-0.178486903,-0.051550631,0.023066141,-0.317924999,0.004529037,-0.062424574
0.991940597,-0.034976778,-0.013753122,1.23519358,-0.178134851,-0.051884867,0.024023716,-0.318530522,0.004717057,-0.062543468
0.990995663,-0.03477824,-0.013628143,1.234245507,-0.177123708,-0.051413374,0.022672906,-0.316168568,0.004451825,-0.062079698
0.989973307,-0.034710898,-0.013672699,1.233222086,-0.176780737,-0.051581464,0.023154478,-0.31630717,0.004546382,-0.062106913
0.989015697,-0.034637827,-0.013467331,1.232263321,-0.176408593,-0.050806696,0.020934796,-0.313715345,0.004110547,-0.061598008
0.987977367,-0.034525992,-0.013625052,1.231223223,-0.17583902,-0.051401713,0.022639497,-0.314850472,0.004445265,-0.06182089
0.986980813,-0.034463729,-0.013686504,1.230225685,-0.175521918,-0.051633547,0.023303694,-0.315197567,0.00457568,-0.061889042
0.986008643,-0.034479841,-0.01354007,1.22925377,-0.175603979,-0.051081109,0.02172098,-0.313696914,0.004264914,-0.061594389
0.984926583,-0.034370836,-0.013101672,1.228169986,-0.175048821,-0.049427217,0.016982637,-0.308403412,0.003334541,-0.06055501
0.984005673,-0.034311004,-0.01341473,1.22724813,-0.1747441,-0.050608256,0.020366271,-0.311482326,0.003998917,-0.061159555
0.982952973,-0.034138421,-0.013562786,1.226192702,-0.173865146,-0.051166808,0.021966502,-0.312203602,0.004313123,-0.061301177
0.98194031,-0.034029313,-0.013540422,1.225178313,-0.173309461,-0.051082439,0.021724788,-0.311406204,0.004265662,-0.061144608
0.981011907,-0.034002661,-0.013549558,1.224249489,-0.173173724,-0.051116906,0.021823537,-0.311369215,0.004285051,-0.061137345
0.979952077,-0.033907102,-0.013431185,1.223188148,-0.172687047,-0.050670332,0.020544118,-0.30960312,0.004033838,-0.060790573
0.97900426,-0.033833407,-0.013398739,1.222239166,-0.172311724,-0.050547926,0.020193428,-0.308877107,0.00396498,-0.06064802
0.977974017,-0.033634711,-0.013490039,1.221205781,-0.171299776,-0.050892364,0.021180232,-0.308851963,0.004158739,-0.060643083
0.976910373,-0.033644268,-0.013494593,1.220142289,-0.171348448,-0.050909545,0.021229453,-0.308949855,0.004168403,-0.060662304
0.97603005,-0.033535239,-0.013383203,1.219260242,-0.170793169,-0.050489317,0.020025517,-0.30719064,0.00393201,-0.060316882
0.974928557,-0.033570315,-0.013265958,1.218159303,-0.170971809,-0.050047,0.018758294,-0.306102058,0.003683191,-0.060103139
0.974033473,-0.033388244,-0.013235665,1.217261341,-0.170044531,-0.049932715,0.01843087,-0.304847356,0.003618901,-0.059856778
0.972974677,-0.033335066,-0.013309951,1.216201704,-0.169773702,-0.050212966,0.019233781,-0.305379438,0.003776553,-0.059961253
0.971997917,-0.033297938,-0.013199447,1.215224357,-0.169584609,-0.049796082,0.018039421,-0.303995985,0.00354204,-0.059689612
0.97103121,-0.033209824,-0.01324896,1.214256257,-0.169135848,-0.049982874,0.018574574,-0.304082376,0.003647118,-0.059706575
0.96998181,-0.033143307,-0.013137295,1.213205806,-0.168797083,-0.049561605,0.017367655,-0.302536693,0.003410139,-0.05940308
0.96903229,-0.033063461,-0.013080443,1.212255023,-0.16839043,-0.049347126,0.016753179,-0.301515565,0.003289487,-0.059202581
0.968044877,-0.033027596,-0.013222569,1.211267043,-0.168207772,-0.04988331,0.018289328,-0.302869054,0.00359111,-0.059468339
0.96701978,-0.033004088,-0.013129648,1.210241575,-0.168088047,-0.049532757,0.017285007,-0.301745009,0.003393911,-0.059247632
0.966006197,-0.032843555,-0.013069162,1.209225453,-0.167270461,-0.04930457,0.016631258,-0.300273674,0.003265547,-0.058958736
0.965045073,-0.032790667,-0.013168277,1.208263494,-0.167001105,-0.04967849,0.017702525,-0.301075586,0.003475891,-0.059116191
0.963991563,-0.032750636,-0.013180115,1.207209351,-0.166797228,-0.049723147,0.017830467,-0.30099965,0.003501012,-0.059101281
0.962993643,-0.032624141,-0.013178919,1.206209431,-0.166152997,-0.049718635,0.017817541,-0.300342493,0.003498474,-0.058972248
0.96196695,-0.032691066,-0.013084275,1.205183796,-0.166493841,-0.049361585,0.016794604,-0.2996604,0.003297621,-0.05883832
0.96097259,-0.032601597,-0.013018591,1.204188021,-0.166038182,-0.049113785,0.016084666,-0.298494803,0.003158224,-0.058609455
0.960027953,-0.032580208,-0.013006653,1.203243046,-0.165929247,-0.049068749,0.01595564,-0.298256842,0.00313289,-0.058562731
0.958996097,-0.032591454,-0.01319359,1.202211368,-0.165986524,-0.049773985,0.017976117,-0.300334596,0.003529611,-0.058970698
0.957949557,-0.032419239,-0.012766377,1.201162105,-0.165109442,-0.048162285,0.013358654,-0.294840051,0.002622972,-0.057891844
0.95754697,-0.032406382,-0.014235966,1.200759315,-0.165043961,-0.053706439,0.029242454,-0.310658369,0.005741756,-0.060997771
0.95642254,-0.034049351,-0.015205732,1.19966086,-0.173411515,-0.057364968,0.039724009,-0.329507479,0.007799809,-0.064698793
0.95711827,-0.028560637,-0.011312146,1.200269814,-0.14545779,-0.04267607,0.002359155,-0.2641889,0.00046322,-0.05187349
