Edisk/V,Idisk/mA,Iring/mA,E-iR vs RHE,jdisk mAcm-2,jring mAcm-2,jCER,jOER,I cer,I OER
0.959384307,-0.014622807,-0.037744114,1.20228152,-0.074473172,-0.142393004,0.131935204,-0.245770525,0.025905477,-0.048257043
0.960481783,-0.004564584,-0.033292699,1.203243344,-0.023247179,-0.12559965,0.084836485,-0.147445813,0.016657644,-0.028950985
0.961485347,3.55279E-05,-0.030586242,1.204184868,0.000180942,-0.1153893,0.056200488,-0.095381695,0.011034966,-0.018728196
0.962541543,0.002776816,-0.028868054,1.205204093,0.014142175,-0.108907286,0.038021003,-0.063240977,0.007465424,-0.012417366
0.963522117,0.004991855,-0.027069142,1.206154793,0.025423252,-0.102120732,0.0189874,-0.032926298,0.003728176,-0.006465079
0.96452071,0.006450756,-0.026311257,1.207133711,0.032853356,-0.099261541,0.010968501,-0.017477294,0.002153665,-0.003431667
0.965486867,0.007728758,-0.025274597,1.208082631,0.039362149,-0.095350651,0,0,0,0
0.96647346,0.009069349,-0.024524717,1.209051145,0.046189709,-0.092521661,0.007934198,-0.001106638,0.00155788,-0.000217288
0.967499117,0.009859861,-0.023897208,1.21006614,0.050215743,-0.09015433,0.014573625,-0.003720031,0.002861531,-0.000730428
0.96851025,0.010651099,-0.023424852,1.211066602,0.054245473,-0.088372324,0.019571447,-0.004688123,0.003842854,-0.000920513
0.969606043,0.011508094,-0.022999718,1.212150838,0.058610106,-0.086768469,0.024069628,-0.004821671,0.004726071,-0.000946735
0.970532913,0.012003403,-0.022407181,1.213071027,0.061132687,-0.084533071,0.030339036,-0.008568499,0.00595707,-0.001682425
0.971434813,0.012402866,-0.0220453,1.21396754,0.063167128,-0.083167844,0.034167957,-0.010362978,0.006708878,-0.002034771
0.972478547,0.013127594,-0.021715313,1.215001499,0.066858129,-0.081922937,0.037659428,-0.010163447,0.007394429,-0.001995593
0.97352602,0.013532176,-0.021494683,1.216043516,0.068918645,-0.081090592,0.039993826,-0.01043733,0.007852788,-0.00204937
0.974540513,0.013940256,-0.021089297,1.217052506,0.070996976,-0.079561238,0.044283061,-0.012648233,0.008694979,-0.002483481
0.975538413,0.014361975,-0.021011462,1.218044718,0.073144769,-0.079267597,0.045106607,-0.011323987,0.008856682,-0.002223465
0.976522407,0.01471087,-0.020572473,1.219024006,0.074921669,-0.077611472,0.049751382,-0.014191862,0.009768684,-0.002786572
0.97748512,0.014853635,-0.02044507,1.219984794,0.075648767,-0.077130832,0.051099388,-0.014812771,0.010033365,-0.002908488
0.97844203,0.015290727,-0.020352042,1.220935809,0.077874853,-0.076779876,0.052083682,-0.013570978,0.010226631,-0.002664662
0.979501843,0.015736568,-0.020048281,1.221989609,0.080145494,-0.075633913,0.055297654,-0.01451431,0.010857694,-0.002849885
0.980552313,0.015931052,-0.019920786,1.223037457,0.08113599,-0.075152927,0.05664663,-0.014872789,0.011122566,-0.002920272
0.9815079,0.016201157,-0.019570662,1.2239894,0.08251162,-0.073832052,0.060351163,-0.017201691,0.011849951,-0.003377552
0.982518517,0.016579321,-0.019548399,1.224994917,0.084437593,-0.073748063,0.060586719,-0.015511275,0.011896202,-0.003045639
0.98351238,0.01655284,-0.019415365,1.225989137,0.084302723,-0.073246179,0.061994304,-0.017053731,0.012172582,-0.0033485
0.98452872,0.016762207,-0.019312631,1.227002654,0.08536902,-0.072858608,0.063081287,-0.017074416,0.012386011,-0.003352562
0.985448657,0.017166676,-0.019233332,1.227917135,0.087428958,-0.072559446,0.063920319,-0.01585351,0.012550755,-0.003112837
0.986480117,0.017310126,-0.018941326,1.228946661,0.088159543,-0.071457827,0.067009923,-0.018212529,0.013157398,-0.00357603
0.987530987,0.017703163,-0.01911297,1.22999223,0.090161256,-0.072105368,0.065193827,-0.01439472,0.012800808,-0.002826403
0.988537707,0.017814578,-0.018922745,1.230997447,0.090728689,-0.071387727,0.067206529,-0.015839989,0.013196002,-0.003110182
0.98950523,0.017923046,-0.01863058,1.231963508,0.091281109,-0.070285508,0.070297816,-0.018378856,0.013802976,-0.003608688
0.99049111,0.017858353,-0.018755239,1.23295026,0.090951634,-0.070755795,0.068978846,-0.017389361,0.013543996,-0.003414401
0.991497517,0.018155926,-0.018636889,1.233952654,0.092467157,-0.070309311,0.070231059,-0.017126051,0.013789868,-0.0033627
0.992438557,0.018441273,-0.01835881,1.234889845,0.093920414,-0.069260233,0.073173307,-0.018615042,0.014367579,-0.003655063
0.993514853,0.018662771,-0.018431419,1.235963155,0.09504849,-0.069534157,0.072405059,-0.016718718,0.014216733,-0.00328272
0.994586987,0.018747675,-0.01827847,1.237034143,0.095480901,-0.068957145,0.07402335,-0.017904598,0.014534485,-0.003515568
0.9955256,0.019039478,-0.0182516,1.237968821,0.096967038,-0.068855774,0.074307655,-0.016702766,0.014590308,-0.003279588
0.996455033,0.018922444,-0.018007451,1.238899833,0.096370989,-0.067934699,0.076890906,-0.019882066,0.015097529,-0.003903844
0.997462117,0.01908027,-0.018096594,1.239904787,0.097174788,-0.068271001,0.075947711,-0.018135072,0.014912333,-0.003560821
0.998535197,0.019443622,-0.018032338,1.240972967,0.099025322,-0.068028589,0.076627583,-0.01696441,0.015045826,-0.003330962
0.9995268,0.019555502,-0.017774139,1.241963061,0.099595123,-0.06705451,0.079359488,-0.019126514,0.015582235,-0.003755491
1.000528167,0.019792001,-0.017839012,1.242961239,0.100799598,-0.067299249,0.078673091,-0.017235643,0.015447461,-0.003384218
1.001512133,0.019914409,-0.017769471,1.243943554,0.101423017,-0.0670369,0.079408878,-0.01734801,0.015591933,-0.003406282
1.0024738,0.019920353,-0.017579147,1.244905141,0.101453287,-0.066318884,0.081422627,-0.019331489,0.015987333,-0.003795738
1.0034555,0.019904798,-0.01751797,1.245887051,0.101374067,-0.066088089,0.082069918,-0.020058,0.016114428,-0.003938388
1.004485267,0.020234105,-0.017532937,1.246912376,0.10305121,-0.066144554,0.081911554,-0.018222494,0.016083334,-0.003577987
1.0055598,0.020336698,-0.017542419,1.247985526,0.103573709,-0.066180326,0.081811229,-0.017599669,0.016063635,-0.003455695
1.0065075,0.020552545,-0.017430105,1.248930315,0.104673006,-0.065756611,0.08299958,-0.017688724,0.016296968,-0.003473181
1.007466233,0.020611739,-0.017287034,1.24988825,0.104974478,-0.065216863,0.08451336,-0.018901032,0.016594198,-0.003711218
1.008522333,0.020769212,-0.017298786,1.250942226,0.105776479,-0.065261198,0.08438902,-0.01797469,0.016569784,-0.00352933
1.0095251,0.020670393,-0.01740089,1.251946325,0.105273201,-0.065646394,0.083308697,-0.017397645,0.016357663,-0.003416028
1.0104935,0.020908652,-0.017339199,1.252911512,0.106486641,-0.065413661,0.083961422,-0.01683693,0.016485825,-0.003305931
1.011475533,0.021200925,-0.017364267,1.253889604,0.10797517,-0.065508231,0.083696191,-0.01508317,0.016433747,-0.00296158
1.012509867,0.021358487,-0.01730814,1.254921812,0.108777628,-0.065296486,0.084290049,-0.01487457,0.016550351,-0.002920622
1.0135579,0.021423144,-0.017027411,1.255968973,0.10910692,-0.064237413,0.087260332,-0.017515562,0.017133566,-0.003439181
1.014517767,0.021642306,-0.017023961,1.256925884,0.1102231,-0.064224399,0.087296832,-0.016435881,0.017140733,-0.003227185
1.015509333,0.021560914,-0.017020296,1.257918548,0.109808575,-0.064210572,0.08733561,-0.016889184,0.017148347,-0.003316191
1.0164997,0.021613501,-0.017014893,1.258908206,0.110076401,-0.064190186,0.087392784,-0.016678532,0.017159573,-0.00327483
1.017499367,0.021938142,-0.016885571,1.259903494,0.111729778,-0.063702308,0.088761091,-0.016393461,0.01742824,-0.003218856
1.018502633,0.021995877,-0.0168866,1.260905982,0.112023821,-0.063706192,0.088750196,-0.016088524,0.017426101,-0.003158982
1.0195743,0.022206806,-0.016789919,1.261974804,0.11309807,-0.063341454,0.089773141,-0.01603722,0.017626956,-0.003148908
1.020546067,0.022375389,-0.016807321,1.262944297,0.113956654,-0.063407105,0.089589017,-0.014994512,0.017590804,-0.002944172
1.021455067,0.022426585,-0.016616423,1.263852607,0.114217392,-0.062686924,0.09160884,-0.016753596,0.017987396,-0.003289569
1.0224278,0.022324318,-0.016532593,1.264826719,0.113696552,-0.062370668,0.092495813,-0.01816141,0.018161553,-0.003565993
1.023512333,0.022642053,-0.016694598,1.265906968,0.115314758,-0.062981848,0.090781696,-0.014829088,0.017824986,-0.002911691
1.024547667,0.022844148,-0.01675669,1.266939575,0.116344017,-0.063216093,0.090124731,-0.013142864,0.017695991,-0.002580601
1.025585133,0.023984349,-0.01656615,1.267961664,0.122151001,-0.062497265,0.092140759,-0.009351907,0.018091838,-0.001836247
1.026561267,0.023342809,-0.016410483,1.26894645,0.118883674,-0.061909996,0.093787816,-0.014266291,0.018415238,-0.002801186
1.027572833,0.023351171,-0.016550403,1.269957904,0.118926261,-0.062437858,0.092307372,-0.01274326,0.018124553,-0.002502139
1.028515333,0.023196169,-0.016532878,1.270902494,0.118136844,-0.062371743,0.092492797,-0.013718102,0.018160961,-0.002693549
1.0295291,0.023313951,-0.016406344,1.271914673,0.118736698,-0.061894384,0.093831602,-0.014457053,0.018423835,-0.002838642
1.0306067,0.02364188,-0.016435457,1.27298785,0.120406823,-0.062004215,0.093523568,-0.012478895,0.018363353,-0.002450231
1.031588633,0.023702525,-0.016308355,1.273968965,0.120715686,-0.061524712,0.094868386,-0.013514849,0.018627408,-0.002653641
1.0325256,0.023815773,-0.016367631,1.274904405,0.121292454,-0.061748334,0.094241213,-0.012310908,0.018504262,-0.002417247
1.033515133,0.024042136,-0.016125318,1.275890885,0.122445309,-0.060834186,0.096805038,-0.013721879,0.019007669,-0.002694291
1.034562067,0.024056892,-0.016256863,1.276937619,0.12252046,-0.061330452,0.095413207,-0.012254896,0.018734383,-0.002406249
1.035548167,0.023995479,-0.016129378,1.277924548,0.122207687,-0.060849503,0.096762081,-0.013916543,0.018999235,-0.002732513
1.036518633,0.024370797,-0.016180309,1.278889953,0.12411916,-0.061041644,0.096223199,-0.011466189,0.018893425,-0.002251386
1.037594633,0.024482844,-0.016088374,1.279964441,0.124689809,-0.060694813,0.097195925,-0.011868265,0.01908442,-0.002330334
1.0386106,0.024762932,-0.01623226,1.280976631,0.126116282,-0.061237634,0.095673525,-0.008919392,0.018785497,-0.001751323
1.039539733,0.02473719,-0.016181847,1.281906111,0.125985181,-0.061047449,0.096206919,-0.009583887,0.018890229,-0.001881796
1.040546733,0.024914883,-0.016138246,1.282910715,0.126890159,-0.060882959,0.096668248,-0.009140239,0.018980811,-0.001794686
1.041558433,0.024788975,-0.015866768,1.283924113,0.126248918,-0.059858783,0.099540657,-0.012653888,0.019544808,-0.002484591
1.042508933,0.025055921,-0.015764687,1.284871012,0.127608458,-0.059473674,0.100620737,-0.012374429,0.019756882,-0.002429719
1.043565967,0.025338309,-0.015990731,1.285924237,0.129046646,-0.060326447,0.098229045,-0.008544547,0.019287273,-0.001677722
1.044626933,0.025422276,-0.016000731,1.286984072,0.129474284,-0.06036417,0.098123246,-0.008011111,0.019266499,-0.001572982
1.0456228,0.025543914,-0.015835377,1.287978298,0.130093782,-0.059740359,0.09987279,-0.009141157,0.019610022,-0.001794866
1.046509733,0.025762253,-0.015996107,1.288862286,0.131205772,-0.060346729,0.098172163,-0.00632854,0.019276104,-0.001242609
1.047525333,0.025721005,-0.015964164,1.289878443,0.130995698,-0.060226218,0.098510147,-0.006876598,0.019342467,-0.00135022
1.048546233,0.025760234,-0.015895449,1.290898814,0.131195488,-0.059966985,0.099237194,-0.007403856,0.019485223,-0.001453747
1.0496151,0.026174307,-0.01590935,1.291962096,0.133304337,-0.060019429,0.09909011,-0.005147921,0.019456343,-0.001010794
1.0505763,0.026199652,-0.015820383,1.292922954,0.133433422,-0.059683793,0.100031436,-0.005960163,0.019641172,-0.001170278
1.051560733,0.026603362,-0.015824316,1.293901943,0.135489495,-0.059698629,0.099989825,-0.00386248,0.019633002,-0.000758398
1.0525799,0.026613421,-0.015869624,1.294920974,0.135540723,-0.059869559,0.099510435,-0.003331861,0.019538874,-0.000654211
1.053545633,0.026680186,-0.015897323,1.295885807,0.135880755,-0.059974055,0.099217366,-0.00269876,0.01948133,-0.000529901
1.054541,0.026568852,-0.015511475,1.296882675,0.135313737,-0.058518409,0.103299877,-0.007348289,0.020282931,-0.001442836
1.055613233,0.02690348,-0.015793366,1.297950395,0.13701798,-0.059581869,0.100317292,-0.002661461,0.0196973,-0.000522578
1.0566446,0.027158713,-0.015756965,1.298978319,0.138317866,-0.059444542,0.100702441,-0.001746724,0.019772924,-0.000342969
1.057533767,0.027337782,-0.015678949,1.299865071,0.139229857,-0.059150221,0.101527895,-0.001660187,0.019935002,-0.000325978
1.0584999,0.02740813,-0.015740764,1.300830256,0.139588133,-0.059383422,0.100873857,-0.000647873,0.019806582,-0.00012721
1.0595674,0.027714923,-0.015655041,1.301893618,0.141150615,-0.059060024,0.10178086,7.60659E-06,0.019984672,1.49355E-06
1.060590967,0.02757369,-0.015631141,1.302919089,0.140431323,-0.05896986,0.102033737,-0.000964562,0.020034324,-0.000189392
1.0615223,0.027778268,-0.015630146,1.303847664,0.141473228,-0.058966107,0.102044261,6.68183E-05,0.020036391,1.31198E-05
1.0625512,0.028194332,-0.015720287,1.304870952,0.14359222,-0.059306171,0.101090517,0.003139554,0.019849123,0.000616451
1.0635834,0.028294272,-0.015663958,1.305901805,0.144101207,-0.059093665,0.101686512,0.003052546,0.019966147,0.000599367
1.0645782,0.028488085,-0.015562711,1.306893991,0.145088288,-0.058711704,0.102757761,0.002968378,0.020176486,0.000582841
1.0655475,0.028716218,-0.015474871,1.307860214,0.146250154,-0.058380318,0.103687166,0.003200838,0.020358975,0.000628485
1.066558433,0.028766526,-0.015633276,1.308870469,0.146506371,-0.058977917,0.10201114,0.005133082,0.020029887,0.001007881
1.0675521,0.028741544,-0.015542014,1.309864472,0.146379138,-0.058633623,0.102976748,0.00404024,0.020219485,0.000793301
1.068538467,0.029175163,-0.015512578,1.310844991,0.148587538,-0.05852257,0.103288206,0.005937182,0.020280639,0.001165766
1.069569433,0.029365587,-0.015427723,1.311873389,0.149557358,-0.058202448,0.104186021,0.006009188,0.020456925,0.001179904
1.0706179,0.029592145,-0.015536876,1.312918801,0.150711206,-0.058614238,0.103031115,0.008317942,0.020230159,0.001633228
1.071516867,0.029736367,-0.015578075,1.313815822,0.151445718,-0.058769665,0.102595204,0.009488364,0.020144568,0.00186304
1.072506367,0.029956523,-0.015353449,1.314802353,0.152566964,-0.057922243,0.104971886,0.008232928,0.02061123,0.001616536
1.073520733,0.029976139,-0.015504891,1.315816455,0.152666864,-0.058493573,0.103369533,0.009935182,0.020296608,0.001950773
1.0746017,0.030225204,-0.015304917,1.316894063,0.153935342,-0.057739151,0.105485388,0.009087804,0.020712056,0.00178439
1.075584733,0.030638063,-0.015433077,1.317871528,0.15603801,-0.058222647,0.104129373,0.012546489,0.020445802,0.002463503
1.076544833,0.030725177,-0.015343788,1.318830453,0.156481677,-0.057885796,0.105074106,0.012045423,0.020631301,0.002365119
1.077534067,0.030926111,-0.015429011,1.319816977,0.157505023,-0.058207306,0.104172397,0.013970477,0.02045425,0.002743103
1.078534867,0.031316752,-0.015420611,1.320812508,0.159494535,-0.058175618,0.104261271,0.015871115,0.020471701,0.003116294
1.079509733,0.031361747,-0.015420253,1.321786768,0.159723691,-0.058174266,0.104265062,0.01609648,0.020472445,0.003160544
1.080572267,0.03147542,-0.015346697,1.322847768,0.160302623,-0.057896769,0.10504333,0.015897144,0.020625258,0.003121404
1.0816419,0.031968557,-0.015447112,1.323910751,0.162814145,-0.058275595,0.103980874,0.019471122,0.020416645,0.003823155
1.0825155,0.032121776,-0.015175602,1.324782284,0.163594481,-0.0572513,0.106853618,0.017378714,0.020980708,0.003412311
1.083464033,0.032450604,-0.015340126,1.325726383,0.165269184,-0.057871981,0.105112852,0.020794183,0.020638908,0.004082938
1.0845407,0.032736197,-0.015322295,1.326799198,0.166723694,-0.057804712,0.105301515,0.02206003,0.020675952,0.004331487
1.0856065,0.032903271,-0.015295876,1.327862745,0.167574593,-0.057705045,0.105581041,0.022631403,0.020730837,0.004443676
1.086537167,0.032936356,-0.015335082,1.328792965,0.16774309,-0.057852951,0.105166224,0.023214717,0.020649388,0.00455821
1.087574667,0.033404151,-0.01522709,1.329824156,0.170125545,-0.057445543,0.106308843,0.024454553,0.020873741,0.004801651
1.088561933,0.033754067,-0.015454274,1.330806703,0.17190765,-0.058302616,0.103905092,0.028640409,0.020401765,0.005623544
1.089524167,0.034147734,-0.015447509,1.331763628,0.173912576,-0.058277093,0.103976673,0.030573754,0.02041582,0.006003157
1.090550333,0.034330701,-0.015419201,1.332787327,0.174844416,-0.0581703,0.104276186,0.031206081,0.020474629,0.006127314
1.091573733,0.034681919,-0.015456994,1.33380599,0.176633148,-0.058312876,0.103876316,0.033394683,0.020396115,0.006557046
1.0925592,0.034693712,-0.015392376,1.334791297,0.176693209,-0.058069099,0.104560014,0.032771046,0.020530359,0.006434595
1.0935597,0.035048205,-0.015267048,1.335787017,0.178498627,-0.057596289,0.105886059,0.033250419,0.020790728,0.00652872
1.094549333,0.035554701,-0.015374634,1.336769819,0.18107818,-0.058002164,0.104747739,0.036968292,0.020567219,0.007258724
1.095584767,0.035770166,-0.015459583,1.337802346,0.182175532,-0.058322642,0.103848926,0.038964456,0.020390737,0.007650671
1.096548767,0.036099862,-0.015325873,1.3387619,0.183854659,-0.057818212,0.105263654,0.039228856,0.020668518,0.007702586
1.097513833,0.036560763,-0.015454768,1.339720751,0.186202,-0.058304478,0.103899869,0.042939982,0.020400739,0.008431266
1.0985573,0.036716104,-0.015451788,1.340762122,0.186993143,-0.058293237,0.103931395,0.043699599,0.020406929,0.008580416
1.099629767,0.036905828,-0.015466098,1.34183203,0.187959397,-0.05834722,0.103779994,0.044817255,0.020377202,0.008799868
1.100570467,0.037450072,-0.015391515,1.34276539,0.190731203,-0.058065851,0.104569124,0.046799929,0.020532148,0.009189166
1.1015168,0.037809215,-0.015418606,1.34370688,0.192560299,-0.058168055,0.104282481,0.048915668,0.020475865,0.009604591
1.1025524,0.038358281,-0.015475809,1.344735075,0.195356666,-0.058383856,0.103677245,0.052317272,0.020357027,0.010272496
1.1035483,0.038574558,-0.015522668,1.345728058,0.19645815,-0.058560638,0.103181441,0.05391456,0.020259676,0.010586124
1.104540633,0.038945285,-0.015414426,1.346715391,0.198346244,-0.058152284,0.104326712,0.054657383,0.02048455,0.010731977
1.105573733,0.039001959,-0.01541307,1.347747727,0.198634882,-0.058147169,0.104341059,0.054931673,0.020487367,0.010785834
1.106646267,0.039481982,-0.015478925,1.348813786,0.201079615,-0.058395611,0.103644276,0.05807319,0.020350554,0.011402671
1.1075184,0.040093778,-0.015526718,1.349677669,0.204195459,-0.058575916,0.103138593,0.061694717,0.020251263,0.012113758
1.108465733,0.040424193,-0.015522212,1.350620546,0.205878245,-0.058558917,0.103186269,0.063329826,0.020260624,0.012434811
1.109559433,0.040775254,-0.015577181,1.351709511,0.207666179,-0.058766293,0.10260466,0.065699371,0.020146425,0.012900071
1.110613167,0.041243257,-0.015673264,1.352756933,0.21004969,-0.059128774,0.101588046,0.069099496,0.019946813,0.013567686
1.111566267,0.041405135,-0.015669572,1.353707849,0.21087413,-0.059114845,0.101627109,0.069884871,0.019954483,0.013721894
1.1125443,0.041701983,-0.015516039,1.354681879,0.21238596,-0.058535627,0.103251587,0.069772224,0.020273449,0.013699776
1.1134974,0.042401849,-0.015621542,1.35562554,0.215950339,-0.058933646,0.1021353,0.07445289,0.020054266,0.014618825
1.1145278,0.042632726,-0.015706487,1.356652827,0.217126183,-0.05925411,0.101236526,0.076527508,0.019877792,0.015026176
1.115545833,0.043322839,-0.015619584,1.357661553,0.220640891,-0.05892626,0.102156017,0.079122725,0.020058334,0.015535747
1.1165752,0.043654005,-0.015622934,1.358686453,0.2223275,-0.0589389,0.102120565,0.080844787,0.020051373,0.015873874
1.117594967,0.043997898,-0.015678481,1.359701582,0.224078929,-0.059148455,0.101532847,0.083183933,0.019935974,0.016333165
1.118523367,0.044114777,-0.015803627,1.360628405,0.224674189,-0.059620579,0.100208724,0.085103316,0.019675983,0.016710036
1.119535833,0.044673762,-0.015857299,1.361633333,0.22752107,-0.059823062,0.099640841,0.088518079,0.019564479,0.017380525
1.1205651,0.045174826,-0.015950532,1.362655842,0.230072962,-0.060174793,0.098654375,0.092056437,0.019370787,0.018075281
1.1215676,0.045638251,-0.015915532,1.363652092,0.232433158,-0.060042752,0.099024697,0.094046313,0.019443499,0.018465994
1.1225008,0.045924669,-0.015873354,1.364581429,0.23389187,-0.059883631,0.09947097,0.095058751,0.019531125,0.018664786
1.123543233,0.046480081,-0.016026687,1.365616372,0.236720553,-0.060462092,0.097848615,0.099509789,0.019212576,0.019538747
1.124634133,0.04664525,-0.016122205,1.366705044,0.237561754,-0.060822442,0.096837975,0.101361629,0.019014136,0.019902356
1.125596733,0.047030687,-0.016088525,1.367662446,0.239524764,-0.060695382,0.097194327,0.102968287,0.019084106,0.020217823
1.1265385,0.047676033,-0.016110985,1.368595509,0.242811474,-0.060780113,0.09695669,0.106492635,0.019037446,0.020909829
1.127507033,0.048118825,-0.016184667,1.369558071,0.24506659,-0.061058087,0.096177085,0.109527356,0.018884371,0.021505696
1.1285457,0.048665487,-0.016225531,1.370589365,0.247850712,-0.061212251,0.095744715,0.112743848,0.018799475,0.022137254
1.129571333,0.049010576,-0.016109107,1.371610344,0.24960823,-0.06077303,0.096976557,0.113269524,0.019041347,0.022240471
1.1306078,0.049291549,-0.016287325,1.372643021,0.251039209,-0.061445374,0.095090897,0.116586163,0.018671098,0.022891693
1.131631133,0.049439496,-0.016369476,1.373664359,0.251792697,-0.061755296,0.094221688,0.118208859,0.018500428,0.02321031
1.132574967,0.050096586,-0.016364415,1.374599331,0.255139222,-0.061736203,0.094275237,0.121501837,0.018510943,0.023856886
1.133504333,0.050537422,-0.016577028,1.375522752,0.257384377,-0.062538304,0.09202566,0.125996568,0.018069238,0.024739426
1.134532533,0.050990249,-0.016695247,1.376544845,0.259690598,-0.062984293,0.090774836,0.129553613,0.017823639,0.025437852
1.1356248,0.051361752,-0.016818922,1.377632101,0.261582643,-0.063450871,0.089466271,0.132754223,0.017566702,0.026066292
1.1366376,0.051800184,-0.016770239,1.378638988,0.263815556,-0.063267209,0.089981371,0.134472035,0.017667842,0.026403584
1.137581467,0.051991787,-0.016896198,1.379580271,0.264791378,-0.063742401,0.088648643,0.136780585,0.017406161,0.026856868
1.1385335,0.052413482,-0.017097003,1.380526617,0.266939048,-0.064499953,0.086524009,0.141052889,0.016988989,0.027695735
1.139551567,0.053068724,-0.017022201,1.381535846,0.270276158,-0.064217759,0.087315454,0.143598555,0.017144389,0.028195576
1.140543467,0.053590815,-0.017113905,1.382520705,0.272935143,-0.064563718,0.086345176,0.147227818,0.016953875,0.028908182
1.1415954,0.054020474,-0.017227598,1.383566844,0.275123373,-0.064992635,0.085142233,0.150618991,0.016717678,0.029574039
1.142621933,0.054542093,-0.017380153,1.384586342,0.277779949,-0.065568162,0.083528107,0.154889693,0.016400744,0.030412591
1.143604733,0.054762606,-0.017492753,1.385566168,0.278903008,-0.065992957,0.082336726,0.157204133,0.016166816,0.030867032
1.144522533,0.055103337,-0.01766136,1.386479373,0.280638335,-0.06662904,0.080552763,0.160723423,0.015816535,0.031558044
1.145575,0.055767277,-0.017701879,1.387522885,0.284019744,-0.066781902,0.080124047,0.164533548,0.015732357,0.032306162
1.146601667,0.056229297,-0.017794495,1.388543321,0.286372788,-0.067131305,0.079144109,0.167866531,0.015539946,0.032960593
1.1475288,0.056791355,-0.018045658,1.389462874,0.28923532,-0.068078838,0.076486652,0.173386518,0.015018154,0.034044443
1.148541967,0.057326413,-0.018246052,1.390468824,0.29196034,-0.068834844,0.074366356,0.178231834,0.014601834,0.034995821
1.1495988,0.05783883,-0.018444288,1.391518747,0.294570052,-0.069582708,0.072268893,0.18293901,0.014189997,0.035920075
1.150618,0.058083923,-0.018535339,1.392534641,0.295818297,-0.069926203,0.071305524,0.185150624,0.01400084,0.036354325
1.151531367,0.058752572,-0.018674823,1.39343899,0.299223691,-0.070452419,0.069829697,0.190031844,0.013711061,0.037312753
1.1524975,0.059411316,-0.018714763,1.394396239,0.30257864,-0.070603099,0.0694071,0.193809391,0.013628084,0.038054474
1.153551233,0.06016994,-0.019062478,1.395439741,0.306442271,-0.071914884,0.06572806,0.201352062,0.012905705,0.039535477
1.1545711,0.060629424,-0.019217624,1.396453411,0.308782397,-0.072500186,0.06408652,0.205333728,0.012583388,0.040317278
1.1556114,0.061432766,-0.019488309,1.397482877,0.312873778,-0.073521367,0.061222512,0.212289117,0.01202104,0.041682968
1.156615333,0.061720281,-0.019691585,1.398482932,0.314338073,-0.074288243,0.059071726,0.215904198,0.011598733,0.042392789
1.157576067,0.06226726,-0.019844344,1.399436289,0.31712381,-0.074864543,0.057455434,0.220306226,0.011281374,0.043257128
1.158477367,0.063231603,-0.020210466,1.400324583,0.322035158,-0.076245769,0.05358164,0.229091369,0.010520755,0.04498209
1.159510833,0.063845643,-0.020326297,1.401349768,0.325162429,-0.076682753,0.052356073,0.233444207,0.010280115,0.04583677
1.160621933,0.064624836,-0.020759806,1.40245036,0.329130817,-0.078318203,0.047769283,0.241999385,0.009379499,0.047516579
1.161634267,0.065454363,-0.021085947,1.403451505,0.333355552,-0.0795486,0.044318506,0.249674897,0.008701939,0.049023666
1.162570667,0.066118396,-0.021352564,1.40437895,0.336737437,-0.080554435,0.041497537,0.255877751,0.008148041,0.050241596
1.163530733,0.06663799,-0.02157421,1.405332009,0.339383703,-0.081390615,0.039152381,0.260869172,0.00768757,0.051221662
1.1645332,0.067711954,-0.021994172,1.406319991,0.344853345,-0.082974958,0.034708927,0.270782269,0.006815098,0.053168099
1.1655577,0.068559912,-0.022397207,1.407333055,0.34917195,-0.084495441,0.030444571,0.27936523,0.005977791,0.054853363
1.1665976,0.069726643,-0.022737229,1.40835722,0.355114048,-0.085778206,0.026846924,0.288904975,0.005271394,0.056726492
1.167581,0.070605248,-0.023207123,1.409328771,0.359588736,-0.087550921,0.021875158,0.298351429,0.004295187,0.058581303
1.168612233,0.071651203,-0.023609452,1.410345897,0.364915727,-0.089068744,0.017618265,0.307935313,0.003459346,0.060463099
1.169504867,0.072330855,-0.024065895,1.411229365,0.368377158,-0.090790717,0.012788812,0.316226197,0.002511083,0.062091014
1.170553633,0.073452967,-0.024536385,1.412262998,0.374092014,-0.092565682,0.007810736,0.326919129,0.001533638,0.064190571
1.1715996,0.074849792,-0.025099981,1.413290126,0.381205967,-0.094691896,0.001847545,0.339996273,0.000362766,0.066758268
1.172583267,0.075980301,-0.025683784,1.414258546,0.386963589,-0.096894346,0.004329455,0.343271985,0.000850089,0.067401454
1.173531,0.077249927,-0.026250869,1.415189156,0.393429726,-0.099033724,0.010329566,0.343738011,0.00202821,0.067492959
1.174583767,0.078724322,-0.026939826,1.416222038,0.400938742,-0.101632874,0.017619153,0.34395744,0.003459521,0.067536043
1.175595367,0.079912655,-0.027705257,1.417217611,0.406990856,-0.10452053,0.025717887,0.34191082,0.005049707,0.06713419
1.1765627,0.08118776,-0.02821874,1.418167748,0.413484899,-0.10645769,0.031150855,0.342971895,0.00611647,0.067342532
1.1774966,0.082900989,-0.028950615,1.419078542,0.422210281,-0.109218752,0.038894542,0.34395359,0.007636943,0.067535287
1.178528333,0.084537002,-0.029763082,1.420088211,0.430542409,-0.112283856,0.047490946,0.343689314,0.009324847,0.067483397
1.179585133,0.086177163,-0.030577114,1.421122891,0.438895661,-0.115354865,0.056103912,0.3434296,0.011016003,0.067432402
1.1805895,0.088072201,-0.031509736,1.4221017,0.448546986,-0.118873265,0.065971633,0.343213204,0.01295353,0.067389913
1.181588933,0.089934506,-0.032230236,1.423076017,0.458031607,-0.121591415,0.073594969,0.345074489,0.014450372,0.067755376
1.182554067,0.091584642,-0.033337473,1.424018895,0.466435659,-0.125768562,0.085310215,0.341763295,0.016750661,0.067105223
1.183488633,0.093833416,-0.034206063,1.424923133,0.477888544,-0.129045394,0.094500435,0.344025961,0.01855516,0.067549497
1.184550267,0.096244977,-0.035401226,1.425952243,0.490170495,-0.133554255,0.107146006,0.34366234,0.021038118,0.0674781
1.1856583,0.0987913,-0.036741443,1.427025935,0.503138783,-0.138610341,0.121326328,0.342450306,0.023822424,0.067240118
1.1867247,0.101268186,-0.03784588,1.42805893,0.515753428,-0.142776927,0.133011955,0.343379325,0.026116897,0.06742253
1.187650833,0.103991012,-0.039160586,1.428948341,0.529620638,-0.14773677,0.146922354,0.343336135,0.028848204,0.06741405
1.188603933,0.106411386,-0.040434881,1.429868798,0.54194747,-0.152544161,0.160405184,0.342180136,0.031495558,0.06718707
1.189620767,0.109232913,-0.041660211,1.430847579,0.556317358,-0.157166828,0.173369938,0.343585272,0.034041187,0.067462968
1.190697133,0.112647287,-0.04334812,1.431877897,0.573706578,-0.163534613,0.191229059,0.34311537,0.037547826,0.067370703
1.191784367,0.116952193,-0.045405381,1.432907071,0.595631237,-0.171295811,0.212996151,0.343272937,0.041821794,0.067401641
1.1928871,0.120819783,-0.047174906,1.433957644,0.615328665,-0.177971501,0.23171882,0.344247695,0.04549799,0.067593035
1.193876467,0.124510077,-0.048837925,1.434897241,0.63412313,-0.184245388,0.249314594,0.345446387,0.048952921,0.067828398
1.1947834,0.12794207,-0.050572731,1.435757888,0.651602088,-0.190790096,0.267669912,0.344570027,0.052556987,0.067656325
1.195817233,0.13172201,-0.052482419,1.436740742,0.670853119,-0.197994562,0.287875593,0.343615378,0.056524373,0.067468879
1.196870933,0.1360644,-0.05447045,1.437735878,0.692968678,-0.205494586,0.308910195,0.344696335,0.060654517,0.067681125
1.197877933,0.14032342,-0.056699122,1.438685438,0.714659638,-0.213902448,0.332490924,0.342806566,0.065284593,0.067310069
1.1988387,0.144843997,-0.05844339,1.439585237,0.737682692,-0.220482854,0.350946359,0.347374185,0.068908318,0.068206921
1.1998469,0.149611027,-0.061179671,1.440529146,0.76196092,-0.230805717,0.379897909,0.342700862,0.074592954,0.067289314
1.2008741,0.15453495,-0.063431325,1.441489939,0.787038197,-0.239300279,0.403721798,0.34395425,0.079270775,0.067535417
1.2018315,0.15939274,-0.066035893,1.442381823,0.811778661,-0.249126241,0.431279736,0.341136775,0.084681776,0.066982206
1.202822433,0.16499172,-0.068736536,1.443297245,0.840293965,-0.259314657,0.459854214,0.341077602,0.090292375,0.066970587
1.203856967,0.17078179,-0.071470755,1.44425369,0.86978248,-0.269629739,0.488783943,0.341636388,0.095972727,0.067080305
1.204895867,0.176983777,-0.074350854,1.445208945,0.901368865,-0.280495166,0.51925717,0.342749546,0.101956145,0.067298873
1.2058673,0.18313037,-0.077582749,1.446097482,0.932673135,-0.292687778,0.553452626,0.339858359,0.108670423,0.066731189
1.2068662,0.189724207,-0.080388561,1.447007453,0.966255191,-0.303272951,0.58313985,0.343753191,0.11449951,0.067495939
1.207837667,0.19624274,-0.08379661,1.447891006,0.999453731,-0.316130118,0.619199122,0.34089246,0.121579748,0.066934235
1.208795033,0.203320737,-0.087567511,1.448752914,1.035501587,-0.330356173,0.659097581,0.337041857,0.12941381,0.066178169
1.209837433,0.210976223,-0.090816565,1.449692067,1.07449057,-0.342613517,0.693474587,0.341653834,0.136163735,0.06708373
1.210899933,0.218646657,-0.094748825,1.450651119,1.113555674,-0.357448316,0.735080331,0.339113194,0.144333023,0.066584876
1.2119751,0.226798317,-0.098504743,1.451616347,1.155071641,-0.371617848,0.774820268,0.340889223,0.15213596,0.066933599
1.212840267,0.235209933,-0.102382735,1.452368069,1.197911552,-0.386247916,0.815851824,0.34269758,0.160192506,0.06728867
1.213795467,0.243932693,-0.106701073,1.453205628,1.242336101,-0.402539229,0.861542516,0.341431435,0.169163873,0.067040062
1.214823767,0.252759357,-0.111117183,1.454114885,1.287289823,-0.419199394,0.908267693,0.33965998,0.178338362,0.066692237
1.2158481,0.262307,-0.11403387,1.455010453,1.335915457,-0.430202852,0.939128043,0.357425265,0.184397791,0.070180451
1.2168943,0.272184373,-0.118603547,1.45592344,1.386220389,-0.447442361,0.987478051,0.359380189,0.193891315,0.0705643
1.2178931,0.28273805,-0.1234396,1.456779906,1.439969697,-0.4656868,1.038646488,0.36196106,0.203938238,0.071071054
1.218880333,0.29328243,-0.129107927,1.457624931,1.493671658,-0.487071063,1.098620892,0.355688616,0.215714212,0.06983946
1.219806167,0.304368587,-0.133852953,1.458401249,1.550132858,-0.504972095,1.148826211,0.361944498,0.225572027,0.071067802
1.2207851,0.315526833,-0.13935273,1.459229695,1.606961209,-0.525720489,1.207017252,0.360581807,0.236997838,0.070800238
1.221877467,0.327364527,-0.144992713,1.46016241,1.667249945,-0.546997824,1.266691767,0.361196029,0.248714928,0.07092084
1.222880533,0.339816073,-0.150879297,1.460997547,1.730665003,-0.56920548,1.328975462,0.362327392,0.260944332,0.071142983
1.2238134,0.352454563,-0.15668026,1.461759963,1.795032153,-0.591090127,1.390353244,0.36531676,0.27299586,0.071729946
1.224828567,0.365579757,-0.16293796,1.462598114,1.861878058,-0.614697853,1.456563583,0.365952326,0.28599626,0.071854739
1.2258795,0.37921039,-0.16930163,1.463465216,1.931298141,-0.638705361,1.52389515,0.368040842,0.299216813,0.072264819
1.2268202,0.392953,-0.175622023,1.464220574,2.001288515,-0.662549603,1.590768824,0.371157543,0.312347459,0.072876783
1.227792733,0.407221247,-0.181947403,1.465000676,2.073955929,-0.686412658,1.657695259,0.376898521,0.325488464,0.074004025
1.2288395,0.42230175,-0.189948433,1.465844057,2.150760122,-0.716597251,1.742351108,0.369046865,0.34211064,0.072462352
1.229885167,0.437496123,-0.19695137,1.466684802,2.228144249,-0.743016448,1.816446513,0.372335587,0.356659273,0.073108093
1.2308561,0.45333436,-0.203838807,1.467442131,2.308807538,-0.768999912,1.889319855,0.380125533,0.370967954,0.074637648
1.2318394,0.469591797,-0.21165082,1.468206172,2.391605789,-0.798471423,1.971975791,0.380267848,0.387197447,0.074665592
1.232836433,0.486115917,-0.218549273,1.46898035,2.475762244,-0.824496447,2.044965697,0.391434398,0.401529015,0.076858144
1.233799933,0.503022073,-0.227320523,1.469715842,2.561864392,-0.857586763,2.137770951,0.384731292,0.419751326,0.075541989
1.2348,0.52068185,-0.235331297,1.470477737,2.651804686,-0.887808114,2.222529891,0.389912646,0.436393744,0.076559348
1.235864,0.538682103,-0.24318172,1.471298974,2.743479009,-0.917424529,2.305592229,0.398524631,0.452703034,0.078250311
1.236900333,0.55730043,-0.25270883,1.472084208,2.838301146,-0.953366394,2.406394949,0.392544048,0.472495648,0.077076024
1.237827333,0.576155127,-0.260391003,1.472756921,2.934327103,-0.982348072,2.487677097,0.407287856,0.488455398,0.079970971
1.238789567,0.595710753,-0.27044193,1.473455414,3.033922859,-1.020266081,2.594022122,0.400538587,0.509336244,0.078645752
1.239807867,0.615252197,-0.279428583,1.474210165,3.13344638,-1.054169025,2.689106477,0.404977754,0.528006057,0.079517382
1.240870433,0.635430553,-0.288959733,1.475000593,3.236213666,-1.09012613,2.789951943,0.406899574,0.547807064,0.079894731
1.241880367,0.6563738,-0.297930063,1.475728072,3.342876496,-1.123967493,2.884863586,0.418650761,0.566442965,0.082202077
1.2428794,0.67768524,-0.307982133,1.476439685,3.451414515,-1.161889815,2.991220708,0.420831658,0.587326186,0.082630296
1.243858933,0.699256757,-0.317944843,1.477128291,3.56127709,-1.199475019,3.096632346,0.425282595,0.608023761,0.083504238
1.244838167,0.721619267,-0.327304227,1.477805928,3.675168152,-1.23478412,3.195660414,0.440145589,0.627467922,0.086422586
1.245808967,0.744091433,-0.33893033,1.478473654,3.78961769,-1.278644622,3.318671783,0.431583757,0.651621205,0.084741471
1.2468388,0.766555327,-0.34781152,1.479200524,3.904025091,-1.312149696,3.41264027,0.452022672,0.670071917,0.088754652
1.247885933,0.79030929,-0.359061717,1.479927295,4.02500275,-1.354592057,3.531674314,0.453966287,0.693444252,0.089136281
1.248850033,0.813969713,-0.36901504,1.480572295,4.145504015,-1.392141849,3.636986635,0.469155231,0.714122326,0.09211863
1.249810633,0.838399367,-0.380263787,1.481203421,4.269922927,-1.43457874,3.756005337,0.474555441,0.737491648,0.093178961
1.250831633,0.863089263,-0.39274775,1.481891436,4.395667244,-1.481675595,3.888093396,0.468211699,0.763427138,0.091933367
1.251874733,0.88818133,-0.403600273,1.482596128,4.523459791,-1.522617698,4.002919809,0.481177833,0.785973305,0.094479267
1.2528334,0.91368878,-0.415567,1.483210784,4.653367864,-1.567763232,4.129535184,0.484470531,0.810834233,0.095125789
1.253832367,0.939041517,-0.426657817,1.483867827,4.782487989,-1.609604318,4.246882889,0.496242952,0.833875455,0.097437304
1.2548896,0.966161733,-0.44006432,1.484559299,4.920609795,-1.660181537,4.388731991,0.492515655,0.861727527,0.096705449
1.255854333,0.992834857,-0.45121614,1.485164301,5.056454579,-1.702252763,4.506725149,0.510367281,0.884895483,0.100210616
1.256826633,1.019907543,-0.46257377,1.48577148,5.194334318,-1.745100426,4.626895904,0.528076265,0.908491011,0.103687775
1.257886567,1.049076567,-0.475296867,1.486438021,5.342890587,-1.793099433,4.761514141,0.542014296,0.934923302,0.106424507
1.258929933,1.078105467,-0.488853467,1.487089884,5.490733214,-1.844242904,4.90495136,0.546419706,0.963087199,0.107289509
1.2599733,1.107817733,-0.514853997,1.487732532,5.642056192,-1.942332202,5.180053059,0.422640984,1.017103418,0.082985557
1.261139133,1.1400312,-0.517621377,1.488463913,5.806117647,-1.952772387,5.209333653,0.557421845,1.022852663,0.109449779
1.2622074,1.1708857,-0.531829913,1.489116055,5.963257958,-2.006375347,5.359668764,0.564227044,1.052370962,0.11078598
1.2631202,1.200528567,-0.54381859,1.489629071,6.114227485,-2.05160369,5.486516384,0.588348952,1.077277492,0.115522317
1.264077167,1.2305607,-0.558275143,1.490181005,6.267179526,-2.106142315,5.639475665,0.588341712,1.107311047,0.115520895
1.265104433,1.260318633,-0.56797727,1.490806936,6.418735082,-2.142744445,5.74213017,0.637242762,1.127467259,0.125122616
1.266174367,1.290697267,-0.584573467,1.491467163,6.573451829,-2.205355063,5.917728203,0.616361477,1.161945933,0.121022576
1.2671673,1.322130467,-0.598728893,1.492036167,6.733539428,-2.258757661,6.067501378,0.626675901,1.191353896,0.123047813
1.268140433,1.3532512,-0.611630123,1.492589585,6.892035651,-2.307428692,6.204004376,0.648669125,1.218156259,0.127366183
1.269125267,1.385132633,-0.62560775,1.493144445,7.054406078,-2.360160524,6.351896317,0.663147611,1.247194842,0.130209033
1.270075767,1.416947733,-0.639382163,1.493665865,7.216438672,-2.412125715,6.497638136,0.679438388,1.275811248,0.133407727
1.271118033,1.449524433,-0.654589137,1.49426878,7.382350055,-2.469495366,6.658537326,0.684450581,1.307403804,0.134391871
1.272161,1.481742167,-0.669020317,1.494877237,7.54643324,-2.523938268,6.811228142,0.695842949,1.337384646,0.136628763
1.273185867,1.514606733,-0.684420707,1.495458871,7.713810712,-2.5820376,6.9741738,0.700274764,1.369379026,0.13749895
1.274142867,1.54811,-0.69778804,1.495964023,7.884441049,-2.632467046,7.11560846,0.729470441,1.397149721,0.143231521
1.2750849,1.581369933,-0.71244508,1.496457491,8.053832103,-2.687762025,7.270689014,0.743780939,1.427599788,0.146041387
1.2761132,1.614754767,-0.726070603,1.497035541,8.223859265,-2.739165516,7.414855484,0.769641632,1.455906874,0.151119134
1.2771732,1.6496416,-0.743293463,1.497625034,8.401536033,-2.804140277,7.597084003,0.765089881,1.491687444,0.150225398
1.2781392,1.683427033,-0.75706903,1.498135381,8.573603429,-2.85610982,7.742838024,0.791403256,1.520306246,0.155392029
1.279101967,1.717885567,-0.772037883,1.498633417,8.749098888,-2.912581142,7.901217757,0.808518982,1.551404107,0.158752702
1.2801394,1.752909433,-0.787044783,1.499198495,8.927473559,-2.969195999,8.060000047,0.828111363,1.582581009,0.162599666
1.281136133,1.788352133,-0.80425328,1.499717224,9.107981326,-3.034116573,8.242076592,0.826542584,1.618331739,0.162291636
1.2821405,1.823720967,-0.818504293,1.500244583,9.288112894,-3.08787978,8.392861134,0.855889611,1.647938284,0.168053925
1.283142033,1.859230067,-0.83471964,1.500767217,9.468958832,-3.149053608,8.564429537,0.865167146,1.68162574,0.169875569
1.284131433,1.895786533,-0.84983341,1.501263592,9.655138953,-3.206071641,8.724342578,0.891434225,1.713024665,0.17503311
1.285118367,1.931348967,-0.86748119,1.501770907,9.836256515,-3.272649451,8.911067013,0.885827352,1.749688008,0.173932201
1.286124533,1.967579533,-0.880818627,1.502288444,10.02077684,-3.32296611,9.052185348,0.929229347,1.777396593,0.182454182
1.287169833,2.0047337,-0.898192563,1.502832658,10.21000102,-3.388510821,9.236012351,0.934626519,1.813491025,0.183513917
1.288129433,2.0422382,-0.91666645,1.503286447,10.40100942,-3.458205191,9.431477506,0.930169767,1.851870608,0.182638834
1.2891086,2.0789703,-0.929061193,1.503770221,10.58808403,-3.504965456,9.562621562,0.986100323,1.877620744,0.193620798
1.2901037,2.116639367,-0.94632103,1.50425729,10.77993057,-3.570079715,9.745241316,0.995327101,1.913478132,0.195432476
1.291156033,2.153695967,-0.96210889,1.504809854,10.96865784,-3.629640812,9.912286646,1.017009044,1.946277483,0.199689726
1.292158567,2.1921728,-0.979989737,1.505293463,11.16461828,-3.697097886,10.10147707,1.023779064,1.983425023,0.201019019
1.2931518,2.2300581,-0.995146527,1.50577575,11.35756608,-3.754278216,10.26184529,1.056358642,2.014913323,0.207416019
1.294068167,2.268516267,-1.01344742,1.506173444,11.55343146,-3.823319953,10.45548007,1.05858924,2.052933511,0.207853997
1.295103233,2.307484933,-1.029772853,1.506682953,11.75189678,-3.884909093,10.62821326,1.084321377,2.086849673,0.212906502
1.2961117,2.346047333,-1.0440225,1.507171342,11.94829301,-3.938667145,10.77898334,1.129947527,2.116453378,0.221865197
1.2971392,2.385327567,-1.063628467,1.507669082,12.14834513,-4.012632386,10.9864266,1.122556383,2.157184863,0.220413946
1.298207433,2.423336733,-1.080279033,1.508224699,12.34192378,-4.075448121,11.1625999,1.139961726,2.19177649,0.223831485
1.2991527,2.462503333,-1.099500733,1.508641738,12.54139716,-4.147963683,11.36597738,1.136057632,2.231709659,0.223064916
1.300047133,2.5014391,-1.112792933,1.509011058,12.73969493,-4.198109682,11.50661709,1.193715697,2.259324265,0.234386077
1.301065833,2.5409587,-1.133271467,1.50949677,12.94096613,-4.275366758,11.72329264,1.178311339,2.301868511,0.231361431
1.3021544,2.5796385,-1.1453843,1.510063675,13.13796028,-4.321063493,11.85145392,1.247144209,2.327032977,0.244876765
1.303167,2.6204566,-1.1675764,1.510525775,13.34584467,-4.404785151,12.08626007,1.220222446,2.373137165,0.239590677
1.304084767,2.6604526,-1.1836279,1.510904129,13.54954214,-4.465340853,12.25609487,1.25408512,2.406484229,0.246239613
1.3051165,2.700529167,-1.2028516,1.511395363,13.75364994,-4.53786396,12.45949352,1.254794277,2.446421552,0.246378856
1.306094,2.742542267,-1.220326567,1.511806247,13.96762041,-4.603789817,12.64438948,1.283868775,2.482725875,0.252087634
1.307135967,2.7823054,-1.234839067,1.512311941,14.17013191,-4.658539505,12.79794071,1.332829044,2.512875659,0.261700983
1.308117367,2.824250833,-1.2543356,1.512727637,14.38375775,-4.7320919,13.0042261,1.340169493,2.553379795,0.26314228
1.309131867,2.8655547,-1.2673834,1.513185086,14.59411612,-4.781315879,13.1422799,1.412474067,2.580486659,0.277339283
1.310114733,2.906090833,-1.286401567,1.513621255,14.80056447,-4.853063593,13.34350388,1.417698442,2.619996986,0.278365089
1.3111054,2.948182667,-1.305855533,1.514044243,15.01493591,-4.926455402,13.54933888,1.42623488,2.66041269,0.280041219
1.312140233,2.989369233,-1.319547667,1.514523607,15.22469688,-4.978110185,13.69421013,1.491124606,2.688858159,0.292782316
1.313179467,3.032245233,-1.342370033,1.514984586,15.44306205,-5.06420958,13.93568489,1.468015006,2.736271729,0.288244746
1.314103033,3.0748862,-1.3622407,1.515333068,15.6602302,-5.139173426,14.14592885,1.474939206,2.777553129,0.289604313
1.3150911,3.116911267,-1.375891633,1.515754357,15.87426161,-5.190672778,14.29036417,1.544535289,2.805913005,0.303269504
1.316160933,3.159394733,-1.397028567,1.51625123,16.09062762,-5.270413727,14.51400601,1.537259465,2.849825079,0.301840896
1.317183167,3.201238167,-1.4120307,1.516709135,16.30373398,-5.327010601,14.67273786,1.591633967,2.880992079,0.312517329
1.318130033,3.244321867,-1.428879667,1.517074946,16.52315695,-5.390574817,14.85101036,1.632784441,2.915995884,0.320597225
1.319083733,3.286507467,-1.444161433,1.517459703,16.73800594,-5.448226632,15.01270091,1.685942886,2.947743823,0.331034886
1.320101067,3.330052933,-1.470315467,1.517889753,16.95978066,-5.546895034,15.28942677,1.630991748,3.002078946,0.32024523
1.3211264,3.3737948,-1.487021,1.518325154,17.18255564,-5.609918135,15.46618165,1.677011842,3.036784767,0.329281275
1.3221128,3.416609433,-1.500815367,1.518734127,17.40060827,-5.661958602,15.61213459,1.749111532,3.065442626,0.343438049
1.323183133,3.4600692,-1.5228563,1.519218333,17.62194652,-5.745109971,15.8453413,1.737243073,3.111232765,0.341107677
1.324145433,3.502642633,-1.539027,1.51960646,17.83877073,-5.806115366,16.01643732,1.782971267,3.144827467,0.350086408
1.325065667,3.5472308,-1.560894967,1.519925347,18.06585587,-5.888614203,16.24781394,1.778679782,3.190258267,0.349243775
1.326043433,3.590836933,-1.5803567,1.520315013,18.28793956,-5.962035311,16.45373112,1.794846292,3.230690106,0.352418069
1.327155333,3.634790667,-1.593923167,1.520834123,18.51179357,-6.013216006,16.59727274,1.87515868,3.258874502,0.368187407
1.3281957,3.679200967,-1.615575467,1.521275543,18.73797284,-6.094901221,16.82636747,1.872243217,3.303857253,0.367614956
1.329140433,3.723138967,-1.635967433,1.521627699,18.96174671,-6.171831717,17.0421271,1.880257462,3.346221656,0.369188553
1.3300975,3.767544833,-1.653552833,1.521985879,19.1879034,-6.238174193,17.22819152,1.920349739,3.382755404,0.377060671
1.331124167,3.811333333,-1.671234167,1.522421984,19.41091588,-6.304878586,17.41527097,1.956282767,3.419488454,0.384116121
1.332112433,3.8554039,-1.687418067,1.522815886,19.63536491,-6.365933778,17.58650664,2.009496116,3.45311058,0.394564562
1.333121633,3.901548933,-1.712423967,1.523202743,19.87037908,-6.460270746,17.85108454,1.979932393,3.50506045,0.388759725
1.334132933,3.946338067,-1.723607133,1.523609987,20.09848773,-6.502460231,17.96940937,2.089716218,3.528293529,0.410315779
1.3351521,3.991269733,-1.742723533,1.524023176,20.3273223,-6.574578539,18.17167271,2.116287438,3.568007937,0.415533038
1.336135433,4.036673233,-1.766949667,1.524394167,20.55855988,-6.665973768,18.4280002,2.091197539,3.618337839,0.410606637
1.337121033,4.079904567,-1.782446167,1.52479672,20.77873474,-6.724435684,18.59196276,2.147409836,3.650531887,0.421643921
1.338139933,4.125653133,-1.799242767,1.525198625,21.01172973,-6.787802342,18.76968118,2.202686404,3.6854269,0.432497475
1.3391133,4.172023433,-1.823600133,1.525546611,21.24789118,-6.87969266,19.0273972,2.181131836,3.736029439,0.428265236
1.3400844,4.216902733,-1.839112967,1.525912438,21.47645904,-6.938216194,19.19153257,2.245564322,3.768257421,0.440916555
1.341128567,4.262372967,-1.862380467,1.526343363,21.7080365,-7.025994894,19.43771712,2.230957226,3.816595757,0.438048451
1.342183433,4.307957,-1.8768675,1.526783453,21.94019353,-7.080648508,19.5909989,2.30983248,3.846692635,0.453535607
1.343150233,4.3533557,-1.899908067,1.527137976,22.17140667,-7.167571082,19.83478236,2.297262164,3.894559516,0.451067426
1.344075333,4.397862433,-1.909667533,1.527462829,22.39807707,-7.204389532,19.93804356,2.420671368,3.914834852,0.475298823
1.345082367,4.4446648,-1.9333364,1.527838654,22.63643901,-7.293682424,20.18847482,2.408602048,3.96400703,0.472929012
1.3461442,4.492419567,-1.9594849,1.528256435,22.87965147,-7.392329951,20.46514213,2.375147195,4.018330657,0.466360152
1.347143233,4.5362371,-1.9680472,1.528664516,23.10281182,-7.424631984,20.55573656,2.507713104,4.036118874,0.492389468
1.3481783,4.583699867,-1.991887967,1.529059468,23.34453714,-7.514573383,20.80798663,2.497188358,4.085648175,0.490322934
1.3491544,4.6291507,-2.010863033,1.529422588,23.57601579,-7.586158499,21.00875458,2.527899061,4.125068962,0.496352981
1.350106933,4.675681933,-2.0291973,1.52974757,23.81299686,-7.65532614,21.20274247,2.570892243,4.163158483,0.504794692
1.351121567,4.7218623,-2.051986233,1.530139384,24.04819099,-7.741299405,21.44386349,2.56496535,4.210502596,0.503630946
1.3521332,4.767850867,-2.072975967,1.530530785,24.28240828,-7.820485029,21.66594786,2.577098279,4.254108862,0.506013247
1.353187067,4.815003067,-2.084429267,1.530948725,24.52255191,-7.863693616,21.78713086,2.696058898,4.277903144,0.529371165
1.3541696,4.863366267,-2.110919667,1.531279,24.76886308,-7.963630991,22.06741569,2.662085249,4.33293707,0.522700439
1.355093733,4.907135033,-2.118502067,1.531612839,24.99177506,-7.992236265,22.14764217,2.804770741,4.34868954,0.550716735
1.356105767,4.954180233,-2.1432107,1.531990389,25.23137374,-8.085451767,22.4090748,2.782936784,4.400021838,0.546429637
1.357116767,5.001441633,-2.162840367,1.532363991,25.47207351,-8.15950642,22.61676883,2.815942532,4.440802559,0.552910316
1.3580995,5.048849133,-2.186165267,1.532707355,25.71351736,-8.247501666,22.86356071,2.810594504,4.489260145,0.551860231
1.359158533,5.0957249,-2.2004868,1.53313419,25.95225312,-8.301530916,23.01509139,2.897799578,4.519013195,0.568982947
1.360147833,5.1433819,-2.2282216,1.533480756,26.19496766,-8.4061629,23.30854274,2.847062769,4.576632367,0.559020775
1.3611534,5.191637367,-2.246351867,1.533835517,26.44073016,-8.474560934,23.50037218,2.900995825,4.614298078,0.56961053
1.362127533,5.2371683,-2.263695567,1.53419559,26.67261676,-8.539991575,23.68387926,2.949375342,4.650329694,0.579109848
1.363130133,5.284473733,-2.278242767,1.534560198,26.91354079,-8.594872172,23.83779764,3.036380993,4.680551567,0.596193408
1.364132867,5.331989767,-2.295179233,1.534922098,27.15553739,-8.658766489,24.01699594,3.099179298,4.715737154,0.608523855
1.365076767,5.379981833,-2.3160664,1.535218745,27.39995841,-8.737565171,24.23799509,3.122601164,4.759130337,0.613122739
1.366134033,5.427611333,-2.328434,1.535633648,27.64253289,-8.784223035,24.36885196,3.234318786,4.784824082,0.635058494
1.367168667,5.475504367,-2.3620038,1.536022364,27.88644954,-8.910868073,24.72404122,3.12304617,4.854565493,0.613210115
1.3681623,5.522228533,-2.369519867,1.536385845,28.12441321,-8.939223098,24.80356586,3.281485203,4.870180156,0.64431962
1.369105333,5.569258233,-2.386551067,1.536694604,28.36393294,-9.003474805,24.98376649,3.340804301,4.905562551,0.655966925
1.370068367,5.6188712,-2.416404667,1.536988524,28.61660912,-9.11610015,25.29963606,3.27761091,4.96758354,0.643558902
1.371118867,5.665787533,-2.430720167,1.537406279,28.85555148,-9.170106638,25.45110291,3.365086425,4.997324056,0.660734719
1.3721532,5.714693067,-2.4505418,1.53778104,29.10462473,-9.244885502,25.66082806,3.404434529,5.038503589,0.66846072
1.373166733,5.762663233,-2.4724237,1.538147615,29.34893422,-9.327436903,25.8923521,3.417219966,5.083963335,0.67097114
1.374139867,5.808776033,-2.494102733,1.538498841,29.58378423,-9.409222973,26.12172969,3.422692388,5.129001625,0.67204565
1.375112733,5.8586106,-2.515867933,1.538799605,29.837589,-9.491334113,26.35201898,3.446207872,5.174218926,0.676662916
1.376060133,5.9063347,-2.531510033,1.539103366,30.08064528,-9.550345318,26.51752208,3.523761049,5.20671546,0.691890482
1.3771048,5.9540186,-2.548447067,1.539504936,30.32349682,-9.614241773,26.69672637,3.587408295,5.241902223,0.704387619
1.3781951,6.003123933,-2.571461267,1.539932969,30.57358764,-9.701064876,26.94023085,3.593994639,5.289714328,0.705680847
1.379168633,6.0506185,-2.5858563,1.540265958,30.81547492,-9.755371411,27.09253922,3.683573553,5.319620075,0.723269667
1.3800726,6.100887633,-2.6203437,1.540491962,31.07149291,-9.885478176,27.45743725,3.574693511,5.391267804,0.701891071
1.381047533,6.146798333,-2.6245389,1.540847713,31.30531364,-9.901304938,27.50182506,3.764126427,5.399983351,0.739086224
1.3821377,6.1949652,-2.648436933,1.541288269,31.5506249,-9.991462381,27.75468105,3.756581707,5.449631624,0.737604818
1.3831126,6.2426661,-2.662072267,1.541619843,31.79356303,-10.04290288,27.89895131,3.855249562,5.477959091,0.756978251
1.3841062,6.295100867,-2.6916908,1.541906273,32.06061047,-10.15464142,28.21233373,3.808914597,5.539491728,0.747880381
1.385115267,6.3400197,-2.695752867,1.542309534,32.28937968,-10.16996592,28.25531291,3.994704622,5.547930689,0.784360253
1.3861187,6.389630433,-2.712685533,1.542643884,32.54204448,-10.2338459,28.434471,4.068211328,5.583108381,0.798793294
1.387095067,6.4375658,-2.738867767,1.542973763,32.78617673,-10.33262069,28.71149523,4.035319342,5.637502089,0.792334953
1.388090967,6.486209567,-2.762564733,1.54331362,33.03391682,-10.42201959,28.96222381,4.032330858,5.686732645,0.791748164
1.389144133,6.5366888,-2.7822373,1.54368599,33.29100484,-10.49623609,29.17037174,4.08127095,5.727602491,0.801357551
1.3900966,6.583149267,-2.7920389,1.54401186,33.5276255,-10.53321349,29.27407873,4.214184616,5.747965359,0.827455149
1.391095833,6.633108933,-2.8138884,1.544337304,33.7820674,-10.61564266,29.50525997,4.237445281,5.793357795,0.832022381
1.3921273,6.681882867,-2.830904133,1.544710973,34.03047042,-10.67983602,29.68529696,4.305811312,5.828708058,0.845446051
1.393151667,6.7310422,-2.853601133,1.545072344,34.28083626,-10.76546246,29.92544526,4.316028848,5.875861178,0.847452264
1.3940861,6.7786379,-2.869161267,1.54536487,34.5232386,-10.82416443,30.09008111,4.39379535,5.908187425,0.862721717
1.3950533,6.827558967,-2.886752433,1.545672288,34.77239097,-10.89052867,30.27620654,4.456822283,5.944733154,0.875097055
1.396091567,6.8792488,-2.9183255,1.546013431,35.03564451,-11.00964085,30.61026912,4.38601324,6.010326342,0.8611937
1.3971478,6.9275147,-2.931583967,1.546418718,35.28146015,-11.05965959,30.75055191,4.491546092,6.037870867,0.881915075
1.398140233,6.976416567,-2.9459192,1.546751629,35.53051473,-11.11374052,30.90222755,4.58892503,6.067652379,0.90103543
1.399137733,7.024347467,-2.961558033,1.5471027,35.77462423,-11.1727394,31.06769608,4.667565993,6.100142126,0.916476583
1.400122,7.0744737,-2.983042233,1.547410931,36.02991444,-11.25379045,31.29501222,4.695540073,6.144775649,0.921969293
1.401079767,7.123659433,-3.002470567,1.547705346,36.28041474,-11.32708555,31.50057601,4.740476579,6.185138099,0.930792576
1.402081033,7.173258,-3.0300134,1.548037694,36.53301757,-11.43099332,31.79199623,4.70165919,6.24235846,0.923170782
1.403156667,7.221441267,-3.045488667,1.548463495,36.77841236,-11.48937513,31.95573413,4.783316079,6.274508397,0.939204112
1.404221333,7.272215667,-3.055896367,1.548843385,37.03700365,-11.5286391,32.06585404,4.931787463,6.29613044,0.968356468
1.4051123,7.321987633,-3.077183167,1.549063093,37.2904896,-11.60894544,32.29108156,4.960045896,6.340353864,0.973905012
1.406075533,7.371095033,-3.097695667,1.549364032,37.54059095,-11.68633065,32.5081165,4.9931123,6.382968675,0.9803976
1.407080533,7.4180196,-3.110535433,1.549736176,37.77957525,-11.73476981,32.64396918,5.096243918,6.409643349,1.000647493
1.408113733,7.470386167,-3.136873233,1.550063125,38.04627536,-11.83413149,32.92263941,5.084273804,6.464360247,0.998297161
1.4091046,7.5197943,-3.161753567,1.550387641,38.29790833,-11.92799474,33.18588873,5.072657446,6.516049252,0.99601629
1.410149067,7.567276967,-3.166999667,1.550791725,38.539735,-11.94778612,33.24139572,5.258977132,6.526948049,1.03260016
1.4111664,7.619288933,-3.197442767,1.55110759,38.80462915,-12.0626354,33.56350256,5.201764443,6.590193727,1.021366448
1.412138867,7.668619333,-3.220606867,1.551414754,39.05586623,-12.15002402,33.80859307,5.207911005,6.638317249,1.022573326
1.413089567,7.716585,-3.2292405,1.551718557,39.30015279,-12.18259516,33.89994226,5.360848384,6.656253662,1.05260258
1.414143267,7.766269833,-3.250176367,1.552102174,39.55319497,-12.26157757,34.12145668,5.392376144,6.69974802,1.058793056
1.415123767,7.817467867,-3.279174133,1.552392183,39.81394381,-12.37097421,34.428271,5.346310658,6.759991011,1.049748098
1.4161168,7.866057867,-3.282932733,1.5527299,40.06141007,-12.38515386,34.46803932,5.554008603,6.76779952,1.090529589
1.417081033,7.914905233,-3.293478733,1.553035345,40.31018708,-12.42493958,34.57962252,5.69120241,6.789708882,1.117467593
1.418153867,7.9639535,-3.324541233,1.55344668,40.55998727,-12.5421256,34.908283,5.612342121,6.854241367,1.101983375
1.419113333,8.016767167,-3.351920067,1.553693867,40.82896443,-12.64541467,35.197968,5.591634286,6.911121017,1.097917392
1.4200498,8.063834833,-3.362425967,1.553995548,41.06867753,-12.68504911,35.30912692,5.720188459,6.932947071,1.123159004
1.4210956,8.114555667,-3.379683967,1.554357293,41.32699601,-12.75015644,35.49172725,5.795906616,6.968800645,1.138026264
1.422138933,8.163788133,-3.398159967,1.554736644,41.57773432,-12.81985878,35.68721476,5.851157409,7.007184618,1.148874757
1.4231057,8.214737567,-3.419540833,1.555016273,41.83721704,-12.90051999,35.91343756,5.884417333,7.051603465,1.155405343
1.4241082,8.2630027,-3.432615033,1.555367837,42.08302878,-12.94984356,36.05177069,5.991895936,7.078765175,1.176508767
1.425130333,8.316756867,-3.4644236,1.555665006,42.35679586,-13.06984419,36.38832501,5.929108696,7.144847616,1.164180492
1.4260758,8.363343233,-3.4645601,1.555982178,42.59405772,-13.07035915,36.38976927,6.164926304,7.145131196,1.21048328
1.4270603,8.4157966,-3.4950877,1.556259257,42.8611999,-13.18552722,36.71277017,6.10906758,7.208552423,1.199515419
1.428124633,8.463220267,-3.508760867,1.556684003,43.10272608,-13.23711045,36.85744074,6.2059232,7.236958488,1.21853302
1.429191467,8.512621567,-3.520833667,1.557084577,43.35432425,-13.28265615,36.98517843,6.32978367,7.262039785,1.242853024
1.430103333,8.5661602,-3.556925033,1.557274386,43.62699363,-13.41881402,37.36704743,6.220584056,7.337019763,1.221411679
1.431029267,8.613132467,-3.563960867,1.55756682,43.86622086,-13.44535733,37.4414909,6.385367815,7.351636738,1.253766971
1.432051933,8.663811033,-3.580689267,1.557906002,44.12432408,-13.50846669,37.61848773,6.466474207,7.386390065,1.26969221
1.433115933,8.714437133,-3.601299367,1.558287225,44.38216009,-13.58622012,37.83655534,6.5062426,7.429207641,1.277500734
1.434130733,8.7639144,-3.6165405,1.558634741,44.63414515,-13.64371864,37.99781596,6.596967037,7.460871164,1.295314478
1.435143167,8.8162206,-3.643441733,1.558941738,44.90053782,-13.74520592,38.28244766,6.578728004,7.516758598,1.291733244
1.436186267,8.8677807,-3.654952233,1.559289464,45.16313063,-13.7886303,38.40423588,6.719532609,7.540671714,1.319380228
1.437153,8.916543633,-3.670660667,1.559598548,45.41147763,-13.84789175,38.57044082,6.801674662,7.573306056,1.33550882
1.438143567,8.9662218,-3.6889608,1.559919122,45.66448587,-13.91693062,38.76406756,6.861056158,7.611324665,1.347168377
1.4391818,9.0158227,-3.709079567,1.560288405,45.91710059,-13.99283045,38.97693656,6.900801874,7.653121494,1.354972448
1.440216433,9.067715967,-3.735544367,1.560623171,46.1813902,-14.09267124,39.25695053,6.885077529,7.708102236,1.351884973
1.441179033,9.119959533,-3.752844,1.560881179,46.44746388,-14.15793564,39.43999135,6.968110379,7.744042302,1.368188473
1.442115533,9.1684694,-3.765943067,1.561163443,46.69452203,-14.20735303,39.57858759,7.076572291,7.771255673,1.389484969
1.443177333,9.2176361,-3.7718567,1.561562148,46.94492539,-14.22966273,39.64115749,7.264405752,7.783541273,1.426366069
1.444208033,9.270416867,-3.800202833,1.561881011,47.213735,-14.33660102,39.94107712,7.233295726,7.842430493,1.420257616
1.445146367,9.318564733,-3.813858333,1.56216999,47.45894949,-14.3881176,40.08556076,7.334026582,7.870799856,1.440036119
1.446136467,9.3690357,-3.839005167,1.562479405,47.71599542,-14.48298626,40.35162982,7.325003443,7.923042516,1.438264426
1.447212967,9.420019133,-3.854088133,1.562868309,47.9756513,-14.53988808,40.51121695,7.425072207,7.954377448,1.457912928
1.448222267,9.470522533,-3.870742533,1.563196486,48.23286241,-14.60271828,40.68743081,7.50606945,7.988977039,1.473816736
1.449170567,9.5199483,-3.884123633,1.563478197,48.48458518,-14.65319966,40.82901113,7.616211904,8.016776335,1.495443207
1.450172967,9.5713164,-3.9120148,1.563787813,48.74620015,-14.75842155,41.12411693,7.582721071,8.07472036,1.488867282
1.451176533,9.6231098,-3.931847733,1.564092859,49.00998116,-14.83324304,41.33396164,7.636657365,8.115923368,1.499457674
1.452147467,9.671143867,-3.9403626,1.564415973,49.25461608,-14.86536613,41.4240542,7.791199726,8.133613042,1.529802066
1.4531456,9.720996667,-3.9580478,1.564741758,49.50851371,-14.93208511,41.61117456,7.857976996,8.170354125,1.542913783
1.454229567,9.771196633,-3.9790077,1.565148695,49.76417944,-15.01115818,41.83294328,7.891874015,8.213898413,1.549569463
1.4552025,9.8209363,-3.9869523,1.565450806,50.01750089,-15.04112989,41.91700206,8.061136679,8.230403355,1.582804187
1.456132567,9.8730495,-4.012800633,1.565678039,50.28291062,-15.13864501,42.19049343,8.053055042,8.284103385,1.581217358
1.457096767,9.923103,-4.034838033,1.565967184,50.5378304,-15.22178305,42.42366276,8.074805497,8.329886183,1.585488059
1.4581633,9.972221033,-4.043344267,1.566371279,50.78798591,-15.25387357,42.51366397,8.234959788,8.347557921,1.616934354
1.459174067,10.02499983,-4.061964967,1.566670236,51.0567855,-15.3241218,42.7106825,8.30674085,8.386242509,1.631028566
1.460189533,10.0704746,-4.077981,1.567072399,51.28838605,-15.38454371,42.88014205,8.368881848,8.419515891,1.643229951
1.4611521,10.12691353,-4.1081427,1.567273793,51.5758265,-15.49833138,43.1992715,8.337192849,8.482176959,1.637007816
1.4621634,10.17477143,-4.109964833,1.567639649,51.81956421,-15.50520554,43.2185508,8.561651264,8.48596245,1.681080226
1.463131333,10.22641067,-4.119236433,1.567911141,52.08256005,-15.54018347,43.31665007,8.726547838,8.505224241,1.713457668
1.4641296,10.27393933,-4.1435539,1.568268405,52.324621,-15.63192327,43.57394391,8.711314936,8.555743888,1.710466688
1.465209033,10.32829567,-4.173104933,1.568614752,52.60145488,-15.74340715,43.88661214,8.675480599,8.617136293,1.703430616
1.466234933,10.376897,-4.187719333,1.568985182,52.84897886,-15.79854127,44.04124153,8.768375181,8.647497775,1.721670467
1.467129667,10.42723167,-4.199960533,1.569201069,53.10533062,-15.84472227,44.17076101,8.895207461,8.672928924,1.746573985
1.4681318,10.48025433,-4.220795967,1.569488103,53.37537221,-15.92332579,44.39121279,8.944797274,8.716214631,1.756310945
1.469199767,10.52934733,-4.228132733,1.569893969,53.62540022,-15.95100439,44.46884032,9.117197753,8.731456797,1.790161779
1.470134667,10.58005,-4.247388533,1.570145059,53.88362618,-16.0236486,44.6725786,9.171685428,8.771460808,1.800860434
1.471117133,10.62958267,-4.278425367,1.570459495,54.13589339,-16.14073779,45.00096751,9.095563732,8.83593997,1.785913939
1.472235433,10.686243,-4.2842072,1.570813636,54.42446142,-16.16255027,45.06214288,9.32295639,8.847951755,1.830562487
1.473269033,10.74106867,-4.3002033,1.571107821,54.7036856,-16.22289697,45.23139152,9.432931926,8.881183725,1.852156184
1.474254167,10.789782,-4.320194567,1.571435973,54.95177998,-16.29831579,45.44291149,9.469506341,8.922715672,1.85933757
1.475269133,10.84007367,-4.339481833,1.571772673,55.20791274,-16.37107871,45.64698271,9.521567878,8.962785056,1.869559853
1.476271467,10.89273467,-4.357212233,1.572064785,55.47611238,-16.43796821,45.83458132,9.602168916,8.999620042,1.885385867
1.4772201,10.940888,-4.367662133,1.572363991,55.72135472,-16.47739138,45.94514773,9.736844846,9.021329757,1.911829485
1.478276633,10.99283933,-4.384896133,1.572719874,55.98594007,-16.54240817,46.12749412,9.819083809,9.05713347,1.927977106
1.479332433,11.04183733,-4.3890934,1.573114854,56.23548425,-16.55824273,46.17190379,10.02421831,9.06585331,1.968255265
1.480294733,11.094198,-4.420562567,1.573370983,56.50215432,-16.67696294,46.50486705,9.957925113,9.131230646,1.955238596
1.481282233,11.148324,-4.435252333,1.573628504,56.77781513,-16.73238138,46.66029388,10.0781591,9.161748703,1.978846539
1.482335933,11.206485,-4.458890467,1.573897806,57.07402597,-16.82155833,46.91039996,10.12426387,9.210857032,1.98789921
1.483488333,11.26029967,-4.473419667,1.574324425,57.34810118,-16.87637102,47.06412789,10.24461114,9.241041511,2.011529398
1.484500433,11.31240533,-4.477754267,1.574633793,57.61347254,-16.89272368,47.10999064,10.46411975,9.250046662,2.054629914
1.485453733,11.361866,-4.4910256,1.574920034,57.86537306,-16.94279096,47.25040956,10.57560135,9.277617917,2.076519325
1.486451033,11.41570967,-4.525252333,1.575191162,58.13959596,-17.07191434,47.61254958,10.48768423,9.34872411,2.059256799
1.487470767,11.46458967,-4.537200633,1.575551667,58.38853917,-17.11699035,47.73896999,10.61020703,9.373546757,2.083314151
1.488455233,11.516187,-4.549534,1.575840258,58.65132162,-17.16351907,47.86946464,10.74249483,9.399169383,2.10928886
1.489449633,11.564036,-4.567681933,1.576189334,58.89501401,-17.23198375,48.06148101,10.79417085,9.436871796,2.119435446
1.490470233,11.61463167,-4.584530367,1.576527568,59.15269502,-17.29554596,48.23974786,10.87358501,9.471874493,2.135028416
1.4914568,11.66720367,-4.5972705,1.576805113,59.42044139,-17.34360924,48.37454636,11.00653288,9.498342177,2.161132731
1.492399333,11.71448267,-4.613056333,1.57711001,59.6612308,-17.40316269,48.54157024,11.0802984,9.531137317,2.175616591
1.493418467,11.76790233,-4.6386382,1.577408691,59.93329429,-17.49967254,48.81224223,11.08168991,9.584283761,2.175889814
1.4944725,11.814294,-4.6366404,1.577837055,60.16956455,-17.49213566,48.79110427,11.33909814,9.580133323,2.226431919
1.495438633,11.87123867,-4.671764833,1.578035195,60.45958068,-17.62464569,49.16274251,11.25747602,9.653104492,2.210405417
1.4964238,11.91870833,-4.6741406,1.578380154,60.70134114,-17.63360848,49.18787959,11.4740994,9.658040158,2.252939417
1.4974617,11.96756333,-4.691274333,1.578759163,60.95015703,-17.698247,49.3691651,11.54162979,9.693635566,2.266199009
1.498436233,12.02030567,-4.708168667,1.579022378,61.2187709,-17.76198237,49.5479176,11.63149116,9.72873362,2.283843288
1.4994662,12.06939667,-4.7204207,1.57939027,61.46878873,-17.80820425,49.67755169,11.75187488,9.754187275,2.307480634
1.500409633,12.123938,-4.750953033,1.579598123,61.74656481,-17.92339017,50.00060268,11.70659998,9.817618336,2.298590906
1.501458633,12.17158467,-4.768764333,1.580004528,61.98922672,-17.99058488,50.18905726,11.76080732,9.854621392,2.309234517
1.502434867,12.224802,-4.773265533,1.580263037,62.26025974,-18.00756605,50.23668274,11.98421485,9.863972655,2.353100587
1.5034504,12.27353367,-4.788614133,1.580621343,62.5084475,-18.06547,50.39908042,12.07000493,9.895859441,2.369945467
1.504435367,12.32338167,-4.796238767,1.580934026,62.76232069,-18.0942346,50.47975376,12.24320477,9.911699652,2.403953257
1.505447733,12.37499033,-4.8224109,1.581250364,63.02516085,-18.19297129,50.75667113,12.22912757,9.966072377,2.401189198
1.506428667,12.42493267,-4.833013367,1.581557741,63.27951447,-18.23297003,50.86885179,12.37130053,9.98809905,2.429104859
1.507396633,12.47383,-4.8537175,1.581866246,63.52854596,-18.31107821,51.08791434,12.40126948,10.03111198,2.434989262
1.508446433,12.52455433,-4.877733067,1.582231944,63.78688227,-18.40167905,51.3420139,12.40550622,10.08100443,2.435821147
1.509494533,12.57644967,-4.877693,1.582580149,64.05118241,-18.4015279,51.34158997,12.6702303,10.08092119,2.487799719
1.510425567,12.62635667,-4.8848567,1.582838103,64.30535608,-18.42855359,51.41738635,12.84860759,10.09580381,2.5228241
1.511403433,12.679717,-4.915971933,1.583096317,64.57711739,-18.54593856,51.74660477,12.79115047,10.16044585,2.511542395
1.512437367,12.729089,-4.923353033,1.583464386,64.82856634,-18.57378441,51.82470138,12.96450281,10.17578012,2.545580126
1.5134656,12.779652,-4.949145,1.583810693,65.08608098,-18.67108688,52.09759635,12.94912248,10.22936304,2.542560199
1.514462167,12.831695,-4.966156833,1.584105373,65.35113318,-18.73526553,52.27759208,13.03417896,10.2647052,2.559261038
1.515482333,12.88200967,-4.968488833,1.584446963,65.60738307,-18.7440632,52.30226608,13.26575485,10.26954994,2.604730964
1.516477967,12.92840133,-4.9667441,1.584816927,65.84365334,-18.73748104,52.28380572,13.52048547,10.26592525,2.654747322
1.517419433,12.98367467,-5.010601533,1.585012941,66.12515746,-18.90293709,52.74784451,13.3379508,10.35703927,2.618906639
1.5184079,13.03046667,-5.0129134,1.58537034,66.3634666,-18.91165881,52.77230549,13.55179896,10.36184218,2.660895726
1.519459767,13.07984933,-5.025076733,1.585756199,66.61496987,-18.95754606,52.90100108,13.67460663,10.38711156,2.685009012
1.520488833,13.13306767,-5.045913533,1.586067527,66.88600798,-19.03615473,53.12146732,13.72517851,10.43040011,2.694938799
1.52145,13.18147667,-5.052393433,1.586375818,67.13255241,-19.06060072,53.19002868,13.90316159,10.44386213,2.729885778
1.5224509,13.23371433,-5.076193333,1.586672206,67.39859604,-19.15038795,53.44184635,13.91738755,10.49330653,2.732679045
1.5234669,13.28540233,-5.096682567,1.586991107,67.66184025,-19.22768539,53.65863512,13.96384298,10.53587301,2.74180057
1.524437467,13.33412167,-5.0951031,1.587304612,67.9099652,-19.22172671,53.64192338,14.22867966,10.53259166,2.793801252
1.525435633,13.38376233,-5.109395667,1.587633292,68.16278245,-19.27564668,53.79314759,14.33027271,10.56228453,2.813749047
1.5264632,13.43649167,-5.142135933,1.587949716,68.43133011,-19.39916223,54.13955987,14.25240809,10.63030258,2.798460328
1.527497833,13.48520433,-5.142440467,1.588327378,68.6794211,-19.40031111,54.14278202,14.49727693,10.63093525,2.846540325
1.528448467,13.53595033,-5.164067467,1.588593617,68.93786775,-19.48190088,54.37160907,14.52689654,10.67586544,2.852356135
1.5294567,13.58811567,-5.1842157,1.588898313,69.20354299,-19.55791187,54.58478985,14.579391,10.71772349,2.862663422
1.5304649,13.63388733,-5.178538167,1.589289206,69.43665563,-19.53649288,54.52471803,14.87257545,10.70592839,2.92023019
1.531449167,13.689474,-5.212679067,1.589523794,69.71975554,-19.66529244,54.88594988,14.79444351,10.77685626,2.904888983
1.532420367,13.73416167,-5.2074466,1.589892306,69.94734742,-19.6455525,54.83058715,15.07739813,10.76598579,2.960447123
1.533454533,13.78747933,-5.2376601,1.590207395,70.21889144,-19.75953559,55.15026468,15.02926461,10.82875447,2.950996106
1.534500133,13.83985733,-5.246790567,1.590546591,70.48564978,-19.79398109,55.24687066,15.19941696,10.84772305,2.98440552
1.535465967,13.885203,-5.260994133,1.590900862,70.71659282,-19.8475653,55.39715319,15.28007748,10.87723103,3.000243213
1.536400633,13.938149,-5.277568,1.591121464,70.98624395,-19.91009167,55.57251496,15.37436685,10.91166331,3.01875693
1.537422567,13.98831333,-5.288085467,1.591466848,71.24172821,-19.94976975,55.68379626,15.51856979,10.9335134,3.047071179
1.538444933,14.04187167,-5.3102894,1.591766891,71.51449792,-20.03353605,55.91872762,15.55640815,10.97964217,3.05450074
1.539436133,14.090275,-5.3113777,1.592105291,71.7610135,-20.03764176,55.93024251,15.79140884,10.98190312,3.100643125
1.5404869,14.14213733,-5.334000733,1.592456608,72.02514557,-20.12298915,56.1696082,15.81617522,11.02890257,3.105506005
1.5414679,14.18893167,-5.317578633,1.592806508,72.2634666,-20.06103532,55.99585222,16.22825223,10.99478558,3.186417325
1.5424269,14.24036733,-5.3408966,1.593071813,72.52542569,-20.14900441,56.24257074,16.2434928,11.04322877,3.18940981
1.5434075,14.296568,-5.377211933,1.593294453,72.81165266,-20.28600722,56.62680944,16.14548107,11.11867403,3.170165208
1.544468,14.343533,-5.379558233,1.593721552,73.05084288,-20.29485884,56.65163475,16.35984598,11.12354848,3.212255759
1.545505067,14.39143767,-5.385658433,1.594112544,73.29481878,-20.31787239,56.71617864,16.53927799,11.13622168,3.247487232
1.5464819,14.444707,-5.419018267,1.594370952,73.56611663,-20.44372531,57.06914633,16.45760815,11.20552688,3.231451361
1.547425133,14.49144867,-5.425318067,1.594683796,73.80416943,-20.46749186,57.13580211,16.62900517,11.21861474,3.265105165
1.5484496,14.54230267,-5.4207007,1.595022411,74.06316611,-20.45007243,57.08694751,16.93685645,11.20902214,3.325551765
1.549462433,14.593196,-5.438880433,1.595348863,74.32236313,-20.51865708,57.27930034,17.00370064,11.24679062,3.33867662
1.550452667,14.647059,-5.460504367,1.595612664,74.59668449,-20.60023528,57.50809494,17.0492274,11.29171444,3.347615801
1.5514374,14.69362033,-5.460022933,1.59596944,74.83381886,-20.59841903,57.50300108,17.29145563,11.29071426,3.395177314
1.552489067,14.74749633,-5.4869981,1.596294499,75.10820643,-20.70018523,57.78841504,17.28042925,11.34675529,3.393012283
1.553460767,14.79750267,-5.5050446,1.596591781,75.362886,-20.76826725,57.97935818,17.34416568,11.38424698,3.405526931
1.554434067,14.845914,-5.512472,1.596912173,75.60944232,-20.79628777,58.05794466,17.51213551,11.39967743,3.438507807
1.555494433,14.895687,-5.521594533,1.597301268,75.86293354,-20.83070334,58.15446671,17.66910467,11.41862954,3.469328703
1.556459367,14.949934,-5.552774567,1.59753459,76.13921059,-20.94833277,58.48437076,17.61547768,11.4834062,3.458799042
1.557434933,14.99874767,-5.5431697,1.597851823,76.38781597,-20.91209756,58.38274533,17.9657085,11.46345205,3.527566863
1.5584666,15.04538133,-5.5481046,1.598254557,76.62531873,-20.93071491,58.43495963,18.15099696,11.47370432,3.563948253
1.5594864,15.099293,-5.579226167,1.598547268,76.89988796,-21.04812377,58.76424506,18.09628074,11.53835952,3.553204724
1.560465333,15.146275,-5.584993367,1.598892571,77.13916476,-21.06988104,58.82526561,18.274537,11.5503409,3.58820534
1.561433567,15.20234467,-5.614040367,1.599104612,77.42472456,-21.17946341,59.13260085,18.25276156,11.61068618,3.583929732
1.562438933,15.24873133,-5.606604233,1.599484377,77.66096936,-21.15140994,59.05392195,18.56768525,11.59523758,3.645765
1.5635056,15.29799167,-5.613675933,1.599886686,77.91184959,-21.17808856,59.12874492,18.74374252,11.60992906,3.680333844
1.5645154,15.34783033,-5.647980667,1.600224328,78.16567524,-21.30750619,59.49171023,18.63460286,11.6811973,3.658904272
1.565501133,15.40167467,-5.655940233,1.600483881,78.43990154,-21.33753436,59.57592737,18.82461202,11.69773334,3.69621257
1.566463233,15.45194733,-5.661229,1.60076797,78.69593753,-21.3574867,59.63188579,19.02468958,11.70872078,3.7354978
1.567445267,15.50057333,-5.684494,1.601094201,78.94358713,-21.44525597,59.87804389,19.02618109,11.75705392,3.735790657
1.568392333,15.54889267,-5.6852344,1.601389601,79.1896749,-21.44804919,59.88587778,19.26443497,11.7585921,3.782571806
1.5694551,15.60046733,-5.7019965,1.601756797,79.45234191,-21.5112857,60.06323118,19.34974858,11.79341544,3.799323134
1.5705128,15.65110933,-5.715671867,1.602131505,79.71025889,-21.56287723,60.20792502,19.46297172,11.82182608,3.821554498
1.571497767,15.70088267,-5.724118567,1.602445196,79.9637518,-21.59474315,60.29729633,19.62709332,11.83937413,3.853779774
1.5724471,15.75486933,-5.7340099,1.602666429,80.238703,-21.63205908,60.40195276,19.79738809,11.85992342,3.887217151
1.5734194,15.801707,-5.751451033,1.603007045,80.47724472,-21.6978573,60.58649075,19.85139182,11.89615746,3.897820784
1.574468833,15.85114367,-5.7476738,1.603389742,80.729023,-21.68360735,60.54652528,20.14313557,11.88831024,3.95510467
1.5754244,15.90455067,-5.777189433,1.603625027,81.00102198,-21.79495768,60.85881895,20.10284089,11.9496291,3.947192808
1.576453733,15.950329,-5.7714151,1.604036963,81.23416858,-21.7731735,60.79772293,20.3970835,11.9376329,4.004967345
1.5774803,16.004958,-5.793079533,1.604326766,81.51239114,-21.85490449,61.02694604,20.44608295,11.98264086,4.014588387
1.578470833,16.052108,-5.817197,1.604681403,81.75252355,-21.94588976,61.28212377,20.43103764,12.032745,4.011634241
1.579424533,16.10288133,-5.799291267,1.60495034,82.01110941,-21.8783388,61.09267002,20.87907724,11.99554576,4.099606816
1.5804515,16.156695,-5.8301962,1.60525154,82.28517953,-21.9949304,61.41966335,20.82615403,12.0597509,4.089215344
1.581435733,16.20142833,-5.8442106,1.60563247,82.51300399,-22.04780096,61.56794437,20.90569747,12.08886588,4.104833698
1.582457067,16.25708133,-5.856628567,1.60590323,82.79644173,-22.09464883,61.69933415,21.05774543,12.11466426,4.134688316
1.5834758,16.30794267,-5.874003267,1.606236013,83.05547577,-22.16019643,61.88316923,21.13294439,12.15076028,4.149453631
1.584511833,16.35478133,-5.878607433,1.606640349,83.29402258,-22.17756605,61.93188416,21.32277627,12.16032545,4.186727121
1.585524367,16.40873167,-5.898695,1.606925272,83.56878873,-22.25334817,62.14442305,21.38500353,12.20205747,4.198945444
1.586437533,16.453244,-5.898743933,1.607238116,83.79548765,-22.25353278,62.14494079,21.61118471,12.20215912,4.243356118
1.587417733,16.506288,-5.914941133,1.607502929,84.06563789,-22.31463815,62.31631719,21.70995855,12.23580888,4.262750361
1.588466033,16.55247433,-5.909664633,1.607928329,84.30086241,-22.29473208,62.26048856,22.0010117,12.22484693,4.319898647
1.589510933,16.60640367,-5.9371473,1.608245903,84.5755216,-22.39841287,62.55127218,21.98488727,12.28194229,4.316732616
1.590497867,16.65643967,-5.949380567,1.608558017,84.83035226,-22.44456395,62.68070771,22.1102824,12.30735696,4.341353949
1.5914521,16.70562167,-5.947055633,1.608848949,85.08083355,-22.43579294,62.65610848,22.38536292,12.3025269,4.395366009
1.5924369,16.75412767,-5.9712008,1.609179565,85.327872,-22.52688271,62.91157929,22.37693056,12.35268859,4.393710316
1.593414,16.80445667,-5.9869423,1.609477894,85.58419489,-22.58626891,63.0781341,22.46669864,12.38539163,4.411336278
1.594439367,16.854149,-5.991508633,1.609833077,85.83727527,-22.60349581,63.12644873,22.67146439,12.39487821,4.451542034
1.595527067,16.90648033,-6.004046633,1.610215002,86.10379594,-22.65079652,63.25910853,22.80532526,12.42092596,4.477825615
1.5965233,16.95799467,-6.0002055,1.610516479,86.36615567,-22.6363055,63.21846696,23.10832656,12.41294599,4.53731992
1.597427467,17.00417833,-6.011459967,1.610797782,86.60136661,-22.67876397,63.33754619,23.22445827,12.43632719,4.560122382
1.598402533,17.05356467,-6.0270168,1.611106791,86.85288855,-22.7374535,63.50214711,23.31137929,12.46864659,4.577189323
1.599449467,17.10491,-6.042963467,1.611461247,87.11438757,-22.79761371,63.67087271,23.40415271,12.50177586,4.595405385
1.6004746,17.151135,-6.058057267,1.611862959,87.34980901,-22.85455641,63.83057446,23.47987241,12.5331333,4.610272947
1.601451733,17.204165,-6.0705064,1.612124895,87.61988796,-22.90152186,63.962294,23.61823181,12.55899643,4.637439816
1.602453467,17.25543867,-6.092770267,1.612435117,87.88102198,-22.98551427,64.19785948,23.64380035,12.60524971,4.642460199
1.603472933,17.30593567,-6.091472767,1.612773548,88.13820049,-22.98061933,64.18413113,23.91470721,12.60255415,4.695652761
1.6044711,17.354565,-6.085099533,1.613115867,88.38586707,-22.95657575,64.11669838,24.22980655,12.58931373,4.757522515
1.605487467,17.40245933,-6.109799233,1.613486298,88.62979034,-23.04975755,64.37803649,24.2123917,12.64062747,4.75410311
1.606466267,17.46029467,-6.124076533,1.613685093,88.92434259,-23.10361992,64.52909916,24.35588127,12.67028862,4.782277288
1.6074862,17.50205433,-6.115678633,1.614141827,89.13702232,-23.0719381,64.44024418,24.65741599,12.65284195,4.84148363
1.608454633,17.557447,-6.1367445,1.614363198,89.4191342,-23.15141095,64.66313409,24.71663796,12.69660638,4.853111863
1.6094714,17.603473,-6.139884167,1.614759227,89.65354214,-23.16325562,64.69635371,24.91782629,12.70312905,4.892615192
1.610465067,17.65861767,-6.1763325,1.615009176,89.93439097,-23.30076018,65.08199963,24.81302919,12.77885063,4.872038281
1.6114369,17.70254067,-6.150897967,1.615388635,90.15808845,-23.20480615,64.81288653,25.30583977,12.72601027,4.968801639
1.612437933,17.75464867,-6.1883869,1.615686905,90.42347169,-23.34623647,65.20954264,25.1745669,12.8038937,4.94302621
1.613414633,17.803456,-6.173593367,1.616005357,90.67204482,-23.29042655,65.05301791,25.57966476,12.77316007,5.022567176
1.614517167,17.85270367,-6.200307333,1.616443703,90.92286054,-23.39120735,65.33566821,25.54783018,12.82865845,5.016316456
1.615474633,17.90907533,-6.2092873,1.616640904,91.20995841,-23.42508507,65.43068181,25.73991445,12.84731437,5.054032202
1.616447533,17.956228,-6.220628233,1.616977872,91.45010441,-23.46786975,65.55067591,25.86006635,12.87087521,5.077624028
1.6174225,18.00750867,-6.232249233,1.617261233,91.71127409,-23.51171099,65.67363328,25.99827866,12.89501789,5.104762014
1.6183884,18.05675833,-6.237531333,1.617562919,91.96209999,-23.53163818,65.72952117,26.19321668,12.90599148,5.143038094
1.619448433,18.103032,-6.245211933,1.617998875,92.19776929,-23.56061393,65.81078667,26.34762047,12.92194796,5.17335528
1.620467867,18.16127467,-6.257534833,1.618232809,92.49439606,-23.60710316,65.94117058,26.51386334,12.94754884,5.205997066
1.621501067,18.20736667,-6.2727906,1.618644382,92.72914014,-23.66465688,66.10258603,26.58719196,12.97924277,5.220395142
1.6224517,18.25778167,-6.284454367,1.618915085,92.98590103,-23.70865947,66.2259959,26.72054298,13.00347429,5.246578614
1.623430067,18.305236,-6.280154867,1.61925345,93.2275834,-23.69243923,66.18050453,27.00771672,12.99454206,5.302965178
1.624418067,18.356317,-6.301027133,1.619552538,93.48773619,-23.7711817,66.40134603,27.04702801,13.03790429,5.310683949
1.625486667,18.404077,-6.286824233,1.619977015,93.7309753,-23.71760001,66.25107056,27.44054259,13.0083977,5.387950538
1.626481233,18.45297233,-6.329137667,1.620312146,93.9799966,-23.87723117,66.69877287,27.24186159,13.09630405,5.348939522
1.627469067,18.50431,-6.317982033,1.620607606,94.24145658,-23.83514556,66.58073936,27.62135507,13.07312817,5.423453068
1.628406167,18.55023133,-6.324691,1.62092538,94.47533147,-23.86045573,66.65172438,27.78424493,13.08706608,5.455436493
1.629451167,18.60694067,-6.338570733,1.62120556,94.76414905,-23.91281825,66.79858055,27.92620635,13.11590129,5.483310617
1.6304583,18.65136233,-6.344589733,1.621613593,94.99038622,-23.93552546,66.8622653,28.08875877,13.12840579,5.515227784
1.6314561,18.70948467,-6.380460267,1.621827517,95.28640014,-24.07085022,67.24179774,28.00524024,13.20292699,5.498828922
1.632477433,18.75590567,-6.377481933,1.622222786,95.52281979,-24.05961419,67.21028513,28.27317251,13.19673949,5.551437423
1.6334491,18.805352,-6.3883869,1.622527586,95.77464731,-24.10075414,67.32566643,28.40961874,13.2193946,5.578228639
1.634432333,18.859121,-6.416484833,1.622785655,96.04848994,-24.20675608,67.62295995,28.38616784,13.27776819,5.573624055
1.635461433,18.90634867,-6.402485233,1.623177811,96.28901791,-24.15394135,67.47483552,28.77482024,13.24868395,5.649935954
1.636479967,18.95205933,-6.404775433,1.62357986,96.52181988,-24.16258133,67.49906725,28.98339048,13.25344186,5.69088872
1.6374008,19.00749367,-6.425690833,1.623753069,96.80414396,-24.24148653,67.72036513,29.04441668,13.29689369,5.702871215
1.6383931,19.05002033,-6.417971,1.624171826,97.02072999,-24.21236277,67.63868452,29.34268332,13.2808557,5.76143587
1.6395153,19.107416,-6.456287567,1.62451995,97.31304304,-24.35691541,68.04409751,29.22958338,13.36045855,5.739228696
1.640579233,19.15772233,-6.443127033,1.624905418,97.56925049,-24.30726613,67.90485092,29.62503742,13.33311748,5.816876097
1.641525033,19.20532567,-6.438112567,1.625209208,97.81169171,-24.28834861,67.85179476,29.9205348,13.3226999,5.874897008
1.6424784,19.259505,-6.4755691,1.625431876,98.08762414,-24.42965669,68.24810806,29.80015393,13.40051602,5.851260224
1.6434838,19.31040967,-6.477906867,1.625750742,98.34687887,-24.43847613,68.27284308,30.03467364,13.40537274,5.89730817
1.644501733,19.36092367,-6.495998233,1.626087409,98.60414396,-24.50672741,68.46426094,30.10052087,13.44295764,5.910237273
1.645537833,19.405978,-6.466928,1.626515877,98.83360326,-24.39705738,68.15667988,30.63756123,13.38256409,6.015685148
1.646569633,19.46006967,-6.509257167,1.62681816,99.10908921,-24.5567479,68.60454866,30.4651784,13.47050313,5.981837779
1.647508233,19.50840267,-6.5215689,1.627104909,99.35524658,-24.60319501,68.73481442,30.58107002,13.49608081,6.004593098
1.648503,19.552866,-6.5076704,1.627500014,99.58169595,-24.55076169,68.58775969,30.95457412,13.46720661,6.077930628
1.649489567,19.607823,-6.532415867,1.627745394,99.861589,-24.64411615,68.84958204,30.97264481,13.51861543,6.081478809
1.650553967,19.65719233,-6.541255967,1.628143966,100.1130244,-24.6774662,68.94311577,31.13054644,13.53698078,6.112482794
1.651543667,19.711059,-6.551136,1.628407184,100.3873644,-24.7147395,69.04765264,31.30034962,13.5575066,6.145823647
1.652510133,19.75727967,-6.5456678,1.628750288,100.6227638,-24.69411024,68.9897957,31.59360593,13.54614638,6.203404524
1.653475833,19.81273033,-6.5951209,1.628968144,100.905171,-24.88067643,69.5130401,31.35276879,13.64888542,6.156116152
1.6545275,19.85319767,-6.552364033,1.629474041,101.111269,-24.71937237,69.06064599,32.01126086,13.56005784,6.285411069
1.655519067,19.908045,-6.5770855,1.6297259,101.3906035,-24.81263628,69.32221441,32.02902696,13.6114168,6.288899443
1.656520467,19.95600567,-6.595310833,1.63008047,101.6348646,-24.88139297,69.51504971,32.08045275,13.64928001,6.298996898
1.657499667,20.00901367,-6.613850267,1.630344769,101.9048315,-24.95133462,69.71120839,32.15426097,13.68779577,6.313489141
1.658496433,20.054597,-6.6113987,1.630726768,102.136985,-24.94208586,69.6852693,32.41235353,13.68270263,6.364165615
1.6594867,20.10781467,-6.625046233,1.630999306,102.4080197,-24.99357239,69.82966865,32.53898889,13.71105544,6.389030469
1.660516333,20.15688433,-6.637602167,1.631367153,102.6579289,-25.04094076,69.96251819,32.65604852,13.73714045,6.412015128
1.661505433,20.205538,-6.639383633,1.631700078,102.9057194,-25.0476615,69.98136721,32.88499001,13.74084145,6.456967789
1.662516833,20.25676467,-6.658738,1.632020601,103.166614,-25.12067756,70.18614839,32.9411035,13.78105024,6.467985672
1.663507633,20.30487,-6.647603533,1.63236262,103.4116119,-25.0786718,70.06833884,33.30391092,13.75791833,6.53922291
1.664509767,20.34913667,-6.643359033,1.632767743,103.6370597,-25.06265905,70.02342941,33.57426812,13.74910036,6.592307545
1.665534033,20.40424633,-6.675121467,1.633048764,103.9177302,-25.18248563,70.35949561,33.51887248,13.81508696,6.581430612
1.666512533,20.454228,-6.652845067,1.633353178,104.1722842,-25.09844595,70.12379751,34.00912453,13.76880764,6.677691601
1.667484833,20.50301633,-6.684324133,1.633667486,104.4207605,-25.21720351,70.45686552,33.92453288,13.83420554,6.661082031
1.668495,20.54992333,-6.6669156,1.634045034,104.6596554,-25.15152828,70.27267246,34.34762077,13.79803924,6.744155337
1.669557433,20.595038,-6.668337667,1.634499021,104.889422,-25.15689315,70.28771881,34.56234099,13.80099359,6.786315654
1.670562933,20.64847067,-6.6954864,1.634783892,105.1615517,-25.25931414,70.57496921,34.54722029,13.8573952,6.783346704
1.6715316,20.698279,-6.7043891,1.635080811,105.4152228,-25.29290037,70.66916529,34.70669538,13.8758906,6.814659638
1.672506567,20.74970767,-6.725146633,1.635362176,105.6771463,-25.37120999,70.88879284,34.74899127,13.91901447,6.822964436
1.673489933,20.801861,-6.7374188,1.635642168,105.9427604,-25.41750783,71.01863995,34.88475827,13.94450995,6.849622287
1.6745308,20.845198,-6.722029533,1.636098563,106.1634734,-25.35945046,70.85581199,35.26829925,13.91253868,6.924930558
1.6755455,20.90128967,-6.737504467,1.636356773,106.4491452,-25.41783101,71.01954636,35.39023672,13.94468793,6.948872981
1.676545,20.94548267,-6.730375267,1.636760257,106.6742178,-25.39093548,70.94411501,35.69074065,13.92987698,7.007876926
1.6775477,20.99929867,-6.7464072,1.637037159,106.9482998,-25.45141736,71.11374279,35.79519487,13.9631834,7.028386512
1.6784679,21.044173,-6.751986367,1.637352153,107.1768424,-25.47246526,71.17277383,35.9647064,13.97477414,7.061670101
1.679510633,21.09635867,-6.7720545,1.637691076,107.4426212,-25.54817407,71.3851071,36.01815192,14.01646578,7.07216413
1.680535367,21.14828667,-6.7687934,1.638015474,107.7070877,-25.53587128,71.35060264,36.31712289,14.00969083,7.13086708
1.681517567,21.194388,-6.772981333,1.638375921,107.9418793,-25.55167063,71.39491357,36.50760358,14.01839128,7.168267963
1.682517433,21.24242833,-6.7806573,1.638727883,108.1865461,-25.58062889,71.47613005,36.67105394,14.03433813,7.200361441
1.683542533,21.291511,-6.794346967,1.639091022,108.4365215,-25.63227437,71.62097519,36.77618418,14.06277848,7.221003763
1.6845267,21.344589,-6.782640933,1.639359343,108.7068449,-25.58811232,71.49711811,37.17036466,14.03845914,7.2984011
1.685528133,21.390821,-6.791588,1.639737261,108.942302,-25.62186592,71.59178362,37.31115625,14.05704671,7.326045529
1.6865271,21.43995033,-6.792499367,1.640073637,109.1925151,-25.62530413,71.60142644,37.55172648,14.05894008,7.373281494
1.6875222,21.48782767,-6.804984867,1.640423031,109.4363518,-25.67240679,71.73353076,37.66345885,14.08487876,7.395220144
1.688520833,21.54246667,-6.824446367,1.640684766,109.7146252,-25.74582701,71.93944547,37.73581762,14.12531012,7.40942779
1.6895437,21.585645,-6.813018633,1.641125301,109.9345302,-25.70271488,71.81853298,38.07663505,14.10156895,7.476347291
1.6905155,21.64074133,-6.829531533,1.641354035,110.2151328,-25.76501125,71.99324968,38.18252101,14.13587458,7.497138
1.6915521,21.69142167,-6.841865533,1.641707126,110.4732451,-25.81154236,72.12375104,38.31013187,14.16149852,7.522194393
1.6924534,21.73897767,-6.8323811,1.641967055,110.7154452,-25.7757615,72.02339986,38.6526832,14.14179456,7.589454346
1.6934722,21.79249533,-6.8625463,1.64226408,110.9880078,-25.88956238,72.34256635,38.60607931,14.2044629,7.580303673
1.694513933,21.842535,-6.8877684,1.642630945,111.2428571,-25.98471498,72.60943178,38.59406322,14.25686193,7.577944313
1.695504067,21.88335567,-6.847429267,1.643070543,111.4507546,-25.83253204,72.18261878,39.22877368,14.1730572,7.702569711
1.696479833,21.93643967,-6.885622833,1.643330384,111.7211086,-25.97662064,72.58673035,39.09501606,14.2524045,7.676306404
1.6974899,21.98730333,-6.859220667,1.643654469,111.9801545,-25.87701613,72.30737909,39.63341325,14.19755388,7.782020691
1.6984867,22.03606733,-6.883363267,1.643993605,112.2285069,-25.96809623,72.56282274,39.62632203,14.24771024,7.78062833
1.699428233,22.09127933,-6.915753333,1.644190513,112.5096987,-26.09029062,72.90552969,39.56480683,14.31500075,7.76854982
1.700495633,22.137109,-6.903970867,1.644639823,112.7431067,-26.04584022,72.7808639,39.92288065,14.29052263,7.838857615
1.7015558,22.18521133,-6.8970216,1.64505125,112.9880893,-26.0196235,72.70733636,40.24139079,14.27608549,7.901397081
1.702512467,22.23427133,-6.9097743,1.645346261,113.2379492,-26.06773418,72.84226782,40.35631927,14.30257929,7.923963289
1.703459333,22.28405967,-6.9316195,1.645621649,113.4915185,-26.15014713,73.07340355,40.37875284,14.34796279,7.928368121
1.7044521,22.33077633,-6.922300833,1.645984363,113.729444,-26.11499164,72.97480629,40.71527558,14.32860322,7.99444436
1.705506167,22.38559667,-6.917651333,1.646299086,114.008641,-26.09745099,72.92561171,41.04366718,14.31894386,8.05892405
1.706523433,22.43508967,-6.942725533,1.646648857,114.2607062,-26.19204562,73.19091226,41.03043181,14.37103562,8.056325286
1.707489433,22.484471,-6.9545625,1.646948868,114.5122027,-26.23670163,73.31615469,41.15668586,14.39562697,8.081115268
1.708528367,22.52465633,-6.929713267,1.647445835,114.7168644,-26.1429557,73.05323443,41.62426787,14.34400258,8.172924996
1.7094892,22.57852733,-6.937831867,1.647680128,114.9912266,-26.17358383,73.13913424,41.81273016,14.36086901,8.209929568
1.7104876,22.63245367,-6.9745005,1.647951242,115.2658705,-26.31191949,73.52711107,41.69939725,14.43704826,8.187676649
1.7115162,22.676764,-6.970235667,1.648382243,115.4915406,-26.29583003,73.4819865,41.97019197,14.42818805,8.240847193
1.712526867,22.73187033,-6.9950172,1.648649709,115.7721942,-26.38932056,73.74419046,41.9886416,14.4796718,8.244469779
1.713505433,22.77519533,-6.9753564,1.649043966,115.9928461,-26.31514845,73.53616703,42.41731693,14.4388264,8.32864018
1.7144945,22.82725767,-6.9961864,1.649330885,116.2579968,-26.39373147,73.75656132,42.46207331,14.48210081,8.337428094
1.7155077,22.88392267,-7.008506767,1.649579863,116.5465886,-26.44021114,73.88691842,42.620308,14.50769643,8.368497476
1.716518433,22.932827,-7.030524867,1.64993104,116.7956557,-26.52327637,74.11988355,42.63641002,14.55343913,8.371659107
1.717500133,22.97596567,-7.008795733,1.650330943,117.0153586,-26.44130129,73.88997587,43.08602061,14.50829676,8.459940147
1.718503733,23.02814733,-7.008618367,1.650630786,117.2811171,-26.44063216,73.88809922,43.35365568,14.50792828,8.512490293
1.719505533,23.07961067,-7.007357133,1.650938517,117.543217,-26.43587405,73.87475459,43.6291003,14.50530806,8.566573845
1.7205501,23.12703433,-7.017380867,1.651343497,117.7847432,-26.47368947,73.98081189,43.76456919,14.52613242,8.59317316
1.721490067,23.179633,-7.029008567,1.651574083,118.0526254,-26.51755599,74.10384016,43.90942311,14.55028901,8.621615227
1.722491833,23.230797,-7.0420192,1.651885818,118.3132009,-26.56663976,74.24150071,44.03233806,14.57731866,8.645749578
1.7235036,23.282406,-7.059546933,1.652201551,118.5760428,-26.63276468,74.42695498,44.10972566,14.61373261,8.660944632
1.724490233,23.32949567,-7.053145067,1.652553102,118.8158679,-26.60861307,74.35921926,44.41728651,14.6004327,8.721334206
1.725499633,23.38008367,-7.050200133,1.652880238,119.0735099,-26.59750305,74.32806005,44.70608769,14.59431459,8.778040318
1.7265435,23.42541933,-7.0585478,1.653312678,119.304402,-26.62899536,74.41638353,44.84865633,14.61165691,8.80603367
1.727532633,23.47631267,-7.0571667,1.65361543,119.563599,-26.62378504,74.40177063,45.12246623,14.60878766,8.859796245
1.728496667,23.524578,-7.082104833,1.653928525,119.8094118,-26.71786635,74.66563152,45.1044181,14.66059675,8.856252493
1.729466967,23.574632,-7.081976267,1.654223763,120.0643341,-26.71738132,74.66427121,45.36070074,14.66032965,8.906573591
1.730508833,23.62662133,-7.082025033,1.654564467,120.329113,-26.7175653,74.66478719,45.62496364,14.66043096,8.958461611
1.7315476,23.66977967,-7.083794433,1.655021172,120.5489161,-26.72424052,74.68350853,45.82604537,14.6641069,8.997944008
1.732492233,23.72123533,-7.0789259,1.655271839,120.810977,-26.70587354,74.63199644,46.13961841,14.6539925,9.059514075
1.7334847,23.77201133,-7.102123133,1.655579507,121.0695764,-26.79338716,74.87743752,46.15277676,14.70218486,9.062097718
1.734492633,23.82402333,-7.1223674,1.655885972,121.3344708,-26.86976044,75.09163439,46.20347421,14.74424241,9.072052162
1.735463367,23.86263667,-7.0980994,1.65633594,121.5311264,-26.77820727,74.83486393,46.65690031,14.69382553,9.161082375
1.736471033,23.91986167,-7.1251656,1.656571832,121.8225702,-26.8803169,75.12124108,46.66196701,14.75005569,9.162077222
1.737521933,23.96522033,-7.108892433,1.657010995,122.0535795,-26.81892494,74.94906091,47.06515644,14.71624811,9.241243466
1.7385337,24.01654233,-7.1278567,1.657330599,122.3149597,-26.89046931,75.14971459,47.12588295,14.75564646,9.253167116
1.739501233,24.071264,-7.123374767,1.65756012,122.5936542,-26.87356082,75.10229296,47.45199908,14.74633522,9.31720002
1.740450267,24.12015233,-7.153751833,1.657849812,122.8426398,-26.98816099,75.42370112,47.37957657,14.80944372,9.30297986
1.741527,24.16311533,-7.14105,1.658347118,123.0614481,-26.9402422,75.28930787,47.73277808,14.7830556,9.372330976
1.7425196,24.217915,-7.135878867,1.658600653,123.3405399,-26.92073364,75.23459407,48.06658363,14.77231255,9.437873695
1.743461433,24.26533333,-7.147279767,1.658902971,123.5820389,-26.96374455,75.35522265,48.18745407,14.79599797,9.461606607
1.744503033,24.31336833,-7.1611738,1.659296739,123.8266786,-27.01616101,75.50223012,48.28508628,14.82486289,9.48077669
1.7455667,24.35980733,-7.155442233,1.659734098,124.0631899,-26.99453817,75.4415866,48.58224113,14.81295553,9.539123046
1.7464958,24.410418,-7.1659473,1.659980629,124.3209473,-27.03416946,75.55273671,48.72884843,14.83477985,9.567909389
1.747489567,24.458768,-7.156528467,1.660322316,124.5671912,-26.99863608,75.45307962,49.07474947,14.81521218,9.635827058
1.748496233,24.51555233,-7.181159333,1.660563151,124.8563908,-27.0915582,75.71368944,49.10333921,14.86638292,9.641440654
1.749535,24.563308,-7.186151833,1.660957853,125.0996078,-27.11039285,75.76651318,49.29373252,14.87675486,9.67882438
1.750502933,24.60711167,-7.182026067,1.661335021,125.3226976,-27.09482803,75.72286001,49.5604754,14.86818356,9.731199345
1.751507267,24.659532,-7.186813833,1.661632378,125.5896715,-27.11289031,75.77351755,49.77679181,14.87813017,9.773673072
1.7525641,24.704696,-7.1775527,1.6620801,125.8196893,-27.07795186,75.67552902,50.10479816,14.85889012,9.838077118
1.7535097,24.75655833,-7.185252367,1.66232625,126.0838214,-27.10699953,75.75699626,50.287463,14.87488622,9.873943359
1.754458833,24.805453,-7.193350667,1.662615957,126.3328393,-27.13755109,75.84268129,50.45079588,14.89171047,9.906013771
1.755466467,24.85400167,-7.2159772,1.662968831,126.5800951,-27.22291168,76.08208402,50.4586489,14.9387172,9.907555712
1.7565494,24.90887833,-7.195957667,1.663311661,126.859579,-27.14738623,75.87026496,50.94995187,14.89712653,10.00402305
1.757536233,24.957119,-7.2181042,1.663647888,127.1052661,-27.23093598,76.10458899,50.96131497,14.94313605,10.00625419
1.758513467,24.994207,-7.1943825,1.664124928,127.2941533,-27.14144377,75.85359872,51.40119242,14.89385411,10.09262413
1.759503667,25.05485533,-7.235596933,1.664297184,127.603032,-27.29692886,76.28967294,51.27399691,14.97947728,10.06764929
1.7605159,25.10219667,-7.227889833,1.664670941,127.8441389,-27.26785315,76.20812705,51.59664967,14.96346575,10.13100216
1.761497567,25.15603367,-7.2503956,1.664926526,128.1183278,-27.35275814,76.44625199,51.63271368,15.01022158,10.13808333
1.7625181,25.18835867,-7.198022667,1.665511103,128.2829573,-27.15517662,75.89211394,52.35148121,14.90141657,10.27921334
1.763539933,25.24759867,-7.241702567,1.665733986,128.5846634,-27.3199629,76.35427432,52.19102698,14.99216176,10.24770815
1.7645316,25.30109867,-7.2546973,1.666004116,128.8571361,-27.36898668,76.49176664,52.32600728,15.01915838,10.27421153
1.765465633,25.33642233,-7.226758,1.666461751,129.0370376,-27.2635832,76.19615155,52.8015239,14.96111436,10.36757922
1.766492933,25.389809,-7.242992567,1.666769043,129.308933,-27.32482954,76.36792332,52.90164756,14.99484174,10.3872385
1.767535233,25.443854,-7.2582078,1.667082456,129.5841813,-27.38223035,76.5289099,53.01590926,15.02645146,10.40967378
1.768548733,25.49304267,-7.2509869,1.667432565,129.8346965,-27.35498887,76.45250831,53.34282609,15.01145001,10.4738639
1.769471,25.54226567,-7.274082167,1.667690977,130.0853866,-27.44211781,76.69687053,53.34915396,15.05943053,10.47510638
1.770538933,25.58831733,-7.240203667,1.668137827,130.3199253,-27.31430817,76.33841503,53.94214813,14.98904779,10.59154078
1.7715087,25.64113567,-7.280655867,1.66839525,130.5889262,-27.46691767,76.76642434,53.78313975,15.07308742,10.56031949
1.772510067,25.68609033,-7.277772867,1.668790328,130.8178779,-27.4560413,76.73592042,54.04259537,15.06709797,10.6112636
1.773459867,25.73529933,-7.2710077,1.669076463,131.0684967,-27.43051911,76.66434077,54.36479382,15.05304331,10.67452727
1.7745126,25.783062,-7.264571233,1.669485037,131.3117494,-27.40623697,76.59623896,54.67614831,15.03967152,10.73566172
1.775503067,25.83783,-7.281533233,1.669736866,131.5906799,-27.47022761,76.77570742,54.77561034,15.07491015,10.75519109
1.776502033,25.88583033,-7.2939787,1.670088468,131.835143,-27.51717924,76.90738816,54.88839272,15.10076567,10.77733591
1.7775115,25.93493367,-7.302684633,1.670435695,132.0852237,-27.55002314,76.99950233,55.04635919,15.11885228,10.80835263
1.7785313,25.979846,-7.280171867,1.670849777,132.3139598,-27.46509174,76.76130332,55.5132943,15.07208191,10.90003534
1.7794929,26.03106533,-7.278943067,1.671120599,132.5748171,-27.46045598,76.74830186,55.78715307,15.06952907,10.95380751
1.780462233,26.080472,-7.2924606,1.671423601,132.8264426,-27.51145207,76.89132572,55.8957547,15.09761181,10.97513144
1.7815545,26.13336933,-7.306485333,1.671802459,133.0958459,-27.56436162,77.03971608,56.01676762,15.12674825,10.99889232
1.7825788,26.17669867,-7.300539633,1.672242391,133.3165198,-27.54193094,76.9768069,56.30035077,15.11439603,11.05457387
1.7835347,26.22996333,-7.306777467,1.672479928,133.5877939,-27.56546371,77.04280704,56.50562472,15.12735516,11.09487941
1.784482167,26.27646633,-7.307803667,1.672800224,133.8246312,-27.56933514,77.05366487,56.73160417,15.1294871,11.13925048
1.7855125,26.32133367,-7.308352633,1.673225447,134.0531381,-27.57140617,77.05947327,56.95430268,15.13062758,11.18297733
1.786489433,26.37061833,-7.305828733,1.673537694,134.3041423,-27.56188453,77.03276885,57.23201126,15.12538416,11.23750541
1.787519467,26.417345,-7.310400833,1.67393754,134.5421187,-27.57913318,77.0811445,57.42161202,15.13488272,11.27473352
1.7885383,26.46990433,-7.328299667,1.674247524,134.8098005,-27.64665812,77.27052523,57.49991315,15.17206763,11.29010795
1.789563467,26.52155233,-7.339474367,1.674576131,135.072841,-27.68881566,77.38876047,57.64471839,15.19528312,11.31854046
1.790488567,26.57194267,-7.359025,1.674821633,135.3294763,-27.76257215,77.59561828,57.69449585,15.23589965,11.32831426
1.791479533,26.61415267,-7.331060867,1.675243328,135.5444495,-27.65707499,77.29974044,58.20534695,15.17780403,11.42861987
1.792541167,26.66039167,-7.321368233,1.675681351,135.7799423,-27.62050867,77.19718638,58.54339375,15.15766755,11.49499536
1.7935261,26.71191533,-7.340321067,1.675971402,136.0423495,-27.69200991,77.39771908,58.60526831,15.19704214,11.50714443
1.794487733,26.764683,-7.340229833,1.676221375,136.3110924,-27.69166572,77.39675378,58.87497651,15.1968526,11.56010164
1.795517133,26.80355767,-7.3220161,1.676726486,136.509079,-27.6229528,77.20404121,59.26567567,15.15901349,11.63681542
1.796528033,26.85845467,-7.335870267,1.676997008,136.7886665,-27.67521887,77.35062687,59.39867748,15.18779559,11.66293032
1.797535067,26.90531633,-7.337454633,1.677372034,137.0273304,-27.68119604,77.36739045,59.62057785,15.19108711,11.70650046
1.798474033,26.95741733,-7.343105467,1.677608332,137.292678,-27.7025143,77.42717976,59.82613613,15.20282675,11.74686183
1.799513867,27.00824167,-7.356615033,1.677962714,137.5515236,-27.75348034,77.57011934,59.94204215,15.23089293,11.76961998
1.8005207,27.050083,-7.3512853,1.678405247,137.7646193,-27.73337345,77.51372746,60.21152969,15.21982039,11.82253386
1.801523867,27.10157533,-7.3460776,1.678713954,138.026867,-27.71372694,77.45862677,60.52887807,15.20900137,11.88484521
1.802512933,27.15177633,-7.3566262,1.679025977,138.282538,-27.75352247,77.57023749,60.67293835,15.23091613,11.91313144
1.803515233,27.19713167,-7.3530957,1.679416584,138.5135303,-27.74020334,77.53288261,60.9412855,15.2235815,11.96582141
1.804481933,27.24529667,-7.363014867,1.679733699,138.758832,-27.77762428,77.63783353,61.08163633,15.24418861,11.99337929
1.805440033,27.292625,-7.356729667,1.680053498,138.9998727,-27.7539128,77.57133223,61.3891783,15.23113108,12.05376516
1.806495867,27.340157,-7.3471195,1.680468283,139.2419506,-27.7176576,77.46965072,61.73293773,15.21116592,12.12126232
1.807570933,27.39358533,-7.3734018,1.680822779,139.5140582,-27.8168099,77.74773372,61.72696236,15.26576752,12.12008906
1.80854,27.43717467,-7.362591133,1.681203971,139.7360564,-27.7760257,77.63335017,62.06334404,15.24330831,12.1861376
1.8094281,27.48507033,-7.361902867,1.681446118,139.9799864,-27.77342916,77.62606789,62.31455638,15.24187843,12.23546315
1.810462867,27.53366067,-7.3564159,1.681825563,140.2274544,-27.75272909,77.56801238,62.62007984,15.23047923,12.29545268
1.811526067,27.58626233,-7.391014067,1.682179342,140.4953518,-27.88325373,77.9340824,62.52190729,15.30235708,12.2761765
1.812490233,27.640028,-7.399546167,1.682418389,140.7691775,-27.91544183,78.0243573,62.70545804,15.32008256,12.31221669
1.813506933,27.687139,-7.393930433,1.682799719,141.0091113,-27.89425598,77.96493936,63.00480977,15.30841584,12.3709944
1.814538833,27.73867533,-7.397875467,1.683136565,141.2715831,-27.90913897,78.00668026,63.22554065,15.31661167,12.41433491
1.815493233,27.792569,-7.414516467,1.683364119,141.5460606,-27.97191861,78.18275234,63.32394612,15.35118342,12.43365682
1.816435533,27.83828933,-7.415622367,1.683689805,141.7789118,-27.97609072,78.19445344,63.54509621,15.35348093,12.47707964
1.8174757,27.882143,-7.370403767,1.684138531,142.0022562,-27.80549955,77.71601267,64.24688136,15.25953909,12.61487515
1.818531433,27.93553467,-7.417289733,1.684474189,142.2741771,-27.98238101,78.21209521,64.0227197,15.3569449,12.57086101
1.819504433,27.98410533,-7.406326767,1.684792133,142.5215449,-27.94102225,78.09610024,64.38608247,15.33416928,12.64220729
1.820465267,28.029091,-7.398430833,1.685146259,142.7506544,-27.91123414,78.01255638,64.69873591,15.31776545,12.7035968
1.821515,28.07203567,-7.401337133,1.685616812,142.9693693,-27.92219841,78.04330683,64.88670034,15.3238033,12.74050361
1.8225368,28.12418867,-7.3899757,1.685935242,143.2349818,-27.8793364,77.92309584,65.27252376,15.30019987,12.81626004
1.823494967,28.180518,-7.4217108,1.686133714,143.521864,-27.99905987,78.25887284,65.22362903,15.36612968,12.80665956
1.8244583,28.223779,-7.392277733,1.686513601,143.74219,-27.88802103,77.94745277,65.75537504,15.30498235,12.91106789
1.825534533,28.27252267,-7.4344257,1.686932444,143.9904388,-28.04702795,78.39340435,65.55767235,15.39254494,12.87224896
1.826505533,28.30876533,-7.396854567,1.687414652,144.1750208,-27.90528753,77.9958785,66.13978014,15.31449074,12.98654583
1.827482033,28.36834167,-7.438793833,1.687587665,144.4784399,-28.06350712,78.4396219,65.99945581,15.40161976,12.95899315
1.828494733,28.415574,-7.396433367,1.687963359,144.7189916,-27.90369852,77.99142195,66.6882075,15.3136157,13.09422954
1.8294647,28.46079267,-7.414540133,1.688323476,144.9492878,-27.9720079,78.18300275,66.72692294,15.35123259,13.10183132
1.830450467,28.50721833,-7.405846567,1.688683115,145.1857313,-27.93921065,78.09101943,67.05534968,15.33317166,13.16631791
1.8315093,28.56592167,-7.420644,1.688950236,145.4847042,-27.99503527,78.24758543,67.1977566,15.3639134,13.19427951
1.832564133,28.60868033,-7.424962867,1.689428398,145.7024718,-28.01132858,78.29328171,67.36982791,15.37288586,13.22806571
1.833571,28.66324767,-7.433279833,1.689699333,145.9803803,-28.04270507,78.38128037,67.55973775,15.3901644,13.26535451
1.834490033,28.70506867,-7.417823167,1.690054341,146.1933724,-27.98439343,78.21773927,67.93627096,15.35805311,13.3392868
1.835458633,28.75389433,-7.4359363,1.690364445,146.4420389,-28.05272683,78.40938743,67.9932893,15.39568322,13.35048235
1.8364981,28.80591267,-7.428936033,1.690702358,146.7069655,-28.0263177,78.33532028,68.33228303,15.38114014,13.41704377
1.8375604,28.85248967,-7.4371254,1.691136489,146.9441796,-28.05721281,78.42196885,68.48284862,15.39815358,13.44660733
1.838548367,28.90075433,-7.4205794,1.691473527,147.189989,-27.99479156,78.24690192,68.90372489,15.36377919,13.52924638
1.839551267,28.96234567,-7.471142,1.691645765,147.5036703,-28.18554344,78.78188553,68.68242264,15.46882322,13.48579369
1.8405089,29.01235533,-7.464708633,1.691928934,147.7583669,-28.161273,78.71381653,69.00518819,15.45545787,13.5491687
1.8414445,29.062169,-7.477449567,1.692192714,148.0120652,-28.20933929,78.84862349,69.12407955,15.48192722,13.57251302
1.842490233,29.10398733,-7.464809733,1.692674457,148.2250437,-28.16165441,78.71488623,69.47079534,15.45566791,13.64059066
1.843580033,29.15799833,-7.474321533,1.693035829,148.5001188,-28.19753851,78.81552696,69.64522973,15.47542872,13.67484086
1.8445673,29.206979,-7.4840676,1.69336251,148.7495747,-28.23430641,78.91864637,69.79156622,15.49567622,13.70357403
1.845541967,29.24916067,-7.451234833,1.693768286,148.9644037,-28.1104419,78.57125538,70.35378617,15.42746599,13.81396591
1.8465507,29.30390933,-7.4716355,1.694038643,149.2432357,-28.18740521,78.78710706,70.41676651,15.46984847,13.8263321
1.847556833,29.356053,-7.495901733,1.694341532,149.5088006,-28.27895172,79.04385883,70.42557963,15.52026168,13.82806256
1.8485498,29.39780867,-7.4586981,1.694771354,149.72146,-28.13859773,78.65022136,71.03187647,15.44297096,13.94710894
1.849505667,29.44120233,-7.4731496,1.695141985,149.9424616,-28.19311729,78.80312718,71.09997226,15.47299402,13.96047955
1.850567867,29.49561067,-7.500322167,1.695470397,150.2195603,-28.2956282,79.09062975,71.08956841,15.52944515,13.95843676
1.851612633,29.54284333,-7.4751938,1.695878153,150.4601137,-28.20082921,78.82475608,71.59599552,15.47724086,14.05787372
1.852544567,29.59223433,-7.466690233,1.696143966,150.7116595,-28.16874876,78.73478308,71.93751422,15.45957466,14.12493092
1.8535602,29.643544,-7.480071567,1.696467603,150.9729768,-28.21923102,78.87636587,72.05724881,15.48737444,14.1484408
1.854518133,29.68665433,-7.4582974,1.696844122,151.1925354,-28.13708605,78.64598171,72.50719158,15.44213851,14.23678707
1.8555284,29.729689,-7.461745567,1.697273994,151.4117087,-28.15009457,78.68246545,72.68988109,15.44930209,14.27265815
1.8565207,29.78600067,-7.463574267,1.697506838,151.698501,-28.1569935,78.70181422,72.9573246,15.45310122,14.32517069
1.857580433,29.83672633,-7.493545667,1.697882451,151.9568441,-28.27006325,79.01893019,72.89855174,15.51536694,14.31363063
1.858617433,29.878793,-7.469884733,1.698352112,152.1710873,-28.18080029,78.76858287,73.36314233,15.46621125,14.404853
1.859530433,29.93455633,-7.482955767,1.69851305,152.455087,-28.23011192,78.90688249,73.50884237,15.49336638,14.4334612
1.860484367,29.98135367,-7.476281,1.698835844,152.6934233,-28.20493077,78.83625933,73.81780183,15.47949952,14.49412539
1.861493333,30.026937,-7.479182567,1.699230043,152.9255768,-28.21587719,78.8669597,74.01925493,15.48552754,14.53368071
1.862610567,30.07421967,-7.479050933,1.699709591,153.1663849,-28.21538059,78.86556694,74.26145577,15.48525407,14.58123684
1.863565033,30.12061833,-7.495139267,1.700038294,153.4026908,-28.27607525,79.03579146,74.32753716,15.51867765,14.59421192
1.864542833,30.16622367,-7.465276733,1.70040103,153.6349563,-28.1634162,78.71982738,74.87576676,15.45663811,14.7018568
1.8655539,30.216943,-7.490419567,1.700728062,153.8932671,-28.25826977,78.98585411,74.86805086,15.50887246,14.70034179
1.866523633,30.27415267,-7.491350967,1.700926228,154.1846329,-28.26178355,78.9957089,75.14956183,15.51080744,14.75561647
1.867538733,30.32620567,-7.513048,1.701239306,154.449736,-28.34363753,79.22527694,75.18509692,15.55588313,14.76259378
1.868569867,30.37342033,-7.505747,1.701633671,154.6901978,-28.31609386,79.14802784,75.50280778,15.54071527,14.82497631
1.8695875,30.41784967,-7.4973167,1.702052101,154.916474,-28.28428981,79.05883005,75.81828178,15.52320128,14.88691963
1.8705833,30.46762833,-7.5149776,1.702376553,155.1699941,-28.35091712,79.24569331,75.8849386,15.55989188,14.90000769
1.87153,30.50763567,-7.493943533,1.702783687,155.3737493,-28.27156424,79.02313986,76.31124725,15.51619351,14.9837134
1.872549833,30.56594167,-7.519782533,1.703017167,155.6706986,-28.36904415,79.29653247,76.33480396,15.56987415,14.98833876
1.873572367,30.60747633,-7.482106833,1.703479536,155.8822324,-28.22690924,78.89790025,76.94497001,15.49160271,15.10814486
1.874553433,30.66115867,-7.524537367,1.703736607,156.1556336,-28.38698218,79.34684155,76.76942994,15.57975234,15.07367757
1.8755705,30.70393733,-7.513691433,1.704176732,156.3735031,-28.34606494,79.23208487,77.10205608,15.55721986,15.13898871
1.8765493,30.75354667,-7.4736056,1.704486467,156.6261608,-28.19483759,78.80795194,77.77884668,15.47394136,15.27187655
1.877559567,30.80639667,-7.4871494,1.704783964,156.895323,-28.24593277,78.95125373,77.9047071,15.50207867,15.29658924
1.8785489,30.84907133,-7.490678633,1.705197758,157.1126628,-28.25924712,78.9885952,78.08470541,15.50941067,15.33193191
1.879538233,30.90080167,-7.510867267,1.705489422,157.3761226,-28.33541052,79.20220343,78.13455699,15.55135264,15.34172026
1.880573733,30.94182267,-7.4853722,1.705971685,157.5850403,-28.23922813,78.93244985,78.61322832,15.49838653,15.43570738
1.8815465,30.993515,-7.4852721,1.706247294,157.8483066,-28.23885049,78.93139073,78.87755372,15.49817857,15.48760767
1.882584667,31.038477,-7.506797,1.706679074,158.0772956,-28.32005508,79.15913749,78.878796,15.54289665,15.4878516
1.883568267,31.09306633,-7.4853681,1.706926445,158.3553162,-28.23921266,78.93240647,79.38354757,15.49837801,15.58695957
1.884591067,31.14211267,-7.5189994,1.707287774,158.6051065,-28.36608971,79.28824644,79.27749794,15.56824719,15.56613672
1.885512833,31.18712733,-7.518994633,1.707602443,158.8343638,-28.36607173,79.288196,79.50680565,15.56823729,15.61116129
1.886511633,31.23592433,-7.5024217,1.707943134,159.0828843,-28.30354887,79.11284411,79.93067804,15.53380694,15.69438863
1.887583833,31.28462967,-7.504068367,1.708358461,159.330938,-28.30976107,79.13026686,80.16130894,15.5372279,15.73967301
1.8886103,31.34043067,-7.519657433,1.708632358,159.6151294,-28.3685722,79.29520884,80.28055846,15.56961426,15.76308765
1.889570933,31.38556267,-7.531376333,1.708984312,159.8449843,-28.41278279,79.41920205,80.38642009,15.59396032,15.78387359
1.890500033,31.42750633,-7.5091564,1.709347731,160.0586011,-28.32895612,79.18410141,80.83513758,15.54779831,15.87197926
1.8915216,31.483619,-7.501343267,1.709612525,160.3443799,-28.29948039,79.10143362,81.20358416,15.53156649,15.94432375
1.892562433,31.53715367,-7.532667,1.709931354,160.6170291,-28.41765194,79.43285811,81.14480886,15.59664169,15.93278322
1.8935801,31.57955367,-7.513275,1.710377186,160.83297,-28.34449391,79.22767874,81.56592914,15.55635472,16.01547019
1.894575233,31.616367,-7.488682767,1.71087583,161.0204584,-28.25171753,78.96747769,82.01361852,15.50526425,16.103374
1.8955638,31.666953,-7.5132672,1.711182161,161.2780901,-28.34446448,79.22759621,82.01113178,15.55633852,16.10288573
1.896509967,31.721405,-7.511578233,1.711393951,161.5554113,-28.33809271,79.2097259,82.3063232,15.55282968,16.16084656
1.897529333,31.76245767,-7.489777733,1.711859654,161.7644903,-28.25584839,78.97906312,82.74606501,15.50753904,16.24718987
1.898589533,31.819968,-7.5244139,1.712144232,162.0573873,-28.38651639,79.3455352,82.67248997,15.57949584,16.23274341
1.899578833,31.85992167,-7.4951803,1.71259469,162.2608692,-28.27623005,79.03622562,83.18528143,15.5187629,16.33343001
1.900529267,31.90383267,-7.506864567,1.71295291,162.4845056,-28.32030998,79.15985239,83.28529102,15.54303702,16.35306689
1.901535133,31.95137033,-7.4824996,1.713317652,162.7266123,-28.22839099,78.90205596,83.78519423,15.49241869,16.45122289
1.902587467,31.99865033,-7.487627,1.713732336,162.9674068,-28.24773456,78.95630703,83.97173766,15.50307089,16.48785069
1.903544,32.04885367,-7.4930266,1.714011794,163.2230897,-28.26810503,79.01343814,84.17028943,15.51428858,16.52683633
1.9045394,32.09595733,-7.501944833,1.714371922,163.4629862,-28.30174985,79.10779857,84.31582545,15.53281625,16.55541233
1.9055268,32.149541,-7.5160578,1.714636657,163.7358849,-28.35499227,79.25712249,84.43940026,15.562136,16.57967624
1.906543733,32.198045,-7.509901033,1.714999433,163.9829132,-28.33176532,79.19198009,84.75157093,15.54934529,16.64097095
1.9075728,32.24278867,-7.493542833,1.715425057,164.2107903,-28.27005256,79.01890021,85.1525279,15.51536106,16.71969885
1.908538167,32.29114933,-7.498641,1.715738199,164.4570885,-28.28928585,79.07284197,85.34488442,15.52595252,16.75746806
1.909578433,32.34828267,-7.541080167,1.716007928,164.7480655,-28.44939136,79.52187462,85.18682876,15.61412008,16.72643383
1.9105422,32.39173633,-7.492393633,1.716385649,164.9693727,-28.26571711,79.00674096,85.92326961,15.51297359,16.87103399
1.911513967,32.44042667,-7.5189066,1.716700746,165.21735,-28.36573962,79.28726456,85.89072326,15.5680544,16.86464351
1.912544967,32.49426667,-7.522923767,1.717005624,165.4915542,-28.38089473,79.32976867,86.12242338,15.57640008,16.91013783
1.9136206,32.542853,-7.519250233,1.717425989,165.7390018,-28.367036,79.29090041,86.40873922,15.5687683,16.96635595
1.9145511,32.59469833,-7.536518867,1.717657268,166.0030473,-28.43218345,79.47361324,86.49007189,15.60464396,16.98232562
1.9154954,32.64187767,-7.516806633,1.717965277,166.2433291,-28.35781731,79.26504561,86.93892133,15.56369171,17.0704572
1.916506533,32.683388,-7.5193191,1.718416574,166.454739,-28.36729581,79.29162906,87.12374778,15.56891137,17.10674788
1.9175746,32.739596,-7.5107026,1.718726582,166.7410033,-28.3347893,79.20046116,87.50118,15.55101055,17.18085669
1.918568567,32.786288,-7.526100967,1.719090829,166.9788032,-28.392881,79.36338541,87.5760556,15.58300073,17.19555852
1.919528233,32.82934167,-7.511300267,1.719469845,167.1980732,-28.33704405,79.20678484,87.95192618,15.5522522,17.2693607
1.9205605,32.88062033,-7.531738433,1.719810534,167.4592327,-28.41414884,79.4230333,87.99683722,15.59471259,17.27817899
1.921557,32.92368833,-7.51345,1.72022619,167.6785757,-28.34515411,79.22953035,88.40968317,15.55671828,17.35924129
1.922519067,32.97597733,-7.5056785,1.720483052,167.9448807,-28.31583544,79.14730307,88.75821552,15.54057296,17.42767562
1.9235655,33.01944833,-7.519827533,1.720943207,168.1662762,-28.36921392,79.2970086,88.82990546,15.56996764,17.44175194
1.9245638,33.072629,-7.527747933,1.721224277,168.4371225,-28.39909433,79.38081134,89.016949,15.58642231,17.47847794
1.925548933,33.11347833,-7.5098853,1.721658489,168.6451659,-28.33170596,79.19181362,89.41399018,15.5493126,17.55643697
1.926495333,33.172427,-7.5325877,1.721809868,168.9453883,-28.41735277,79.43201906,89.47400713,15.59647694,17.5682213
1.9275246,33.222458,-7.529296733,1.722164383,169.2001935,-28.40493731,79.3971986,89.76363278,15.58963994,17.6250893
1.9285589,33.265944,-7.510993,1.722612202,169.4216654,-28.33588486,79.20353377,90.17876947,15.55161386,17.70660139
1.929513967,33.305448,-7.5071106,1.723034491,169.6228571,-28.32123816,79.16245558,90.42103942,15.54354815,17.75417109
1.930529433,33.354856,-7.507287,1.723383609,169.8744894,-28.32190365,79.164322,90.67080529,15.54391462,17.80321262
1.931529633,33.393083,-7.472535433,1.723868254,170.0691775,-28.19080029,78.79662891,91.23318643,15.47171809,17.91363615
1.9325248,33.46200567,-7.5592483,1.723933884,170.4201969,-28.51793224,79.71410471,90.66673007,15.65186446,17.80241245
1.9335019,33.49943033,-7.516827433,1.72440625,170.6107987,-28.35789578,79.26526569,91.30617091,15.56373492,17.92796666
1.934514367,33.54828233,-7.492819467,1.724759866,170.8595994,-28.2673236,79.01124654,91.80899067,15.51385826,18.02669532
1.9355146,33.60195933,-7.5311961,1.725036175,171.1329734,-28.41210284,79.41729507,91.67631621,15.59358589,18.00064469
1.936512233,33.65297933,-7.535248467,1.725345719,171.3928156,-28.42739075,79.46017162,91.89328178,15.6020047,18.04324588
1.9375348,33.70132333,-7.535231433,1.725716286,171.6390289,-28.42732649,79.4599914,92.1396754,15.60196931,18.09162526
1.938512833,33.74362833,-7.521667633,1.726123766,171.854486,-28.37615586,79.316478,92.49864589,15.57379046,18.16210912
1.939516433,33.79537067,-7.518667367,1.726429534,172.118007,-28.36483709,79.28473332,92.79391149,15.56755739,18.22008452
1.940493633,33.83938867,-7.516996533,1.726813078,172.3421883,-28.35853372,79.26705487,93.03577125,15.56408622,18.26757369
1.9414859,33.88593667,-7.519557933,1.727177567,172.5792547,-28.36819683,79.29415607,93.24573652,15.56940754,18.30880036
1.942514233,33.933741,-7.5086112,1.72756118,172.8227196,-28.32689931,79.17833285,93.60502463,15.54666566,18.37934659
1.9435792,33.98521033,-7.5014197,1.727931997,173.0848502,-28.29976874,79.10224233,93.9432457,15.53172528,18.44575629
1.9445715,34.035769,-7.528968,1.728242429,173.3423428,-28.40369714,79.3937204,93.90926021,15.588957,18.43908324
1.945498733,34.08775467,-7.532922267,1.728468549,173.607103,-28.41861496,79.43555899,94.13218183,15.59717201,18.4828539
1.946488833,34.12860467,-7.516929267,1.728907718,173.8151498,-28.35827995,79.26634315,94.50944452,15.56394648,18.55692943
1.947513533,34.17721167,-7.514412867,1.729276872,174.0627027,-28.34878661,79.23971808,94.78362243,15.55871864,18.61076426
1.9485278,34.22684733,-7.517366267,1.729621719,174.3154944,-28.35992857,79.27096688,95.00516541,15.56485435,18.65426423
1.949600633,34.28088267,-7.5372081,1.729965796,174.5906935,-28.43478364,79.48090575,95.07042559,15.60607584,18.66707806
1.950570567,34.31229933,-7.4894104,1.730512023,174.7506969,-28.25446259,78.97517651,95.73615823,15.50677591,18.79779467
1.9514982,34.367293,-7.4961918,1.730697975,175.0307767,-28.28004603,79.04692791,95.94448661,15.5208643,18.83869995
1.9525293,34.41278333,-7.5107166,1.731115562,175.2624565,-28.33484212,79.20060929,96.02248506,15.55103963,18.85401494
1.953543167,34.46713367,-7.504370867,1.731396424,175.5392598,-28.31090228,79.1334675,96.36643017,15.53785634,18.92154856
1.954551933,34.51278667,-7.495265,1.731789484,175.7717681,-28.27654959,79.0371218,96.69528416,15.51893886,18.98611904
1.955211967,34.55118567,-7.518915833,1.731931643,175.9673321,-28.36577445,79.28736225,96.64060774,15.56807358,18.97538333
1.9551934,34.55935533,-7.502454633,1.731802894,176.0089398,-28.30367312,79.11319257,96.8563851,15.53387536,19.01775121
1.955435067,34.54477933,-7.489357167,1.732241143,175.934705,-28.25426177,78.97461326,96.92072962,15.50666531,19.03038526
1.955193033,34.535786,-7.509463633,1.732120399,175.8889025,-28.33011519,79.18735213,96.6621882,15.54843659,18.97962065
1.9543194,34.497631,-7.5020898,1.73176135,175.6945811,-28.30229675,79.1093324,96.54588655,15.53311742,18.95678482
1.953354567,34.437993,-7.5079999,1.731600834,175.390848,-28.32459313,79.17186492,96.17962091,15.54539568,18.88486856
1.9523595,34.38427233,-7.501815467,1.73133028,175.1172515,-28.30126181,79.10642979,95.97145957,15.53254749,18.84399609
1.951305933,34.33605333,-7.497048533,1.730927027,174.8716747,-28.28327813,79.05599268,95.7763199,15.52264416,18.80568041
1.950320467,34.28910833,-7.5020118,1.730574692,174.6325864,-28.30200249,79.10850712,95.4847171,15.53295537,18.7484242
1.9493403,34.23521167,-7.483044933,1.730321412,174.3580935,-28.23044831,78.90782593,95.41090546,15.49355162,18.73393129
1.948413,34.18254967,-7.481278733,1.730104347,174.0898888,-28.22378516,78.88913844,95.16138822,15.48988233,18.68493858
1.947367233,34.12854133,-7.5002478,1.729786973,173.8148273,-28.29534764,79.0898429,94.68562221,15.52929065,18.59152192
1.946346933,34.078003,-7.490356933,1.729448266,173.5574382,-28.25803348,78.98519141,94.53288469,15.50874233,18.56153191
1.9453182,34.02423733,-7.5248844,1.729144652,173.2836126,-28.38829139,79.35051338,93.89373707,15.5804733,18.43603527
1.9442824,33.974838,-7.4910925,1.728775085,173.0320244,-28.26080847,78.99297416,93.99968813,15.51027048,18.45683876
1.943301333,33.923154,-7.493565267,1.728491063,172.7688006,-28.2701372,79.01913757,93.7103009,15.51540766,18.40001758
1.9423629,33.88288,-7.5459595,1.728095792,172.5636873,-28.46779907,79.57350098,92.95082416,15.62425692,18.25089432
1.9414141,33.824763,-7.512800833,1.727930796,172.2677005,-28.34270507,79.22266177,93.00567662,15.55536964,18.2616646
1.940297967,33.77366267,-7.5159424,1.727503836,172.0074493,-28.35455691,79.25590149,92.71218565,15.56189626,18.20403765
1.939302567,33.72350567,-7.509380533,1.727184887,171.7520024,-28.32980169,79.18647288,92.52616735,15.54826395,18.16751296
1.938312633,33.66124967,-7.498176233,1.727034579,171.4349359,-28.28753248,79.06792445,92.32764932,15.52498697,18.12853394
1.9373332,33.625333,-7.522853533,1.726539542,171.2520143,-28.38062977,79.32902555,91.88362656,15.57625417,18.04135007
1.936354267,33.56659033,-7.5177053,1.726352852,170.952841,-28.36120761,79.27455406,91.63892481,15.56555869,17.99330289
1.9353593,33.516575,-7.517625833,1.726032425,170.6981156,-28.36090781,79.27371325,91.38504021,15.5653936,17.94345264
1.934339133,33.47773367,-7.550628533,1.725536099,170.5002988,-28.48541341,79.62290225,90.83803439,15.63395686,17.83604805
1.933298767,33.41306167,-7.499295867,1.725367942,170.1709278,-28.29175639,79.07977086,91.05179476,15.52731301,17.8780199
1.932262333,33.35699233,-7.535806333,1.725087697,169.8853697,-28.42949535,79.4660742,90.37993332,15.60316367,17.74609991
1.931344267,33.312452,-7.5336126,1.724770331,169.6585281,-28.4212193,79.44286314,90.17630285,15.59860618,17.70611706
1.9303483,33.262248,-7.540782633,1.724451449,169.4028419,-28.44826888,79.51872653,89.84475319,15.61350195,17.64101729
1.929314267,33.207629,-7.509205833,1.724154044,169.1246702,-28.32914262,79.18462444,89.90068364,15.54790101,17.65199923
1.928332467,33.15043267,-7.539151633,1.723943631,168.8333724,-28.44211579,79.50146954,89.29254069,15.61011354,17.53259036
1.927334967,33.09249133,-7.5062755,1.723727567,168.5382803,-28.31808767,79.1536197,89.34529843,15.54181323,17.54294935
1.926325533,33.04358933,-7.494703267,1.723377659,168.289225,-28.2744304,79.03117831,89.21868456,15.51777186,17.51808871
1.925283033,32.993459,-7.537838933,1.72301125,168.0339139,-28.43716352,79.48758036,88.50697142,15.6073864,17.37834384
1.924360633,32.94631033,-7.5456624,1.722724728,167.7937883,-28.46667824,79.57035748,88.18406867,15.62363969,17.31494188
1.923404,32.89623367,-7.543985533,1.722443462,167.5387505,-28.46035211,79.55261519,87.94677319,15.62015599,17.26834892
1.9223561,32.847819,-7.538593133,1.722048514,167.2921772,-28.4400088,79.49556026,87.75725482,15.60895326,17.23113698
1.921371867,32.797611,-7.539595,1.72174142,167.0364706,-28.44378843,79.50616063,87.49094781,15.61103464,17.1788476
1.9202799,32.74100133,-7.524410867,1.721412929,166.7481606,-28.38650495,79.34550311,87.36329534,15.57948953,17.15378304
1.9192969,32.684925,-7.517946867,1.721186212,166.4625668,-28.36211894,79.27710998,87.14609471,15.56606055,17.1111357
1.918304033,32.62992633,-7.502332533,1.720935094,166.1824616,-28.30321248,79.11190067,87.03119877,15.5336217,17.08857588
1.917424533,32.58629,-7.520020133,1.720644102,165.9602241,-28.36994052,79.29904643,86.62181551,15.57036777,17.00819348
1.9164109,32.53029133,-7.522583,1.720385704,165.6750259,-28.37960916,79.32616314,86.3095006,15.57569213,16.94687044
1.915301033,32.47640733,-7.495881567,1.720002553,165.4005976,-28.27887564,79.04364545,86.31758997,15.52021978,16.94845879
1.914262067,32.429963,-7.522752767,1.719589966,165.1640591,-28.38024962,79.32795938,85.79673755,15.57604482,16.84618942
1.9133045,32.381501,-7.532964533,1.71928599,164.9172447,-28.41877441,79.43600619,85.44187637,15.59725982,16.77651243
1.912365267,32.32536,-7.5310723,1.719103911,164.6313216,-28.41163579,79.41598519,85.17597428,15.59332869,16.72430255
1.911379033,32.27817833,-7.5494377,1.718754002,164.3910279,-28.48092089,79.61030249,84.74136329,15.63148289,16.63896668
1.910359833,32.219202,-7.5159068,1.718530196,164.0906646,-28.35442261,79.25552482,84.79577766,15.5618223,16.64965094
1.909350933,32.167073,-7.527403667,1.718224342,163.8251744,-28.39779555,79.37716878,84.4086435,15.58570709,16.57363715
1.908323833,32.11942233,-7.5262769,1.717839891,163.5824921,-28.39354472,79.36524689,84.17788311,15.58336623,16.52832735
1.9072812,32.063936,-7.5345769,1.717545583,163.2999032,-28.42485721,79.45306603,83.80747506,15.60060951,16.45559773
1.906378967,32.01703133,-7.524134633,1.717275937,163.0610203,-28.38546283,79.34258039,83.67907775,15.57891566,16.43038692
1.905379167,31.95354633,-7.5187707,1.717132338,162.7376946,-28.36522692,79.28582665,83.41250579,15.56777206,16.37804551
1.904331767,31.911185,-7.533034933,1.716656252,162.5219506,-28.41904,79.43675107,83.04583738,15.59740607,16.30605017
1.903291867,31.866977,-7.5508412,1.71621257,162.2968016,-28.48621572,79.62515239,82.63228709,15.63439867,16.22484957
1.902317533,31.812039,-7.53207,1.715979167,162.0170053,-28.41539971,79.42654148,82.55110172,15.59540142,16.20890882
1.901364867,31.76027933,-7.519570367,1.715724566,161.7533961,-28.36824373,79.29428762,82.41974638,15.56943337,16.1831172
1.900296533,31.71395033,-7.5486549,1.715281057,161.517445,-28.47796771,79.60201998,81.87606291,15.62985662,16.07636495
1.899311733,31.662016,-7.552176967,1.714996678,161.2529463,-28.49125501,79.63928563,81.57429849,15.63717373,16.01711351
1.8983621,31.602969,-7.512472933,1.714843391,160.9522231,-28.34146804,79.21919238,81.69366854,15.55468842,16.04055182
1.8973737,31.555638,-7.5337208,1.714493329,160.7111688,-28.42162749,79.44400796,81.22779872,15.59883096,15.94907828
1.8963157,31.49699933,-7.502592733,1.714226169,160.4125253,-28.30419411,79.11465375,81.25850935,15.53416226,15.95510831
1.8953088,31.44597367,-7.5261609,1.713907435,160.1526543,-28.3931071,79.36401954,80.74927258,15.58312524,15.85511967
1.894342667,31.40457767,-7.541189033,1.713499596,159.9418267,-28.44980206,79.52302649,80.37943803,15.61434625,15.78250266
1.893309467,31.35251033,-7.550613567,1.713168611,159.6766505,-28.48535695,79.62274389,80.0145445,15.63392576,15.71085581
1.892351833,31.29914367,-7.545111667,1.712930716,159.404857,-28.46460055,79.56453038,79.80096444,15.62249554,15.66891937
1.891390667,31.24444,-7.535370967,1.712707319,159.1262541,-28.42785289,79.46146775,79.62542424,15.60225919,15.63445205
1.8903467,31.19680267,-7.540473767,1.712305821,158.8836398,-28.44710366,79.51545853,79.32881908,15.61286028,15.57621363
1.889294833,31.14302367,-7.546310133,1.711979254,158.6097462,-28.46912187,79.5772109,78.99317315,15.62498536,15.51030955
1.888288867,31.08805533,-7.504042133,1.711714627,158.3297954,-28.3096621,79.1299893,79.16044398,15.5371734,15.54315318
1.887338633,31.03815767,-7.529623033,1.711437347,158.0756693,-28.40616831,79.40065105,78.63565609,15.59031783,15.44011107
1.886379867,30.991092,-7.5086962,1.711113339,157.8359664,-28.32721998,79.17923221,78.61737203,15.54684224,15.436521
1.885358,30.94046967,-7.540506533,1.710774199,157.5781496,-28.44722727,79.51580522,78.02298219,15.61292836,15.31981255
1.884323133,30.89103933,-7.527955667,1.710405983,157.3264035,-28.39987802,79.38300928,77.9040321,15.58685387,15.2964567
1.8833253,30.842511,-7.541494367,1.710062635,157.0792513,-28.45095396,79.52625711,77.51363208,15.61498058,15.21980166
1.882330933,30.78723567,-7.524715133,1.709813748,156.797737,-28.38765282,79.34872243,77.40965245,15.58012165,15.19938526
1.8813653,30.73399433,-7.527250133,1.709566163,156.5265818,-28.39721633,79.3755443,77.11167533,15.58538812,15.14087745
1.880378133,30.68907867,-7.515090633,1.709184759,156.2978287,-28.35134354,79.24688927,77.01157729,15.56012671,15.1212232
1.879381167,30.63736433,-7.540207667,1.708885246,156.0344504,-28.44609977,79.51264303,76.48244521,15.61230746,15.01732812
1.878319967,30.59203467,-7.5620432,1.708435392,155.8035888,-28.52847625,79.74367648,76.0205502,15.65767088,14.92663503
1.877292933,30.53668667,-7.5429031,1.708154819,155.5217044,-28.45626853,79.54116238,75.94117991,15.61790723,14.91105068
1.8763278,30.47736233,-7.528462267,1.707989773,155.2195688,-28.40178921,79.38836942,75.79183722,15.58790634,14.88172724
1.875355533,30.428083,-7.520409933,1.707682121,154.9685918,-28.37141107,79.30317075,75.6260589,15.57117758,14.84917666
1.874348867,30.38260067,-7.526958933,1.707288859,154.7369527,-28.39611776,79.37246323,75.32512734,15.58478315,14.79008875
1.873325733,30.32685867,-7.498096633,1.707017499,154.4530617,-28.28723218,79.06708223,75.34661733,15.5248216,14.79430831
1.8723828,30.282952,-7.543770933,1.706666721,154.2294474,-28.45954251,79.55034459,74.63974067,15.61971016,14.65551308
1.8713816,30.233915,-7.546810767,1.706326866,153.9797046,-28.47101055,79.58250791,74.35783455,15.62602543,14.60016081
1.870330767,30.175142,-7.5293959,1.706068685,153.6803769,-28.40531143,79.39824784,74.24276689,15.58984596,14.57756728
1.869323733,30.12312367,-7.540962067,1.705763205,153.4154503,-28.44894581,79.52062505,73.85546311,15.61387473,14.50152018
1.868362367,30.06783433,-7.5128061,1.705547508,153.1338647,-28.34272494,79.22271749,73.87178506,15.55538058,14.504725
1.867363033,30.01836667,-7.518068967,1.705215328,152.8819285,-28.36257957,79.27840188,73.5641645,15.56631421,14.4443237
1.866378333,29.969669,-7.528962633,1.704887397,152.6339139,-28.40367689,79.39366361,73.20088817,15.58894585,14.37299439
1.8653538,29.917994,-7.556153467,1.704559788,152.3707359,-28.50625671,79.68135946,72.65001432,15.64543493,14.26483031
1.8642985,29.86753333,-7.521132767,1.704185034,152.1137425,-28.37413803,79.31081878,72.76356154,15.57267927,14.28712531
1.863284867,29.82151167,-7.520792333,1.703792079,151.8793566,-28.37285371,79.30721678,72.53277766,15.57197202,14.24181089
1.862332633,29.76723667,-7.5267744,1.703571835,151.6029369,-28.39542159,79.37051075,72.19306403,15.58439979,14.17510812
1.861411767,29.71256767,-7.526526933,1.703388271,151.3245107,-28.394488,79.3678924,71.9172561,15.58388567,14.12095324
1.8603768,29.66529,-7.524528833,1.702990922,151.083728,-28.38694999,79.34675127,71.69761462,15.57973461,14.07782663
1.8593049,29.61121933,-7.546026067,1.702648255,150.808349,-28.4680502,79.5742053,71.19478159,15.62439521,13.97909536
1.858323567,29.55778833,-7.525182267,1.702387528,150.5362278,-28.38941512,79.35366499,71.14320068,15.58109212,13.96896745
1.85733,29.50810033,-7.532296,1.702064087,150.2831695,-28.41625231,79.4289327,70.81487467,15.59587093,13.90450064
1.856355833,29.45123467,-7.504242267,1.701856848,149.9935557,-28.31041712,79.13210683,70.82208674,15.53758918,13.90591673
1.8553539,29.39934967,-7.5116148,1.701554671,149.7293082,-28.33823066,79.2101128,70.47983326,15.55290565,13.83871526
1.854365467,29.35021467,-7.524546467,1.701228905,149.4790663,-28.38701651,79.34693784,70.09276631,15.57977124,13.76271466
1.8533093,29.30538933,-7.5109129,1.700777283,149.2507733,-28.33558268,79.20268626,70.00872487,15.55144745,13.74621313
1.852309933,29.247291,-7.500310433,1.700561469,148.9548816,-28.29558393,79.0905056,69.82501384,15.52942078,13.71014147
1.851337333,29.195731,-7.519735167,1.700284241,148.6922893,-28.36886546,79.29603131,69.35689583,15.56977575,13.6182265
1.8503605,29.15327967,-7.529544633,1.699879935,148.4760869,-28.40587254,79.39982153,69.03690324,15.59015496,13.55539595
1.8493229,29.103182,-7.512228467,1.699517985,148.2209422,-28.34054577,79.21660577,68.96497427,15.55418054,13.5412727
1.848274967,29.044629,-7.5176201,1.699259737,147.9227349,-28.36088618,79.27365259,68.60972017,15.56538169,13.47151856
1.8473498,28.99574233,-7.511396533,1.698993888,147.6737577,-28.33740723,79.2078034,68.42659219,15.5524522,13.43556138
1.8463808,28.94253033,-7.505713133,1.698742541,147.4027519,-28.3159661,79.14766951,68.21572023,15.54064491,13.39415667
1.845335367,28.89908833,-7.502340633,1.698282995,147.1815041,-28.30324304,79.11198638,68.03015559,15.53363853,13.35772105
1.8442448,28.84032067,-7.525492033,1.697985009,146.8822035,-28.39058375,79.35694252,67.48589888,15.58173566,13.25085625
1.843268633,28.78268167,-7.4958242,1.6977862,146.5886512,-28.27865922,79.04303848,67.50625059,15.52010061,13.2548523
1.842321467,28.738209,-7.5154931,1.697438821,146.3621543,-28.35286189,79.25114761,67.07164455,15.56096283,13.16951741
1.841291033,28.684846,-7.493136233,1.697128077,146.0903794,-28.26851863,79.01459813,67.03641915,15.51451634,13.1626009
1.840309667,28.635271,-7.502838467,1.696815312,145.8378966,-28.30512116,79.11725376,66.6812807,15.53467278,13.09286947
1.8393047,28.58145867,-7.479470233,1.696536094,145.5638333,-28.21696244,78.87000339,66.65446775,15.48612517,13.08760474
1.838279933,28.53387433,-7.4947168,1.696153081,145.3214888,-28.27448146,79.0313215,66.25080519,15.51779998,13.0083456
1.837255067,28.482512,-7.498464233,1.695820921,145.0599032,-28.28861898,79.07097167,65.94956942,15.52558529,12.94919796
1.8363105,28.432332,-7.498083733,1.695553116,144.8043392,-28.28718351,79.06694574,65.6980313,15.5247948,12.89980845
1.835342033,28.38860433,-7.522296567,1.69517439,144.5816365,-28.37852856,79.3231325,65.21914188,15.57509707,12.80577851
1.834312933,28.33200367,-7.497839933,1.694908644,144.2933724,-28.28626375,79.06436619,65.18964405,15.5242883,12.79998661
1.8332512,28.279996,-7.5061307,1.694548321,144.0285001,-28.3175414,79.15208763,64.83705035,15.54151241,12.73075484
1.832295233,28.23220733,-7.4917445,1.694236864,143.785115,-28.26326819,78.99987273,64.74588014,15.51162501,12.71285357
1.831325733,28.18284467,-7.5032428,1.693933102,143.5337136,-28.30664655,79.12153186,64.3728196,15.53551278,12.63960313
1.830319667,28.12940733,-7.508133867,1.693647726,143.2615601,-28.32509853,79.17328237,64.04891562,15.54567399,12.57600458
1.8292757,28.07689367,-7.486681467,1.693311994,142.9941109,-28.24416745,78.9463027,64.00844601,15.50110654,12.56805837
1.828274333,28.037361,-7.523753967,1.692843791,142.7927731,-28.38402674,79.3385527,63.41485826,15.57812482,12.45150742
1.8272718,27.98347033,-7.499409833,1.692568063,142.5183108,-28.29218634,79.0809767,63.39797199,15.52754977,12.4481918
1.826286667,27.933712,-7.498274167,1.692254004,142.2648943,-28.28790194,79.06896064,63.15657153,15.52519042,12.40079282
1.825310733,27.883037,-7.518023967,1.691961508,142.0068093,-28.3624098,79.27792575,62.68952137,15.56622072,12.30908752
1.8242986,27.83467667,-7.503719333,1.691601594,141.7605127,-28.30844431,79.12657388,62.59457666,15.53650278,12.29044513
1.823308733,27.774442,-7.484079367,1.691424092,141.4537408,-28.2343508,78.91877087,62.49560775,15.49570066,12.27101258
1.822254333,27.72109467,-7.479747933,1.69108917,141.1820457,-28.21801009,78.87294163,62.26974189,15.48670209,12.22666382
1.8212914,27.68272467,-7.510765733,1.69064372,140.9866293,-28.33502748,79.20112915,61.74613802,15.55114171,12.1238542
1.820317067,27.62991733,-7.499489433,1.690381582,140.7176844,-28.29248664,79.08181892,61.59650334,15.52771514,12.09447343
1.819274633,27.57595467,-7.487828733,1.690066925,140.4428554,-28.24849562,78.95844149,61.4450518,15.50348999,12.06473592
1.818292733,27.522154,-7.484336333,1.689810616,140.1688515,-28.23532023,78.92148974,61.20799965,15.49623451,12.01819073
1.817286,27.477257,-7.501159,1.689409394,139.9401935,-28.29878523,79.09948396,60.80134742,15.53118368,11.93834457
1.8162871,27.42679533,-7.5029192,1.689091054,139.683195,-28.30542574,79.11810797,60.52572486,15.5348405,11.88422608
1.8152753,27.37333667,-7.486644567,1.688800233,139.4109329,-28.24402824,78.94591228,60.42565843,15.50102988,11.86457803
1.8142343,27.32119767,-7.477962,1.688462414,139.1453917,-28.21127249,78.85404535,60.25198424,15.4829918,11.8304771
1.8132814,27.27025867,-7.4842574,1.688196511,138.8859621,-28.23502245,78.92065458,59.92594542,15.49607053,11.76645938
1.812289467,27.213934,-7.472307033,1.68796421,138.5991036,-28.18993863,78.7942123,59.76552919,15.47124359,11.73496166
1.811295933,27.166088,-7.4771905,1.68761596,138.3554265,-28.20836194,78.8458824,59.47018199,15.48138901,11.67697023
1.810302667,27.11999333,-7.495292967,1.687244357,138.1206689,-28.2766551,79.0374177,59.04388902,15.51899697,11.59326761
1.8092956,27.06559367,-7.476667433,1.68697096,137.8436143,-28.20638863,78.84034803,58.96390411,15.48030234,11.57756257
1.808245167,27.01642267,-7.478881533,1.68658368,137.593189,-28.21474151,78.86377458,58.6900523,15.48490214,11.52379177
1.8072808,26.96284667,-7.472013,1.686341875,137.3203293,-28.18882937,78.79110125,58.48986595,15.47063273,11.48448518
1.806326333,26.912358,-7.4520356,1.686068332,137.0631933,-28.11346286,78.57972799,58.44410314,15.42912959,11.47549965
1.8053608,26.85911433,-7.476178633,1.685820878,136.7920261,-28.20454459,78.83517622,57.91748777,15.47928685,11.37209872
1.8043117,26.81083467,-7.457342933,1.68542291,136.5461404,-28.13348524,78.63588286,57.87089539,15.4401556,11.36295031
1.803252,26.76187633,-7.471152333,1.685023495,136.2967982,-28.18558242,78.78199486,57.47544123,15.46884469,11.28530288
1.802309933,26.70712033,-7.4541899,1.684819904,136.0179289,-28.12159015,78.60252182,57.3760449,15.43360516,11.26578642
1.8012812,26.65912933,-7.456048167,1.684438409,135.7735133,-28.12860062,78.62218343,57.11196771,15.43746572,11.21393486
1.8003326,26.61134833,-7.487460767,1.684134215,135.5301672,-28.24710743,78.95454818,56.53625689,15.50272553,11.10089404
1.7993313,26.55931633,-7.451988233,1.683834654,135.265171,-28.11328416,78.57922682,56.64658207,15.42903119,11.12255639
1.798330833,26.50491233,-7.457699167,1.683567916,134.9880944,-28.13482916,78.63965203,56.30908021,15.44089568,11.0562879
1.797283233,26.449381,-7.446413367,1.683269248,134.7052763,-28.09225249,78.52024128,56.14567286,15.41744938,11.02420287
1.796267033,26.402741,-7.440195867,1.682882066,134.4677413,-28.06879642,78.45445628,55.97392285,15.40453249,10.99047975
1.7953099,26.35071667,-7.429677167,1.682626568,134.2027841,-28.02911369,78.34316193,55.82026007,15.38267984,10.96030806
1.7943038,26.302644,-7.453770667,1.682268808,133.9579526,-28.12000855,78.59808607,55.32050442,15.4327342,10.86218104
1.793246933,26.25064133,-7.4442927,1.681913284,133.6931058,-28.08425208,78.49780331,55.15594038,15.41304368,10.82986889
1.7922921,26.203573,-7.435756533,1.681593245,133.4533894,-28.05204864,78.40748539,55.00654182,15.39530976,10.80053449
1.791328767,26.14775867,-7.425196333,1.681382661,133.16913,-28.01220935,78.29575194,54.83401587,15.37337089,10.76665902
1.7903435,26.097658,-7.425556367,1.681073086,132.91397,-28.01356761,78.29956131,54.57504649,15.37411886,10.71581038
1.789298867,26.05074767,-7.451682733,1.680661116,132.6750581,-28.11213164,78.57599444,54.05970155,15.42839651,10.6146224
1.788303867,25.999061,-7.4486634,1.680363197,132.4118207,-28.10074094,78.54404803,53.82841055,15.42212383,10.56920841
1.787308833,25.94971467,-7.4369246,1.680033682,132.1605025,-28.05645528,78.41984426,53.7012961,15.39773642,10.54424949
1.786323167,25.89038767,-7.412240533,1.679848138,131.8583533,-27.96333245,78.15867155,53.66031958,15.34645516,10.53620375
1.7853129,25.84847933,-7.4278852,1.679403075,131.6449164,-28.02235334,78.32420181,53.28135243,15.37895703,10.46179355
1.784331267,25.795046,-7.4049398,1.67914208,131.3727833,-27.93578979,78.08142528,53.25199587,15.33128785,10.45602939
1.7832831,25.74339233,-7.407886667,1.678790549,131.1097139,-27.94690711,78.11260495,52.95774685,15.33740998,10.39825359
1.782250967,25.692466,-7.394605667,1.678445242,130.8503489,-27.89680336,77.97208375,52.83890297,15.30981864,10.3749186
1.7813351,25.63951533,-7.389252033,1.678243503,130.580674,-27.87660631,77.915439,52.62587282,15.29869645,10.33309013
1.7803411,25.58670433,-7.3892029,1.677961748,130.3117104,-27.87642095,77.91491913,52.3574291,15.29859437,10.2803812
1.779325467,25.537945,-7.408142567,1.677603715,130.0633817,-27.94787251,78.11531253,51.90870704,15.33794162,10.19227463
1.7782912,25.484459,-7.3984016,1.677290796,129.7909804,-27.91112385,78.01224707,51.73937117,15.31770471,10.15902553
1.777293967,25.44161633,-7.421906967,1.676871368,129.572785,-27.99979993,78.2609484,51.27247444,15.36653722,10.06735036
1.7763021,25.38758733,-7.385810533,1.676608172,129.2976182,-27.86362294,77.8790258,51.37923025,15.29154672,10.08831186
1.775318967,25.33917367,-7.3818312,1.676277978,129.05105,-27.84861056,77.83692199,51.17476586,15.28327963,10.04816528
1.774324267,25.29269167,-7.400714567,1.675910165,128.8143197,-27.91984973,78.03671969,50.73823783,15.32250991,9.962452997
1.7733625,25.23473367,-7.386521667,1.675730059,128.5191427,-27.86630576,77.88655003,50.59323051,15.2930241,9.933980811
1.772284933,25.188052,-7.3840483,1.675282072,128.2813955,-27.85697476,77.86038028,50.38165304,15.28788567,9.892437575
1.771288833,25.13692833,-7.380583133,1.67497546,128.0210254,-27.84390211,77.82371667,50.15794656,15.28068677,9.848512808
1.770299067,25.08530833,-7.370279933,1.674681875,127.7581275,-27.80503238,77.71470244,50.00406291,15.25928182,9.818297752
1.769338533,25.03078667,-7.366821633,1.674456657,127.4804516,-27.79198564,77.67811148,49.76297794,15.25209719,9.770960719
1.768322967,24.98934,-7.379550767,1.674000068,127.2693659,-27.84000742,77.81279359,49.41721019,15.27854202,9.703069221
1.7672923,24.933279,-7.365021567,1.673725477,126.9838503,-27.78519473,77.65906566,49.28542246,15.24835754,9.677192699
1.7663077,24.883696,-7.360730167,1.673409587,126.7313267,-27.76900504,77.61365999,49.07830457,15.23944214,9.636525102
1.7653208,24.834623,-7.345306567,1.673084518,126.4814006,-27.71081815,77.45046876,48.99156965,15.20739954,9.619494701
1.764295633,24.78615333,-7.357861833,1.672713045,126.2345472,-27.758184,77.58331125,48.61187375,15.23348316,9.544941411
1.7632981,24.73248233,-7.351853833,1.672439355,125.9612036,-27.73551829,77.51974289,48.40209859,15.22100152,9.503752058
1.762344767,24.67858433,-7.343602,1.672212926,125.686704,-27.70438752,77.43243339,48.21490848,15.2038583,9.466997279
1.761326733,24.62878467,-7.339943733,1.671866524,125.433077,-27.69058639,77.39372666,47.99998818,15.19625823,9.424797678
1.760314667,24.57852033,-7.329010333,1.671532356,125.1770834,-27.64933917,77.27804452,47.85967677,15.17354404,9.397247533
1.7593203,24.52798033,-7.347243,1.671219605,124.9196859,-27.71812351,77.47095742,47.40936636,15.21142249,9.308829085
1.758328967,24.47590633,-7.3327883,1.670930577,124.6544759,-27.66359188,77.31801775,47.29709595,15.18139279,9.28678479
1.757278467,24.424586,-7.326941933,1.670572217,124.3931042,-27.64153595,77.25615957,47.09758243,15.16924693,9.24761031
1.756283133,24.37325533,-7.325796267,1.670269163,124.1316798,-27.63721382,77.24403771,46.84827996,15.1668668,9.198659771
1.7553692,24.32201833,-7.330578967,1.670046246,123.8707325,-27.65525698,77.29464164,46.53672875,15.17680289,9.13748669
1.754371633,24.274526,-7.330526033,1.669689193,123.6288566,-27.65505728,77.29408157,46.29541292,15.17669292,9.090104326
1.753273133,24.224668,-7.3183489,1.669263111,123.3749325,-27.60911797,77.16523996,46.17033041,15.15139487,9.065544376
1.752281867,24.17465167,-7.3163729,1.668946398,123.120202,-27.60166333,77.14433266,45.93650721,15.14728972,9.019633191
1.751328767,24.12373667,-7.312768633,1.668679971,122.8608947,-27.58806592,77.10619729,45.71533523,15.13980184,8.976206071
1.7503366,24.066371,-7.292497633,1.668461476,122.5687344,-27.51159178,76.89171756,45.63765469,15.09768874,8.960953499
1.749351733,24.021975,-7.292135067,1.668075364,122.342628,-27.51022397,76.88788138,45.41538443,15.09693551,8.917310733
1.748330733,23.97397433,-7.294636233,1.667701733,122.0981631,-27.51965984,76.91434527,45.14445572,15.10213169,8.864113881
1.747294233,23.92251333,-7.296439667,1.66735927,121.836075,-27.52646345,76.93342671,44.86328617,15.10587834,8.80890624
1.746292267,23.87062367,-7.283521667,1.667057122,121.5718038,-27.47772915,76.79674628,44.73569532,15.07904113,8.783853777
1.7452764,23.814907,-7.2767075,1.666792688,121.2880418,-27.45202211,76.72464818,44.52403144,15.06488467,8.742293572
1.744362067,23.76720767,-7.2922937,1.666521659,121.0451116,-27.51082242,76.88955982,44.11618965,15.09726507,8.662213838
1.743366333,23.71351367,-7.272960667,1.666250079,120.771651,-27.43788685,76.68500436,44.04728445,15.05710061,8.648684302
1.742299933,23.66171967,-7.250566167,1.665882207,120.5078669,-27.35340162,76.44805669,44.02044806,15.01057593,8.643414977
1.7412791,23.615406,-7.263403067,1.665485991,120.2719939,-27.40182996,76.58387904,43.6487527,15.03724465,8.570432593
1.740325033,23.56255967,-7.2458075,1.665244645,120.0028504,-27.33544913,76.39770705,43.56578115,15.00068978,8.554141129
1.7392955,23.517943,-7.2798287,1.664816842,119.7756201,-27.46379711,76.7576724,42.97858551,15.07136898,8.438845265
1.738278567,23.45847467,-7.232662033,1.664601938,119.472751,-27.28585669,76.25861988,43.17476901,14.97338001,8.477365895
1.7372807,23.40435033,-7.239789967,1.664334029,119.1970987,-27.31274745,76.33403783,42.82369874,14.98818833,8.408433248
1.7363389,23.35859567,-7.238196067,1.664009306,118.9640727,-27.30673432,76.31717338,42.60753713,14.98487699,8.365989916
1.735292967,23.309772,-7.230312833,1.663621842,118.7154163,-27.27699413,76.23376389,42.44229031,14.96849954,8.333543702
1.734292,23.26156667,-7.2422681,1.663271004,118.4699092,-27.32209643,76.36025801,42.07028902,14.99333666,8.260501248
1.733307067,23.21266233,-7.243335233,1.662945627,118.220842,-27.32612228,76.37154894,41.80993094,14.99555363,8.209379941
1.732275933,23.15410467,-7.216911,1.662704242,117.922611,-27.22643453,76.0919642,41.79128464,14.94065717,8.205718738
1.7312559,23.101809,-7.1947845,1.662389503,117.656272,-27.14296035,75.85785213,41.75905768,14.89468927,8.199390976
1.730309467,23.05707733,-7.2028888,1.66204635,117.428456,-27.17353454,75.94360064,41.4454932,14.91152599,8.137822589
1.729371967,23.00665733,-7.2022422,1.661788848,117.1716696,-27.17109518,75.93675921,41.19554827,14.91018267,8.088745904
1.728310467,22.95146933,-7.188730567,1.66147165,116.8906001,-27.12012135,75.79379777,41.0574402,14.88211219,8.061628383
1.727265567,22.898419,-7.186278,1.661142222,116.6204176,-27.11086883,75.7678481,40.81320737,14.87701697,8.013673268
1.726299033,22.853761,-7.2017277,1.660777977,116.3929768,-27.16915419,75.93131549,40.42229919,14.9091138,7.936918446
1.725338667,22.804964,-7.198782567,1.660475719,116.1444563,-27.15804341,75.90015415,40.20494003,14.90299527,7.894239974
1.724311333,22.752164,-7.177675067,1.660160482,115.8755488,-27.0784135,75.67682374,40.15936288,14.85914434,7.885290901
1.723319267,22.70033067,-7.172182733,1.659867474,115.6115644,-27.05769319,75.61871145,39.95349078,14.84773399,7.844867915
1.722330733,22.64709733,-7.16969,1.659596881,115.3404499,-27.04828913,75.59233679,39.70875094,14.84255533,7.796813246
1.7213046,22.59847,-7.1751016,1.659226568,115.0927935,-27.06870487,75.64959487,39.40383646,14.85379795,7.73694329
1.720290733,22.55282333,-7.166915867,1.658828323,114.8603175,-27.03782347,75.56298474,39.25797057,14.83679205,7.708302521
1.7193021,22.50281833,-7.166336867,1.65851409,114.6056447,-27.03563914,75.55685857,39.00942397,14.83558918,7.659500396
1.7183539,22.44893067,-7.165879733,1.658292655,114.3311977,-27.03391456,75.55202181,38.73981373,14.83463948,7.606562426
1.717355333,22.402698,-7.1401246,1.657917613,114.0957372,-26.93675105,75.27951656,38.77685849,14.78113308,7.613836165
1.7162586,22.35382133,-7.1443658,1.657480063,113.846811,-26.95275135,75.32439108,38.48305774,14.78994419,7.556148386
1.7152958,22.29876367,-7.1362915,1.657259807,113.5664052,-26.92229034,75.23895999,38.28808309,14.77316979,7.517865115
1.714316833,22.249749,-7.1395901,1.656941885,113.3167762,-26.9347346,75.27386122,38.0035528,14.78002265,7.461997591
1.713325967,22.19835667,-7.117119933,1.65664413,113.0550378,-26.84996391,75.03611295,37.97956267,14.73334078,7.457287131
1.712307833,22.15242767,-7.129956233,1.656245426,112.8211238,-26.89838999,75.17192895,37.60983275,14.76000825,7.38469066
1.711367133,22.09492833,-7.115788467,1.6560802,112.5282828,-26.84494083,75.02202521,37.46689547,14.73057465,7.356624926
1.7102929,22.04441233,-7.109621367,1.655687259,112.2710076,-26.8216749,74.95677347,37.27487193,14.71776247,7.318921104
1.709277967,21.99831033,-7.118340033,1.655294088,112.0362125,-26.85456684,75.04902236,36.94782803,14.73587554,7.254706034
1.708291433,21.94274133,-7.077292267,1.655056995,111.7532026,-26.69971052,74.61471159,37.09912888,14.65059862,7.284413955
1.707311167,21.894345,-7.09164,1.654729434,111.5067227,-26.75383861,74.76651948,36.70084106,14.6804061,7.206210141
1.7063222,21.84798967,-7.106754767,1.654365646,111.2706375,-26.8108604,74.92644307,36.30483225,14.7118071,7.128453812
1.705319733,21.79293,-7.092432333,1.654105751,110.9902215,-26.75682776,74.77490286,36.17595653,14.68205218,7.103149065
1.7043202,21.742252,-7.092142933,1.653789695,110.7321212,-26.75573597,74.77184083,35.92091823,14.68145095,7.053072295
1.703310133,21.692377,-7.063569233,1.653452276,110.4781105,-26.64793916,74.4695134,35.96923497,14.62208896,7.062559286
1.7022608,21.64070067,-7.063597333,1.653099884,110.2149257,-26.64804517,74.46981072,35.70575286,14.62214733,7.010824575
1.7012587,21.586495,-7.045402667,1.652828837,109.9388592,-26.57940418,74.27729988,35.62219715,14.58434783,6.99441841
1.700326933,21.53687467,-7.044253033,1.652566284,109.6861455,-26.57506709,74.26513605,35.38164729,14.58195946,6.947186446
1.6993777,21.48657333,-7.0329479,1.652295448,109.4299635,-26.53241747,74.14552074,35.24508061,14.558473,6.920371578
1.6983293,21.43727833,-7.053004133,1.651911873,109.1789067,-26.60808139,74.3577281,34.78181646,14.60013991,6.829409662
1.697282667,21.384672,-7.023431767,1.651574724,108.9109855,-26.49651702,74.04483416,34.82678918,14.53870319,6.838240055
1.6963112,21.33942367,-7.0459326,1.651213506,108.6805382,-26.5814034,74.2829069,34.3582691,14.58544877,6.746246138
1.695276533,21.28902367,-7.021415367,1.650858567,108.4238537,-26.48890997,74.0234994,34.36099211,14.53451411,6.746780801
1.6943122,21.23575133,-7.0046072,1.6506127,108.1525405,-26.42549968,73.84565859,34.26751979,14.49959507,6.72842751
1.693381767,21.18679133,-7.003478067,1.650342574,107.9031899,-26.42123992,73.83371166,34.03011607,14.49724929,6.68181329
1.692348233,21.130167,-7.005703633,1.650072714,107.6148052,-26.42963607,73.85725954,33.71818351,14.50187291,6.620565332
1.691265467,21.08676567,-6.999791167,1.649575287,107.3937645,-26.40733077,73.79470198,33.55970041,14.48958973,6.589447175
1.6902718,21.032031,-6.99578,1.649319809,107.1150038,-26.39219829,73.75226136,33.32338032,14.48125652,6.543045725
1.689341667,20.98283133,-6.964364567,1.649053215,106.8644326,-26.27368079,73.41986663,33.40520379,14.41599081,6.559111763
1.6883441,20.930254,-6.982418367,1.648764741,106.596659,-26.34179034,73.610887,32.94640987,14.45349766,6.469027579
1.687319267,20.88215467,-6.966721233,1.648388607,106.3516917,-26.28257152,73.44480162,32.86752794,14.4208868,6.453539111
1.686319333,20.82928133,-6.9499313,1.648101759,106.0824107,-26.21923001,73.26715373,32.77589478,14.38600564,6.43554694
1.685369633,20.78183267,-6.9621113,1.647791983,105.8407572,-26.26518014,73.39602567,32.40536933,14.41130964,6.362794268
1.684323167,20.73096133,-6.949819533,1.647431601,105.5816722,-26.21880837,73.26597117,32.27633886,14.38577344,6.337459136
1.6833,20.680643,-6.930005567,1.647087061,105.3254036,-26.14405842,73.05632714,32.22971433,14.34460983,6.328304408
1.6823232,20.62733667,-6.944515067,1.646829186,105.0539173,-26.1987968,73.20984663,31.80470854,14.37475339,6.244854523
1.681338567,20.58342933,-6.932806967,1.646436716,104.8302996,-26.15462695,73.08596769,31.7049698,14.35042976,6.22527082
1.6803464,20.527072,-6.927649967,1.646204622,104.5432748,-26.13517172,73.03140344,31.47250918,14.33971606,6.179627178
1.679321667,20.482657,-6.918195567,1.645778899,104.3170716,-26.09950416,72.93137003,31.34633938,14.32007451,6.154853736
1.6783587,20.430414,-6.9183882,1.645520517,104.0510008,-26.10023088,72.93340821,31.0782304,14.3204747,6.10221054
1.677307533,20.38146033,-6.918396633,1.645129572,103.8016824,-26.1002627,72.93349744,30.82882278,14.32049222,6.053239353
1.676255,20.33569233,-6.910643433,1.644694296,103.5685884,-26.07101307,72.85146379,30.67776247,14.30438491,6.023578661
1.675324833,20.28582,-6.925653967,1.644436741,103.3145913,-26.12764163,73.01028452,30.26494462,14.33556937,5.942521877
1.6743875,20.23470867,-6.903289,1.644188729,103.054284,-26.04326782,72.77364933,30.24127254,14.28910605,5.937873863
1.673364533,20.187429,-6.907053933,1.643803408,102.8134912,-26.05747136,72.81348466,29.96064441,14.29692771,5.88277253
1.6723045,20.133469,-6.8803139,1.643471115,102.5386758,-25.95659222,72.53055855,29.96875513,14.24137517,5.88436507
1.6712878,20.09005433,-6.9007166,1.643039934,102.3175673,-26.03356321,72.74643175,29.53177337,14.28376187,5.798563702
1.670321767,20.03737667,-6.8886504,1.642784347,102.0492827,-25.9880424,72.61876388,29.39115671,14.25869429,5.77095362
1.669318233,19.98433867,-6.883283133,1.642496119,101.7791631,-25.96779392,72.56197488,29.17782603,14.24754377,5.729066141
1.6683718,19.93121533,-6.8597404,1.642266143,101.5086088,-25.87897687,72.31287819,29.15636844,14.19863363,5.724852943
1.667351367,19.885838,-6.851401967,1.641857698,101.2775045,-25.8475194,72.2246524,29.0134899,14.1813105,5.696798743
1.666323367,19.83315733,-6.8445395,1.641540185,101.0092047,-25.82163014,72.15204326,28.81779924,14.16705369,5.658374881
1.665288733,19.780316,-6.829745733,1.641218205,100.7400866,-25.76581934,71.99551605,28.70520838,14.13631958,5.636267665
1.6643053,19.732144,-6.849010967,1.640884451,100.4947492,-25.83849914,72.19935414,28.25603288,14.17634319,5.548072056
1.6633551,19.67850267,-6.835373733,1.640657694,100.2215567,-25.78705147,72.05506377,28.12713082,14.14801177,5.522762136
1.662354367,19.63327467,-6.823064,1.640266936,99.99121297,-25.74061191,71.92481918,28.02703164,14.12243825,5.503107663
1.661312333,19.58140267,-6.802285067,1.639924483,99.72703166,-25.66222155,71.7049652,27.98270431,14.07926992,5.494403991
1.6603156,19.524739,-6.796958267,1.639691953,99.43844665,-25.64212573,71.64860436,27.75048014,14.06820347,5.448806776
1.6592888,19.478343,-6.796676,1.639290881,99.20215432,-25.64106085,71.64561781,27.51717436,14.06761706,5.402997186
1.658305033,19.42995767,-6.784187767,1.638959671,98.95573041,-25.59394789,71.51348457,27.4028837,14.04167269,5.380556214
1.657302467,19.37433567,-6.778538533,1.63870726,98.67245056,-25.57263566,71.45371218,27.17937622,14.02993639,5.336670522
1.6563447,19.33164167,-6.789087933,1.638325293,98.45501231,-25.6124342,71.56533136,26.8503188,14.05185281,5.272060095
1.65536,19.27773167,-6.754958467,1.638067659,98.18045157,-25.48367777,71.20422048,26.93686894,13.98094869,5.289054217
1.654319033,19.23084433,-6.758792067,1.637659046,97.94165691,-25.49814037,71.24478234,26.65751241,13.98891301,5.234202562
1.653351133,19.175263,-6.7401061,1.637440753,97.65858416,-25.4276459,71.04707325,26.57214876,13.95009283,5.217441409
1.652326533,19.122759,-6.728587167,1.637124257,97.39118411,-25.38418971,70.92519581,26.42662615,13.9261622,5.188868045
1.651313767,19.070267,-6.7215837,1.636819432,97.12384517,-25.35776851,70.8510948,26.23338823,13.91161246,5.150925779
1.6503261,19.03257033,-6.7326147,1.636340168,96.93185808,-25.39938394,70.9678096,25.92468632,13.93452942,5.09031216
1.649385133,18.97315333,-6.7009514,1.636200539,96.62925049,-25.27993134,70.63279229,25.95709605,13.86874877,5.096675809
1.648403733,18.92565433,-6.7202233,1.635859742,96.38734063,-25.35263628,70.83670092,25.51127756,13.90878623,5.009139349
1.647304067,18.87563833,-6.6915002,1.635434624,96.13261183,-25.24427585,70.53279275,25.56045694,13.84911386,5.01879572
1.646285933,18.82769267,-6.700874467,1.635063118,95.88842713,-25.2796411,70.63197829,25.21708669,13.86858894,4.951374972
1.6452976,18.77083967,-6.676766067,1.634841542,95.59887785,-25.18869003,70.3768965,25.18261921,13.81850363,4.944607282
1.644372133,18.72042533,-6.670076833,1.634595997,95.34212036,-25.16345431,70.30612027,24.99663795,13.80460671,4.908089861
1.643387967,18.677058,-6.6687635,1.634196711,95.12125286,-25.15849964,70.29222439,24.78966633,13.80187826,4.867450983
1.642360767,18.625002,-6.626580567,1.633871573,94.85613445,-24.9993608,69.84590285,24.97086946,13.71424302,4.903030218
1.6413322,18.575943,-6.651993933,1.633504649,94.6062796,-25.09523497,70.11479199,24.45212546,13.76703941,4.801174834
1.640254267,18.521135,-6.648629867,1.633165893,94.3271454,-25.08254373,70.07919809,24.20858517,13.76005054,4.753355698
1.639244467,18.47048833,-6.6302344,1.632839147,94.06920465,-25.01314521,69.88456266,24.14527984,13.72183388,4.740925696
1.638304867,18.41854967,-6.6229064,1.632600027,93.80468381,-24.98549968,69.80702789,23.95829378,13.70660993,4.704210983
1.637325433,18.37081333,-6.625762633,1.632264398,93.56156523,-24.99627507,69.8372486,23.68495448,13.71254376,4.650540812
1.6362245,18.318687,-6.6033438,1.631866475,93.29608862,-24.91169804,69.60004347,23.656683,13.66596854,4.644989706
1.635221533,18.26944433,-6.597641167,1.631527627,93.04529836,-24.89018435,69.53970608,23.46623013,13.65412129,4.607594286
1.634279133,18.21627733,-6.583077267,1.631302273,92.77452169,-24.83524075,69.38561101,23.34954853,13.62386472,4.584683854
1.6332565,18.167034,-6.562854933,1.630943768,92.52372804,-24.75895021,69.1716462,23.31271968,13.58185273,4.57745251
1.632257167,18.11875533,-6.570074567,1.630595553,92.27784738,-24.78618692,69.24803439,22.99045084,13.59685155,4.514175022
1.631269567,18.06806,-6.568980067,1.630291664,92.01965877,-24.78205782,69.23645391,22.74384272,13.59457772,4.465753518
1.630269633,18.01776633,-6.541117667,1.629970025,91.76351583,-24.67694445,68.94165247,22.78250121,13.53669346,4.473344113
1.6292696,17.96711833,-6.532860767,1.629653064,91.50556829,-24.64579457,68.85428936,22.61191678,13.51953972,4.43984986
1.628243767,17.91735367,-6.528676167,1.62929839,91.25211951,-24.6300078,68.8100137,22.40274367,13.51084619,4.398778719
1.6272617,17.867251,-6.5252463,1.628992042,90.99694933,-24.61706832,68.77372359,22.18386359,13.50372063,4.355801616
1.6262885,17.81350067,-6.508466567,1.628743754,90.72320177,-24.55376529,68.59618362,22.08765599,13.46886065,4.336911255
1.625221433,17.76124967,-6.485180233,1.628381379,90.45709023,-24.46591554,68.3497998,22.06792828,13.42048319,4.333037717
1.624276467,17.712262,-6.4989373,1.628097093,90.20759868,-24.51781529,68.49535808,21.67287844,13.44906356,4.255469682
1.623348567,17.666005,-6.4897542,1.627793046,89.97201426,-24.48317124,68.3981952,21.53445691,13.42998563,4.228290614
1.622245267,17.612259,-6.475389333,1.6274146,89.69828877,-24.42897851,68.24620602,21.4127206,13.40014255,4.20438769
1.621170767,17.56097767,-6.447679967,1.627031715,89.43711569,-24.32444247,67.95302377,21.44472977,13.34257622,4.210672691
1.620202233,17.51147833,-6.458346367,1.626730762,89.18501825,-24.36468241,68.06588089,21.07977522,13.36473571,4.139013863
1.6193081,17.45728533,-6.427916333,1.626567512,88.90901621,-24.24988242,67.7439123,21.12574176,13.30151718,4.148039395
1.618273,17.41440533,-6.444461,1.62611072,88.69063068,-24.31229864,67.91896511,20.73230342,13.3358888,4.070787776
1.617252567,17.36242133,-6.411802467,1.625791378,88.42587896,-24.18909143,67.57341762,20.81309919,13.26804055,4.086652026
1.6162353,17.30942533,-6.4084978,1.62548885,88.15597318,-24.17662429,67.5384522,20.57815883,13.26117509,4.040521486
1.615222667,17.26164967,-6.4101968,1.625120551,87.91265427,-24.18303392,67.55642867,20.31686346,13.26470477,3.989216139
1.6142261,17.204678,-6.381170767,1.624892343,87.62250064,-24.07353064,67.24931527,20.33382322,13.20440305,3.992546188
1.613271133,17.15791833,-6.3611237,1.624568008,87.38435617,-23.99790131,67.0372049,20.30778912,13.16275518,3.987434393
1.6123108,17.108504,-6.377006867,1.624274109,87.13269162,-24.05782196,67.20525863,19.88807084,13.19575253,3.905022709
1.611288733,17.06206133,-6.349608433,1.623878399,86.89616162,-23.95445895,66.91536625,19.94143322,13.13883216,3.915500412
1.6102276,17.01521033,-6.370065233,1.62344913,86.65755199,-24.03163403,67.13181186,19.48637799,13.18133126,3.826150317
1.609253833,16.965383,-6.371723167,1.623147368,86.40378406,-24.03788873,67.14935382,19.21506809,13.18477562,3.77287862
1.608287267,16.90850633,-6.3338515,1.622947878,86.11411425,-23.89501452,66.74864814,19.32610396,13.10609706,3.794680512
1.607277367,16.864444,-6.3380383,1.622532232,85.88970716,-23.9108096,66.79294708,19.05739793,13.11479516,3.741920083
1.606257433,16.81249333,-6.315732133,1.62221294,85.6251252,-23.82665761,66.55693403,19.02882902,13.068454,3.736310579
1.605270567,16.76229167,-6.308635567,1.621903126,85.36945081,-23.79988519,66.48184796,18.8482407,13.05371085,3.700852061
1.604295233,16.71393933,-6.2908659,1.621579905,85.12319497,-23.73284755,66.29383389,18.78999893,13.01679428,3.689416291
1.6032723,16.66140933,-6.2758786,1.621265426,84.85566251,-23.67630664,66.13525898,18.68104138,12.9856581,3.668022474
1.602239067,16.60798267,-6.266907833,1.62095274,84.58356336,-23.64246363,66.04034272,18.5038585,12.96702129,3.633232616
1.601252533,16.55872333,-6.250397233,1.620630551,84.33268823,-23.58017593,65.86565035,18.42767573,12.93272045,3.618274129
1.6002549,16.51171733,-6.251657,1.620266872,84.09328919,-23.58492851,65.87897946,18.17494758,12.93533762,3.568650958
1.599278867,16.459648,-6.235477467,1.619993081,83.82810288,-23.52388979,65.70778999,18.08095074,12.90172456,3.550194678
1.5982633,16.41070767,-6.2343038,1.619637556,83.57885239,-23.51946203,65.69537187,17.84411837,12.89928627,3.503692643
1.597268533,16.35801767,-6.197472567,1.619353402,83.31050505,-23.38051295,65.30567462,17.96546828,12.82276921,3.527519697
1.596217133,16.30998433,-6.2059315,1.618949811,83.06587386,-23.41242502,65.39517537,17.63133634,12.84034268,3.461912891
1.5952018,16.259217,-6.1884063,1.61861916,82.80731856,-23.34630965,65.20974791,17.55820851,12.803934,3.44755424
1.594274267,16.20979867,-6.1902634,1.618358115,82.55563365,-23.35331573,65.22939718,17.28687432,12.80779214,3.394277773
1.5933166,16.158106,-6.170337233,1.61809761,82.29236567,-23.2781425,65.018566,17.23443752,12.76639543,3.383981808
1.592265567,16.110741,-6.1588359,1.617685373,82.05113827,-23.23475271,64.89687477,17.11490135,12.74250136,3.36051088
1.5912005,16.06175267,-6.171337933,1.617280996,81.80164332,-23.28191773,65.02915403,16.73312715,12.76847439,3.285549516
1.5902316,16.00639867,-6.133127067,1.617058637,81.51972838,-23.13776386,64.62485941,16.85550682,12.68909114,3.309578764
1.5892506,15.95936333,-6.120733267,1.616711987,81.28017995,-23.09100716,64.49372533,16.74709247,12.66334297,3.288291606
1.588292933,15.908029,-6.105002267,1.616446649,81.01873695,-23.03166057,64.32728162,16.65209318,12.63066175,3.269638497
1.587316667,15.85365533,-6.104569733,1.616203702,80.74181479,-23.0300288,64.32270515,16.37974749,12.62976316,3.21616342
1.5862964,15.80761033,-6.101448067,1.615804429,80.50731008,-23.01825203,64.28967598,16.17827195,12.62327788,3.176603697
1.5852215,15.75607833,-6.074436367,1.615424524,80.24486037,-22.91634801,64.00387548,16.20162274,12.56716095,3.181188626
1.5842724,15.70975533,-6.063336833,1.615100166,80.00893982,-22.87447404,63.88643554,16.08314213,12.54410162,3.157924956
1.5832819,15.65424167,-6.037877433,1.614858361,79.7262117,-22.7784262,63.61705933,16.06979021,12.4912096,3.155303308
1.582331367,15.61188467,-6.053790233,1.614479082,79.51048977,-22.83845865,63.78542661,15.68570102,12.52426851,3.079887394
1.581259267,15.557525,-6.038350933,1.614140113,79.23363891,-22.78021252,63.62206926,15.5722075,12.4921933,3.057602943
1.5802165,15.506359,-6.015099833,1.613787405,78.97305322,-22.69249569,63.37605823,15.55763284,12.44388903,3.054741209
1.579271467,15.45979367,-6.017591967,1.613470383,78.73589848,-22.70189749,63.40242654,15.29410979,12.44906645,3.002998457
1.5782897,15.41189367,-5.991196333,1.613134627,78.49194635,-22.60231763,63.1231444,15.3294398,12.3942294,3.009935505
1.577253767,15.35654,-5.956841767,1.612845231,78.2100331,-22.47271199,62.75965183,15.41101913,12.32285764,3.025953606
1.5762445,15.30860133,-5.966830567,1.612482497,77.96588405,-22.51039562,62.86533951,15.06118239,12.34360941,2.957263162
1.5752989,15.25695867,-5.9629954,1.612233384,77.70287072,-22.49592711,62.82476108,14.8387475,12.33564184,2.913588072
1.5742848,15.20861933,-5.9611559,1.611871221,77.4566811,-22.48898744,62.80529803,14.61202092,12.33182027,2.869070308
1.5732461,15.15424067,-5.927691933,1.611565908,77.17973347,-22.36274167,62.45122855,14.68914277,12.26229873,2.884213183
1.572261133,15.10914133,-5.945270833,1.611189181,76.95004499,-22.42905962,62.63722419,14.27345865,12.29881897,2.802593606
1.571266433,15.05893067,-5.9151964,1.610871655,76.69432476,-22.31560116,62.31901807,14.33594454,12.2363392,2.81486271
1.570250567,15.00732767,-5.8964615,1.610551741,76.43151345,-22.2449221,62.12079123,14.27136007,12.19741736,2.80218155
1.5692561,14.95984667,-5.8968638,1.610197635,76.18969527,-22.24643981,62.12504782,14.02528531,12.19825314,2.75386477
1.568334833,14.90770633,-5.866744667,1.609979567,75.92414736,-22.13281272,61.80636874,14.07841646,12.1356805,2.764297072
1.567289867,14.86369233,-5.893117767,1.609528203,75.69998642,-22.23230757,62.08541247,13.5752118,12.19047074,2.665492838
1.5662694,14.807934,-5.8500457,1.60925973,75.41601222,-22.06981439,61.62968334,13.74696673,12.10098832,2.699216918
1.5652383,14.756827,-5.831108567,1.608917893,75.15572702,-21.99837238,61.42931675,13.68704812,12.06164634,2.687451898
1.564278667,14.708647,-5.827336933,1.608608047,74.91034887,-21.98414356,61.38941054,13.48157618,12.05381076,2.647107483
1.563281633,14.65609867,-5.816236633,1.608319716,74.64272303,-21.9422667,61.27196249,13.33139839,12.03074984,2.617620073
1.562284233,14.61197933,-5.8120403,1.607917339,74.41802563,-21.92643566,61.22756269,13.1511008,12.02203193,2.582218642
1.561277533,14.561001,-5.7957781,1.607598167,74.15839572,-21.86508507,61.05549855,13.06353503,11.98824714,2.565025102
1.560234967,14.50930333,-5.774323133,1.607252829,73.89510228,-21.78414431,60.82849172,13.02724841,11.94367435,2.557900226
1.559254467,14.45606,-5.7529354,1.606990404,73.62393685,-21.7034572,60.60219626,12.98237843,11.89924124,2.549090005
1.558283633,14.40970767,-5.746029667,1.606644709,73.3878669,-21.67740471,60.52912933,12.81937542,11.88489454,2.517084364
1.5572857,14.358915,-5.738125033,1.6063318,73.12918258,-21.64758378,60.44549342,12.64432701,11.86847263,2.482713609
1.5563047,14.312581,-5.727533467,1.605975691,72.89320601,-21.60762616,60.33342809,12.52041577,11.84646861,2.458383637
1.555252233,14.259071,-5.702073567,1.605644896,72.62068245,-21.51157644,60.06404659,12.51727372,11.79357555,2.457766694
1.554235933,14.21425733,-5.7001168,1.605232983,72.39244886,-21.50419436,60.04334279,12.30974392,11.78951036,2.417018219
1.553276833,14.16043167,-5.686621367,1.604999812,72.11831763,-21.45328165,59.90055275,12.17840273,11.76147353,2.391229376
1.552303,14.11409833,-5.686593533,1.60465086,71.88234445,-21.45317665,59.90025825,11.94272405,11.76141571,2.344953867
1.551266467,14.06275267,-5.664917667,1.604306809,71.62084373,-21.37140252,59.67091417,11.91056741,11.716384,2.338639911
1.550280567,14.009864,-5.637455967,1.604034201,71.35148459,-21.26780083,59.38035239,11.93177006,11.65933219,2.342803051
1.5492742,13.960866,-5.6209323,1.603688654,71.10194041,-21.20546384,59.20552177,11.8570565,11.6250042,2.328133043
1.5482558,13.91075133,-5.619523067,1.603346134,70.84670911,-21.20014738,59.19061121,11.61673575,11.62207651,2.280946065
1.547236367,13.86082367,-5.607828633,1.603000058,70.59243018,-21.1560291,59.06687686,11.48619117,11.59778127,2.255313637
1.546237867,13.808948,-5.569730933,1.602701188,70.3282302,-21.01230216,58.66377962,11.62508843,11.51863313,2.282586114
1.545279033,13.75939033,-5.568233,1.602410722,70.07583567,-21.00665107,58.64793056,11.38854296,11.51552116,2.236140411
1.544260933,13.71069933,-5.5649546,1.602049302,69.82785502,-20.99428302,58.61324306,11.17524982,11.50871027,2.194260301
1.543273667,13.66062467,-5.553427533,1.601737375,69.57282743,-20.95079614,58.49127956,11.04218573,11.48476274,2.168133168
1.5422684,13.61208867,-5.531660567,1.601386698,69.32563619,-20.86867834,58.26097158,11.02530247,11.43954177,2.16481814
1.541197067,13.56017033,-5.513237967,1.601015569,69.06121891,-20.79917745,58.06604907,10.9558077,11.40126873,2.151172841
1.540199433,13.51300333,-5.526750267,1.600654062,68.82099992,-20.8501538,58.20901756,10.5726202,11.4293406,2.075933977
1.539255167,13.46155133,-5.4936897,1.600403711,68.55895764,-20.72542989,57.85921631,10.66037919,11.36065712,2.093165454
1.5382987,13.41271633,-5.477448767,1.600105866,68.31024361,-20.66415953,57.68737718,10.58350428,11.32691651,2.078071066
1.5372855,13.36166267,-5.4588251,1.59978121,68.05023003,-20.5939001,57.49032726,10.52054062,11.28822576,2.065708151
1.536208767,13.31253133,-5.444917067,1.599367094,67.80000679,-20.54143082,57.34317166,10.41747298,11.25933176,2.04547082
1.5352046,13.26219167,-5.433919733,1.599041842,67.54362957,-20.49994241,57.22681307,10.27745436,11.23648475,2.017978163
1.534228467,13.21107333,-5.405844667,1.598755124,67.28328665,-20.39402674,56.92976148,10.31416301,11.17815867,2.025185908
1.5332561,13.161913,-5.4041192,1.598445767,67.03291571,-20.38751726,56.91150498,10.08204858,11.174574,1.979610239
1.532297167,13.110674,-5.387594533,1.598177877,66.77195824,-20.32517649,56.73666378,9.995932311,11.14024393,1.962701309
1.531270167,13.05979167,-5.378023133,1.59783711,66.51281725,-20.28906754,56.63539244,9.838062657,11.12035931,1.931703603
1.530254567,13.01380533,-5.3715881,1.597441712,66.27861132,-20.26479081,56.56730581,9.671943367,11.1069905,1.89908608
1.5292015,12.963263,-5.3409545,1.597070293,66.02120194,-20.14922285,56.24318336,9.738656427,11.04334905,1.912185189
1.528232233,12.91511733,-5.343550033,1.596750351,65.77599864,-20.15901473,56.27064571,9.465990785,11.04874128,1.858647291
1.527299,12.86031467,-5.312395567,1.596556223,65.49689161,-20.04148175,55.94101217,9.516517287,10.98401774,1.868568169
1.5262724,12.81558467,-5.3136357,1.596132881,65.26908412,-20.04616026,55.95413355,9.275588423,10.98659412,1.821261787
1.525238033,12.76108433,-5.2725312,1.595833543,64.99151685,-19.8910899,55.5192225,9.432932204,10.90119934,1.852156238
1.524248833,12.711796,-5.273483933,1.595509078,64.74049402,-19.89468417,55.529303,9.171828862,10.90317864,1.800888597
1.523272,12.66168767,-5.255579467,1.595208039,64.48529497,-19.82713799,55.33986267,9.106070151,10.86598203,1.787976874
1.522254833,12.614048,-5.254309167,1.594833373,64.2426687,-19.82234567,55.32642211,8.876884449,10.86334298,1.742976262
1.521222967,12.56337567,-5.223527567,1.594484907,63.98459723,-19.70621936,55.00073373,8.944501357,10.79939407,1.756252842
1.520246533,12.512711,-5.214184767,1.594191771,63.72656481,-19.67097282,54.90188112,8.785321539,10.77998436,1.724997884
1.5192708,12.463091,-5.199520767,1.593885246,63.47385281,-19.61565159,54.74672692,8.687763741,10.74951983,1.70584241
1.5182591,12.4118,-5.178383333,1.593565291,63.21263051,-19.53590875,54.5230798,8.650188561,10.70560672,1.698464524
1.5172598,12.36763667,-5.183429567,1.593161607,62.98770902,-19.55494611,54.57647207,8.371874805,10.71609029,1.643817618
1.516279033,12.318074,-5.159807833,1.592849275,62.73528902,-19.46583104,54.32653951,8.369387365,10.66701603,1.643329209
1.515232967,12.26265933,-5.125164833,1.592550568,62.4530651,-19.33513726,53.95999513,8.453707827,10.59504504,1.659885532
1.514211767,12.21057533,-5.1133642,1.592231807,62.18780409,-19.29061833,53.83513712,8.313304818,10.57052917,1.632317401
1.513232233,12.16661467,-5.1152334,1.591845157,61.96391478,-19.29767005,53.85491442,8.069638211,10.57441245,1.584473463
1.5123271,12.11685833,-5.1046257,1.591611071,61.71050845,-19.25765156,53.74267839,7.928467911,10.5523749,1.556754674
1.511246567,12.06353633,-5.073188633,1.591249673,61.43894236,-19.13905245,53.41005476,7.989525452,10.48706425,1.568743322
1.510215,12.01231233,-5.051120133,1.590908948,61.17806129,-19.05579709,53.17655638,7.962142761,10.44121684,1.563366731
1.509232267,11.96624533,-5.0504931,1.590547505,60.94344453,-19.05343155,53.16992197,7.734160406,10.43991418,1.518602396
1.5082513,11.91342567,-5.0200731,1.590278899,60.67443681,-18.93866941,52.84805955,7.787015109,10.37671649,1.528980417
1.507265167,11.86898533,-5.021694633,1.589892118,60.44810458,-18.94478679,52.86521637,7.543526053,10.38008523,1.481171341
1.506259967,11.81616633,-4.976335033,1.58959927,60.17910025,-18.77366369,52.38528373,7.754454366,10.28585046,1.522587115
1.5052673,11.76565867,-4.976846533,1.589287783,59.92186741,-18.77559337,52.39069572,7.491809547,10.2869131,1.471016805
1.5042223,11.71565733,-4.973338767,1.588917135,59.66721331,-18.76236001,52.35358138,7.274269785,10.2796257,1.428302872
1.5032103,11.664876,-4.9428175,1.588590006,59.40858671,-18.64721583,52.03064748,7.338577075,10.21621763,1.440929609
1.502255433,11.61502933,-4.921823833,1.588307404,59.15472031,-18.56801537,51.8085215,7.306836666,10.1726032,1.434697379
1.501254033,11.565334,-4.9160525,1.587976229,58.90162465,-18.5462425,51.74745722,7.114805282,10.16061322,1.396992017
1.500237767,11.51773333,-4.904903733,1.587601936,58.65919701,-18.50418279,51.62949637,6.990338496,10.13745161,1.372552964
1.499220333,11.46915867,-4.886489067,1.587239613,58.41180884,-18.43471184,51.4346578,6.937788899,10.09919506,1.36223485
1.498237533,11.41752567,-4.868033567,1.586953171,58.14884475,-18.36508683,51.23938718,6.870095417,10.06085367,1.348943235
1.4972333,11.36758733,-4.850422867,1.586622439,57.8945115,-18.29864891,51.05305508,6.802094274,10.02426736,1.335591211
1.4962225,11.31630633,-4.832957933,1.586303249,57.63334012,-18.23276091,50.86826527,6.725712701,9.987983887,1.320593689
1.495228767,11.26734333,-4.798181867,1.585969863,57.3839742,-18.10156512,50.50031297,6.844299082,9.915736451,1.343878125
1.494284867,11.22119033,-4.7898224,1.585648413,57.14891945,-18.07002829,50.41186463,6.697692664,9.898369621,1.315091955
1.493285933,11.166466,-4.766445967,1.585387529,56.87021136,-17.98183863,50.1645275,6.666321707,9.849804975,1.308932267
1.492224967,11.120138,-4.759824433,1.584951372,56.63426534,-17.95685831,50.09446758,6.500435613,9.836048709,1.276360533
1.491232867,11.069427,-4.7377275,1.584643195,56.37599694,-17.87349568,49.86066835,6.475966446,9.79014223,1.271556012
1.490250533,11.019609,-4.7297699,1.58433274,56.12227655,-17.84347493,49.77647202,6.306442382,9.77361028,1.238269962
1.489226,10.972229,-4.725566867,1.583947205,55.88097275,-17.82761862,49.73200132,6.109609282,9.76487846,1.199621782
1.488284333,10.916623,-4.695292333,1.583755478,55.59777438,-17.71340526,49.41167802,6.146734212,9.70198298,1.206911262
1.487327033,10.872485,-4.6806973,1.583393452,55.37298192,-17.65834421,49.25725354,6.076366235,9.671661732,1.19309451
1.486259933,10.82137733,-4.654839167,1.583015624,55.11269332,-17.56079212,48.98365848,6.089672689,9.617941343,1.195707233
1.485225633,10.77290433,-4.638067067,1.582635064,54.86582294,-17.49751789,48.80619928,6.020261504,9.583097229,1.182078346
1.484200433,10.72408267,-4.626760633,1.582268305,54.61717681,-17.45486337,48.68657022,5.891244441,9.559608063,1.156745846
1.483264733,10.67123667,-4.5982998,1.582045321,54.34803497,-17.34749236,48.38543699,5.923235834,9.500480553,1.163027356
1.482276533,10.61868767,-4.577334867,1.581765832,54.08040574,-17.2684003,48.16361502,5.877428571,9.456925809,1.1540331
1.481270367,10.575159,-4.575360633,1.581346722,53.85871658,-17.26095233,48.14272641,5.676628021,9.45282433,1.114605912
1.4802646,10.52453367,-4.5598407,1.581023723,53.60088448,-17.20240201,47.97851591,5.583006419,9.420581598,1.09622331
1.4792378,10.47710767,-4.551253,1.580636541,53.35934641,-17.17000415,47.88765273,5.43233153,9.402740613,1.066638296
1.478217967,10.424369,-4.528026233,1.580327977,53.09075121,-17.08237912,47.64189916,5.409489901,9.3544869,1.062153342
1.477246533,10.37312167,-4.499949133,1.580047699,52.82975129,-16.97645578,47.34482606,5.445563081,9.296156598,1.069236311
1.476294367,10.326439,-4.492458533,1.579725126,52.59199898,-16.94819683,47.26557088,5.287065953,9.280594842,1.0381154
1.475302667,10.276249,-4.467747567,1.579410322,52.33638401,-16.85497252,47.00411356,5.292908301,9.229257697,1.039262545
1.474218167,10.22708297,-4.459163333,1.578988908,52.08598404,-16.82258774,46.91328706,5.133334836,9.211423914,1.007930295
1.4732362,10.17632283,-4.435683567,1.578691526,51.82746541,-16.73400825,46.66485659,5.123246668,9.162644592,1.005949483
1.472293867,10.12766423,-4.413338367,1.578405435,51.57964978,-16.64970901,46.42843055,5.111857079,9.116222338,1.003713137
1.471237233,10.07891673,-4.398811967,1.578006243,51.33138138,-16.59490688,46.27473224,5.017286983,9.086043676,0.985144299
1.470215267,10.0254316,-4.3763679,1.577705612,51.05898447,-16.51023465,46.03726013,4.982362189,9.039416026,0.978286816
1.4692749,9.977950633,-4.354443733,1.577405606,50.81716645,-16.4275238,45.80528888,4.97251543,8.993868471,0.976353405
1.468313533,9.929298667,-4.3455566,1.577100392,50.5693846,-16.3939963,45.7112575,4.818764949,8.975405411,0.946164498
1.467269867,9.881127533,-4.325114867,1.576706393,50.32405161,-16.31687806,45.49497131,4.789718145,8.932937618,0.940461158
1.4662453,9.827814333,-4.299927867,1.576400844,50.05253035,-16.22185787,45.22847727,4.784690931,8.880611511,0.939474064
1.4652355,9.7812749,-4.291371,1.576018706,49.81550751,-16.18957634,45.13794032,4.638205043,8.862834582,0.91071156
1.464228833,9.728313433,-4.266926433,1.575726313,49.54577761,-16.09735705,44.87930168,4.627113784,8.812050884,0.908533791
1.463239733,9.681341567,-4.251299233,1.575370707,49.30655241,-16.03840206,44.71395623,4.553234039,8.779585305,0.894027503
1.4622645,9.632658633,-4.238736633,1.575052044,49.05861285,-15.99100854,44.58103614,4.438214558,8.753486447,0.871443428
1.461304333,9.583485633,-4.221940667,1.574755057,48.8081774,-15.92764427,44.40332442,4.365490834,8.71859275,0.857164125
1.460239733,9.535078367,-4.199433167,1.57434331,48.5616418,-15.84273274,44.16518114,4.357098506,8.671833317,0.855516292
1.459214533,9.480278967,-4.1740257,1.574057171,48.2825514,-15.74688082,43.89635442,4.346834829,8.61904919,0.853501019
1.458224867,9.434494033,-4.170749167,1.57368499,48.04937119,-15.73451981,43.86168667,4.148322374,8.612242177,0.814523098
1.457285833,9.382848733,-4.1248347,1.57344248,47.78634445,-15.56130343,43.37588319,4.371099111,8.516854665,0.85826531
1.4563028,9.3345604,-4.121139667,1.573110695,47.54041457,-15.54736359,43.33678745,4.164264963,8.509178216,0.817653426
1.455253567,9.289310133,-4.1133372,1.572671737,47.30995739,-15.51792809,43.25423253,4.016362713,8.492968557,0.788612819
1.4542766,9.2346579,-4.077023,1.572431847,47.0316165,-15.38092957,42.87000582,4.122248537,8.417525642,0.8094035
1.4532716,9.188193633,-4.071498733,1.572053495,46.79497649,-15.36008878,42.81155566,3.944058683,8.406048953,0.774415923
1.452254467,9.1377452,-4.045673667,1.571716743,46.53804533,-15.26266144,42.53831047,3.960372712,8.35239726,0.777619182
1.4512751,9.089517933,-4.037278967,1.571387801,46.29242645,-15.23099169,42.44948934,3.803574956,8.334957233,0.746831943
1.450320567,9.040811833,-4.0036923,1.571090151,46.0443689,-15.10428302,42.09412162,3.910885126,8.265180781,0.767902295
1.449309633,8.990227067,-3.983865167,1.570761438,45.7867434,-15.02948341,41.88433828,3.86304297,8.223989822,0.758508487
1.4482375,8.939543067,-3.9625674,1.570372863,45.52861251,-14.9491357,41.65899473,3.830255634,8.179743615,0.752070694
1.447273733,8.894714967,-3.951532367,1.570013677,45.30030541,-14.90750506,41.54223725,3.718706012,8.156818283,0.730167925
1.446312367,8.8413706,-3.951305867,1.569771749,45.02862541,-14.90665057,41.53984074,3.449422529,8.156347728,0.677294114
1.445244533,8.796961467,-3.9285318,1.569302846,44.80245208,-14.82073339,41.29887702,3.46421292,8.109034502,0.680198207
1.444248533,8.7437471,-3.888485033,1.569024531,44.53143417,-14.66965342,40.87515744,3.616914587,8.025837163,0.710181179
1.443273733,8.695823333,-3.8828585,1.568696063,44.28736101,-14.64842683,40.81562523,3.432373623,8.014148014,0.673946561
1.442275633,8.6465737,-3.8592616,1.568362176,44.03653527,-14.55940544,40.56595543,3.431217693,7.965125348,0.673719594
1.4412606,8.5972328,-3.845288267,1.568012587,43.78524472,-14.50668981,40.41810891,3.327773656,7.936095685,0.653408357
1.440250633,8.551182767,-3.825142367,1.567623682,43.55071437,-14.43068762,40.20495282,3.306399401,7.894242486,0.649211522
1.439279167,8.498877833,-3.794385867,1.567357634,43.28432816,-14.314656,39.87953001,3.365435992,7.830345718,0.660803357
1.438274267,8.447612767,-3.78822,1.567044129,43.02323793,-14.29139473,39.81429133,3.169584447,7.817536102,0.622347906
1.437274233,8.399252567,-3.752463833,1.566696314,42.77694203,-14.15650143,39.43596896,3.301610921,7.743252504,0.648271304
1.436277067,8.3536256,-3.760410567,1.566314503,42.54456634,-14.18648118,39.52005031,2.985153874,7.759761879,0.586134963
1.435261533,8.302734667,-3.7256137,1.565985318,42.28538155,-14.05520693,39.15187793,3.094141471,7.687471231,0.607534678
1.434160833,8.251708033,-3.7020955,1.565572798,42.02550564,-13.96648244,38.90304081,3.083102681,7.638612064,0.605367211
1.4331416,8.2004005,-3.681077867,1.565245532,41.76419913,-13.88719156,38.68066125,3.044175739,7.594947836,0.597723906
1.432210133,8.156328067,-3.676122033,1.564908455,41.5397406,-13.86849524,38.62822546,2.872152988,7.584652069,0.563947239
1.4312794,8.1022657,-3.640144367,1.564706843,41.26440387,-13.73276631,38.24755948,2.97748224,7.509908304,0.584628638
1.430214433,8.0580678,-3.638117767,1.564237959,41.03930634,-13.72512079,38.2261168,2.773827392,7.505698034,0.544641009
1.429170767,8.005094867,-3.601597867,1.563908721,40.76951804,-13.58734624,37.83971365,2.890442234,7.429827776,0.567538333
1.428184667,7.958382,-3.590365167,1.563552621,40.53161192,-13.54496988,37.72086474,2.771385032,7.406491791,0.544161451
1.427181433,7.908958467,-3.571323433,1.563215947,40.27990052,-13.47313326,37.51939141,2.721146957,7.366932504,0.534297205
1.426211467,7.858942167,-3.5586582,1.562920533,40.02517019,-13.42535255,37.3853854,2.600422636,7.340620424,0.510592984
1.425261533,7.814285433,-3.543919967,1.56257287,39.79773585,-13.36975126,37.22944577,2.528927923,7.310001678,0.496554998
1.424226233,7.763036433,-3.512496167,1.562228749,39.53672744,-13.2512022,36.89696252,2.600402772,7.244718591,0.510589084
1.4231579,7.713958233,-3.4861858,1.561822317,39.28677481,-13.15194401,36.61858256,2.6288301,7.190058685,0.51617079
1.422148633,7.666076333,-3.480353367,1.561458817,39.04291486,-13.12994064,36.5568718,2.44668091,7.177941779,0.480405797
1.421249767,7.616062333,-3.455562967,1.561234473,38.78819625,-13.03641667,36.29457403,2.454260071,7.12643961,0.481893965
1.420240867,7.566636267,-3.431088433,1.560892166,38.53647195,-12.94408433,36.03561832,2.46149148,7.075593657,0.483313852
1.419185033,7.521512833,-3.420755167,1.560444897,38.30666072,-12.90510117,35.92628596,2.341012615,7.054126248,0.459657827
1.4182242,7.4718944,-3.396628867,1.560153251,38.05395671,-12.81408257,35.67101477,2.343579786,7.004003751,0.460161891
1.417201233,7.4228244,-3.3816824,1.559792075,37.80404584,-12.7576957,35.51287191,2.251811781,6.972952399,0.442143243
1.416243533,7.374447967,-3.352445533,1.559486812,37.55766726,-12.64739704,35.20352776,2.31477735,6.912212676,0.454506533
1.415177167,7.325043967,-3.3304329,1.55908674,37.30605534,-12.56435244,34.97062048,2.296072717,6.866481331,0.450833878
1.414209267,7.2758597,-3.310044933,1.558782172,37.05556252,-12.48743703,34.75490317,2.261297195,6.824125238,0.444005704
1.413232733,7.229819767,-3.2988614,1.558426564,36.82108361,-12.44524616,34.63657447,2.145146993,6.800891397,0.421199612
1.412240633,7.178995467,-3.270652133,1.558119914,36.56223818,-12.33882421,34.33810297,2.184773065,6.742286517,0.428980191
1.4112162,7.1320604,-3.254923267,1.557728479,36.32320041,-12.27948567,34.17168182,2.112156436,6.709609726,0.414721916
1.410250867,7.085698433,-3.2395331,1.557388414,36.0870814,-12.22142491,34.00884433,2.03887492,6.677636585,0.40033309
1.4092409,7.034916067,-3.2117204,1.557063332,35.82844954,-12.11649904,33.71456875,2.074518635,6.619855575,0.407331734
1.408156133,6.987536433,-3.1995415,1.556617559,35.58714761,-12.07055306,33.58570845,1.962077008,6.594553855,0.38525382
1.4072087,6.939283533,-3.177659033,1.556320896,35.34139818,-11.98799952,33.35417841,1.947857621,6.549092931,0.382461844
1.4062722,6.892480533,-3.150102533,1.556015613,35.10303302,-11.88404019,33.06261359,2.001057283,6.491844178,0.392907597
1.4052405,6.8429772,-3.1290051,1.555651547,34.8509152,-11.80444826,32.83938969,1.972163368,6.448014165,0.387234277
1.4041751,6.7958757,-3.125463167,1.55522139,34.61102979,-11.791086,32.80191384,1.769753806,6.440655782,0.34749116
1.403213533,6.7460354,-3.087982567,1.554932003,34.35719582,-11.64968713,32.40534589,1.912487782,6.362789666,0.375516976
1.4022216,6.697808433,-3.078122933,1.55459049,34.11157847,-11.61249079,32.30102487,1.771191455,6.342306233,0.347773442
1.4012403,6.651042467,-3.058920367,1.554239907,33.87340192,-11.54004741,32.09784983,1.736189939,6.302412814,0.340900895
1.4002527,6.602809567,-3.0384172,1.553902808,33.62775435,-11.4626974,31.88091364,1.707478565,6.259817393,0.335263416
1.399253367,6.555919167,-3.017254667,1.55353587,33.38894406,-11.38285987,31.65700094,1.692580977,6.215852134,0.332338275
1.3982349,6.508104967,-2.998004667,1.553162258,33.14542891,-11.31023755,31.45332402,1.65274274,6.175860172,0.324516037
1.3971632,6.460173933,-2.9724865,1.552736988,32.90131873,-11.21396801,31.18332602,1.67863056,6.122846065,0.32959911
1.396210633,6.411821667,-2.951117733,1.552436532,32.65506324,-11.13335245,30.95723125,1.658469841,6.078452356,0.325640553
1.395240867,6.365172867,-2.944325833,1.552095902,32.41748341,-11.1077294,30.88536874,1.492752514,6.064342153,0.293101956
1.3942468,6.316097767,-2.922159567,1.551763695,32.16754656,-11.0241052,30.65083592,1.477348487,6.018291633,0.290077375
1.393189133,6.267804,-2.8908438,1.55135735,31.921589,-10.90596371,30.31949573,1.562731122,5.953232986,0.306842256
1.392199333,6.222937267,-2.880003367,1.550972653,31.69308514,-10.86506721,30.20479723,1.448925754,5.930711937,0.284496572
1.391227367,6.174095633,-2.8554003,1.550659397,31.44433732,-10.77224997,29.94448156,1.460493612,5.879598955,0.286767921
1.390228633,6.127785033,-2.839090733,1.550285239,31.20847993,-10.71072069,29.77191625,1.397201524,5.845715756,0.274340519
1.389229167,6.079157367,-2.8171138,1.549941598,30.96082183,-10.62781077,29.5393867,1.382072987,5.800058578,0.271370031
1.388227533,6.032591667,-2.8023219,1.54956798,30.72366522,-10.57200702,29.38287924,1.301423836,5.769328338,0.25553457
1.387253,5.984522167,-2.771373367,1.549241744,30.47884984,-10.45525094,29.0554246,1.384063093,5.70503262,0.271760788
1.3862049,5.938128133,-2.7603944,1.548819345,30.24256752,-10.41383182,28.93926034,1.263945036,5.682223767,0.248175608
1.385207333,5.8909871,-2.7385414,1.548457554,30.00248077,-10.33138944,28.70804207,1.255076552,5.636824061,0.246434281
1.384198867,5.8434315,-2.7196338,1.548090454,29.76028266,-10.26005885,28.50798796,1.212932547,5.597543437,0.238159306
1.3832027,5.797134567,-2.7038618,1.547718678,29.52449486,-10.20055759,28.34111044,1.144022274,5.564777035,0.224628774
1.382206867,5.7469505,-2.673556933,1.547399661,29.26891011,-10.0862298,28.0204662,1.209081765,5.501818538,0.237403205
1.381287867,5.700915333,-2.6477524,1.547101522,29.03445548,-9.988879919,27.74743826,1.247655068,5.448209503,0.244977073
1.3802838,5.654538633,-2.640229533,1.546722922,28.79826144,-9.960499239,27.66784168,1.091057612,5.432580713,0.214229162
1.379199367,5.60977,-2.6206735,1.546242269,28.57025719,-9.886722375,27.46092674,1.069968304,5.391952965,0.210088277
1.378174267,5.562119367,-2.597646933,1.545859817,28.32757508,-9.799852618,27.21729141,1.070921516,5.344115169,0.21027544
1.377219733,5.514461333,-2.5706102,1.545548031,28.08485528,-9.697854152,26.93122604,1.114267085,5.287946233,0.218786342
1.376276633,5.4689541,-2.568115567,1.545218672,27.85308938,-9.688442927,26.90483128,0.908895956,5.282763621,0.178461721
1.3752762,5.4230183,-2.534808467,1.54483776,27.61914082,-9.562788949,26.55242154,1.027357127,5.21356797,0.201721572
1.3742635,5.375880533,-2.513193367,1.544460791,27.37907071,-9.481244074,26.32372041,1.01598815,5.168662502,0.199489273
1.373236,5.330750633,-2.500346567,1.544041943,27.14922655,-9.432778386,26.18779331,0.922071089,5.141973217,0.181048658
1.372203733,5.284122167,-2.4731187,1.543638539,26.91175028,-9.330058852,25.89970563,0.972682495,5.085407201,0.190986208
1.371220533,5.2358443,-2.4587071,1.543306447,26.66587369,-9.275689818,25.74722198,0.879289562,5.055467037,0.172648505
1.370283967,5.191373167,-2.437111,1.542969647,26.4393846,-9.194216622,25.51872188,0.881300574,5.010601041,0.173043368
1.369285333,5.1436324,-2.414059967,1.542614878,26.19624344,-9.107254562,25.27482768,0.882053614,4.962712415,0.173191227
1.3682128,5.098922233,-2.398673933,1.542145335,25.96853697,-9.049209391,25.11203392,0.817140892,4.930747861,0.160445614
1.367172867,5.053883867,-2.379258767,1.54171282,25.73915898,-8.975963959,24.90660945,0.793187391,4.890412765,0.155742344
1.366239533,5.006888367,-2.3506318,1.541413299,25.49981343,-8.867966198,24.60371842,0.856732859,4.830940112,0.168219497
1.365266467,4.9619093,-2.330312067,1.54104685,25.27073746,-8.791308208,24.38872306,0.842652245,4.788725774,0.165454768
1.364231067,4.916306333,-2.315836967,1.540626482,25.038484,-8.736699614,24.23556755,0.763554303,4.758653688,0.149923887
1.3632464,4.868617367,-2.287891633,1.54028498,24.79560665,-8.631273374,23.93988863,0.81635588,4.700597132,0.160291477
1.362263133,4.825186867,-2.274045,1.539887446,24.57441745,-8.579035726,23.79338267,0.741672628,4.671830688,0.145627421
1.361251767,4.778481967,-2.2548186,1.539505973,24.33655191,-8.506502433,23.58995546,0.707234293,4.631887755,0.138865454
1.360248967,4.733946367,-2.231474467,1.53910381,24.10973449,-8.418434627,23.34296008,0.727412254,4.583390213,0.142827396
1.359217167,4.686878367,-2.2074138,1.5387068,23.87001969,-8.327663636,23.08838334,0.742274204,4.533404069,0.14574554
1.3582383,4.642394367,-2.1930345,1.538327875,23.64346507,-8.273416456,22.93624145,0.667861476,4.503531008,0.131134601
1.357171667,4.594627233,-2.171512067,1.537905461,23.40018963,-8.192221174,22.70852078,0.652306698,4.458818055,0.12808042
1.356136067,4.545806733,-2.156549933,1.537528287,23.15154944,-8.135775204,22.55021215,0.561975146,4.427734156,0.11034382
1.355097767,4.499107833,-2.130966733,1.537119799,22.91371446,-8.039260321,22.27952606,0.594826247,4.374584942,0.116794134
1.354037167,4.453182567,-2.112092333,1.536678578,22.67981954,-7.968054979,22.07982323,0.560634165,4.33537329,0.110080518
1.352992667,4.4069198,-2.091802867,1.536258008,22.44420576,-7.891511173,21.86514811,0.539695495,4.293221832,0.105969211
1.352018733,4.3617878,-2.0679726,1.535892755,22.2143509,-7.801609386,21.61300914,0.561979615,4.243714345,0.110344697
1.3510067,4.314991133,-2.052913533,1.535511853,21.976018,-7.744797726,21.45367489,0.482980952,4.212429066,0.09483331
1.3499809,4.2664261,-2.026641067,1.535141033,21.72867889,-7.645682524,21.17569594,0.513620804,4.157847897,0.100849445
1.348933167,4.223019567,-2.008886833,1.534678709,21.50761175,-7.57870311,20.98784516,0.480404439,4.120963397,0.094327412
1.347928533,4.178345867,-1.987412367,1.534276575,21.28009099,-7.497688787,20.76063201,0.480096834,4.076350095,0.094267013
1.3469327,4.1344103,-1.9695345,1.533873286,21.05632951,-7.430242955,20.57147312,0.445494248,4.039208746,0.087472796
1.345901133,4.0904836,-1.950453967,1.533434145,20.83261319,-7.358259956,20.36958926,0.423661777,3.999568852,0.08318599
1.344979333,4.04607,-1.927383067,1.533111336,20.60641711,-7.271222947,20.12548486,0.4415701,3.951638953,0.086702289
1.343965467,4.001322267,-1.905273733,1.532700967,20.37851931,-7.187813534,19.89155443,0.447602729,3.905706713,0.087886796
1.342928333,3.959422,-1.894256267,1.532228929,20.1651235,-7.146249167,19.77498282,0.350778538,3.882817876,0.068875366
1.341908133,3.9140128,-1.8676294,1.531821147,19.93385689,-7.045796959,19.49325409,0.401240652,3.82750044,0.078783602
1.340910967,3.8713854,-1.846988233,1.531398882,19.71675783,-6.967926334,19.27485777,0.402537912,3.784618323,0.079038319
1.339948733,3.827842733,-1.8321882,1.531023894,19.49499737,-6.9120919,19.11826426,0.337370963,3.753871187,0.066242789
1.338968533,3.784313333,-1.809921833,1.530630761,19.27330447,-6.828090064,18.88267232,0.351270008,3.707612709,0.068971866
1.3379523,3.7409894,-1.792404633,1.530198823,19.05265801,-6.762004879,18.6973295,0.315966362,3.671220647,0.062039995
1.3369296,3.697221333,-1.769839667,1.529766408,18.8297496,-6.676876548,18.45857818,0.331809263,3.624341827,0.065150749
1.33595,3.654672633,-1.753344967,1.529360648,18.61305135,-6.614648835,18.28405405,0.289635155,3.590074013,0.056869863
1.334954233,3.611799867,-1.7369953,1.528943092,18.39470266,-6.552968273,18.11106446,0.24427605,3.556107506,0.047963602
1.333917867,3.569361133,-1.718304933,1.528479083,18.17856447,-6.482457213,17.91330881,0.225893509,3.517278185,0.04435419
1.332958433,3.5267149,-1.698524,1.528094805,17.96136949,-6.407831893,17.70401429,0.217993051,3.476183206,0.042802936
1.331979233,3.4835753,-1.676010133,1.527697414,17.74166183,-6.322896342,17.46580365,0.23649603,3.429410547,0.046435996
1.330938933,3.4417072,-1.659851833,1.527221776,17.52842984,-6.261937727,17.29483883,0.194228861,3.395841605,0.038136837
1.3299632,3.398774367,-1.6348283,1.526825063,17.30977523,-6.167534236,17.03007436,0.240338718,3.343855101,0.047190507
1.328943433,3.356670067,-1.618472167,1.526373143,17.09534029,-6.105829278,16.85701635,0.198961794,3.30987516,0.039066148
1.3278993,3.3144451,-1.595763733,1.525898484,16.88029081,-6.020159706,16.61674707,0.224181587,3.262698287,0.044018055
1.326891133,3.2731887,-1.580813833,1.525446728,16.67017418,-5.963759887,16.45856788,0.172244154,3.231639802,0.03382014
1.325966333,3.230983667,-1.561801033,1.525091134,16.45522621,-5.892032419,16.25740068,0.158463378,3.192140624,0.031114284
1.325016933,3.189653967,-1.545239267,1.524699134,16.24473627,-5.829551691,16.08216694,0.123207178,3.157733479,0.024191729
1.323938733,3.147680833,-1.524293167,1.524187011,16.03096936,-5.750530677,15.86054424,0.131062967,3.114217862,0.025734214
1.322869867,3.106618933,-1.5044517,1.523671933,15.82184331,-5.675676991,15.65060924,0.131871915,3.072997125,0.02589305
1.321889167,3.0666414,-1.4889872,1.523230396,15.61823988,-5.617335798,15.48698526,0.091892467,3.040869556,0.018043086
1.320951567,3.024817033,-1.4684905,1.522856868,15.40523063,-5.540010186,15.27011749,0.095750986,2.998287569,0.018800706
1.3199665,2.983786733,-1.448991533,1.522425163,15.19626551,-5.466448611,15.06380635,0.093097009,2.957778378,0.018279598
1.318972467,2.942819033,-1.4323999,1.521983647,14.98761922,-5.403855208,14.8882566,0.060000463,2.923309184,0.011781091
1.317930433,2.9031747,-1.418002533,1.521476284,14.78571276,-5.34953987,14.73592355,0.010427054,2.89339859,0.002047352
1.316866167,2.861608967,-1.393149367,1.5209726,14.57402071,-5.255779102,14.47296167,0.061696893,2.841766024,0.012114185
1.315863167,2.822712567,-1.377242833,1.520494183,14.37592344,-5.1957703,14.3046607,0.031900585,2.808720129,0.00626368
1.3149388,2.7816071,-1.356476333,1.520124192,14.1665755,-5.117426843,14.08493828,0.042275075,2.765577631,0.008300711
1.3140052,2.741945867,-1.340132067,1.51972549,13.96458297,-5.055766653,13.91200582,0.013215002,2.731622343,0.002594766
1.312946667,2.702346867,-1.3184037,1.519201015,13.76290739,-4.973794469,13.68210625,0.04143899,2.686481563,0.008136546
1.3118974,2.662590467,-1.3039353,1.51868793,13.56043018,-4.919211152,13.52902163,-0.007953592,2.656423397,-0.001561688
1.310929467,2.623150567,-1.2845034,1.518251909,13.35956489,-4.845902592,13.3234201,-0.003217355,2.616053536,-0.000631728
1.3099693,2.583902533,-1.267655333,1.517821068,13.15967677,-4.782341771,13.14515713,-0.024842507,2.581051602,-0.004877826
1.308897533,2.5452203,-1.251789567,1.517270996,12.96267023,-4.722486765,12.97728749,-0.053979412,2.5480904,-0.010598858
1.307896167,2.5065996,-1.234188,1.516790493,12.76597708,-4.656083299,12.79105203,-0.064437093,2.511523065,-0.012652223
1.3069248,2.467108767,-1.2123149,1.516351726,12.56485239,-4.573565096,12.55962109,-0.034130849,2.466081601,-0.006701592
1.305950833,2.428856367,-1.198868067,1.515893657,12.37003497,-4.522835729,12.41734527,-0.086672448,2.438145744,-0.017018135
1.304923667,2.390619833,-1.176989733,1.515382174,12.17529836,-4.440297783,12.18585896,-0.04992275,2.392693407,-0.009802332
1.303905867,2.352913767,-1.160522467,1.514872903,11.98326339,-4.378173564,12.01162509,-0.067723849,2.358482586,-0.013297578
1.302941633,2.314474033,-1.142458867,1.514427094,11.78749189,-4.310027037,11.82050102,-0.072371277,2.320955376,-0.0142101
1.301905867,2.276849433,-1.1248047,1.513898757,11.59587183,-4.243425133,11.63370901,-0.077199333,2.284278764,-0.015158089
1.3009214,2.239538833,-1.108790733,1.513417486,11.40585095,-4.183011029,11.46427133,-0.097782536,2.251009676,-0.019199601
1.2999659,2.2026207,-1.093933433,1.512959889,11.21782888,-4.126960551,11.3070719,-0.128605176,2.220143568,-0.025251626
1.2989941,2.165197067,-1.075512467,1.512492809,11.02723232,-4.057465827,11.11216668,-0.124296501,2.181873927,-0.024405618
1.297900533,2.1284958,-1.060711,1.51189422,10.84031474,-4.001625986,10.955558,-0.154605402,2.151123813,-0.030356771
1.2968728,2.092079167,-1.04060978,1.511357626,10.65484679,-3.925792357,10.74287465,-0.12739001,2.109363437,-0.025013028
1.295937333,2.0552633,-1.020672093,1.510918682,10.46734556,-3.850575672,10.53192158,-0.103938176,2.067942803,-0.020408261
1.294973933,2.019119,-1.008249477,1.510442748,10.28326458,-3.803710253,10.40048261,-0.156580181,2.042134761,-0.030744519
1.293967133,1.983628033,-0.993357617,1.509914603,10.10251099,-3.747529395,10.24291751,-0.179768672,2.011196854,-0.035297579
1.292923067,1.947062967,-0.974608803,1.509363677,9.916287072,-3.67679784,10.04454347,-0.167618542,1.97224611,-0.032911901
1.291913333,1.912249233,-0.961678603,1.508823465,9.738982599,-3.628017517,9.907733947,-0.208113497,1.94538356,-0.040863085
1.290891133,1.8767073,-0.942579587,1.508280608,9.557969442,-3.555964789,9.70565453,-0.187047237,1.905705267,-0.036726725
1.289948267,1.841752333,-0.923714797,1.507809167,9.379945675,-3.484795702,9.506053376,-0.16546985,1.86651358,-0.032490005
1.288959167,1.806850367,-0.908498627,1.507290778,9.202191834,-3.427391356,9.34505688,-0.182227194,1.834901918,-0.03578031
1.2879737,1.7724094,-0.89370787,1.506769805,9.026785842,-3.371591919,9.18856152,-0.201137827,1.804174054,-0.039493412
1.286936233,1.737073133,-0.873442253,1.506208907,8.846820134,-3.295138089,8.974138753,-0.166680768,1.762072144,-0.032727769
1.285857433,1.703811333,-0.86225021,1.505578698,8.677419574,-3.252915117,8.855720007,-0.217662582,1.738820623,-0.042738048
1.284919733,1.670031833,-0.844230353,1.505096571,8.505382395,-3.184933615,8.665058771,-0.199038524,1.70138429,-0.039081214
1.283987,1.637031367,-0.832391777,1.504608904,8.337312792,-3.140271538,8.539799303,-0.24184866,1.676789593,-0.047486984
1.282941367,1.6036774,-0.815469207,1.504013104,8.167442832,-3.076429648,8.360748038,-0.232667356,1.641632877,-0.045684235
1.281937367,1.570201333,-0.800728403,1.503460585,7.996951023,-3.020818664,8.204781216,-0.247192342,1.611008792,-0.048536216
1.2809533,1.537518167,-0.78296107,1.502917305,7.830497411,-2.953789829,8.016791832,-0.22565657,1.574097076,-0.044307668
1.279950467,1.505448733,-0.770641583,1.502346981,7.66716951,-2.907313477,7.886444039,-0.258636677,1.548503287,-0.050783312
1.278925167,1.472933667,-0.75489527,1.501760201,7.501572023,-2.847909118,7.719838298,-0.257628424,1.51579025,-0.050585341
1.2779007,1.441386167,-0.741856697,1.501161205,7.3409023,-2.798719948,7.581882122,-0.280341971,1.488702555,-0.055045146
1.276946433,1.4102628,-0.727970403,1.500626689,7.182392666,-2.746332679,7.434956544,-0.291926027,1.459853717,-0.057319675
1.275939333,1.378165,-0.708298503,1.500052481,7.018920295,-2.672118698,7.226815667,-0.24725752,1.418985256,-0.048549014
1.2749563,1.347428733,-0.695263963,1.499483978,6.862382141,-2.622944744,7.088902166,-0.265882175,1.39190594,-0.052205965
1.273952067,1.3166485,-0.68305274,1.498894867,6.705620066,-2.576876825,6.959699866,-0.293441948,1.366537069,-0.057617327
1.272924133,1.286221067,-0.667514803,1.498277299,6.550654783,-2.518258586,6.795298879,-0.284006245,1.334256935,-0.055764626
1.271871733,1.25632,-0.654007573,1.497628164,6.398370257,-2.467301367,6.652384026,-0.293375917,1.306195603,-0.057604361
1.2709305,1.2266507,-0.63988054,1.497087071,6.247266106,-2.414005885,6.502911269,-0.295007312,1.276846628,-0.057924686
1.2699872,1.1968453,-0.625070153,1.496545746,6.095468806,-2.358132393,6.346208212,-0.290101555,1.246077982,-0.05696144
1.269028433,1.167908733,-0.613809903,1.495977238,5.948096426,-2.315652104,6.227067798,-0.31833352,1.222684762,-0.062504787
1.2679041,1.139064933,-0.599394003,1.495241911,5.801196503,-2.261266848,6.074538653,-0.3127043,1.192735665,-0.061399489
1.266900267,1.1102426,-0.584940333,1.494626795,5.654405908,-2.2067391,5.921609879,-0.30656612,1.1627081,-0.060194258
1.265899867,1.082052433,-0.572606007,1.494006586,5.510834904,-2.160206763,5.791105069,-0.319632315,1.13708348,-0.062759805
1.264956433,1.054245733,-0.55872895,1.493438173,5.369216875,-2.10785434,5.644277221,-0.314422495,1.108253832,-0.061736857
1.263964367,1.0270856,-0.546253663,1.492812406,5.230891775,-2.060790219,5.512280967,-0.320751341,1.082336368,-0.062979526
1.262990933,0.999805643,-0.534687717,1.492206888,5.091956421,-2.017156663,5.389906092,-0.33731182,1.058308061,-0.066231176
1.2619501,0.97302094,-0.522180677,1.491527291,4.955543366,-1.969972749,5.257573868,-0.341392651,1.032324629,-0.067032447
1.260876333,0.94631209,-0.509781817,1.490813738,4.819516628,-1.923196954,5.126386256,-0.346231776,1.006565941,-0.067982609
1.259907767,0.92034173,-0.497437597,1.490195425,4.68725098,-1.876627293,4.995776768,-0.347887937,0.980920768,-0.068307796
1.2589809,0.89471984,-0.485165983,1.489614112,4.556760071,-1.830331548,4.865935504,-0.348537582,0.955426436,-0.068435354
1.257984433,0.869599223,-0.472093033,1.488956438,4.42882212,-1.781012688,4.727615602,-0.33815563,0.928267323,-0.066396858
1.2569703,0.845588487,-0.460995127,1.48826613,4.306536729,-1.739144855,4.61019288,-0.343018301,0.905211372,-0.067351643
1.255924233,0.821086347,-0.451263913,1.487550515,4.181748646,-1.702432993,4.50723062,-0.364844123,0.884994732,-0.071637144
1.254949667,0.79781548,-0.44034311,1.486889795,4.063231373,-1.661233297,4.391681762,-0.367812539,0.862306714,-0.072219992
1.253947133,0.774061777,-0.42747335,1.48620762,3.942255038,-1.61268099,4.255511736,-0.352618847,0.835569729,-0.069236711
1.252901967,0.751185477,-0.41702356,1.485470979,3.825747271,-1.573258234,4.14494649,-0.358561368,0.813860243,-0.070403525
1.2519199,0.728319347,-0.405138453,1.4847973,3.7092913,-1.528420618,4.019194706,-0.349265555,0.78916888,-0.068578292
1.250979567,0.705501337,-0.39581277,1.484164705,3.593080401,-1.493238654,3.920523204,-0.366804953,0.769794731,-0.072022152
1.249985933,0.68313356,-0.384396603,1.483472739,3.479162516,-1.450170156,3.799733095,-0.359932728,0.746077593,-0.070672791
1.248936267,0.661042373,-0.374215007,1.482721009,3.366653289,-1.411759183,3.692005501,-0.364714361,0.72492528,-0.071611665
1.247924,0.639411607,-0.36461411,1.482000469,3.256488957,-1.375538952,3.590422072,-0.373295264,0.704979374,-0.073296525
1.246922567,0.61788847,-0.354752263,1.481289311,3.146872778,-1.338334264,3.48607763,-0.378567001,0.684491343,-0.074331631
1.245911,0.59748276,-0.34451402,1.480552949,3.042947594,-1.299709586,3.377750679,-0.374165235,0.663221346,-0.073467344
1.2449455,0.576868533,-0.33478412,1.479865466,2.937960445,-1.263002679,3.274802315,-0.37620402,0.643007435,-0.073867659
1.2439911,0.556923807,-0.325751743,1.479180054,2.836383024,-1.228927239,3.17923418,-0.382213305,0.624242631,-0.075047583
1.2429515,0.536976357,-0.31623149,1.478409479,2.734791732,-1.193011242,3.078504007,-0.383074424,0.604464262,-0.075216663
1.241891767,0.517617743,-0.307080137,1.477610829,2.636199355,-1.158486953,2.981677025,-0.384839819,0.585452284,-0.075563298
1.240895367,0.498720447,-0.298535633,1.47686929,2.539956438,-1.126252059,2.891270891,-0.390676602,0.56770104,-0.076709351
1.239912833,0.479159077,-0.288479647,1.476150575,2.440331432,-1.088314961,2.784872329,-0.383903046,0.546809682,-0.075379363
1.238854233,0.46027905,-0.279281933,1.475346603,2.344176471,-1.053615774,2.687554829,-0.382740507,0.527701391,-0.075151099
1.237763767,0.439983633,-0.26957152,1.474529854,2.240813004,-1.016982382,2.584812646,-0.383361791,0.507527963,-0.075273088
1.2367096,0.42251582,-0.260763207,1.47371127,2.151850369,-0.983752242,2.491615239,-0.379127019,0.489228652,-0.07444159
1.235652133,0.404948167,-0.253697593,1.472890732,2.062379255,-0.957096591,2.416856677,-0.393839571,0.474549809,-0.0773304
1.2345877,0.38736012,-0.245568123,1.472063503,1.972804278,-0.926427447,2.330841853,-0.397399724,0.457660798,-0.078029436
1.2336565,0.371365517,-0.237109037,1.471348017,1.891344623,-0.894514795,2.24133948,-0.389357007,0.440087007,-0.076450248
1.232721467,0.355816007,-0.22950456,1.470622695,1.812151804,-0.865826235,2.160879411,-0.388089756,0.424288672,-0.076201424
1.231661533,0.3404967,-0.22262189,1.469769368,1.734131398,-0.839860754,2.088056502,-0.393287253,0.409989894,-0.077221952
1.2306116,0.325618647,-0.216151853,1.46892009,1.658358272,-0.815451969,2.01959951,-0.400603387,0.396548364,-0.078658475
1.2296176,0.31117322,-0.208860803,1.468120911,1.58478849,-0.787945838,1.942455688,-0.397029347,0.381401174,-0.077956712
1.228636533,0.296978753,-0.203037287,1.46733128,1.512496834,-0.765976107,1.880839278,-0.407704593,0.369302792,-0.080052797
1.2276415,0.283198457,-0.195843793,1.466522097,1.442314523,-0.738838018,1.804727666,-0.401775292,0.354358277,-0.078888579
1.226597633,0.270100813,-0.189618477,1.465654874,1.37560893,-0.71535246,1.738859963,-0.402613182,0.341425154,-0.079053098
1.225676067,0.257061813,-0.18381392,1.46490916,1.309202003,-0.693454257,1.677444161,-0.407604306,0.329366161,-0.080033106
1.224681333,0.244384553,-0.178187853,1.4640854,1.244637399,-0.672229424,1.617916893,-0.412641643,0.317677982,-0.081022187
1.223653767,0.23209321,-0.172342,1.463223603,1.182038248,-0.650175425,1.556064147,-0.413388048,0.305533195,-0.081168743
1.2226491,0.220132287,-0.16634914,1.462380249,1.121121908,-0.627566831,1.492655979,-0.41089622,0.293083001,-0.080679473
1.221643567,0.208669117,-0.16115589,1.461529316,1.062740599,-0.607974837,1.43770818,-0.414329729,0.282294001,-0.081353642
1.2206389,0.197641143,-0.155634603,1.46067338,1.006575724,-0.587145295,1.37928955,-0.412075975,0.270823503,-0.080911118
1.219653267,0.18684549,-0.15051256,1.459833344,0.951594041,-0.567821934,1.325095161,-0.412863269,0.260182435,-0.081065703
1.2186988,0.176330157,-0.146323467,1.459020694,0.898040014,-0.552018209,1.280771961,-0.422094096,0.251479574,-0.082878176
1.217679033,0.16591492,-0.14127014,1.458141394,0.844995773,-0.532954088,1.227304637,-0.421671013,0.240981265,-0.082795103
1.216619067,0.15609802,-0.136737913,1.457213825,0.794998829,-0.515855862,1.179350874,-0.423714194,0.231565544,-0.083196282
1.215591267,0.14653162,-0.132311057,1.456315044,0.746277667,-0.499155154,1.13251199,-0.425596472,0.222368729,-0.083565867
1.214635067,0.13742592,-0.12852668,1.455481649,0.699902827,-0.484878259,1.092470943,-0.431930265,0.21450667,-0.084809508
1.213744533,0.128748707,-0.123862363,1.454708142,0.655710245,-0.467281712,1.043119586,-0.42677149,0.204816531,-0.083796582
1.212704167,0.119981183,-0.12002759,1.45378602,0.61105772,-0.45281469,1.002545311,-0.43084974,0.196849772,-0.084597346
1.211627967,0.111644053,-0.11588039,1.452822261,0.568597165,-0.437169012,0.958665368,-0.429430352,0.188233945,-0.08431865
1.2106258,0.103590015,-0.112065627,1.451928716,0.527578382,-0.42277748,0.918302811,-0.430086578,0.180308757,-0.0844475
1.209626133,0.095819608,-0.108590333,1.451033846,0.488004115,-0.409666629,0.881532056,-0.43289009,0.173088819,-0.084997969
1.208634267,0.088421524,-0.105004094,1.450141755,0.450326071,-0.396137223,0.843587421,-0.432623499,0.16563839,-0.084945624
1.207679867,0.081475096,-0.102084065,1.449281039,0.414948288,-0.385121158,0.812691714,-0.437105575,0.159572018,-0.08582568
1.206725967,0.074505885,-0.098894545,1.448421131,0.379454471,-0.373088411,0.778944615,-0.438852293,0.152945775,-0.086168648
1.205648,0.06778182,-0.095505078,1.447433849,0.345209166,-0.360301346,0.743081953,-0.437234936,0.145904141,-0.08585108
1.204583967,0.061189082,-0.092540061,1.44645873,0.311632705,-0.349115557,0.711710238,-0.439439681,0.139744305,-0.086283981
1.2035981,0.054251451,-0.089546362,1.445566429,0.276299727,-0.337821565,0.680035056,-0.443097479,0.133524883,-0.08700219
1.202505833,0.046473411,-0.085917893,1.444579062,0.236686587,-0.324132843,0.641643602,-0.444319164,0.125986721,-0.087242068
1.201444333,0.04059462,-0.08372438,1.443596847,0.206746218,-0.315857621,0.618434876,-0.451050807,0.121429688,-0.088563826
1.200423833,0.03514115,-0.081465994,1.442649896,0.178971989,-0.307337663,0.594539762,-0.454929922,0.116737882,-0.08932549
1.199426933,0.029435145,-0.078768363,1.441729951,0.149911614,-0.297160609,0.565997149,-0.455447685,0.11113354,-0.089427153
1.198323367,0.023578756,-0.076238697,1.440705368,0.120085339,-0.287617221,0.539231717,-0.458508527,0.105878148,-0.090028149
1.197300733,0.018829753,-0.074295973,1.439746783,0.095898922,-0.280288124,0.518676498,-0.462139725,0.10184213,-0.090741135
1.196323,0.014062759,-0.071771125,1.43883334,0.071620876,-0.270762912,0.491962044,-0.459703317,0.096596747,-0.090262746
1.195345333,0.009903399,-0.07010526,1.437911769,0.05043748,-0.264478289,0.474336161,-0.46326083,0.093135905,-0.090961264
1.1943621,0.005842679,-0.068014714,1.436983302,0.02975645,-0.256591518,0.452216887,-0.461822586,0.088792786,-0.090678865
1.1933632,0.001570521,-0.06594394,1.436042019,0.007998577,-0.248779343,0.430306824,-0.461670396,0.084490745,-0.090648982
1.192380667,-0.002343846,-0.064438177,1.435112277,-0.011937081,-0.243098716,0.414374912,-0.465674142,0.081362514,-0.091435118
1.191304467,-0.006086798,-0.062724274,1.434086557,-0.030999737,-0.236632866,0.396240758,-0.466602643,0.077801873,-0.091617429
1.1902473,-0.009731582,-0.060743449,1.433078547,-0.049562422,-0.229160028,0.375282403,-0.464206974,0.0736867,-0.091147039
1.189281533,-0.012925051,-0.059095837,1.432155849,-0.065826592,-0.222944269,0.357849655,-0.463038396,0.07026378,-0.090917589
1.188398,-0.015925998,-0.058120429,1.431312789,-0.081110251,-0.219264456,0.347529235,-0.468001635,0.068237365,-0.091892121
1.187365833,-0.019112278,-0.05675174,1.430323594,-0.097337806,-0.214100956,0.333047658,-0.469747614,0.065393908,-0.092234944
1.186293833,-0.022105726,-0.055271646,1.429291966,-0.112583273,-0.208517168,0.317387341,-0.469332763,0.062319004,-0.092153488
1.185273233,-0.024915541,-0.053855986,1.428309261,-0.126893513,-0.203176468,0.302408789,-0.468664451,0.059377966,-0.092022265
1.184300733,-0.027625116,-0.052576585,1.427373304,-0.140693233,-0.198349815,0.288871934,-0.468927317,0.056720004,-0.092073879
1.183313767,-0.030198313,-0.051428083,1.426421041,-0.153798387,-0.194016989,0.276720072,-0.469880609,0.054333986,-0.092261058
1.182370567,-0.032419417,-0.050238345,1.425507797,-0.165110349,-0.189528595,0.264131901,-0.468604399,0.051862299,-0.092010474
1.181388967,-0.034657549,-0.049206842,1.424556381,-0.176509035,-0.18563716,0.253217964,-0.469089148,0.049719347,-0.092105654
1.180340867,-0.037065028,-0.048117948,1.42354075,-0.188770196,-0.181529211,0.241696792,-0.469829137,0.047457165,-0.092250951
1.179297333,-0.039150253,-0.047924091,1.42252534,-0.199390133,-0.18079787,0.239645668,-0.478397951,0.047054427,-0.093933438
1.1783053,-0.041052605,-0.046780054,1.421558963,-0.20907871,-0.176481887,0.227541042,-0.475981901,0.044677684,-0.093459046
1.1773902,-0.043031364,-0.045805705,1.42067055,-0.219156423,-0.17280607,0.21723183,-0.475750402,0.04265347,-0.093413591
1.1763328,-0.044685352,-0.045125513,1.419635456,-0.227580095,-0.170239987,0.210034981,-0.476977225,0.041240369,-0.093654478
1.175358733,-0.046356846,-0.044959237,1.418683933,-0.236092924,-0.169612696,0.208275678,-0.483730751,0.040894929,-0.094980533
1.174323767,-0.048021983,-0.044270657,1.417671423,-0.244573381,-0.167014966,0.200990072,-0.484925602,0.039464401,-0.095215142
1.173344267,-0.049553783,-0.043687393,1.416712582,-0.252374754,-0.164814552,0.194818781,-0.486555685,0.038252668,-0.095535209
1.1723417,-0.050945964,-0.043441852,1.415728791,-0.259465057,-0.163888224,0.192220798,-0.491048005,0.037742554,-0.096417276
1.171295333,-0.052427724,-0.042489991,1.414702409,-0.267011581,-0.160297245,0.18214952,-0.48852325,0.035765058,-0.09592154
1.170347967,-0.053691522,-0.041940972,1.413772086,-0.273448038,-0.158226023,0.176340563,-0.48915075,0.034624469,-0.09604475
1.169367067,-0.054652945,-0.04109873,1.412804153,-0.278344514,-0.155048591,0.167429121,-0.485135784,0.032874708,-0.095256411
1.168352167,-0.055818536,-0.040699093,1.411804973,-0.284280806,-0.153540926,0.163200718,-0.486843673,0.032044461,-0.095591755
1.167328067,-0.056997131,-0.039982027,1.410796768,-0.290283327,-0.15083573,0.155613712,-0.485259189,0.030554752,-0.095280642
1.1663338,-0.058134787,-0.039614147,1.409817844,-0.296077347,-0.149447872,0.151721318,-0.487160813,0.029790481,-0.095654026
1.1653035,-0.059036246,-0.039067548,1.408799702,-0.300668429,-0.147385777,0.145937958,-0.485968536,0.028654918,-0.095419922
1.164319467,-0.059969938,-0.038553649,1.407828261,-0.305423672,-0.145447048,0.140500589,-0.48528641,0.027587291,-0.095285987
1.1633757,-0.060653213,-0.038066794,1.40689371,-0.308903557,-0.143610346,0.135349365,-0.483615071,0.026575848,-0.094957819
1.162434667,-0.061271913,-0.037393796,1.405961021,-0.312054562,-0.1410714,0.128228626,-0.479645338,0.025177691,-0.094178362
1.161318867,-0.062180656,-0.036952605,1.404857476,-0.316682738,-0.139406968,0.123560552,-0.47960544,0.024261114,-0.094170528
1.160239967,-0.062848326,-0.036720953,1.403787581,-0.320083147,-0.13853304,0.121109531,-0.480554827,0.023779856,-0.09435694
1.159280133,-0.063427073,-0.036366348,1.402835553,-0.323030677,-0.137195263,0.117357594,-0.47975042,0.023043164,-0.094198995
1.1583336,-0.064167594,-0.035993334,1.401899007,-0.326802108,-0.135788033,0.113410872,-0.479575129,0.022268225,-0.094164577
1.157402333,-0.064657346,-0.035596088,1.400974345,-0.329296387,-0.134289386,0.109207759,-0.477866296,0.021442944,-0.093829047
1.156377267,-0.064926695,-0.035248814,1.399952911,-0.330668169,-0.132979265,0.105533386,-0.475563704,0.02072148,-0.093376933
1.155348233,-0.065543569,-0.034510214,1.398932198,-0.333809877,-0.130192832,0.097718544,-0.47089057,0.019187036,-0.092459363
1.1543203,-0.06599183,-0.034489474,1.39791031,-0.336092843,-0.130114589,0.097499102,-0.472954094,0.019143949,-0.092864536
1.153285233,-0.066567796,-0.03428014,1.396883011,-0.339026208,-0.129324859,0.095284222,-0.47367258,0.018709057,-0.093005611
1.1523351,-0.066895031,-0.033953976,1.395937291,-0.340692797,-0.128094374,0.091833198,-0.471888144,0.018031448,-0.092655237
1.151369933,-0.067256416,-0.033445732,1.394976998,-0.342533313,-0.126176981,0.086455669,-0.468351131,0.016975571,-0.091960745
1.150337167,-0.067217762,-0.033151745,1.39394371,-0.34233645,-0.125067889,0.083345105,-0.465043704,0.016364811,-0.091311331
1.149264,-0.067478609,-0.033013601,1.392874062,-0.343664932,-0.124546727,0.081883452,-0.464910533,0.016077816,-0.091285183
1.148310567,-0.067902208,-0.032592322,1.391926341,-0.345822295,-0.122957414,0.077426056,-0.4626105,0.015202606,-0.090833572
1.1473815,-0.068165119,-0.03245792,1.39100082,-0.347161287,-0.122450373,0.076004007,-0.462527443,0.014923387,-0.090817263
1.146318533,-0.068353377,-0.032260457,1.389940393,-0.348120078,-0.121705425,0.073914722,-0.46139695,0.014513156,-0.090595291
1.145283467,-0.068556366,-0.031780165,1.388908064,-0.349153888,-0.119893481,0.068832936,-0.457348973,0.013515347,-0.089800471
1.144380333,-0.068564864,-0.031662468,1.388005045,-0.34919717,-0.119449457,0.067587625,-0.456146944,0.01327083,-0.089564453
1.143381,-0.068597875,-0.031578422,1.387006157,-0.349365293,-0.119132388,0.06669837,-0.455425812,0.013096225,-0.089422858
1.142364167,-0.068831595,-0.031413546,1.385992475,-0.350555617,-0.118510378,0.06495388,-0.454871646,0.012753694,-0.089314048
1.141326233,-0.068939914,-0.031391971,1.384956003,-0.351107278,-0.118428986,0.064725607,-0.455195033,0.012708873,-0.089377545
1.140341367,-0.069143332,-0.031147872,1.38397388,-0.352143276,-0.1175081,0.062142885,-0.45364831,0.012201755,-0.089073846
1.139319067,-0.069206884,-0.031083124,1.382952437,-3.52E-01,-1.17E-01,0.061457814,-0.453286903,0.012067242,-0.089002883
1.138354767,-0.069210112,-0.030770684,1.38198818,-0.352483383,-0.116085125,0.058152002,-0.449997535,0.011418146,-0.088357016
1.137373,-0.069006508,-0.030573325,1.381003668,-0.351446436,-0.115340569,0.056063818,-0.446872403,0.011008131,-0.087743396
1.136401367,-0.069051144,-0.030423438,1.380032636,-0.351673766,-0.114775108,0.054477925,-0.44551384,0.01069674,-0.087476642
1.1353229,-0.069071715,-0.030240848,1.378954447,-0.351778533,-0.114086272,0.052546009,-0.443686692,0.010317409,-0.087117882
1.134290667,-0.069118848,-0.030075439,1.37792285,-0.352018577,-0.113462251,0.05079588,-0.442176606,0.009973771,-0.086821377
1.1333351,-0.069027064,-0.030056104,1.376966045,-0.351551126,-0.113389307,0.0505913,-0.441504575,0.009933602,-0.086689423
1.1324058,-0.068995352,-0.029685052,1.376036317,-0.351389619,-0.111989483,0.046665347,-0.437417115,0.009162741,-0.085886851
1.131375067,-0.068750808,-0.029660449,1.375002286,-0.350144173,-0.111896665,0.046405029,-0.435911351,0.009111627,-0.085591194
1.130297633,-0.068551821,-0.029316625,1.373922169,-0.349130741,-1.11E-01,0.042767161,-0.431260052,0.008397332,-0.084677911
1.129311667,-0.068579949,-0.029221165,1.372936582,-0.349273997,-0.110239427,0.041757132,-0.430393278,0.008199013,-0.08450772
1.1283454,-0.068559942,-0.029222412,1.371970045,-0.349172103,-1.10E-01,0.04177033,-0.430304581,0.008201604,-0.084490305
1.127329633,-0.068493813,-0.029013522,1.370953387,-0.348835311,-0.109456076,0.039560141,-0.427757601,0.007767634,-0.083990205
1.1263492,-0.068322351,-0.028999134,1.369970641,-0.347962061,-0.109401797,0.03940791,-0.42673212,0.007737743,-0.083788852
1.125358233,-0.068060589,-0.028841365,1.368976144,-0.346628925,-0.1088066,0.037738617,-0.42372969,0.007409977,-0.083199325
1.124323233,-0.067644159,-0.028653459,1.367935528,-0.344508066,-0.108097705,0.035750448,-0.419620662,0.0070196,-0.082392517
1.123297067,-0.067525148,-0.028622164,1.366907756,-0.343901952,-0.107979643,0.035419331,-0.418683432,0.006954586,-0.082208492
1.122330167,-0.06734398,-0.028650752,1.365938412,-0.342979272,-0.108087494,0.035721809,-0.41806323,0.007013977,-0.082086715
1.121361233,-0.06715937,-0.02839459,1.364966989,-0.342039061,-0.1071211,0.033011457,-0.414412667,0.0064818,-0.081369927
1.1203322,-0.066904617,-0.028247487,1.36393452,-0.34074162,-0.106566142,0.03145502,-0.411558788,0.006176193,-0.080809568
1.119279333,-0.066674359,-0.028250797,1.362878548,-0.33956893,-0.106578628,0.031490038,-0.410421117,0.006183069,-0.080586186
1.118363233,-0.066177604,-0.028148356,1.361955749,-0.337038981,-0.106192162,0.030406152,-0.406807283,0.005970248,-0.07987661
1.117365733,-0.065927853,-0.02793183,1.36095488,-0.335767013,-0.105375296,0.028115166,-0.403244328,0.005520413,-0.079177024
1.116317733,-0.065751773,-0.027828489,1.359904506,-0.334870249,-0.104985434,0.027021758,-0.401254156,0.005305722,-0.078786253
1.115295667,-0.065585032,-0.027687177,1.35888019,-0.334021044,-0.104452322,0.02552659,-0.398909783,0.005012146,-0.078325936
1.114346233,-0.065162467,-0.027705823,1.357925058,-0.331868945,-0.104522667,0.025723879,-0.396954973,0.005050884,-0.077942109
1.113356167,-0.064917105,-0.027659599,1.356931682,-0.330619328,-0.104348283,0.025234801,-0.395216278,0.004954853,-0.077600716
1.1123217,-0.064513532,-0.027525237,1.355891773,-0.328563952,-0.103841389,0.023813164,-0.391739265,0.004675715,-0.076918005
1.111328033,-0.064031457,-0.027177824,1.354891604,-0.32610877,-0.102530744,0.020137323,-0.385608242,0.003953963,-0.075714178
1.1103124,-0.063769408,-0.027281731,1.353872437,-0.324774167,-0.102922741,0.02123672,-0.385373036,0.00416983,-0.075667996
1.109282433,-0.063445319,-0.027264935,1.352838099,-0.323123602,-0.102859378,0.021059011,-0.383544763,0.004134937,-0.075309014
1.108295567,-0.063117368,-0.026990891,1.35184681,-0.321453362,-0.10182552,0.018159449,-0.37897496,0.003565608,-0.074411733
1.107368933,-0.062735458,-0.027168735,1.350915026,-0.319508318,-0.102496455,0.020041156,-0.378911623,0.003935081,-0.074399297
1.1064113,-0.062361736,-0.026845957,1.349952352,-0.317604971,-0.101278744,0.016625958,-0.373593078,0.003264507,-0.073355001
1.1052923,-0.061764891,-0.026786389,1.348825302,-0.314565271,-0.101054021,0.015995699,-0.369923119,0.003140755,-0.072634404
1.104280067,-0.061443018,-0.026838991,1.347808728,-0.312925991,-0.101252464,0.016552253,-0.368840393,0.003250035,-0.072421811
1.103284433,-0.061168576,-0.02664902,1.346809394,-0.311528271,-0.100535782,0.014542242,-0.365432662,0.002855369,-0.071752703
1.102371367,-0.060878147,-0.026802391,1.34589241,-0.310049133,-0.10111439,0.01616501,-0.365576292,0.003174,-0.071780905
1.101346867,-0.060477902,-0.026496337,1.344862512,-0.308010707,-0.099959774,0.012926769,-0.360299625,0.002538171,-0.070744831
1.1003433,-0.060022755,-0.026476346,1.343852807,-0.305692666,-0.099884354,0.012715245,-0.35777006,0.002496638,-0.070248151
1.0993465,-0.059533312,-0.026420482,1.342849406,-0.303199959,-0.099673604,0.012124176,-0.354686284,0.002380582,-0.069642652
1.098273267,-0.05903438,-0.026235852,1.341769444,-0.300658925,-0.098977069,0.010170669,-0.350191744,0.001997011,-0.068760149
1.097286067,-0.058801012,-0.026323368,1.340779096,-0.299470393,-0.099307231,0.011096643,-0.349929185,0.002178826,-0.068708595
1.096336,-0.058385381,-0.026242407,1.339823424,-0.297353608,-0.099001801,0.010240032,-0.34695579,0.00201063,-0.068124769
1.0954067,-0.057975687,-0.025872881,1.338888599,-0.295267059,-0.097607729,0.006330211,-0.340959419,0.001242937,-0.066947382
1.0943213,-0.057599532,-0.025997064,1.337798126,-0.293351322,-0.09807622,0.007644144,-0.340357615,0.001500928,-0.066829218
1.0932947,-0.057169669,-0.025809281,1.336765728,-0.291162051,-0.097367792,0.005657284,-0.336181484,0.001110808,-0.066009234
1.092336333,-0.056604451,-0.025698648,1.335799739,-0.288283429,-0.096950419,0.004486719,-0.332132297,0.000880967,-0.065214176
1.0913611,-0.056281728,-0.025910197,1.334820153,-0.286639817,-0.097748509,0.006725045,-0.332727011,0.001320463,-0.065330949
1.090303833,-0.055982913,-0.025747725,1.333758856,-0.285117966,-0.097135568,0.005005987,-0.329486102,0.000982926,-0.064694596
1.089286033,-0.055626666,-0.02555786,1.332736252,-0.283303619,-0.096419284,0.002997094,-0.325662863,0.000588479,-0.063943903
1.0883371,-0.055261891,-0.025635027,1.331782399,-0.281445843,-0.096710405,0.003813572,-0.324621565,0.000748795,-0.063739444
1.087329833,-0.054839319,-0.02552737,1.330769433,-0.279293707,-0.096304261,0.002674498,-0.321330354,0.000525138,-0.063093215
1.0862905,-0.054274434,-0.025507982,1.329722481,-0.276416774,-0.096231115,0.002469354,-0.318248278,0.000484858,-0.062488049
1.0853284,-0.053876661,-0.025285331,1.328755017,-0.274390938,-0.095391146,0.000113572,-0.313866659,2.22999E-05,-0.061627719
1.084322333,-0.053634948,-0.025003174,1.32774569,-0.273159907,-0.094326685,0.00287182,-0.315393875,0.000563882,-0.061927587
1.083283167,-0.053235382,-0.025290884,1.326701135,-0.271124938,-0.095412095,0.000172327,-0.310659414,3.38363E-05,-0.060997976
1.0823159,-0.05288841,-0.025272037,1.325729188,-0.269357829,-0.095340993,2.70864E-05,-0.308747064,5.31841E-06,-0.060622486
1.081370233,-0.052573508,-0.025230108,1.324779275,-0.267754051,-0.095182811,0.000470725,-0.307586925,9.24268E-05,-0.060394693
1.080369167,-0.052095674,-0.025252781,1.323771764,-0.265320469,-0.095268348,0.000230827,-0.304913444,4.53228E-05,-0.059869755
1.0792922,-0.05162498,-0.024878365,1.322688449,-0.262923249,-0.093855832,0.004192376,-0.306477775,0.000823173,-0.060176911
1.078269333,-0.051459727,-0.024926914,1.321663354,-0.262081626,-0.094038986,0.003678701,-0.305122477,0.000722313,-0.059910798
1.077325167,-0.051045828,-0.024934124,1.320713605,-0.259973658,-0.094066188,0.003602412,-0.302938218,0.000707334,-0.059481919
1.076410033,-0.050752904,-0.024700368,1.319794521,-0.258481815,-0.093184321,0.006075698,-0.303919662,0.001192963,-0.059674626
1.075358833,-0.050408693,-0.024596984,1.318738679,-0.256728767,-0.092794295,0.007169568,-0.303260484,0.001407745,-0.059545196
1.074313467,-0.050097015,-0.024306968,1.317689108,-0.255141406,-0.091700184,0.010238117,-0.304741672,0.002010254,-0.059836027
1.073322333,-0.049515975,-0.024605228,1.316690139,-0.252182198,-0.092825396,0.007082342,-0.298626689,0.001390618,-0.05863535
1.0723021,-0.049302618,-0.024456855,1.315667028,-0.251095583,-0.092265646,0.00865222,-0.299109952,0.001698863,-0.058730239
1.0712954,-0.049130093,-0.024521311,1.314658001,-0.250216926,-0.092508814,0.007970229,-0.297549303,0.001564954,-0.058423806
1.070347633,-0.048767827,-0.024520918,1.313705349,-0.248371923,-0.092507331,0.007974387,-0.295708458,0.001565771,-0.058062356
1.069387167,-0.048504519,-0.024211043,1.312741331,-0.247030907,-0.091338299,0.01125306,-0.297646116,0.002209538,-0.058442815
1.068277667,-0.048273183,-0.023931332,1.311628711,-0.245852729,-0.090283065,0.014212575,-0.299427453,0.002790639,-0.05879258
1.067272633,-0.047722749,-0.024157804,1.310616254,-0.243049398,-0.091137452,0.011816358,-0.294227905,0.002320142,-0.057771649
1.066326033,-0.047431653,-0.024119858,1.309665728,-0.241566859,-0.090994297,0.01221785,-0.293146857,0.002398975,-0.057559385
1.0653503,-0.047271936,-0.024165618,1.308687841,-0.24075343,-0.091166931,0.011733681,-0.29184926,0.002303908,-0.057304602
1.064343967,-0.047045559,-0.024110303,1.307678454,-0.239600504,-0.090958249,0.012318951,-0.291281604,0.002418826,-0.057193143
1.063349967,-0.046833828,-0.023944765,1.306681599,-0.23852217,-0.090333741,0.014070449,-0.291954768,0.002762733,-0.057325319
1.0623735,-0.046523269,-0.023995981,1.305700944,-0.236940511,-0.090526959,0.013528549,-0.289831209,0.002656331,-0.056908358
1.061349533,-0.046225393,-0.023988069,1.30467296,-0.235423441,-0.090497111,0.013612259,-0.288397849,0.002672767,-0.056626918
1.060297267,-0.045818733,-0.02395444,1.303615209,-0.233352344,-0.090370243,0.013968075,-0.286682567,0.002742631,-0.056290122
1.0593361,-0.045631326,-0.023882294,1.302651514,-0.23239789,-0.090098065,0.014731427,-0.286491466,0.002892516,-0.056252599
1.0583336,-0.045455109,-0.023676678,1.301646638,-0.23150043,-0.08932236,0.016906972,-0.287769551,0.003319684,-0.056503551
1.057319733,-0.045239086,-0.023812859,1.300629858,-0.230400234,-0.089836116,0.015466089,-0.285228473,0.003036767,-0.056004611
1.056366067,-0.044956838,-0.023805462,1.299672385,-0.228962762,-0.089808209,0.015544358,-0.283869269,0.003052135,-0.055737731
1.055363833,-0.044713769,-0.023410787,1.298666873,-0.227724823,-0.088319264,0.01972026,-0.286807232,0.003872073,-0.0563146
1.0543439,-0.044292952,-0.023398293,1.297641264,-0.225581623,-0.088272127,0.019852461,-0.284796233,0.003898031,-0.05591974
1.053272567,-0.044077451,-0.023655281,1.296567025,-0.22448409,-0.089241638,0.017133366,-0.280979604,0.003364136,-0.055170345
1.052284233,-0.044010782,-0.023285901,1.295577792,-0.224144548,-0.087848118,0.021041638,-0.284548335,0.004131526,-0.055871066
1.051393333,-0.043868204,-0.023115822,1.294684969,-0.223418406,-0.087206483,0.022841172,-0.285621727,0.004484864,-0.056081826
1.050432567,-0.043610993,-0.023214531,1.293720734,-0.222108446,-0.087578871,0.02179677,-0.283267365,0.004279796,-0.055619547
1.049311767,-0.043417867,-0.023341031,1.292597329,-0.221124865,-0.088056101,0.020458329,-0.280945343,0.004016993,-0.055163618
1.048286067,-0.043069046,-0.023391969,1.291566925,-0.219348337,-0.088248272,0.019919366,-0.278629852,0.003911167,-0.054708971
1.047315233,-0.04280579,-0.023060303,1.290592541,-0.218007587,-0.086997032,0.023428597,-0.280798333,0.004600205,-0.055134753
1.046320733,-0.042739178,-0.02314703,1.289597142,-0.217668335,-0.087324216,0.022510976,-0.27954146,0.00442003,-0.054887966
1.0453402,-0.042532638,-0.02311132,1.288613824,-0.216616438,-0.087189498,0.022888806,-0.278867393,0.004494217,-0.054755613
1.044394667,-0.042340453,-0.023042789,1.287665698,-0.21563765,-0.086930958,0.02361391,-0.278613709,0.004636591,-0.054705802
1.0433701,-0.0421806,-0.022981667,1.286638976,-0.214823529,-0.08670037,0.024260619,-0.278446297,0.004763572,-0.05467293
1.042277633,-0.041980213,-0.023034064,1.285543806,-0.213802971,-0.086898042,0.023706226,-0.276871346,0.004654717,-0.054363689
1.0412758,-0.041624276,-0.022998463,1.284537173,-0.211990199,-0.086763733,0.02408291,-0.275435259,0.004728679,-0.054081713
1.040394733,-0.041508,-0.022907294,1.283654538,-0.211398015,-0.086419791,0.025047531,-0.275807695,0.004918083,-0.054154841
1.0393704,-0.041447451,-0.022619476,1.282629388,-0.211089639,-0.085333973,0.02809282,-0.278544608,0.005516025,-0.054692234
1.0383438,-0.041360668,-0.022717162,1.281601618,-0.210647658,-0.085702501,0.027059245,-0.277069052,0.005313083,-0.054402508
1.037323033,-0.041127828,-0.022740676,1.280577711,-0.20946182,-0.085791209,0.026810456,-0.275634425,0.005264233,-0.054120819
1.036345567,-0.040937147,-0.022701751,1.279597672,-0.208490688,-0.085644361,0.027222307,-0.275075144,0.0053451,-0.054011005
1.0353246,-0.040642927,-0.022400301,1.278572738,-0.206992245,-0.084507116,0.030411827,-0.276766221,0.005971362,-0.054343048
1.0342823,-0.040421155,-0.022529761,1.277527447,-0.205862772,-0.084995516,0.02904206,-0.274266982,0.005702409,-0.053852322
1.0332869,-0.040440284,-0.022615194,1.276532305,-0.205960194,-0.085317818,0.02813813,-0.273460472,0.005524922,-0.053693964
1.032365633,-0.040321552,-0.022672304,1.275609437,-0.2053555,-0.08553327,0.027533871,-0.272251519,0.005406275,-0.053456586
1.031326,-0.040130707,-0.022466018,1.274567229,-0.204383535,-0.084755037,0.029716508,-0.273462191,0.005834836,-0.053694301
1.030318567,-0.040015484,-0.022414175,1.273558242,-0.203796712,-0.084559457,0.030265032,-0.273423892,0.005942539,-0.053686781
1.029358467,-0.039874427,-0.022353408,1.27259624,-0.203078313,-0.084330208,0.030907984,-0.273348446,0.006068783,-0.053671967
1.028354933,-0.039576041,-0.022202717,1.271588682,-0.201558652,-0.083761712,0.032502392,-0.273423193,0.006381845,-0.053686644
1.027316667,-0.039483404,-0.022145572,1.270549166,-0.201086857,-0.083546129,0.033107018,-0.273556023,0.006500563,-0.053712725
1.0263121,-0.039380368,-0.022112209,1.26954321,-0.200562097,-0.083420264,0.033460019,-0.273384264,0.006569875,-0.053679
1.0253488,-0.040064421,-0.022027925,1.268589135,-0.204045942,-0.083102292,0.034351803,-0.277759894,0.006744976,-0.054538155
1.024343833,-0.039685477,-0.021848654,1.267579058,-0.202116,-0.082425979,0.036248594,-0.277726743,0.007117411,-0.054531646
1.0232417,-0.039093063,-0.022032389,1.266468935,-0.199098871,-0.083119133,0.034304571,-0.272765591,0.006735702,-0.053557524
1.022253233,-0.038753112,-0.022038283,1.265475884,-0.197367517,-0.083141371,0.034242202,-0.270971868,0.006723456,-0.053205326
1.0213098,-0.038643858,-0.022080776,1.264530977,-0.196811094,-0.083301679,0.033792603,-0.269965846,0.006635178,-0.053007794
1.020305533,-0.038683235,-0.021831415,1.263527241,-0.197011636,-0.082360944,0.036430993,-0.272804778,0.007153225,-0.053565218
1.0193002,-0.038543982,-0.021857697,1.26252003,-0.196302428,-0.082460095,0.036152913,-0.27181749,0.007098625,-0.053371364
1.018302267,-0.038387659,-0.021802394,1.261519988,-0.195506283,-0.082251459,0.036738053,-0.271606485,0.007213517,-0.053329933
1.017286,-0.038379705,-0.02162883,1.260503614,-0.195465777,-0.081596674,0.038574468,-0.273402394,0.007574097,-0.05368256
1.0162471,-0.038056485,-0.021492537,1.259460355,-0.193819635,-0.081082496,0.040016532,-0.273198316,0.007857246,-0.053642489
1.0152524,-0.037818264,-0.021552474,1.258462442,-0.192606388,-0.081308614,0.039382362,-0.271350899,0.007732727,-0.053279749
1.014331833,-0.037909108,-0.021598365,1.257543101,-0.193069048,-0.081481739,0.038896813,-0.271328011,0.007637389,-0.053275255
1.0133375,-0.037851891,-0.021563067,1.256547996,-0.192777647,-0.081348576,0.039270285,-0.271410081,0.00771072,-0.053291369
1.012281567,-0.037825688,-0.02149012,1.255491709,-0.192644195,-0.081073377,0.040042109,-0.272048453,0.007862268,-0.053416714
1.011228267,-0.037707581,-0.021521043,1.254436816,-0.192042682,-0.081190037,0.039714924,-0.271119756,0.007798025,-0.053234364
1.010281467,-0.037545428,-0.021156916,1.253487829,-0.191216846,-0.079816337,0.04356761,-0.274146605,0.0085545,-0.053828686
1.009305267,-0.037202089,-0.021492549,1.252506999,-0.18946824,-0.081082542,0.040016405,-0.268846795,0.007857221,-0.052788068
1.008249233,-0.037190112,-0.021129251,1.251450804,-0.189407242,-0.079711967,0.043860326,-0.272629718,0.008611975,-0.053530845
1.007270833,-0.037147143,-0.021259332,1.250471824,-0.189188405,-0.08020271,0.042483985,-0.271034539,0.008341731,-0.053217632
1.0063267,-0.037075301,-0.021222337,1.249526722,-0.188822516,-0.080063142,0.042875419,-0.271060084,0.008418588,-0.053222647
1.005275767,-0.0370045,-0.021093284,1.248474834,-0.188461929,-0.079576277,0.044240883,-0.272064961,0.008686697,-0.053419955
1.0042676,-0.036888453,-0.021274522,1.247465102,-0.187870907,-0.080260014,0.042323269,-0.269556326,0.008310174,-0.052927385
1.003268267,-0.036693269,-0.021073531,1.246463137,-0.186876846,-0.079501759,0.044449875,-0.27068887,0.008727733,-0.05314976
1.002270267,-0.036560964,-0.021014445,1.245463352,-0.186203025,-0.079278852,0.045075041,-0.270640216,0.008850484,-0.053140206
1.001236367,-0.036584684,-0.02089653,1.244429772,-0.18632383,-0.078834007,0.046322655,-0.272008634,0.009095453,-0.053408895
1.0003124,-0.036564707,-0.020810286,1.243505536,-0.186222086,-0.078508642,0.047235177,-0.272819412,0.009274627,-0.053568092
0.999352933,-0.036475009,-0.020929259,1.24254486,-0.185765261,-0.078957479,0.045976365,-0.271103776,0.009027459,-0.053231226
0.998268087,-0.036424294,-0.020412584,1.241459329,-0.185506972,-0.077008278,0.051443103,-0.276312225,0.010100853,-0.054253905
0.997187277,-0.036152712,-0.020713129,1.240374856,-0.18412382,-0.078142108,0.048263158,-0.271749127,0.009476471,-0.053357941
0.99623668,-0.035966149,-0.020794614,1.239421743,-0.183173666,-0.078449519,0.047400993,-0.269936808,0.009307185,-0.053002092
0.995292803,-0.036038521,-0.020693285,1.238478843,-0.183542249,-0.078067248,0.048473113,-0.271377511,0.009517696,-0.053284974
0.99432494,-0.035950748,-0.020690799,1.237509796,-0.183095226,-0.078057866,0.048499423,-0.270956799,0.009522862,-0.053202367
0.993280013,-0.035830371,-0.020501924,1.236463246,-0.182482154,-0.07734532,0.050497834,-0.272342138,0.00991525,-0.053474379
0.992257297,-0.035791812,-0.020589243,1.235440009,-0.182285775,-0.07767474,0.049573942,-0.271221866,0.009733843,-0.053254413
0.9912645,-0.035753329,-0.02060101,1.234446693,-0.182089785,-0.077719131,0.049449443,-0.270901377,0.009709398,-0.053191485
0.99022132,-0.035473596,-0.02067896,1.233399741,-0.18066512,-0.078013203,0.048624687,-0.268651956,0.009547457,-0.052749812
0.98927744,-0.035398379,-0.02063701,1.232454846,-0.180282042,-0.077854943,0.049068544,-0.268712736,0.009634609,-0.052761746
0.98833891,-0.035514979,-0.020576828,1.231517889,-0.180875882,-0.077627902,0.049705304,-0.269943334,0.009759636,-0.053003374
0.987306693,-0.035493015,-0.020456671,1.230485376,-0.180764018,-0.077174598,0.050976643,-0.27110281,0.010009264,-0.053231037
0.986223297,-0.035383029,-0.020383022,1.229400496,-0.180203867,-0.076896752,0.051755891,-0.271321907,0.010162269,-0.053274056
0.985246223,-0.035309801,-0.020399705,1.228422435,-0.179830921,-0.076959691,0.051579371,-0.270772441,0.010127609,-0.053166169
0.98432525,-0.035135747,-0.020031283,1.227499114,-0.178944473,-0.075569787,0.055477504,-0.273784126,0.010893008,-0.053757513
0.983295877,-0.034913013,-0.020202492,1.226466737,-0.177810101,-0.076215685,0.053666014,-0.270838264,0.010537322,-0.053179093
0.982250733,-0.03499282,-0.020166259,1.22542267,-0.178216554,-0.076078995,0.054049374,-0.271628077,0.010612595,-0.053334173
0.981310367,-0.035002022,-0.020102544,1.224482427,-0.178263416,-0.075838624,0.054723522,-0.272349087,0.010744964,-0.053475743
0.980355603,-0.034883253,-0.019915146,1.223526062,-0.177658535,-0.07513165,0.056706305,-0.273726989,0.011134283,-0.053746294
0.979291993,-0.034794942,-0.019978211,1.222461261,-0.177208768,-0.075369568,0.056039038,-0.272609956,0.011003265,-0.053526965
0.978253443,-0.034759846,-0.020095128,1.221422238,-0.177030026,-0.075810645,0.054801991,-0.271194167,0.010760371,-0.053248975
0.977292873,-0.03451284,-0.020027836,1.220458337,-0.175772041,-0.075556782,0.055513975,-0.270648166,0.010900169,-0.053141767
0.976291933,-0.034535493,-0.01992844,1.219457702,-0.175887409,-0.0751818,0.056565653,-0.271815211,0.011106666,-0.053370917
0.975269437,-0.034609469,-0.019702643,1.218436203,-0.176264168,-0.074329963,0.058954718,-0.274581035,0.011575759,-0.053913986
0.974305193,-0.034444236,-0.019936017,1.217469731,-0.175422645,-0.075210385,0.056485484,-0.271270278,0.011090925,-0.053263919
0.973329603,-0.034404505,-0.019717863,1.216493605,-0.175220295,-0.074387382,0.058793681,-0.273376126,0.011544139,-0.053677402
0.972238103,-0.034376153,-0.019816812,1.215401723,-0.1750759,-0.074760676,0.05774674,-0.272184789,0.011338572,-0.053443483
0.971238357,-0.034252437,-0.019578989,1.214400308,-0.174445823,-0.073863465,0.060263061,-0.274071033,0.011832652,-0.053813847
0.970295923,-0.034090797,-0.01969131,1.213455695,-0.173622597,-0.074287206,0.059074636,-0.272059382,0.011599305,-0.05341886
0.96935735,-0.034230788,-0.019758602,1.212519009,-0.174335566,-0.074541072,0.058362641,-0.272060356,0.011459505,-0.053419051
0.968310893,-0.034191174,-0.019505467,1.211472018,-0.174133812,-0.073586097,0.06104097,-0.274536931,0.011985394,-0.053905326
0.96726628,-0.034069801,-0.019525928,1.210425768,-0.173515668,-0.073663288,0.06082448,-0.273702296,0.011942887,-0.053741446
0.96625199,-0.034080472,-0.01943851,1.209411622,-0.173570011,-0.073333496,0.061749416,-0.274681576,0.012124498,-0.053933727
0.965264677,-0.033975534,-0.019453251,1.208422893,-0.173035569,-0.07338911,0.06159344,-0.273991158,0.012093872,-0.053798164
0.964275223,-0.033776965,-0.019561554,1.207430762,-0.172024268,-0.073797691,0.060447531,-0.271833948,0.011868873,-0.053374596
0.963339147,-0.033909065,-0.019590253,1.206496467,-0.172697048,-0.073905959,0.060143881,-0.272203078,0.011809251,-0.053447074
0.96235152,-0.033860834,-0.019461635,1.20550819,-0.172451407,-0.073420737,0.061504739,-0.273318295,0.012076456,-0.053666047
0.96128535,-0.033934063,-0.01927081,1.204443007,-0.17282436,-0.072700832,0.063523786,-0.275710294,0.012472895,-0.054135716
0.960221923,-0.03385654,-0.019199738,1.203378535,-0.172429539,-0.07243271,0.064275765,-0.276067453,0.012620546,-0.054205844
0.95925488,-0.033693385,-0.019140116,1.202409291,-0.171598598,-0.072207778,0.064906609,-0.275867356,0.012744413,-0.054166555
0.958347837,-0.033539617,-0.019234943,1.201500174,-0.170815467,-0.072565522,0.063903277,-0.274080894,0.012547409,-0.053815783
0.957309303,-0.033483983,-0.019211618,1.200460891,-0.170532126,-0.072477528,0.064150067,-0.274044342,0.012595866,-0.053808607
0.9562909,-0.03365314,-0.01926098,1.199444769,-0.171393636,-0.07266375,0.063627786,-0.274383571,0.012493316,-0.053875214
0.95567018,-0.034079917,-0.019016727,1.198829804,-0.173567186,-0.071742284,0.066212134,-0.279141469,0.013000753,-0.054809428
0.957151453,-0.035182207,-0.01656123,1.200325944,-0.179181088,-0.062478705,0.092192812,-0.310736049,0.018102059,-0.061013023
0.95684305,-0.037909856,-0.016939916,1.200054328,-0.19307286,-0.06390733,0.088186083,-0.320621092,0.017315337,-0.062953951
0.9569059,-0.03348972,-0.015274756,1.200057565,-0.170561345,-0.057625367,0.105804507,-0.315728,0.020774715,-0.061993193
,,,,,,,,,
,,,,,,,,,
,,,,,,,,,
,,,,,,,,,
,,,,,,,,,
,,,,,,,,,
,,,,,,,,,
,,,,,,,,,
,,,,,,,,,
,,,,,,,,,
,,,,,,,,,
,,,,,,,,,
,,,,,,,,,
,,,,,,,,,
,,,,,,,,,
,,,,,,,,,
,,,,,,,,,
,,,,,,,,,
,,,,,,,,,
,,,,,,,,,
,,,,,,,,,
,,,,,,,,,
,,,,,,,,,
,,,,,,,,,
,,,,,,,,,
,,,,,,,,,
,,,,,,,,,
,,,,,,,,,
,,,,,,,,,
,,,,,,,,,
,,,,,,,,,
,,,,,,,,,
,,,,,,,,,
,,,,,,,,,
,,,,,,,,,
,,,,,,,,,
,,,,,,,,,
,,,,,,,,,
,,,,,,,,,
,,,,,,,,,
,,,,,,,,,
,,,,,,,,,
,,,,,,,,,
,,,,,,,,,
,,,,,,,,,
,,,,,,,,,
,,,,,,,,,
,,,,,,,,,
,,,,,,,,,
,,,,,,,,,
,,,,,,,,,
,,,,,,,,,
,,,,,,,,,
,,,,,,,,,
,,,,,,,,,
,,,,,,,,,
,,,,,,,,,
,,,,,,,,,
,,,,,,,,,
,,,,,,,,,
,,,,,,,,,
,,,,,,,,,
,,,,,,,,,
,,,,,,,,,
,,,,,,,,,
,,,,,,,,,
,,,,,,,,,
,,,,,,,,,
,,,,,,,,,
,,,,,,,,,
,,,,,,,,,
,,,,,,,,,
,,,,,,,,,
,,,,,,,,,
,,,,,,,,,
,,,,,,,,,
,,,,,,,,,
,,,,,,,,,
,,,,,,,,,
