Edisk/V,Idisk/mA,Iring/mA,E-iR vs RHE,jdisk mAcm-2,jring mAcm-2,jCER,jOER,I cer,I OER
0.958709953,0.002957884,-0.034265582,1.203670061,0.015064342,-0.129269938,0.144452894,-0.196006204,0.028363326,-0.038485818
0.959955037,0.00866067,-0.02853828,1.204838233,0.044108326,-0.107663185,0.084123053,-0.106632379,0.016517561,-0.020937268
0.96090913,0.010344334,-0.025842355,1.205769619,0.052683139,-0.097492568,0.055724909,-0.069659422,0.010941586,-0.013677628
0.961864333,0.011608762,-0.023875583,1.20670777,0.059122799,-0.090072747,0.035007468,-0.042502321,0.006873716,-0.008345331
0.962909957,0.012312108,-0.022363668,1.207743907,0.062704903,-0.084368913,0.019081363,-0.022994113,0.003746626,-0.004514894
0.96390601,0.012868294,-0.02142597,1.20873246,0.06553753,-0.080831367,0.009203915,-0.010284037,0.001807189,-0.002019271
0.96488285,0.013080376,-0.020552214,1.209706439,0.066617652,-0.077535042,0,0,0,0
0.9659274,0.013679748,-0.019741863,1.210742906,0.069670223,-0.074477923,0.008536013,-0.005483442,0.001676046,-0.001076674
0.966928443,0.014070665,-0.019068765,1.211738677,0.071661139,-0.071938602,0.015626241,-0.010582754,0.003068212,-0.002077924
0.967883567,0.014434855,-0.01844678,1.212688889,0.073515943,-0.069592108,0.022178065,-0.015279775,0.004354663,-0.003000184
0.96896883,0.014626211,-0.018248575,1.213771571,0.074490508,-0.068844362,0.024265903,-0.016393047,0.00476461,-0.003218775
0.969885847,0.015005618,-0.017768113,1.214683471,0.076422806,-0.067031777,0.029326959,-0.019521805,0.005758348,-0.003833106
0.970929603,0.014989775,-0.01750127,1.215727441,0.07634212,-0.066025086,0.032137814,-0.022413346,0.00631026,-0.00440086
0.971912307,0.015216078,-0.017223917,1.216707092,0.077494669,-0.064978749,0.035059371,-0.024182354,0.006883908,-0.004748205
0.972893657,0.015652258,-0.016891142,1.21768256,0.079716111,-0.063723327,0.038564729,-0.025466271,0.007572185,-0.005000302
0.97389265,0.015716446,-0.016769591,1.218680688,0.080043013,-0.063264763,0.039845121,-0.02641976,0.00782359,-0.00518752
0.974900483,0.015851411,-0.016428658,1.219686701,0.080730386,-0.061978563,0.043436417,-0.029323683,0.00852874,-0.005757705
0.97594283,0.016128121,-0.016218734,1.220725315,0.082139652,-0.061186607,0.045647696,-0.030125696,0.008962925,-0.00591518
0.976881143,0.016164023,-0.016086769,1.221663145,0.082322501,-0.060688758,0.047037779,-0.03133293,0.009235868,-0.006152221
0.977952797,0.016183665,-0.015930276,1.222734533,0.082422538,-0.060098373,0.048686237,-0.032881351,0.009559543,-0.006456253
0.978918593,0.016550387,-0.015534174,1.223695384,0.08429023,-0.058604043,0.052858668,-0.03518609,0.010378799,-0.006908789
0.979887507,0.016663112,-0.015404239,1.224662777,0.084864332,-0.058113853,0.054227364,-0.035980684,0.010647543,-0.007064807
0.980913003,0.016875413,-0.015342309,1.22568541,0.085945572,-0.057880218,0.054879715,-0.035551795,0.010775632,-0.006980595
0.981940867,0.016933285,-0.015320293,1.226712493,0.086240309,-0.057797159,0.055111629,-0.035488972,0.010821168,-0.00696826
0.982919413,0.017094379,-0.015252127,1.227688867,0.087060755,-0.057539996,0.055829674,-0.035386571,0.010962157,-0.006948153
0.983906287,0.016950959,-0.015146184,1.228677675,0.086330325,-0.057140318,0.056945645,-0.037232972,0.011181277,-0.007310694
0.98492205,0.017205851,-0.015033871,1.22969,0.087628473,-0.056716607,0.05812872,-0.037117899,0.011413574,-0.0072881
0.985850257,0.017472515,-0.014800971,1.230614611,0.08898658,-0.05583797,0.060582029,-0.038213101,0.011895281,-0.007503142
0.986956617,0.017634251,-0.014725951,1.231718789,0.089810293,-0.055554952,0.061372265,-0.038179625,0.012050444,-0.007496569
0.987915273,0.017694412,-0.014671031,1.232676635,0.090116688,-0.055347761,0.061950778,-0.038451742,0.012164035,-0.00755
0.988869807,0.017897092,-0.014518418,1.233628435,0.091148928,-0.054772015,0.063558362,-0.039027086,0.012479684,-0.007662968
0.989939093,0.017782326,-0.014449105,1.234699269,0.090564433,-0.054510527,0.064288482,-0.040341702,0.012623044,-0.007921093
0.99088045,0.017795366,-0.014291232,1.23564045,0.090630843,-0.053914936,0.065951477,-0.041938286,0.012949573,-0.008234583
0.991882263,0.018184905,-0.014320915,1.23663701,0.092614746,-0.054026917,0.065638804,-0.039641711,0.012888179,-0.00778365
0.992916147,0.018136231,-0.01428296,1.237671549,0.09236685,-0.053883728,0.066038616,-0.040289418,0.012966682,-0.007910827
0.993902067,0.018339379,-0.014273231,1.23865473,0.093401472,-0.053847027,0.066141091,-0.039357272,0.012986803,-0.0077278
0.994862183,0.018469391,-0.014125502,1.239613093,0.094063618,-0.053289703,0.067697235,-0.04025127,0.013292352,-0.007903337
0.995933253,0.018526466,-0.0141687,1.240683393,0.094354298,-0.053452674,0.067242192,-0.039505547,0.013203004,-0.007756914
0.996902543,0.018374849,-0.013885169,1.241654728,0.09358212,-0.052383027,0.070228834,-0.043264366,0.013789432,-0.008494958
0.9978923,0.018690244,-0.013986114,1.242640231,0.095188408,-0.052763851,0.069165507,-0.040594751,0.013580647,-0.007970779
0.998930477,0.018870367,-0.01388988,1.243675978,0.096105764,-0.052400799,0.070179213,-0.040691102,0.013779689,-0.007989698
0.999914783,0.019046484,-0.013812005,1.24465791,0.09700272,-0.052107011,0.07099952,-0.040614453,0.013940756,-0.007974648
1.000917433,0.019035857,-0.013646823,1.245660703,0.096948595,-0.051483845,0.07273951,-0.042408567,0.014282403,-0.008326922
1.001886733,0.01924953,-0.013691286,1.246627121,0.098036824,-0.051651588,0.072271142,-0.04085197,0.014190439,-0.008021284
1.002910467,0.019037624,-0.013643099,1.247653713,0.096957594,-0.051469795,0.072778737,-0.042438795,0.014290105,-0.008332857
1.0038945,0.019244179,-0.013596904,1.24863496,0.09800957,-0.051295523,0.073265336,-0.041873418,0.014385649,-0.008221846
1.004934867,0.019532109,-0.013511316,1.249671444,0.099475982,-0.050972634,0.0741669,-0.041308571,0.014562671,-0.008110938
1.005937667,0.019529879,-0.013548444,1.250674274,0.099464624,-0.051112702,0.073775804,-0.040928832,0.014485879,-0.008036376
1.0069111,0.019653946,-0.013581461,1.251646034,0.100096493,-0.051237261,0.073428015,-0.039949175,0.014417591,-0.00784402
1.007910233,0.019843996,-0.013464665,1.252642604,0.101064407,-0.050796639,0.074658309,-0.040211554,0.014659159,-0.007895539
1.008916633,0.019847425,-0.013367513,1.253648958,0.101081867,-0.050430125,0.075681678,-0.041217463,0.014860098,-0.008093049
1.009897267,0.01975944,-0.013394728,1.254630778,0.100633766,-0.050532796,0.075395003,-0.041378889,0.014803809,-0.008124745
1.010907133,0.020065982,-0.013250892,1.25563651,0.10219497,-0.049990161,0.076910136,-0.041332818,0.015101305,-0.008115699
1.0119418,0.020219669,-0.013206168,1.256669104,0.10297769,-0.049821437,0.077381243,-0.041021205,0.015193807,-0.008054514
1.0128683,0.020495211,-0.013290692,1.257591888,0.104381008,-0.050140309,0.076490897,-0.03872754,0.015018988,-0.007604153
1.013933067,0.020447465,-0.013293398,1.258657299,0.104137841,-0.050150517,0.076462392,-0.038942204,0.015013391,-0.007646302
1.014955367,0.020537601,-0.013113882,1.259678383,0.104596897,-0.049473279,0.078353362,-0.040374117,0.015384683,-0.007927458
1.0158635,0.020418612,-0.013122441,1.260588121,0.103990896,-0.049505567,0.078263207,-0.040889964,0.015366981,-0.008028744
1.016987167,0.020670796,-0.013143654,1.261708387,0.105275253,-0.049585596,0.078039751,-0.03938215,0.015323105,-0.007732685
1.017899133,0.020928503,-0.013039627,1.262616878,0.106587741,-0.049193144,0.079135547,-0.039165458,0.015538265,-0.007690138
1.018910933,0.020989735,-0.013039178,1.263627852,0.106899594,-0.049191453,0.07914027,-0.038858328,0.015539192,-0.007629833
1.019917333,0.021064782,-0.013041523,1.26463324,0.107281805,-0.049200297,0.079115575,-0.038451423,0.015534343,-0.007549937
1.020935067,0.021303013,-0.012992589,1.26564776,0.108495099,-0.049015691,0.079631026,-0.037753579,0.015635552,-0.007412915
1.021897967,0.021230715,-0.012930741,1.266611635,0.108126889,-0.048782364,0.080282516,-0.038773279,0.015763472,-0.007613133
1.0229537,0.021272556,-0.012960508,1.267666804,0.108339986,-0.048894663,0.079968958,-0.038246624,0.015701905,-0.007509725
1.023933,0.021630815,-0.012878298,1.268641272,0.110164577,-0.048584519,0.080834936,-0.037288011,0.01587194,-0.007321501
1.024898833,0.021650442,-0.01287376,1.269606841,0.11026454,-0.048567399,0.080882738,-0.037235851,0.015881326,-0.007311259
1.026042933,0.022987761,-0.012895639,1.270732905,0.11707543,-0.048649936,0.080652278,-0.0301945,0.015836075,-0.00592869
1.026958567,0.022103264,-0.012871621,1.271660467,0.112570734,-0.048559329,0.08090527,-0.034952187,0.01588575,-0.006862862
1.028019267,0.022088896,-0.0127908,1.272721361,0.112497562,-0.048254423,0.08175662,-0.035876709,0.016052912,-0.007044392
1.028924633,0.021970687,-0.012822633,1.273628322,0.111895527,-0.048374517,0.081421296,-0.036143421,0.015987071,-0.007096761
1.029972367,0.022277773,-0.012826177,1.274671914,0.113459501,-0.048387887,0.081383964,-0.034542116,0.015979741,-0.006782344
1.030964933,0.022471385,-0.012790705,1.275661869,0.114445558,-0.048254065,0.08175762,-0.033929714,0.016053109,-0.006662099
1.031944,0.022580501,-0.012670259,1.276639464,0.115001277,-0.047799673,0.083026362,-0.034642738,0.016302226,-0.006802102
1.0329901,0.022690084,-0.012710325,1.277684086,0.11555938,-0.047950824,0.082604321,-0.033662593,0.016219358,-0.00660965
1.033958,0.022943122,-0.012605703,1.278648574,0.116848088,-0.04755613,0.083706377,-0.033475942,0.016435747,-0.006573001
1.034948333,0.022845497,-0.01264996,1.279640224,0.11635089,-0.047723093,0.083240188,-0.03350695,0.016344211,-0.00657909
1.0359599,0.022947384,-0.012489702,1.280650416,0.116869794,-0.047118503,0.084928307,-0.034676166,0.016675673,-0.006808665
1.036959833,0.023332514,-0.012656868,1.281645155,0.118831242,-0.047749153,0.083167422,-0.030953832,0.016329923,-0.006077785
1.037956033,0.023450928,-0.012575331,1.282639758,0.119434316,-0.047441546,0.084026316,-0.031209652,0.016498567,-0.006128015
1.0389909,0.023573735,-0.012312715,1.283672969,0.120059766,-0.046450804,0.086792642,-0.033350528,0.017041735,-0.006548376
1.039917933,0.023772636,-0.012541895,1.28459732,0.121072756,-0.047315406,0.084378522,-0.029923418,0.016567723,-0.005875463
1.0409791,0.023763924,-0.012458327,1.285658604,0.121028388,-0.047000138,0.085258803,-0.030848067,0.016740566,-0.006057018
1.041962133,0.023717985,-0.012336699,1.286642257,0.120794425,-0.046541287,0.086539996,-0.032363223,0.016992128,-0.006354519
1.042920233,0.024113214,-0.01245943,1.287595026,0.122807302,-0.047004302,0.085247177,-0.029057527,0.016738283,-0.005705445
1.0440458,0.024212049,-0.012435023,1.28871926,0.123310663,-0.046912223,0.085504277,-0.028811266,0.016788765,-0.005657092
1.0449587,0.024439761,-0.012372886,1.289629089,0.12447039,-0.046677806,0.086158812,-0.028306074,0.016917283,-0.005557898
1.045966533,0.024575911,-0.012409732,1.290635086,0.125163794,-0.046816811,0.085770685,-0.027224543,0.016841074,-0.005345539
1.0469864,0.024703529,-0.012391806,1.291653232,0.125813746,-0.046749185,0.08595951,-0.026763416,0.01687815,-0.005254997
1.0480076,0.024628119,-0.012464728,1.292675449,0.125429687,-0.047024288,0.085191374,-0.02637934,0.016727326,-0.005179583
1.0489662,0.024830279,-0.01237501,1.293631322,0.126459277,-0.046685818,0.08613644,-0.026294815,0.01691289,-0.005162987
1.050006533,0.025216413,-0.012313265,1.294666448,0.128425837,-0.046452879,0.086786847,-0.024978663,0.017040597,-0.00490456
1.0509632,0.025395984,-0.012366329,1.295620693,0.129340382,-0.046653068,0.086227884,-0.023505154,0.016930845,-0.004615237
1.051959633,0.025468488,-0.012346013,1.296616148,0.129709639,-0.046576423,0.08644189,-0.023349903,0.016972865,-0.004584753
1.053022833,0.025672583,-0.012324231,1.297676596,0.130749084,-0.046494251,0.086671329,-0.022539897,0.017017915,-0.004425709
1.053956533,0.025644723,-0.012286764,1.298610672,0.130607196,-0.046352903,0.087065999,-0.023076455,0.017095409,-0.004531062
1.0550074,0.025673535,-0.012228803,1.29966115,0.130753934,-0.046134241,0.087676541,-0.023540259,0.017215289,-0.00462213
1.056006633,0.026085801,-0.012249296,1.300654823,0.132853583,-0.046211552,0.087460675,-0.021224745,0.017172904,-0.004167479
1.056997867,0.026187863,-0.012174213,1.30164468,0.133373381,-0.045928295,0.088251577,-0.021495849,0.017328197,-0.00422071
1.0579863,0.026436587,-0.012155637,1.302629759,0.134640117,-0.045858216,0.088447251,-0.020424786,0.017366618,-0.004010407
1.0589757,0.02656951,-0.012182192,1.303617366,0.135317089,-0.045958396,0.08816753,-0.019468093,0.017311694,-0.00382256
1.0600219,0.026671395,-0.012190868,1.304662192,0.135835982,-0.045991127,0.08807614,-0.018857811,0.01729375,-0.003702731
1.0609656,0.026608354,-0.012193388,1.305606742,0.135514916,-0.046000632,0.0880496,-0.019152336,0.017288539,-0.003760561
1.061959967,0.026934901,-0.012186397,1.306596705,0.137178002,-0.04597426,0.088123234,-0.017562884,0.017302997,-0.003448472
1.062974133,0.027183353,-0.012169262,1.307607521,0.138443358,-0.045909614,0.088303737,-0.016478031,0.017338439,-0.003235461
1.0639426,0.027512983,-0.012145619,1.308571542,0.140122146,-0.045820422,0.088552778,-0.015048285,0.017387338,-0.002954731
1.064956567,0.027459644,-0.012112336,1.309586228,0.13985049,-0.045694857,0.088903376,-0.015670538,0.017456178,-0.00307691
1.0660042,0.027772667,-0.012067691,1.310629639,0.141444699,-0.045526433,0.089373648,-0.014546601,0.017548516,-0.002856225
1.0669374,0.027717318,-0.011939628,1.311563586,0.141162811,-0.045043302,0.090722633,-0.016177474,0.017813389,-0.003176447
1.067962967,0.027925707,-0.012085075,1.312586342,0.142224127,-0.045592013,0.089190535,-0.01358406,0.017512562,-0.00266723
1.069003567,0.028279283,-0.01213446,1.313622173,0.144024871,-0.045778322,0.088670329,-0.011263111,0.017410419,-0.002211512
1.069907533,0.02836314,-0.012089855,1.314525009,0.144451946,-0.045610047,0.089140182,-0.011305887,0.017502675,-0.002219911
1.0710321,0.028560131,-0.011983677,1.315646919,0.145455211,-0.045209481,0.090258634,-0.011421075,0.017722283,-0.002242528
1.071986867,0.02883566,-0.012098867,1.31659797,0.146858467,-0.045644046,0.08904525,-0.008804435,0.017484035,-0.001728751
1.0729599,0.028893568,-0.012123888,1.317570222,0.147153389,-0.045738439,0.088781689,-0.008245952,0.017432285,-0.001619093
1.073971267,0.028866825,-0.01201922,1.318581949,0.147017189,-0.045343569,0.089884234,-0.009484698,0.017648769,-0.00186232
1.0749596,0.029366783,-0.012087338,1.31956354,0.149563446,-0.045600551,0.089166696,-0.006220902,0.017507881,-0.001221474
1.075947633,0.029503535,-0.012196361,1.320549729,0.150259919,-0.046011849,0.088018279,-0.004376013,0.017282389,-0.00085923
1.076972233,0.029621352,-0.012107162,1.32157274,0.150859956,-0.045675338,0.088957878,-0.004715574,0.017466879,-0.000925903
1.077964667,0.029875119,-0.012035383,1.322561751,0.152152376,-0.045404545,0.08971398,-0.004179256,0.01761534,-0.000820597
1.0789522,0.030111228,-0.012058446,1.3235461,0.153354866,-0.045491555,0.089471033,-0.002733819,0.017567637,-0.000536785
1.079988133,0.030096237,-0.012156073,1.324582235,0.153278516,-0.045859859,0.088442662,-0.001781798,0.017365717,-0.000349856
1.0809492,0.03039955,-0.012037934,1.325539211,0.154823273,-0.045414171,0.089687101,-0.00148148,0.017610062,-0.000290889
1.0819697,0.030802397,-0.011848122,1.326554278,0.156874953,-0.044698087,0.091686533,-0.001429233,0.018002651,-0.00028063
1.0829641,0.03096904,-0.011974755,1.327546431,0.157723657,-0.04517582,0.09035262,0.000753384,0.017740737,0.000147927
1.0839596,0.031165567,-0.011956212,1.32853928,0.158724556,-0.045105867,0.09054794,0.001558964,0.017779088,0.000306103
1.084969167,0.031545558,-0.012050706,1.329543722,0.160659834,-0.045462352,0.089552571,0.004489611,0.017583647,0.000881535
1.085944433,0.031535397,-0.012109056,1.330519126,0.160608083,-0.045682485,0.088937922,0.005052509,0.017462961,0.00099206
1.086981567,0.031669369,-0.012023765,1.331554452,0.161290393,-0.045360717,0.089836355,0.004836386,0.017639368,0.000949624
1.087924833,0.032173008,-0.012121161,1.332490927,0.163855401,-0.045728151,0.088810415,0.008427334,0.017437925,0.001654707
1.088978133,0.032344866,-0.012111728,1.333541909,0.164730666,-0.045692564,0.088909781,0.009203233,0.017457435,0.001807055
1.089983433,0.032774516,-0.012171195,1.334541414,0.166918847,-0.045916909,0.08828337,0.012017825,0.01733444,0.0023597
1.090936467,0.032964492,-0.012056363,1.335491886,0.167886385,-0.045483695,0.089492978,0.011775755,0.017571946,0.002312169
1.0919517,0.033150177,-0.011989967,1.336504615,0.168832072,-0.045233211,0.090192374,0.012022046,0.017709273,0.002360529
1.0929746,0.033160482,-0.012009904,1.337527376,0.168884553,-0.045308425,0.089982363,0.012284538,0.017668037,0.002412069
1.093935267,0.033597466,-0.012185239,1.338482149,0.171110087,-0.045969889,0.088135439,0.016356996,0.017305393,0.003211696
1.094956967,0.033951896,-0.012132487,1.339499069,0.172915182,-0.045770878,0.088691113,0.017606417,0.0174145,0.00345702
1.096020167,0.034240207,-0.012026474,1.34055838,0.174383536,-0.045370935,0.089807825,0.017958059,0.017633767,0.003526065
1.096897767,0.034468457,-0.012191866,1.341432902,0.175546001,-0.045994891,0.088065631,0.020862718,0.017291687,0.004096395
1.098008033,0.03493159,-0.012146654,1.342536923,0.177904713,-0.045824326,0.088541878,0.022745182,0.017385198,0.004466017
1.0989805,0.034945786,-0.012202286,1.343509198,0.177977012,-0.046034201,0.087955869,0.023403491,0.017270135,0.004595275
1.0999562,0.035279064,-0.012171995,1.344480403,0.179674379,-0.045919927,0.088274943,0.024781784,0.017332785,0.004865903
1.100972767,0.035781293,-0.012145123,1.345490196,0.182232203,-0.045818551,0.088558002,0.027056549,0.017388364,0.005312553
1.1019585,0.03610417,-0.012201789,1.346471575,0.183876598,-0.046032329,0.087961098,0.029297848,0.017271162,0.005752632
1.1029731,0.036476798,-0.012285681,1.34748115,0.185774374,-0.046348816,0.087077409,0.032079313,0.017097649,0.006298773
1.103973367,0.036762646,-0.012244851,1.348477561,0.187230181,-0.046194783,0.087507498,0.033105031,0.017182097,0.006500173
1.105006867,0.036971581,-0.012325122,1.349508243,0.188294277,-0.046497611,0.086661948,0.035014677,0.017016074,0.006875132
1.105901233,0.037088456,-0.012279679,1.350401034,0.188889515,-0.046326175,0.087140626,0.035131238,0.017110062,0.006898019
1.106989567,0.037658631,-0.012325781,1.351481677,0.191793383,-0.046500097,0.086655007,0.038520724,0.017014711,0.007563544
1.107950767,0.038012061,-0.0124077,1.352438111,0.193593386,-0.046809143,0.085792094,0.04118364,0.016845278,0.008086408
1.108977267,0.038379949,-0.012408919,1.353459649,0.195467016,-0.046813742,0.085779254,0.043070111,0.016842756,0.008456816
1.109963567,0.038672394,-0.01233381,1.354442005,0.196956423,-0.046530388,0.086570428,0.043768343,0.016998103,0.008593914
1.110983267,0.039062073,-0.012371978,1.35545645,0.198941037,-0.04667438,0.086168376,0.046155009,0.016919161,0.009062536
1.111977067,0.03916707,-0.012420597,1.356448833,0.199475785,-0.0468578,0.085656237,0.047201895,0.016818602,0.009268092
1.112889067,0.039617495,-0.012457474,1.357354759,0.201769773,-0.04699692,0.085267788,0.049884333,0.01674233,0.009794789
1.113987333,0.040156338,-0.012494612,1.358445758,0.204514074,-0.047137029,0.08487658,0.053019842,0.016665516,0.010410446
1.1149277,0.040507266,-0.012456812,1.359381392,0.206301328,-0.046994425,0.085274755,0.054408921,0.016743698,0.010683192
1.1159436,0.040849163,-0.012686732,1.360392681,0.208042592,-0.047861816,0.082852847,0.058572093,0.016268157,0.01150063
1.116993467,0.041283541,-0.012523597,1.361436689,0.210254854,-0.047246375,0.084571267,0.059065936,0.016605568,0.011597596
1.117944367,0.041440296,-0.01261259,1.362385475,0.211053199,-0.04758211,0.083633835,0.060801712,0.016421504,0.011938416
1.118958833,0.041674725,-0.012648855,1.36339678,0.212247134,-0.047718925,0.083251826,0.062377655,0.016346496,0.012247853
1.119974233,0.042249273,-0.012794453,1.364404431,0.215173279,-0.048268203,0.081718143,0.066837484,0.016045357,0.01312354
1.1209275,0.042524173,-0.012641329,1.365353991,0.216573327,-0.04769053,0.08333111,0.066624565,0.016362063,0.013081733
1.121926467,0.042982499,-0.012706135,1.366346776,0.218907556,-0.047935018,0.082648454,0.06964145,0.016228024,0.013674099
1.122980467,0.043355266,-0.012848701,1.367395749,0.220806042,-0.048472859,0.08114671,0.07304168,0.015933156,0.014341734
1.123898567,0.043702698,-0.012918262,1.368309163,0.222575493,-0.048735286,0.080413966,0.075543875,0.015789282,0.01483304
1.124981367,0.043752392,-0.01282962,1.369391293,0.222828582,-0.048400874,0.081347704,0.074863226,0.015972622,0.014699394
1.125976767,0.044329488,-0.012796197,1.37037891,0.225767702,-0.048274783,0.081699772,0.077450278,0.01604175,0.015207362
1.1269269,0.044721158,-0.013077036,1.371323761,0.227762453,-0.049334273,0.078741491,0.08240331,0.015460892,0.01617989
1.128017133,0.045309753,-0.012899238,1.372406056,0.230760139,-0.048663514,0.080614367,0.08352812,0.015828631,0.016400746
1.128956,0.045456599,-0.012955935,1.373342942,0.231508018,-0.048877408,0.080017136,0.08487323,0.015711365,0.016664859
1.1299568,0.045988323,-0.013045398,1.374336571,0.234216056,-0.049214916,0.079074757,0.088523647,0.015526329,0.017381618
1.130963867,0.04607502,-0.013183613,1.375342468,0.234657601,-0.049736344,0.077618838,0.090421111,0.015240459,0.017754185
1.131969833,0.046410449,-0.013294457,1.376343911,0.236365921,-0.050154514,0.076451234,0.093297036,0.0150112,0.018318873
1.132956833,0.046963662,-0.013330664,1.37732345,0.239183405,-0.050291108,0.076069839,0.096495914,0.014936313,0.018946973
1.134016267,0.047230861,-0.013453655,1.37837928,0.240544236,-0.050755104,0.074774282,0.099152302,0.01468193,0.019468554
1.1349615,0.047594599,-0.013524109,1.379319608,0.242396737,-0.051020895,0.074032146,0.101746939,0.014536212,0.019978012
1.135997267,0.048080249,-0.013541976,1.380348824,0.244870126,-0.0510883,0.073843939,0.104408535,0.014499258,0.020500616
1.137005,0.048301193,-0.013573064,1.381353578,0.245995379,-0.051205585,0.07351646,0.105861267,0.014434957,0.02078586
1.1379849,0.048461889,-0.01383897,1.382331311,0.246813798,-0.052208737,0.070715482,0.109480664,0.013884985,0.021496528
1.1389906,0.049047572,-0.01389911,1.383329112,0.249796649,-0.052435621,0.070081984,0.113097013,0.013760597,0.022206599
1.139972567,0.049432336,-0.013786123,1.384305889,0.251756231,-0.052009366,0.071272161,0.113866418,0.013994289,0.022357671
1.1410168,0.0500603,-0.014061225,1.385341653,0.254954416,-0.053047213,0.068374312,0.119962453,0.013425296,0.023554628
1.1419352,0.050288099,-0.01402556,1.386256981,0.256114585,-0.052912663,0.068749997,0.120746935,0.013499062,0.023708661
1.142984733,0.050684722,-0.014115752,1.387301165,0.258134564,-0.053252922,0.067799936,0.123716976,0.013312517,0.024291828
1.144017667,0.05082828,-0.014297355,1.388332163,0.258865701,-0.053938036,0.065886976,0.126361073,0.012936908,0.024810997
1.144903067,0.051309615,-0.014369156,1.389211071,0.261317114,-0.054208911,0.065130647,0.129568815,0.012788403,0.025440837
1.145976333,0.05196009,-0.014401939,1.390275565,0.264629945,-0.054332586,0.064785323,0.133226969,0.012720598,0.026159115
1.1469827,0.052370075,-0.014701231,1.391276402,0.266717978,-0.055461694,0.061632656,0.13846767,0.012101572,0.027188127
1.1479569,0.052747312,-0.014718085,1.392245515,0.268639224,-0.055525278,0.06145512,0.140566452,0.012066713,0.027600223
1.148973233,0.053303911,-0.015039265,1.393254341,0.271473955,-0.056736958,0.058071898,0.146784405,0.011402417,0.028821118
1.1499753,0.053576779,-0.014891608,1.394252728,0.272863655,-0.056179907,0.05962728,0.146618723,0.011707816,0.028788586
1.1509356,0.05399246,-0.015203463,1.395207422,0.274980698,-0.057356408,0.056342284,0.152020762,0.011062807,0.029849277
1.151943533,0.054702015,-0.015493611,1.396205785,0.278594423,-0.058451018,0.05328594,0.158690831,0.010462694,0.031158945
1.152969133,0.055101011,-0.015559537,1.397226004,0.280626488,-0.05869973,0.052591494,0.161417342,0.01032634,0.031694295
1.153939533,0.055919467,-0.01577787,1.398185366,0.284794843,-0.059523409,0.050291637,0.167885553,0.009874763,0.032964328
1.1550134,0.056353933,-0.015977547,1.399253373,0.287007553,-0.060276707,0.048188297,0.172201603,0.009461772,0.033811785
1.155982267,0.056877841,-0.016144894,1.400215174,0.28967579,-0.060908041,0.046425503,0.176632635,0.009115647,0.034681818
1.1569586,0.057163019,-0.016350643,1.401187661,0.291128183,-0.061684246,0.044258202,0.180252328,0.008690098,0.035392545
1.157982767,0.057888878,-0.016600548,1.402202039,0.294824945,-0.062627036,0.041625767,0.186581526,0.008173219,0.036635283
1.158964667,0.058614311,-0.016901275,1.403174155,0.298519537,-0.063761552,0.038457998,0.193443886,0.007551228,0.037982707
1.159974633,0.059287441,-0.017062303,1.404175043,0.301947753,-0.064369046,0.036761769,0.198568332,0.007218173,0.038988892
1.1609841,0.059872617,-0.017357891,1.405176618,0.304928023,-0.065484179,0.033648122,0.204662249,0.006606809,0.040185433
1.162000133,0.060732269,-0.017643517,1.406181057,0.309306183,-0.066561727,0.030639419,0.212049112,0.00601605,0.041635843
1.162956967,0.061171554,-0.017848816,1.407131966,0.311543438,-0.067336234,0.028476859,0.216448927,0.005591431,0.042499747
1.163997,0.061915004,-0.018289762,1.408161973,0.315329789,-0.068999742,0.023832054,0.224880083,0.004679424,0.044155204
1.164953167,0.062954366,-0.01854115,1.409104122,0.320623205,-0.069948128,0.021183994,0.232821559,0.004159477,0.045714513
1.165991067,0.063754771,-0.018756482,1.410131227,0.324699621,-0.070760486,0.018915749,0.239166221,0.003714107,0.046960287
1.166973467,0.064725847,-0.019242387,1.411100531,0.329645263,-0.072593604,0.013797361,0.249230249,0.002709112,0.048936359
1.1679879,0.065637216,-0.019520235,1.412102673,0.334286814,-0.073641812,0.010870582,0.25679858,0.002134439,0.050422401
1.168963167,0.066437993,-0.020012061,1.41306714,0.338365129,-0.07549727,0.005689818,0.266057659,0.001117196,0.052240421
1.169945267,0.067121019,-0.020449193,1.414040028,0.341843743,-0.077146388,0.001085192,0.274140899,0.000213077,0.053827566
1.1710022,0.068376171,-0.020832427,1.415080033,0.348236167,-0.078592172,0.002951691,0.278666824,0.000579565,0.054716231
1.171946367,0.069578308,-0.021329433,1.416007987,0.354358582,-0.080467172,0.00818702,0.27955391,0.001607521,0.05489041
1.1730128,0.07076177,-0.021891158,1.41705846,0.360385893,-0.082586329,0.014104079,0.279664162,0.002769336,0.054912058
1.173991,0.071926731,-0.022508675,1.418020948,0.366318975,-0.084915964,0.020608828,0.279092495,0.004046543,0.054799811
1.174974633,0.073196935,-0.023053965,1.418987451,0.372788059,-0.08697312,0.026352768,0.279817639,0.005174366,0.054942193
1.175943233,0.074239105,-0.023641973,1.419941995,0.378095771,-0.089191434,0.032546688,0.278931431,0.006390542,0.054768187
1.176971967,0.075619179,-0.024118548,1.420952116,0.385124414,-0.090989355,0.037566799,0.280939963,0.007376241,0.055162562
1.177920967,0.0773395,-0.024933235,1.421877915,0.393885918,-0.094062834,0.04614849,0.281119776,0.009061256,0.055197868
1.1789777,0.07875816,-0.025615412,1.422915515,0.401111079,-0.096636405,0.053334353,0.281159073,0.0104722,0.055205584
1.179964633,0.080347555,-0.02647307,1.423881013,0.409205782,-0.099871997,0.062368693,0.280219437,0.012246093,0.055021086
1.180932833,0.08220358,-0.02722259,1.424824181,0.418658414,-0.102699628,0.070263933,0.28177683,0.013796323,0.05532688
1.182016467,0.083850215,-0.028004483,1.425885607,0.427044638,-0.105649388,0.078500181,0.281926805,0.01541351,0.055356328
1.182946767,0.085526218,-0.028924772,1.426793303,0.435580431,-0.109121259,0.088194251,0.280768528,0.017316941,0.0551289
1.183968967,0.087769498,-0.029825028,1.427785249,0.447005339,-0.112517555,0.097677306,0.282710381,0.019178939,0.055510183
1.185008,0.089805116,-0.030838514,1.428796828,0.457372632,-0.116341021,0.108353092,0.282401888,0.02127513,0.055449611
1.185952367,0.092073666,-0.031897171,1.4297106,0.468926232,-0.120334896,0.119504693,0.282803887,0.023464747,0.055528543
1.1869306,0.09441582,-0.033056472,1.430657245,0.480854697,-0.124708463,0.131716458,0.282520586,0.025862527,0.055472917
1.1879677,0.096859011,-0.03418838,1.431661395,0.493297737,-0.128978684,0.143639662,0.283040423,0.028203648,0.055574987
1.189058233,0.09918857,-0.035465533,1.43272051,0.505162059,-0.133796859,0.157092851,0.281451556,0.030845181,0.055263013
1.190026967,0.102170431,-0.036721067,1.433649028,0.520348514,-0.13853347,0.170318301,0.28341256,0.033441998,0.055648056
1.191054,0.10515896,-0.038258656,1.434635756,0.535568931,-0.14433416,0.186514842,0.282436437,0.036622189,0.055456394
1.192040167,0.108360947,-0.039704948,1.435578739,0.551876479,-0.149790424,0.201749688,0.283509139,0.039613551,0.055667019
1.193122833,0.111755997,-0.041365912,1.436615617,0.569167286,-0.156056557,0.219245831,0.283303803,0.043048919,0.055626702
1.194184633,0.115987517,-0.043195789,1.437620348,0.59071819,-0.162959931,0.238521261,0.285579277,0.04683365,0.056073491
1.195278833,0.119760257,-0.04498876,1.438663667,0.609932552,-0.169724074,0.257407933,0.285906967,0.050542048,0.056137833
1.196221633,0.123645797,-0.046760292,1.439554064,0.629721399,-0.176407334,0.276068765,0.287034981,0.054206102,0.056359319
1.197241133,0.127676803,-0.048512221,1.440519199,0.650251099,-0.18301664,0.294523105,0.289110342,0.057829612,0.056766816
1.198238433,0.131808627,-0.050515372,1.441460774,0.671294253,-0.190573706,0.31562376,0.289052842,0.061972725,0.056755525
1.199196633,0.13606682,-0.05271549,1.442361545,0.692981003,-0.198873846,0.338799204,0.287564147,0.066523224,0.05646322
1.200272233,0.140720987,-0.05499349,1.443374376,0.716684424,-0.207467802,0.362795036,0.287271736,0.071234805,0.056405805
1.201240533,0.145211447,-0.057223495,1.444282115,0.739554096,-0.215880692,0.386285298,0.286651145,0.075847118,0.056283952
1.202199933,0.150107893,-0.059249819,1.445175478,0.764491435,-0.22352518,0.407630048,0.290243736,0.08003816,0.056989357
1.203246367,0.155568073,-0.061999114,1.446148272,0.792299839,-0.233897135,0.436590366,0.289091821,0.085724518,0.056763179
1.204265967,0.160917157,-0.064395775,1.447095731,0.819542433,-0.242938753,0.461836148,0.291088633,0.090681528,0.057155253
1.205220067,0.16692833,-0.067207339,1.44796876,0.850157016,-0.253545626,0.491452394,0.292086969,0.096496678,0.057351276
1.206283533,0.172842473,-0.070122475,1.448952465,0.88027743,-0.264543235,0.522159647,0.29150013,0.102526047,0.057236051
1.207255833,0.179054587,-0.073133657,1.449840984,0.911915389,-0.275903185,0.553878619,0.291419118,0.108754067,0.057220144
1.208232067,0.185326157,-0.076229784,1.450732635,0.943856158,-0.287583596,0.586492371,0.290746135,0.115157777,0.057088004
1.209297967,0.192296053,-0.079339847,1.451704534,0.979353467,-0.299316586,0.619252936,0.29348288,0.121590314,0.057625363
1.2102051,0.19952347,-0.082684105,1.452514193,1.016162312,-0.311933092,0.654480432,0.295064228,0.128507233,0.057935861
1.211264833,0.20698747,-0.086217664,1.453473262,1.054176063,-0.325263758,0.691701988,0.295856423,0.135815685,0.058091409
1.212260233,0.21469612,-0.089937968,1.454364698,1.093435803,-0.339298931,0.730890651,0.2959275,0.143510379,0.058105365
1.213235933,0.222983883,-0.093744585,1.455228624,1.135644937,-0.35365973,0.770988519,0.298038766,0.151383596,0.058519912
1.214256633,0.231116593,-0.097535004,1.456139641,1.177064392,-0.367959423,0.810915768,0.299530972,0.159223311,0.058812906
1.215279067,0.239811133,-0.101751488,1.457044814,1.221345217,-0.383866481,0.85533106,0.299396505,0.167944254,0.058786504
1.216265533,0.249123263,-0.105529417,1.457905691,1.268771395,-0.39811905,0.895126732,0.30702701,0.175758134,0.060284753
1.21723,0.258602783,-0.110338247,1.45874231,1.317050081,-0.416260786,0.945781639,0.30465079,0.185704225,0.059818183
1.218277767,0.26839624,-0.114167503,1.459657996,1.366927629,-0.430706996,0.986117986,0.314191991,0.193624267,0.061691597
1.219279533,0.27872608,-0.118441163,1.460520448,1.419536949,-0.446829756,1.031135558,0.321783739,0.202463467,0.063182237
1.220241133,0.289237627,-0.12341321,1.461340282,1.473071692,-0.465587241,1.083509745,0.322944295,0.212747138,0.063410112
1.2212835,0.299979157,-0.1284701,1.462237781,1.527777727,-0.484664806,1.136777648,0.324382427,0.223206291,0.06369249
1.2222482,0.31151721,-0.133923313,1.463046871,1.586540413,-0.505237535,1.194220313,0.325702447,0.234485158,0.063951676
1.2232317,0.323381303,-0.13899564,1.463870364,1.646963602,-0.524373335,1.247650822,0.332695128,0.244976239,0.065324688
1.224209133,0.335636327,-0.14464883,1.464682518,1.709377778,-0.545700494,1.307199987,0.335560139,0.256668717,0.065887233
1.225287867,0.348234057,-0.150225707,1.46559135,1.77353734,-0.566739754,1.365945288,0.3409744,0.268203357,0.066950323
1.226202033,0.361374807,-0.15639566,1.466328292,1.840462473,-0.590016448,1.430937898,0.342906924,0.280964656,0.067329774
1.2272572,0.37445428,-0.162796103,1.46720706,1.907075528,-0.614162687,1.498358426,0.34209945,0.294202677,0.067171227
1.228209267,0.388374703,-0.16864243,1.467971387,1.977971496,-0.636218471,1.55994204,0.351411804,0.30629462,0.068999708
1.229204233,0.402872673,-0.1758092,1.468770824,2.051808879,-0.663255744,1.635434845,0.349756382,0.321117632,0.068674666
1.230228767,0.417594533,-0.18256854,1.469596808,2.126786521,-0.688755951,1.706635893,0.353532975,0.335097958,0.0694162
1.2312231,0.432789627,-0.189421263,1.470386211,2.204174315,-0.714608456,1.778820616,0.358736046,0.349271428,0.070437823
1.232228233,0.448533067,-0.195600343,1.471179017,2.284354809,-0.737919581,1.843909363,0.373827793,0.362051603,0.073401087
1.233267233,0.464275617,-0.20299575,1.472005703,2.36453077,-0.765819406,1.921810565,0.376102553,0.377347504,0.073847736
1.234226033,0.480643303,-0.210723083,1.472743757,2.447890519,-0.794971454,2.003208191,0.378064675,0.393329928,0.074232999
1.235179733,0.497800827,-0.218956777,1.47346606,2.535272863,-0.82603379,2.089939676,0.378715535,0.410359655,0.074360795
1.236276867,0.514885427,-0.226000813,1.474332779,2.622283813,-0.852608041,2.164139642,0.391526519,0.424928819,0.076876232
1.237204933,0.532946687,-0.234678213,1.475017259,2.71426884,-0.885344299,2.255545012,0.392106176,0.442876263,0.076990048
1.2382566,0.55120893,-0.242804127,1.475822629,2.807277464,-0.916000025,2.341141172,0.39951864,0.459683069,0.078445485
1.239244867,0.56980002,-0.250789097,1.476560164,2.901960886,-0.94612403,2.425252673,0.410090561,0.476198362,0.080521282
1.240202133,0.588691987,-0.25947156,1.477262641,2.998176657,-0.97887939,2.516711379,0.414847626,0.494156279,0.081455331
1.2412465,0.60828827,-0.26868509,1.478042719,3.097979475,-1.013638247,2.613764197,0.417597627,0.5132126,0.081995294
1.242234733,0.62844185,-0.27760569,1.478759148,3.200620576,-1.047291998,2.707731369,0.426271554,0.531663054,0.08369842
1.243243633,0.649120747,-0.28640039,1.479489158,3.305937085,-1.080470781,2.800372346,0.438947087,0.54985311,0.086187261
1.2442577,0.669908287,-0.295665263,1.48022287,3.411806909,-1.115423335,2.897966001,0.447223257,0.569015624,0.087812286
1.245274333,0.691405633,-0.30596929,1.480949576,3.521291741,-1.154296186,3.006505813,0.448168275,0.590327416,0.087997841
1.246210733,0.712741813,-0.314806123,1.481598222,3.629955759,-1.187633921,3.099590611,0.463747496,0.608604616,0.091056821
1.247253167,0.734755893,-0.32367188,1.482343759,3.742072286,-1.221080771,3.192980079,0.482474554,0.626941639,0.094733879
1.248200233,0.75762973,-0.334963123,1.482982334,3.858567507,-1.263677984,3.311918964,0.480030891,0.650295289,0.094254065
1.249250867,0.780550997,-0.344151257,1.483723836,3.975304287,-1.298341029,3.40870426,0.499982374,0.669299081,0.098171539
1.2502667,0.80400743,-0.35465324,1.48442332,4.094766641,-1.33796069,3.519329295,0.508819694,0.691020307,0.099906747
1.251268867,0.82765337,-0.364517697,1.485106582,4.215194143,-1.375175224,3.623238797,0.525337694,0.711422938,0.103150056
1.252281567,0.852208577,-0.376887283,1.485788114,4.340252491,-1.421840583,3.753536657,0.520098182,0.737006923,0.102121278
1.2532089,0.876130123,-0.385624957,1.486392825,4.462083643,-1.454804228,3.84557693,0.549889061,0.75507903,0.107970717
1.2542651,0.901537837,-0.398456527,1.48710636,4.591483762,-1.50321246,3.980741197,0.544124913,0.781618534,0.106838927
1.255242167,0.926894683,-0.408726253,1.487741447,4.72062482,-1.541955911,4.088919703,0.565087465,0.802859384,0.110954924
1.256249867,0.953258913,-0.421885513,1.488393581,4.854896426,-1.591600382,4.227535767,0.560743008,0.830076648,0.11010189
1.257273733,0.978978867,-0.43162348,1.489070572,4.985886767,-1.628337722,4.330112858,0.589156257,0.85021766,0.115680831
1.258219933,1.0060365,-0.443930787,1.489651854,5.12368984,-1.674768124,4.459754677,0.597317511,0.875672831,0.117283293
1.259236667,1.032580077,-0.456336657,1.490310603,5.258874849,-1.721570365,4.590434736,0.601822462,0.90133186,0.11816784
1.2603229,1.0608739,-0.466985177,1.491015247,5.402973771,-1.761742848,4.702603347,0.633752772,0.923356167,0.124437357
1.261351933,1.091565933,-0.481046477,1.491630347,5.559286648,-1.814790345,4.850721255,0.641947741,0.952439118,0.126046439
1.262418567,1.120959767,-0.49361215,1.492300556,5.708987862,-1.862195458,4.983084639,0.659285571,0.978428669,0.129450722
1.263512233,1.151082533,-0.507775347,1.492987967,5.862401494,-1.915627369,5.132275898,0.663507943,1.007722373,0.130279785
1.2644919,1.1821847,-0.52194346,1.493548169,6.020803158,-1.969077828,5.281518949,0.672666557,1.037026246,0.132078078
1.265546333,1.2102617,-0.531684,1.494223937,6.16379781,-2.005824876,5.384123146,0.713057011,1.05717258,0.140008744
1.266523033,1.240315133,-0.54883466,1.494795317,6.316858331,-2.070527257,5.564783532,0.685457147,1.092645246,0.134589511
1.267524367,1.2704177,-0.560154297,1.495390667,6.470169086,-2.113231587,5.684021504,0.71952993,1.116057622,0.141279702
1.268547767,1.300237667,-0.572443407,1.496011895,6.622040574,-2.15959334,5.813471645,0.741951277,1.141475157,0.145682133
1.269536067,1.331077367,-0.58555929,1.49658427,6.779105509,-2.209074169,5.951630791,0.760857066,1.168602706,0.149394285
1.2705579,1.362224733,-0.599947173,1.497186029,6.937737374,-2.26335373,6.103188838,0.767930883,1.198361128,0.150783229
1.271549967,1.3931079,-0.613323707,1.497761585,7.095023682,-2.313817885,6.2440936,0.78431243,1.226027778,0.153999746
1.2725385,1.424445,-0.62692197,1.498327485,7.254621849,-2.365118535,6.387334006,0.800670191,1.254153032,0.157211592
1.273536967,1.4563038,-0.639073013,1.498896283,7.416877005,-2.41095942,6.51532979,0.834929563,1.279285004,0.16393842
1.274565633,1.487828967,-0.65359082,1.49949978,7.577432985,-2.465729128,6.668256415,0.842558919,1.309312147,0.165436444
1.275533833,1.5209057,-0.670537077,1.500021885,7.745891011,-2.529660379,6.846763671,0.832509688,1.344362047,0.163463277
1.276503133,1.553047667,-0.679034073,1.500557697,7.90958832,-2.56171605,6.936268722,0.906701946,1.361936363,0.178030927
1.277529767,1.586333633,-0.695177973,1.501135414,8.07911196,-2.622620339,7.106324171,0.906170137,1.395326751,0.177926506
1.278541967,1.619198333,-0.71007325,1.501704378,8.246490111,-2.678814087,7.263226962,0.916645497,1.426134614,0.179983343
1.279543867,1.652638333,-0.723965823,1.502255284,8.416798234,-2.731225047,7.409567549,0.940613033,1.454868588,0.184689369
1.280507167,1.686216333,-0.736685713,1.502765729,8.587809184,-2.779211957,7.543555409,0.977636123,1.481177105,0.191958853
1.2816079,1.720048833,-0.752953887,1.503410175,8.760116289,-2.840585078,7.71491992,0.978578717,1.514824526,0.192143931
1.282515667,1.754640533,-0.76768738,1.503851415,8.936289958,-2.896168484,7.870118529,0.999553777,1.545297773,0.196262384
1.283533033,1.789549033,-0.78353103,1.504397982,9.114077073,-2.955940054,8.037011227,1.010448194,1.578067154,0.198401503
1.284564433,1.823864267,-0.79621913,1.504966584,9.288842713,-3.003807032,8.17066422,1.051560841,1.60430992,0.206473971
1.285496167,1.858428467,-0.810004297,1.505432161,9.464876326,-3.055812792,8.315873414,1.08238526,1.632821745,0.212526346
1.286514667,1.893886967,-0.82518808,1.505972444,9.645464562,-3.113094956,8.475815256,1.103031654,1.664226325,0.216580265
1.287557567,1.929483267,-0.83964773,1.506535269,9.826754605,-3.167645264,8.628129274,1.132007679,1.694133183,0.222269708
1.288519333,1.964978767,-0.855644683,1.50701832,10.00753128,-3.227995184,8.796636827,1.1442768,1.727219641,0.22467875
1.289527533,2.001914733,-0.87328108,1.507528377,10.19564417,-3.294530049,8.982413831,1.14661269,1.763696956,0.225137402
1.2905738,2.037081167,-0.884381593,1.508100365,10.37474493,-3.336407716,9.099343617,1.208783659,1.786656119,0.237344671
1.2914852,2.074409033,-0.907165823,1.508508337,10.56485375,-3.422363237,9.339346496,1.158889599,1.833780685,0.227547973
1.2925375,2.110450267,-0.918032827,1.509074561,10.74840981,-3.463359968,9.453816552,1.227975608,1.85625688,0.241113011
1.293565067,2.147377667,-0.935838203,1.5096041,10.93647908,-3.530532325,9.641373545,1.22848788,1.893083695,0.241213595
1.294483467,2.184873733,-0.947348397,1.510016803,11.12744453,-3.573955546,9.762618789,1.298208088,1.916890199,0.254903158
1.2955781,2.221956,-0.962569573,1.51061132,11.31630252,-3.63137878,9.922954522,1.326730347,1.94837212,0.260503504
1.296528933,2.259494733,-0.978343637,1.511055881,11.50748527,-3.690887828,10.08911421,1.351753408,1.980997576,0.265416782
1.297566,2.297613233,-0.998539507,1.511578856,11.70162075,-3.767078533,10.30185201,1.333151082,2.022768642,0.261764215
1.298531,2.334518833,-1.012150613,1.512046123,11.88957898,-3.818427635,10.44522771,1.377733626,2.05092046,0.270517997
1.2995667,2.373135533,-1.026471723,1.512561012,12.08625176,-3.872455289,10.59608238,1.423551728,2.080540775,0.279514382
1.300554133,2.411536533,-1.044159933,1.513030544,12.28182599,-3.939185624,10.78240517,1.432803167,2.117125255,0.281330902
1.3015332,2.449508033,-1.059096133,1.513497502,12.4752128,-3.995533758,10.93973904,1.46885611,2.14801776,0.288409897
1.302543167,2.4897233,-1.079921333,1.513965098,12.68002699,-4.074098666,11.15910603,1.454303313,2.191090469,0.285552455
1.3035,2.5268489,-1.0896715,1.514421231,12.86910568,-4.110882031,11.26181163,1.540676396,2.211256714,0.30251181
1.304523467,2.5648036,-1.110018367,1.514932815,13.06240693,-4.187642384,11.47613999,1.519649288,2.253340086,0.298383138
1.305518833,2.604093,-1.124333967,1.515398299,13.26250573,-4.24164925,11.62693662,1.568951456,2.282949006,0.308063618
1.306579033,2.6422468,-1.140287933,1.515943931,13.45682098,-4.301836999,11.79499136,1.595211966,2.315946554,0.31321987
1.307506933,2.682996067,-1.1581316,1.51632226,13.66435481,-4.369153808,11.98295169,1.614785463,2.352852565,0.317063126
1.308562767,2.722564133,-1.175005767,1.516844452,13.86587285,-4.432813093,12.16069957,1.63855562,2.387753361,0.321730396
1.309519233,2.761801167,-1.1880201,1.517271742,14.06570495,-4.481910816,12.29778902,1.701298277,2.414670874,0.334049917
1.310508133,2.802278767,-1.207430333,1.517714734,14.27185519,-4.555137637,12.50225114,1.702986403,2.45481701,0.33438138
1.311574933,2.842095667,-1.223092633,1.518244536,14.47464052,-4.614225047,12.66723354,1.740789329,2.487211306,0.341803985
1.3125033,2.882565433,-1.242882067,1.518627101,14.68075087,-4.688882434,12.87569005,1.738443171,2.528141741,0.341343317
1.3135309,2.923805933,-1.2590114,1.519098504,14.89078652,-4.749731769,13.04559206,1.778576813,2.561502,0.349223557
1.314545633,2.963080033,-1.271319233,1.519583561,15.0908074,-4.796164158,13.17523942,1.848950327,2.586958261,0.363041397
1.315510333,3.005261967,-1.2927899,1.519979367,15.30563772,-4.877164145,13.40140558,1.837614487,2.631365986,0.360815605
1.316513567,3.0456747,-1.310994967,1.520437567,15.5114576,-4.945844368,13.5931728,1.851667148,2.669019479,0.363574845
1.3175754,3.085693967,-1.325622567,1.520959674,15.71527358,-5.001028282,13.74725596,1.901399965,2.699273707,0.373339883
1.3185207,3.128357167,-1.343148367,1.52132959,15.93255496,-5.067145911,13.93186797,1.934069343,2.735522275,0.379754515
1.3195758,3.1699741,-1.362577067,1.521823416,16.14450777,-5.140442399,14.13652461,1.941365509,2.775706606,0.381187118
1.320530767,3.210990333,-1.374329467,1.52222521,16.35340124,-5.184779366,14.26032119,2.026462398,2.800014065,0.397895892
1.321517633,3.253150167,-1.394506567,1.522643481,16.56811901,-5.260899259,14.47286127,2.028640083,2.84174631,0.39832348
1.322580833,3.295358,-1.415009467,1.523137438,16.78308123,-5.338248261,14.68883324,2.027630341,2.884152406,0.398125218
1.323534267,3.3361039,-1.4303853,1.523541345,16.99059791,-5.396254952,14.85079808,2.073182177,2.915954204,0.40706932
1.3245605,3.378233833,-1.443512667,1.523999386,17.2051634,-5.445779102,14.98907819,2.149467555,2.943105503,0.422047954
1.325558233,3.42089,-1.4580557,1.52442183,17.42240896,-5.500643981,15.14227055,2.213520764,2.973184822,0.434624802
1.3265609,3.4637141,-1.482275367,1.524846943,17.6405098,-5.592014814,15.39739392,2.176498227,3.023278297,0.427355427
1.3275439,3.5052386,-1.495641767,1.525269915,17.85199185,-5.642440739,15.53819195,2.247182254,3.050923988,0.441234236
1.3285483,3.5483311,-1.513342767,1.525693141,18.07145964,-5.709219326,15.72464946,2.280192524,3.087534922,0.447715802
1.329554033,3.5904026,-1.5277991,1.52613147,18.28572753,-5.763757121,15.87692854,2.342181331,3.11743492,0.459887304
1.3305288,3.6340964,-1.550115067,1.526516953,18.5082577,-5.847946077,16.11199886,2.329641187,3.163590977,0.457425047
1.331537333,3.6759618,-1.5641831,1.526960862,18.72147594,-5.901018976,16.2601877,2.394670585,3.192687855,0.470193569
1.3325182,3.7199475,-1.5857118,1.527348508,18.94549274,-5.982237899,16.48696517,2.391909924,3.23721561,0.469651514
1.333557733,3.762843,-1.5983107,1.527809524,19.16395722,-6.029768363,16.61967855,2.477661017,3.263273883,0.486488741
1.3345481,3.807181933,-1.6206974,1.528201906,19.38977302,-6.114224167,16.85549396,2.467661416,3.309576238,0.484525319
1.335601333,3.851011033,-1.6404341,1.528664031,19.61299228,-6.188682612,17.06339498,2.48297964,3.350397605,0.487533052
1.3365138,3.893262367,-1.653190533,1.529006668,19.82817605,-6.236807384,17.19776778,2.563790613,3.376781704,0.503400287
1.3375119,3.936954267,-1.671661233,1.52941551,20.05069655,-6.306489732,17.39233311,2.591745785,3.414984606,0.508889285
1.338564433,3.980734767,-1.6877802,1.52987759,20.27366828,-6.367299959,17.56212592,2.644924711,3.448323424,0.519330967
1.339522067,4.025252967,-1.7059716,1.530234822,20.50039708,-6.435928623,17.75374917,2.680030254,3.48594865,0.52622394
1.3405355,4.0689423,-1.730027933,1.530659032,20.72290451,-6.526683266,18.00715204,2.649134812,3.535704304,0.52015762
1.341548433,4.111403933,-1.737745833,1.531099299,20.93915932,-6.555799726,18.0884503,2.784091371,3.551667217,0.546656341
1.342505933,4.156537533,-1.761737267,1.531448097,21.16902232,-6.646309528,18.34116953,2.76123514,3.601288637,0.54216852
1.343523633,4.200572667,-1.7756814,1.53187191,21.39329089,-6.698915004,18.48805324,2.838620003,3.630129253,0.557363037
1.344580467,4.245058833,-1.7953287,1.532328773,21.61985655,-6.773036179,18.69501255,2.858226347,3.670765714,0.561212743
1.345518367,4.289002567,-1.8096903,1.532674019,21.84365962,-6.827216584,18.84629374,2.930748234,3.700469775,0.575452416
1.346568833,4.3336177,-1.826333633,1.533122776,22.0708821,-6.89000503,19.02161008,2.982654366,3.734893139,0.585644185
1.347559733,4.377459833,-1.8426112,1.533522392,22.29416773,-6.951413589,19.19307354,3.034476538,3.768559989,0.595819468
1.348506467,4.424333267,-1.870952067,1.533836959,22.53289161,-7.058332013,19.49160851,2.974665438,3.827177332,0.584075559
1.349535033,4.467053233,-1.884383533,1.534289375,22.7504621,-7.109003408,19.63309193,3.050752518,3.8549576,0.599015257
1.3505075,4.511648833,-1.902397867,1.534660396,22.97758509,-7.176964072,19.82285001,3.088117428,3.8922166,0.606351857
1.351546133,4.557186433,-1.915844267,1.535084879,23.20950564,-7.227691805,19.96449073,3.178397259,3.920027755,0.624078302
1.3525407,4.6018982,-1.933736033,1.535476433,23.43722027,-7.295190076,20.15295773,3.217644883,3.957033251,0.631784573
1.353543667,4.6475574,-1.9569108,1.535863609,23.66976012,-7.382618931,20.39707442,3.20606805,4.004965562,0.629511462
1.354548667,4.692943867,-1.9718585,1.536256497,23.90091096,-7.43901045,20.55452942,3.279763882,4.035881853,0.643981638
1.3555289,4.738847133,-1.9942157,1.536617648,24.13469383,-7.523354963,20.79003409,3.278042091,4.082123193,0.643643565
1.3565734,4.780525067,-1.9983051,1.537100052,24.3469573,-7.538782586,20.83311071,3.44722894,4.090581288,0.676863402
1.357508833,4.829104433,-2.0322997,1.537380312,24.59436941,-7.667030218,21.19120058,3.336551178,4.160892233,0.655131824
1.3585371,4.872953267,-2.0381901,1.537817204,24.81768916,-7.689252273,21.25324845,3.49782306,4.173075333,0.686797558
1.359522,4.9184543,-2.059803567,1.538188446,25.04942348,-7.770790986,21.48091882,3.501887001,4.217778411,0.687595513
1.360560133,4.965639433,-2.079932133,1.53859021,25.28973483,-7.846727783,21.69294767,3.530169506,4.259410275,0.693148783
1.361569067,5.012255367,-2.107517167,1.538970449,25.52714727,-7.950794759,21.9835209,3.477008716,4.316464329,0.682710661
1.3625462,5.0554498,-2.116168733,1.539365034,25.7471342,-7.983433558,22.07465415,3.605862395,4.334358343,0.708011081
1.3635387,5.1023132,-2.134084167,1.539725503,25.98580698,-8.051021114,22.26337045,3.655818873,4.371412788,0.717820036
1.364506233,5.147318033,-2.1501998,1.540086071,26.21501418,-8.111818765,22.43312815,3.715268375,4.404744712,0.729492945
1.3655754,5.193626867,-2.1706032,1.540530686,26.45086258,-8.188792394,22.64805201,3.736192912,4.446945012,0.733601478
1.366520067,5.239868167,-2.1935035,1.540851711,26.68636703,-8.2751858,22.88927754,3.73047184,4.494309645,0.732478146
1.367551567,5.286829767,-2.2100373,1.541249856,26.92553994,-8.337561022,23.06344009,3.795482195,4.528506462,0.745242929
1.368537833,5.3318744,-2.2221536,1.541628621,27.15494983,-8.383270834,23.1910699,3.897262286,4.553566574,0.76522745
1.369507067,5.378805767,-2.2463363,1.541964906,27.39396876,-8.474502207,23.44580388,3.881547233,4.603583591,0.762141799
1.3705421,5.4233346,-2.251927067,1.542399394,27.62075172,-8.495593868,23.50469549,4.049438574,4.61514696,0.795107264
1.3715708,5.467188867,-2.267051933,1.542836646,27.84409914,-8.552653764,23.66401672,4.113464768,4.646429683,0.807678807
1.372536867,5.519111633,-2.300079267,1.543102448,28.108539,-8.677252298,24.01191766,4.030003687,4.714740033,0.791291224
1.373597,5.565523933,-2.319730133,1.543536634,28.34491435,-8.751386929,24.21891455,4.059382155,4.755383871,0.797059686
1.374608633,5.608734933,-2.333732933,1.543965495,28.56498565,-8.80421373,24.36641623,4.131951772,4.784345827,0.81130873
1.375497367,5.656143033,-2.3509232,1.544214851,28.80643256,-8.86906553,24.54749382,4.192321087,4.819900412,0.823162245
1.3765656,5.70318,-2.369943,1.544648712,29.0459893,-8.940819406,24.74784322,4.231528433,4.859239016,0.830860608
1.377545433,5.748987,-2.3843371,1.545010762,29.27928189,-8.99512242,24.89946675,4.313197491,4.889010297,0.846896327
1.3785381,5.797541167,-2.409343567,1.545348595,29.52656566,-9.089461526,25.16287807,4.297069937,4.940731108,0.843729682
1.379571633,5.843747467,-2.421113067,1.545758959,29.76189186,-9.133863005,25.28685478,4.40841943,4.965073936,0.865593155
1.380528667,5.8881952,-2.4394447,1.546116541,29.98826178,-9.203020712,25.47995521,4.441688911,5.002989206,0.872125618
1.381550867,5.937920733,-2.458944333,1.546468109,30.24151125,-9.276584801,25.68535905,4.489534549,5.043320249,0.881520109
1.3825287,5.982095733,-2.478052533,1.546850169,30.46649215,-9.348672175,25.88663962,4.513234872,5.08284169,0.886173667
1.383546767,6.029078467,-2.491512133,1.547234595,30.70577268,-9.399449705,26.02841939,4.610735644,5.110680147,0.905317944
1.384511367,6.078438433,-2.5158065,1.547533494,30.95716034,-9.49110235,26.28432964,4.606213055,5.160928124,0.904429933
1.385582967,6.124255033,-2.532183333,1.54798718,31.19050182,-9.552885401,26.45683874,4.667045431,5.194800287,0.91637437
1.386519967,6.1722342,-2.549363533,1.548277101,31.43485714,-9.617699224,26.63781029,4.730429198,5.230334051,0.928819773
1.3875215,6.217825433,-2.568359767,1.548663761,31.66705084,-9.689364193,26.83791145,4.762521747,5.269623912,0.935121145
1.388504533,6.265247333,-2.586403433,1.549007231,31.90856803,-9.75743552,27.02797852,4.813971861,5.306943582,0.945223375
1.389505667,6.311628333,-2.594269733,1.549382839,32.14478397,-9.787111832,27.11083998,4.967326338,5.323213431,0.975334526
1.390526067,6.359875033,-2.622019367,1.549752552,32.39050182,-9.891799776,27.40314707,4.920737103,5.380607927,0.96618673
1.391538133,6.4069077,-2.6359938,1.550130305,32.63003667,-9.944519561,27.55034995,5.013069069,5.409511212,0.984316112
1.392530033,6.4543945,-2.6556351,1.550481766,32.87188439,-10.0186181,27.75724606,5.048020681,5.450135263,0.991178861
1.393474333,6.5025285,-2.672815667,1.550776899,33.11702827,-10.08343331,27.93822147,5.112189142,5.485669786,1.003778338
1.3945146,6.548946567,-2.692193667,1.551191141,33.35343299,-10.15653852,28.14234405,5.144471283,5.525749254,1.010116936
1.395527667,6.597844133,-2.705290033,1.551544742,33.60246567,-10.20594573,28.28029761,5.2555504,5.552836436,1.031927321
1.3965008,6.641759567,-2.720561767,1.551925603,33.82612461,-10.26355969,28.4411659,5.318341059,5.584422924,1.044256267
1.3975209,6.692122133,-2.749480067,1.552266479,34.08261845,-10.37265653,28.7457834,5.270217402,5.64423457,1.034807187
1.3985623,6.7411372,-2.759686067,1.55264683,34.33224955,-10.41115957,28.85329063,5.412341277,5.665343614,1.06271321
1.399507333,6.7878186,-2.7793412,1.552962286,34.56999542,-10.4853103,29.06033245,5.443045313,5.705996277,1.068741947
1.4005334,6.834147167,-2.7981554,1.553363535,34.80594432,-10.55628853,29.25851611,5.48081055,5.744909639,1.076157152
1.401555967,6.882377467,-2.811217067,1.553735636,35.05157864,-10.60556482,29.39610416,5.588856835,5.771925051,1.097372039
1.402506033,6.930229667,-2.8227869,1.554040336,35.29528733,-10.64921304,29.51797763,5.710692042,5.795854908,1.121294382
1.403583,6.978864033,-2.8600434,1.554461387,35.54297954,-10.78976648,29.91042747,5.565934426,5.872912433,1.092871225
1.404533633,7.024401967,-2.863752433,1.554797865,35.77490179,-10.80375913,29.94949741,5.758786726,5.880583817,1.130737774
1.405530467,7.073076867,-2.886777967,1.555138237,36.02280044,-10.89062499,30.19204212,5.764140674,5.928207469,1.131789021
1.4065464,7.121428967,-2.9012165,1.555502061,36.26905509,-10.94509564,30.3441337,5.85830374,5.958070651,1.150277939
1.407513167,7.168595767,-2.926262467,1.555832705,36.50927307,-11.03958376,30.60796109,5.834694321,6.009873161,1.14564223
1.4085574,7.2194012,-2.940776433,1.556191742,36.76802241,-11.09433898,30.76084727,5.940557488,6.039892361,1.166428463
1.409549667,7.2625602,-2.933542733,1.556601938,36.98782888,-11.06704921,30.68464944,6.236561783,6.024930918,1.224548906
1.4105413,7.312296733,-2.968353433,1.556922791,37.24113437,-11.19837565,31.05133588,6.123180834,6.096929801,1.202286557
1.411545433,7.360639567,-2.9843159,1.557274941,37.48734182,-11.25859547,31.21948016,6.201244006,6.12994493,1.217614261
1.4125416,7.4073879,-3.005172033,1.557640629,37.72542857,-11.33727707,31.439173,6.219637923,6.173081618,1.221225906
1.4135289,7.4563885,-3.0243296,1.557967074,37.97498599,-11.40955068,31.64097359,6.267394752,6.212705164,1.23060296
1.414545233,7.506010333,-3.047310167,1.558314174,38.22770733,-11.4962469,31.88304463,6.278045047,6.260235812,1.232694145
1.4155103,7.552075233,-3.050222467,1.558657979,38.46231339,-11.50723381,31.913722,6.481973732,6.266259315,1.272735542
1.416520867,7.599376367,-3.077776833,1.559030611,38.70321552,-11.6111851,32.2039722,6.432625663,6.323249942,1.263046049
1.417500533,7.649642167,-3.095213433,1.559332359,38.95921654,-11.67696621,32.3876446,6.504954282,6.359314017,1.277247773
1.418469033,7.697114967,-3.1026837,1.559660609,39.20099295,-11.70514845,32.46633436,6.668040945,6.374764751,1.30926984
1.4195238,7.74276,-3.1260523,1.560099777,39.43346066,-11.79330856,32.71249283,6.654350174,6.423097967,1.306581657
1.420458067,7.794949367,-3.157446667,1.560330183,39.6992583,-11.91174658,33.04319255,6.589448099,6.488030856,1.293838134
1.4215321,7.841330067,-3.163056633,1.560778695,39.93547271,-11.93291068,33.10228641,6.76656865,6.499633936,1.328615754
1.422512167,7.890817633,-3.1908816,1.56109134,40.18751023,-12.03788282,33.39538704,6.725505541,6.557184244,1.320553013
1.423513333,7.939627967,-3.201104867,1.561434217,40.43609863,-12.076451,33.50307614,6.866404837,6.578329001,1.34821859
1.4245381,7.982821467,-3.201360467,1.561876448,40.65608081,-12.07741527,33.50576857,7.083694591,6.578857658,1.390883433
1.425519367,8.0343194,-3.2272087,1.562163179,40.91835702,-12.17493002,33.77804682,7.073692542,6.632319493,1.388919531
1.426498267,8.0852906,-3.2567388,1.562454647,41.1779506,-12.28633493,34.08910886,7.022224087,6.693396524,1.3788137
1.4275382,8.131654433,-3.260205333,1.562869287,41.41407911,-12.29941273,34.12562438,7.22183708,6.700566347,1.418007711
1.428533933,8.1775163,-3.276793633,1.563246497,41.64765113,-12.36199356,34.30036102,7.280672465,6.734875885,1.429560039
1.4295023,8.228755967,-3.294679467,1.563523811,41.908612,-12.42946945,34.48876552,7.353228833,6.771869109,1.443806481
1.430571233,8.2787145,-3.3233281,1.56391897,42.16304813,-12.53754895,34.79054242,7.305888052,6.831123005,1.434511119
1.431531633,8.3265721,-3.336994167,1.564233931,42.40678431,-12.58910539,34.93449705,7.405669609,6.859388496,1.454103228
1.432474433,8.371342367,-3.342368767,1.564572929,42.63479688,-12.60938155,34.99111163,7.577067598,6.870504768,1.487757223
1.433525067,8.421561233,-3.359953067,1.564946277,42.89055887,-12.67571987,35.17633986,7.647601357,6.906874331,1.501606526
1.434473033,8.4710261,-3.379518967,1.565227128,43.14248077,-12.74953396,35.38244172,7.693421399,6.947342432,1.510603292
1.435589267,8.519656167,-3.395987033,1.565687504,43.39015109,-12.8116612,35.55591186,7.767621582,6.981403293,1.525172498
1.4365826,8.569699633,-3.408538733,1.566005918,43.64501978,-12.85901359,35.68812805,7.890274077,7.007363942,1.549255315
1.437568,8.620169,-3.432326133,1.566310654,43.90205755,-12.94875366,35.93869805,7.896741851,7.056563362,1.550525262
1.4385834,8.667756733,-3.455712933,1.566684254,44.14441932,-13.03698243,36.18504823,7.892753433,7.104934221,1.549742137
1.439596533,8.715677267,-3.4656625,1.567051099,44.38847602,-13.07451805,36.28985426,8.032004107,7.125512884,1.577084006
1.440584833,8.764138233,-3.4809107,1.567385822,44.63528512,-13.13204323,36.45047465,8.118192817,7.157050698,1.59400716
1.441594767,8.816416433,-3.506245467,1.567690697,44.90153518,-13.22762088,36.71734419,8.117573343,7.209450532,1.593885526
1.4425797,8.859529833,-3.5145111,1.568094174,45.12110941,-13.25880371,36.80441212,8.25007964,7.22654632,1.619903137
1.443562733,8.910801567,-3.541842467,1.568385723,45.3822336,-13.36191371,37.0923133,8.223302644,7.283075717,1.614645474
1.444560967,8.9585657,-3.544195833,1.568739777,45.62549376,-13.37079199,37.11710302,8.441773085,7.287943179,1.657542145
1.445537,9.0075051,-3.563802233,1.569055781,45.8747395,-13.44475887,37.32363151,8.484490337,7.328495046,1.665929678
1.446616633,9.058087367,-3.5816133,1.569453228,46.13235226,-13.51195269,37.51124844,8.554486174,7.36533363,1.67967336
1.447548967,9.1058159,-3.601531567,1.569741863,46.37543112,-13.58709611,37.72106204,8.587751429,7.406530531,1.686204993
1.448596067,9.153536133,-3.613601867,1.570145376,46.6184677,-13.63263239,37.84820729,8.703642758,7.431495502,1.708960255
1.449602,9.203155833,-3.6323782,1.570482105,46.87117817,-13.70346776,38.04599208,8.758568438,7.470330545,1.719744913
1.450565,9.252021767,-3.653775033,1.570786066,47.12004974,-13.78418921,38.2713805,8.782051591,7.514585561,1.72435583
1.4516283,9.298550933,-3.661367333,1.571221843,47.35702029,-13.81283183,38.35135572,8.939046914,7.530288696,1.755181862
1.4525559,9.3509035,-3.688230667,1.571443381,47.6236491,-13.91417613,38.63432676,8.92270468,7.58585006,1.751973064
1.453576067,9.396197333,-3.674840367,1.571852685,47.85432816,-13.86366004,38.49327699,9.294433516,7.558154936,1.824962021
1.454578633,9.4464,-3.7140155,1.572178185,48.11000764,-14.01145169,38.90593718,9.137452806,7.639180766,1.794138858
1.455566867,9.494068467,-3.7227444,1.57252353,48.35278058,-14.04438224,38.99788504,9.288277888,7.657234727,1.823753363
1.456543333,9.542370167,-3.747659367,1.572848568,48.59877854,-14.13837615,39.26033252,9.271828372,7.70876629,1.820523501
1.457592767,9.591081933,-3.764996833,1.573241042,48.84686495,-14.20378328,39.44296067,9.337286627,7.744625328,1.833376229
1.4585688,9.639491733,-3.777428633,1.573564188,49.09341346,-14.25068334,39.57391387,9.452881939,7.770337989,1.856073369
1.459556867,9.6886479,-3.8014265,1.573889302,49.34376318,-14.34121741,39.82670087,9.450444657,7.819972716,1.855594808
1.460615867,9.7416486,-3.8200938,1.574233499,49.6136929,-14.41164145,40.02333713,9.523738116,7.858582245,1.869985979
1.461535733,9.787774033,-3.8131071,1.574531288,49.84860725,-14.38528351,39.94974113,9.832248466,7.844131671,1.930561986
1.462580233,9.836281733,-3.828976967,1.57492158,50.09565436,-14.44515398,40.11690999,9.912126719,7.876955276,1.946246081
1.4636016,9.881421067,-3.840796867,1.575334168,50.32554656,-14.4897456,40.2414176,10.01751131,7.901402345,1.966938345
1.464562967,9.936839233,-3.881054567,1.575548128,50.6077883,-14.64162133,40.66548125,9.875689397,7.984667244,1.939091613
1.4655401,9.9819695,-3.881755233,1.575916605,50.83763433,-14.64426466,40.67286189,10.09815479,7.986116431,1.982772693
1.466564467,10.02991603,-3.9024025,1.576294332,51.08182344,-14.7221583,40.89035457,10.12485122,8.028821121,1.988014537
1.4675646,10.08117507,-3.929267867,1.576603152,51.34288295,-14.82351027,41.17334704,10.10291826,8.084386691,1.983708
1.468573767,10.13097243,-3.9356811,1.576940718,51.59649826,-14.84770476,41.24090229,10.28897832,8.097651165,2.020240892
1.4695875,10.17597237,-3.945838933,1.577347553,51.8256805,-14.88602608,41.34790214,10.41116071,8.118660586,2.044231405
1.470568767,10.22554467,-3.969760033,1.577660254,52.07814956,-14.97627054,41.5998805,10.41165141,8.168136536,2.044327754
1.4715323,10.27628433,-3.984105,1.577939479,52.33656396,-15.0303882,41.75098648,10.51895983,8.197806195,2.065397763
1.4725643,10.32259033,-3.9861927,1.578346965,52.57239793,-15.03826423,41.77297774,10.73280254,8.202124179,2.107385778
1.473571833,10.37263567,-4.013871267,1.578679554,52.82727612,-15.14268407,42.06453623,10.69612224,8.259371689,2.100183602
1.474527333,10.423843,-4.036340367,1.578944437,53.08807232,-15.22745074,42.30121961,10.72023505,8.305844471,2.104918153
1.475591967,10.47325067,-4.049783067,1.579342726,53.33970291,-15.27816451,42.44282136,10.8302639,8.333647974,2.126522317
1.476597167,10.51797767,-4.0529027,1.579744708,53.56749512,-15.2899336,42.47568273,11.02519474,8.340100303,2.164796987
1.477496333,10.57043467,-4.0769426,1.579936404,53.8346558,-15.38062625,42.72891249,11.03912566,8.389821968,2.167532323
1.4786302,10.61789767,-4.0932331,1.580430153,54.07638231,-15.4420836,42.90051219,11.10925247,8.423515568,2.181301723
1.479610767,10.671265,-4.105209833,1.580690973,54.34817927,-15.48726689,43.02667184,11.25488978,8.448287015,2.209897609
1.480676567,10.72658667,-4.127070267,1.581010668,54.62992955,-15.5697373,43.25694369,11.3063682,8.493500894,2.220005397
1.481687633,10.77149167,-4.124145367,1.581416116,54.8586283,-15.55870286,43.22613359,11.56587706,8.487451331,2.27095996
1.4826748,10.825964,-4.1586938,1.581668632,55.13605297,-15.68903988,43.59005739,11.47937793,8.558907768,2.253975856
1.483635033,10.87197833,-4.161682133,1.582008286,55.37040149,-15.70031363,43.62153568,11.68224817,8.56508853,2.293809427
1.4847067,10.91898467,-4.175555067,1.582445993,55.60980222,-15.75265049,43.76766938,11.77551519,8.593781883,2.312122408
1.4856619,10.97169933,-4.206338233,1.582690248,55.87827519,-15.86878271,44.09193088,11.71972666,8.657450629,2.301168329
1.486649933,11.01840567,-4.206039567,1.583048369,56.11614803,-15.86765597,44.08878481,11.96074557,8.656832897,2.348492394
1.487749467,11.069039,-4.226348533,1.583465027,56.37402088,-15.94427334,44.30271394,12.00468929,8.698837881,2.357120743
1.488765567,11.12659767,-4.243268033,1.583704853,56.66716408,-16.00810365,44.48093935,12.11960708,8.73383244,2.37968485
1.489751333,11.17488667,-4.253307633,1.584039362,56.91309736,-16.04597892,44.58669376,12.25978595,8.75459732,2.407208971
1.490824433,11.22776533,-4.277672933,1.584399305,57.18240557,-16.13789917,44.8433512,12.27243672,8.804992008,2.409692949
1.4918475,11.28063933,-4.282982,1.584709278,57.45169001,-16.15792809,44.89927546,12.48579689,8.815972737,2.45158622
1.492839533,11.32886267,-4.296172467,1.585050939,57.69728885,-16.2076903,45.03822025,12.59245095,8.843254546,2.472527745
1.493841633,11.379699,-4.316331367,1.585367426,57.95619557,-16.28374153,45.25056862,12.6390093,8.884949148,2.481669476
1.4948427,11.42994133,-4.329509567,1.585690891,58.21207707,-16.33345745,45.38938419,12.75607523,8.912205586,2.504655372
1.495817633,11.47504,-4.339651567,1.586057594,58.44176216,-16.37171904,45.49621726,12.87892725,8.933182258,2.528777366
1.496851367,11.524518,-4.346426033,1.586424034,58.69375095,-16.39727632,45.56757765,13.05955566,8.947193871,2.564243753
1.497843633,11.57304133,-4.371841267,1.586761883,58.94087768,-16.49315753,45.8352948,13.03896523,8.999760134,2.560200824
1.498818033,11.624308,-4.385743767,1.587044866,59.20197606,-16.54560594,45.98173995,13.15361846,9.028514639,2.582712985
1.4998449,11.67132033,-4.391758967,1.587437693,59.44140735,-16.56829881,46.04510243,13.32968727,9.040955862,2.617284095
1.5007992,11.72272167,-4.4272671,1.58769876,59.70319158,-16.70225639,46.41913544,13.21743848,9.114397244,2.595244046
1.501812767,11.772367,-4.419730833,1.588042777,59.95603259,-16.67382515,46.33975046,13.54966448,9.098810003,2.660476621
1.502843633,11.82088,-4.453467533,1.588419365,60.2031067,-16.80109984,46.69512368,13.44136537,9.168587534,2.63921209
1.503849633,11.86929033,-4.459242,1.588772471,60.44965792,-16.82288452,46.75595034,13.62708993,9.180530849,2.675679108
1.504802333,11.92276333,-4.4896035,1.589003999,60.72199304,-16.93742596,47.07577012,13.57960527,9.243327463,2.666355495
1.505887167,11.96587433,-4.490533033,1.589507408,60.94155505,-16.94093271,47.08556157,13.78937583,9.245250014,2.707543943
1.506823633,12.015098,-4.488671633,1.589780012,61.19224854,-16.93391041,47.06595409,14.0596768,9.241400085,2.760617539
1.507826867,12.067053,-4.511901533,1.590082545,61.45685256,-17.02154726,47.31065153,14.07958337,9.289446429,2.764526195
1.5088558,12.11734533,-4.5389611,1.590433203,61.71298871,-17.12363187,47.59568964,14.05068141,9.345413662,2.758851296
1.5098219,12.161223,-4.528178233,1.590807539,61.93645531,-17.08295255,47.48210586,14.3877318,9.323111486,2.825031138
1.510821533,12.21426867,-4.558349267,1.591091763,62.20661404,-17.19677544,47.79991932,14.34007707,9.385514158,2.815674133
1.511836467,12.261243,-4.570311733,1.591473169,62.4458518,-17.24190491,47.92592869,14.45330546,9.410256097,2.837906527
1.512872467,12.31320333,-4.596908233,1.591808398,62.71048298,-17.34224255,48.20608898,14.43777635,9.465265571,2.834857386
1.513875533,12.36242367,-4.5920224,1.592147646,62.96115949,-17.32381031,48.15462294,14.7399189,9.455160214,2.894183076
1.514897667,12.40901933,-4.605121933,1.592541359,63.19846872,-17.37322946,48.29260986,14.83924121,9.482253946,2.913685011
1.515803033,12.45947067,-4.614137,1.592766306,63.45541465,-17.4072396,48.38757212,15.00122488,9.500899785,2.945490505
1.5168567,12.51016333,-4.645143067,1.593136297,63.71358968,-17.52421272,48.71418159,14.93279044,9.565029555,2.932053403
1.5178607,12.55510333,-4.648867633,1.593534206,63.94246668,-17.53826398,48.75341516,15.12243387,9.572733066,2.969289891
1.5188473,12.60353533,-4.6518521,1.59386762,64.18912826,-17.54952314,48.78485272,15.33765789,9.578905831,3.011549126
1.519879833,12.65185533,-4.684009867,1.594248478,64.43521942,-17.67084116,49.12359388,15.24500789,9.645417659,2.993357299
1.520837467,12.70196167,-4.688798767,1.594530344,64.69040828,-17.68890771,49.17403885,15.44975178,9.655322528,3.033558762
1.521847833,12.750941,-4.702869433,1.594880142,64.9398574,-17.74199054,49.32225542,15.55098432,9.684424853,3.053435771
1.522791233,12.799979,-4.725616267,1.595162183,65.1896053,-17.82780498,49.56186438,15.56112327,9.73147207,3.055426554
1.523870667,12.84797,-4.7196188,1.595594378,65.43402088,-17.80517901,49.4986887,15.86871453,9.719067525,3.115822099
1.524833267,12.89622167,-4.734506767,1.595906224,65.67976403,-17.86134518,49.65551448,15.95763189,9.749860269,3.133281022
1.525869067,12.95155667,-4.758989333,1.596195739,65.96158221,-17.95370783,49.91340718,15.98155738,9.8004975,3.137978791
1.526851333,12.99654467,-4.771955967,1.596571268,66.19070368,-18.0026256,50.04999417,16.07409186,9.827316355,3.156147936
1.527857867,13.04316733,-4.779865733,1.596949017,66.42815041,-18.03246589,50.1333135,16.22821926,9.843676105,3.186410852
1.528803433,13.09288567,-4.8078542,1.597224049,66.68136321,-18.13805485,50.42813639,16.18660917,9.90156458,3.178240711
1.5298614,13.14221767,-4.801557233,1.597616691,66.93260844,-18.11429899,50.36180585,16.50418493,9.88854058,3.240596711
1.5308604,13.19087467,-4.8227439,1.59795947,67.18041592,-18.19422756,50.58498044,16.52881784,9.932360909,3.245433382
1.531830033,13.23799133,-4.836062733,1.598293657,67.42037858,-18.24447404,50.7252774,16.62848352,9.959908218,3.265002739
1.5328895,13.290891,-4.865671633,1.598639683,67.68979374,-18.35617623,51.0371695,16.58600659,10.02114823,3.256662393
1.533837567,13.339916,-4.870061867,1.598926566,67.93947543,-18.37273877,51.08341502,16.78944275,10.03022854,3.296607085
1.534839367,13.387848,-4.859364033,1.599281923,68.18359053,-18.33238025,50.97072696,17.14624592,10.00810224,3.366665386
1.535845667,13.43366467,-4.874374867,1.599670309,68.41693235,-18.38900995,51.12884699,17.22146771,10.03914911,3.381435184
1.536812167,13.48545167,-4.9004736,1.599938375,68.68068076,-18.48746972,51.40376394,17.21029916,10.09312905,3.37924224
1.537840033,13.531861,-4.900144567,1.600340335,68.917041,-18.48622842,51.400298,17.45012535,10.09244851,3.426332112
1.5388797,13.58244767,-4.9128192,1.600697756,69.17467617,-18.53404459,51.53380913,17.57424939,10.11866342,3.450703867
1.539843433,13.63375033,-4.937499833,1.600969587,69.4359579,-18.62715446,51.79378821,17.57555204,10.16971032,3.450959642
1.540834967,13.68263767,-4.939171167,1.601301793,69.68493846,-18.63345972,51.81139358,17.80692723,10.17316713,3.496390161
1.541890367,13.72843033,-4.952681833,1.601739603,69.91815805,-18.6844299,51.95371127,17.89782913,10.20111121,3.51423875
1.542864333,13.77962433,-4.976559633,1.602023133,70.17888634,-18.77451101,52.20523351,17.90703518,10.2504976,3.516046357
1.543910233,13.825413,-4.979085633,1.602451497,70.41208556,-18.78404057,52.23184171,18.1136262,10.25572212,3.556610504
1.544847633,13.87760933,-4.990743667,1.602684942,70.67791868,-18.82802153,52.35464426,18.25665677,10.2798344,3.584694557
1.545838067,13.929725,-5.0156563,1.602972509,70.94334097,-18.92200664,52.61706716,18.25965616,10.33136114,3.585283487
1.5468612,13.97673533,-5.0198169,1.603361629,71.18276207,-18.93770287,52.66089379,18.45525063,10.3399665,3.623688462
1.547830967,14.019803,-5.0243069,1.603750557,71.40210339,-18.95464179,52.70819023,18.62729551,10.34925315,3.657469473
1.548834833,14.07259167,-5.0445984,1.60404248,71.67095323,-19.03119327,52.92193537,18.68240021,10.39122201,3.668289281
1.549863033,14.12463867,-5.054820067,1.60436874,71.9360258,-19.06975541,53.02960762,18.83980053,10.41236346,3.699194834
1.5508609,14.17251467,-5.069724567,1.604720919,72.1798557,-19.12598395,53.18660757,18.92663048,10.4431904,3.716243894
1.5518367,14.22210967,-5.077617967,1.605027848,72.43244037,-19.1557625,53.2697545,19.09606822,10.4595163,3.749512995
1.552876633,14.27446733,-5.099884233,1.605361651,72.69909515,-19.23976396,53.50430129,19.12817621,10.50556956,3.755817399
1.553869767,14.32281133,-5.117440367,1.605702784,72.94530855,-19.30599603,53.68923282,19.18945807,10.54188086,3.767850093
1.554874167,14.367971,-5.106209933,1.606098131,73.1753043,-19.26362822,53.57093449,19.53775216,10.51865299,3.836237636
1.5558318,14.41577033,-5.125568233,1.606411111,73.41874374,-19.33665912,53.77484956,19.57727653,10.55869171,3.843998247
1.5568587,14.46628267,-5.1434949,1.606756768,73.67600034,-19.40428906,53.96368419,19.6456985,10.59576939,3.857432901
1.5578665,14.515611,-5.151497367,1.607099293,73.92722689,-19.43447907,54.04797999,19.81262925,10.61232087,3.890209752
1.558835067,14.56259533,-5.152469633,1.607434198,74.16651558,-19.43814703,54.05822158,20.04167634,10.61433181,3.935183149
1.559888433,14.61017767,-5.170495533,1.607845837,74.40884984,-19.50615133,54.24810151,20.09413068,10.65161473,3.945482559
1.560832667,14.662286,-5.1820396,1.608087303,74.67423478,-19.54970234,54.36970357,20.23791357,10.6754913,3.973714329
1.561858933,14.71480967,-5.2016624,1.6084052,74.941735,-19.62373109,54.5764048,20.29871254,10.71607708,3.985652208
1.5628937,14.758391,-5.200488533,1.6088522,75.16369239,-19.61930257,54.56403961,20.53303512,10.71364918,4.031661446
1.563871867,14.80852767,-5.203517133,1.60915419,75.41903574,-19.63072824,54.59594206,20.75647602,10.71991322,4.075534067
1.564884933,14.85715233,-5.220929133,1.609511472,75.66667855,-19.69641654,54.77935533,20.82070557,10.75592642,4.088145539
1.5658812,14.910064,-5.2438674,1.609794137,75.93615483,-19.78295318,55.02098079,20.84855639,10.80336958,4.093614046
1.566826367,14.95423033,-5.2478126,1.610143647,76.16109159,-19.7978368,55.06253845,21.03193549,10.81152942,4.129620533
1.567845267,15.00389733,-5.256977267,1.610492705,76.41404295,-19.83241131,55.15907656,21.18834874,10.83048468,4.160332276
1.568914467,15.05341633,-5.2663415,1.610894058,76.66624056,-19.86773871,55.25771684,21.34190606,10.8498527,4.190483256
1.569851067,15.09930767,-5.2785781,1.611211737,76.89996265,-19.91390237,55.38661386,21.44673114,10.87516163,4.21106566
1.570874233,15.148543,-5.299054,1.611570883,77.15071556,-19.99114951,55.60230141,21.48179649,10.91751188,4.217950741
1.5719308,15.19937733,-5.314246033,1.611941864,77.40961209,-20.0484628,55.76233016,21.58066428,10.94893353,4.237363431
1.572818467,15.24856967,-5.313167733,1.61216609,77.660146,-20.04439481,55.75097164,21.8425567,10.94670328,4.288786009
1.573885667,15.296337,-5.332424333,1.612589068,77.90342246,-20.11704204,55.95381542,21.88298938,10.98653166,4.296724965
1.574827133,15.34230133,-5.341659867,1.612910629,78.13751634,-20.1518839,56.05110002,22.01979867,11.00563349,4.323587468
1.5758914,15.395989,-5.349585067,1.613250828,78.41094474,-20.18178242,56.13458192,22.20974517,11.02202516,4.360883464
1.576858067,15.44488133,-5.348495167,1.6135581,78.65995077,-20.17767068,56.12310121,22.47023191,11.01977092,4.412030035
1.577856567,15.493941,-5.3628006,1.613894949,78.90980901,-20.23163919,56.27379075,22.56940061,11.04935881,4.43150181
1.5788395,15.54281867,-5.386789933,1.614218686,79.15874034,-20.32214107,56.52648786,22.56563483,11.09897589,4.430762399
1.579861467,15.591797,-5.4071255,1.614580098,79.40818436,-20.39885879,56.74069719,22.60086953,11.14103589,4.437680731
1.5808797,15.63323333,-5.380345,1.615039493,79.61921738,-20.29782699,56.45859869,23.09400104,11.08564585,4.534507105
1.581842133,15.68914633,-5.4154202,1.615247846,79.90397929,-20.43015128,56.8280713,23.00929034,11.1581918,4.517874158
1.582848833,15.735884,-5.425330767,1.615624211,80.14201171,-20.46753977,56.93246651,23.14292755,11.1786898,4.544113824
1.583828233,15.78278333,-5.4256131,1.615971095,80.3808675,-20.4686049,56.93544053,23.37880931,11.17927375,4.590429208
1.584873733,15.83348767,-5.443639767,1.616332763,80.63910194,-20.53661209,57.12532854,23.44715576,11.21655826,4.603849033
1.585844833,15.881903,-5.448576,1.616650902,80.88567864,-20.55523447,57.17732547,23.64173551,11.22676786,4.642054767
1.5868748,15.93311733,-5.459358533,1.616990158,81.14651048,-20.59591253,57.29090575,23.78898708,11.24906934,4.670967614
1.587842867,15.980347,-5.473568433,1.617321253,81.38704864,-20.64952063,57.44058897,23.87984202,11.27845964,4.688806981
1.588810533,16.029011,-5.4821599,1.617632605,81.63489177,-20.6819327,57.53108914,24.03718499,11.29622935,4.719701272
1.589881867,16.07752833,-5.486512833,1.618049601,81.88198795,-20.69835452,57.57694175,24.23842854,11.30523251,4.759215444
1.5908353,16.12662367,-5.499789867,1.618340902,82.13202784,-20.7484433,57.71679841,24.34861178,11.33269337,4.780849923
1.591927967,16.175139,-5.500231267,1.618779259,82.37911383,-20.75010852,57.721448,24.59104818,11.33360631,4.82845231
1.592859367,16.22425867,-5.525837933,1.619048198,82.62927765,-20.84671194,57.99118165,24.57147834,11.38656852,4.824609773
1.5938557,16.269955,-5.515488033,1.61942824,82.86200662,-20.80766603,57.88215862,24.91323034,11.36516185,4.891712778
1.594860167,16.32211167,-5.5361878,1.619729287,83.12763772,-20.88575772,58.10020433,24.96081574,11.40797512,4.90105617
1.595846133,16.37302767,-5.556506167,1.620028567,83.38695017,-20.96241056,58.31423248,25.00610004,11.44999955,4.909947743
1.596855233,16.42020933,-5.555707767,1.620401343,83.62724387,-20.95939852,58.30582235,25.25480386,11.44834822,4.958780739
1.597861333,16.464266,-5.5608298,1.620813266,83.8516221,-20.97872185,58.35977646,25.42522799,11.45894211,4.992243517
1.598883667,16.51466833,-5.580827867,1.62115584,84.10831848,-21.05416632,58.57043065,25.47127018,11.50030406,5.001283899
1.599841933,16.56744233,-5.586362333,1.621402361,84.37709363,-21.07504559,58.62872921,25.68174676,11.51175098,5.042610976
1.600915867,16.61217067,-5.5890689,1.621873058,84.60489262,-21.08525635,58.65723945,25.88103552,11.51734897,5.081741324
1.601858,16.66445867,-5.610345367,1.622110001,84.8711926,-21.1655237,58.88135996,25.92321498,11.56135503,5.090023262
1.6028781,16.70944467,-5.619215667,1.62252339,85.10030388,-21.19898769,58.97479729,26.05888894,11.57970145,5.116662843
1.6038853,16.761535,-5.6410988,1.622828065,85.36559715,-21.28154374,59.20530826,26.09367124,11.62496228,5.123492347
1.604892233,16.80474667,-5.617235967,1.623252217,85.58567184,-21.1915191,58.95394367,26.56511053,11.57560684,5.216059452
1.605863533,16.859373,-5.660620667,1.623486789,85.86388083,-21.35519171,59.41094629,26.38631688,11.6653393,5.18095332
1.606826933,16.90581633,-5.658493667,1.623823824,86.10041423,-21.34716741,59.38854105,26.64525552,11.66094004,5.231795922
1.6078727,16.954728,-5.659736467,1.624209935,86.34951872,-21.35185599,59.40163237,26.8812687,11.66351052,5.278137109
1.608862267,17.00329333,-5.663677233,1.624544517,86.59685935,-21.36672288,59.44314333,27.08709837,11.67166119,5.318551764
1.6098888,17.04708367,-5.659903533,1.624980465,86.81988116,-21.35248626,59.4033922,27.34987131,11.66385606,5.370147232
1.610846167,17.10481067,-5.6829939,1.625159287,87.11388167,-21.43959671,59.64661984,27.40064418,11.71161381,5.380116485
1.611880433,17.150594,-5.7025024,1.625576089,87.34705373,-21.51319425,59.85211707,27.42831901,11.75196319,5.385550437
1.6128339,17.19652767,-5.700132833,1.625910064,87.58099143,-21.50425485,59.8271567,27.68721707,11.74706222,5.436385072
1.6138561,17.244583,-5.716647,1.626284157,87.82573466,-21.566556,60.00111244,27.75800457,11.78121843,5.450284196
1.614851367,17.293011,-5.718825967,1.626626292,88.07237586,-21.57477635,60.02406508,27.98169313,11.78572518,5.494205445
1.615855867,17.34875367,-5.753453733,1.626879009,88.35627027,-21.70541266,60.38882455,27.90082806,11.8573457,5.47832759
1.616916767,17.39022567,-5.731975533,1.62738059,88.56748493,-21.62438425,60.16257904,28.33828824,11.81292239,5.564222896
1.6178139,17.44021733,-5.753747,1.627603502,88.82208981,-21.70651903,60.39191374,28.36355841,11.85795226,5.569184694
1.618886933,17.48540867,-5.746405767,1.628067055,89.05224684,-21.67882358,60.31458319,28.671046,11.84276841,5.629559881
1.6198771,17.53211733,-5.757978633,1.628427278,89.29013157,-21.72248324,60.43648862,28.7870253,11.86670454,5.652332417
1.6208455,17.58525967,-5.7710541,1.628678965,89.56078262,-21.7718116,60.57422203,28.91994294,11.89374849,5.678430796
1.621885767,17.63330333,-5.790064967,1.629071282,89.80546643,-21.84353177,60.77447732,28.96437146,11.93306862,5.687154335
1.622889567,17.67999967,-5.803988933,1.629445304,90.04328835,-21.89606117,60.9211486,29.0555221,11.96186753,5.705051764
1.623835333,17.73223867,-5.7967291,1.629686541,90.30933877,-21.8686728,60.84467549,29.39804562,11.94685203,5.772306258
1.624859967,17.77782933,-5.799684867,1.630096308,90.54152958,-21.87982369,60.87581073,29.5991012,11.95296544,5.81178352
1.625866,17.82617433,-5.809611467,1.630450329,90.78774807,-21.91727267,60.98037483,29.74075558,11.9734966,5.839597359
1.626859067,17.87459733,-5.816628633,1.630790331,91.03436381,-21.94374555,61.05429176,29.9134544,11.98801019,5.873506771
1.6279117,17.926095,-5.832688933,1.631148432,91.29663866,-22.00433445,61.22346659,30.00655442,12.02122766,5.89178696
1.628885867,17.97185133,-5.842795833,1.631505498,91.5296732,-22.04246363,61.32992992,30.13312563,12.04213174,5.916639217
1.629883133,18.02227867,-5.8407124,1.631822668,91.7864969,-22.03460369,61.3079836,30.41189565,12.03782258,5.97137571
1.6308828,18.068817,-5.842542133,1.632194688,92.02351413,-22.04150652,61.32725752,30.62963897,12.04160701,6.014129611
1.631860733,18.11953567,-5.8616761,1.632488596,92.28182158,-22.1136911,61.52880951,30.68639441,12.08118175,6.025273543
1.632865567,18.169052,-5.860310567,1.632825619,92.5340056,-22.10853951,61.51442536,30.95296259,12.07835742,6.077614205
1.633827267,18.21915033,-5.8880984,1.633111659,92.78915372,-22.21337156,61.80713483,30.91540124,12.13583092,6.070239033
1.6348783,18.26465867,-5.869524967,1.633548937,93.02092522,-22.14330164,61.61148734,31.34282023,12.09741554,6.154162752
1.635849067,18.31578933,-5.900615867,1.633830121,93.28133096,-22.26059481,61.93899042,31.27572289,12.16172077,6.140988189
1.6368523,18.36240433,-5.893993833,1.634204674,93.51873865,-22.23561261,61.86923572,31.58288527,12.14802443,6.201299523
1.637876333,18.40821833,-5.891570733,1.634610829,93.75206689,-22.22647125,61.84371145,31.84173779,12.14301274,6.252125215
1.638884533,18.461569,-5.926243633,1.634899506,94.02377897,-22.35727783,62.20894634,31.74821497,12.21472661,6.23376201
1.6398958,18.51517367,-5.942781467,1.635187824,94.29678465,-22.41966826,62.38315138,31.84701563,12.24893177,6.253161518
1.6409449,18.55373167,-5.895407367,1.635716906,94.49315848,-22.24094528,61.8841255,32.54241533,12.15094804,6.389703249
1.641931233,18.60935667,-5.9465054,1.635953043,94.77645361,-22.43371713,62.42237828,32.28745768,12.25663397,6.339642316
1.642923133,18.65177867,-5.94827,1.636372812,94.99250658,-22.44037424,62.44096609,32.48492283,12.26028369,6.378414599
1.6439557,18.70224567,-5.937679467,1.636724747,95.2495323,-22.40042052,62.3294083,32.85350635,12.23837932,6.450785972
1.644919967,18.75751633,-5.986283933,1.636943596,95.53102283,-22.58378516,62.84139452,32.62301066,12.33890781,6.405528143
1.645952533,18.80390733,-5.977315133,1.637350503,95.7672897,-22.54994957,62.74691962,32.95375243,12.32035767,6.470469289
1.646964467,18.84878633,-5.970338167,1.637757168,95.99585604,-22.52362835,62.67342615,33.25581223,12.30592723,6.529778732
1.6479049,18.90023333,-6.010818633,1.638003753,96.25787285,-22.67634449,63.09983637,33.09141882,12.38965287,6.497500085
1.648993867,18.95032833,-6.006462067,1.638417105,96.51300399,-22.65990895,63.05394549,33.39244085,12.3806422,6.556605761
1.649939267,18.992219,-5.987161,1.63879754,96.7263509,-22.58709398,62.8506333,33.80909995,12.34072185,6.638416775
1.650900067,19.04526967,-6.0149258,1.639042863,96.9965351,-22.69183914,63.14310015,33.7868173,12.39814771,6.634041576
1.6519245,19.09083233,-5.9951981,1.639452808,97.22858331,-22.61741465,62.93529393,34.22667173,12.35734496,6.720406995
1.6529259,19.14694133,-6.0400605,1.639697485,97.51434343,-22.78666201,63.40786224,34.03986354,12.45013375,6.683727206
1.6538963,19.192266,-6.0143218,1.640056606,97.74517953,-22.68956049,63.13673778,34.5418241,12.39689846,6.782287161
1.654961333,19.24418067,-6.047704533,1.640421483,98.00957813,-22.81549981,63.48838241,34.45457807,12.46594389,6.765156405
1.6559345,19.28717467,-6.040166833,1.640814804,98.22854427,-22.78706317,63.40898233,34.75294429,12.45035368,6.823740611
1.656885967,19.33402767,-6.0399831,1.64113438,98.46716408,-22.78637002,63.40704693,34.9934995,12.44997366,6.870973626
1.657936267,19.386374,-6.058134567,1.641478703,98.73376114,-22.85484803,63.59824954,35.06889395,12.4875163,6.885777327
1.6588998,19.434623,-6.067904467,1.641791518,98.97949071,-22.89170584,63.70116301,35.21171004,12.50772336,6.913819267
1.659959333,19.48224,-6.087815433,1.642208857,99.22200153,-22.96682172,63.91089971,35.24448416,12.54890516,6.920254465
1.6609148,19.529473,-6.073805033,1.642527307,99.46255666,-22.91396625,63.76331797,35.63262104,12.51992748,6.99646514
1.6619446,19.580743,-6.085790333,1.642865646,99.72367201,-22.95918185,63.88956786,35.7674865,12.54471665,7.022945975
1.662890167,19.62782933,-6.104671167,1.643176175,99.96348018,-23.03041146,64.08845342,35.80840911,12.58376783,7.030981128
1.6639191,19.676976,-6.112766733,1.643542284,100.2137815,-23.0609527,64.17372992,35.97343394,12.60051187,7.063383755
1.6649581,19.720542,-6.095879233,1.643993724,100.4356608,-22.99724312,63.99584159,36.37320157,12.5655835,7.141878128
1.6659119,19.767493,-6.110505733,1.644314311,100.6747797,-23.05242288,64.14991316,36.45824892,12.59583545,7.158577175
1.666951,19.819952,-6.127012267,1.644645914,100.9419506,-23.11469524,64.32378849,36.55154446,12.62997587,7.176895754
1.6679574,19.86857833,-6.119012167,1.644996507,101.1896019,-23.08451415,64.23951761,36.88346664,12.61342928,7.242068674
1.668919733,19.92370167,-6.1476172,1.64521541,101.4703421,-23.19242917,64.54083525,36.86288917,12.672593,7.238028289
1.669895633,19.96909467,-6.1453886,1.64557911,101.7015262,-23.18402158,64.51735978,37.11754875,12.66798359,7.288030697
1.670973233,20.012284,-6.1337676,1.64607423,101.9214871,-23.14018033,64.39494733,37.45992216,12.64394791,7.355255715
1.671899267,20.064575,-6.150482,1.646295032,102.1878024,-23.20323688,64.57101227,37.55017247,12.67851826,7.372976364
1.672937,20.11718667,-6.170609033,1.646623209,102.4557508,-23.27916789,64.78302497,37.60610817,12.72014695,7.383959339
1.673950567,20.16259133,-6.1579903,1.647024418,102.6869943,-23.23156261,64.65010266,37.970274,12.69404766,7.4554633
1.674902967,20.211608,-6.187342333,1.647315747,102.9366336,-23.34229575,64.95928899,37.91072692,12.75475639,7.44377123
1.675950533,20.25283633,-6.166375,1.647807281,103.1466072,-23.26319463,64.73842481,38.34156479,12.71138971,7.528366246
1.6769116,20.308599,-6.1755589,1.648016295,103.4306035,-23.2978417,64.83516551,38.52882035,12.73038475,7.565133875
1.677935833,20.35843367,-6.2090969,1.648368425,103.6844088,-23.42436677,65.18844568,38.42934546,12.79975131,7.545601982
1.678966033,20.406078,-6.2041421,1.648756061,103.9270588,-23.40567435,65.13625316,38.72418801,12.78950331,7.603494315
1.679973067,20.45490733,-6.2091109,1.64910455,104.175744,-23.42441959,65.18859315,38.92053319,12.79978027,7.642046692
1.6808929,20.50404467,-6.211784067,1.649361684,104.4259978,-23.43450434,65.21675156,39.14262858,12.80530917,7.685655122
1.681959833,20.547327,-6.203340033,1.649844883,104.6464324,-23.40264848,65.12780441,39.45201033,12.7878444,7.746402228
1.682942933,20.603074,-6.2302871,1.650076142,104.9303489,-23.50430867,65.41165748,39.45207373,12.84357895,7.746414678
1.683928333,20.64331233,-6.215517533,1.650518861,105.1352805,-23.44858918,65.25607888,39.812584,12.81303109,7.817200869
1.684981067,20.69059133,-6.2061761,1.650933958,105.3760699,-23.41334779,65.15767877,40.15177352,12.79371023,7.883800731
1.685923133,20.74140767,-6.242259633,1.651190682,105.6348748,-23.54947611,65.53777289,40.03048426,12.86834171,7.859985584
1.686925833,20.79545433,-6.258455267,1.651464473,105.9101316,-23.61057557,65.70837328,40.13514063,12.90183909,7.880534863
1.687895867,20.83419067,-6.2259175,1.651912082,106.1074136,-23.48782397,65.3656293,40.67516668,12.83454131,7.986568977
1.688962467,20.888864,-6.257333767,1.652241321,106.385862,-23.60634461,65.69655971,40.62268462,12.8995195,7.976264126
1.689923067,20.94101967,-6.275258867,1.652498515,106.651488,-23.67396864,65.88537783,40.69949251,12.93659394,7.991345353
1.6909295,20.98323,-6.269969133,1.652935671,106.8664629,-23.65401265,65.82965722,40.97018808,12.9256532,8.044496429
1.691894867,21.032675,-6.2693739,1.65323419,107.1182837,-23.65176708,65.82338719,41.22827883,12.92442208,8.095172548
1.692924067,21.079794,-6.296939367,1.653627912,107.3582582,-23.75576024,66.11375432,41.17788624,12.98143566,8.085277963
1.693923267,21.13062933,-6.281854,1.653941512,107.6171598,-23.69884936,65.95484917,41.59569301,12.95023463,8.167314322
1.6949434,21.17815,-6.296319333,1.65432075,107.85918,-23.75342111,66.10722306,41.68533933,12.98015325,8.184916377
1.695897533,21.225193,-6.288934233,1.65464043,108.0987675,-23.72556017,66.02943042,42.00271943,12.96487866,8.24723396
1.696882,21.26872933,-6.279316267,1.655037737,108.3204957,-23.68927554,65.92811738,42.32576068,12.94498585,8.31066311
1.697913867,21.32081233,-6.2950479,1.655367178,108.5857516,-23.74862451,66.09383012,42.42530386,12.97752354,8.330208412
1.6988826,21.364878,-6.293783,1.655741612,108.8101757,-23.74385257,66.08050601,42.66305204,12.97490736,8.376890269
1.699919867,21.415781,-6.3066093,1.656092367,109.069422,-23.79224092,66.21561477,42.78718953,13.00143596,8.401264665
1.700939133,21.46672767,-6.3142767,1.656424533,109.3288906,-23.82116686,66.29638107,42.96589186,13.01729442,8.436352867
1.701876167,21.52065933,-6.340897567,1.656634208,109.6035617,-23.92159643,66.57679804,42.96014598,13.07235429,8.435224663
1.7029244,21.56296767,-6.317577667,1.657111843,109.8190357,-23.83362005,66.33115256,43.42126553,13.0241218,8.525765486
1.703934533,21.612812,-6.348783367,1.657449742,110.0728902,-23.95134631,66.65986491,43.34640769,13.08866447,8.511067149
1.7049109,21.65820567,-6.349965267,1.6578139,110.3040778,-23.95580513,66.67231472,43.56514538,13.091109,8.554016295
1.7059068,21.709111,-6.339287267,1.658123256,110.5633359,-23.91552143,66.55983557,43.93688265,13.06902371,8.627006909
1.706936667,21.75312867,-6.3330571,1.658559471,110.7875155,-23.89201758,66.49420869,44.22668915,13.05613788,8.683910414
1.707883133,21.80504733,-6.363788133,1.658805728,111.0519345,-24.00795312,66.81792104,44.16739578,13.1196988,8.672268162
1.7089086,21.85042867,-6.353486533,1.659219152,111.2830592,-23.96908942,66.70940678,44.50703473,13.09839202,8.738956268
1.7099061,21.904614,-6.363756633,1.659485873,111.5590222,-24.00783428,66.81758922,44.67481528,13.11963364,8.77189998
1.710905433,21.95268367,-6.372105267,1.659836906,111.8038384,-24.03933024,66.90553146,44.83168928,13.1369011,8.802702189
1.7119383,22.00134833,-6.3798938,1.660213449,112.0516849,-24.06871317,66.98757375,44.99749352,13.15301011,8.835257852
1.712909133,22.05144433,-6.388490833,1.660508654,112.3068212,-24.10114624,67.07813256,45.16207094,13.17079133,8.86757263
1.713889733,22.092587,-6.385184133,1.660934377,112.5163585,-24.08867142,67.04330068,45.40644021,13.16395209,8.915554536
1.714911667,22.14519067,-6.387016767,1.661246862,112.7842662,-24.09558519,67.06260514,45.6550434,13.16774252,8.964367772
1.7159066,22.19127233,-6.392722767,1.661620307,113.0189576,-24.11711158,67.12271059,45.8296294,13.17954422,8.998647733
1.716878133,22.23570567,-6.403774733,1.661992583,113.2452542,-24.1588061,67.239129,45.93950757,13.20240298,9.020222312
1.717884633,22.283241,-6.4037779,1.66235799,113.4873491,-24.15881805,67.23916236,46.18156911,13.20240953,9.067751095
1.718942667,22.33216133,-6.379707,1.662756251,113.7364978,-24.06800845,66.98560605,46.68427405,13.15262375,9.16645721
1.719896167,22.38707733,-6.4217251,1.662969117,114.016182,-24.22652545,67.42821328,46.52135106,13.23952968,9.13446728
1.720913867,22.424836,-6.388329033,1.663477578,114.2084848,-24.10053583,67.0764282,47.065439,13.17045668,9.241298947
1.721926267,22.473771,-6.410611133,1.663830008,114.4577082,-24.18459702,67.31114178,47.07994875,13.21654269,9.244147936
1.722929133,22.523091,-6.414064733,1.664167713,114.7088923,-24.19762604,67.34752106,47.29475357,13.22368576,9.286324864
1.7239203,22.570355,-6.4063662,1.664521446,114.9496053,-24.16858264,67.2664268,47.61656084,13.2077629,9.349511721
1.724928133,22.62121267,-6.438694333,1.664843379,115.2086207,-24.29054338,67.60696256,47.53504045,13.2746271,9.333505191
1.725900667,22.66846467,-6.4362483,1.66517864,115.4492726,-24.2813155,67.58119671,47.80145819,13.26956797,9.385816316
1.726914433,22.71105633,-6.406330433,1.665617987,115.6661896,-24.16844771,67.26605005,48.33352193,13.20768893,9.49028703
1.727940333,22.75645567,-6.408646233,1.666031601,115.897406,-24.17718427,67.29044405,48.54034429,13.21247869,9.530896601
1.728871033,22.806743,-6.4301305,1.666284093,116.1535167,-24.25823556,67.51675347,48.57014555,13.25691454,9.53674808
1.729938267,22.85366567,-6.432340933,1.666718496,116.3924913,-24.26657462,67.54003758,48.78583607,13.26148638,9.579098913
1.730921233,22.908615,-6.4342788,1.666960379,116.6723453,-24.27388539,67.56045054,49.04527711,13.26549446,9.630040161
1.731890033,22.951873,-6.435201633,1.667345773,116.892656,-24.27736686,67.57017141,49.25586691,13.26740316,9.671389467
1.732955267,23.00357,-6.4516662,1.667713786,117.155946,-24.33948089,67.74360468,49.34572369,13.30145678,9.689032846
1.733926067,23.04364733,-6.437156833,1.668144076,117.3600577,-24.28474302,67.59076696,49.70267311,13.27144709,9.759119865
1.734931867,23.09153367,-6.4443356,1.668504049,117.6039402,-24.31182556,67.66638613,49.87093646,13.28629492,9.792158374
1.735888233,23.134749,-6.4268058,1.668877585,117.8240336,-24.24569284,67.48173199,50.27568397,13.25003808,9.871630548
1.736912667,23.19771367,-6.4570225,1.669052835,118.1447093,-24.35968801,67.80002648,50.27806514,13.3125352,9.872098091
1.737879733,23.24863167,-6.4705628,1.669333188,118.4040319,-24.41076999,67.94265632,50.39475794,13.34054057,9.895010722
1.738941,23.29816267,-6.4639829,1.669726446,118.6562906,-24.38594673,67.87334544,50.71632754,13.32693138,9.958150913
1.7399093,23.34415667,-6.494932333,1.67007444,118.8905356,-24.5027062,68.19935835,50.6245596,13.39094401,9.940132278
1.740936667,23.38805067,-6.472619033,1.670509823,119.1140854,-24.41852731,67.96431612,51.08315162,13.34479347,10.03017682
1.741914567,23.43622067,-6.481002967,1.670838071,119.3594126,-24.45015644,68.05263019,51.24016477,13.36213394,10.06100635
1.7429234,23.49035433,-6.492496967,1.671116821,119.6351125,-24.49351857,68.17370486,51.39478996,13.38590695,10.09136701
1.743930167,23.53794733,-6.4941575,1.671481717,119.8775011,-24.49978308,68.19119647,51.61968694,13.38934143,10.13552553
1.7449076,23.58822033,-6.497753133,1.671781135,120.1335387,-24.51334792,68.22907189,51.83784921,13.39677827,10.17836169
1.745915433,23.62862267,-6.4912645,1.672244076,120.3393057,-24.48886898,68.16072239,52.11196562,13.38335784,10.23218445
1.746874833,23.67519567,-6.510953433,1.672575361,120.5764994,-24.56314722,68.36812026,52.14176154,13.42408041,10.23803488
1.747908533,23.72017467,-6.486413967,1.673002444,120.8055751,-24.47056991,68.1096282,52.62932923,13.3733255,10.33376879
1.748925367,23.77184633,-6.493964367,1.673322399,121.0687361,-24.49905446,68.18916205,52.81295639,13.38894197,10.36982399
1.7499434,23.82084267,-6.495124,1.673679635,121.3182718,-24.50342928,68.20137732,53.05027683,13.39134044,10.41642185
1.750931833,23.86667433,-6.4999439,1.674049952,121.55169,-24.52161278,68.25214883,53.23292353,13.40130942,10.45228453
1.751955767,23.913145,-6.5209532,1.674447151,121.7883626,-24.60087222,68.47345508,53.24828989,13.4447629,10.45530172
1.7529075,23.95998833,-6.522418333,1.674767124,122.0269332,-24.60639957,68.4888884,53.47142715,13.44779324,10.49911472
1.7539061,24.013902,-6.527948033,1.675038608,122.3015126,-24.62726085,68.54713675,53.6877582,13.4592303,10.54159132
1.7549565,24.06581633,-6.5388662,1.675388857,122.5659095,-24.6684506,68.66214575,53.83714612,13.48181232,10.57092364
1.755900167,24.10389533,-6.509852233,1.675818965,122.7598438,-24.55899284,68.35652052,54.33670565,13.4218028,10.66901215
1.7569523,24.151779,-6.5144121,1.676225307,123.0037128,-24.57619534,68.40455291,54.53254219,13.43123396,10.70746466
1.757914467,24.20517,-6.53113,1.676467407,123.2756303,-24.6392651,68.58065472,54.62835788,13.46581155,10.72627807
1.758905167,24.25142233,-6.526476067,1.676834317,123.5111909,-24.62170773,68.53163145,54.91294179,13.45618584,10.78215612
1.759940867,24.30667933,-6.564010933,1.677124785,123.7926118,-24.76331133,68.92701353,54.79898065,13.53381911,10.75977985
1.760932533,24.345308,-6.542183867,1.677595479,123.9893456,-24.68096679,68.69709315,55.22563476,13.48867424,10.84355338
1.761923033,24.39490633,-6.539350833,1.677917063,124.2419472,-24.67027892,68.66725074,55.50807881,13.48281468,10.89901127
1.7629274,24.436297,-6.5303076,1.678363208,124.4527476,-24.63616252,68.57199178,55.81413821,13.46411059,10.95910604
1.763927867,24.48882767,-6.545091133,1.678655211,124.7202835,-24.69193471,68.7277175,55.92594835,13.49468733,10.98105996
1.764870067,24.53207833,-6.515464667,1.679014104,124.9405568,-24.58016625,68.41564036,56.45829881,13.43341099,11.08558697
1.765927033,24.58717733,-6.5562854,1.679327968,125.2211731,-24.73416607,68.84563486,56.30892056,13.5178404,11.05625655
1.766906067,24.62923233,-6.5327301,1.67973982,125.4353569,-24.64530162,68.59750974,56.77122954,13.46912104,11.14703092
1.767929133,24.67582033,-6.5582671,1.68013457,125.6726271,-24.74164221,68.86650955,56.73949991,13.52193915,11.14080081
1.768944433,24.72449233,-6.548001433,1.680493447,125.920511,-24.70291407,68.75837381,57.09551953,13.5007067,11.21070526
1.769907933,24.77992933,-6.566769133,1.680709286,126.2028487,-24.77371688,68.95606765,57.18016335,13.53952388,11.22732507
1.7708948,24.81987367,-6.540301833,1.681157437,126.406283,-24.67386665,68.67726832,57.66239703,13.48478163,11.32201166
1.7718722,24.86984233,-6.5654068,1.681460926,126.6607707,-24.76857736,68.94171721,57.65243587,13.53670617,11.32005578
1.772924733,24.92063667,-6.571393333,1.681828413,126.9194635,-24.79116208,69.00477772,57.84806817,13.54908811,11.35846819
1.7739153,24.974708,-6.576319233,1.682089738,127.1948459,-24.80974548,69.05666581,58.07156248,13.55927633,11.40235129
1.774921467,25.01794933,-6.572398833,1.682512723,127.4150717,-24.79495542,69.01536938,58.33308469,13.55116778,11.45370118
1.775920533,25.06335533,-6.5659865,1.682899414,127.646322,-24.77076433,68.94782361,58.63188078,13.53790517,11.51236979
1.776919567,25.11049067,-6.569968533,1.683262749,127.8863798,-24.7857869,68.98976926,58.82999285,13.54614119,11.5512691
1.777902933,25.16481933,-6.59116,1.683513403,128.1630727,-24.86573358,69.21299441,58.88346069,13.58997145,11.56176751
1.778916067,25.20816767,-6.581070267,1.683941912,128.3838435,-24.82766917,69.1067119,59.21051392,13.56910288,11.62598441
1.779887167,25.25353233,-6.5755458,1.684301194,128.6148833,-24.80682763,69.04851867,59.49974696,13.55767664,11.68277532
1.780916467,25.30077733,-6.576795567,1.684693316,128.8554995,-24.81154249,69.06168337,59.72719851,13.56026153,11.72743543
1.7819484,25.35163667,-6.6028959,1.685039327,129.1145234,-24.9100083,69.33661718,59.71128855,13.61424478,11.72431151
1.7828942,25.40410633,-6.6062986,1.685277486,129.3817486,-24.92284529,69.3724603,59.94267063,13.62128258,11.76974338
1.7839189,25.456638,-6.6258599,1.685593709,129.6492895,-24.99664202,69.57851371,60.00415817,13.66174117,11.78181646
1.784920867,25.48853167,-6.5900523,1.686165536,129.8117223,-24.86155468,69.2013262,60.54377842,13.5876804,11.88777089
1.785897867,25.529603,-6.569562433,1.686588621,130.0208964,-24.78425485,68.98549152,60.96878719,13.54530126,11.97122136
1.786928533,25.58147433,-6.571022667,1.686919716,130.2850743,-24.78976371,69.00087322,61.2175834,13.54832146,12.0200725
1.7879304,25.62816933,-6.591368033,1.687291823,130.5228894,-24.8665184,69.21518577,61.24108597,13.59040173,12.02468723
1.788911733,25.67077667,-6.562874633,1.687698525,130.7398863,-24.75902453,68.91504405,61.75822455,13.5314689,12.12622739
1.789931867,25.73630033,-6.602437633,1.687834963,131.0735948,-24.90827945,69.33178993,61.67518719,13.61329695,12.10992301
1.7909091,25.77591433,-6.601945067,1.688277935,131.2753467,-24.9064212,69.32660136,61.88212773,13.61227818,12.15055578
1.791884633,25.81813133,-6.590350767,1.688684102,131.4903557,-24.86268068,69.20447016,62.21926784,13.58829772,12.21675324
1.792937733,25.86864767,-6.598012,1.689055905,131.7476326,-24.89158336,69.28517151,62.39584347,13.60414343,12.25142386
1.793895633,25.92056133,-6.602601667,1.689313663,132.0120261,-24.90889828,69.33351781,62.61189068,13.61363622,12.29384474
1.794888567,25.96754367,-6.615995867,1.689672961,132.2513046,-24.95942908,69.47460867,62.71007832,13.64133941,12.31312388
1.7959398,26.01846567,-6.6035822,1.690037426,132.5106477,-24.91259743,69.34384648,63.10018352,13.61566426,12.38972103
1.796869267,26.05836867,-6.5723839,1.690428735,132.7138715,-24.79489908,69.01521208,63.63204176,13.55113689,12.4941514
1.797910567,26.107931,-6.600677933,1.690801604,132.9662898,-24.90164082,69.31325373,63.58641841,13.60965737,12.48519325
1.798906733,26.15499067,-6.5995482,1.691163093,133.2059621,-24.89737881,69.30135342,63.83799107,13.60732074,12.53458955
1.799909733,26.20194567,-6.588628933,1.691532826,133.4451014,-24.85618491,69.18633284,64.19215094,13.58473645,12.60412884
1.8009276,26.25767,-6.621998133,1.691799157,133.7289025,-24.98207316,69.53783491,64.12444991,13.65375388,12.59083574
1.8018884,26.30407433,-6.611947833,1.692134117,133.9652372,-24.94415752,69.43196779,64.46665181,13.63296687,12.65802708
1.802926733,26.34670733,-6.604075567,1.692597474,134.1823648,-24.9144587,69.34904347,64.7667037,13.61668469,12.71694227
1.803886433,26.393667,-6.6319847,1.692923844,134.4215279,-25.01974837,69.64303069,64.71187954,13.67440908,12.70617755
1.804924933,26.45267033,-6.632774667,1.693166586,134.7220287,-25.02272859,69.65135198,65.00405906,13.67604296,12.763547
1.805928133,26.49278767,-6.6168515,1.693628737,134.9263441,-24.96265703,69.48362168,65.37610479,13.64310912,12.83659817
1.806924667,26.53230467,-6.6026902,1.694092318,135.1276021,-24.90923228,69.3344504,65.72653402,13.61381934,12.90540496
1.8079038,26.58151233,-6.6120645,1.694407804,135.3782141,-24.94459765,69.43319672,65.8783997,13.63320818,12.93522378
1.808951233,26.62811367,-6.620686667,1.69482674,135.6155522,-24.97712554,69.52402028,66.02491423,13.65104138,12.96399191
1.809869933,26.67956333,-6.611874433,1.695051556,135.8775825,-24.94388061,69.43119461,66.37977029,13.63281506,13.0336679
1.8109111,26.72190933,-6.608307833,1.695521616,136.0932485,-24.9304253,69.39362502,66.63300578,13.62543827,13.08339069
1.8119453,26.77336733,-6.6112825,1.695861819,136.3553213,-24.94164749,69.42495935,66.86374428,13.63159077,13.12869619
1.812843533,26.82537967,-6.642647267,1.69605858,136.6202173,-25.05997384,69.75534726,66.79825238,13.69646244,13.11583686
1.8139507,26.86927067,-6.622104167,1.696573803,136.8437518,-24.98247318,69.53895184,67.23818231,13.65397319,13.2022171
1.814884267,26.91641767,-6.614288,1.696871514,137.0838689,-24.952986,69.45661846,67.56063282,13.63780704,13.26553026
1.815884567,26.96760733,-6.625591267,1.697181436,137.3445752,-24.99562858,69.575684,67.70227351,13.66118555,13.2933414
1.816909467,27.01465867,-6.6407652,1.69757177,137.5842051,-25.05287358,69.73552208,67.78206534,13.69256976,13.30900853
1.817913333,27.05976033,-6.626034267,1.697967366,137.8139054,-24.99729983,69.58035044,68.16693735,13.66210181,13.38457815
1.818881367,27.10492067,-6.616065667,1.698326337,138.0439046,-24.95969241,69.47534392,68.50194302,13.64148378,13.45035651
1.8199102,27.14770433,-6.6049072,1.698778161,138.2617995,-24.91759611,69.35780367,68.83737819,13.61840475,13.51621921
1.820897233,27.204457,-6.6250504,1.69899979,138.5508378,-24.99358811,69.56998666,68.91423348,13.66006688,13.53130974
1.8218754,27.25123967,-6.635187633,1.699347014,138.7890994,-25.03183172,69.67676951,69.04571223,13.68103369,13.5571256
1.822932267,27.302557,-6.650869667,1.699711781,139.0504558,-25.09099357,69.84195979,69.14187838,13.7134688,13.57600782
1.823882367,27.335865,-6.610607467,1.700212667,139.2200917,-24.93910087,69.41784873,69.73562529,13.6301946,13.69259003
1.8249365,27.38633133,-6.610891333,1.700586178,139.477114,-24.94017178,69.4208389,69.98965744,13.63078172,13.74246924
1.825904033,27.446692,-6.6458138,1.700739647,139.7845276,-25.07191987,69.78870266,69.92920731,13.70301177,13.73059986
1.826898667,27.487622,-6.634332333,1.701182271,139.9929819,-25.02860502,69.66776002,70.25860425,13.67926468,13.79527694
1.827903733,27.53451367,-6.6305259,1.701554926,140.2317987,-25.01424492,69.62766408,70.53751692,13.67139184,13.85004145
1.828905833,27.579802,-6.627758333,1.701946237,140.4624497,-25.00380403,69.59851129,70.79732076,13.66566769,13.90105393
1.8299324,27.62717967,-6.630719333,1.702333837,140.7037416,-25.01497466,69.62970166,71.00742231,13.67179192,13.94230737
1.830878367,27.668772,-6.624800533,1.702718862,140.9155691,-24.99264546,69.56735463,71.28159685,13.65955008,13.99614154
1.8318951,27.717378,-6.6012694,1.703080062,141.1631169,-24.90387218,69.31948407,71.77701516,13.6108807,14.09341693
1.8328956,27.76358167,-6.617870333,1.703457429,141.3984297,-24.96650067,69.49435379,71.83745823,13.64521637,14.10528492
1.8339326,27.81305,-6.621078,1.703827266,141.6503692,-24.97860188,69.52814248,72.05560911,13.65185078,14.14811885
1.834930333,27.86513567,-6.620704,1.704122537,141.9156387,-24.97719093,69.52420286,72.32481823,13.65107723,14.20097806
1.8359608,27.90615267,-6.635632967,1.704599821,142.1245361,-25.03351178,69.68146054,72.37645793,13.68195478,14.21111751
1.8368787,27.95835633,-6.6379337,1.704813668,142.3904066,-25.0421915,69.70569583,72.6180931,13.68671338,14.25856258
1.837954533,28.00028333,-6.627148167,1.705324045,142.6039385,-25.00150212,69.59208396,72.94523693,13.66440569,14.32279727
1.8389391,28.05769033,-6.627837667,1.705534383,142.8963093,-25.00410332,69.59934697,73.23034469,13.66583178,14.37877818
1.8398932,28.10474467,-6.6350975,1.705853877,143.1359545,-25.03149168,69.67582007,73.39351678,13.68084727,14.41081702
1.8409894,28.15164933,-6.642035467,1.706317489,143.3748375,-25.05766577,69.74890273,73.55931707,13.69519705,14.44337191
1.8418904,28.18807367,-6.6051337,1.706727246,143.5603446,-24.9184506,69.36018956,74.13353741,13.61887322,14.55612007
1.842890233,28.23259533,-6.6064838,1.707126631,143.7870911,-24.92354397,69.37441115,74.34606228,13.62166563,14.59784933
1.843939267,28.277666,-6.579536267,1.707567811,144.0166336,-24.82188202,69.09055316,74.85946275,13.56593011,14.69865551
1.8449767,28.32948933,-6.615071333,1.707906321,144.280567,-24.9559412,69.46486988,74.74907948,13.6394272,14.67698176
1.8459574,28.379711,-6.6110673,1.708209698,144.5363433,-24.94083563,69.42269249,75.04703313,13.63114567,14.73548495
1.846976433,28.42485133,-6.604412867,1.708619938,144.7662406,-24.91573119,69.3525965,75.34702641,13.61738232,14.79438864
1.847959867,28.47836433,-6.616875033,1.70888166,145.0387794,-24.96274582,69.48386957,75.48829217,13.64315779,14.82212617
1.848914767,28.52672733,-6.6291569,1.709184304,145.2850896,-25.00908024,69.61324341,75.60522849,13.66856034,14.84508661
1.849962833,28.576079,-6.6361815,1.709566781,145.5364349,-25.03558117,69.68723864,75.78257865,13.68308931,14.87990932
1.850906867,28.621318,-6.621496667,1.709900691,145.7668347,-24.98018134,69.5325526,76.16766448,13.6527167,14.95552092
1.851936667,28.67278767,-6.639198967,1.710236337,146.028967,-25.04696483,69.71902381,76.24332552,13.68933032,14.97037697
1.8529504,28.72613833,-6.668500267,1.710530548,146.3006791,-25.15750657,70.02767573,76.20638568,13.74993413,14.96312383
1.8539643,28.760008,-6.6123247,1.711087659,146.4731755,-24.94557928,69.4359376,76.9706202,13.63374635,15.11318128
1.854963667,28.80590933,-6.5946565,1.711467969,146.7069485,-24.87892444,69.24982559,77.39050524,13.59720325,15.1956257
1.8559389,28.85909433,-6.616226033,1.711725914,146.9778168,-24.96029741,69.47703318,77.43416599,13.64181546,15.20419849
1.8569496,28.90452033,-6.613099267,1.712123969,147.209169,-24.9485014,69.44409667,77.69845468,13.63534838,15.25609158
1.857935067,28.95102633,-6.612562667,1.712482225,147.4460216,-24.94647703,69.43844427,77.94095964,13.63423853,15.30370742
1.858964733,28.99600233,-6.630876533,1.712905315,147.6750819,-25.01556771,69.63135756,77.9771067,13.67211706,15.3108049
1.859974633,29.04391033,-6.604113233,1.713269096,147.9190748,-24.9146008,69.34944024,78.50301689,13.61676259,15.41406737
1.860952167,29.09084867,-6.631038967,1.713613588,148.1581292,-25.01618051,69.63306859,78.45844295,13.67245302,15.40531527
1.8619752,29.13353267,-6.598225267,1.714060956,148.3755165,-24.89238792,69.287418,79.02148085,13.60458452,15.51586777
1.862975067,29.18572933,-6.623374,1.714356864,148.6413513,-24.98726374,69.55232792,79.02240576,13.65659959,15.51604937
1.8639639,29.23252033,-6.608720933,1.714714642,148.8796554,-24.93198375,69.3979765,79.41506123,13.62629269,15.59314727
1.864969933,29.27323,-6.615710867,1.715171638,149.0869875,-24.95835389,69.47160655,79.54876332,13.64074995,15.61939968
1.866021467,29.322586,-6.603699533,1.715557523,149.338355,-24.91304008,69.34508244,79.92665489,13.61590694,15.69359869
1.8669448,29.37016433,-6.599409733,1.715839184,149.5806689,-24.89685643,69.29989485,80.21415637,13.60703435,15.7500496
1.867999667,29.42193567,-6.6193298,1.716195828,149.8443375,-24.97200664,69.50972741,80.26799243,13.64823498,15.76062031
1.868978467,29.46811467,-6.615214967,1.716551827,150.0795247,-24.95648307,69.46638288,80.54652413,13.63972428,15.81531001
1.869930133,29.506134,-6.588771,1.716990739,150.2731551,-24.85672087,69.18782933,81.0187081,13.58503029,15.90802333
1.870997933,29.55926033,-6.602546533,1.717342042,150.5437246,-24.90869028,69.33293705,81.14416994,13.61352219,15.93265777
1.871954967,29.610502,-6.5959315,1.717607996,150.8046957,-24.88373449,69.26325609,81.47482196,13.59984033,15.99758129
1.872976867,29.66082133,-6.6220881,1.717951256,151.0609694,-24.98241257,69.5387826,81.45556911,13.65393996,15.99380099
1.873973633,29.69545967,-6.558875233,1.718480867,151.2373805,-24.74393644,68.87291546,82.29784742,13.52319695,16.15918234
1.874943467,29.74351833,-6.596967567,1.718802549,151.4821407,-24.88764314,69.27416973,82.14135335,13.60198323,16.12845473
1.875943133,29.802735,-6.611711333,1.719003581,151.783728,-24.9432653,69.42947656,82.28763383,13.63247772,16.1571769
1.876980867,29.83681233,-6.5815983,1.719581724,151.9572821,-24.82966122,69.11227406,82.77839035,13.57019501,16.25353695
1.877926167,29.881721,-6.557689167,1.719921356,152.1859995,-24.7394619,68.86042176,83.25896008,13.52074381,16.34789681
1.878959033,29.93017533,-6.578751867,1.720300735,152.4327748,-24.8189228,69.08229051,83.28386665,13.56430774,16.35278722
1.879968333,29.97582167,-6.5774649,1.720694418,152.6652491,-24.8140676,69.06873395,83.52989753,13.56164591,16.40109538
1.880907933,30.031006,-6.605483367,1.720889766,152.9463,-24.91976975,69.36387285,83.51580947,13.61959643,16.39832919
1.881948533,30.08375667,-6.612702667,1.721218935,153.2149563,-24.94700519,69.43991899,83.70841964,13.63452809,16.4361482
1.882936233,30.13291567,-6.6083862,1.721543644,153.4653204,-24.93072094,69.39445051,84.00425227,13.62560036,16.49423493
1.883989833,30.17759533,-6.596815133,1.721994664,153.6928716,-24.88706807,69.27256404,84.35368988,13.60166795,16.56284701
1.884950033,30.225219,-6.602325267,1.72231258,153.9354163,-24.90785554,69.33060629,84.53819241,13.61306454,16.59907408
1.8859619,30.267219,-6.5963583,1.722758006,154.1493201,-24.88534463,69.26775188,84.81495056,13.60072308,16.65341554
1.8869237,30.300047,-6.582633967,1.723277066,154.3165113,-24.83356837,69.12318349,85.12671019,13.57233708,16.71462955
1.887914333,30.34960467,-6.5546217,1.723599332,154.5689059,-24.72788961,68.8281099,85.67417832,13.51439938,16.82212491
1.888974233,30.39307133,-6.559603067,1.724073011,154.7902793,-24.74668226,68.88058226,85.84307935,13.52470233,16.85528863
1.889949533,30.44101633,-6.5664355,1.724401693,155.0344606,-24.77245822,68.95255325,86.01528967,13.53883383,16.88910213
1.890959833,30.49520433,-6.596914767,1.724681178,155.3104371,-24.88744395,69.27361355,85.97020594,13.60187402,16.88024994
1.891951633,30.53918367,-6.554091333,1.725079843,155.5344215,-24.72588876,68.82252316,86.64528072,13.51330242,17.01280087
1.892977933,30.59629767,-6.5834249,1.725335865,155.8253001,-24.83655223,69.13151497,86.62716744,13.57397296,17.00924433
1.893903767,30.63320733,-6.560125367,1.72576391,156.013279,-24.74865268,68.88608402,87.06057733,13.5257826,17.09434436
1.895012567,30.68158367,-6.567936267,1.726220275,156.2596571,-24.77811999,68.96836192,87.2246775,13.54193786,17.12656543
1.8959469,30.73520867,-6.576604533,1.726431386,156.5327663,-24.8108218,69.05967108,87.40647759,13.55986642,17.16226187
1.896937033,30.77343933,-6.554971067,1.726905915,156.727473,-24.72920763,68.83179003,87.82906537,13.51512197,17.24523698
1.897980533,30.82166367,-6.562280167,1.727299029,156.973077,-24.75678186,68.9087821,87.99767724,13.53023937,17.27834393
1.898946167,30.87010333,-6.5756313,1.727611373,157.2197776,-24.80715019,69.04941931,88.10374065,13.55785348,17.29916948
1.899958133,30.918539,-6.5606958,1.727970104,157.4664579,-24.75080469,68.89209281,88.50774739,13.52696242,17.3784962
1.9009714,30.95873767,-6.5537947,1.728441225,157.6711875,-24.72476968,68.8193985,88.78517135,13.5126889,17.43296839
1.901945867,31.01192833,-6.581309,1.728698327,157.9420847,-24.82856981,69.10922665,88.76624041,13.56959665,17.4292513
1.902940667,31.05373467,-6.516344367,1.729129298,158.1550021,-24.58348499,68.42490688,89.66347759,13.43523047,17.60542382
1.903968267,31.099901,-6.536273967,1.729534269,158.3901248,-24.65867117,68.63483987,89.68866726,13.47645081,17.61036982
1.904893833,31.155189,-6.570465433,1.729714184,158.6717036,-24.7876615,68.99500347,89.61008247,13.54716893,17.59493969
1.9059119,31.193732,-6.55782,1.730212434,158.868001,-24.73995548,68.86179992,89.93958345,13.52101441,17.65963721
1.9069503,31.24188367,-6.532991267,1.730601429,159.1132349,-24.64628689,68.6002608,90.44635642,13.46966121,17.75914208
1.9079267,31.27969133,-6.527393033,1.73106793,159.3057873,-24.62516706,68.54129053,90.6978791,13.4580824,17.80852856
1.908950333,31.335453,-6.542997833,1.731339524,159.5897785,-24.68403755,68.70566725,90.81749356,13.49035776,17.83201486
1.909918267,31.39266933,-6.560131067,1.7315358,159.8811782,-24.74867419,68.88614407,90.92841645,13.52579439,17.85379457
1.910956133,31.43211167,-6.540225967,1.732041721,160.0820559,-24.67358044,68.67646916,91.33896904,13.48462472,17.93440657
1.911933933,31.48309333,-6.5626806,1.732331948,160.3417027,-24.75829253,68.91300016,91.36208493,13.53106758,17.93894538
1.9129556,31.51857733,-6.543703367,1.732875054,160.5224208,-24.68669924,68.71309914,91.74270405,13.49181702,18.01367994
1.913938167,31.574391,-6.554602,1.73310488,160.8066769,-24.72781529,68.82790238,91.91215682,13.51435863,18.04695199
1.914924567,31.62793667,-6.561039267,1.733369127,161.0793821,-24.75210045,68.8957108,92.11705361,13.52767282,18.08718348
1.915925133,31.665465,-6.545143433,1.733863562,161.2705118,-24.69213202,68.72826842,92.47562577,13.4947955,18.15758912
1.916924833,31.71086667,-6.526544433,1.734250945,161.5017401,-24.62196564,68.53235161,92.90277083,13.45632724,18.24145905
1.917970533,31.753852,-6.540314367,1.734716916,161.7206621,-24.67391393,68.67740034,92.97664409,13.48480756,18.25596407
1.9189593,31.79551933,-6.521938,1.735143729,161.9328716,-24.60458747,68.4838287,93.38242523,13.44679976,18.33563919
1.9199359,31.845307,-6.516335167,1.73544886,162.1864375,-24.58345028,68.42480997,93.69500986,13.43521144,18.39701519
1.920943833,31.90249633,-6.516699933,1.735685499,162.4776997,-24.5848264,68.42865233,93.98242971,13.43596588,18.45345007
1.921944133,31.942103,-6.536179067,1.736151638,162.6794143,-24.65831315,68.63384022,93.97895644,13.47625453,18.4527681
1.922962967,31.990413,-6.506651267,1.73651893,162.9254545,-24.54691692,68.32280241,94.53603449,13.41518225,18.56215037
1.923929133,32.03599667,-6.5129269,1.736870325,163.1576097,-24.5705923,68.38890822,94.70208384,13.42816213,18.59475416
1.924979233,32.09212333,-6.544740533,1.737163463,163.4434598,-24.69061204,68.72402438,94.65281778,13.49396219,18.58508077
1.925890767,32.14054567,-6.5601503,1.737421941,163.6900722,-24.74874675,68.88634667,94.73710783,13.52583417,18.60163112
1.926931533,32.178087,-6.513311367,1.7379564,163.8812681,-24.57204273,68.39295809,95.4216924,13.42895732,18.7360493
1.9279563,32.224296,-6.515964367,1.738357961,164.1166081,-24.58205141,68.42090407,95.62908638,13.43444451,18.77677111
1.928943567,32.27219467,-6.518704433,1.738699235,164.3605534,-24.59238855,68.44976718,95.8441686,13.44011179,18.8190025
1.929958467,32.304335,-6.490115033,1.739280669,164.5242424,-24.48453251,68.14861422,96.30901055,13.3809804,18.91027422
1.930943333,32.35905933,-6.496638933,1.739527486,164.8029505,-24.5091445,68.21733521,96.51899765,13.39447377,18.95150519
1.931919433,32.40848667,-6.500858,1.739836976,165.0546813,-24.5250613,68.26177771,96.7262859,13.40320005,18.99220624
1.9329388,32.44942767,-6.486860267,1.740304186,165.2631916,-24.47225362,68.1143294,97.08224453,13.37424858,19.06209871
1.933954,32.49554767,-6.4877289,1.74069738,165.4980783,-24.47553061,68.12347934,97.30798126,13.37604517,19.10642212
1.9349061,32.54888133,-6.5067064,1.740930187,165.7697038,-24.54712491,68.32338317,97.37970294,13.41529628,19.12050467
1.935937633,32.596415,-6.5019442,1.74132065,166.0117902,-24.52915909,68.27321945,97.67195307,13.40544664,19.17788799
1.936924733,32.642086,-6.475634867,1.7416918,166.2443901,-24.42990481,67.99608409,98.18168838,13.35103111,19.27797451
1.937899667,32.68579467,-6.476546267,1.742077249,166.466996,-24.43334314,68.00568453,98.39469383,13.35291616,19.31979813
1.938961833,32.733332,-6.467934633,1.742498296,166.7091011,-24.40085499,67.91497193,98.72751152,13.33510474,19.38514689
1.9398967,32.768181,-6.4542087,1.742963166,166.8865852,-24.3490727,67.77038668,99.04958085,13.30671542,19.4483852
1.940926067,32.82073833,-6.480442833,1.743283709,167.1542569,-24.44804328,68.0467299,99.0409093,13.36097542,19.44668254
1.9418815,32.86330033,-6.459661967,1.743665123,167.3710228,-24.36964563,67.82782991,99.47657527,13.3179944,19.53222556
1.9429512,32.90518067,-6.4571142,1.744169997,167.5843171,-24.36003395,67.80099243,99.71670704,13.31272486,19.57937543
1.943930633,32.95631033,-6.457404933,1.744459861,167.8447178,-24.36113077,67.80405493,99.97404518,13.31332619,19.62990377
1.944915567,33.002234,-6.450302467,1.744825437,168.0786045,-24.33433609,67.72923948,100.2827474,13.29863617,19.69051745
1.945936833,33.04778833,-6.4519167,1.745232328,168.3106103,-24.34042593,67.74624338,100.4977493,13.30197489,19.73273307
1.946944733,33.08999,-6.443298333,1.745671068,168.5255411,-24.30791238,67.65545985,100.8034636,13.28414954,19.79276008
1.9479428,33.141689,-6.4454875,1.745971888,168.7888414,-24.3161712,67.67851993,101.0437038,13.28867739,19.83993124
1.948942167,33.19602733,-6.458937467,1.746238411,169.0655836,-24.36691239,67.82019822,101.1787677,13.31649592,19.86645104
1.9499534,33.231575,-6.427385633,1.746770225,169.2466259,-24.24788031,67.48783979,101.6921685,13.25123734,19.96725728
1.950883367,33.29683333,-6.4546925,1.746820074,169.5789831,-24.35089788,67.7754829,101.7368826,13.30771607,19.97603689
1.951996667,33.32841267,-6.432935867,1.747507475,169.739815,-24.26881905,67.54630444,102.1268929,13.26271688,20.05261541
1.9529271,33.38332,-6.452898533,1.747697391,170.0194551,-24.34412998,67.75658574,102.1962517,13.30400561,20.06623401
1.9539412,33.44348533,-6.464832933,1.747900061,170.3258739,-24.38915356,67.88229946,102.3769567,13.3286895,20.10171546
1.954933967,33.478236,-6.446612067,1.748424157,170.5028571,-24.32041373,67.69036581,102.7458737,13.29100333,20.1741523
1.955174333,33.49275833,-6.4481807,1.748468666,170.5768186,-24.32633154,67.70688937,102.8033116,13.29424773,20.18543023
1.9555177,33.505586,-6.452283533,1.74863903,170.6421492,-24.34180984,67.7501075,102.8254241,13.30273361,20.18977202
1.955231867,33.50070333,-6.456988333,1.748419048,170.6172821,-24.35955911,67.79966658,102.7509978,13.31246453,20.17515842
1.954354233,33.450672,-6.4653702,1.74821617,170.3624752,-24.39118044,67.88795888,102.4078986,13.32980073,20.1077909
1.953382867,33.392063,-6.447122867,1.748035244,170.0639827,-24.32234077,67.69574644,102.3016186,13.29205981,20.08692281
1.952338667,33.33454767,-6.4179265,1.747766734,169.7710602,-24.21219489,67.38819986,102.3162427,13.23167304,20.08979425
1.951350133,33.282997,-6.452167033,1.747473447,169.5085154,-24.34137033,67.74888032,101.6930174,13.30249265,19.96742397
1.950327567,33.238898,-6.448241567,1.747045629,169.2839216,-24.32656116,67.70753052,101.5097734,13.29437362,19.93144401
1.949343,33.17705167,-6.430179567,1.746895163,168.9689415,-24.25842067,67.51727033,101.3850535,13.25701603,19.90695526
1.948383767,33.12805567,-6.436793467,1.746596723,168.7194075,-24.28337219,67.58693935,101.0658505,13.27069554,19.84427975
1.947363833,33.080958,-6.447520733,1.74621198,168.4795416,-24.32384175,67.69993746,100.7129865,13.29288272,19.7749949
1.9463054,33.03899367,-6.466667033,1.745719505,168.2658195,-24.39607286,67.90161937,100.2975825,13.33248296,19.69343033
1.9453218,32.99441133,-6.485288633,1.745337172,168.0387641,-24.46632449,68.09777424,99.87437222,13.37099797,19.61033299
1.9443193,32.93077233,-6.450846833,1.74519295,167.7146541,-24.33638976,67.73497369,99.91306276,13.29976208,19.61792987
1.943328567,32.87373733,-6.461890067,1.744971429,167.4241779,-24.37805133,67.85130011,99.50626016,13.32260278,19.53805418
1.942367167,32.82211933,-6.4506887,1.744706184,167.1612902,-24.33579319,67.73330796,99.3613646,13.29943502,19.50960394
1.941311633,32.77539833,-6.479377133,1.744280761,166.9233427,-24.44402284,68.03550411,98.82122091,13.35877123,19.40354673
1.9403376,32.72694,-6.485708733,1.743960269,166.676547,-24.46790936,68.10219946,98.50772987,13.37186686,19.34199276
1.9393162,32.67366,-6.467280667,1.743657439,166.4051948,-24.39838785,67.90808322,98.43049393,13.33375214,19.32682748
1.938333867,32.61844733,-6.450746533,1.74341974,166.1239997,-24.33601137,67.73391716,98.32346485,13.29955463,19.30581232
1.937343767,32.57752333,-6.4767367,1.742981569,165.9155759,-24.43406157,68.0076905,97.84126777,13.35331003,19.21113293
1.936324267,32.520822,-6.460162767,1.742726781,165.6267991,-24.37153494,67.8331052,97.72707623,13.31903021,19.18871142
1.935364567,32.46236933,-6.452567867,1.742555412,165.3291028,-24.34288251,67.75310259,97.50938255,13.30332169,19.14596726
1.934317167,32.424933,-6.4952251,1.742012904,165.1384416,-24.50381069,68.20244228,96.86938163,13.39154954,19.02030308
1.933332233,32.38162167,-6.494866367,1.741612096,164.9178593,-24.50245734,68.19866348,96.65257814,13.39080757,18.97773372
1.9323471,32.333941,-6.536044133,1.741270016,164.6750242,-24.6578041,68.63241887,95.97598767,13.47597544,18.84488518
1.931302133,32.27155433,-6.502922233,1.741066437,164.3572923,-24.53284881,68.28352178,96.00715281,13.4074695,18.85100446
1.9303395,32.221299,-6.483353433,1.740781581,164.1013445,-24.45902378,68.07738937,95.95733752,13.3669954,18.84122322
1.929364233,32.16266733,-6.491168167,1.74059706,163.8027366,-24.48850555,68.15970764,95.57641131,13.3831586,18.76642836
1.9282972,32.10904267,-6.4887155,1.740253245,163.5296291,-24.47925265,68.13387192,95.32913949,13.37808575,18.71787654
1.9273223,32.06378867,-6.490279533,1.73988867,163.2991529,-24.4851531,68.15034702,95.0821882,13.38132064,18.66938765
1.9263673,32.01915733,-6.522651533,1.739535598,163.0718479,-24.60727934,68.49134486,94.51388538,13.44827556,18.55780139
1.9252997,31.95594367,-6.4802486,1.73932054,162.7499041,-24.44731052,68.0446839,94.63860253,13.36057368,18.58228961
1.924368467,31.911202,-6.508140567,1.738992722,162.5220372,-24.55253543,68.33849029,94.11692924,13.41826257,18.47985906
1.923376567,31.86801867,-6.530931933,1.738583222,162.3021068,-24.63851788,68.57856834,93.65692079,13.46540189,18.3895364
1.922329033,31.807869,-6.5035089,1.738346907,161.9957678,-24.53506206,68.28970157,93.63944854,13.4086829,18.38610572
1.921336133,31.74806933,-6.5029909,1.738160505,161.6912113,-24.53310786,68.2842451,93.34034852,13.40761153,18.32737743
1.9202976,31.701793,-6.501461333,1.737746085,161.4555284,-24.52733743,68.26813306,93.12077768,13.40444793,18.2842647
1.919349567,31.65209167,-6.5005466,1.737468357,161.2024022,-24.52388652,68.25849751,92.87728701,13.40255599,18.2364553
1.918347567,31.59804033,-6.510543033,1.737195329,160.9271216,-24.56159895,68.36379722,92.49670677,13.42323158,18.16172837
1.9173538,31.54414233,-6.5085484,1.736928467,160.652622,-24.55407402,68.34278629,92.24321807,13.41910609,18.11195587
1.916324367,31.49057167,-6.505736033,1.736621523,160.3797895,-24.54346412,68.31316159,92.00001025,13.41328928,18.06420201
1.915354667,31.44863067,-6.510292233,1.736217468,160.1661862,-24.56065278,68.36115536,91.73841322,13.42271285,18.01283744
1.914344233,31.38386667,-6.511200733,1.736080485,159.8363467,-24.56408018,68.37072525,91.39900376,13.4245919,17.94619439
1.913366967,31.34190133,-6.522862433,1.735669191,159.6226195,-24.60807497,68.49356642,91.0624354,13.44871177,17.88010919
1.912334233,31.28867933,-6.511894567,1.735354245,159.3515627,-24.56669773,68.3780339,90.90691113,13.42602696,17.849572
1.911309733,31.24226433,-6.527698367,1.734955728,159.1151736,-24.62631896,68.54450683,90.5040491,13.45871392,17.77047004
1.910321333,31.17973367,-6.483495533,1.734810659,158.7967083,-24.45955986,68.07888621,90.65120439,13.36728931,17.79936398
1.909289567,31.14305667,-6.5359435,1.734273542,158.6099143,-24.65742445,68.63135882,89.9119378,13.4757673,17.65420899
1.9083997,31.096519,-6.549882267,1.734011314,158.3729004,-24.71000968,68.778186,89.52809678,13.50459682,17.5788418
1.907296033,31.04438667,-6.5399114,1.733610738,158.1073933,-24.67239371,68.6731556,89.36762001,13.4839741,17.54733219
1.906363633,30.995268,-6.542133,1.733340786,157.8572345,-24.68077489,68.69655733,89.09405955,13.48856903,17.49361859
1.905347,30.94240567,-6.560109133,1.733037089,157.5880095,-24.74859144,68.88591303,88.63547883,13.52574902,17.40357627
1.904329733,30.893823,-6.5404965,1.73267504,157.3405806,-24.67460105,68.67931888,88.59464406,13.48518426,17.39555836
1.903355,30.83965933,-6.5404528,1.732430794,157.064728,-24.67443619,68.67885856,88.31925174,13.48509388,17.34148508
1.902368367,30.795545,-6.549682,1.732039116,156.840056,-24.70925416,68.77607644,87.99736193,13.50418261,17.27828201
1.901317467,30.75084367,-6.558354067,1.731591088,156.6123945,-24.7419703,68.86742563,87.67835125,13.52211902,17.21564427
1.900312967,30.69512733,-6.578278867,1.731338016,156.3286342,-24.81713837,69.07730805,87.18470854,13.56332944,17.11871752
1.8993623,30.64321267,-6.571229167,1.731087505,156.0642356,-24.79054275,69.00304843,86.99456955,13.54874856,17.08138373
1.898322033,30.59243,-6.5520983,1.730732127,155.8056022,-24.71836986,68.80152909,86.9374555,13.50918024,17.07016939
1.8973934,30.54773133,-6.5840101,1.73040633,155.5779543,-24.83875995,69.13767931,86.37365738,13.57518333,16.95946763
1.896388467,30.496245,-6.580304,1.730095776,155.3157372,-24.82477836,69.09864026,86.1504793,13.56751801,16.91564661
1.895331167,30.44559233,-6.5749388,1.729721611,155.0577659,-24.80453767,69.0421247,85.94902354,13.55642118,16.87609077
1.8943544,30.390263,-6.5703241,1.729491053,154.7759766,-24.78712831,68.99351471,85.71584421,13.54687661,16.83030601
1.893329633,30.338365,-6.577615733,1.729166217,154.5116628,-24.81463664,69.07032279,85.37472241,13.56195788,16.76332674
1.892358467,30.28873433,-6.574790967,1.728864403,154.2588965,-24.80397995,69.04056746,85.15171141,13.55611542,16.71953854
1.8913371,30.23792,-6.559656767,1.728528352,154.0001019,-24.74688485,68.88114792,85.05233629,13.52481339,16.70002623
1.8903582,30.180509,-6.538825367,1.728323735,153.7077107,-24.66829655,68.66171562,84.97937745,13.48172786,16.68570076
1.8893686,30.132681,-6.5671266,1.727979176,153.4641253,-24.77506545,68.95983311,84.43767452,13.54026323,16.57933739
1.888384633,30.087604,-6.573875567,1.727603147,153.2345505,-24.80052653,69.03092489,84.13700801,13.5542221,16.52030152
1.887359867,30.03713433,-6.572788867,1.727259048,152.9775112,-24.79642686,69.01947789,83.89141571,13.55197448,16.47207947
1.886367667,29.983866,-6.579463167,1.726985261,152.7062185,-24.82160624,69.08978315,83.54981769,13.56577892,16.4050067
1.885341367,29.93767067,-6.597439933,1.726581982,152.4709481,-24.88942518,69.27914552,83.12518497,13.60296022,16.32163007
1.884333833,29.881008,-6.586084867,1.726338639,152.1823682,-24.84658719,69.15953433,82.95621623,13.57947457,16.28845306
1.8833506,29.833693,-6.594132933,1.725993527,151.9413955,-24.87694923,69.24431048,82.63046734,13.59612036,16.22449226
1.882332567,29.78205867,-6.583617367,1.725671869,151.6784246,-24.83727833,69.13354236,82.47826457,13.57437104,16.19460725
1.881370733,29.731481,-6.5922548,1.72539216,151.4208352,-24.86986381,69.22452673,82.12969086,13.59223582,16.1261648
1.8803214,29.678352,-6.5880092,1.725059359,151.1502521,-24.85384691,69.17980474,81.90382971,13.58345466,16.08181696
1.879367433,29.63012733,-6.611765367,1.724755783,150.9046465,-24.94346915,69.43004573,81.40798308,13.63258948,15.98445748
1.878386033,29.57199333,-6.5674257,1.724558417,150.6085731,-24.77619384,68.96298375,81.57897173,13.54088186,16.0180311
1.877369833,29.52965667,-6.578848833,1.724113197,150.3929548,-24.81928862,69.08331193,81.24302518,13.5645083,15.95206799
1.876370167,29.47242733,-6.573894967,1.723885363,150.1014888,-24.80059972,69.03112924,81.00374194,13.55426223,15.90508473
1.8753604,29.42536967,-6.575960167,1.723510248,149.8618267,-24.80839087,69.0528835,80.74232552,13.55853367,15.85375562
1.874352933,29.37801133,-6.596838467,1.723141487,149.6206332,-24.8871561,69.27280983,80.28120574,13.60171621,15.76321475
1.8733541,29.32659467,-6.5775617,1.722836093,149.3587709,-24.81443279,69.06975361,80.22239964,13.56184612,15.75166817
1.872367867,29.27567367,-6.585082233,1.722536614,149.099433,-24.84280467,69.14897287,79.88384247,13.57740082,15.68519247
1.8713254,29.24081167,-6.632861333,1.72196432,148.9218827,-25.02305555,69.6522649,79.20300014,13.67622221,15.55150908
1.870371367,29.17566267,-6.613298533,1.72188893,148.5900823,-24.94925315,69.44619569,79.07726899,13.63576052,15.52682177
1.8693763,29.12796,-6.601225067,1.721537213,148.3471352,-24.90370493,69.31901708,78.96150049,13.610789,15.50409062
1.868319333,29.08819067,-6.615953133,1.721016602,148.1445921,-24.95926787,69.47415853,78.60381596,13.64125103,15.43385926
1.867388267,29.023194,-6.589038367,1.720962124,147.8135676,-24.85772953,69.1906457,78.55630426,13.58558328,15.42453034
1.866342233,28.96991667,-6.593615667,1.720634624,147.542229,-24.8749978,69.23886173,78.23674963,13.5950505,15.36178579
1.8653395,28.92539,-6.6200749,1.720232407,147.3154571,-24.9748176,69.51757609,77.73126335,13.64977607,15.26253356
1.8643825,28.881333,-6.611475133,1.719869589,147.0910772,-24.94237422,69.42698849,77.59747101,13.63198919,15.23626343
1.863365833,28.83431533,-6.622056333,1.719487034,146.8516187,-24.98229273,69.53844797,77.24655308,13.65387426,15.1673607
1.8623485,28.78468167,-6.611240433,1.719139093,146.5988371,-24.94148879,69.42451623,77.10770323,13.63150376,15.14009753
1.861337567,28.725109,-6.5948348,1.718931597,146.2954367,-24.87959709,69.25170375,76.97711532,13.59757203,15.11445659
1.860338467,28.68040133,-6.6190675,1.718535454,146.067743,-24.97101709,69.50696442,76.49416091,13.64769246,15.01962849
1.859363233,28.62182867,-6.588581567,1.718350171,145.7694355,-24.85600621,69.18583389,76.51698399,13.58463848,15.02410981
1.858384033,28.56948033,-6.608083267,1.718076975,145.5028283,-24.9295781,69.39125949,76.04495114,13.6249738,14.93142616
1.857337033,28.524159,-6.6217923,1.717641209,145.2720092,-24.98129664,69.53566672,75.6697248,13.65332816,14.85775046
1.8563377,28.46922567,-6.5756138,1.717382743,144.9922367,-24.80708417,69.04923497,75.87638403,13.55781729,14.89832801
1.855310667,28.41999667,-6.609264033,1.717019645,144.741516,-24.93403265,69.40369737,75.27120098,13.62741598,14.77950031
1.854358833,28.375053,-6.623125567,1.716673952,144.5126203,-24.9863265,69.54971099,74.89629168,13.65608575,14.70588687
1.8533248,28.32067667,-6.615893167,1.716373274,144.2356846,-24.95904164,69.47352685,74.69554007,13.641127,14.66646929
1.8523288,28.269001,-6.632775,1.716074207,143.9725032,-25.02272984,69.65135549,74.25453004,13.67604365,14.57987697
1.851367267,28.22778367,-6.654680567,1.715668558,143.7625855,-25.10537053,69.88210277,73.8138651,13.72135088,14.49335241
1.850322033,28.175488,-6.626242167,1.715328619,143.4962465,-24.99808415,69.5825404,73.84708844,13.66253181,14.49987582
1.849386967,28.123785,-6.625350333,1.715090853,143.2329259,-24.99471963,69.57314607,73.59316217,13.66068723,14.45001739
1.848370333,28.08021733,-6.634962067,1.714661802,143.0110381,-25.03098075,69.67439346,73.270027,13.68056716,14.3865698
1.8473472,28.030583,-6.626226767,1.714308071,142.7582531,-24.99802606,69.58237818,73.10925728,13.66249996,14.35500267
1.846400367,27.97764533,-6.625427367,1.71407519,142.4886444,-24.99501025,69.57395752,72.84806925,13.66084656,14.3037184
1.845361,27.91751733,-6.614069767,1.71384675,142.1824158,-24.9521627,69.45431965,72.66147845,13.63735566,14.26708129
1.8442982,27.87024867,-6.633343367,1.713421446,141.941679,-25.02487406,69.65734251,72.21771881,13.6772192,14.17994909
1.8433426,27.82035433,-6.644144367,1.713138755,141.6875698,-25.06562179,69.77111731,71.84983486,13.69955888,14.10771507
1.842300433,27.77210867,-6.635029933,1.712747261,141.4418572,-25.03123678,69.67510835,71.70013123,13.68070752,14.07832077
1.841285733,27.72249467,-6.627272267,1.712401689,141.1891758,-25.0019703,69.5933912,71.52916694,13.66466236,14.04475193
1.840393,27.66924833,-6.626535267,1.712227071,140.9179951,-24.9991899,69.58562784,71.26574959,13.66313803,13.99302993
1.839315567,27.619426,-6.621582033,1.711821575,140.6642526,-24.98050339,69.53345183,71.06418313,13.65289327,13.95345236
1.838309867,27.57270967,-6.6553407,1.711445922,140.4263288,-25.10786094,69.88905644,70.47065475,13.72271623,13.83691306
1.837315233,27.51621133,-6.630898933,1.711213263,140.1385859,-25.01565222,69.63159352,70.44037469,13.67216339,13.83096757
1.836276333,27.46683433,-6.6119601,1.710840294,139.8871115,-24.9442038,69.432097,70.3883968,13.63299225,13.82076171
1.835308367,27.41109667,-6.612141267,1.710624043,139.6032425,-24.94488726,69.43400536,70.1026195,13.63336695,13.76464934
1.8343078,27.36475633,-6.623171033,1.710248453,139.3672337,-24.98649803,69.55018992,69.75042611,13.65617979,13.69549617
1.833301233,27.307301,-6.604156667,1.710016767,139.0746168,-24.91476465,69.34989776,69.65810135,13.61685242,13.6773682
1.832295633,27.26629067,-6.635564167,1.70956426,138.8657533,-25.03325222,69.68073581,69.11839986,13.68181248,13.57139781
1.831320667,27.21194667,-6.624862367,1.709322213,138.5889823,-24.99287874,69.56800597,68.95435864,13.65967797,13.53918832
1.8302818,27.163051,-6.6385458,1.708942786,138.3399593,-25.0445007,69.71214353,68.56119808,13.68797938,13.46199124
1.8292898,27.11684233,-6.626569267,1.708573986,138.104621,-24.99931817,69.58598599,68.45201736,13.66320835,13.44055361
1.828295867,27.06743633,-6.629404533,1.708246375,137.8529989,-25.01001446,69.61585191,68.17052933,13.66907252,13.38528343
1.8272987,27.01820567,-6.6280349,1.707913166,137.6022698,-25.0048474,69.60142457,67.93422754,13.66623971,13.33888558
1.826272167,26.97155467,-6.628193067,1.707515799,137.3646787,-25.0054441,69.60309065,67.69497041,13.66656685,13.29190744
1.825283667,26.92147533,-6.636285467,1.707202703,137.1096274,-25.03597339,69.68833379,67.35467592,13.68330434,13.22509062
1.824304567,26.87687367,-6.678522433,1.70682513,136.8824735,-25.19531608,70.13324651,66.68260932,13.77066295,13.09313034
1.823293567,26.81808,-6.634289133,1.706607061,136.5830405,-25.02844205,69.66730496,66.84911788,13.67917533,13.1258243
1.822342333,26.768273,-6.641055733,1.706327558,136.3293761,-25.05396964,69.73858248,66.52417598,13.69317067,13.06202195
1.8213232,26.71486933,-6.644032633,1.706028662,136.0573941,-25.06520026,69.76994034,66.22083612,13.69932779,13.00246117
1.820277633,26.66530933,-6.6424128,1.705651495,135.8049877,-25.0590893,69.75287745,65.98549259,13.69597749,12.95625147
1.8193503,26.61546533,-6.636677433,1.705396391,135.5511349,-25.03745212,69.69246266,65.79205456,13.68411504,12.91826991
1.818302167,26.56440367,-6.613180133,1.705036909,135.2910806,-24.94880648,69.4449485,65.7795144,13.63551564,12.91580765
1.817284233,26.522811,-6.659942333,1.704579922,135.0792513,-25.12522101,69.93752879,65.0751049,13.73223378,12.77749685
1.816310367,26.46436333,-6.627653733,1.70439432,134.7815805,-25.00340941,69.59740946,65.1175534,13.66545135,12.78583161
1.8153058,26.41349767,-6.6239597,1.704075761,134.5225244,-24.98947335,69.55849752,64.89740923,13.65781099,12.7426063
1.8142648,26.37093633,-6.652006133,1.703608772,134.3057618,-25.09528099,69.85393102,64.38521315,13.71581936,12.6420366
1.813337633,26.324487,-6.658138733,1.703308052,134.0691979,-25.11841677,69.91853016,64.08405005,13.7285034,12.58290323
1.812311267,26.27062467,-6.647556633,1.703008109,133.7948799,-25.07849486,69.8070612,63.92120104,13.70661647,12.55092783
1.8112927,26.21957667,-6.631980433,1.702678009,133.5348952,-25.01973227,69.64298574,63.82529178,13.67440025,12.53209604
1.8103162,26.16277167,-6.619982067,1.702467619,133.2455904,-24.97446737,69.51659821,63.66237449,13.64958406,12.50010723
1.809278367,26.11341533,-6.614544067,1.702095439,132.9942212,-24.95395204,69.4593158,63.46828775,13.63833666,12.4619983
1.8083244,26.07084833,-6.648904967,1.701715559,132.7774298,-25.08358157,69.82126417,62.88954794,13.70940522,12.34836274
1.807321367,26.01143,-6.588326633,1.701513881,132.4748154,-24.85504445,69.18314849,63.22504924,13.58411121,12.41423842
1.806290233,25.95860233,-6.606102633,1.701195217,132.2057669,-24.92210598,69.37039604,62.76875322,13.62087726,12.32464469
1.805276067,25.91939367,-6.6448302,1.700709844,132.0060793,-25.06820915,69.77834169,62.16111994,13.70097739,12.2053359
1.804324733,25.86560533,-6.638219333,1.700483936,131.7321382,-25.04326907,69.70870462,61.95681592,13.68730415,12.16522081
1.8033275,25.81988233,-6.637259933,1.700103354,131.4992734,-25.03964965,69.69859856,61.73405719,13.68531983,12.12148213
1.802321167,25.76963767,-6.636222067,1.699774653,131.24338,-25.03573421,69.68766595,61.48909641,13.68317321,12.07338408
1.801325733,25.724935,-6.655680667,1.69938211,131.0157117,-25.1091435,69.89263755,61.05645654,13.72341938,11.98843524
1.8003126,25.67526833,-6.637071133,1.699038814,130.7627621,-25.03893739,69.69660979,60.99953463,13.68492933,11.97725862
1.799292767,25.623773,-6.6423035,1.698713481,130.5004991,-25.05867695,69.75172612,60.68215534,13.69575142,11.9149412
1.798272333,25.57006067,-6.6485159,1.698417448,130.2269451,-25.08211378,69.81716585,60.34316158,13.70860051,11.84837978
1.797327767,25.522977,-6.655701933,1.698107884,129.9871505,-25.10922373,69.89286157,60.02767128,13.72346337,11.78643325
1.7962751,25.47653933,-6.653593833,1.697681506,129.750646,-25.10127073,69.87065542,59.81337289,13.71910319,11.74435577
1.7952987,25.417217,-6.638823833,1.697505167,129.4485205,-25.0455496,69.71507226,59.66683059,13.68855444,11.71558219
1.794359233,25.36966567,-6.630505267,1.697207009,129.2063441,-25.01416708,69.62744674,59.51227972,13.67134917,11.68523612
1.793286667,25.318786,-6.6091574,1.696820639,128.9472167,-24.93363036,69.40257412,59.47802493,13.62719543,11.6785102
1.792355133,25.27615,-6.644626767,1.696464124,128.7300738,-25.06744168,69.77619878,58.88725742,13.70055663,11.56251299
1.791312233,25.22359467,-6.6443885,1.69613002,128.4624124,-25.0665428,69.77368894,58.62210577,13.70006382,11.51045047
1.7903332,25.17570767,-6.6516635,1.695796823,128.2185264,-25.09398838,69.85032181,58.30158698,13.71511069,11.4475166
1.789358933,25.131407,-6.653522967,1.695420024,127.9929055,-25.10100338,69.86990893,58.05637895,13.71895662,11.39937001
1.7883211,25.07979733,-6.643106967,1.695078233,127.7300603,-25.0617081,69.76018962,57.903253,13.69741323,11.36930373
1.787294667,25.03061167,-6.6445964,1.694715151,127.4795603,-25.06732712,69.7758789,57.63706375,13.70049382,11.31703747
1.786353767,24.975184,-6.633225267,1.694521785,127.1972702,-25.02442852,69.65609848,57.47455405,13.67697494,11.28512869
1.7852931,24.93596833,-6.656425967,1.693990007,126.9975469,-25.11195521,69.90048834,57.03044091,13.72496089,11.19792707
1.7842772,24.88484167,-6.658561867,1.693663635,126.7371615,-25.12001308,69.92298733,56.74755655,13.72937856,11.14238273
1.783354533,24.83817533,-6.6748902,1.693370342,126.4994924,-25.18161316,70.09498555,56.3378892,13.76315041,11.06194454
1.7823061,24.78166067,-6.6411155,1.693084103,126.2116662,-25.05419512,69.73921205,56.40583654,13.69329429,11.075286
1.781330467,24.73083333,-6.6381885,1.692793961,125.9528054,-25.04315275,69.70837983,56.17780788,13.68724038,11.03051258
1.7802902,24.68217233,-6.646452433,1.692409969,125.7049775,-25.07432917,69.79542985,55.84293,13.70433265,10.96475931
1.779333767,24.63208833,-6.633108133,1.692129002,125.4499024,-25.02398662,69.65486463,55.72842011,13.67673267,10.94227529
1.778281633,24.580657,-6.639455467,1.691770506,125.1879654,-25.0479325,69.72172571,55.39962201,13.68986084,10.87771578
1.777299467,24.53691367,-6.6414927,1.691378291,124.9651829,-25.05561814,69.74318537,55.1553799,13.69407445,10.82975884
1.7762957,24.492002,-6.6536824,1.690980233,124.7364502,-25.10160486,69.87158835,54.79824421,13.71928637,10.75963525
1.775282233,24.436042,-6.626306067,1.69072148,124.4514489,-24.99832522,69.58321351,54.80161778,13.66266397,10.76029765
1.774345033,24.37969967,-6.630413033,1.69054415,124.1645005,-25.01381912,69.62647518,54.47140764,13.6711584,10.69546089
1.7733122,24.32857067,-6.6187253,1.690200877,123.9041032,-24.96972611,69.50335978,54.33412579,13.64698469,10.6685056
1.7723361,24.28223433,-6.617304633,1.6898497,123.6681148,-24.96436652,69.48839486,54.11310225,13.64404633,10.62510763
1.7712731,24.224185,-6.5858388,1.689569592,123.3724726,-24.84565888,69.15694233,54.14891264,13.57896563,10.632139
1.770318867,24.18921533,-6.627463167,1.689086983,123.194374,-25.00269048,69.59540209,53.53235425,13.6650572,10.51107776
1.7692821,24.13961333,-6.625526433,1.688719182,122.9417537,-24.99538399,69.57500106,53.30013496,13.66105146,10.4654815
1.768369367,24.08739833,-6.628311333,1.688510654,122.6758255,-25.00589027,69.60433644,53.00487139,13.66681146,10.4075065
1.7673477,24.03069567,-6.6129659,1.688253718,122.3870418,-24.94799826,69.44269182,52.87773237,13.63507254,10.38254275
1.766315133,23.98490967,-6.628773367,1.687838652,122.1538562,-25.00763333,69.60920338,52.47803518,13.66776708,10.30406221
1.765374067,23.93940967,-6.617845533,1.687511228,121.9221272,-24.96640711,69.49409255,52.36141695,13.64516507,10.28116422
1.764330167,23.88994533,-6.6143864,1.687134437,121.670208,-24.95335723,69.45765498,52.14593533,13.63801056,10.2388544
1.763313067,23.83674533,-6.6293945,1.686834828,121.3992632,-25.00997661,69.61574622,51.71689934,13.66905177,10.15461319
1.762341833,23.79180467,-6.6359019,1.686469694,121.1703828,-25.03452635,69.68429341,51.41947176,13.68251101,10.09621328
1.761325667,23.736945,-6.606358067,1.686193402,120.8909855,-24.92306963,69.3730867,51.45128113,13.62140557,10.10245905
1.7603066,23.691768,-6.632853633,1.685783622,120.6609015,-25.0230265,69.65218379,50.94210001,13.67620629,10.00248134
1.759336133,23.641462,-6.6215458,1.685491616,120.4046957,-24.9803667,69.53307015,50.80500789,13.65281832,9.975563299
1.758314667,23.59257433,-6.628801633,1.685129481,120.1557134,-25.00773997,69.60950113,50.47959466,13.66782555,9.911668411
1.7573258,23.539767,-6.597434833,1.684852809,119.8867685,-24.88940594,69.27909179,50.54105908,13.60294967,9.92373695
1.756368467,23.48368967,-6.606047767,1.684651772,119.6011697,-24.921899,69.36981809,50.16473394,13.62076378,9.849845509
1.755342833,23.444624,-6.610135867,1.684153004,119.4022103,-24.93732171,69.41288102,49.92271166,13.62921919,9.802324435
1.754337367,23.389344,-6.6068408,1.683893081,119.1206723,-24.92489078,69.37817169,49.67588293,13.62240401,9.753859613
1.753347267,23.34203467,-6.592756733,1.683541026,118.8797284,-24.8717574,69.22981396,49.58329676,13.59327397,9.735680319
1.7523101,23.286984,-6.584568367,1.683246309,118.5993583,-24.84086606,69.14355993,49.3891807,13.57633799,9.697565631
1.751315033,23.242007,-6.5862789,1.682857832,118.3702928,-24.8473192,69.16157823,49.14209697,13.57987588,9.649050739
1.7503182,23.19773633,-6.6152986,1.682458063,118.1448247,-24.95679858,69.46726385,48.61094322,13.63989726,9.5447587
1.749322033,23.13879633,-6.5846208,1.6822568,117.8446465,-24.84106387,69.14411225,48.63391656,13.57644644,9.549269516
1.748304767,23.08820733,-6.578681433,1.68192181,117.5869994,-24.81865708,69.08154858,48.43883317,13.56416206,9.510964893
1.747298633,23.044951,-6.586704733,1.681499061,117.3666972,-24.84892569,69.16606384,48.13401573,13.58075663,9.451113989
1.746293767,22.99187467,-6.603900267,1.681210017,117.0963823,-24.91379736,69.34719691,47.68256775,13.61632211,9.362472178
1.745295433,22.94704667,-6.5938217,1.680816264,116.8680757,-24.87577508,69.24103203,47.56042603,13.59547664,9.338489652
1.744332467,22.88830067,-6.580200367,1.680645585,116.5688855,-24.82438739,69.09754861,47.40471923,13.56730367,9.307916621
1.743324633,22.84813933,-6.582694367,1.680179394,116.364346,-24.83379623,69.12381973,47.1739086,13.572462,9.262596954
1.742308433,22.78780167,-6.5569523,1.679976948,116.0570495,-24.73668201,68.8526598,47.13777203,13.51921975,9.255501538
1.7412766,22.74358467,-6.5500606,1.679541455,115.8318547,-24.71068246,68.78006451,46.98517252,13.50496567,9.225538624
1.740316133,22.691241,-6.5534574,1.67928693,115.5652712,-24.72349719,68.81584548,46.68280807,13.51199126,9.166169364
1.739266233,22.63900067,-6.5383094,1.678941578,115.299214,-24.66635002,68.65628057,46.57631577,13.48066069,9.145259601
1.738343233,22.59176833,-6.5465234,1.678655584,115.0586623,-24.69733806,68.74280461,46.24923999,13.49764968,9.081038272
1.737300833,22.53744,-6.5203409,1.678345893,114.781971,-24.59856227,68.46700528,46.24834804,13.44349649,9.080863138
1.736321967,22.494311,-6.5433348,1.677948692,114.5623173,-24.68530879,68.70921676,45.78648287,13.49105471,8.990175912
1.735359733,22.44049533,-6.547433367,1.677712253,114.288237,-24.70077099,68.75238995,45.46922939,13.49953177,8.927883191
1.734254167,22.39168533,-6.5289351,1.67726497,114.0396503,-24.63098465,68.55753424,45.41549839,13.46127185,8.917333109
1.733288933,22.34130733,-6.532319067,1.676979168,113.7830778,-24.64375096,68.59318003,45.12328016,13.4682709,8.859956059
1.7323153,22.29063867,-6.5369409,1.676688887,113.525025,-24.66118723,68.64186516,44.81654223,13.47783022,8.799728066
1.731318167,22.243897,-6.524733233,1.676322142,113.2869722,-24.61513273,68.51327292,44.70708167,13.45258114,8.778235486
1.7302921,22.19646267,-6.529549767,1.675935807,113.0453917,-24.63330353,68.56400897,44.41476511,13.46254316,8.720839129
1.729351433,22.14448667,-6.545526967,1.675696123,112.7806808,-24.69357893,68.73230845,43.98175465,13.49558876,8.635817526
1.728254667,22.093014,-6.515680967,1.675293551,112.5185332,-24.58098226,68.41791881,44.03399677,13.43385836,8.646075266
1.7273306,22.03909333,-6.504929367,1.675096695,112.2439182,-24.5404209,68.30466438,43.87263614,13.41162085,8.614392106
1.726364067,21.992318,-6.500684433,1.674761005,112.0056939,-24.52440651,68.25994941,43.67912685,13.40284107,8.576396558
1.7252689,21.93709233,-6.496971,1.674410648,111.7244326,-24.51039725,68.22083311,43.4369818,13.39516058,8.528851376
1.7243253,21.885172,-6.477603267,1.67416728,111.4600051,-24.43733077,68.01681868,43.37656876,13.35510235,8.516989276
1.723308933,21.838824,-6.479564367,1.673775994,111.2239572,-24.44472919,68.03747637,43.11986319,13.35915849,8.466585138
1.722310233,21.79439967,-6.498473667,1.67337643,110.9977065,-24.5160662,68.23666179,42.69442703,13.39826854,8.383050748
1.7212937,21.74197433,-6.482512933,1.673066939,110.7307071,-24.45585292,68.06853577,42.59555365,13.365257,8.363636959
1.7203088,21.69248467,-6.4830618,1.67274949,110.4786589,-24.45792357,68.07431738,42.33772382,13.36639222,8.313012072
1.719304867,21.64261567,-6.4835237,1.672418123,110.2246787,-24.45966613,68.07918291,42.07887816,13.36734756,8.262187726
1.718290333,21.59441567,-6.4912553,1.672053647,109.9791987,-24.48883427,68.16062548,41.75195557,13.38333881,8.197996477
1.717334133,21.543341,-6.473215567,1.671786274,109.7190782,-24.42077778,67.97059984,41.68186068,13.34602728,8.184233345
1.716282033,21.485227,-6.452624933,1.671517939,109.4231067,-24.3430978,67.75370371,41.60278533,13.30343972,8.1687069
1.715307367,21.44213033,-6.479593733,1.671124502,109.2036177,-24.44483998,68.03778571,41.09921432,13.35921922,8.069830733
1.714316733,21.39411267,-6.4624977,1.670781467,108.9590663,-24.38034368,67.85770075,41.03474789,13.32385954,8.057172748
1.7133199,21.34399467,-6.459063567,1.670460559,108.703818,-24.36738811,67.82152652,40.81567384,13.31675673,8.014157558
1.712291567,21.29830933,-6.454572667,1.670048368,108.4711451,-24.35044579,67.77422061,40.63030681,13.30746822,7.977760741
1.7113404,21.24174633,-6.434961033,1.669860048,108.1830727,-24.27645917,67.567637,40.5488181,13.26690552,7.961760433
1.710279833,21.19562933,-6.4405112,1.669421446,107.9482013,-24.29739767,67.62610094,40.25548275,13.27838492,7.904164037
1.709307833,21.148882,-6.445608633,1.669079911,107.7101197,-24.31662819,67.67979592,39.96370611,13.28892793,7.846873696
1.708344533,21.09763967,-6.440356233,1.6688077,107.4491452,-24.29681304,67.62446857,39.75805902,13.2780644,7.806494888
1.707284767,21.04242633,-6.426787033,1.668492577,107.1679467,-24.24562204,67.48153431,39.61979474,13.24999926,7.779346697
1.706339033,21.00198567,-6.4372244,1.668092253,106.9619846,-24.28499793,67.59147869,39.30388821,13.27158684,7.717318451
1.7053167,20.95080433,-6.430896933,1.667760186,106.7013208,-24.261127,67.52482687,39.10987625,13.25849976,7.679224201
1.704300933,20.897394,-6.416709567,1.667464746,106.4293048,-24.2076039,67.37538101,38.98730615,13.22915606,7.655157562
1.703290633,20.85659667,-6.4458512,1.667004666,106.2215262,-24.31754329,67.68235105,38.47255748,13.28942963,7.554086662
1.702323033,20.80209033,-6.4025191,1.666772175,105.9439284,-24.15406911,67.2259025,38.65140821,13.19980596,7.589204002
1.701298267,20.75711067,-6.419564433,1.666354034,105.7148493,-24.21837414,67.4054534,38.24277828,13.23506078,7.508969515
1.700332533,20.71137433,-6.438808767,1.666005131,105.4819166,-24.29097509,67.60816797,37.80713102,13.27486378,7.423430176
1.699316033,20.651428,-6.3917769,1.665797108,105.1766132,-24.11354321,67.11274709,37.99724845,13.17758789,7.460759733
1.698273533,20.60044867,-6.4016973,1.665442149,104.9169782,-24.1509688,67.21724588,37.63311465,13.19810623,7.389262062
1.6973462,20.55494833,-6.403693333,1.665128463,104.6852474,-24.15849901,67.23827155,37.38035823,13.20223462,7.339633338
1.6962695,20.50699033,-6.394542833,1.664698557,104.4409999,-24.12397794,67.14188268,37.23249959,13.18330866,7.310601294
1.695301,20.46043267,-6.4007994,1.664357965,104.2038842,-24.14758139,67.20778765,36.92947892,13.1962491,7.251103186
1.694327167,20.408583,-6.383899067,1.664083411,103.9398167,-24.08382339,67.02976414,36.84343487,13.16129419,7.234208436
1.693327033,20.36055133,-6.381984533,1.663731064,103.695194,-24.07660065,67.00959696,36.61897934,13.15733436,7.190136594
1.6923269,20.31239,-6.374420167,1.663380467,103.4499109,-24.0480634,66.92991598,36.45337724,13.141689,7.157620621
1.6913151,20.259818,-6.351998,1.663077688,103.1821645,-23.9634738,66.69372698,36.42181987,13.09531329,7.151424331
1.690325867,20.21491633,-6.3663211,1.662694028,102.9534827,-24.01750896,66.84460262,36.04226246,13.12493772,7.076898233
1.6893135,20.17002433,-6.3823743,1.662287105,102.7248502,-24.07807108,67.01370266,35.64452987,13.15814052,6.99880344
1.688320467,20.12396067,-6.3802344,1.661915317,102.4902504,-24.06999811,66.99116153,35.43247122,13.15371457,6.957165724
1.687316233,20.077191,-6.386542933,1.661541851,102.252055,-24.09379761,67.05761391,35.12782344,13.16676249,6.897348133
1.686308867,20.025629,-6.391989567,1.661229884,101.9894525,-24.11434552,67.11498726,34.8078476,13.17802775,6.834520875
1.685307367,19.979456,-6.384871633,1.660851103,101.7542959,-24.08749249,67.04000889,34.64766936,13.16330575,6.803069879
1.684331233,19.919998,-6.3311774,1.66067686,101.4514795,-23.88492625,66.47440845,34.9104534,13.0522501,6.854667526
1.683330933,19.86905733,-6.345173533,1.66036358,101.1920414,-23.9377279,66.62183991,34.50358387,13.08119827,6.774778692
1.682309167,19.81823067,-6.3290024,1.660027296,100.9331839,-23.87672087,66.45149759,34.4150687,13.04775155,6.757398739
1.681371467,19.77347467,-6.333185833,1.659693205,100.705244,-23.89250324,66.49556474,34.14306165,13.05640414,6.703990155
1.680315,19.72468233,-6.3402459,1.659294784,100.4567473,-23.91913796,66.56993356,33.8201961,13.07100645,6.640595504
1.679336833,19.67050433,-6.306695467,1.659047298,100.1808217,-23.79256599,66.21652242,33.89768159,13.00161418,6.65580978
1.678350233,19.62658067,-6.323127267,1.658653082,99.95712079,-23.85455641,66.38961053,33.5008926,13.03560003,6.577900263
1.677297267,19.575763,-6.321044,1.658285476,99.69830914,-23.8466971,66.36766597,33.26402552,13.03129121,6.531391411
1.676322267,19.52409133,-6.3227083,1.658007355,99.43514812,-23.85297582,66.38519725,32.98333322,13.03473348,6.476277477
1.6753299,19.47982867,-6.294068967,1.657611944,99.20972074,-23.7449314,66.08351831,33.05958478,12.97549882,6.491249471
1.6743145,19.42931767,-6.300143867,1.657277769,98.95247093,-23.7678495,66.14750965,32.73834363,12.98806352,6.428173771
1.673350433,19.371836,-6.2833759,1.657088938,98.65971989,-23.70459086,65.97088045,32.62222178,12.95338238,6.405373247
1.672343667,19.32308267,-6.2804621,1.656739692,98.41142178,-23.69359829,65.94018728,32.40461685,12.94735577,6.362646519
1.6713246,19.27797067,-6.290478367,1.656329036,98.18166879,-23.73138555,66.0456959,32.06935523,12.96807239,6.2968179
1.670394767,19.220614,-6.2591262,1.656172753,97.88955437,-23.61310673,65.71544071,32.107496,12.90322678,6.30430684
1.669350933,19.171667,-6.256536333,1.655789051,97.64026993,-23.60333623,65.68815976,31.88549251,12.89787017,6.260716455
1.668301167,19.12267767,-6.247060633,1.655399987,97.39076988,-23.56758831,65.58834532,31.73580692,12.8782716,6.231325688
1.6673449,19.07078033,-6.2305128,1.655143643,97.12645955,-23.50516015,65.41403494,31.64580696,12.84404576,6.213654196
1.666288333,19.02940233,-6.2369156,1.654645127,96.91572362,-23.52931528,65.48148029,31.36762568,12.85728866,6.159033301
1.6653082,18.97408033,-6.2232887,1.654411103,96.63397165,-23.47790659,65.33793824,31.22941576,12.82910417,6.131895784
1.664338067,18.931804,-6.2386419,1.654011137,96.41866056,-23.53582789,65.49966467,30.85237823,12.86085916,6.057864466
1.6633293,18.873851,-6.2178723,1.653783963,96.12350904,-23.45747274,65.28088335,30.77600803,12.81790145,6.042869177
1.662318,18.82406233,-6.212574467,1.653444146,95.86993804,-23.4374862,65.22507742,30.57824296,12.80694395,6.004038006
1.6613267,18.78002733,-6.202241767,1.653046731,95.64567015,-23.39850517,65.11623557,30.46281692,12.78557285,5.981374103
1.660303633,18.730274,-6.194062733,1.652694671,95.39227909,-23.36764905,65.03007986,30.29558158,12.76865618,5.948537444
1.659313833,18.682911,-6.195072033,1.65234364,95.15106188,-23.37145672,65.04071155,30.04373268,12.77074371,5.899086911
1.6583373,18.630019,-6.1692012,1.652080444,94.88168577,-23.27385672,64.76819523,30.04687288,12.71723513,5.89970349
1.657285267,18.58195867,-6.1916572,1.651676584,94.63691707,-23.35857396,65.00474063,29.56555879,12.76368082,5.805197469
1.656287733,18.53220833,-6.173501633,1.651350017,94.3835413,-23.29008048,64.81349483,29.50342882,12.72612971,5.792998248
1.655310033,18.485573,-6.1681916,1.651001272,94.14603005,-23.27004791,64.75756038,29.32185202,12.71514698,5.757345643
1.6543579,18.43271567,-6.1628987,1.650762008,93.87683049,-23.25007998,64.70180641,29.10840643,12.70419969,5.715435602
1.6532989,18.38135967,-6.142517733,1.650395629,93.61527714,-23.17319098,64.48711886,29.06154063,12.66204579,5.706233503
1.652353967,18.34118467,-6.176167967,1.649992523,93.41066802,-23.30013946,64.84158126,28.50246912,12.73164448,5.596459811
1.651346033,18.28879333,-6.156765967,1.649691174,93.14384178,-23.2269437,64.63720587,28.44001826,12.69151537,5.584197585
1.650309367,18.23843267,-6.146310167,1.649333705,92.88735761,-23.18749827,64.52706732,28.29367264,12.66988967,5.555462623
1.649321933,18.19188967,-6.150145033,1.648973981,92.65031661,-23.20196564,64.56746276,28.0162362,12.67782131,5.500987978
1.648340733,18.13739967,-6.10054,1.64872767,92.37280197,-23.01482627,64.04493684,28.26124748,12.57522335,5.549095943
1.647326567,18.09274133,-6.1285548,1.648315795,92.14535948,-23.12051458,64.34003712,27.73870471,12.63316629,5.44649467
1.646338567,18.042497,-6.123685967,1.648005424,91.88946779,-23.10214648,64.28875015,27.53409999,12.62309609,5.406320532
1.645350967,17.996103,-6.120119267,1.647643524,91.65318564,-23.08869079,64.2511795,27.33538848,12.6157191,5.367303529
1.644307533,17.94414967,-6.099862767,1.647300768,91.3885901,-23.01227135,64.03780304,27.28416941,12.57382263,5.357246663
1.643368667,17.897702,-6.097223267,1.646988326,91.15203463,-23.0023136,64.00999927,27.07541771,12.56836336,5.316258268
1.642350867,17.83808833,-6.070299167,1.646774515,90.84842543,-22.90074006,63.72638813,27.05541965,12.51267631,5.312331649
1.641311567,17.79297567,-6.081792833,1.646343635,90.61866904,-22.94410093,63.84745928,26.70459211,12.53644863,5.24344666
1.640334667,17.74756133,-6.079401833,1.645979223,90.38737628,-22.93508067,63.82227314,26.49848549,12.53150333,5.202977626
1.6392364,17.69658533,-6.075700133,1.645568452,90.12775825,-22.92111568,63.78328044,26.27786016,12.52384711,5.159657843
1.638238433,17.64351233,-6.058490733,1.645286264,89.85746032,-22.8561917,63.6020013,26.18884136,12.48825296,5.142179001
1.637248967,17.59414967,-6.036750633,1.644962535,89.60605891,-22.77417525,63.37299701,26.16644425,12.44328796,5.137781329
1.636254933,17.542568,-6.028665367,1.644664166,89.34335625,-22.74367287,63.28782901,25.98890959,12.42656523,5.102922399
1.635248367,17.49813267,-6.037884733,1.644256884,89.11704949,-22.77845374,63.38494331,25.66548853,12.44563362,5.039418672
1.634307,17.445408,-6.021755033,1.644026597,88.84852559,-22.71760302,63.21503744,25.5668705,12.4122726,5.020055023
1.6332181,17.39439733,-6.0164512,1.643625661,88.58873101,-22.69759384,63.1591683,25.36294506,12.4013027,4.980014262
1.6322414,17.34990467,-6.013688533,1.643249019,88.36213225,-22.68717144,63.13006712,25.16544747,12.39558868,4.941235612
1.631244633,17.29751433,-5.981777333,1.642958823,88.09531109,-22.56678362,62.79392322,25.23477022,12.32958682,4.954847133
1.630242667,17.25141333,-5.991205067,1.642578606,87.86052118,-22.60235057,62.8932324,24.90067113,12.34908618,4.889246776
1.629265667,17.20318933,-5.990827567,1.642251987,87.61491894,-22.60092642,62.88925592,24.65904537,12.3483054,4.841803558
1.628259567,17.15447833,-5.987455833,1.641902836,87.36683643,-22.58820626,62.853739,24.44647978,12.34133165,4.800066305
1.627241833,17.107907,-5.9909665,1.641513194,87.12965113,-22.60145056,62.8907194,24.17231408,12.34859275,4.746233869
1.6262463,17.052952,-5.951266433,1.641258821,86.84976827,-22.45167855,62.47252971,24.31062091,12.26648121,4.773390416
1.6252316,17.00112367,-5.934951133,1.640943112,86.58580935,-22.39012764,62.30066877,24.21852293,12.23273631,4.755306977
1.624292033,16.95362733,-5.9421347,1.640644113,86.34391308,-22.41722828,62.37633851,23.90095692,12.24759407,4.692952891
1.6232443,16.912485,-5.9448476,1.640151252,86.13437739,-22.42746293,62.40491546,23.66284427,12.25320515,4.646199473
1.622289167,16.873425,-5.951459567,1.639722908,85.93544691,-22.45240716,62.47456412,23.39426513,12.26688066,4.593463959
1.6212308,16.80981433,-5.921088067,1.639522437,85.6114812,-22.337828,62.154639,23.39022454,12.20406337,4.592670589
1.620263267,16.76739667,-5.936209367,1.639126977,85.3954503,-22.39487444,62.31392266,23.01490999,12.23533871,4.518977576
1.619303133,16.716184,-5.9097608,1.638857532,85.13462694,-22.29509488,62.03532066,23.03268863,12.18063521,4.522468413
1.618273433,16.67119667,-5.9133641,1.638434561,84.90550887,-22.30868865,62.07327684,22.76561438,12.18808791,4.470028383
1.617267433,16.621811,-5.911977767,1.638094609,84.65399032,-22.30345858,62.05867358,22.52869909,12.18522056,4.423510066
1.6162759,16.56940767,-5.887241033,1.637809822,84.38710296,-22.21013707,61.79810356,22.52238175,12.13405763,4.422269656
1.6152238,16.52659033,-5.886788233,1.637335185,84.16903658,-22.20842884,61.79333389,22.30908504,12.13312111,4.380388848
1.6142303,16.47711767,-5.874876167,1.637008906,83.91707495,-22.16348952,61.66785542,22.18260188,12.10848341,4.355553878
1.6132785,16.426257,-5.882720433,1.636743047,83.65804431,-22.19308271,61.75048479,21.84094186,12.12470769,4.288468935
1.612225833,16.37725267,-5.868576233,1.636351286,83.40846787,-22.13972246,61.60149364,21.74035658,12.09545328,4.268719014
1.611227433,16.327623,-5.862954967,1.636022224,83.15570665,-22.11851574,61.54228075,21.54680825,12.08382682,4.230715799
1.610290767,16.27665533,-5.855821933,1.635772942,82.89613106,-22.09160574,61.46714331,21.36237009,12.06907359,4.194501367
1.609293033,16.23058333,-5.835554433,1.635396566,82.66148884,-22.0151448,61.25365098,21.3412202,12.02715437,4.190348586
1.608255233,16.17860133,-5.8148422,1.63505983,82.3967473,-21.93700607,61.03547396,21.2946557,11.98431531,4.181205646
1.6072586,16.129122,-5.801837633,1.634730508,82.14475172,-21.8879452,60.89848739,21.17964668,11.957418,4.158623625
1.606232833,16.08546767,-5.8174006,1.634293493,81.92242254,-21.94665786,61.06242344,20.79338145,11.98960684,4.082780447
1.605262433,16.03401067,-5.803199433,1.634017076,81.66035481,-21.89308271,60.91283222,20.68090494,11.96023461,4.060695684
1.604306567,15.98543167,-5.7710276,1.633716378,81.41294457,-21.77171162,60.57394288,20.77238404,11.89369368,4.078657606
1.603235533,15.934845,-5.7740453,1.63332759,81.1553094,-21.78309616,60.60573051,20.48296123,11.89993519,4.021829438
1.602289933,15.88620467,-5.772059433,1.633037986,80.90758679,-21.77560431,60.58481193,20.25615721,11.89582782,3.977296468
1.601236567,15.835822,-5.771502467,1.632664114,80.65099058,-21.7735031,60.578945,20.00542793,11.89467585,3.928065774
1.6002234,15.78916133,-5.781646233,1.632280244,80.41335031,-21.81177136,60.68579668,19.66093598,11.91565618,3.86042478
1.599270067,15.73779233,-5.736615967,1.632019707,80.15173075,-21.6418907,60.2114601,19.873653,11.82252019,3.902191767
1.598253033,15.69393333,-5.735520833,1.631594186,79.92835922,-21.63775921,60.19992426,19.66181731,11.82025513,3.860597828
1.597295067,15.64057733,-5.724658333,1.631355814,79.65661998,-21.59677947,60.08550164,19.50450068,11.79778825,3.829708709
1.596241767,15.591534,-5.7082815,1.630963945,79.40684492,-21.53499642,59.91299254,19.42723473,11.76391609,3.814537539
1.595291433,15.54256467,-5.694317667,1.630674045,79.15744674,-21.48231662,59.76590132,19.32492777,11.73503472,3.794449567
1.594250167,15.50303833,-5.723235167,1.630165856,78.95614124,-21.59141045,60.07051039,18.8190132,11.79484472,3.695113241
1.593214133,15.44621367,-5.685081167,1.629896198,78.66673627,-21.44747111,59.66860654,18.93151208,11.71593089,3.717202396
1.5922539,15.39574533,-5.658855467,1.629616615,78.40970376,-21.34853234,59.39235215,18.95073395,11.66168835,3.720976612
1.5912778,15.34983467,-5.661301933,1.629259696,78.1758832,-21.35776185,59.41812257,18.69114298,11.66674837,3.670005924
1.590250367,15.30465267,-5.6683561,1.628841618,77.9457737,-21.38437432,59.49242924,18.38672681,11.68133848,3.610233809
1.589259833,15.254542,-5.651543467,1.62852691,77.69056277,-21.32094717,59.31532954,18.30861558,11.64656495,3.59489667
1.588270733,15.19638367,-5.607708133,1.628322172,77.3943655,-21.1555745,58.85358006,18.47416779,11.55590045,3.627402845
1.587257333,15.150559,-5.602712633,1.627926794,77.16098294,-21.13672854,58.80095883,18.29340646,11.54556827,3.591910359
1.586344433,15.10273467,-5.6047818,1.627658885,76.91741618,-21.14453465,58.82275486,18.02804366,11.54984792,3.539806373
1.585251933,15.05361133,-5.5942524,1.627228895,76.66723368,-21.10481156,58.71184103,17.888775,11.52806999,3.512460971
1.5842925,15.00642567,-5.588898467,1.626905839,76.42691962,-21.08461337,58.65544415,17.70485781,11.51699646,3.476348831
1.583287933,14.95824633,-5.5604871,1.626551051,76.18154486,-20.97742898,58.35616655,17.75876066,11.4582333,3.486932656
1.582217933,14.90592633,-5.549910867,1.626186674,75.91508191,-20.93752921,58.24475938,17.60370488,11.43635851,3.456487452
1.5812173,14.85446967,-5.542538,1.625880019,75.65301587,-20.90971442,58.16709561,17.41930261,11.42110922,3.420280067
1.5802571,14.80859133,-5.533102833,1.625538565,75.41935999,-20.87411941,58.06770813,17.2850342,11.40159449,3.393916465
1.579288233,14.757506,-5.515046467,1.625258669,75.15918513,-20.80600018,57.87750728,17.21506019,11.36424855,3.380177069
1.5782791,14.71314767,-5.5079708,1.624847782,74.93327052,-20.7793066,57.80297413,17.06367873,11.34961397,3.350453319
1.577284933,14.65850633,-5.485454867,1.624590545,74.65498515,-20.69436325,57.56579742,17.02257007,11.30304432,3.342381634
1.576244967,14.612346,-5.502622467,1.624173127,74.41989305,-20.75912954,57.74663625,16.60663915,11.33855203,3.260713597
1.575273633,14.56689333,-5.490922133,1.623814799,74.18840506,-20.714989,57.62338812,16.49839929,11.31435226,3.2394607
1.574243867,14.51508533,-5.468809,1.623483749,73.9245497,-20.63156525,57.39045439,16.46747766,11.26861572,3.233389238
1.5732597,14.464879,-5.4432465,1.623176699,73.66885154,-20.53512846,57.12118597,16.48104792,11.21574487,3.236053759
1.5722657,14.41952833,-5.4434932,1.622794328,73.43788303,-20.53605915,57.12378464,16.24748074,11.21625511,3.190192843
1.571234233,14.37476567,-5.4367388,1.62236656,73.20990918,-20.51057758,57.05263563,16.09065589,11.20228501,3.159400285
1.570270933,14.320677,-5.4258224,1.622132736,72.9344385,-20.4693945,56.93764524,15.93017561,11.17970664,3.12788998
1.569245133,14.271096,-5.4145196,1.621775619,72.68192513,-20.42675369,56.81858462,15.79672286,11.15632909,3.101686533
1.5682977,14.22115333,-5.407326067,1.621501745,72.42756982,-20.39961545,56.7428099,15.61814226,11.14145072,3.066622233
1.567268033,14.17497067,-5.3989766,1.621094929,72.19236398,-20.36811635,56.65485889,15.47088743,11.12418154,3.037708747
1.566272833,14.12802433,-5.390576533,1.620732878,71.95326882,-20.33642635,56.56637488,15.3202763,11.10680771,3.008136251
1.565307433,14.07981867,-5.374226433,1.620417612,71.70775995,-20.27474416,56.39414737,15.24699493,11.07299084,2.993747454
1.564268433,14.03151367,-5.377102533,1.620030086,71.46174518,-20.2855945,56.42444343,14.97068411,11.07893947,2.939493824
1.5632781,13.982413,-5.335821467,1.619701957,71.21167813,-20.12985802,55.9895999,15.15546057,10.99355794,2.975774683
1.562278467,13.93278,-5.3359245,1.619371707,70.95889992,-20.13024673,55.99068523,14.90159704,10.99377104,2.925928579
1.561270467,13.88155633,-5.323042533,1.619054544,70.69802054,-20.08164837,55.8549901,14.77641279,10.96712731,2.901348652
1.560255833,13.83966433,-5.323400333,1.618604894,70.48466684,-20.0829982,55.85875906,14.55929012,10.96786734,2.858716615
1.559325333,13.787788,-5.300881033,1.618374033,70.22046346,-19.99804215,55.62154689,14.53229892,10.92129073,2.853416893
1.558282267,13.739058,-5.307436,1.617988171,69.97228419,-20.02277134,55.69059512,14.21507141,10.93484835,2.791129272
1.557259933,13.69021533,-5.2836811,1.617624563,69.72353111,-19.93315388,55.44036747,14.21654599,10.88571615,2.791418805
1.5563372,13.64204,-5.276918733,1.617351554,69.47817673,-19.90764226,55.36913454,14.04242453,10.87172957,2.757230057
1.555232733,13.59670433,-5.259765633,1.616858514,69.24728461,-19.84293067,55.18844845,13.99221851,10.83625185,2.747372104
1.5542658,13.54251167,-5.2355927,1.616622459,68.97128427,-19.75173615,54.93381735,13.97084927,10.78625504,2.743176254
1.553278567,13.498201,-5.238731233,1.616232829,68.74561243,-19.76357654,54.96687781,13.71211697,10.79274646,2.692374167
1.552232933,13.44782167,-5.211273167,1.615866645,68.48903319,-19.65998856,54.677642,13.74477353,10.73595501,2.698786283
1.5512687,13.397143,-5.215643267,1.615585898,68.23092946,-19.67647514,54.72367545,13.44063636,10.74499367,2.63906895
1.5502845,13.35215733,-5.2052253,1.615208405,68.00181988,-19.63717245,54.61393542,13.32126681,10.72344622,2.615630737
1.549268533,13.30195367,-5.188329233,1.614869518,67.7461353,-19.57343054,54.43595685,13.2435608,10.68850013,2.600373163
1.5482547,13.25559367,-5.170805767,1.614480927,67.51002631,-19.50732171,54.25136942,13.19203924,10.65225639,2.590256904
1.5472646,13.20255767,-5.146118967,1.614206106,67.23991682,-19.41418858,53.99132539,13.18197377,10.60119674,2.58828055
1.546248,13.16391133,-5.158710167,1.613710716,67.04309312,-19.46168999,54.12395766,12.8525178,10.62723909,2.52359187
1.545286833,13.10887167,-5.133125767,1.613491851,66.76277905,-19.36517058,53.85445856,12.84170284,10.57432294,2.521468353
1.5442716,13.06066267,-5.117569933,1.613126796,66.5172532,-19.30648483,53.69059764,12.76003791,10.54214885,2.505433444
1.5432602,13.01166933,-5.098797633,1.612776153,66.26773279,-19.23566467,53.49285534,12.7082598,10.50332215,2.495266811
1.542238667,12.96492233,-5.1089406,1.612385081,66.02965283,-19.27392991,53.59969859,12.36333659,10.52430082,2.427541139
1.541262333,12.91809567,-5.092844667,1.612040283,65.79116713,-19.21320657,53.43014841,12.29440107,10.49100964,2.41400565
1.540302567,12.87248,-5.085114133,1.61169572,65.55884899,-19.18404245,53.34871708,12.14351427,10.4750206,2.384379026
1.5392781,12.82764833,-5.0761067,1.611275883,65.33052372,-19.15006112,53.25383523,12.01007085,10.45639055,2.358177411
1.538297533,12.77534867,-5.05525,1.611000664,65.06416433,-19.07137737,53.03413642,11.96341026,10.41325269,2.349015604
1.5372495,12.72920933,-5.037600833,1.610574897,64.82917919,-19.00479433,52.8482249,11.91433663,10.37674896,2.339379997
1.536256133,12.674534,-5.015850233,1.610318918,64.55072065,-18.92273827,52.61911,11.864993,10.33176225,2.329691375
1.535239867,12.629205,-5.0186189,1.609913989,64.31986249,-18.93318331,52.64827438,11.60497045,10.33748868,2.278635949
1.534265967,12.58459233,-5.015464767,1.609541765,64.09265258,-18.92128406,52.6150496,11.41098532,10.33096499,2.240546968
1.533249333,12.530927,-4.9940435,1.609248898,63.81933792,-18.84047044,52.38940381,11.36331646,10.28665944,2.231187186
1.532325767,12.485503,-4.982359267,1.60893795,63.58799593,-18.79639064,52.26632527,11.255053,10.26249297,2.209929657
1.531257233,12.43484633,-4.9610478,1.608552606,63.33000424,-18.71599125,52.04183608,11.22155051,10.21841451,2.203351442
1.530258933,12.391441,-4.9546202,1.608139699,63.10894321,-18.69174256,51.97412949,11.06819607,10.20512033,2.173240298
1.529325167,12.34069933,-4.920973467,1.607890268,62.85051863,-18.56480728,51.61970396,11.16419702,10.13552887,2.192090085
1.528248833,12.29378267,-4.914989467,1.607446684,62.61157457,-18.54223211,51.55667013,10.98828678,10.12315218,2.15755011
1.5272735,12.244324,-4.910090933,1.607138384,62.35968424,-18.52375196,51.50507032,10.78799627,10.11302056,2.118223067
1.526250567,12.195976,-4.886514367,1.606767504,62.11345047,-18.43480728,51.25672118,10.79011164,10.0642572,2.118638421
1.525241033,12.15056333,-4.887165233,1.606370436,61.8821662,-18.43726274,51.26357723,10.55197132,10.06560339,2.071879568
1.5242607,12.10092633,-4.866522933,1.60605954,61.62936763,-18.35938783,51.04613686,10.51661311,10.02290897,2.064936985
1.523246667,12.051725,-4.852125033,1.605709069,61.37878788,-18.30507048,50.8944733,10.41769693,9.993129832,2.045514792
1.5222305,12.004799,-4.852299367,1.605325777,61.13979628,-18.30572817,50.89630968,10.17686895,9.993490406,1.998228218
1.521252833,11.95597733,-4.825358233,1.605006552,60.89115016,-18.20409037,50.61251911,10.21201339,9.937768128,2.00512883
1.520288533,11.90780033,-4.801919467,1.604692,60.64578728,-18.11566555,50.36562152,10.21354811,9.889289786,2.005430171
1.519238,11.863083,-4.799313267,1.604244554,60.41804431,-18.10583343,50.33816852,10.01325814,9.883899389,1.966103235
1.518285633,11.81288067,-4.7823693,1.603969249,60.16236652,-18.04191082,50.15968539,9.936063484,9.848854226,1.950946065
1.5172442,11.76568033,-4.7747086,1.603564391,59.92197776,-18.01301015,50.07898966,9.776370451,9.833009619,1.919590338
1.516244833,11.71642333,-4.7521367,1.603229337,59.67111451,-17.92785566,49.84122341,9.763273449,9.786324216,1.917018742
1.515257,11.66465067,-4.724681867,1.602939745,59.4074391,-17.82427988,49.55202166,9.788799783,9.729539453,1.922030837
1.5142712,11.620151,-4.734731967,1.602554097,59.18080469,-17.86219477,49.65788668,9.456300353,9.75032605,1.856744574
1.513280867,11.56771567,-4.697210967,1.602270941,58.91375435,-17.72064348,49.26265068,9.584486021,9.67272146,1.88191383
1.512242667,11.523041,-4.702402767,1.601835254,58.68622867,-17.74023,49.31733969,9.302271336,9.683459647,1.826500977
1.511292233,11.473407,-4.671540267,1.601554218,58.43344538,-17.62379849,48.99224251,9.374585217,9.619626817,1.840699807
1.510245433,11.431001,-4.680995333,1.601079333,58.2174739,-17.65946857,49.09183961,9.059016639,9.639182707,1.778737917
1.5092617,11.38066433,-4.652023167,1.600774474,57.96111196,-17.55016851,48.78665469,9.10783962,9.579259648,1.788324309
1.508247167,11.333711,-4.6422726,1.600393184,57.72198116,-17.51338363,48.68394487,8.971418632,9.559092576,1.761538048
1.5072496,11.28581367,-4.632932633,1.600041593,57.47804261,-17.47814778,48.58556021,8.825864754,9.539774746,1.732958544
1.506264033,11.23714667,-4.621627967,1.599712382,57.23018419,-17.43549993,48.46647992,8.69708662,9.516393333,1.707672958
1.505270467,11.193622,-4.613910333,1.599305818,57.00851541,-17.40638448,48.38518447,8.556713281,9.500430971,1.680110653
1.504252367,11.14341133,-4.5928618,1.598964892,56.75279518,-17.32697702,48.16346495,8.522712576,9.456896343,1.673434614
1.503250567,11.097486,-4.588489067,1.598582472,56.51889992,-17.3104805,48.11740377,8.334878504,9.44785223,1.636553394
1.502325367,11.04694033,-4.560380933,1.598338965,56.26147356,-17.20444009,47.82132034,8.373535567,9.389716249,1.644143709
1.5012014,11.000856,-4.5479679,1.597836522,56.02676853,-17.15761082,47.69056482,8.269586048,9.364042403,1.623733221
1.500281833,10.95453933,-4.545879533,1.597541613,55.79088023,-17.14973227,47.66856654,8.05569604,9.35972304,1.581735917
1.499305133,10.908993,-4.5330237,1.597179181,55.5589152,-17.1012325,47.53314669,7.959150861,9.333133352,1.562779272
1.4982147,10.86081633,-4.5138154,1.59673849,55.31355403,-17.0287675,47.33081168,7.916124692,9.293404874,1.554331083
1.497270333,10.809702,-4.4827927,1.596483486,55.05323147,-16.91173162,47.004027,7.982586818,9.229240702,1.567380922
1.496237167,10.762438,-4.478374167,1.596087753,54.81251846,-16.89506231,46.95748338,7.788417434,9.220101861,1.529255763
1.495258833,10.717665,-4.4864389,1.595713258,54.58449198,-16.92548723,47.04243508,7.475439244,9.236782128,1.467802496
1.4942668,10.66879467,-4.462972167,1.595380323,54.335598,-16.8369569,46.7952429,7.473737445,9.188245943,1.467468347
1.4932569,10.61854,-4.428237433,1.595048191,54.07965368,-16.70591705,46.42935667,7.583679357,9.116404182,1.489055442
1.492253133,10.57117333,-4.4211413,1.594683242,53.83841779,-16.67914626,46.35460793,7.417192206,9.101727268,1.45636569
1.4912862,10.52292133,-4.406763067,1.594367068,53.59267295,-16.62490311,46.20315154,7.32290376,9.071988804,1.437852153
1.4902556,10.475247,-4.3921693,1.593979435,53.34987013,-16.56984683,46.04942477,7.233827709,9.041804553,1.420362071
1.489254833,10.42784867,-4.3700703,1.593617914,53.10847296,-16.4864764,45.81663992,7.225215396,8.996097248,1.418671043
1.488278633,10.37956133,-4.352620267,1.593292949,52.86254817,-16.42064461,45.63282601,7.163104505,8.960005388,1.406475569
1.4872419,10.33256167,-4.3430055,1.592890085,52.62318139,-16.38437205,45.53154668,7.025017063,8.94011919,1.3793621
1.4862708,10.28645567,-4.327753533,1.592540801,52.38836601,-16.32683266,45.37088661,6.950861749,8.908573586,1.364801704
1.485265167,10.23920697,-4.305005067,1.592172395,52.14773092,-16.24101206,45.13126045,6.949852816,8.86152299,1.3646036
1.484311533,10.18787103,-4.2894489,1.591911113,51.88627977,-16.18232505,44.96739603,6.852266092,8.82934821,1.345442447
1.483290567,10.13886193,-4.278216533,1.591551115,51.63667906,-16.13994995,44.84907733,6.720984073,8.806116335,1.319665223
1.482252567,10.09578643,-4.266743033,1.59109406,51.41729785,-16.09666516,44.72821861,6.622461593,8.782385724,1.300320334
1.4812944,10.0503809,-4.254949867,1.590748263,51.18604991,-16.05217439,44.6039926,6.51543966,8.757993947,1.279306577
1.4802493,9.999660967,-4.235302633,1.590387206,50.92773602,-15.97805347,44.39703399,6.464084374,8.717357624,1.269222967
1.479291933,9.951339233,-4.224363167,1.590081538,50.68163602,-15.93678337,44.28180062,6.333217748,8.694731553,1.243527305
1.478269233,9.905037067,-4.2052272,1.5896833,50.44582158,-15.86459124,44.08022756,6.298976366,8.655152681,1.236804009
1.4772328,9.854158067,-4.170762067,1.589333055,50.18669756,-15.73456848,43.71718122,6.402898689,8.583868533,1.257209158
1.476255233,9.809062533,-4.161837867,1.588963677,49.95702844,-15.70090115,43.62317613,6.267234655,8.565410633,1.230571524
1.475300167,9.758304433,-4.1549023,1.588693168,49.69852016,-15.67473611,43.55011876,6.081783751,8.551065818,1.194158239
1.4742239,9.711739633,-4.1410146,1.588244905,49.46136814,-15.62234353,43.4038295,5.990920979,8.522341923,1.176317334
1.473293033,9.663135867,-4.1186781,1.587969541,49.21383176,-15.53807711,43.16854289,5.978671219,8.476143397,1.173912094
1.472263667,9.618260367,-4.1088176,1.587545395,48.98528325,-15.5008775,43.06467507,5.853990533,8.45574895,1.149431041
1.471208533,9.5705824,-4.0930664,1.587133279,48.74246193,-15.44145471,42.89875621,5.777088065,8.423170782,1.134331242
1.470284267,9.520142267,-4.066132367,1.586889281,48.48557304,-15.33984369,42.61504044,5.803914954,8.36746319,1.139598701
1.4692487,9.4772536,-4.0584289,1.58643214,48.26714337,-15.31078168,42.53389421,5.6666315,8.351530129,1.112643095
1.4682575,9.428055133,-4.047483667,1.586104463,48.01657822,-15.26948982,42.4186001,5.531360463,8.328892131,1.086082627
1.467282867,9.378221867,-4.0148739,1.585801914,47.76278007,-15.14646659,42.0750977,5.621064721,8.261445433,1.103696058
1.466310367,9.3305213,-4.003883933,1.585472736,47.51984365,-15.10500597,41.95933238,5.493893616,8.238714912,1.078726012
1.4652748,9.283443767,-3.987017067,1.585072088,47.2800803,-15.04137423,41.78166139,5.431801252,8.203829215,1.066534176
1.464259467,9.238050167,-3.977300367,1.584668963,47.04889313,-15.00471712,41.67930832,5.30296716,8.183732189,1.041237602
1.463251133,9.190121667,-3.960682967,1.584307026,46.80479586,-14.94202651,41.50426515,5.233913054,8.149362462,1.027678828
1.462262267,9.146225267,-3.950861533,1.583910175,46.58123385,-14.90497428,41.40080885,5.113807354,8.129048817,1.004096074
1.461229833,9.0986344,-3.919536933,1.583519584,46.33885612,-14.78679946,41.07084403,5.201394439,8.064260226,1.021293798
1.460242633,9.050263733,-3.908203833,1.583184743,46.09250692,-14.74404434,40.95146424,5.074425024,8.040820004,0.996363354
1.459271167,9.0028785,-3.887942833,1.582852345,45.85117647,-14.66760793,40.73804038,5.046518438,7.998914229,0.990883895
1.4582339,8.953137067,-3.870456433,1.582485925,45.59784602,-14.60163894,40.5538434,4.977384969,7.962747152,0.977309539
1.457274467,8.907760933,-3.8580067,1.582138464,45.36674781,-14.55467122,40.4227013,4.877428864,7.9369974,0.957683157
1.456268867,8.8593556,-3.837881867,1.581785691,45.12022205,-14.47874851,40.21071178,4.84289262,7.895373258,0.950901966
1.4552494,8.8117984,-3.829585067,1.581407612,44.87801579,-14.4474481,40.12331555,4.688082589,7.878213008,0.920505016
1.454298033,8.766430533,-3.8075946,1.581068107,44.64695968,-14.36448712,39.89167396,4.688668073,7.832730181,0.920619976
1.453229533,8.71829,-3.779264867,1.580648862,44.40178253,-14.25761069,39.59325625,4.741908625,7.774135865,0.931073759
1.4522454,8.670576433,-3.771559633,1.580308226,44.1587799,-14.22854202,39.51209142,4.580070825,7.758199151,0.899296907
1.451288833,8.625235233,-3.754749633,1.579963161,43.9278596,-14.16512481,39.33501946,4.526222495,7.72343107,0.888723787
1.450275433,8.5774959,-3.734673333,1.579593605,43.68472574,-14.08938519,39.12354118,4.494566917,7.68190731,0.882508214
1.449273233,8.528924967,-3.715533967,1.579246465,43.43735659,-14.01718024,38.9219323,4.448806643,7.642321406,0.873523184
1.4483018,8.479789733,-3.7005422,1.578937702,43.18711349,-13.96062248,38.76401311,4.35648273,7.611313973,0.855395384
1.4472648,8.4373185,-3.696725133,1.578473498,42.97080978,-13.94622226,38.72380516,4.180386962,7.603419144,0.82081898
1.446258267,8.388687133,-3.673126633,1.57812284,42.72313284,-13.85719483,38.47522499,4.181290202,7.554610426,0.820996331
1.445308033,8.341965367,-3.650325233,1.577802727,42.48518139,-13.77117453,38.23504124,4.183522498,7.507450348,0.821434642
1.444240233,8.293465933,-3.6437808,1.577389023,42.23817639,-13.74648508,38.16610396,4.00545477,7.493914513,0.786471044
1.4432823,8.245063767,-3.620222633,1.577083873,41.99166675,-13.65760981,37.91794865,4.007100452,7.445189217,0.786794174
1.4422834,8.201838833,-3.605647467,1.576667934,41.77152449,-13.60262371,37.76441781,3.940489029,7.415043437,0.773715021
1.4412404,8.152224033,-3.574155933,1.576294072,41.51883898,-13.48381912,37.43269456,4.019526761,7.349909578,0.78923408
1.440289167,8.107258467,-3.563471567,1.575949274,41.28983176,-13.4435114,37.32014835,3.903065757,7.327811129,0.766366961
1.439275033,8.059599233,-3.545239133,1.575577905,41.04710585,-13.37472793,37.12809286,3.852395334,7.290101034,0.756417824
1.4382375,8.0080929,-3.514179567,1.57523502,40.78478686,-13.25755297,36.80091984,3.917249369,7.22586061,0.769151914
1.437290567,7.964922133,-3.506580833,1.574870317,40.56492047,-13.22888608,36.72087685,3.777425963,7.21014417,0.741697588
1.436279933,7.9199977,-3.490301167,1.574465564,40.33612274,-13.1674696,36.54939127,3.720113816,7.176472976,0.730444348
1.435228967,7.869486667,-3.476638733,1.574095823,40.07887276,-13.11592686,36.40547492,3.606780192,7.148215,0.708191291
1.4341965,7.821794533,-3.456602567,1.573706564,39.83597929,-13.04033865,36.19441939,3.574942247,7.106774247,0.70193991
1.4331922,7.775813933,-3.437498267,1.573322389,39.60180256,-12.96826599,35.99317989,3.542005019,7.067260872,0.695472686
1.4321844,7.725870133,-3.421386233,1.572988165,39.34744147,-12.90748192,35.82346012,3.457363704,7.033936394,0.678853363
1.431214067,7.6815607,-3.411424633,1.572615418,39.12177591,-12.86990091,35.71852733,3.336630925,7.013332842,0.655147482
1.43017,7.6341489,-3.3909118,1.572210779,38.88031016,-12.79251443,35.50245073,3.311241779,6.970906201,0.650162323
1.429203033,7.588052767,-3.375699033,1.571865495,38.64554503,-12.73512292,35.34220359,3.236723793,6.939441674,0.635530717
1.4281787,7.540791067,-3.350447833,1.571478564,38.40484373,-12.63986054,35.07621432,3.262011764,6.887214681,0.64049601
1.4272221,7.492866833,-3.321849567,1.571168303,38.16076819,-12.53197105,34.77496796,3.319182577,6.828064958,0.651721499
1.4261533,7.446015367,-3.304274267,1.570731373,37.92215618,-12.46566668,34.58983453,3.265704002,6.79171401,0.641220981
1.425191233,7.399225533,-3.2842905,1.570400345,37.68385808,-12.39027615,34.37933097,3.237909455,6.750381636,0.635763522
1.424210333,7.354874767,-3.284116567,1.570017589,37.457982,-12.38961997,34.3774988,3.01386555,6.75002189,0.591772501
1.4231399,7.306622333,-3.260571333,1.56959792,37.21223495,-12.3007935,34.12947972,3.01613758,6.701323343,0.592218614
1.422219833,7.259603967,-3.234366333,1.569311975,36.97277294,-12.20193282,33.85344338,3.052711904,6.647123608,0.599399982
1.421216567,7.212098933,-3.211833,1.568949392,36.73083236,-12.11692383,33.61608338,3.048131323,6.600517972,0.598500585
1.420186433,7.167635133,-3.198946867,1.568518928,36.50438061,-12.06830975,33.48034436,2.957418601,6.573865615,0.580689142
1.419190033,7.120093033,-3.177878533,1.568163712,36.26225125,-11.98882761,33.25841627,2.93721733,6.530290035,0.576722623
1.4182447,7.0750642,-3.166816533,1.567825667,36.03292182,-11.94709523,33.14189217,2.824411999,6.507410528,0.554573296
1.417184367,7.0284653,-3.1442006,1.567393798,35.79559613,-11.86177463,32.90366208,2.825316393,6.46063405,0.554750874
1.416247067,6.979641767,-3.116729767,1.567114965,35.5469405,-11.75813848,32.6142918,2.866031044,6.403816195,0.562745195
1.415235467,6.935317367,-3.107291067,1.566701153,35.32119871,-11.72253015,32.5148671,2.739713953,6.384294156,0.537942835
1.4141927,6.8907965,-3.097176767,1.566258825,35.09445633,-11.68437306,32.40832582,2.619512855,6.363374775,0.514341349
1.413234033,6.8430794,-3.0705685,1.565943702,34.8514357,-11.58399102,32.12804158,2.656776469,6.308340964,0.52165806
1.412207033,6.7945706,-3.040084167,1.565570925,34.60438299,-11.46898618,31.80692791,2.730837429,6.245290295,0.536199929
1.411243833,6.7510694,-3.039427667,1.565194411,34.38283372,-11.46650948,31.80001252,2.516203547,6.243932457,0.494056567
1.410249833,6.704910133,-3.011804733,1.564822945,34.14774705,-11.36229952,31.50904005,2.572089345,6.186800014,0.505029743
1.409251133,6.656801867,-2.9934662,1.564473065,33.90273423,-11.29311578,31.31586693,2.520249648,6.148870472,0.494851018
1.408193233,6.6133175,-2.978717233,1.564001625,33.68127069,-11.237474,31.16050533,2.454147706,6.118365222,0.481871902
1.407228867,6.566570433,-2.964993,1.56366772,33.44319039,-11.18569812,31.01593799,2.360634747,6.089979425,0.463510632
1.4061985,6.519496733,-2.9400661,1.563272221,33.20344657,-11.09165918,30.75336481,2.383464103,6.038423181,0.467993177
1.4052239,6.476600767,-2.929363633,1.562876144,32.98497971,-11.05128318,30.64062794,2.277734121,6.016287296,0.447233095
1.404248267,6.427344033,-2.8973302,1.56256482,32.73411782,-10.93043422,30.30319647,2.364303695,5.950032627,0.46423103
1.403218867,6.382089433,-2.8894252,1.562145754,32.50363857,-10.90061191,30.21992735,2.217093567,5.933682735,0.435326322
1.402201,6.336810733,-2.8671972,1.561738546,32.27303658,-10.81675482,29.98578365,2.220635284,5.887708619,0.436021738
1.401175267,6.2913211,-2.849667,1.561326316,32.04136033,-10.75062059,29.80112529,2.173617382,5.851450951,0.426789773
1.400254,6.24555,-2.834471567,1.561022349,31.80825057,-10.69329448,29.64106073,2.100572189,5.820022275,0.412447349
1.3992131,6.1987769,-2.8008336,1.560612262,31.57003769,-10.56639227,29.28672754,2.216692491,5.750448953,0.435247571
1.398197133,6.152273167,-2.7905584,1.560223476,31.33319667,-10.52762817,29.17849138,2.088087637,5.729196783,0.409996007
1.397221867,6.107746767,-2.7740305,1.559848722,31.10642611,-10.46527521,29.00439098,2.035417475,5.695012169,0.399654221
1.396174733,6.0638175,-2.764846067,1.559394048,30.88269672,-10.43062612,28.90764466,1.908434401,5.676016029,0.374721095
1.3951963,6.015524867,-2.730747633,1.559066921,30.63674493,-10.30198677,28.54846104,2.021666232,5.605490326,0.396954165
1.394203,5.970656233,-2.7166729,1.55867875,30.40823139,-10.2488886,28.40020163,1.941412105,5.576379591,0.381196267
1.393234133,5.9264663,-2.7054661,1.558305858,30.18317443,-10.20660995,28.28215225,1.83440453,5.553200595,0.360185329
1.392227,5.879918733,-2.679397333,1.557926496,29.94611018,-10.10826323,28.00755096,1.871941568,5.49928263,0.367555727
1.391240333,5.835082867,-2.664313467,1.557544516,29.71776352,-10.05135801,27.84866161,1.802484255,5.468084707,0.353917783
1.390179167,5.7880691,-2.631860233,1.557117408,29.47832493,-9.928925315,27.50680808,1.904899196,5.400961767,0.374026957
1.3892225,5.7453119,-2.623853433,1.556737394,29.26056481,-9.898718955,27.42246663,1.771480526,5.384401323,0.347830201
1.3882477,5.697829067,-2.603696267,1.556402979,29.01873729,-9.822674262,27.21013652,1.741983116,5.342710306,0.342038385
1.3871908,5.6552515,-2.587536967,1.555920308,28.80189203,-9.761711875,27.03991885,1.695355525,5.309288067,0.332883057
1.386266333,5.609817333,-2.569795133,1.555608597,28.57049826,-9.694779241,26.85303121,1.6508494,5.272592678,0.32414428
1.385214633,5.5623247,-2.539001633,1.555197414,28.32862083,-9.578608041,26.52866086,1.73334232,5.20890256,0.340341764
1.384203833,5.518414033,-2.532340867,1.554778823,28.10498616,-9.55347971,26.45849815,1.579870357,5.195126113,0.310207545
1.383246467,5.4732305,-2.514250133,1.554430831,27.87486886,-9.48523082,26.26793529,1.540315912,5.157709095,0.302441029
1.382206933,5.4291471,-2.496224867,1.553985836,27.65035447,-9.417228908,26.07806204,1.505674778,5.120427481,0.295639243
1.3812524,5.3854513,-2.4784516,1.553620613,27.42781411,-9.350177689,25.89084328,1.470353171,5.083667079,0.288703845
1.380273967,5.340492533,-2.457234067,1.553248524,27.19884152,-9.270132669,25.66734356,1.464880311,5.039782908,0.287629249
1.3792061,5.2970516,-2.449071333,1.552766531,26.97759919,-9.239338036,25.58135955,1.329621983,5.022899948,0.261071276
1.378228333,5.251091167,-2.4164118,1.552408617,26.74352517,-9.116127061,25.23733291,1.439574602,4.955350318,0.282660473
1.3772293,5.207816933,-2.402788867,1.551993209,26.52313182,-9.064733341,25.09383264,1.362681529,4.927174039,0.267562518
1.376212367,5.162593533,-2.382748933,1.551586189,26.29281148,-8.989130921,24.88273744,1.343456388,4.885725496,0.263787662
1.3752332,5.1188906,-2.361374367,1.551196429,26.07023478,-8.90849348,24.65758357,1.346033565,4.841516534,0.26429369
1.374238767,5.074590867,-2.341367567,1.550799451,25.84461862,-8.833016059,24.44683738,1.33116359,4.80013652,0.261373971
1.373237,5.029592667,-2.316243,1.55040456,25.61544521,-8.738231411,24.18218203,1.366645524,4.748171442,0.268340849
1.372222433,4.987608933,-2.3110349,1.549956214,25.40162431,-8.718583393,24.12732132,1.207685334,4.737399542,0.237129015
1.3712092,4.941199767,-2.280404567,1.549568886,25.16526492,-8.603027754,23.80466973,1.293977538,4.674046901,0.25407249
1.3702711,4.8972044,-2.265711467,1.549224137,24.94119888,-8.547596735,23.64989661,1.224684616,4.6436572,0.240466824
1.369191833,4.852834533,-2.2472049,1.548743272,24.71522553,-8.477779077,23.45495347,1.193654407,4.605380115,0.234374043
1.368230133,4.8102069,-2.223394067,1.548356476,24.49812529,-8.387950604,23.20413664,1.227370999,4.556132228,0.240994296
1.367208933,4.765181367,-2.209135133,1.547942521,24.26881266,-8.334157518,23.05393691,1.148258101,4.526640513,0.225460478
1.366217633,4.7225318,-2.1931897,1.547526421,24.05160071,-8.274001962,22.88597206,1.099011005,4.493660613,0.215790811
1.3652328,4.678657367,-2.1730929,1.547133308,23.82815058,-8.198185008,22.67427783,1.087255096,4.452094453,0.213482538
1.364155267,4.631572433,-2.150227233,1.546690793,23.58834955,-8.11192226,22.43341712,1.088314771,4.404801452,0.213690605
1.363120633,4.5854546,-2.1306059,1.546278136,23.3534739,-8.037899046,22.22673134,1.060124909,4.364218698,0.208155526
1.362167,4.543732033,-2.1193743,1.545887201,23.14098311,-7.995526842,22.10842072,0.965944737,4.340988408,0.189663249
1.361176133,4.499554,-2.090288467,1.545492148,22.91598676,-7.885797965,21.80203847,1.04733064,4.280830253,0.205643371
1.360048933,4.453091167,-2.076242533,1.544991577,22.67935404,-7.832808441,21.65408243,0.958653966,4.251779084,0.188231706
1.359096967,4.408293567,-2.059194167,1.544643781,22.45120227,-7.768491971,21.47449957,0.910085052,4.216517991,0.1786952
1.358002267,4.3640437,-2.043923167,1.544145864,22.22584008,-7.710880774,21.31363901,0.845583417,4.18493302,0.166030304
1.356964833,4.3181483,-2.020672533,1.543727407,21.99209728,-7.623165705,21.06872317,0.856756455,4.136843794,0.16822413
1.355932733,4.272192967,-1.9995769,1.543315091,21.75804923,-7.543580564,20.84650751,0.844924072,4.093211749,0.165900842
1.3549095,4.229035833,-1.974790567,1.542873903,21.53825227,-7.450071931,20.58541502,0.886219602,4.041946239,0.174009219
1.3539651,4.185625533,-1.954754867,1.542514964,21.31716595,-7.374485482,20.37436441,0.876183888,4.000506451,0.172038706
1.3529746,4.143614367,-1.944709267,1.542091054,21.10320533,-7.336587568,20.26854679,0.76804089,3.979729162,0.150804829
1.351908867,4.100789533,-1.919408367,1.541602885,20.88510076,-7.241137687,20.00203399,0.81644911,3.927399375,0.160309783
1.350938733,4.059301467,-1.906279033,1.541192288,20.67380426,-7.191606117,19.86373317,0.743453441,3.900244008,0.145977083
1.349971667,4.016664033,-1.888465767,1.540800258,20.4566541,-7.124403994,19.67609306,0.713943387,3.863400873,0.140182784
1.348907833,3.9726096,-1.862328833,1.540330572,20.23228724,-7.025800103,19.40077372,0.764895869,3.80934192,0.150187304
1.347966733,3.932468433,-1.850261167,1.539930842,20.02785044,-6.980273764,19.2736562,0.68757658,3.784382396,0.135005662
1.346930967,3.889894,-1.8323545,1.539469263,19.81102114,-6.912719282,19.08503225,0.659371233,3.747346082,0.129467542
1.345928833,3.8483154,-1.8140062,1.539027886,19.59926356,-6.843498698,18.89175625,0.640889656,3.70939634,0.125838684
1.344918933,3.805577933,-1.790916367,1.538594372,19.38160394,-6.756390262,18.64853423,0.666452056,3.661639696,0.130857861
1.343909,3.764648033,-1.782830967,1.538136447,19.17315016,-6.725887376,18.56336483,0.543167678,3.644916684,0.106650974
1.3429393,3.721391467,-1.754678667,1.537750134,18.95284679,-6.619680336,18.26681616,0.619412975,3.586689353,0.121621738
1.341905033,3.681468967,-1.740862967,1.537254289,18.74952364,-6.567559387,18.12128534,0.561620652,3.558114376,0.110274215
1.340927933,3.639823667,-1.724727933,1.536838845,18.53742636,-6.506688548,17.95132329,0.519485427,3.524742327,0.102000964
1.3398993,3.597807633,-1.701489867,1.536376868,18.32344096,-6.419020888,17.70653981,0.550283498,3.476679093,0.108048165
1.3389187,3.557135933,-1.685090067,1.535944793,18.11630218,-6.357151193,17.53378878,0.515895745,3.442759428,0.10129613
1.337962933,3.516363,-1.671504067,1.535538918,17.90864782,-6.305896807,17.39067756,0.451352613,3.414659538,0.088623086
1.3369303,3.4742716,-1.644965667,1.535073957,17.69427858,-6.205778348,17.11112927,0.516531659,3.359770233,0.101420991
1.335948633,3.434722433,-1.6307057,1.534625677,17.4928568,-6.151981363,16.96091866,0.465320486,3.33027638,0.091365677
1.334956033,3.393564233,-1.610451833,1.534188164,17.2832403,-6.075571862,16.74756994,0.469052705,3.288385359,0.092098499
1.333948167,3.351870367,-1.5910755,1.533742608,17.07089568,-6.002472932,16.54346492,0.460813105,3.248309338,0.090480653
1.332922867,3.311198467,-1.574862867,1.533265837,16.86375588,-5.94130934,16.37268545,0.424452771,3.214776789,0.083341302
1.331976467,3.271718133,-1.555936333,1.532851895,16.66268466,-5.86990732,16.1733185,0.422748507,3.175631088,0.083006669
1.330911867,3.2303625,-1.537876233,1.532345044,16.45206264,-5.801773997,15.98307832,0.402366667,3.138277429,0.079004695
1.329939333,3.190681633,-1.523691333,1.531907674,16.24997012,-5.748260208,15.83365845,0.349694022,3.108938836,0.068662421
1.328961733,3.150512133,-1.500405,1.531471826,16.04538902,-5.660410458,15.58836655,0.390404815,3.060775772,0.076655985
1.327871733,3.1104549,-1.4839644,1.530922065,15.84137968,-5.598386841,15.41518574,0.359576285,3.026771721,0.070602803
1.326954,3.070973933,-1.469310033,1.530536798,15.64030524,-5.543101948,15.26082063,0.312866953,2.996462131,0.061431426
1.325928233,3.031581867,-1.453984633,1.530042299,15.43968356,-5.485285522,15.09938704,0.273678868,2.964764645,0.053736846
1.324918767,2.9919776,-1.433645467,1.529566962,15.23798116,-5.408554218,14.88513979,0.286223712,2.922697198,0.056200026
1.323931667,2.953175467,-1.420552833,1.529103174,15.04036398,-5.359161102,14.74722555,0.226520769,2.895617738,0.044477353
1.322930567,2.913170633,-1.396251267,1.528641605,14.83662151,-5.267481294,14.49123946,0.278764392,2.845354869,0.054735388
1.3219098,2.8746022,-1.3810975,1.528140998,14.64019455,-5.21031237,14.33161381,0.241963088,2.814012372,0.047509452
1.3209466,2.835629533,-1.3634894,1.52770341,14.44170885,-5.143884257,14.14613488,0.228956325,2.777593583,0.044955574
1.319952467,2.795788467,-1.344419167,1.5272466,14.23880044,-5.071940116,13.94525423,0.226928561,2.738150668,0.044557423
1.3189266,2.758641633,-1.3321629,1.52672172,14.04961362,-5.025702267,13.81615005,0.166845913,2.712801062,0.032760195
1.3179301,2.719752133,-1.315561333,1.52624971,13.85155148,-4.96307139,13.64127366,0.143660165,2.678464084,0.028207673
1.316881367,2.6807281,-1.293955533,1.52572728,13.65280418,-4.8815616,13.41368405,0.172502477,2.633776863,0.033870861
1.315935333,2.642838333,-1.276845333,1.525292254,13.45983363,-4.817011859,13.23344986,0.159766122,2.598387879,0.031370078
1.314897133,2.605633167,-1.263889533,1.524755827,13.27034972,-4.768134958,13.09697698,0.106755079,2.571591431,0.02096136
1.313965267,2.567146133,-1.2407054,1.524343022,13.07433732,-4.680670766,12.85276163,0.154958038,2.523639747,0.030426011
1.31291,2.529576567,-1.2263024,1.523794444,12.88299754,-4.626334176,12.70104435,0.115335536,2.493850058,0.022646132
1.3118935,2.491597,-1.2084144,1.523290162,12.68956965,-4.558850115,12.51261703,0.110334968,2.456852353,0.021664271
1.310933033,2.455046767,-1.1941483,1.522822636,12.50342127,-4.505029992,12.36234181,0.074461809,2.427345815,0.014620576
1.309885967,2.417698133,-1.174635633,1.522279278,12.31320669,-4.431416733,12.15680069,0.089788347,2.386987815,0.017629942
1.3089331,2.380882767,-1.159380733,1.521822928,12.125708,-4.373866274,11.99610972,0.062980628,2.355436144,0.012366246
1.307935,2.3433794,-1.136862967,1.521330623,11.93470537,-4.28891601,11.7589137,0.109174023,2.308862705,0.021436319
1.3069548,2.307981667,-1.128580833,1.520827821,11.75442662,-4.25767093,11.67167196,0.016137008,2.291732789,0.003168501
1.305898967,2.2701746,-1.1063486,1.520281879,11.56187726,-4.173797865,11.43748366,0.057775945,2.245749917,0.011344307
1.304935633,2.2348884,-1.093708667,1.519794438,11.38216654,-4.126112599,11.30433805,0.011210842,2.219606775,0.002201249
1.303885667,2.1980489,-1.077995867,1.519241314,11.19454495,-4.066834673,11.13882369,-0.010896393,2.187108031,-0.002139507
1.302954267,2.162029767,-1.058796833,1.518795692,11.01110143,-3.994404623,10.93658629,0.007897489,2.147398719,0.001550672
1.3019744,2.127634933,-1.047688733,1.518279697,10.8359304,-3.952498334,10.81957659,-0.050263846,2.124423864,-0.009869306
1.300879233,2.0917925,-1.027884627,1.517667925,10.65338681,-3.877785591,10.61096552,-0.024196363,2.08346308,-0.004750956
1.299973233,2.0562577,-1.015358033,1.517241171,10.47240998,-3.830527911,10.47901379,-0.073221465,2.057554359,-0.014377035
1.298937233,2.021240933,-0.994144743,1.516677431,10.29407147,-3.7504989,10.25555877,-0.028104952,2.013678965,-0.005518407
1.297913533,1.986253,-0.98196275,1.516125601,10.11587981,-3.704541253,10.12723697,-0.077974813,1.988482979,-0.015310355
1.296984833,1.951625233,-0.96370465,1.515663914,9.939522451,-3.635660957,9.934911111,-0.062006311,1.950719797,-0.012174939
1.295968267,1.917505133,-0.948029717,1.515107514,9.765750615,-3.576525886,9.769795628,-0.070662665,1.918299372,-0.013874614
1.294954,1.883226767,-0.93500638,1.514555548,9.591172736,-3.527394198,9.632611344,-0.10805626,1.891363237,-0.021216847
1.293939233,1.849045167,-0.918731113,1.514001778,9.417087684,-3.465994316,9.461172114,-0.110702082,1.857701145,-0.021736354
1.2929348,1.814727367,-0.902660527,1.513460177,9.242308972,-3.405366608,9.291888927,-0.116197607,1.824462391,-0.0228154
1.291901733,1.781279267,-0.885150037,1.512878214,9.071959596,-3.339306737,9.10743819,-0.102096247,1.788245489,-0.020046598
1.2909543,1.7484637,-0.871847013,1.512373353,8.904831678,-3.289119905,8.967307763,-0.129093737,1.760730879,-0.025347555
1.289930633,1.7157361,-0.858582757,1.511791072,8.73815177,-3.239079325,8.827585692,-0.156051575,1.733296451,-0.030640727
1.288943,1.6825394,-0.844851953,1.511251152,8.56908276,-3.187278656,8.682949147,-0.180484038,1.704897065,-0.035438041
1.287910033,1.650155467,-0.82656471,1.510654937,8.404153128,-3.118288414,8.490316302,-0.152780826,1.667073606,-0.029998515
1.286910367,1.617395833,-0.81090099,1.510097088,8.237310076,-3.059195646,8.325318938,-0.154626514,1.634676373,-0.030360916
1.285920533,1.5853174,-0.794347643,1.509539886,8.073936338,-2.996746683,8.150950488,-0.143631802,1.600439128,-0.028202104
1.2849213,1.553517467,-0.781641287,1.508969528,7.911980986,-2.94881083,8.017105185,-0.171741851,1.574158603,-0.033721512
1.283967567,1.5222341,-0.767781857,1.508437703,7.752656481,-2.896524905,7.871113721,-0.185074892,1.545493179,-0.036339455
1.2829113,1.490711533,-0.754033543,1.50780657,7.592113742,-2.844658178,7.726292729,-0.200796639,1.517057577,-0.03942642
1.281914467,1.459942267,-0.740790407,1.507224712,7.435407521,-2.794697275,7.586793132,-0.218003263,1.489666831,-0.042804941
1.280966733,1.428912033,-0.725986857,1.506695473,7.277372209,-2.738849574,7.430856564,-0.220102007,1.459048686,-0.043217029
1.279903833,1.398233,-0.711686017,1.506046331,7.121125541,-2.684898392,7.280215407,-0.225707518,1.429470295,-0.044317671
1.2789648,1.368277067,-0.69800188,1.505511303,6.968561582,-2.633273777,7.136070435,-0.234126505,1.40116743,-0.045970739
1.277967367,1.3382717,-0.68327979,1.504918542,6.815745862,-2.577733391,6.980991946,-0.231863736,1.370717769,-0.045526445
1.2769246,1.308666167,-0.670502363,1.504275056,6.664966471,-2.52952942,6.84639801,-0.248049191,1.344290249,-0.048704459
1.275910133,1.279132567,-0.656241557,1.503658899,6.514553433,-2.475729266,6.696178553,-0.248242772,1.314794659,-0.048742468
1.274989833,1.2501532,-0.644523063,1.503129434,6.366963076,-2.431520215,6.572739133,-0.272393709,1.290557329,-0.053484505
1.273897567,1.2210969,-0.627936303,1.50242904,6.218980901,-2.368945197,6.398018717,-0.245655468,1.256250975,-0.048234451
1.272980167,1.192287267,-0.616328657,1.501900186,6.072254987,-2.325154324,6.275746926,-0.270109591,1.232242909,-0.053036018
1.271962933,1.1643477,-0.604326887,1.501259764,5.929960275,-2.279876586,6.149323547,-0.285980924,1.207419678,-0.056152354
1.270908667,1.136729533,-0.591143847,1.500577974,5.789302436,-2.230142403,6.010456991,-0.287772207,1.18015323,-0.056504073
1.270012967,1.1086348,-0.577991567,1.500061179,5.646217469,-2.180524264,5.871914452,-0.292314636,1.152950403,-0.057395979
1.2689612,1.081372033,-0.56576727,1.499377096,5.507369663,-2.134407025,5.743147038,-0.302395027,1.127666921,-0.059375264
1.2679504,1.05407657,-0.553051947,1.498734421,5.368355335,-2.086437344,5.609207282,-0.307469599,1.10136785,-0.060371656
1.2669677,1.02726876,-0.540679853,1.498113269,5.231824599,-2.039762528,5.478883017,-0.313676071,1.07577868,-0.061590296
1.2659529,1.000807097,-0.527842663,1.497455348,5.097056769,-1.991333094,5.343659551,-0.313220434,1.049227553,-0.061500832
1.264927933,0.97511609,-0.515810507,1.496776868,4.966213853,-1.94594072,5.216916087,-0.317319887,1.024341474,-0.06230576
1.263968733,0.949168283,-0.504793147,1.496167617,4.834063068,-1.904376756,5.100862215,-0.3334168,1.001554296,-0.065466389
1.2629217,0.92396758,-0.493011483,1.495460457,4.70571724,-1.85992939,4.97675738,-0.337657792,0.977186311,-0.066299107
1.261888933,0.898559153,-0.48104115,1.494770366,4.576313488,-1.814770249,4.850665146,-0.34096931,0.952428101,-0.066949324
1.260921567,0.874723217,-0.468788953,1.494124466,4.454918343,-1.768547755,4.72160384,-0.333303149,0.927086914,-0.065444073
1.259908433,0.851031463,-0.458791553,1.493430856,4.334257516,-1.73083168,4.616293949,-0.348654085,0.906409317,-0.06845823
1.2589569,0.827069143,-0.44749396,1.492802494,4.212218708,-1.68821051,4.497288175,-0.351687119,0.883042533,-0.069053766
1.257940533,0.804645343,-0.43786941,1.49208855,4.0980155,-1.651901045,4.395905784,-0.364507937,0.863136101,-0.071571133
1.2569939,0.78122111,-0.424571347,1.491457831,3.978717138,-1.601732926,4.255827604,-0.343728118,0.83563175,-0.067491016
1.255914033,0.75864474,-0.41490043,1.490682445,3.863736898,-1.565248538,4.1539568,-0.356837553,0.815629418,-0.070065054
1.254919333,0.735836707,-0.404945463,1.489995349,3.74757681,-1.527692547,4.04909389,-0.368134732,0.795039585,-0.072283255
1.2539361,0.713461397,-0.39360405,1.489313884,3.633620559,-1.484906063,3.929626528,-0.362623621,0.771582169,-0.071201148
1.2528892,0.6916886,-0.383489123,1.488560626,3.522732875,-1.446746608,3.823078643,-0.36696342,0.750661492,-0.072053268
1.251956667,0.67004659,-0.372318843,1.487919972,3.412511281,-1.404605739,3.705413953,-0.359520324,0.72755803,-0.070591816
1.2509587,0.648729227,-0.363670817,1.487209505,3.303943095,-1.371980295,3.614317993,-0.376992551,0.709671338,-0.074022487
1.249922,0.628078163,-0.354569393,1.486451319,3.198768339,-1.337644371,3.518446077,-0.38629539,0.690846887,-0.0758491
1.248907433,0.607288977,-0.344365287,1.485717129,3.092890128,-1.299148477,3.410958794,-0.384686318,0.669741759,-0.075533159
1.247938467,0.58713875,-0.334739157,1.485019922,2.990266106,-1.26283305,3.30955976,-0.385911306,0.649832059,-0.075773685
1.246868633,0.567529677,-0.326470673,1.48421455,2.89039815,-1.231639466,3.222461807,-0.398681309,0.632730376,-0.078281075
1.245943967,0.54821958,-0.317643413,1.483550312,2.792052865,-1.198337848,3.129477852,-0.404042639,0.614472976,-0.079333772
1.244940533,0.52917277,-0.308629623,1.482803757,2.695048485,-1.164332529,3.034529041,-0.406098208,0.595829777,-0.079737383
1.243909733,0.51069645,-0.299781203,1.482022141,2.60094958,-1.130951082,2.941322192,-0.406990265,0.577528612,-0.079912538
1.242966967,0.492114423,-0.291602583,1.481329983,2.506312316,-1.100096515,2.855170835,-0.415476171,0.560612793,-0.081578746
1.2418904,0.473050637,-0.281651197,1.480510524,2.409221475,-1.06255403,2.750345636,-0.407741813,0.540030366,-0.080060105
1.2408307,0.454317827,-0.273278497,1.479703467,2.31381628,-1.030967279,2.662149892,-0.414951264,0.522713131,-0.081475681
1.239768367,0.43526724,-0.26260894,1.478898062,2.216792666,-0.990715434,2.549759686,-0.399584672,0.500645314,-0.07845845
1.238732967,0.41845526,-0.256029273,1.4780894,2.131170155,-0.96589306,2.480451268,-0.415898765,0.487036606,-0.081661722
1.2376227,0.399997817,-0.2462635,1.477228063,2.037167388,-0.929050817,2.377581269,-0.407031533,0.466838082,-0.079920641
1.236693033,0.384141943,-0.239842147,1.476512239,1.956414277,-0.904825694,2.30994048,-0.420143855,0.453556813,-0.082495246
1.235636467,0.36855676,-0.232563947,1.475665864,1.877039776,-0.877368041,2.233273902,-0.422851778,0.438503331,-0.083026947
1.234656533,0.35319693,-0.22550693,1.474893084,1.798812987,-0.850744822,2.158937209,-0.426741874,0.423907321,-0.083790767
1.233664,0.338523853,-0.218013953,1.474098442,1.724083796,-0.822476905,2.080008232,-0.422542088,0.408409616,-0.082966139
1.232615,0.324287147,-0.212584403,1.473241447,1.651577014,-0.801993448,2.02281483,-0.437855468,0.397179692,-0.085972921
1.231682267,0.310039323,-0.205626087,1.47250087,1.579013615,-0.775742584,1.949517815,-0.437121852,0.382787823,-0.085828876
1.230639833,0.296197433,-0.198551513,1.471645117,1.508517613,-0.749053131,1.874996185,-0.433096224,0.368155501,-0.085038444
1.229646633,0.28299169,-0.19297744,1.470830019,1.441261472,-0.728024446,1.816280413,-0.441636594,0.356626659,-0.086715345
1.228619467,0.269811747,-0.186580533,1.469980606,1.374136729,-0.703891551,1.748897139,-0.441378063,0.343395953,-0.086664583
1.227642567,0.25724383,-0.18047616,1.469173205,1.310129004,-0.680862263,1.684595332,-0.441083979,0.330770293,-0.086606839
1.2266288,0.245109213,-0.175417517,1.468323094,1.248328054,-0.661778084,1.631308959,-0.449598558,0.320307514,-0.088278677
1.225583867,0.233071763,-0.169246283,1.467440505,1.187021968,-0.638496561,1.566302867,-0.445898551,0.307543568,-0.087552181
1.224651533,0.22140412,-0.163738967,1.46666553,1.127599287,-0.617719722,1.508290292,-0.447308657,0.296152799,-0.087829055
1.2236581,0.210022177,-0.158530097,1.465825601,1.069631661,-0.598068799,1.453421473,-0.450407464,0.285379306,-0.088437505
1.222646667,0.199202903,-0.1539217,1.464960084,1.014529683,-0.580683216,1.404877876,-0.456965845,0.275847771,-0.089725244
1.221685567,0.18845673,-0.148777867,1.464143914,0.9598,-0.56127765,1.350694136,-0.457511788,0.265208794,-0.08983244
1.220679133,0.178433343,-0.144117957,1.463272662,0.90875143,-0.543697728,1.301607912,-0.459474134,0.255570713,-0.090217746
1.2196426,0.168445357,-0.139542693,1.462370834,0.857883151,-0.526437142,1.253413333,-0.462147834,0.246107708,-0.090742727
1.218685033,0.15876684,-0.134902553,1.461543798,0.808590985,-0.508931804,1.204535361,-0.462562027,0.236510518,-0.090824054
1.2176472,0.149259937,-0.1307537,1.460634181,0.760172838,-0.493279888,1.160832469,-0.467277283,0.227929455,-0.091749895
1.2166486,0.14022943,-0.126609063,1.459757372,0.714180952,-0.47764388,1.117173994,-0.469610694,0.219357114,-0.09220806
1.215705133,0.131408283,-0.122297237,1.458932874,0.669255326,-0.461377133,1.071754385,-0.469116711,0.210438974,-0.092111066
1.2145712,0.123175303,-0.11857581,1.457909976,0.627325202,-0.447337722,1.032553889,-0.47184634,0.202741956,-0.092647029
1.213673133,0.11510688,-0.11479214,1.457120725,0.586233155,-0.433063493,0.992697739,-0.473082236,0.194916201,-0.092889697
1.212679233,0.107055635,-0.11062972,1.45623541,0.545228597,-0.417360395,0.94885194,-0.470240995,0.186307078,-0.092331819
1.211643033,0.099513636,-0.107543282,1.455300926,0.5068176,-0.405716535,0.916340242,-0.476140294,0.179923406,-0.093490147
1.210695067,0.092170472,-0.103918588,1.454451994,0.469419263,-0.392042056,0.878158698,-0.475357087,0.17242646,-0.093336364
1.209673467,0.084991276,-0.100757446,1.453527218,0.432856002,-0.380116368,0.844860088,-0.478621738,0.165888278,-0.093977378
1.2086236,0.07820039,-0.097254071,1.452568937,0.398270385,-0.366899576,0.807956489,-0.476303757,0.158642257,-0.093522243
1.207637433,0.071878334,-0.094742644,1.451668034,0.366072491,-0.357424998,0.781501808,-0.482046969,0.15344788,-0.094649922
1.2067059,0.065480087,-0.091473328,1.450822792,0.333486565,-0.345091212,0.747063716,-0.480194803,0.146685961,-0.09428625
1.205610733,0.059407134,-0.089269462,1.449809529,0.30255734,-0.336776933,0.723848791,-0.487909103,0.14212771,-0.095800952
1.204652733,0.052677442,-0.086246985,1.44894229,0.26828338,-0.325374372,0.692010841,-0.490345113,0.135876329,-0.096279263
1.203499233,0.045326101,-0.082874276,1.447887935,0.230843397,-0.312650529,0.656483642,-0.492257897,0.128900563,-0.096654838
1.202440033,0.039434442,-0.080506121,1.446908194,0.200837493,-0.303716457,0.631538149,-0.497318308,0.124002515,-0.09764845
1.2014482,0.034460358,-0.077970078,1.445983445,0.175504753,-0.294149008,0.604824155,-0.495937053,0.118757223,-0.09737724
1.200404367,0.028702836,-0.075860804,1.445017261,0.146182003,-0.286191586,0.582605636,-0.503041285,0.114394617,-0.098772156
1.199319567,0.023425695,-0.073307311,1.444003632,0.119305804,-0.276558308,0.555707836,-0.503019684,0.109113234,-0.098767915
1.198290933,0.018845045,-0.071123665,1.443036776,0.095976802,-0.26832031,0.532705903,-0.503346754,0.104596804,-0.098832135
1.197345633,0.014521016,-0.069242895,1.442149793,0.073954752,-0.261224939,0.512894384,-0.505557284,0.100706812,-0.099266173
1.196309233,0.010244163,-0.067318417,1.441171074,0.05217297,-0.253964677,0.49262246,-0.507067142,0.09672642,-0.099562633
1.195364433,0.006428552,-0.065278296,1.440277734,0.032740271,-0.246268139,0.471132377,-0.505009758,0.092506842,-0.099158666
1.1943692,0.002714843,-0.063834118,1.439332586,0.01382655,-0.240819853,0.455919806,-0.508710908,0.089519854,-0.099885387
1.193348267,-0.001098825,-0.062117218,1.438363086,-0.005596257,-0.234342693,0.437834441,-0.51004835,0.085968793,-0.100147994
1.192312167,-0.004691566,-0.060561299,1.43737544,-0.023893893,-0.228472854,0.421444821,-0.511956366,0.082750691,-0.100522632
1.191364867,-0.00812092,-0.058620361,1.436474391,-0.041359411,-0.221150491,0.400999501,-0.508976564,0.078736252,-0.099937548
1.190283267,-0.01129872,-0.05735769,1.435435649,-0.057543774,-0.216386954,0.387698872,-0.511860298,0.076124674,-0.10050377
1.189327333,-0.014323942,-0.055880215,1.434520516,-0.072951067,-0.210813049,0.372135552,-0.511704272,0.073068816,-0.100473134
1.188366233,-0.017123031,-0.05455771,1.433597166,-0.087206675,-0.205823781,0.358204641,-0.512028969,0.070333481,-0.100536888
1.187282767,-0.019931579,-0.053288247,1.432551577,-0.101510461,-0.201034622,0.34483247,-0.512960583,0.067707856,-0.100719811
1.186351133,-0.022648397,-0.05209098,1.431656585,-0.115347067,-0.196517825,0.332220782,-0.514185502,0.065231551,-0.100960323
1.1853428,-0.025273886,-0.050730966,1.43068366,-0.128718542,-0.191387054,0.317894768,-0.513230962,0.062418638,-0.100772899
1.184299333,-0.027712488,-0.049407598,1.429673082,-0.141138211,-0.18639453,0.303954766,-0.511710629,0.059681518,-0.100474382
1.183355067,-0.029998077,-0.04860258,1.428759641,-0.152778593,-0.183357527,0.295474922,-0.514871167,0.058016501,-0.101094954
1.1823692,-0.03202744,-0.047762082,1.427801143,-0.163114031,-0.180186675,0.286621349,-0.516353032,0.056278102,-0.101385918
1.181320433,-0.034148108,-0.047445861,1.426780977,-0.173914479,-0.178993704,0.283290363,-0.523822494,0.055624063,-0.102852547
1.180357467,-0.03626564,-0.046404922,1.425846569,-0.184698956,-0.175066668,0.272325391,-0.523641999,0.053471091,-0.102817107
1.179355667,-0.038073016,-0.046124528,1.424869145,-0.193903825,-0.174008857,0.269371797,-0.529893274,0.052891152,-0.104044544
1.1783237,-0.039903749,-0.045259741,1.423861869,-0.203227648,-0.170746374,0.260262373,-0.530107673,0.051102517,-0.104086642
1.177391933,-0.041689879,-0.044427611,1.422954191,-0.212324315,-0.167607089,0.251496938,-0.530438906,0.049381424,-0.104151679
1.176345233,-0.043213557,-0.043713155,1.42192804,-0.220084326,-0.16491174,0.243971053,-0.530673031,0.047903716,-0.10419765
1.175366867,-0.044605748,-0.04281932,1.42096845,-0.22717468,-0.161539668,0.234555635,-0.528347967,0.046054999,-0.103741123
1.174367267,-0.046198049,-0.042534918,1.419990324,-0.235284183,-0.160466736,0.231559822,-0.533461657,0.045466771,-0.104745196
1.173327233,-0.047608284,-0.041782745,1.41896931,-0.242466432,-0.157629099,0.223636643,-0.532720728,0.043911055,-0.104599715
1.172378033,-0.04891009,-0.04084377,1.418037667,-0.24909646,-0.154086731,0.213745729,-0.529459842,0.041968974,-0.10395944
1.171338067,-0.050148419,-0.040631898,1.417014402,-0.255403202,-0.153287426,0.211513931,-0.533534785,0.04153076,-0.104759555
1.170388267,-0.051367033,-0.039888182,1.416081037,-0.261609541,-0.150481692,0.203679829,-0.531907022,0.039992534,-0.104439944
1.169299833,-0.052181744,-0.039558648,1.415003591,-0.26575882,-0.149238495,0.200208607,-0.532585079,0.03931096,-0.10457308
1.168347933,-0.053273749,-0.0391169,1.414066419,-0.27132034,-0.147571963,0.195555357,-0.533493349,0.038397294,-0.104751419
1.1673758,-0.05437704,-0.038483699,1.413109165,-0.276939345,-0.145183155,0.188885387,-0.532442384,0.037087646,-0.104545062
1.166317433,-0.055430256,-0.037861176,1.412065003,-0.282303314,-0.142834631,0.182327896,-0.531248861,0.035800082,-0.104310714
1.1653563,-0.056273111,-0.037306113,1.411115237,-0.286595932,-0.140740607,0.176481013,-0.529694598,0.034652047,-0.104005534
1.164338533,-0.057048076,-0.036754344,1.410107922,-0.290542788,-0.13865901,0.170668828,-0.527829268,0.033510824,-0.103639277
1.163298933,-0.057592304,-0.036500143,1.409075662,-0.293314508,-0.137700016,0.167991151,-0.527923312,0.032985063,-0.103657742
1.1623121,-0.058255947,-0.03595172,1.408097779,-0.296694408,-0.13563104,0.162214206,-0.525526266,0.031850759,-0.103187082
1.161388467,-0.059055503,-0.035584341,1.407184929,-0.300766505,-0.13424507,0.158344335,-0.525728493,0.03109091,-0.10322679
1.160309833,-0.059666553,-0.035480925,1.406114536,-0.303878547,-0.133854926,0.157254986,-0.527751185,0.030877017,-0.103623945
1.1593572,-0.06027971,-0.034915123,1.405170172,-0.307001322,-0.131720388,0.151294982,-0.524913957,0.02970677,-0.103066855
1.1583246,-0.06084332,-0.034678468,1.404145174,-0.30987176,-0.130827584,0.148802116,-0.525291527,0.029217295,-0.103140991
1.1573073,-0.061286325,-0.034403226,1.403133848,-0.312127962,-0.129789209,0.145902791,-0.524648405,0.028648013,-0.103014714
1.156372633,-0.061541169,-0.034202709,1.402202619,-0.313425867,-0.129032741,0.1437906,-0.523834119,0.028233284,-0.102854829
1.155351067,-0.062130038,-0.033813399,1.401188994,-0.316424945,-0.127564037,0.139689721,-0.522732319,0.027428077,-0.102638491
1.154342567,-0.062556608,-0.033450561,1.400186247,-0.318597443,-0.126195199,0.135867684,-0.52108278,0.02667762,-0.102314604
1.153359667,-0.063072426,-0.033198055,1.399210303,-0.321224475,-0.125242595,0.133207848,-0.521049975,0.026155361,-0.102308163
1.1523459,-0.063394996,-0.032913946,1.398200887,-0.322867308,-0.124170769,0.130215121,-0.519700082,0.025567739,-0.102043111
1.151289067,-0.063659749,-0.032770383,1.397147624,-0.324215679,-0.123629166,0.128702871,-0.519536203,0.025270809,-0.102010933
1.150373867,-0.063713973,-0.032514455,1.396233156,-0.324491839,-0.122663656,0.126006999,-0.51711649,0.024741474,-0.101535823
1.149345233,-0.063929605,-0.0320525,1.395207431,-0.325590043,-0.120920888,0.121140883,-0.513348579,0.023786012,-0.100795993
1.148338533,-0.064289836,-0.03195589,1.394205589,-0.327424679,-0.12055642,0.120123227,-0.514165558,0.023586196,-0.100956407
1.1473692,-0.064518804,-0.031748603,1.393239344,-0.328590804,-0.119774409,0.117939715,-0.513148171,0.023157463,-0.100756643
1.146318633,-0.064682074,-0.031499833,1.392190979,-0.329422327,-0.118835905,0.115319246,-0.511359226,0.022642934,-0.100405384
1.145338567,-0.064955071,-0.031188826,1.391214594,-0.330812685,-0.117662602,0.11204318,-0.509473517,0.021999678,-0.100035125
1.144304867,-0.064941138,-0.031084259,1.390180706,-0.330741727,-0.117268113,0.110941696,-0.508301075,0.021783402,-0.099804916
1.143358067,-0.064943805,-0.030939588,1.389233942,-0.330755311,-0.116722329,0.109417771,-0.506790734,0.021484179,-0.099508361
1.142326667,-0.065187417,-0.03055716,1.388205828,-0.331996012,-0.115279585,0.105389379,-0.504003043,0.020693204,-0.098960997
1.1413291,-0.06527069,-0.030377768,1.387209384,-0.332420117,-0.114602816,0.103499719,-0.502537488,0.02032217,-0.098673236
1.140350867,-0.065415405,-0.030235815,1.386233102,-0.333157143,-0.114067283,0.102004418,-0.501779213,0.020028567,-0.098524348
1.139296133,-0.06548217,-0.030198911,1.38517927,-0.333497172,-0.113928062,0.101615688,-0.501730512,0.01995224,-0.098514786
1.138341667,-0.065465599,-0.030014995,1.384224579,-0.333412778,-0.113234221,0.099678364,-0.499708794,0.019571847,-0.098117822
1.137349,-0.065283813,-0.029866712,1.383229461,-0.33248695,-0.11267481,0.098116391,-0.497220993,0.019265153,-0.097629342
1.136328533,-0.065277152,-0.029974927,1.382208905,-0.332453026,-0.113083062,0.099256302,-0.49832698,0.019488975,-0.097846502
1.135350033,-0.065359108,-0.029610644,1.38123151,-0.332870427,-0.11170877,0.095419037,-0.494907116,0.018735528,-0.097175012
1.1343667,-0.065398341,-0.02932513,1.380248706,-0.333070235,-0.110631644,0.092411513,-0.492099401,0.018145001,-0.096623717
1.133307267,-0.065253081,-0.029356029,1.379187313,-0.332330437,-0.110748212,0.092736991,-0.491685081,0.018208908,-0.096542366
1.132362267,-0.065307853,-0.029106304,1.378243052,-0.332609386,-0.109806104,0.09010646,-0.489333498,0.017692403,-0.096080632
1.131356,-0.0650105,-0.028949663,1.377232775,-0.331094985,-0.109215161,0.088456443,-0.48616908,0.017368423,-0.095459299
1.1302962,-0.06484815,-0.029042876,1.376170785,-0.330268142,-0.109566816,0.089438327,-0.486324121,0.017561215,-0.095489741
1.129379233,-0.064909381,-0.028825515,1.375254645,-0.330579992,-0.108746801,0.087148701,-0.484346345,0.017111648,-0.095101405
1.1283454,-0.064887,-0.02844596,1.374220509,-0.330466003,-0.107314897,0.083150572,-0.480234227,0.016326615,-0.094293991
1.127337433,-0.064773545,-0.02847509,1.373211013,-0.329888183,-0.107424792,0.08345742,-0.479963255,0.016386864,-0.094240785
1.126363667,-0.064618009,-0.028566287,1.372235148,-0.329096048,-0.107768842,0.084418068,-0.480131768,0.016575488,-0.094273873
1.125306733,-0.064375416,-0.028540309,1.371174943,-0.327860533,-0.107670838,0.084144422,-0.478622608,0.016521757,-0.093977549
1.1243077,-0.064096451,-0.027881139,1.370172147,-0.326439779,-0.10518406,0.077200902,-0.470258333,0.015158397,-0.092335224
1.1233405,-0.063834023,-0.027840322,1.369201408,-0.325103248,-0.105030075,0.07677095,-0.46849185,0.015073976,-0.091988375
1.122314033,-0.06369894,-0.027792016,1.36817312,-0.324415281,-0.104847838,0.076262111,-0.467295044,0.014974066,-0.091753382
1.121299467,-0.063531401,-0.027740713,1.367156293,-0.323562013,-0.104654293,0.075721699,-0.465901365,0.014867956,-0.091479733
1.1203742,-0.063301517,-0.027792045,1.366227926,-0.322391227,-0.104847947,0.076262417,-0.465271295,0.014974126,-0.091356019
1.119299167,-0.063064257,-0.027588212,1.365149693,-0.321182874,-0.104078969,0.074115295,-0.461915822,0.014552538,-0.090697172
1.118348433,-0.062619855,-0.027335801,1.364192966,-0.318919559,-0.103126726,0.071456467,-0.456993677,0.014030477,-0.089730709
1.1173516,-0.062316688,-0.027481513,1.363192044,-0.317375545,-0.103676436,0.072991354,-0.456984551,0.014331852,-0.089728917
1.116347333,-0.062206148,-0.027356188,1.362186287,-0.316812568,-0.103203637,0.071671214,-0.455101434,0.014072643,-0.089359167
1.115328933,-0.06197399,-0.027223454,1.361164756,-0.315630201,-0.102702886,0.07027303,-0.452520884,0.013798109,-0.088852475
1.114330333,-0.061688275,-0.027415684,1.360162303,-0.314175072,-0.103428091,0.072297929,-0.453090653,0.014195698,-0.08896435
1.1133593,-0.061416832,-0.027096709,1.359187608,-0.312792625,-0.102224728,0.068937929,-0.448348207,0.013535962,-0.08803317
1.112281767,-0.060911874,-0.027185638,1.358103265,-0.3102209,-0.102560222,0.069874687,-0.446713239,0.013719895,-0.087712144
1.111369533,-0.060539447,-0.026940369,1.357186009,-0.308324151,-0.101634923,0.06729109,-0.442232893,0.013212606,-0.086832429
1.110323867,-0.06032135,-0.026842669,1.356137401,-0.307213393,-0.10126634,0.066261941,-0.440092986,0.013010532,-0.086412258
1.109336867,-0.060020832,-0.026742883,1.355146348,-0.305682872,-0.100889889,0.065210826,-0.437511351,0.012804146,-0.085905354
1.108333667,-0.059687722,-0.026776073,1.354138655,-0.303986363,-0.1010151,0.065560437,-0.436164452,0.012872792,-0.08564089
1.107323433,-0.059315597,-0.026652083,1.353123403,-0.302091148,-0.100547338,0.064254364,-0.432963164,0.012616344,-0.085012317
1.106296867,-0.058951487,-0.026538052,1.352091926,-0.300236757,-0.100117145,0.063053189,-0.429907598,0.012380494,-0.084412357
1.105332467,-0.058454577,-0.026430564,1.351120824,-0.29770602,-0.099711638,0.061920943,-0.426244615,0.012158177,-0.08369313
1.104363733,-0.058073452,-0.026333566,1.350146951,-0.295764972,-0.099345704,0.060899189,-0.423281813,0.011957556,-0.083111384
1.103283667,-0.057824269,-0.026172994,1.349063523,-0.294495893,-0.098739932,0.059207767,-0.420321313,0.011625445,-0.08253009
1.102383,-0.057521336,-0.026384516,1.348158771,-0.292953074,-0.09953792,0.061435889,-0.421006615,0.012062937,-0.082664649
1.101311567,-0.057198624,-0.026332034,1.347082985,-0.291309517,-0.099339927,0.060883058,-0.418810227,0.011954388,-0.082233388
1.100296733,-0.056774595,-0.026156179,1.346062433,-0.289149964,-0.098676497,0.059030646,-0.414798262,0.011590667,-0.081445639
1.099374733,-0.056255438,-0.026106657,1.345133432,-0.286505921,-0.098489671,0.058508995,-0.411632568,0.011488241,-0.080824055
1.0983387,-0.055822568,-0.026042244,1.34409156,-0.284301338,-0.098246667,0.057830486,-0.408749475,0.011355016,-0.08025796
1.0973231,-0.055566487,-0.025978245,1.343072507,-0.282997134,-0.098005226,0.057156341,-0.406771128,0.011222648,-0.079869511
1.0963226,-0.055242694,-0.025939924,1.34206764,-0.281348072,-0.097860656,0.056752675,-0.404718399,0.011143388,-0.079466458
1.095321267,-0.054802743,-0.025477784,1.341060373,-0.279107427,-0.09611719,0.051884614,-0.397609693,0.010187544,-0.078070663
1.0942962,-0.054361568,-0.025810716,1.340029356,-0.276860545,-0.097373208,0.055391636,-0.398869833,0.010876148,-0.078318092
1.093406333,-0.054026689,-0.025757267,1.339134973,-0.275155026,-0.097171565,0.054828612,-0.39660129,0.010765598,-0.077872663
1.092308767,-0.053519954,-0.025477229,1.338030572,-0.272574252,-0.096115099,0.051878775,-0.391070679,0.010186397,-0.076786728
1.0913487,-0.05320599,-0.025640034,1.337066271,-0.27097525,-0.096729295,0.053593718,-0.391186621,0.010523127,-0.076809493
1.0903275,-0.05289468,-0.025289731,1.336040873,-0.269389765,-0.095407746,0.049903722,-0.385911139,0.009798596,-0.075773652
1.0892748,-0.052627947,-0.025270475,1.334984576,-0.268031306,-0.095335101,0.049700884,-0.384349843,0.009758769,-0.075467092
1.088312533,-0.052163148,-0.025396929,1.33401604,-0.265664108,-0.095812158,0.051032909,-0.38331467,0.010020312,-0.075263835
1.0873112,-0.051813226,-0.025345705,1.333009988,-0.263881978,-0.095618912,0.050493333,-0.380992963,0.009914366,-0.074807968
1.086342167,-0.051301769,-0.025165155,1.332034057,-0.261277151,-0.094937772,0.048591472,-0.376486276,0.009540936,-0.07392308
1.085319233,-0.050863291,-0.025244553,1.33100521,-0.259044006,-0.095237306,0.049427822,-0.375089481,0.009705153,-0.07364882
1.0843524,-0.050654999,-0.025121274,1.330035567,-0.257983186,-0.094772225,0.048129235,-0.372730073,0.009450175,-0.07318555
1.0833421,-0.050300923,-0.025187452,1.329020492,-0.2561799,-0.09502189,0.048826343,-0.371623895,0.009587052,-0.072968352
1.082323,-0.049947457,-0.025311798,1.327996625,-0.254379713,-0.095490994,0.050136163,-0.371133528,0.009844236,-0.072872068
1.081334267,-0.049733566,-0.02503783,1.327005007,-0.253290381,-0.094457425,0.047250258,-0.367158292,0.009277588,-0.072091531
1.08033,-0.049212223,-0.025069704,1.325993709,-0.250635206,-0.094577673,0.04758601,-0.364838868,0.009343513,-0.071636112
1.079313733,-0.048809002,-0.024927399,1.324972004,-0.248581625,-0.094040814,0.046087008,-0.361286285,0.009049184,-0.070938562
1.078341667,-0.048546641,-0.024702753,1.323996399,-0.247245434,-0.093193319,0.043720652,-0.357583738,0.00858455,-0.070211567
1.077338267,-0.048238487,-0.024841458,1.322988843,-0.245676024,-0.093716594,0.045181729,-0.357475405,0.008871433,-0.070190296
1.076293467,-0.047873341,-0.024696138,1.321939118,-0.243816352,-0.093168363,0.043650971,-0.354084975,0.008570868,-0.069524585
1.075353033,-0.047655029,-0.024421273,1.320995741,-0.2427045,-0.092131412,0.040755622,-0.350077774,0.008002366,-0.068737771
1.074324767,-0.047298573,-0.024140917,1.319962667,-0.240889093,-0.091073742,0.037802421,-0.345309166,0.007422505,-0.067801455
1.0732796,-0.046786115,-0.024655375,1.318910589,-0.238279168,-0.093014582,0.043221588,-0.348118409,0.008486559,-0.06835305
1.072390467,-0.046588119,-0.024397332,1.318018785,-0.237270787,-0.09204109,0.040503427,-0.344391866,0.007952848,-0.067621343
1.0712852,-0.046371183,-0.024028232,1.316910593,-0.236165943,-0.09064863,0.036615435,-0.33939903,0.007189441,-0.066641
1.0702928,-0.046017267,-0.024387799,1.31591342,-0.234363467,-0.092005126,0.040403009,-0.341384127,0.007933131,-0.067030773
1.0693344,-0.045712974,-0.024408513,1.314950916,-0.23281372,-0.092083274,0.040621211,-0.340052584,0.007975975,-0.066769325
1.068300967,-0.045514467,-0.024367833,1.313914805,-0.231802733,-0.091929802,0.040192692,-0.338613078,0.007891835,-0.066486678
1.067322467,-0.04508099,-0.024185553,1.312930459,-0.229595058,-0.091242137,0.038272611,-0.334485322,0.007514827,-0.065676193
1.066377267,-0.044761295,-0.024188638,1.311980947,-0.22796687,-0.091253776,0.038305108,-0.33288963,0.007521208,-0.065362879
1.065345433,-0.044659743,-0.024181255,1.310947744,-0.22744967,-0.091225921,0.038227334,-0.332294656,0.007505937,-0.065246056
1.064368467,-0.04444999,-0.024068946,1.309967949,-0.226381411,-0.090802226,0.037044301,-0.330043364,0.007273649,-0.064804015
1.063395533,-0.044161821,-0.024089264,1.308991129,-0.224913783,-0.090878879,0.037258329,-0.328789765,0.007315673,-0.06455787
1.0623194,-0.043930318,-0.024105967,1.307911874,-0.223734751,-0.090941891,0.037434271,-0.327786674,0.007350219,-0.064360913
1.061355533,-0.043613339,-0.023890023,1.306943732,-0.222120394,-0.090127222,0.035159572,-0.323897618,0.006903582,-0.063597297
1.0603426,-0.043156814,-0.023622543,1.305924642,-0.219795333,-0.089118132,0.032342017,-0.318755003,0.006350355,-0.062587545
1.059356567,-0.04304547,-0.023959316,1.304937107,-0.219228264,-0.090388638,0.035889492,-0.321735409,0.007046902,-0.063172747
1.058348033,-0.042891485,-0.023913834,1.303926496,-0.218444029,-0.090217053,0.035410397,-0.320472078,0.006952832,-0.062924693
1.057372033,-0.042619988,-0.023629747,1.302946835,-0.217061309,-0.08914531,0.032417902,-0.316096863,0.006365255,-0.062065619
1.0563636,-0.04243288,-0.023853735,1.301935878,-0.21610838,-0.089990323,0.034777327,-0.317503359,0.006828528,-0.062341785
1.0553208,-0.042209887,-0.02378059,1.300890071,-0.214972687,-0.089714377,0.034006838,-0.315597176,0.006677243,-0.061967506
1.0543914,-0.041771558,-0.023728486,1.299954759,-0.212740302,-0.089517812,0.033457992,-0.312815946,0.006569477,-0.061421411
1.053345,-0.04160266,-0.023691739,1.298906081,-0.211880112,-0.089379179,0.033070906,-0.31156867,0.006493472,-0.061176508
1.052345933,-0.041494316,-0.023469632,1.297905553,-0.211328322,-0.088541261,0.030731291,-0.308677265,0.006034089,-0.060608781
1.051357333,-0.041369462,-0.023015243,1.296915269,-0.210692445,-0.086827039,0.025944884,-0.303254982,0.005094278,-0.059544116
1.0503389,-0.04107042,-0.023619899,1.295892803,-0.209169444,-0.089108158,0.032314166,-0.308101262,0.006344886,-0.060495683
1.049318433,-0.040963754,-0.023497426,1.294870898,-0.208626198,-0.088646117,0.031024069,-0.306267919,0.006091576,-0.060135706
1.0483476,-0.040620284,-0.023227556,1.293895432,-0.206876922,-0.087628006,0.028181325,-0.301675899,0.005533403,-0.059234063
1.0473685,-0.040294629,-0.023386009,1.29291194,-0.205218379,-0.088225784,0.029850425,-0.301686456,0.005861131,-0.059236136
1.046295033,-0.040279726,-0.023417094,1.291838273,-0.20514248,-0.088343057,0.03017787,-0.301938002,0.005925425,-0.059285527
1.045384067,-0.040092086,-0.023432935,1.290924775,-0.204186838,-0.088402817,0.030344731,-0.301149221,0.005958188,-0.05913065
1.0442829,-0.039916959,-0.02313672,1.289821247,-0.203294926,-0.08728532,0.027224483,-0.297137061,0.005345527,-0.058342862
1.043306167,-0.039768684,-0.023239105,1.288842514,-0.202539769,-0.087671576,0.028302979,-0.2974604,0.00555729,-0.05840635
1.0423542,-0.039582579,-0.02319269,1.287888037,-0.201591948,-0.087496474,0.027814063,-0.296023663,0.005461291,-0.058124246
1.0413133,-0.039241382,-0.02310495,1.286842535,-0.199854252,-0.087165466,0.02688983,-0.293361734,0.005279818,-0.057601576
1.040349567,-0.039102253,-0.022979546,1.285876926,-0.199145672,-0.086692369,0.025568862,-0.291332186,0.005020446,-0.057203075
1.0393796,-0.039047256,-0.023097146,1.284906217,-0.198865577,-0.087136024,0.026807625,-0.292290854,0.005263677,-0.057391309
1.038304467,-0.038951478,-0.023005282,1.283829792,-0.198377783,-0.086789459,0.025839954,-0.290835389,0.005073675,-0.057105529
1.037300367,-0.038759829,-0.022948676,1.282823108,-0.197401727,-0.086575908,0.025243682,-0.289263061,0.004956597,-0.056796802
1.036369233,-0.038623574,-0.022859757,1.281890137,-0.196707785,-0.086240455,0.024307037,-0.287632475,0.004772687,-0.056476636
1.035299167,-0.03826418,-0.022900199,1.280815223,-0.194877413,-0.086393026,0.024733042,-0.286228107,0.004856333,-0.056200889
1.0343689,-0.03815046,-0.022875439,1.279883423,-0.194298241,-0.086299616,0.024472227,-0.28538812,0.004805122,-0.056035957
1.0333264,-0.038131417,-0.022815432,1.278840666,-0.194201258,-0.086073232,0.023840123,-0.284659033,0.004681008,-0.055892801
1.032313833,-0.037960134,-0.022760383,1.277825789,-0.193328925,-0.085865556,0.023260255,-0.283206832,0.004567151,-0.055607661
1.0313483,-0.037790089,-0.022681703,1.276857962,-0.192462893,-0.085568728,0.022431458,-0.281512003,0.004404417,-0.055274882
1.0303334,-0.037711631,-0.02279661,1.275842004,-0.192063312,-0.086002226,0.02364186,-0.282322824,0.004642079,-0.055434087
1.029306533,-0.037492969,-0.022672599,1.274812189,-0.190949678,-0.085534385,0.022335566,-0.279902896,0.004385588,-0.054958934
1.028334067,-0.037256155,-0.022420923,1.273836528,-0.189743597,-0.084584913,0.019684476,-0.276045725,0.003865047,-0.054201578
1.027363967,-0.037222327,-0.022321747,1.272865972,-0.189571311,-0.084210763,0.018639783,-0.274828746,0.003659921,-0.053962624
1.026342467,-0.037134277,-0.022315054,1.271843284,-0.189122879,-0.084185512,0.018569277,-0.274309808,0.003646078,-0.053860731
1.0252941,-0.037715985,-0.022521817,1.270802763,-0.192085485,-0.084965545,0.020747266,-0.279450403,0.004073726,-0.054870087
1.024299467,-0.037396613,-0.02237503,1.269803822,-0.190458939,-0.084411778,0.019201051,-0.276277642,0.003770126,-0.054247115
1.023252967,-0.036769713,-0.021947798,1.268748868,-0.187266173,-0.082800008,0.014700706,-0.26858453,0.002886484,-0.052736573
1.0222875,-0.036505194,-0.022341271,1.267779833,-0.18591899,-0.084284419,0.018845443,-0.271382085,0.003700303,-0.053285872
1.021296333,-0.03640816,-0.022231005,1.266787358,-0.185424803,-0.08386843,0.017683928,-0.269726382,0.003472239,-0.052960775
1.0203193,-0.036383745,-0.022085875,1.265809995,-0.18530046,-0.083320915,0.016155171,-0.268073283,0.003172068,-0.052636189
1.019273733,-0.036316976,-0.022179759,1.264763528,-0.184960407,-0.083675102,0.017144123,-0.268722183,0.003366249,-0.052763601
1.018328767,-0.036175222,-0.022149563,1.26381665,-0.184238464,-0.083561184,0.016826043,-0.267682159,0.003303794,-0.052559392
1.017277167,-0.036124651,-0.022016319,1.262764368,-0.183980908,-0.083058509,0.015422487,-0.266021048,0.003028205,-0.052233233
1.0162729,-0.035869591,-0.021961157,1.261756661,-0.1826819,-0.082850406,0.014841426,-0.264140977,0.002914114,-0.051864081
1.015335433,-0.035688385,-0.02204038,1.260816751,-0.181759029,-0.08314928,0.015675936,-0.264052617,0.00307797,-0.051846731
1.014237233,-0.035698292,-0.022051607,1.259718684,-0.181809485,-0.083191637,0.015794205,-0.264221342,0.003101192,-0.05187986
1.013299633,-0.035647929,-0.022085501,1.258780405,-0.181552985,-0.083319503,0.016151228,-0.264321865,0.003171294,-0.051899598
1.012299967,-0.035608092,-0.021940863,1.257780201,-0.181350098,-0.082773843,0.014627651,-0.2625954,0.002872139,-0.051560607
1.011251633,-0.035506052,-0.02200141,1.256730492,-0.180830417,-0.083002262,0.015265436,-0.262713505,0.002997368,-0.051583797
1.0102784,-0.035355403,-0.0218723,1.255755227,-0.180063166,-0.082515183,0.013905427,-0.260586245,0.002730331,-0.051166109
1.009308367,-0.035095324,-0.021711938,1.254781686,-0.178738599,-0.081910204,0.012216217,-0.257572469,0.002398654,-0.050574354
1.0082262,-0.03501531,-0.02157163,1.25369844,-0.178331092,-0.081380881,0.010738254,-0.255686999,0.002108456,-0.050204142
1.007308667,-0.035027665,-0.021629895,1.252781073,-0.178394017,-0.081600692,0.011352005,-0.256363675,0.002228966,-0.050337008
1.006323767,-0.034958091,-0.021505105,1.251795235,-0.178039677,-0.081129909,0.010037498,-0.254694828,0.001970863,-0.050009329
1.005241567,-0.03483321,-0.021362047,1.250711351,-0.177403667,-0.080590209,0.00853056,-0.25255188,0.001674976,-0.049588562
1.004303933,-0.034702038,-0.021467227,1.249771948,-0.176735615,-0.08098701,0.009638498,-0.252991765,0.001892519,-0.049674933
1.003235733,-0.034556179,-0.021381066,1.248701781,-0.175992763,-0.080661962,0.008730908,-0.251341324,0.001714314,-0.049350869
1.0023131,-0.034415183,-0.021541972,1.247777246,-0.175274678,-0.081268992,0.010425841,-0.252318171,0.002047114,-0.049542673
1.001283467,-0.034510803,-0.021545998,1.246748902,-0.175761664,-0.08128418,0.01046825,-0.252847566,0.002055441,-0.04964662
1.000285303,-0.034486008,-0.021443524,1.245750405,-0.175635387,-0.080897589,0.009388821,-0.25164186,0.001843495,-0.049409879
0.99927491,-0.034366339,-0.02139925,1.244738397,-0.17502592,-0.080730563,0.008922454,-0.250566026,0.001751924,-0.049198639
0.998265303,-0.034274117,-0.021417037,1.243727547,-0.174556238,-0.080797664,0.00910981,-0.2502837,0.001788711,-0.049143205
0.997318327,-0.03415709,-0.021367843,1.242778992,-0.173960224,-0.080612076,0.008591617,-0.249169494,0.001686964,-0.04892443
0.99623811,-0.03392455,-0.021127427,1.241695639,-0.172775909,-0.079705085,0.006059141,-0.245452702,0.001189712,-0.048194638
0.99531893,-0.033981532,-0.021262222,1.240777228,-0.173066117,-0.08021361,0.007479031,-0.2471628,0.001468508,-0.048530416
0.99427551,-0.03389498,-0.021038815,1.23973264,-0.17262531,-0.07937079,0.00512573,-0.244368692,0.001006437,-0.047981793
0.993271407,-0.033786197,-0.021050562,1.23872707,-0.172071288,-0.079415105,0.005249466,-0.243938406,0.001030733,-0.047897306
0.992225823,-0.033786423,-0.021150092,1.23768149,-0.172072439,-0.07979059,0.006297884,-0.244987975,0.00123659,-0.048103389
0.991298873,-0.033702325,-0.021071909,1.236753405,-0.17164413,-0.079495638,0.005474326,-0.243736108,0.001074884,-0.047857585
0.990273257,-0.033422405,-0.021051745,1.235724014,-0.170218515,-0.079419567,0.005261924,-0.24209809,0.001033179,-0.04753596
0.98923997,-0.033405716,-0.021178193,1.234690502,-0.170133518,-0.079896603,0.006593892,-0.243345063,0.001294711,-0.047780803
0.988325773,-0.033474247,-0.020983426,1.233777229,-0.170482541,-0.079161829,0.004542273,-0.241642467,0.000891875,-0.047446498
0.987251243,-0.033489363,-0.020670536,1.232702903,-0.170559525,-0.077981424,0.001246375,-0.238423552,0.000244726,-0.046814464
0.986285823,-0.033349052,-0.020841195,1.231735591,-0.16984493,-0.07862525,0.003044051,-0.239506633,0.000597699,-0.047027127
0.985286197,-0.033286628,-0.020815061,1.230735122,-0.16952701,-0.078526658,0.002768766,-0.238913428,0.000543647,-0.046910651
0.984249947,-0.03310312,-0.020751699,1.229696397,-0.16859241,-0.07828762,0.002101328,-0.23731139,0.000412596,-0.046596091
0.983297087,-0.032973621,-0.020830489,1.228741791,-0.16793288,-0.078584861,0.002931277,-0.237481809,0.000575556,-0.046629553
0.982296267,-0.033052028,-0.020688569,1.227742028,-0.168332204,-0.078049454,0.001436326,-0.236386183,0.000282023,-0.046414427
0.981262743,-0.033037699,-0.020718655,1.226708312,-0.168259224,-0.078162957,0.001753248,-0.236630124,0.00034425,-0.046462325
0.980302613,-0.0329419,-0.020688035,1.22574689,-0.167771328,-0.07804744,0.001430705,-0.235819686,0.000280919,-0.046303195
0.97932589,-0.03289898,-0.020541195,1.224769588,-0.167552737,-0.077493472,0.000116071,-0.234286461,2.27906E-05,-0.046002147
0.978251973,-0.032833755,-0.02058666,1.223694791,-0.16722055,-0.077664993,0.000362845,-0.234201047,7.12446E-05,-0.045985376
0.977327503,-0.032561841,-0.020584389,1.222766654,-0.165835708,-0.077656427,0.000338926,-0.232792287,6.65482E-05,-0.045708765
0.97626837,-0.03260723,-0.020350074,1.221708133,-0.16606687,-0.076772451,0.002129288,-0.23481381,0.000418086,-0.046105692
0.97527776,-0.032629411,-0.020453036,1.220717822,-0.166179835,-0.077160885,0.001044714,-0.233842202,0.00020513,-0.045914916
0.974322197,-0.032559538,-0.020361152,1.219761316,-0.165823976,-0.076814244,0.002012595,-0.234454223,0.000395173,-0.046035087
0.973293203,-0.032494899,-0.020237548,1.218731451,-0.165494773,-0.07634794,0.003314599,-0.235427024,0.000650822,-0.046226096
0.972319263,-0.032485062,-0.020201831,1.217757379,-0.165444674,-0.076213191,0.003690839,-0.235753165,0.000724696,-0.046290134
0.971289537,-0.032321263,-0.020189021,1.216725443,-0.164610458,-0.076164865,0.003825776,-0.235053886,0.000751191,-0.04615283
0.970315357,-0.032150233,-0.020157299,1.215748956,-0.163739408,-0.076045193,0.00415992,-0.23451698,0.0008168,-0.046047409
0.969286043,-0.03236398,-0.020144528,1.214722526,-0.164828011,-0.075997011,0.004294453,-0.235740117,0.000843216,-0.046287572
0.968311207,-0.032251239,-0.020139492,1.213746168,-0.164253826,-0.075978012,0.004347501,-0.235218979,0.000853632,-0.046185247
0.96730584,-0.032196302,-0.020031387,1.212740061,-0.163974034,-0.075570178,0.005486246,-0.236077933,0.001077224,-0.046353902
0.96626896,-0.032197033,-0.020088684,1.211703191,-0.163977761,-0.075786334,0.004882699,-0.235478112,0.000958718,-0.046236127
0.965294697,-0.032095214,-0.019947558,1.210727554,-0.1634592,-0.075253925,0.006369278,-0.236446131,0.001250608,-0.046426198
0.964292523,-0.031927856,-0.019996192,1.209723124,-0.162606857,-0.0754374,0.005856984,-0.235081493,0.001150019,-0.046158251
0.96329214,-0.032025905,-0.020022034,1.208724063,-0.163106212,-0.075534893,0.005584768,-0.235308632,0.001096569,-0.04620285
0.962297437,-0.03201052,-0.020032941,1.207729152,-0.16302786,-0.07557604,0.005469877,-0.235115389,0.00107401,-0.046164907
0.96136451,-0.032072189,-0.019932314,1.206797057,-0.163341935,-0.075196417,0.006529851,-0.236489438,0.001282136,-0.046434701
0.960259417,-0.031998114,-0.019720886,1.205690965,-0.162964675,-0.074398785,0.008756979,-0.238339307,0.001719433,-0.046797923
0.959258437,-0.031875045,-0.019836589,1.204688325,-0.162337892,-0.074835285,0.007538196,-0.236493739,0.001480125,-0.046435546
0.958334007,-0.03168586,-0.019564831,1.203761343,-0.161374384,-0.073810054,0.01040082,-0.238392857,0.002042201,-0.046808437
0.957264383,-0.031688241,-0.019709609,1.202691752,-0.161386509,-0.074356243,0.008875765,-0.236879926,0.001742756,-0.046511373
0.95632132,-0.031781472,-0.019646984,1.201749946,-0.161861331,-0.074119985,0.009535439,-0.238014423,0.001872284,-0.046734132
0.955630837,-0.032505029,-0.02031698,1.201069221,-0.165546368,-0.076647601,0.002477891,-0.234641911,0.000486534,-0.046071939
0.95733273,-0.035189617,-0.012787402,1.202807321,-0.179218829,-0.048241604,0.081792413,-0.327628894,0.01605994,-0.064329933
0.95631117,-0.034245383,-0.015418968,1.201773026,-0.174409896,-0.058169419,0.054072213,-0.295099761,0.010617079,-0.057942838
