Edisk/V,Idisk/mA,Iring/mA,E-iR vs RHE,jdisk mAcm-2,jring mAcm-2,jCER,jOER,I cer,I OER
0.960697473,-0.022042133,-0.040941259,1.205024101,-0.112259398,-0.154454516,0.105045646,-0.231678944,0.020625713,-0.045490161
0.961830617,-0.008539869,-0.038578684,1.205957163,-0.043493092,-0.145541496,0.08023726,-0.138104252,0.015754586,-0.02711677
0.962845387,-0.003827658,-0.035654924,1.206902106,-0.019494059,-0.134511353,0.049536103,-0.083404063,0.009726414,-0.016376388
0.96386983,-0.000732222,-0.033853653,1.20788068,-0.003729165,-0.127715898,0.03062172,-0.048724786,0.006012575,-0.009567112
0.964872323,0.001204344,-0.032334921,1.208854477,0.006133661,-0.121986347,0.014674163,-0.022914403,0.002881272,-0.004499243
0.965881167,0.002822315,-0.030937458,1.209839345,0.014373901,-0.116714294,0,0,0,0
0.96687277,0.004074636,-0.030903368,1.210812391,0.020751901,-0.116585687,0.000357965,0.006020036,7.02863E-05,0.001182034
0.96787443,0.005065781,-0.030463376,1.211799364,0.025799752,-0.114925778,0.004978133,0.006447718,0.000977456,0.001266009
0.968890807,0.005792686,-0.029775216,1.212804969,0.029501841,-0.112329635,0.012204204,0.002923736,0.002396296,0.000574075
0.969856227,0.006443854,-0.02907105,1.213760739,0.032818204,-0.109673106,0.019598351,-0.001154048,0.003848136,-0.000226597
0.970850923,0.006897961,-0.028458984,1.214748707,0.035130945,-0.107364032,0.026025399,-0.005268354,0.005110087,-0.001034441
0.97191318,0.007388227,-0.027934852,1.215803699,0.037627843,-0.105386699,0.031529082,-0.00827514,0.006190735,-0.001624824
0.97285807,0.00791701,-0.027877295,1.216740753,0.040320905,-0.105169559,0.032133467,-0.006186463,0.006309406,-0.001214712
0.973902247,0.008262892,-0.027103864,1.217779804,0.042082466,-0.102251723,0.040254933,-0.012546367,0.007904056,-0.002463479
0.97488499,0.008688022,-0.027253135,1.218756248,0.044247631,-0.102814859,0.038687509,-0.008813779,0.007596292,-0.001730585
0.97589735,0.008964181,-0.026973987,1.219764516,0.04565409,-0.101761748,0.041618723,-0.010338533,0.008171836,-0.002029971
0.976853987,0.009152612,-0.026574672,1.22071836,0.046613759,-0.100255297,0.045811759,-0.013571901,0.008995139,-0.002664843
0.977866033,0.009297535,-0.026402772,1.221728259,0.047351847,-0.099606789,0.047616809,-0.014638863,0.00934956,-0.002874341
0.978901323,0.009670875,-0.026066449,1.222758017,0.049253249,-0.098337982,0.05114839,-0.016269042,0.010042986,-0.003194426
0.979884763,0.010024598,-0.02598522,1.223736216,0.051054737,-0.098031537,0.052001344,-0.015320509,0.010210464,-0.003008182
0.9808894,0.010150606,-0.025887796,1.224738985,0.051696489,-0.097663996,0.053024353,-0.015701764,0.010411332,-0.003083041
0.981881263,0.010379376,-0.025538955,1.225727458,0.052861606,-0.096347964,0.056687381,-0.018199676,0.011130567,-0.003573506
0.982885953,0.01053381,-0.025599104,1.22672986,0.05364813,-0.096574881,0.056055781,-0.016781552,0.011006553,-0.003295058
0.983839313,0.01053265,-0.025344445,1.227683237,0.053642223,-0.095614158,0.058729846,-0.019461524,0.011531605,-0.00382127
0.98487435,0.01077056,-0.025068517,1.228714748,0.054853883,-0.094573194,0.061627252,-0.02114727,0.012100511,-0.004152266
0.98586021,0.011029464,-0.024838275,1.229696772,0.056172469,-0.093704587,0.064044921,-0.022246354,0.01257522,-0.004368072
0.986860117,0.011226609,-0.024690211,1.230693757,0.057176515,-0.093146001,0.065599683,-0.022797068,0.012880498,-0.004476204
0.987854343,0.011407627,-0.024648851,1.231685301,0.058098433,-0.092989969,0.06603398,-0.022309448,0.012965772,-0.00438046
0.98882884,0.011502459,-0.024847745,1.232658393,0.058581405,-0.093740315,0.063945476,-0.019737972,0.012555694,-0.003875551
0.989856123,0.011514942,-0.0244868,1.233685491,0.058644981,-0.092378617,0.067735609,-0.023464529,0.013299887,-0.00460726
0.990866367,0.011586933,-0.024467903,1.234694668,0.059011629,-0.092307327,0.067934037,-0.02329631,0.013338848,-0.00457423
0.99185431,0.011825026,-0.024436165,1.235679083,0.06022422,-0.092187594,0.068267301,-0.022416982,0.013404285,-0.004401574
0.992854517,0.011908058,-0.024319093,1.236678059,0.060647099,-0.091745929,0.069496625,-0.023223428,0.013645662,-0.00455992
0.993879597,0.012048292,-0.024319806,1.237701061,0.061361305,-0.091748617,0.069489142,-0.022501738,0.013644193,-0.004418216
0.99489494,0.012127744,-0.024039918,1.238715227,0.061765947,-0.090692715,0.072428128,-0.025036082,0.014221263,-0.004915835
0.99585104,0.012216786,-0.023839443,1.239670008,0.062219437,-0.089936404,0.074533232,-0.026687696,0.0146346,-0.005240129
0.996875407,0.012221347,-0.023958773,1.240694307,0.062242665,-0.090386588,0.073280198,-0.025411435,0.014388567,-0.004989535
0.997869073,0.012416798,-0.023663867,1.241685077,0.063238083,-0.08927403,0.076376876,-0.027512695,0.0149966,-0.005402118
0.998877623,0.012662671,-0.023742638,1.242689984,0.064490305,-0.0895712,0.075549738,-0.025433334,0.014834191,-0.004993835
0.999845537,0.01275009,-0.023643128,1.243656602,0.064935521,-0.089195791,0.076594646,-0.026033026,0.015039359,-0.005111585
1.000909767,0.012805469,-0.02374161,1.244720011,0.065217567,-0.089567323,0.075560529,-0.024716863,0.01483631,-0.004853156
1.001865667,0.012873426,-0.023872798,1.245674904,0.065563665,-0.09006224,0.074182982,-0.022993218,0.014565829,-0.004514718
1.002856333,0.012827839,-0.023569273,1.246666246,0.065331496,-0.088917164,0.077370173,-0.026412578,0.015191634,-0.00518611
1.003858267,0.012886034,-0.023649441,1.247667317,0.065627881,-0.089219608,0.076528355,-0.025274375,0.015026342,-0.004962624
1.0048799,0.013089399,-0.023388606,1.248685937,0.066663606,-0.088235584,0.079267273,-0.026977568,0.015564129,-0.005297045
1.0058421,0.013187628,-0.023184817,1.249646681,0.067163879,-0.087466771,0.081407177,-0.028617199,0.015984299,-0.005618987
1.006881667,0.013287095,-0.0233868,1.250684774,0.067670461,-0.088228769,0.079286244,-0.025989683,0.015567854,-0.005103074
1.007873333,0.013437432,-0.023010627,1.251674213,0.068436119,-0.086809624,0.083236273,-0.029174054,0.016343442,-0.005728326
1.0088825,0.013418314,-0.023215823,1.252683663,0.068338751,-0.087583745,0.081081595,-0.027116744,0.015920371,-0.005324373
1.009869667,0.013352604,-0.023318315,1.253671803,0.068004097,-0.087970403,0.080005375,-0.02637518,0.015709055,-0.005178766
1.010889467,0.013555096,-0.023040639,1.254688603,0.069035377,-0.086922846,0.082921133,-0.028259656,0.016281564,-0.005548783
1.0118818,0.013744355,-0.022986501,1.255678132,0.069999263,-0.086718608,0.083489606,-0.027864244,0.016393184,-0.005471144
1.012913233,0.013887504,-0.023115468,1.256707444,0.070728312,-0.087205145,0.082135383,-0.025780972,0.016127282,-0.005062094
1.013890033,0.0138885,-0.023020924,1.257684229,0.070733383,-0.086848471,0.083128146,-0.026768664,0.016322212,-0.005256027
1.014890367,0.013962972,-0.023015595,1.258683459,0.071112667,-0.086828365,0.083184108,-0.026445342,0.0163332,-0.005192543
1.0159041,0.013886325,-0.022813551,1.259698328,0.070722305,-0.086066137,0.085305686,-0.028957281,0.016749771,-0.005685762
1.0168774,0.013998659,-0.022667207,1.260669963,0.071294416,-0.085514041,0.086842381,-0.029921866,0.017051502,-0.005875158
1.017901033,0.014253201,-0.022671532,1.261689825,0.072590785,-0.085530357,0.086796967,-0.028580083,0.017042585,-0.005611699
1.0188601,0.014299284,-0.022728943,1.262648208,0.072825487,-0.085746945,0.08619412,-0.027742533,0.016924215,-0.005447246
1.0199058,0.014351602,-0.022771206,1.263693133,0.073091935,-0.085906387,0.08575033,-0.027032295,0.016837077,-0.005307791
1.020871533,0.014475045,-0.022850583,1.264657037,0.073720625,-0.086205845,0.084916822,-0.025570098,0.016673418,-0.005020689
1.021891367,0.014421197,-0.022706272,1.265677669,0.073446383,-0.085661416,0.086432179,-0.027359698,0.016970958,-0.005372077
1.022876933,0.014442695,-0.022628673,1.266662917,0.073555871,-0.085368668,0.087247012,-0.028065041,0.017130951,-0.005510571
1.023874033,0.014640237,-0.022396836,1.267657089,0.074561942,-0.084494045,0.089681426,-0.029493385,0.017608948,-0.005791026
1.024886833,0.015014979,-0.022747132,1.268664336,0.076470483,-0.085815565,0.086003124,-0.023906541,0.016886713,-0.004694049
1.025934567,0.015556033,-0.022453472,1.269704052,0.079226042,-0.084707706,0.089086725,-0.024234584,0.017492178,-0.004758461
1.026937167,0.015087628,-0.022352809,1.270713593,0.076840479,-0.084327948,0.090143736,-0.027677158,0.017699723,-0.00543441
1.027892967,0.015080415,-0.022506074,1.2716695,0.076803745,-0.084906153,0.08853437,-0.026104526,0.017383724,-0.005125624
1.028891867,0.014943798,-0.022462915,1.272670424,0.07610796,-0.084743333,0.088987559,-0.027253499,0.017472707,-0.005351225
1.029947833,0.015111563,-0.022602889,1.273723905,0.076962377,-0.085271394,0.087517761,-0.024929285,0.017184112,-0.004894865
1.030956267,0.015358259,-0.022401272,1.274728683,0.078218788,-0.084510779,0.089634847,-0.02578996,0.017599802,-0.005063859
1.031913033,0.015303712,-0.022396904,1.275686258,0.077940981,-0.084494298,0.089680721,-0.02611364,0.017608809,-0.005127413
1.032935833,0.015471374,-0.022289971,1.276706573,0.078794876,-0.084090884,0.090803578,-0.026382603,0.017829283,-0.005180224
1.0339002,0.015603557,-0.02215053,1.277668981,0.079468077,-0.083564833,0.092267781,-0.027173604,0.018116779,-0.005335537
1.0349519,0.015558023,-0.022341335,1.278721356,0.079236177,-0.08428466,0.090264223,-0.025401947,0.01772338,-0.004987672
1.035941767,0.015565531,-0.022241395,1.279711111,0.079274413,-0.083907629,0.091313648,-0.026413136,0.017929435,-0.005186219
1.036941933,0.015790249,-0.022240243,1.280707948,0.08041889,-0.083903283,0.091325746,-0.025280757,0.01793181,-0.004963877
1.0379674,0.015936406,-0.022202016,1.281731249,0.081163259,-0.083759066,0.091727155,-0.024937796,0.018010627,-0.004896536
1.0389777,0.016087445,-0.02218478,1.282739311,0.081932491,-0.083694043,0.09190814,-0.02434955,0.018046163,-0.004781034
1.039940167,0.016111363,-0.022093675,1.283701423,0.082054308,-0.083350343,0.09286479,-0.025184383,0.018234001,-0.004944954
1.040950233,0.016162505,-0.022027179,1.284710732,0.08231477,-0.083099478,0.093563045,-0.025622176,0.018371104,-0.005030914
1.0419244,0.016154608,-0.021970349,1.285685016,0.082274551,-0.082885081,0.094159793,-0.026259144,0.018488275,-0.005155983
1.0429215,0.016340009,-0.022004868,1.286679368,0.083218788,-0.083015311,0.093797314,-0.024952427,0.018417103,-0.004899409
1.043919667,0.016500905,-0.022053017,1.287675151,0.084038224,-0.083196957,0.093291724,-0.023627401,0.01831783,-0.00463924
1.044951367,0.016613794,-0.022218283,1.288705178,0.084613162,-0.083820436,0.09155634,-0.021317079,0.017977087,-0.004185608
1.045938633,0.016645286,-0.022264159,1.289691978,0.084773546,-0.083993509,0.09107461,-0.020674965,0.0178825,-0.004059529
1.046916433,0.016797294,-0.02208948,1.290667525,0.085547716,-0.083334514,0.092908848,-0.021735033,0.018242652,-0.004267674
1.047951,0.016742185,-0.022096238,1.291702909,0.08526705,-0.083360012,0.092837879,-0.021944729,0.018228717,-0.004308848
1.0489281,0.01688134,-0.021967738,1.292677947,0.085975759,-0.082875234,0.094187202,-0.022585344,0.018493657,-0.004434632
1.049965667,0.017125333,-0.021990676,1.293711898,0.087218403,-0.08296177,0.093946338,-0.021101837,0.018446364,-0.004143346
1.050951433,0.017226333,-0.02180975,1.294696168,0.08773279,-0.08227921,0.095846168,-0.022487279,0.018819395,-0.004415377
1.051954033,0.017437153,-0.021861775,1.295695644,0.088806483,-0.082475477,0.095299881,-0.020867298,0.018712132,-0.004097294
1.052975633,0.017489051,-0.021952306,1.296716475,0.089070797,-0.082817014,0.094349253,-0.019652356,0.018525476,-0.00385874
1.0539485,0.017462281,-0.021991897,1.297689738,0.088934457,-0.082966373,0.093933527,-0.019372971,0.018443848,-0.003803883
1.0549679,0.017506549,-0.021942836,1.298708482,0.089159912,-0.082781288,0.094448691,-0.01966268,0.018545,-0.003860767
1.0559985,0.017786047,-0.021835011,1.29973494,0.09058338,-0.082374509,0.095580913,-0.019371434,0.018767312,-0.003803581
1.0569379,0.01789421,-0.021791767,1.300672738,0.091134252,-0.082211367,0.096035001,-0.01927465,0.018856472,-0.003784578
1.057966567,0.018022268,-0.021692617,1.301699507,0.091786441,-0.081837313,0.097076138,-0.019663598,0.0190609,-0.003860947
1.0589543,0.018145274,-0.021905182,1.302685417,0.092412907,-0.082639236,0.094844077,-0.016805071,0.018622635,-0.003299676
1.0599575,0.018239151,-0.021729691,1.303687226,0.092891016,-0.081977179,0.096686837,-0.018169722,0.01898446,-0.003567625
1.0609636,0.018244036,-0.02174465,1.304693254,0.092915893,-0.082033613,0.096529759,-0.017987766,0.018953618,-0.003531898
1.061925367,0.01843731,-0.021641695,1.305652156,0.093900229,-0.081645207,0.097610843,-0.018084515,0.019165889,-0.003550895
1.062958667,0.018722505,-0.02158821,1.30668123,0.09535271,-0.081443431,0.098172464,-0.017193654,0.019276163,-0.003375974
1.0639767,0.018850523,-0.021371443,1.307697367,0.096004701,-0.080625656,0.100448649,-0.018817849,0.019723092,-0.003694885
1.064951667,0.019014462,-0.021490402,1.308669904,0.096839635,-0.081074441,0.099199506,-0.016733772,0.019477823,-0.003285676
1.0659294,0.019149367,-0.021492886,1.309645638,0.097526699,-0.08108381,0.099173429,-0.016020631,0.019472703,-0.003145651
1.0669584,0.019156068,-0.021621656,1.310674539,0.097560823,-0.081569606,0.09782127,-0.014634347,0.019207206,-0.002873454
1.067938267,0.019225353,-0.02148542,1.311653379,0.097913692,-0.081055646,0.09925182,-0.015712029,0.019488095,-0.003085057
1.0689154,0.019555263,-0.021511221,1.312625624,0.099593902,-0.081152984,0.098980891,-0.01376089,0.019434898,-0.002701951
1.0699391,0.019653994,-0.021599967,1.313647861,0.100096737,-0.081487784,0.098049013,-0.012326177,0.019251924,-0.002420245
1.0709585,0.019876777,-0.021668215,1.314663959,0.101231359,-0.081745255,0.097332371,-0.010474913,0.019111211,-0.002056749
1.071924,0.019972319,-0.021757936,1.315628044,0.101717949,-0.082083736,0.096390248,-0.0090462,0.018926225,-0.001776221
1.072935633,0.020049802,-0.021682381,1.316638529,0.102112564,-0.081798698,0.097183619,-0.009444956,0.019082004,-0.001854517
1.073922533,0.020088493,-0.021623656,1.317624855,0.102309615,-0.081577153,0.097800266,-0.009864551,0.019203082,-0.001936905
1.0749427,0.020347584,-0.021619194,1.318641183,0.103629152,-0.081560318,0.097847122,-0.008591871,0.019212282,-0.001687014
1.0759746,0.020611525,-0.021375332,1.319669172,0.104973388,-0.080640328,0.100407812,-0.009808325,0.019715074,-0.001925865
1.0769862,0.020691929,-0.021413938,1.32067958,0.105382881,-0.080785974,0.100002423,-0.008993443,0.019635476,-0.001765863
1.077940733,0.020896297,-0.021338178,1.321631085,0.106423718,-0.080500162,0.100797947,-0.00874813,0.019791677,-0.001717695
1.078917433,0.021094143,-0.021309624,1.322604853,0.107431335,-0.08039244,0.101097779,-0.008040345,0.019850549,-0.001578722
1.079908633,0.021161715,-0.021369846,1.323595052,0.107775476,-0.080619631,0.10046542,-0.007063845,0.019726385,-0.001386986
1.080910467,0.021400664,-0.021319404,1.324593344,0.108992432,-0.080429335,0.100995087,-0.006376556,0.019830385,-0.001252037
1.081932333,0.021718675,-0.021215608,1.325610499,0.110612047,-0.080037755,0.102085005,-0.005846859,0.020044391,-0.001148031
1.082941767,0.021829502,-0.021558568,1.32661829,0.111176482,-0.081331601,0.098483731,-0.001681149,0.01933728,-0.000330094
1.083937033,0.022043419,-0.021489834,1.327610387,0.112265947,-0.081072298,0.099205472,-0.001313426,0.019478994,-0.000257891
1.084938833,0.022231784,-0.021588093,1.328609395,0.11322528,-0.08144299,0.098173692,0.000677687,0.019276404,0.000133064
1.0859241,0.022315572,-0.02121038,1.32959342,0.113652011,-0.080018034,0.102139895,-0.002861785,0.020055168,-0.000561912
1.086928667,0.022470515,-0.021315616,1.330595691,0.114441127,-0.080415044,0.101034863,-0.000967637,0.019838195,-0.000189995
1.087879933,0.022846982,-0.021058167,1.331541379,0.116358453,-0.079443797,0.103738219,-0.001753666,0.020368999,-0.000344332
1.088929033,0.023125417,-0.021187133,1.332586353,0.117776506,-0.079930333,0.102384001,0.001018604,0.020103099,0.000200003
1.089931233,0.023351879,-0.021177133,1.333585197,0.118929863,-0.079892604,0.102489016,0.002066946,0.020123718,0.000405845
1.090951033,0.023484443,-0.021160774,1.334603033,0.119605006,-0.079830888,0.102660795,0.00257031,0.020157447,0.00050468
1.091934033,0.023667632,-0.021080803,1.335583318,0.12053798,-0.079529192,0.103500532,0.002663547,0.020322329,0.000522987
1.0929691,0.023763815,-0.021130971,1.33661696,0.121027831,-0.079718456,0.102973739,0.003680192,0.020218894,0.000722606
1.0939446,0.024062041,-0.021309819,1.337588041,0.122546684,-0.080393177,0.101095728,0.007077055,0.019850146,0.00138958
1.094956467,0.024401567,-0.021178609,1.338594876,0.124275868,-0.079898173,0.102473516,0.007428451,0.020120675,0.001458576
1.095964267,0.02458766,-0.021153451,1.339599919,0.12522363,-0.079803263,0.102737686,0.008112043,0.020172545,0.0015928
1.096963933,0.024823297,-0.021238656,1.340596093,0.126423716,-0.080124707,0.101842984,0.010206831,0.01999687,0.002004111
1.097957967,0.025130666,-0.021182082,1.341585572,0.127989133,-0.079911276,0.102437045,0.011178187,0.020113514,0.002194837
1.0989479,0.025206902,-0.021274772,1.342574376,0.128377398,-0.080260958,0.101463746,0.012539751,0.019922406,0.00246218
1.0999304,0.025443835,-0.021265321,1.343553365,0.129584083,-0.080225302,0.101562988,0.013647194,0.019941893,0.002679627
1.1008839,0.025767553,-0.021154243,1.344502068,0.131232763,-0.079806253,0.102729366,0.014129496,0.020170911,0.002774327
1.101961867,0.026075338,-0.020852426,1.345575474,0.132800297,-0.078667619,0.105898623,0.012527773,0.020793195,0.002459828
1.102933667,0.02644024,-0.021152564,1.346541866,0.134658722,-0.079799915,0.102747005,0.017537816,0.020174374,0.00344355
1.103949367,0.026619704,-0.021286593,1.347554907,0.13557272,-0.080305555,0.101339614,0.019859206,0.019898033,0.003899355
1.1048949,0.026783428,-0.021185993,1.348498014,0.136406561,-0.07992603,0.102395978,0.019636682,0.02010545,0.003855663
1.105933867,0.026917278,-0.021122367,1.349534997,0.137088249,-0.079685997,0.103064084,0.019650264,0.020236633,0.003858329
1.1069042,0.027292433,-0.021214294,1.350499772,0.138998893,-0.080032799,0.1020988,0.022526192,0.020047099,0.004423018
1.107917667,0.027599634,-0.021246089,1.351508686,0.140563453,-0.080152747,0.101764938,0.024424615,0.019981545,0.004795773
1.108909933,0.027825142,-0.021085094,1.352497611,0.141711953,-0.079545381,0.103455471,0.023882581,0.020313482,0.004689345
1.1099322,0.028141573,-0.021102004,1.353515189,0.143323519,-0.079609176,0.103277907,0.025671711,0.020278617,0.005040641
1.110889433,0.028412313,-0.021080932,1.35446841,0.144702383,-0.079529679,0.103499176,0.026829306,0.020322063,0.005267934
1.1119249,0.028503051,-0.021075913,1.355502532,0.145164509,-0.079510744,0.10355188,0.027238728,0.020332412,0.005348324
1.112877167,0.028824819,-0.021001307,1.356450031,0.146803253,-0.079229286,0.104335286,0.028094066,0.020486233,0.00551627
1.1139139,0.02926858,-0.020921248,1.357480188,0.149063304,-0.078927256,0.105175953,0.02951345,0.020651298,0.005794966
1.114936533,0.029547922,-0.021040634,1.358498682,0.150485977,-0.079377651,0.103922331,0.032189745,0.02040515,0.006320457
1.115927067,0.029835422,-0.021000114,1.359484955,0.151950201,-0.079224788,0.104347808,0.033228492,0.020488692,0.006524414
1.116949033,0.030060854,-0.021133471,1.360503582,0.153098314,-0.079727885,0.102947493,0.03577692,0.02021374,0.007024798
1.1179367,0.030171158,-0.020987114,1.361489614,0.153660087,-0.079175743,0.104484319,0.034801867,0.020515496,0.006833347
1.118944167,0.030441964,-0.02107376,1.362493067,0.155039287,-0.07950262,0.103574492,0.037090894,0.020336852,0.007282797
1.119873267,0.030817961,-0.021032879,1.363416596,0.156954221,-0.079348395,0.104003761,0.03857656,0.020421138,0.007574507
1.120966467,0.031083986,-0.021064316,1.364505854,0.158309069,-0.079466995,0.103673652,0.040261516,0.020356322,0.007905349
1.121945933,0.031430776,-0.021128429,1.365480182,0.160075253,-0.079708865,0.103000434,0.042700919,0.020224135,0.008384325
1.122936567,0.031650133,-0.0212066,1.366467564,0.161192428,-0.080003771,0.102179595,0.044638933,0.020062963,0.008764854
1.123878767,0.031869474,-0.021129197,1.367406514,0.16230952,-0.079711761,0.102992372,0.044943248,0.020222552,0.008824607
1.124901567,0.032070098,-0.021183276,1.368426341,0.163331286,-0.079915779,0.10242451,0.046532875,0.020111053,0.00913673
1.125909067,0.032432564,-0.020727372,1.36942847,0.165177304,-0.078195841,0.107211764,0.043591639,0.02105103,0.008559218
1.126898,0.032878304,-0.021265179,1.370410798,0.167447436,-0.080224768,0.101564476,0.051509059,0.019942185,0.010113804
1.1279424,0.033169665,-0.021241956,1.371450881,0.168931322,-0.080137155,0.101808335,0.052749085,0.019990067,0.010357283
1.1289215,0.033492747,-0.021164304,1.372425193,0.170576761,-0.079844206,0.102623726,0.053579134,0.020150169,0.010520263
1.129915533,0.03375046,-0.021545627,1.373415408,0.171889281,-0.081282781,0.098619616,0.058895764,0.019363962,0.011564183
1.130897833,0.033926509,-0.021435718,1.374395099,0.172785886,-0.080868142,0.099773716,0.058638269,0.019590569,0.011513624
1.1319281,0.034138025,-0.021540166,1.375422231,0.173863129,-0.081262179,0.098676959,0.060812269,0.019375221,0.011940489
1.132935333,0.034552912,-0.021344419,1.376423317,0.175976126,-0.080523708,0.10073241,0.060869815,0.019778809,0.011951788
1.133936767,0.034841074,-0.021408312,1.37742048,0.177443718,-0.08076475,0.100061496,0.063008321,0.019647075,0.012371684
1.134938333,0.035200219,-0.021251617,1.378416725,0.179272824,-0.080173605,0.101706883,0.06319204,0.019970146,0.012407757
1.135916767,0.03554644,-0.021363856,1.379390028,0.181036109,-0.080597036,0.100528309,0.066133899,0.019738733,0.012985391
1.136944633,0.035821182,-0.02140637,1.380413823,0.182435357,-0.080757422,0.100081892,0.067979564,0.019651079,0.013347787
1.1379398,0.036023397,-0.021674814,1.381405993,0.183465225,-0.081770152,0.097263072,0.071828252,0.019097604,0.014103477
1.138918267,0.036448524,-0.021690151,1.38237816,0.185630374,-0.081828012,0.097102028,0.074154446,0.019065983,0.014560225
1.139932533,0.036935443,-0.021677409,1.383385212,0.188110227,-0.081779941,0.097235826,0.0765005,0.019092254,0.015020873
1.140935967,0.037298611,-0.021680146,1.384383263,0.189959822,-0.081790266,0.097207088,0.078378833,0.019086612,0.015389684
1.141924033,0.037652508,-0.021807078,1.385366086,0.191762198,-0.08226913,0.095874225,0.081514073,0.018824904,0.016005288
1.142950967,0.038009701,-0.021838394,1.386387726,0.193581365,-0.08238727,0.095545396,0.083662068,0.018760338,0.016427047
1.143918067,0.038205587,-0.021974081,1.387351924,0.194579,-0.082899163,0.0941206,0.086084499,0.01848058,0.016902691
1.1449213,0.038631265,-0.022014221,1.388348849,0.196746959,-0.083050593,0.093699111,0.088673947,0.01839782,0.017411129
1.145891333,0.039207078,-0.02201876,1.38931035,0.199679543,-0.083067718,0.093651446,0.091654197,0.018388461,0.017996302
1.1469246,0.039542201,-0.022230855,1.39033865,0.201386303,-0.083867864,0.09142433,0.095588072,0.017951167,0.018768718
1.147937567,0.040043819,-0.022241692,1.391344184,0.20394102,-0.083908747,0.091310536,0.098256583,0.017928824,0.01929268
1.148934867,0.040513592,-0.022415498,1.392334523,0.206333549,-0.084564448,0.089485467,0.102474181,0.017570471,0.020120806
1.149945433,0.040861342,-0.022413165,1.393339936,0.208104621,-0.084555647,0.089509962,0.104220759,0.017575281,0.020463746
1.1508975,0.041195836,-0.022557751,1.394287046,0.209808179,-0.08510111,0.087991728,0.107442551,0.017277176,0.021096345
1.1518698,0.041810165,-0.022580577,1.395250243,0.212936924,-0.085187223,0.087752042,0.110810981,0.017230114,0.021757736
1.152922967,0.042353157,-0.022804931,1.396295363,0.215702353,-0.086033618,0.085396197,0.115932255,0.016767543,0.022763298
1.153938167,0.042952088,-0.022907663,1.397301688,0.218752676,-0.086421183,0.084317454,0.120061321,0.016555732,0.02357404
1.154925433,0.043459486,-0.022981862,1.398281436,0.221336829,-0.086701105,0.083538322,0.123424606,0.01640275,0.024234421
1.1559625,0.044037384,-0.023201037,1.399309939,0.224280032,-0.087527963,0.081236858,0.128669273,0.015950857,0.025264212
1.1569323,0.044410406,-0.023398236,1.400274212,0.226179812,-0.088271911,0.07916616,0.13263975,0.015544276,0.026043815
1.1579528,0.045049064,-0.023587195,1.401285248,0.229432462,-0.088984779,0.077181973,0.137876588,0.01515468,0.027072068
1.158865567,0.045791119,-0.023524777,1.402187019,0.23321171,-0.088749299,0.077837407,0.141000403,0.015283375,0.027685429
1.1599485,0.046442813,-0.023769923,1.403260295,0.23653075,-0.089674133,0.075263234,0.146893614,0.014777936,0.028842561
1.1609129,0.047119706,-0.02407467,1.404214664,0.239978129,-0.090823821,0.072063208,0.15354102,0.014149611,0.030147779
1.161944033,0.047863072,-0.024367469,1.405234782,0.243764056,-0.091928429,0.068988657,0.160401498,0.013545923,0.031494834
1.1629285,0.048466018,-0.024508915,1.406210314,0.246834826,-0.092462047,0.067503392,0.164957533,0.013254291,0.032389412
1.163938767,0.049174381,-0.0247266,1.407210084,0.250442479,-0.093283285,0.065217568,0.170851009,0.01280547,0.033546596
1.164940067,0.050060868,-0.025039308,1.408198248,0.254957311,-0.094463003,0.061933957,0.178649453,0.012160732,0.03507782
1.165911367,0.050988421,-0.025194466,1.409155803,0.259681289,-0.095048349,0.060304711,0.185002677,0.01184083,0.036325276
1.166951267,0.052005521,-0.02557383,1.410180632,0.264861324,-0.096479534,0.056321171,0.194166252,0.011058662,0.038124544
1.167936133,0.052814271,-0.025723184,1.411153514,0.268980246,-0.097042986,0.054752865,0.199853481,0.010750725,0.039241231
1.168944133,0.053731757,-0.026147108,1.412147918,0.273652951,-0.098642276,0.050301423,0.208977627,0.009876684,0.041032757
1.169928033,0.054567173,-0.026715923,1.413119439,0.277907682,-0.100788179,0.044328543,0.219205238,0.008703909,0.043040949
1.1709033,0.055739228,-0.027016992,1.414077338,0.283876892,-0.101923989,0.041167146,0.228335845,0.008083169,0.044833743
1.171879333,0.056924444,-0.027466843,1.415035808,0.289913135,-0.103621094,0.036443445,0.239095789,0.00715567,0.046946458
1.172963833,0.058062111,-0.027998035,1.41610345,0.295707212,-0.105625063,0.030865624,0.250467687,0.006060465,0.04917933
1.173963867,0.059331468,-0.028280993,1.417084673,0.302171979,-0.106692547,0.027894403,0.259903675,0.005477066,0.051032087
1.1749554,0.06060213,-0.028604047,1.418057377,0.30864339,-0.107911294,0.024502158,0.269767332,0.004810999,0.052968816
1.175965767,0.061840793,-0.029140942,1.419049389,0.314951834,-0.109936779,0.018864449,0.281713485,0.003704034,0.055314443
1.176914333,0.063312153,-0.029681837,1.419976153,0.322445393,-0.111977354,0.013184737,0.294886755,0.002588823,0.057901014
1.177946667,0.06492889,-0.030496214,1.420984529,0.33067935,-0.115049661,0.004633319,0.31167213,0.000909752,0.061196823
1.1789255,0.066459832,-0.03128166,1.421940676,0.338476355,-0.118012827,0.003614318,0.320488136,0.000709671,0.062927845
1.1799178,0.068191542,-0.031939385,1.422907315,0.347295859,-0.120494152,0.010520808,0.32240115,0.002065761,0.063303466
1.1809648,0.069959817,-0.032516661,1.423928112,0.356301589,-0.122671978,0.016582541,0.325345147,0.003255982,0.06388152
1.181911767,0.071720362,-0.0331594,1.42484899,0.365267948,-0.125096768,0.023331669,0.327562378,0.004581173,0.064316873
1.182931633,0.073590129,-0.03410464,1.42584115,0.374790575,-0.12866277,0.033257231,0.327159442,0.006530057,0.064237757
1.183886067,0.075790569,-0.034765623,1.426762977,0.385997297,-0.131156386,0.040197932,0.331425464,0.007892864,0.06507539
1.1849219,0.07797869,-0.035808525,1.427766386,0.39714128,-0.135090824,0.051148994,0.331618385,0.010043105,0.06511327
1.1859035,0.08031776,-0.036785174,1.428713325,0.409054038,-0.138775318,0.061404369,0.333275768,0.012056748,0.065438697
1.1868937,0.082724623,-0.037745353,1.429667859,0.421312062,-0.142397679,0.071486799,0.335451362,0.014036433,0.065865875
1.187948433,0.085294473,-0.039242068,1.430684511,0.434400166,-0.148044171,0.087203173,0.332823093,0.017122343,0.065349814
1.188929367,0.087849893,-0.039859976,1.431627578,0.447414783,-0.150375283,0.093691561,0.339349321,0.018396338,0.066631239
1.1898962,0.090688898,-0.040993949,1.432552342,0.461873686,-0.154653295,0.105598924,0.341900861,0.020734349,0.067132234
1.1909302,0.094124417,-0.042498777,1.433535433,0.479370598,-0.160330391,0.121400478,0.343596219,0.023836984,0.067465118
1.192017933,0.09845247,-0.042052382,1.434559032,0.501413141,-0.158646329,0.116713082,0.370326159,0.022916614,0.072713541
1.1930293,0.101853915,-0.04449266,1.435519995,0.518736518,-0.167852493,0.142337401,0.362025217,0.027947949,0.071083651
1.194039333,0.105371052,-0.046492698,1.43647791,0.536649108,-0.175397811,0.16333894,0.358936267,0.032071601,0.070477136
1.195034467,0.108900244,-0.048111674,1.437420747,0.554623093,-0.181505542,0.18033912,0.359910072,0.035409586,0.070668343
1.196078167,0.113003887,-0.049904948,1.438403637,0.575522723,-0.188270825,0.199169522,0.3619793,0.039106936,0.071074636
1.197085867,0.117582393,-0.05136522,1.439343492,0.598840811,-0.193779833,0.214503223,0.369963688,0.042117708,0.07264237
1.198160967,0.12257343,-0.053607748,1.440344633,0.624259893,-0.202239968,0.238051053,0.371834939,0.046741324,0.07300979
1.1992221,0.127521073,-0.055882393,1.44133245,0.649457975,-0.210821267,0.261936131,0.373147943,0.051431159,0.073267599
1.2002172,0.132292873,-0.057870741,1.44225684,0.673760496,-0.218322483,0.282814918,0.376571676,0.055530709,0.073939849
1.201228233,0.13712329,-0.059888138,1.443196295,0.698361548,-0.225933294,0.303998751,0.379988896,0.059690155,0.07461082
1.202195133,0.142135147,-0.062040917,1.444088927,0.723886665,-0.234054843,0.326604166,0.382908598,0.064128728,0.075184103
1.2031774,0.14770597,-0.064414705,1.444988644,0.752258569,-0.243010167,0.351530298,0.38635437,0.069022974,0.075860681
1.204221967,0.153376713,-0.065944443,1.445949179,0.78113936,-0.24878124,0.367593428,0.399172031,0.07217697,0.078377428
1.205190567,0.159573763,-0.069091581,1.446825949,0.812700603,-0.260654095,0.400640179,0.397686523,0.078665699,0.078085749
1.206216033,0.16570126,-0.071775215,1.447760617,0.843907614,-0.270778343,0.428819879,0.400713834,0.084198783,0.078680161
1.2071807,0.172138757,-0.074388911,1.448629891,0.876693439,-0.280638742,0.456265186,0.406054351,0.089587669,0.079728772
1.208198033,0.178768313,-0.077308667,1.449548985,0.910457414,-0.291653778,0.486924296,0.409159218,0.095607585,0.080338412
1.209210033,0.185846437,-0.080233502,1.450456099,0.946505916,-0.302687977,0.517636741,0.414495274,0.101637974,0.081386147
1.210202467,0.193335833,-0.083749232,1.451337552,0.984649011,-0.31595138,0.554553926,0.415721184,0.108886663,0.081626854
1.211209467,0.20096013,-0.086304225,1.452231572,1.023479144,-0.325590316,0.581382815,0.427722428,0.114154516,0.083983299
1.212187933,0.20895476,-0.089355187,1.453091572,1.064195365,-0.337100341,0.61341967,0.436401795,0.120444952,0.085687492
1.2132278,0.217378957,-0.093163097,1.454006606,1.107099346,-0.351466015,0.653404902,0.439320543,0.128296053,0.086260589
1.214236833,0.225781947,-0.096672146,1.454891121,1.149895323,-0.364704214,0.690251933,0.445269489,0.135530967,0.087428664
1.215210633,0.23471333,-0.098543771,1.455732573,1.195382378,-0.371765085,0.709905069,0.471103408,0.13938986,0.092501154
1.2161821,0.24412754,-0.101753761,1.456564537,1.243328444,-0.383875057,0.743611809,0.485342734,0.146008179,0.095297046
1.217212867,0.25377747,-0.105786937,1.457452308,1.292475019,-0.399090569,0.785962467,0.492138651,0.15432373,0.096631424
1.218213367,0.263834193,-0.109097731,1.458303784,1.343693371,-0.411580831,0.820727704,0.508591766,0.161149885,0.099861993
1.2192351,0.274330107,-0.114385772,1.459169985,1.397148493,-0.431530433,0.876255168,0.506519425,0.172052702,0.099455089
1.220225567,0.28489069,-0.118848499,1.460003961,1.450932977,-0.448366465,0.923116361,0.513442715,0.181253898,0.100814477
1.221214533,0.295745097,-0.122773177,1.460832084,1.506213887,-0.463172659,0.964327728,0.527512258,0.189345749,0.103577032
1.2221614,0.307264707,-0.127763423,1.461608249,1.564882642,-0.481998805,1.016728181,0.53378056,0.199634578,0.104807813
1.2231923,0.319164303,-0.132919187,1.462462817,1.625486648,-0.501449378,1.070866654,0.540246094,0.210264667,0.10607732
1.2242021,0.331279783,-0.13673165,1.463293086,1.687190137,-0.515832233,1.110899706,0.56191653,0.218125157,0.110332311
1.225163967,0.343866467,-0.141963947,1.464068439,1.751293439,-0.535571535,1.165841822,0.571077716,0.228913042,0.112131109
1.226232033,0.356761417,-0.146544217,1.464945424,1.816966726,-0.552851008,1.213937285,0.588655541,0.238356586,0.115582515
1.227197967,0.370183637,-0.153739987,1.465712462,1.885325371,-0.579997686,1.289496998,0.581454473,0.253192735,0.114168586
1.228182067,0.38373817,-0.159017477,1.466495707,1.954357881,-0.599907484,1.34491367,0.59507031,0.264073799,0.116842055
1.2291972,0.397852073,-0.164123427,1.467301695,2.026239233,-0.619170131,1.398529074,0.613336258,0.274601184,0.120428574
1.2301818,0.41224579,-0.169397143,1.468073004,2.099545658,-0.639065693,1.453906124,0.631265633,0.285474468,0.123949007
1.231195233,0.42721854,-0.17648151,1.468864567,2.17580107,-0.665792093,1.528296038,0.63313113,0.300080927,0.124315297
1.232213967,0.442614573,-0.182809533,1.469655156,2.25421224,-0.68966512,1.594743914,0.645094426,0.313127967,0.12666429
1.233215767,0.45787061,-0.18758165,1.470430887,2.331910415,-0.707668352,1.644853876,0.672682638,0.322967059,0.132081236
1.2341975,0.47386381,-0.19494861,1.471175628,2.413362923,-0.735460859,1.722211182,0.67677784,0.338156166,0.132885329
1.2351801,0.49042344,-0.2015595,1.471912842,2.497700229,-0.760401026,1.79162932,0.691697009,0.351786417,0.135814708
1.236210667,0.50705274,-0.207712273,1.47269699,2.582392361,-0.783612907,1.856236969,0.711781491,0.364472129,0.139758296
1.237191633,0.524287413,-0.215578827,1.473422568,2.670167626,-0.813290175,1.938840292,0.716953433,0.380691291,0.140773807
1.238209567,0.541944047,-0.222855867,1.474178859,2.760091911,-0.840743451,2.015253386,0.730464623,0.395695002,0.143426729
1.2392251,0.559508683,-0.22823564,1.474934114,2.849547661,-0.861039122,2.071744093,0.763429668,0.406786953,0.149899415
1.240240733,0.57757783,-0.236903173,1.475681993,2.941572855,-0.893738157,2.162758165,0.764440789,0.424657566,0.150097949
1.241209633,0.596259713,-0.24419556,1.476374058,3.036718683,-0.92124933,2.239332408,0.783012374,0.439692918,0.15374448
1.242187467,0.61536783,-0.251137937,1.477068741,3.134035294,-0.94744006,2.312231346,0.807430048,0.454006625,0.15853889
1.243158067,0.63473163,-0.258812233,1.477752402,3.232654087,-0.976392022,2.392815863,0.825464323,0.469829395,0.16207992
1.2441999,0.654243433,-0.266142327,1.478505103,3.332026653,-1.004045447,2.469786048,0.847866704,0.484942491,0.166478627
1.245222933,0.6745796,-0.27529369,1.479226788,3.435597657,-1.038569774,2.565880613,0.855343144,0.503810658,0.167946626
1.246259233,0.694591323,-0.283765507,1.479966548,3.537516289,-1.070530451,2.654839548,0.86830284,0.521277745,0.170491263
1.2471836,0.715453883,-0.29356333,1.480581766,3.643768186,-1.107493605,2.757722313,0.871671972,0.541478776,0.171152792
1.248180267,0.736496867,-0.300191223,1.481266611,3.75093897,-1.132497919,2.827318995,0.909246073,0.555144085,0.178530466
1.2491831,0.757924617,-0.309140217,1.48195192,3.860069349,-1.166258787,2.921288559,0.924406889,0.573595009,0.181507293
1.250180667,0.779721777,-0.317071297,1.482626489,3.971081114,-1.196179487,3.004569449,0.952137764,0.589947211,0.18695225
1.251212733,0.801904103,-0.327122697,1.483329851,4.084054512,-1.234099282,3.110114915,0.959565696,0.610671064,0.188410724
1.252224833,0.824087103,-0.335492017,1.484013236,4.197031339,-1.265673281,3.197997576,0.984659862,0.627926824,0.193337964
1.2531608,0.846435827,-0.343941947,1.484618032,4.310852186,-1.297551389,3.286726688,1.009751596,0.645348785,0.198264726
1.254166967,0.8701783,-0.355640063,1.485272375,4.431771327,-1.341683568,3.409563624,1.007833802,0.669467818,0.197888167
1.255246967,0.892974473,-0.36202536,1.486014573,4.547871013,-1.365772664,3.476612902,1.05688421,0.682632943,0.207519215
1.256202367,0.91683364,-0.371052593,1.48661642,4.669384467,-1.399828699,3.571404031,1.083606535,0.701245181,0.212766143
1.257205533,0.941285913,-0.382403223,1.487257245,4.793918581,-1.442649954,3.690592157,1.088952523,0.72464777,0.213815828
1.2582616,0.966997973,-0.392765753,1.487932302,4.924868721,-1.481743514,3.799404667,1.111090153,0.746013106,0.218162552
1.259307867,0.993278567,-0.404688107,1.488589134,5.058714371,-1.526721646,3.924596216,1.119744254,0.770594467,0.219861784
1.2603126,1.017900257,-0.413137357,1.489229015,5.184111315,-1.558597188,4.013318188,1.156419226,0.788015026,0.227062915
1.261286567,1.043437313,-0.423914167,1.489824565,5.314170172,-1.599253656,4.126480875,1.173315396,0.81023452,0.230380478
1.262293133,1.068308407,-0.431444603,1.490462583,5.440837314,-1.627662894,4.20555478,1.220908634,0.825760681,0.23972541
1.2632616,1.094242033,-0.44316532,1.491046757,5.572915882,-1.671880333,4.328629029,1.229912952,0.84992631,0.241493408
1.2642917,1.120752333,-0.454030157,1.491684018,5.707931415,-1.71286889,4.442716046,1.250841468,0.872327296,0.245602722
1.265320233,1.1469153,-0.464499843,1.49232486,5.841177998,-1.752366708,4.552653762,1.274150335,0.893913566,0.250179418
1.266294933,1.1743231,-0.473221483,1.492893422,5.980764451,-1.785269866,4.644235986,1.322154565,0.911895736,0.259605049
1.267451767,1.204185567,-0.484605737,1.493607744,6.132852389,-1.828217968,4.763777176,1.354701312,0.935367649,0.265995603
1.268482967,1.233614267,-0.499153277,1.494202859,6.282731177,-1.883099848,4.916534692,1.351822585,0.965361587,0.265430365
1.269482133,1.260212067,-0.50557091,1.494807891,6.418192344,-1.907310937,4.983923523,1.41989492,0.978593384,0.278796367
1.270482533,1.288546,-0.519221137,1.495388429,6.562495544,-1.958807623,5.127258734,1.420862909,1.006737252,0.278986432
1.271488933,1.316881467,-0.534547247,1.495974945,6.706806553,-2.016626728,5.288191681,1.404240972,1.038336436,0.275722715
1.2724766,1.3436082,-0.5395978,1.496566566,6.84292437,-2.035680386,5.341225388,1.487325081,1.048749605,0.29203628
1.273494667,1.3725423,-0.55396668,1.497155877,6.990284186,-2.089888256,5.492106871,1.483803415,1.078375184,0.291344801
1.2744986,1.4009065,-0.563300887,1.497739501,7.134741533,-2.125102375,5.590121395,1.530246237,1.097620336,0.300463849
1.2754933,1.429987767,-0.576094033,1.498303265,7.282850862,-2.173365652,5.724456774,1.544020187,1.123997088,0.303168364
1.276508633,1.458885733,-0.586242397,1.498890378,7.430026653,-2.211651249,5.831020411,1.584632341,1.144920858,0.31114256
1.2774895,1.4882149,-0.597566167,1.499436636,7.579398523,-2.254371172,5.949926492,1.61509813,1.168268067,0.317124518
1.278506733,1.517037667,-0.607132017,1.500026764,7.726191325,-2.290459187,6.050373404,1.66144402,1.187990818,0.326224533
1.279501867,1.547081467,-0.62293498,1.500576698,7.879202784,-2.350077263,6.216313585,1.648515298,1.220573172,0.323685979
1.2805193,1.576809767,-0.631840527,1.501153607,8.030607419,-2.383674224,6.309826934,1.706406584,1.238934518,0.335052933
1.281478,1.60651,-0.643751423,1.501672199,8.181869111,-2.428609135,6.434898181,1.732597029,1.263492258,0.340195427
1.282493633,1.636667933,-0.65637062,1.502240942,8.335461845,-2.476216169,6.567406985,1.753680959,1.289510362,0.344335256
1.2834957,1.665844433,-0.661813813,1.502810662,8.484056192,-2.496751097,6.624563638,1.845118653,1.30073307,0.362289048
1.284493433,1.697967867,-0.680841703,1.503332379,8.647659112,-2.568535494,6.824367398,1.808917813,1.339964539,0.355181013
1.285502367,1.728659533,-0.692736327,1.503886513,8.803970121,-2.613409011,6.949267767,1.840328454,1.364488726,0.361348492
1.286486867,1.759454767,-0.703155043,1.504414679,8.96080859,-2.652714541,7.058670269,1.887764421,1.385969907,0.370662544
1.287499367,1.7908593,-0.716396253,1.504961817,9.120750191,-2.702668176,7.19771057,1.908665721,1.41327047,0.374766514
1.288451267,1.822064933,-0.727275947,1.505451301,9.279678805,-2.74371278,7.311953591,1.953351313,1.435702088,0.38354053
1.289455967,1.8538138,-0.74002111,1.505985536,9.441374077,-2.791795035,7.445785117,1.981215059,1.461979908,0.389011577
1.2905277,1.885513133,-0.751698353,1.506587538,9.602817078,-2.835848468,7.568402871,2.020040307,1.486055904,0.396634914
1.291492733,1.9160734,-0.76058976,1.507099719,9.758458874,-2.869392085,7.661767742,2.082317232,1.504388096,0.408862989
1.292504767,1.948685633,-0.774450323,1.507628493,9.924551227,-2.921682285,7.807311608,2.102865718,1.532965634,0.412897684
1.293504833,1.981120967,-0.78683678,1.508147922,10.08974264,-2.968411288,7.937376508,2.137992227,1.558503877,0.419794774
1.2945224,2.013885733,-0.80150336,1.50867997,10.25661183,-3.023742257,8.091384012,2.15085392,1.588743251,0.422320167
1.295504833,2.0467847,-0.814202387,1.509174895,10.4241645,-3.071650457,8.224731077,2.185059524,1.614925947,0.429036438
1.2965331,2.078919133,-0.82377734,1.509726983,10.58782344,-3.107772815,8.32527358,2.248175964,1.634667467,0.441429351
1.297499933,2.111537367,-0.837652523,1.510210469,10.75394635,-3.16011817,8.470970964,2.268601489,1.663275149,0.445439902
1.298526933,2.144960233,-0.852530937,1.510742198,10.92416722,-3.216248299,8.627202839,2.282590478,1.693951277,0.44818664
1.2994753,2.1764375,-0.85795468,1.511224124,11.08447925,-3.23670985,8.684155256,2.38595009,1.705133884,0.4684813
1.300463467,2.211807567,-0.880915623,1.511688165,11.2646171,-3.323332038,8.925258332,2.324984862,1.752474474,0.456510778
1.301511667,2.244776,-0.890215993,1.512247828,11.43252355,-3.358418506,9.022917553,2.395232101,1.771649861,0.470303823
1.302469533,2.278787,-0.90341383,1.512701708,11.60573975,-3.408208511,9.161502409,2.429863441,1.798860998,0.477103687
1.303518033,2.310969133,-0.911999523,1.513273322,11.76964163,-3.440598798,9.251657114,2.503610612,1.816562874,0.491583944
1.304456067,2.345641933,-0.928860857,1.513697563,11.94622833,-3.504209668,9.428710787,2.503143646,1.851327363,0.491492255
1.3054836,2.379618067,-0.94111786,1.514221626,12.11926696,-3.550450296,9.557416353,2.547476702,1.876598701,0.50019705
1.306499833,2.413262833,-0.953258793,1.5147393,12.29061794,-3.59625304,9.684903118,2.591340926,1.901630727,0.508809791
1.307484367,2.4478322,-0.96773902,1.515211573,12.46667787,-3.650880975,9.836953804,2.615350166,1.931485879,0.513524005
1.308469233,2.4818684,-0.979493863,1.51569208,12.64002241,-3.69522716,9.960386403,2.665262106,1.95572187,0.523324214
1.309470267,2.515052467,-0.99341543,1.516201381,12.80902708,-3.747747501,10.10657084,2.688082338,1.984425184,0.527804967
1.310465433,2.5499335,-1.007529117,1.516679669,12.98667431,-3.800992631,10.25477265,2.71752776,2.013524609,0.533586576
1.311498467,2.5842409,-1.018738817,1.517204324,13.16140005,-3.843282215,10.37248093,2.774545224,2.03663663,0.544781955
1.3124846,2.619735067,-1.03450021,1.517664493,13.34216993,-3.902743464,10.5379846,2.789811436,2.069133276,0.547779476
1.313488533,2.6541748,-1.04454437,1.518158086,13.51756965,-3.940635945,10.64345404,2.859741706,2.089842201,0.561510284
1.314457433,2.690046167,-1.062299137,1.518595433,13.70026059,-4.007617372,10.82988927,2.855997414,2.126448759,0.560775092
1.315489667,2.724961133,-1.0743479,1.519110284,13.87808064,-4.053072396,10.9564082,2.907298536,2.15129075,0.570848068
1.316503167,2.7600496,-1.086058833,1.519603832,14.05678431,-4.097252927,11.07937972,2.963030694,2.175436208,0.581791077
1.317519967,2.7934083,-1.092039967,1.520126311,14.22667838,-4.119817281,11.14218505,3.070119429,2.187768035,0.60281795
1.318510367,2.830227467,-1.110433467,1.520571113,14.41419642,-4.189208385,11.33532735,3.064495165,2.225691526,0.601713626
1.319502,2.866944467,-1.126200867,1.521018661,14.60119413,-4.248692295,11.5008941,3.085926128,2.258200556,0.605921595
1.3205128,2.902297467,-1.136921167,1.521505589,14.78124506,-4.289135574,11.6134634,3.153407758,2.280303538,0.619171613
1.3214994,2.9366014,-1.147254833,1.521983862,14.95595314,-4.328120245,11.72197282,3.219606419,2.301609364,0.63216972
1.322529067,2.9729419,-1.1693557,1.522475023,15.14103336,-4.411497718,11.9540446,3.172614855,2.347176658,0.622942927
1.323491933,3.0078927,-1.1833504,1.522919977,15.31903591,-4.46429396,12.10099698,3.203665023,2.376030757,0.629039627
1.324501533,3.044094733,-1.197243967,1.523393123,15.50341092,-4.516708668,12.2468874,3.242149613,2.404676341,0.636596077
1.325494433,3.080089333,-1.209303867,1.523852643,15.68672948,-4.562205707,12.37352327,3.298832309,2.429541294,0.647725724
1.326523033,3.116828267,-1.221141267,1.524336833,15.87383889,-4.606863344,12.49782276,3.361642232,2.453947499,0.660058452
1.327462733,3.153418967,-1.2378681,1.52473432,16.06019336,-4.669966801,12.67346411,3.372355355,2.488434677,0.662161974
1.3285165,3.188583067,-1.2430569,1.525267013,16.23928223,-4.689542008,12.72794948,3.496958851,2.499132881,0.68662787
1.329458233,3.2256174,-1.2590268,1.525659959,16.4278961,-4.749789867,12.89564259,3.517879609,2.532059423,0.690735661
1.3305071,3.2626311,-1.2801537,1.526160345,16.61640489,-4.829492964,13.11748716,3.484543825,2.575618605,0.68419018
1.331517967,3.3003395,-1.2951652,1.526612436,16.80845174,-4.886125174,13.27511652,3.518961319,2.60656913,0.690948055
1.332500733,3.335010433,-1.2959092,1.527081437,16.98502894,-4.88893198,13.28292895,3.687726092,2.6081031,0.724085018
1.3335138,3.374255433,-1.317687233,1.527512958,17.18490162,-4.971091536,13.51161079,3.658916926,2.65300478,0.718428338
1.334522933,3.4116614,-1.329734267,1.527967797,17.3754082,-5.016540033,13.63811156,3.722922743,2.677843204,0.730995881
1.335496733,3.4492864,-1.346453667,1.528384058,17.5670303,-5.079615447,13.81367485,3.738981555,2.712315056,0.734149028
1.336518833,3.486297133,-1.359462633,1.52885772,17.75552398,-5.128692924,13.95027646,3.790873619,2.739136783,0.744338035
1.3375388,3.5211934,-1.3634219,1.529360582,17.93324879,-5.143629607,13.99185103,3.927023859,2.74729995,0.771071135
1.338530267,3.561495867,-1.3918788,1.529754834,18.13850709,-5.250985777,14.29066481,3.833468382,2.805972035,0.752701517
1.339529967,3.596522633,-1.392342467,1.530235495,18.31689653,-5.252735001,14.29553357,4.006989056,2.806928017,0.786772301
1.340507667,3.6334672,-1.4057827,1.530665739,18.50505322,-5.303439469,14.43666373,4.054015589,2.834638924,0.796005961
1.341486933,3.6730494,-1.427417833,1.531058463,18.70664324,-5.385059921,14.66384504,4.028424296,2.879245974,0.79098111
1.342470833,3.712290367,-1.445787667,1.531460877,18.90649537,-5.454361741,14.85673883,4.035382643,2.917120669,0.792347382
1.343489533,3.7487029,-1.453387733,1.531940004,19.09194245,-5.483033664,14.93654389,4.141024659,2.932790393,0.813090192
1.344528733,3.786686333,-1.4663529,1.532416353,19.28539003,-5.531945901,15.07268558,4.198330556,2.959521813,0.824342205
1.345492267,3.823809933,-1.4794068,1.532829776,19.47445853,-5.581192892,15.20975902,4.250325618,2.986436183,0.834551435
1.3464866,3.862181433,-1.4973249,1.533255508,19.66988252,-5.648790508,15.39790935,4.257599277,3.0233795,0.835979618
1.347524467,3.898885233,-1.506779233,1.533749486,19.856813,-5.684457816,15.49718527,4.345253834,3.042872328,0.85319059
1.348517867,3.9415145,-1.5370911,1.534111191,20.07392157,-5.798812012,15.81547726,4.24407041,3.105368959,0.833323225
1.349463467,3.975994333,-1.5347993,1.534545857,20.24952551,-5.790165994,15.79141204,4.443739564,3.100643755,0.872528263
1.3504827,4.017664667,-1.561728667,1.534947606,20.46175028,-5.891759409,16.07418584,4.373190534,3.15616639,0.858675961
1.3515095,4.051248933,-1.559591933,1.535476743,20.63279314,-5.883698394,16.05174892,4.566670325,3.151760899,0.896665718
1.3524932,4.092262833,-1.5882926,1.535852685,20.84167473,-5.991974195,16.35312238,4.47417845,3.210935579,0.878504939
1.353504533,4.131434133,-1.602902667,1.536283565,21.04117206,-6.047091963,16.50653646,4.520261695,3.241058434,0.887553384
1.354486567,4.170584133,-1.617636933,1.536685461,21.2405609,-6.102678286,16.66125471,4.564932289,3.271437363,0.896324455
1.3554644,4.2077803,-1.626174633,1.537112109,21.42999898,-6.134887514,16.75090546,4.66471962,3.289040287,0.915917697
1.356499433,4.246464433,-1.640058133,1.537573908,21.62701519,-6.187264245,16.89669018,4.715951118,3.317665116,0.925977002
1.3575262,4.285093133,-1.649558967,1.538028262,21.82374909,-6.223106978,16.99645438,4.812920811,3.337253817,0.945017001
1.3585167,4.326063967,-1.6723377,1.538411642,22.03241134,-6.309041763,17.23564414,4.782393297,3.384218727,0.939022924
1.3595629,4.3624034,-1.670951267,1.538919352,22.21748612,-6.30381132,17.2210858,4.982026424,3.381360196,0.978220888
1.360508633,4.404004267,-1.6985487,1.53924863,22.4293571,-6.407925076,17.51087468,4.904108521,3.438260243,0.962921708
1.361531633,4.441311333,-1.703592533,1.539718802,22.61935999,-6.426953383,17.56383782,5.041148263,3.448659556,0.989829462
1.362503433,4.4802297,-1.721143233,1.540113896,22.81756914,-6.49316495,17.74813024,5.055064996,3.484845373,0.992562012
1.363536,4.5197811,-1.736582367,1.540560377,23.01900229,-6.551410445,17.91025,5.094378394,3.516677587,1.000281198
1.3644833,4.556642367,-1.7447816,1.540961455,23.20673474,-6.582342777,17.99634665,5.196014191,3.533582665,1.020237386
1.3655148,4.598310133,-1.768292233,1.541375508,23.41894644,-6.671038719,18.24322179,5.161350751,3.582056598,1.01343122
1.366500733,4.633839133,-1.7678336,1.54183496,23.59989373,-6.669308485,18.23840587,5.347113952,3.581110993,1.049905824
1.367521967,4.6717372,-1.778573,1.542294608,23.79290654,-6.70982382,18.35117574,5.427356908,3.603253356,1.065661529
1.368491967,4.7179524,-1.820259767,1.542579775,24.02827807,-6.867090831,18.7889107,5.224993475,3.689202616,1.025927469
1.369519133,4.7550524,-1.821540767,1.543057182,24.21722638,-6.871923517,18.80236193,5.400490546,3.691843766,1.060386319
1.370499033,4.794782333,-1.842411167,1.54344835,24.4195688,-6.950658945,19.02151311,5.38368179,3.734874098,1.057085919
1.371476133,4.829637367,-1.841185733,1.543908957,24.59708361,-6.94603589,19.00864535,5.574064355,3.732347515,1.094467536
1.372533467,4.8731101,-1.867003433,1.544322097,24.8184879,-7.043435445,19.27974601,5.524367989,3.78557813,1.084709655
1.373499867,4.913667067,-1.8813057,1.54468751,25.02504236,-7.09739201,19.42992802,5.580740437,3.815066366,1.095778385
1.3745239,4.9535084,-1.891523267,1.545121161,25.22795213,-7.135938683,19.53721833,5.676359895,3.836132819,1.114553265
1.3754956,4.991328733,-1.9049345,1.545532427,25.42056905,-7.186533746,19.67804397,5.728151177,3.863783934,1.124722484
1.376515867,5.032088767,-1.922795733,1.545948698,25.62815771,-7.253916827,19.86559717,5.748186641,3.900610004,1.128656447
1.377515933,5.070645,-1.9323163,1.546377426,25.82452254,-7.289834006,19.96556858,5.844580054,3.920239391,1.147583294
1.3785114,5.1079836,-1.940147067,1.546819596,26.01468602,-7.319376265,20.04779612,5.952515995,3.936384769,1.168776516
1.379509267,5.150870333,-1.9653119,1.547181953,26.23310585,-7.414312823,20.31204131,5.906690638,3.988269311,1.159778707
1.380508233,5.190755033,-1.972327833,1.547589895,26.43623648,-7.440781052,20.38571263,6.036149947,4.002734676,1.185198042
1.381467233,5.232396767,-1.995305967,1.547931834,26.64831559,-7.52746809,20.62699622,6.006945476,4.050110707,1.179463744
1.382484233,5.268586633,-1.996184733,1.54841256,26.83262864,-7.530783315,20.63622377,6.182030969,4.051922537,1.213841781
1.383501067,5.3117261,-2.022866667,1.548790139,27.05233563,-7.631443267,20.91639938,6.121562348,4.106935018,1.201968767
1.384527433,5.351806667,-2.0395286,1.549222578,27.2564638,-7.694301883,21.09135923,6.150730662,4.141288386,1.207695966
1.385479767,5.3923028,-2.0512764,1.549574826,27.46270843,-7.738621496,21.21471787,6.233616654,4.165509854,1.22397063
1.3864784,5.428225833,-2.048652933,1.55004114,27.64566251,-7.728724236,21.18716997,6.444118638,4.160100823,1.265302695
1.3874716,5.4723983,-2.079017767,1.550379778,27.87063051,-7.843278254,21.50601814,6.350238468,4.222706661,1.246869323
1.3884781,5.511851,-2.084678967,1.550801655,28.07156099,-7.864635631,21.56546399,6.491723102,4.234378854,1.274649831
1.3894643,5.550785067,-2.0938914,1.551210917,28.2698501,-7.89939035,21.66219982,6.593276377,4.253372935,1.294589817
1.3905131,5.590093967,-2.1073358,1.551677224,28.47004821,-7.950110537,21.80337373,6.65230058,4.281092432,1.306179219
1.391474133,5.628138367,-2.113814433,1.552074503,28.6638063,-7.974551754,21.8714031,6.778029298,4.294449999,1.330866053
1.3924923,5.6750922,-2.150243533,1.552396892,28.90293965,-8.111983753,22.25392955,6.634636201,4.369559067,1.302710818
1.393506233,5.7088264,-2.142118933,1.552910941,29.07474612,-8.081332981,22.16861659,6.89175563,4.352807867,1.353196218
1.394485633,5.752312033,-2.1711594,1.553245956,29.29621611,-8.190890708,22.47355815,6.808284064,4.412683142,1.336806576
1.395490233,5.793673667,-2.186412833,1.553637646,29.50686869,-8.248435633,22.63372795,6.85876684,4.444132482,1.346718869
1.396503733,5.835745333,-2.203215267,1.554027714,29.72113742,-8.311824298,22.81016313,6.896600389,4.478775531,1.354147486
1.3975196,5.876298433,-2.2218054,1.554442651,29.92767218,-8.381957219,23.0053702,6.907928084,4.517104439,1.356371679
1.3985215,5.913222633,-2.223539533,1.554897396,30.11572515,-8.38849939,23.02357959,7.077771656,4.520679853,1.389720465
1.399514933,5.953680033,-2.239692833,1.555291318,30.32177252,-8.449439142,23.19319851,7.114200104,4.553984527,1.39687319
1.4004715,5.994632567,-2.256827433,1.555641036,30.53034157,-8.514080935,23.37312164,7.142846026,4.589312434,1.402497817
1.401508933,6.035198367,-2.267458833,1.556077352,30.73694101,-8.554188831,23.48475744,7.237809667,4.611232123,1.421143928
1.402531433,6.075520667,-2.2801342,1.556502343,30.94230031,-8.602007772,23.61785606,7.310070354,4.637366037,1.435332314
1.403510033,6.1180188,-2.2967979,1.556851191,31.15874102,-8.664873052,23.79283447,7.351532654,4.671723048,1.443473437
1.404516667,6.1563422,-2.299092033,1.557289936,31.35392004,-8.673527873,23.81692419,7.522621955,4.676453064,1.477066821
1.405481133,6.1966446,-2.313110333,1.557657188,31.559178,-8.726413149,23.96412438,7.580679721,4.705355821,1.488466463
1.406434167,6.238921967,-2.339496033,1.557983741,31.77449436,-8.825955534,24.24118936,7.518931091,4.759757531,1.47634212
1.407464667,6.279450867,-2.343339067,1.558413671,31.98090587,-8.840453717,24.28154342,7.684988547,4.76768105,1.508947501
1.4085038,6.324096833,-2.371171467,1.558791225,32.20828537,-8.945453905,24.57379958,7.62011189,4.825065548,1.49620897
1.409493967,6.3595937,-2.3683484,1.559255387,32.38906901,-8.934803637,24.54415576,7.830539344,4.819244984,1.5375264
1.4105321,6.4036371,-2.390789333,1.559640871,32.61337968,-9.019464041,24.77979844,7.81920734,4.865513423,1.535301361
1.4114961,6.4429159,-2.3961627,1.560022825,32.8134245,-9.039735542,24.83622187,7.962828726,4.876592164,1.56350142
1.4124803,6.484499933,-2.410984533,1.560390818,33.02520974,-9.095652218,24.99185962,8.018976221,4.907151637,1.574525981
1.413515633,6.5265471,-2.431686233,1.560803083,33.23935371,-9.17375121,25.20923935,8.015740456,4.949834146,1.573890638
1.414457333,6.564627933,-2.433769033,1.561180488,33.43329734,-9.181608757,25.23110994,8.187813499,4.954128437,1.60767718
1.415515567,6.6094688,-2.4614455,1.561574255,33.66166947,-9.286020674,25.52172872,8.125566847,5.011191434,1.59545505
1.416477333,6.646814667,-2.463684667,1.561982618,33.85186996,-9.294468128,25.54524125,8.292254804,5.01580812,1.628184231
1.417506067,6.686688267,-2.4791964,1.562420491,34.05494406,-9.352987513,25.70812335,8.332446808,5.04779002,1.636075931
1.418491467,6.729535733,-2.497851467,1.562770963,34.27316391,-9.4233654,25.90401225,8.354777752,5.086252806,1.640460612
1.4194943,6.7692369,-2.5077905,1.563185491,34.47535982,-9.460861282,26.00837781,8.452608109,5.106744982,1.659669602
1.420456833,6.8059346,-2.500812433,1.563604226,34.66225923,-9.434535909,25.9351041,8.712781227,5.092357691,1.710754594
1.421453933,6.8529792,-2.538007867,1.563904203,34.90185485,-9.574858968,26.32567749,8.561803459,5.169046775,1.681110109
1.422480567,6.8896707,-2.5418811,1.56438713,35.08872269,-9.589471083,26.36634866,8.708000125,5.17703256,1.709815825
1.4235015,6.934609567,-2.567332967,1.564742144,35.31759392,-9.685490499,26.63360786,8.669612158,5.229508904,1.702278347
1.424503733,6.977241667,-2.582815167,1.565112641,35.53471692,-9.743898467,26.79617984,8.724163171,5.261429913,1.712989439
1.425485967,7.0149773,-2.585340433,1.565535695,35.72690247,-9.753425259,26.82269659,8.889831976,5.266636476,1.745518508
1.426446733,7.0549356,-2.596309433,1.565904346,35.93040794,-9.794806781,26.93787739,8.978156658,5.289252225,1.76286106
1.4274552,7.094399,-2.603432867,1.566328031,36.13139292,-9.821680562,27.01267752,9.104341498,5.303939232,1.787637453
1.4284645,7.139842667,-2.624604767,1.566663931,36.36283507,-9.901553426,27.23499462,9.113466555,5.347591193,1.789429158
1.429498067,7.1817724,-2.6414318,1.567076169,36.57638095,-9.965034896,27.41168812,9.150318931,5.382284963,1.796665122
1.430493533,7.2203558,-2.6383091,1.567499894,36.77288414,-9.953254235,27.37889798,9.379612255,5.375846618,1.841686866
1.431452133,7.2619311,-2.661045133,1.567842418,36.9846249,-10.03902793,27.61763937,9.352611632,5.422723491,1.836385294
1.432454533,7.299467567,-2.666349667,1.56828859,37.17579611,-10.05903975,27.67334002,9.488082196,5.433660312,1.862984939
1.433449367,7.3416392,-2.683462467,1.56865851,37.39057398,-10.1235993,27.85303423,9.523165842,5.468943271,1.869873613
1.434502133,7.3860723,-2.702352367,1.569052852,37.61686937,-10.19486312,28.05138902,9.551106447,5.507890234,1.875359751
1.435513467,7.4258569,-2.7046536,1.569474644,37.8194902,-10.20354472,28.07555329,9.729563007,5.512634888,1.910399696
1.4365671,7.4731922,-2.731098333,1.569826847,38.06056634,-10.30330982,28.35323816,9.692954276,5.567158312,1.903211572
1.437537567,7.512920367,-2.740798967,1.570208608,38.26289975,-10.33990631,28.45510037,9.793425479,5.587158958,1.922939093
1.438554533,7.5488259,-2.741704,1.570693515,38.44576471,-10.34332063,28.46460374,9.966787062,5.589024945,1.95697864
1.439538533,7.5913189,-2.756790167,1.571047839,38.66217927,-10.40023453,28.62301715,10.02478822,5.620129417,1.968367168
1.4405398,7.633948467,-2.7749803,1.571417407,38.87928936,-10.46885841,28.81402398,10.05089148,5.657633609,1.973492542
1.441511467,7.674617467,-2.789212767,1.571786427,39.0864144,-10.52255165,28.96347305,10.10856745,5.686977933,1.984817219
1.4425262,7.713342667,-2.7915334,1.572227317,39.28363976,-10.53130645,28.98784103,10.28142483,5.691762586,2.018757765
1.443558533,7.7666729,-2.8462853,1.572469385,39.55524777,-10.73786283,29.56276739,9.978106484,5.804649376,1.959201208
1.444528167,7.797777833,-2.816527533,1.572978095,39.71366353,-10.62559902,29.25029377,10.44899586,5.743295181,2.051660337
1.445529567,7.837623767,-2.826599267,1.573389045,39.91659672,-10.66359553,29.35605274,10.54617008,5.764060956,2.070740495
1.446534267,7.885484833,-2.8586474,1.573684524,40.16035056,-10.78449994,29.69257653,10.45340014,5.830137401,2.052525117
1.447524167,7.926112167,-2.870085633,1.574072395,40.36726339,-10.82765169,29.81268454,10.54020495,5.853720609,2.069569242
1.448543733,7.9645289,-2.8786455,1.574522689,40.56291775,-10.85994454,29.90256805,10.6459758,5.871369237,2.090337348
1.449571467,8.004859767,-2.887863567,1.574952786,40.76832069,-10.89472051,29.99936304,10.75458375,5.890374933,2.111662519
1.450524067,8.046989767,-2.9038713,1.57528109,40.98288651,-10.9551111,30.16745342,10.80105919,5.923379479,2.120787972
1.451560233,8.090533267,-2.913052067,1.575672015,41.20465122,-10.98974636,30.26385674,10.92642058,5.94230827,2.145402681
1.452542167,8.131643767,-2.929171867,1.576044759,41.41402479,-11.05055973,30.43312389,10.966527,5.975543875,2.153277576
1.4535203,8.172710233,-2.933742133,1.576414356,41.62317409,-11.06780146,30.48111431,11.12768589,5.984966794,2.184921124
1.454539167,8.211874333,-2.940245467,1.576852876,41.82263475,-11.09233586,30.54940304,11.25885781,5.998375286,2.210676731
1.455526533,8.254596067,-2.9580872,1.577207177,42.04021424,-11.15964538,30.73675147,11.28908887,6.035161152,2.2166126
1.456533633,8.297130567,-2.977660267,1.577583987,42.25684017,-11.2334865,30.9422799,11.30018636,6.075516659,2.218791593
1.457524033,8.335062,-2.977684733,1.578012306,42.45002292,-11.2335788,30.94253681,11.4931122,6.075567104,2.256672581
1.458544367,8.3803919,-3.000811433,1.578360926,42.68088566,-11.32082632,31.18538043,11.48113133,6.123249448,2.254320137
1.459543133,8.4229053,-3.0137971,1.578729715,42.89740413,-11.3698159,31.32173738,11.56129284,6.150023135,2.27005985
1.460511667,8.467391333,-3.0359169,1.579039039,43.1239691,-11.4532648,31.55400797,11.55558723,6.195629465,2.268939553
1.461568933,8.498881333,-3.0192449,1.579629677,43.28434598,-11.3903682,31.37894241,11.89102967,6.161255341,2.334803676
1.4625189,8.546222667,-3.053682567,1.579878124,43.52545285,-11.52028735,31.74055766,11.77052129,6.232258497,2.311141854
1.463523467,8.589028067,-3.0769673,1.580248386,43.74345845,-11.60813106,31.98506072,11.74402383,6.280266672,2.305939079
1.464528,8.6217508,-3.055438533,1.580768023,43.91011357,-11.52691188,31.75899632,12.13674335,6.235878927,2.383049557
1.4655818,8.669518767,-3.0846696,1.581113981,44.15339326,-11.63718867,32.06593929,12.07308007,6.296147179,2.370549272
1.4665142,8.708601633,-3.0891838,1.581467238,44.3524402,-11.65421889,32.11334098,12.22472532,6.305454501,2.400324817
1.467523333,8.751723633,-3.1100727,1.581837375,44.57205823,-11.73302411,32.33268641,12.22499792,6.348522977,2.400378341
1.468556233,8.800980567,-3.142172267,1.58214037,44.82292114,-11.85412256,32.66975027,12.13879697,6.414705466,2.383452785
1.469528633,8.842555367,-3.147578633,1.5824967,45.03465937,-11.87451855,32.72652023,12.29376524,6.425852246,2.413880805
1.470557367,8.879185967,-3.149200733,1.582982629,45.22121704,-11.88063807,32.74355321,12.46328994,6.429196672,2.447166979
1.4715598,8.917034467,-3.153890367,1.583424211,45.41397742,-11.89833013,32.79279705,12.60680647,6.4388657,2.475346451
1.472514567,8.963946033,-3.181177833,1.583683826,45.65289551,-12.00127451,33.0793311,12.55919051,6.495126662,2.465997056
1.4735361,9.003278733,-3.178272167,1.584122515,45.85321484,-11.99031262,33.04881993,12.790021,6.489135794,2.511320624
1.4745341,9.0477737,-3.194163,1.584461173,46.07982531,-12.05026219,33.2156828,12.84976861,6.521899318,2.523052067
1.475590833,9.0889403,-3.203423267,1.584907886,46.28948459,-12.08519737,33.31292091,12.96218978,6.540992021,2.545125964
1.4765536,9.1283649,-3.211049333,1.585286446,46.49027196,-12.11396738,33.39299899,13.08289908,6.556715351,2.568827234
1.4775302,9.167948433,-3.221622367,1.585676484,46.69186877,-12.15385508,33.5040219,13.17347297,6.5785147,2.586611418
1.478531433,9.2013549,-3.207423,1.586182689,46.86200611,-12.10028672,33.35492041,13.4927118,6.549238622,2.649293963
1.479537133,9.2565175,-3.263010567,1.586370972,47.14294627,-12.30999572,33.93862174,13.18995062,6.663848379,2.589846805
1.4805296,9.294519467,-3.255540133,1.586800312,47.33648824,-12.28181285,33.86017791,13.46193643,6.648445932,2.643251219
1.481547833,9.3340861,-3.2598598,1.587232234,47.53799898,-12.29810918,33.90553689,13.61808819,6.657352168,2.673911617
1.4825609,9.3770539,-3.2752013,1.58760859,47.75683168,-12.35598634,34.06663144,13.67582634,6.688983083,2.685248502
1.4835382,9.421318733,-3.295102533,1.587929959,47.9822701,-12.4310655,34.2756058,13.69229039,6.7300152,2.688481218
1.484552067,9.461641667,-3.300519367,1.588346307,48.18763263,-12.45150099,34.33248566,13.84077307,6.74118356,2.717635792
1.485522433,9.499964833,-3.302152733,1.588748788,48.38281046,-12.45766301,34.34963695,14.01879961,6.744551215,2.752591303
1.486543333,9.5398214,-3.308038633,1.58917908,48.58579781,-12.47986809,34.41144227,14.15998163,6.756686691,2.780312394
1.4875284,9.582218567,-3.328440333,1.589535891,48.8017243,-12.5568353,34.62567183,14.16167857,6.798750664,2.780645588
1.488549633,9.619155633,-3.328654467,1.590009779,48.9898428,-12.55764314,34.62792035,14.34754855,6.799192161,2.817141157
1.4895138,9.662880867,-3.3482689,1.59032601,49.21253306,-12.63164032,34.83388315,14.36427601,6.839632957,2.820425594
1.4905363,9.698358067,-3.341421767,1.590822797,49.39321654,-12.60580891,34.76198433,14.61685831,6.825515622,2.870020129
1.4915095,9.739153267,-3.350361833,1.591191481,49.6009843,-12.6395361,34.85586015,14.73075024,6.843948141,2.89238281
1.492494,9.789045667,-3.3865683,1.591436658,49.85508361,-12.77612819,35.23604882,14.60466088,6.918598187,2.867625165
1.4935213,9.821747867,-3.362427167,1.591979366,50.02163416,-12.68505363,34.98255308,15.02470718,6.868824296,2.950101255
1.4945252,9.873370733,-3.410815167,1.592218301,50.28454664,-12.86760164,35.49065483,14.77951791,6.968590077,2.901958341
1.495522,9.914590933,-3.426571633,1.592604287,50.49447891,-12.9270443,35.65610677,14.82399823,7.001076565,2.910692053
1.496518233,9.945792733,-3.389300033,1.593138161,50.653388,-12.7864339,35.26473359,15.37428051,6.924230441,3.018739977
1.497518567,9.981926867,-3.388473433,1.593603047,50.8374172,-12.78331548,35.25605382,15.56698948,6.922526167,3.056578384
1.4984935,10.04067437,-3.454612033,1.59370744,51.13661506,-13.03282919,35.95054706,15.1716941,7.058889915,2.978962136
1.499517167,10.0727625,-3.427702833,1.594255614,51.3000382,-12.93131185,35.66798502,15.61767928,7.003408859,3.066531326
1.5005755,10.12466293,-3.463976833,1.59454487,51.56436432,-13.06815873,36.04888283,15.50110758,7.078198144,3.043642474
1.5016501,10.1731962,-3.4776097,1.594900288,51.81154163,-13.11958992,36.19203575,15.60513198,7.10630622,3.064067665
1.502602133,10.20870913,-3.469834433,1.595326078,51.9924071,-13.09025704,36.11039099,15.86764221,7.090275271,3.115611547
1.5036144,10.25711427,-3.502132733,1.595621062,52.23893184,-13.21210523,36.44954167,15.77501627,7.156867507,3.097424445
1.504595833,10.29103863,-3.4803,1.596099793,52.41170682,-13.12973931,36.22028544,16.17704747,7.111853047,3.176363271
1.505618733,10.34162943,-3.526925733,1.596373021,52.66936304,-13.30563901,36.70988239,15.94510675,7.207985407,3.13082171
1.506607167,10.3744401,-3.506584333,1.596875255,52.836466,-13.22889928,36.49628602,16.32580608,7.16604576,3.205572024
1.507617733,10.422353,-3.529297033,1.597175832,53.08048383,-13.31458495,36.7347824,16.33132753,7.212874525,3.20665616
1.508567067,10.45739807,-3.520569633,1.597605856,53.25896647,-13.28166006,36.64313969,16.60145288,7.194880479,3.259695272
1.5096024,10.494301,-3.522947233,1.59809435,53.44691113,-13.29062977,36.66810586,16.76443137,7.199782585,3.291696099
1.510604267,10.542578,-3.552734633,1.598380832,53.6927833,-13.40300537,36.98089065,16.69751875,7.261197878,3.278557806
1.511613667,10.58392533,-3.5571755,1.598777533,53.90336304,-13.41975893,37.02752229,16.86146685,7.270354002,3.310749015
1.512596733,10.623463,-3.5662822,1.599174717,54.10472625,-13.45411476,37.12314787,16.96720449,7.289130084,3.331510601
1.5136208,10.66299233,-3.577926067,1.599613025,54.30604702,-13.49804228,37.24541515,17.04625798,7.313137264,3.347032754
1.514607433,10.70607633,-3.589662067,1.599961226,54.52547152,-13.54231738,37.36864988,17.14244774,7.337334404,3.365919614
1.515631733,10.74925167,-3.6062785,1.600345739,54.74536117,-13.60500434,37.54313196,17.18785531,7.371593961,3.37483539
1.516621567,10.78968133,-3.6069336,1.600736472,54.95126729,-13.60747576,37.55001089,17.38688251,7.372944638,3.41391438
1.517634067,10.826443,-3.6083993,1.601204225,55.13849249,-13.61300524,37.56540158,17.55871701,7.3759666,3.447654085
1.518619567,10.87666367,-3.653533833,1.601445539,55.39426364,-13.78327926,38.03934007,17.34054967,7.469024423,3.404816928
1.519620933,10.91124933,-3.6331229,1.601934404,55.57040659,-13.70627721,37.82501356,17.73101912,7.426941413,3.481485605
1.520625267,10.952117,-3.64838,1.602333146,55.77854342,-13.76383597,37.98522186,17.77894765,7.458398313,3.490896372
1.5216221,10.99129,-3.649277467,1.602749501,55.9780494,-13.76722174,37.99464578,17.96902972,7.460248699,3.528218986
1.5226221,11.035366,-3.6676042,1.603096368,56.2025261,-13.83636096,38.18708699,18.00106521,7.498034531,3.534509154
1.523600267,11.077949,-3.6714495,1.603443526,56.41939903,-13.8508677,38.22746485,18.17756028,7.505962723,3.569163962
1.524595,11.11517367,-3.6723976,1.603886652,56.60898226,-13.85444449,38.23742044,18.35718792,7.507917504,3.604433847
1.525619367,11.15513033,-3.6744236,1.604318927,56.81247942,-13.86208775,38.2586946,18.53941091,7.512094686,3.640213332
1.526624133,11.197569,-3.689134167,1.604694823,57.02861727,-13.91758466,38.41316399,18.60107937,7.54242475,3.652321935
1.5275988,11.24409333,-3.706109767,1.604980077,57.26556319,-13.98162661,38.59141753,18.65977176,7.577424832,3.663846186
1.528606,11.292042,-3.7404793,1.605276758,57.50976318,-14.11128872,38.95231735,18.54307193,7.648287511,3.640932173
1.529626533,11.32487167,-3.7194767,1.60581081,57.67696291,-14.03205455,38.731778,18.93081101,7.60498461,3.717064741
1.5305927,11.37542967,-3.7530965,1.606027791,57.93445208,-14.15888822,39.08480519,18.835273,7.674301498,3.698305853
1.531625233,11.41459733,-3.7411848,1.606479925,58.13393091,-14.11395028,38.9597255,19.1598315,7.649742102,3.762032916
1.532611667,11.45387533,-3.751034733,1.606884324,58.33397165,-14.15111002,39.06315545,19.2564423,7.670050573,3.781002445
1.533714,11.50751733,-3.778038767,1.607191772,58.60716747,-14.25298512,39.34671329,19.24608028,7.725727155,3.778967863
1.534799833,11.556998,-3.787748033,1.607544385,58.85916985,-14.28961419,39.44866616,19.39612979,7.745745601,3.808430083
1.535794533,11.599236,-3.798293667,1.607913188,59.07428571,-14.32939852,39.55940136,19.50051045,7.767488458,3.828925227
1.536833867,11.63884033,-3.798652833,1.608365651,59.27598846,-14.33075351,39.56317282,19.69844174,7.768228983,3.867789035
1.537820033,11.67757433,-3.801221867,1.608777844,59.47325864,-14.34044542,39.59014914,19.86873559,7.773525784,3.901226234
1.538840967,11.72650267,-3.832875567,1.609073741,59.72244801,-14.4598618,39.92253115,19.78554296,7.838788992,3.88489136
1.5398201,11.767509,-3.834465733,1.609445229,59.93129106,-14.46586084,39.93922881,19.97768835,7.842067578,3.922619107
1.5408519,11.81091867,-3.8525639,1.60983377,60.15237416,-14.53413777,40.12926995,20.00873032,7.879382154,3.928714197
1.5418323,11.84708733,-3.844190133,1.610278211,60.33657924,-14.502547,40.04134059,20.28086474,7.862117225,3.982147793
1.5428399,11.88259067,-3.836413533,1.610759711,60.51739581,-14.47320909,39.95968183,20.54334007,7.846083528,4.033684824
1.5438171,11.92549933,-3.849408233,1.611101076,60.73592734,-14.52223274,40.09613364,20.6254198,7.872875839,4.049801179
1.544834733,11.97246167,-3.873559233,1.611422806,60.97510398,-14.61334453,40.34973299,20.61099709,7.922670073,4.046969279
1.5458237,12.00885733,-3.871483167,1.611872449,61.16046516,-14.60551238,40.3279331,20.81815816,7.918389664,4.087645354
1.546810433,12.04439833,-3.868860533,1.612332524,61.34147356,-14.59561826,40.30039394,21.02670571,7.912982351,4.128593667
1.547825267,12.09279067,-3.900341967,1.612630264,61.58793311,-14.71438475,40.63096705,20.94259216,7.977890381,4.11207797
1.548802733,12.141647,-3.9311065,1.612883761,61.83675579,-14.83044667,40.9540123,20.86836959,8.041320316,4.097504369
1.5498191,12.176458,-3.9129974,1.613384287,62.01404635,-14.76212849,40.76385636,21.23581608,8.003983197,4.169652487
1.5507989,12.21500133,-3.9107283,1.613792939,62.21034547,-14.75356811,40.74002951,21.45594206,7.999304795,4.212874223
1.551804533,12.25575267,-3.9114429,1.614194705,62.41788982,-14.75626401,40.74753322,21.6559827,8.000778148,4.252152203
1.5528011,12.29238067,-3.9024396,1.614648506,62.60443426,-14.72229826,40.65299341,21.93706695,7.982215256,4.307343096
1.553812067,12.325396,-3.906109033,1.61517024,62.77257958,-14.73614152,40.69152456,22.06668111,7.989780848,4.332792837
1.5548432,12.371879,-3.920493767,1.615512573,63.009315,-14.7904092,40.84257251,22.15236858,8.019439113,4.349617571
1.555839,12.413865,-3.932466967,1.61588621,63.22314744,-14.83557916,40.96829798,22.24047556,8.044125309,4.366917376
1.5568428,12.45612333,-3.935325,1.616263812,63.43836686,-14.84636134,40.99830897,22.42568399,8.050017967,4.403283051
1.557849367,12.49739067,-3.937973033,1.616658866,63.64853917,-14.85635128,41.02611484,22.60805043,8.055477649,4.439090702
1.558844167,12.536469,-3.9359285,1.61707459,63.84756303,-14.8486381,41.00464607,22.82854306,8.051262256,4.482384429
1.559837233,12.57774833,-3.944040867,1.617455966,64.05779645,-14.87924272,41.08983057,22.95359198,8.067988233,4.506937785
1.560834533,12.627496,-3.971172033,1.617716088,64.31115865,-14.98159744,41.37472339,22.92206136,8.123926937,4.500746748
1.561887167,12.67069567,-3.987366667,1.618128575,64.53117223,-15.04269313,41.54477633,22.972022,8.157316832,4.51055652
1.562820767,12.706469,-3.983595767,1.618532074,64.71336389,-15.02846707,41.50517971,23.19381028,8.149542037,4.554104648
1.563831733,12.74745433,-3.982148833,1.618935706,64.92209999,-15.02300839,41.48998608,23.41774001,8.146558767,4.59807325
1.564812633,12.80009167,-4.028431633,1.619136608,65.1901791,-15.19761434,41.97598203,23.19982317,8.241984072,4.555285279
1.5658429,12.84345667,-4.031972467,1.619524278,65.41103472,-15.21097245,42.01316281,23.383498,8.249284519,4.591349833
1.566858867,12.885888,-4.048270933,1.619911483,65.62713522,-15.27245985,42.18430606,23.42845525,8.282888496,4.600177189
1.567813,12.92341967,-4.0469566,1.62030946,65.81828198,-15.26750141,42.17050481,23.63340327,8.28017862,4.640418732
1.5688283,12.96651933,-4.047057933,1.620686094,66.03778627,-15.2678837,42.17156887,23.8518435,8.280387547,4.683309471
1.569806133,13.00880667,-4.066009667,1.6210373,66.25315338,-15.33938079,42.37057294,23.86820654,8.319461997,4.686522354
1.570810433,13.061237,-4.1091222,1.62126467,66.52017825,-15.50202663,42.82327927,23.68252508,8.408350885,4.650063799
1.571796033,13.098846,-4.0982658,1.621692967,66.71171887,-15.46106991,42.70928084,23.98806412,8.385967294,4.710056391
1.572832067,13.141141,-4.1152339,1.622102259,66.92712503,-15.52508356,42.88745563,24.0252955,8.420951913,4.717366772
1.573819633,13.17817933,-4.108867033,1.622540979,67.11575927,-15.501064,42.82059988,24.2807855,8.407824786,4.767532232
1.574797,13.208341,-4.080013633,1.6230714,67.26937102,-15.39221199,42.51762262,24.7373745,8.348335202,4.857183482
1.575831033,13.26773967,-4.146653033,1.623225244,67.57188524,-15.64361502,43.21737455,24.34013679,8.485731493,4.779185858
1.576849167,13.30203933,-4.1269888,1.623735114,67.7465716,-15.56942996,43.01088882,24.72130888,8.44518802,4.854028998
1.577901133,13.342626,-4.137673133,1.624185654,67.95327731,-15.60973755,43.12308045,24.81582296,8.467216847,4.872586838
1.578816167,13.389517,-4.154429367,1.624405841,68.19209065,-15.67295192,43.29903051,24.87868624,8.501764641,4.884930043
1.579815967,13.42527633,-4.1361889,1.624875747,68.37421102,-15.60413815,43.10749515,25.25234197,8.464156673,4.958297345
1.5808192,13.464752,-4.137216333,1.625294017,68.57525847,-15.60801424,43.11828379,25.44260078,8.466275022,4.995654663
1.5818439,13.505146,-4.1413691,1.625720145,68.78098294,-15.62368091,43.16189022,25.60471882,8.474837145,5.02748654
1.582874467,13.547282,-4.147352833,1.626126326,68.99557932,-15.64625508,43.22472285,25.75648257,8.487174332,5.057285352
1.5838493,13.58487567,-4.155619333,1.626544084,69.18704185,-15.67744118,43.31152585,25.8611421,8.5042181,5.077835251
1.584849267,13.617119,-4.1342435,1.627066258,69.35125541,-15.59679896,43.08706733,26.24981418,8.460145671,5.154151014
1.585808433,13.66457433,-4.167229833,1.627322216,69.59294287,-15.72124282,43.43344276,26.14512622,8.528156485,5.133595533
1.5868176,13.713066,-4.192341233,1.627612817,69.83990833,-15.81597779,43.69712686,26.12840756,8.579930859,5.130312825
1.587805767,13.75137067,-4.183769067,1.628033372,70.03499194,-15.78363854,43.60711419,26.41350384,8.562256872,5.186291479
1.5888586,13.78749067,-4.178360867,1.628550967,70.21894916,-15.76323562,43.55032499,26.65425026,8.551106312,5.233562039
1.589804567,13.83778133,-4.2013498,1.62875171,70.47507682,-15.84996341,43.79172198,26.66898094,8.598504611,5.236454407
1.590789267,13.88103933,-4.207242633,1.629095399,70.69538749,-15.87219464,43.85360011,26.82741348,8.610654382,5.267562636
1.591781733,13.91837133,-4.2142565,1.629534667,70.88551736,-15.89865507,43.92724973,26.94389372,8.625115485,5.290433533
1.592813867,13.958534,-4.213830633,1.629971657,71.09006366,-15.89704845,43.92277789,27.15291187,8.624237439,5.331474246
1.5938087,13.999668,-4.221742533,1.630356953,71.29955691,-15.92689679,44.00585738,27.27932563,8.640550096,5.356295588
1.5948265,14.03814667,-4.225597067,1.630804563,71.4955267,-15.94143836,44.04633219,27.43482061,8.648497325,5.386827026
1.595842933,14.08914233,-4.254825333,1.631065326,71.75524489,-16.05170458,44.35324576,27.38762523,8.708759804,5.377560214
1.596780433,14.13260433,-4.268699733,1.631358791,71.97659452,-16.10404698,44.49893492,27.4632857,8.737365871,5.392416147
1.597826767,14.16590267,-4.2393112,1.631911699,72.14618114,-15.99317614,44.19033846,27.94146878,8.676772956,5.486307395
1.5988116,14.223445,-4.299274467,1.632043851,72.43924115,-16.21939286,44.81998715,27.6048801,8.800404478,5.420218207
1.599814767,14.253696,-4.2744402,1.632598748,72.59330787,-16.1257034,44.55921311,28.01972086,8.749201494,5.501672191
1.600832833,14.30914133,-4.3263344,1.632795207,72.87568797,-16.32147885,45.10413198,27.75718209,8.856196314,5.450122704
1.601834933,14.33245867,-4.265822533,1.633451783,72.9944419,-16.09319249,44.46872266,28.51134533,8.731433695,5.598202656
1.602812067,14.377443,-4.285332133,1.633762324,73.22354469,-16.16679418,44.67358466,28.53558613,8.771658347,5.602962337
1.603840767,14.42374367,-4.303920733,1.634104925,73.4593515,-16.23692132,44.86877562,28.57620198,8.809984093,5.610937258
1.6048285,14.46928733,-4.3249281,1.634417777,73.69130295,-16.31617346,45.08936502,28.58756402,8.853296822,5.613168196
1.605823767,14.50758733,-4.313040733,1.634845502,73.88636279,-16.27132732,44.96454085,28.90744803,8.828787596,5.675977422
1.606830233,14.54723233,-4.315357367,1.635264496,74.08827264,-16.28006703,44.98886683,29.08503191,8.833564002,5.710846016
1.607832267,14.58985267,-4.327219333,1.635634967,74.30533571,-16.32481734,45.11342429,29.17753752,8.858020858,5.729009493
1.6088277,14.626873,-4.318880767,1.63608182,74.49387828,-16.29335936,45.02586455,29.45363983,8.840828505,5.78322218
1.609800233,14.67222733,-4.3372655,1.636382278,74.72486546,-16.3627174,45.2189148,29.49157676,8.878733921,5.790671097
1.610792567,14.70893233,-4.326985133,1.636830704,74.91180205,-16.3239338,45.11096505,29.7864631,8.857537988,5.84857203
1.611814833,14.751378,-4.342862367,1.637223997,75.12797555,-16.38383207,45.27768511,29.83591654,8.890273471,5.858282213
1.612813467,14.80202167,-4.381868133,1.637472176,75.38590103,-16.53098477,45.68726804,29.68425909,8.970695079,5.828504273
1.6138143,14.836998,-4.364504,1.637954718,75.56403361,-16.46547704,45.50493467,30.04472504,8.934893923,5.899281761
1.614811367,14.86687167,-4.333689133,1.638509107,75.71617859,-16.34922524,45.1813609,30.52044379,8.871360212,5.992689139
1.615842933,14.919298,-4.367328833,1.638763802,75.98318309,-16.47613398,45.53459704,30.43421215,8.94071813,5.975757555
1.616783833,14.963151,-4.381951233,1.639054874,76.20652406,-16.53129827,45.68814063,30.50400953,8.970866413,5.989462271
1.6177967,14.99818067,-4.363196367,1.639548659,76.38492827,-16.46054388,45.49120377,30.8793506,8.932197861,6.06316049
1.6188596,15.038864,-4.378843867,1.6400087,76.59212631,-16.51957546,45.6555115,30.9222409,8.964459683,6.071582001
1.6198594,15.07628033,-4.378800633,1.640454053,76.78268568,-16.51941236,45.65505753,31.11325425,8.964370545,6.109087473
1.620845867,15.117472,-4.378647867,1.640830127,76.99247263,-16.51883603,45.65345339,31.32464534,8.964055573,6.150594112
1.621841933,15.162415,-4.395611933,1.641160214,77.22136491,-16.58283447,45.83158582,31.37540519,8.999031876,6.160560809
1.6228117,15.20818867,-4.406342733,1.641451691,77.45448773,-16.62331736,45.94426538,31.49584846,9.021156506,6.184209845
1.623836367,15.26214367,-4.446592633,1.641676834,77.72927765,-16.77516367,46.36691241,31.34799133,9.104143253,6.155178099
1.624782567,15.29042867,-4.410543267,1.642203898,77.87333164,-16.63916425,45.98837338,31.87058435,9.029817114,6.257789237
1.6258361,15.33839667,-4.4489317,1.642546625,78.11763008,-16.783988,46.39147396,31.71178222,9.108965911,6.22660844
1.626834433,15.377095,-4.4413084,1.642971514,78.31471861,-16.75522843,46.31142493,31.98891978,9.093248286,6.281024399
1.627801833,15.41815133,-4.445227533,1.643330527,78.52381631,-16.77001371,46.35257808,32.15686433,9.101328706,6.314000312
1.6287864,15.45721967,-4.434680167,1.643736167,78.72278924,-16.73022283,46.24182468,32.46659065,9.079582276,6.374815075
1.629832667,15.49620133,-4.436908667,1.64420479,78.92132077,-16.73863005,46.26522521,32.64172166,9.08417697,6.409202048
1.630784067,15.53832467,-4.4430042,1.644531992,79.13585264,-16.76162599,46.32923181,32.79224694,9.096744665,6.438757686
1.631780433,15.56729633,-4.420234767,1.645099047,79.28340379,-16.67572629,46.09013969,33.17889019,9.049798929,6.514675089
1.632845,15.61868967,-4.449093667,1.64540205,79.54514727,-16.78459904,46.3931747,33.13759867,9.109299852,6.506567499
1.6338135,15.66598267,-4.4634994,1.645669747,79.78600798,-16.83894594,46.54444316,33.22719091,9.139001415,6.524158936
1.634869267,15.71435667,-4.490701033,1.646008691,80.03237416,-16.9415665,46.83007592,33.18792434,9.195085407,6.516448945
1.635815867,15.757868,-4.491553533,1.646310526,80.25397504,-16.94478264,46.83902766,33.40057349,9.19684308,6.558202604
1.636828333,15.79368,-4.4850271,1.646792319,80.43636364,-16.92016109,46.77049636,33.65149337,9.183386961,6.607470724
1.637831533,15.82843867,-4.4655904,1.647280453,80.61338766,-16.84683442,46.56639986,34.03261389,9.143312613,6.682303738
1.638860533,15.87595367,-4.492448967,1.64760536,80.855379,-16.94816074,46.84843022,33.99257488,9.198689274,6.674442077
1.6398852,15.91648633,-4.492723867,1.6480294,81.06180969,-16.94919782,46.85131683,34.19611896,9.199256059,6.714407959
1.640929433,15.96068833,-4.502133033,1.648418633,81.2869281,-16.98469473,46.95011848,34.32243573,9.218655763,6.739210255
1.641894233,16.00198367,-4.5059444,1.648771505,81.49724302,-16.99907345,46.99014001,34.49272911,9.226513991,6.77264736
1.6428825,16.04837433,-4.539378767,1.64907234,81.73350819,-17.12520756,47.34122004,34.37791425,9.295448555,6.750103463
1.6439138,16.085678,-4.5238822,1.649550862,81.92349376,-17.06674539,47.1784972,34.73062266,9.263497926,6.819357759
1.644926067,16.11818367,-4.5031225,1.650081448,82.08904337,-16.98842759,46.96050844,35.11416103,9.220695833,6.894665518
1.645886167,16.16998067,-4.548555067,1.650274003,82.35284271,-17.15982596,47.43757646,34.90089236,9.314368137,6.852790214
1.646914733,16.21076867,-4.543660167,1.65069816,82.56057381,-17.14135952,47.3861772,35.16002271,9.304275893,6.903670458
1.647884567,16.250733,-4.5423015,1.651075788,82.76411001,-17.13623383,47.37191042,35.37782569,9.301474611,6.946436074
1.648921933,16.276463,-4.497742,1.651731879,82.89515152,-16.96812917,46.90401011,35.97676751,9.209602385,7.0640383
1.6498863,16.32066733,-4.532104967,1.652041211,83.12028181,-17.0977665,47.26484097,35.84106694,9.280451524,7.037393493
1.65084,16.36742433,-4.5411126,1.65230205,83.3584127,-17.13174859,47.35942629,35.98461251,9.299023351,7.065578666
1.651895067,16.39980333,-4.512984133,1.652877314,83.52331721,-17.02563147,47.06406125,36.44488205,9.241028427,7.155952591
1.652875467,16.450614,-4.553767367,1.653104785,83.7820932,-17.17948982,47.4923086,36.2754107,9.325114793,7.122676892
1.653871267,16.48947933,-4.5454882,1.653524665,83.98003226,-17.14825593,47.4053726,36.56028576,9.308044909,7.178612108
1.654869367,16.52817367,-4.5452757,1.65394938,84.17710042,-17.14745426,47.40314123,36.75958529,9.30760678,7.217744572
1.655897933,16.567987,-4.544959667,1.654387979,84.37986758,-17.14626199,47.39982269,36.96567099,9.306955186,7.258209499
1.6568741,16.61377567,-4.557670267,1.654685634,84.6130668,-17.19421386,47.53329129,37.06540162,9.333161744,7.277791607
1.6578952,16.67169767,-4.6095978,1.654848427,84.90806044,-17.39011506,48.07856017,36.81512636,9.44022529,7.228650061
1.658925467,16.70081967,-4.563996933,1.655447154,85.05637722,-17.21808176,47.59972491,37.4422784,9.346205987,7.351791364
1.659935233,16.73627433,-4.553787867,1.655931542,85.23694593,-17.17956716,47.49252386,37.73004817,9.32515706,7.408294958
1.6608807,16.78365533,-4.583726867,1.656174901,85.47825482,-17.29251468,47.80690053,37.65698038,9.38688492,7.393948098
1.6618952,16.82342833,-4.588593667,1.656600031,85.68081657,-17.31087511,47.85800472,37.80843794,9.396919228,7.42368679
1.662864967,16.85798,-4.576548933,1.6570578,85.85678635,-17.26543529,47.73152812,38.11088433,9.372085545,7.483072139
1.663880733,16.886097,-4.5404807,1.657656919,85.99998472,-17.1293647,47.35279097,38.63281985,9.297720508,7.585554177
1.664884633,16.937767,-4.581467967,1.657895156,86.26313725,-17.28399278,47.78318079,38.46558257,9.382227548,7.552717137
1.665905,16.98248733,-4.591479467,1.658252842,86.49089551,-17.32176205,47.88830728,38.58821433,9.402869134,7.576795883
1.666910533,17.01339,-4.562305133,1.658800449,86.64828113,-17.2116993,47.58196004,39.05194719,9.342717855,7.66784983
1.6678823,17.07645567,-4.619571033,1.658837688,86.96947118,-17.42773997,48.18328485,38.77181244,9.460787979,7.612845372
1.668915833,17.11311667,-4.602015033,1.659327966,87.15618369,-17.36150841,47.99893677,39.14287301,9.424591236,7.685703116
1.669847433,17.142875,-4.5736078,1.659818597,87.30774128,-17.25433961,47.70064453,39.59272285,9.366021553,7.774031131
1.670863167,17.18911467,-4.597046067,1.660149136,87.54323742,-17.34276254,47.94675977,39.58210374,9.414346282,7.77194607
1.6718986,17.22891567,-4.589186533,1.660594785,87.74594177,-17.31311176,47.86423017,39.8673377,9.398141593,7.827951758
1.672880667,17.27945333,-4.628570233,1.660827967,88.00332739,-17.46169025,48.27778161,39.71117188,9.479342419,7.797288599
1.673889467,17.315032,-4.621782467,1.661309551,88.18452763,-17.4360828,48.20650616,39.96364756,9.465347485,7.846862199
1.674887833,17.35323033,-4.616214567,1.661741882,88.37906969,-17.4150774,48.14804002,40.21665577,9.453867658,7.89654036
1.675902033,17.396625,-4.619292267,1.662113045,88.60007639,-17.4266883,48.18035764,40.40534486,9.460213222,7.933589463
1.676879733,17.432904,-4.610963333,1.662553151,88.78484339,-17.39526666,48.09289906,40.67757043,9.44304073,7.987040955
1.677893233,17.47509833,-4.624988533,1.662941401,88.99973686,-17.44817797,48.2401717,40.74519126,9.471957714,8.000318304
1.6789141,17.516955,-4.625243967,1.663342022,89.21291062,-17.44914161,48.2428539,40.95568282,9.472484363,8.041648321
1.6799297,17.566527,-4.640909967,1.663623047,89.46537815,-17.50824298,48.40735589,41.04364836,9.504784328,8.058920356
1.680926533,17.60386833,-4.6322263,1.664066544,89.65555556,-17.47548308,48.31617241,41.32500925,9.486880452,8.114165566
1.681916633,17.64023067,-4.626725333,1.664517815,89.84074697,-17.4547302,48.2584091,41.56796397,9.475538627,8.161869725
1.682894867,17.68551767,-4.6549465,1.664824971,90.07139122,-17.56119704,48.55474754,41.50226978,9.533724679,8.148970672
1.683936,17.72839267,-4.657641733,1.665230768,90.28975129,-17.57136505,48.58304903,41.69232836,9.539281678,8.186288673
1.684927033,17.77193867,-4.663520333,1.665576522,90.51152873,-17.59354259,48.64477771,41.85237712,9.551402103,8.217714248
1.685884233,17.81492867,-4.654492667,1.665896682,90.73047449,-17.55948492,48.54998203,42.16611856,9.532788971,8.27931738
1.686892667,17.85000867,-4.635990167,1.666385288,90.90913505,-17.4896826,48.35569516,42.53906598,9.494640746,8.352545606
1.687862433,17.91689033,-4.714969133,1.66636398,91.24975978,-17.78763773,49.18501962,42.05036626,9.657478603,8.256589415
1.688885167,17.95190033,-4.6954449,1.666867924,91.42806383,-17.71398084,48.98000397,42.43368596,9.61722378,8.331854238
1.689887967,17.99509933,-4.707272533,1.667230586,91.64807402,-17.75860163,49.10420091,42.52949921,9.641609848,8.35066717
1.690898833,18.03704333,-4.705952467,1.667619913,91.86169256,-17.75362156,49.09033945,42.75697921,9.638888151,8.395332867
1.691883067,18.08246733,-4.730416133,1.667931038,92.09303455,-17.8459129,49.34722198,42.73143866,9.689327036,8.390317982
1.692881133,18.11941967,-4.724892467,1.668381533,92.2812308,-17.82507438,49.28922031,42.97763658,9.677938409,8.438658943
1.693869667,18.15593467,-4.720423233,1.668828975,92.46719973,-17.80821381,49.2422908,43.21053503,9.668723799,8.484388553
1.6948926,18.20251833,-4.719785833,1.669161616,92.70444784,-17.80580916,49.23559773,43.4544762,9.667409615,8.532286403
1.695860267,18.24220467,-4.720081767,1.669541197,92.9065682,-17.80692559,49.2387052,43.6534891,9.668019767,8.571362584
1.696893367,18.281912,-4.728722733,1.669985901,93.10879552,-17.8395244,49.32944031,43.76498131,9.685835605,8.59325408
1.697908267,18.32212333,-4.729241067,1.670404936,93.31358968,-17.84147986,49.33488311,43.96433267,9.686904298,8.63239672
1.698870733,18.36866367,-4.753205933,1.670677752,93.5506171,-17.93188944,49.58652796,43.94971524,9.736314764,8.629526587
1.699883667,18.405049,-4.731978567,1.671151516,93.73592564,-17.85180732,49.36362843,44.35792331,9.692548442,8.709678243
1.700913067,18.447636,-4.749133267,1.671549847,93.95281895,-17.91652494,49.54376262,44.39468243,9.72791779,8.716895894
1.701884633,18.46776333,-4.676182133,1.67222316,94.05532637,-17.64131035,48.77773387,45.2632186,9.577508046,8.887432972
1.702884467,18.51530333,-4.716109267,1.67251853,94.29744504,-17.79193898,49.19699168,45.08607946,9.659829315,8.852651702
1.703892333,18.56069667,-4.734431433,1.672853743,94.52863085,-17.86106098,49.38938494,45.12487201,9.697605732,8.860268619
1.704914,18.60391133,-4.725643333,1.673235041,94.74872082,-17.82790709,49.29710484,45.43724208,9.679486536,8.921602482
1.705930433,18.65443867,-4.7494634,1.673502743,95.00605382,-17.9177704,49.54722921,45.44445071,9.728598455,8.923017896
1.706880233,18.704497,-4.766234267,1.673710762,95.26099822,-17.98103998,49.72333293,45.52329139,9.763176421,8.938498264
1.707884267,18.750173,-4.778193767,1.674037953,95.49362363,-18.02615825,49.84891454,45.63033519,9.78783437,8.959516315
1.708842333,18.78590767,-4.772313933,1.674466492,95.67561837,-18.00397606,49.78717292,45.87407155,9.775711402,9.007373949
1.709860633,18.83135167,-4.796679,1.674811387,95.90706222,-18.09589542,50.04302009,45.84966822,9.825946996,9.002582356
1.710858733,18.873653,-4.797919433,1.675182652,96.12250064,-18.10057507,50.05604536,46.05208138,9.828504506,9.042326179
1.7119304,18.90688067,-4.781841267,1.67576194,96.29172736,-18.03991876,49.88721538,46.39013807,9.79535474,9.108703611
1.712879167,18.93846233,-4.768438967,1.676242719,96.45257109,-17.9893574,49.74648354,46.69171364,9.767722044,9.167917974
1.713875167,18.984433,-4.7927421,1.67655751,96.68669722,-18.08104312,50.00168039,46.67064294,9.817829944,9.163780741
1.714843167,19.013023,-4.7398448,1.677101854,96.83230456,-17.88148338,49.44622839,47.37170227,9.708766945,9.30143374
1.715862933,19.05063367,-4.7412378,1.677564293,97.02385366,-17.8867386,49.46085569,47.54862407,9.711639015,9.336172336
1.716870833,19.09138067,-4.746801667,1.677968391,97.23137594,-17.90772878,49.51927948,47.69772256,9.723110526,9.365447825
1.7179044,19.144537,-4.769211767,1.678214269,97.50209829,-17.99227286,49.75459839,47.73312601,9.769315393,9.372399291
1.718897133,19.190526,-4.7950384,1.678525522,97.7363178,-18.08970612,50.02579285,47.69615105,9.822564427,9.365139258
1.719904267,19.22000833,-4.768722067,1.679095777,97.88646974,-17.99042542,49.74945626,48.12263958,9.768305736,9.448880282
1.7208899,19.27392533,-4.800321767,1.67928245,98.16106612,-18.10963808,50.08127123,48.06542099,9.833457607,9.437645411
1.721902367,19.32636133,-4.831249367,1.679517902,98.42811985,-18.22631519,50.40602878,48.00771718,9.89722375,9.426315268
1.7229169,19.36075133,-4.8073066,1.680022833,98.60326628,-18.13598898,50.15461599,48.43427638,9.84785885,9.510070168
1.723861267,19.40152,-4.808326733,1.680363076,98.81089891,-18.13983753,50.16532798,48.63119703,9.849962148,9.548735536
1.7248661,19.44111367,-4.797183533,1.680781197,99.01254732,-18.09779882,50.04831798,48.94985544,9.826987236,9.611304115
1.7259254,19.48696367,-4.822871167,1.681161077,99.24605891,-18.19470769,50.31805287,48.91363214,9.879949681,9.60419167
1.726871433,19.52613967,-4.829946067,1.681526587,99.44558017,-18.22139837,50.39234338,49.03886289,9.894536622,9.628780729
1.7278959,19.557043,-4.813247667,1.682093118,99.60296919,-18.15840218,50.2170006,49.37159469,9.860108068,9.694112617
1.728864,19.59598133,-4.798436167,1.682484217,99.80128003,-18.10252449,50.06147135,49.72543477,9.8295699,9.763589118
1.7298836,19.62745467,-4.7702254,1.683037434,99.96157202,-17.99609688,49.76524212,50.181956,9.77140529,9.853227061
1.730873,19.67962967,-4.811683633,1.683253688,100.2272965,-18.15250173,50.20057735,50.01234524,9.856883363,9.819923988
1.731883367,19.71565567,-4.783779467,1.683730209,100.410775,-18.04723079,49.90756759,50.48883348,9.799350897,9.913482454
1.732886133,19.75476067,-4.802951633,1.684153505,100.6099346,-18.11955949,50.10888634,50.4866744,9.838879833,9.913058518
1.7338748,19.78403033,-4.763904733,1.684708444,100.7590035,-17.97225161,49.69887149,51.04575809,9.758373418,10.0228346
1.734872833,19.825166,-4.768843633,1.685096915,100.9685052,-17.99088404,49.75073278,51.20339854,9.768556381,10.0537873
1.735840233,19.876075,-4.798895667,1.685309929,101.227782,-18.10425799,50.06629637,51.14711175,9.830517292,10.04273539
1.7368883,19.91712267,-4.7861452,1.685749737,101.4368356,-18.05615573,49.93240915,51.49005253,9.804228537,10.11007181
1.737836433,19.96866467,-4.837452767,1.685934104,101.6993362,-18.24971806,50.47116803,51.21379428,9.910013844,10.05582851
1.738899667,19.996624,-4.788937567,1.686583027,101.8417316,-18.06669018,49.9617306,51.8656271,9.809985804,10.18381588
1.739893333,20.03011133,-4.768233467,1.687080467,102.0122808,-17.98858214,49.74432568,52.25358121,9.767298347,10.25999067
1.740871467,20.08833467,-4.810369633,1.687195827,102.3088091,-18.14754455,50.1867796,52.1076556,9.854174174,10.23133818
1.7419191,20.127625,-4.799392867,1.687661244,102.5089127,-18.10613373,50.07151725,52.4230215,9.831542412,10.29326027
1.742899367,20.17539467,-4.827519267,1.687933643,102.752201,-18.21224306,50.36686059,52.37096651,9.889533076,10.28303928
1.7438543,20.21984867,-4.851074533,1.688229843,102.9786028,-18.30110738,50.6142044,52.35002454,9.938099034,10.27892732
1.744861733,20.253278,-4.823938367,1.688741909,103.1488566,-18.19873379,50.32925908,52.80522365,9.882150021,10.36830566
1.745889667,20.304306,-4.849504133,1.689013692,103.4087395,-18.29518291,50.5977143,52.7966513,9.934861202,10.36662248
1.746911333,20.35625433,-4.859395967,1.689265571,103.6733096,-18.33250072,50.70158422,52.95735144,9.955256062,10.39817596
1.747889733,20.39861333,-4.851443,1.689616281,103.8890417,-18.30249745,50.61807351,53.25659427,9.938858734,10.45693228
1.748864433,20.431289,-4.840591767,1.690106783,104.0554571,-18.26156022,50.50412934,53.53695386,9.916485795,10.51198089
1.749842067,20.48286867,-4.883178867,1.690320091,104.3181496,-18.42222382,50.95131832,53.35245735,10.00429135,10.475755
1.7508699,20.51125033,-4.836644167,1.690927355,104.4626959,-18.24666755,50.46267727,53.98564469,9.908346682,10.60008134
1.751870867,20.57824333,-4.901669833,1.690935598,104.8038876,-18.49198262,51.14548407,53.64402964,10.0424158,10.53300522
1.752886033,20.613085,-4.888244467,1.691434469,104.9813344,-18.44133424,51.00451002,53.96245043,10.01473554,10.59552714
1.7538412,20.63671433,-4.847389367,1.692039488,105.1016773,-18.28720476,50.57550804,54.51179534,9.930501003,10.70339102
1.754873367,20.67020067,-4.856272067,1.692575443,105.2722214,-18.32071553,50.66878148,54.58906599,9.948815244,10.71856311
1.755872967,20.72212167,-4.8861246,1.69280566,105.5366522,-18.43333685,50.98225021,54.54002813,10.01036483,10.70893452
1.7569139,20.75995267,-4.859138467,1.693286001,105.7293235,-18.33152928,50.69888032,55.01606926,9.954725152,10.8024052
1.7579069,20.80499533,-4.876555,1.693611544,105.9587234,-18.39723469,50.88176392,55.06258555,9.990634345,10.81153867
1.758889567,20.83060467,-4.829028267,1.694214723,106.0891503,-18.21793589,50.38270595,55.69207047,9.892644314,10.93513804
1.7598808,20.882241,-4.869160967,1.694440792,106.3521314,-18.36934005,50.80412232,55.53363517,9.975389418,10.90402927
1.7609039,20.92443,-4.8802551,1.694838721,106.5669977,-18.41119365,50.92061709,55.63200672,9.998263165,10.92334452
1.761908933,20.96815467,-4.877491467,1.695195828,106.7896851,-18.4007676,50.89159735,55.88371383,9.99256514,10.97276721
1.762886333,21.00265,-4.856514333,1.695662065,106.965368,-18.32162951,50.67132542,56.27966864,9.949314746,11.05051294
1.7638619,21.05254367,-4.892540933,1.69589829,107.2194737,-18.45754304,51.04962539,56.15547444,10.02359394,11.02612741
1.7648959,21.07459567,-4.8364037,1.696605517,107.3317834,-18.24576037,50.46015223,56.85725725,9.907850891,11.16392246
1.765878,21.114411,-4.8466193,1.69699762,107.5345607,-18.28429962,50.56742189,56.95276494,9.928913289,11.1826754
1.766903933,21.15837833,-4.8394823,1.69737203,107.758484,-18.25737466,50.4924793,57.2516308,9.91419831,11.24135771
1.767911433,21.202561,-4.858495233,1.697724817,107.9835039,-18.32910263,50.69212601,57.27700404,9.953398941,11.24633974
1.7688745,21.24616,-4.8604781,1.698041819,108.2055513,-18.33658317,50.71294724,57.47823017,9.957487191,11.28585049
1.769840233,21.294323,-4.885496,1.698293857,108.4508429,-18.43096541,50.97564955,57.46081944,10.00906879,11.2824319
1.770863333,21.31580167,-4.831062,1.698998679,108.5602326,-18.22560833,50.40406132,58.14179736,9.89683744,11.41614191
1.771855967,21.35865033,-4.864424867,1.699356366,108.7784585,-18.35147269,50.75439056,58.00969408,9.965624586,11.39020343
1.7728824,21.40069533,-4.857122267,1.699759763,108.9925915,-18.32392299,50.67770907,58.30050849,9.950568176,11.44730484
1.773889733,21.42883733,-4.820667267,1.700350079,109.1359172,-18.18639328,50.29491066,58.8266326,9.875405707,11.55060931
1.7748605,21.483438,-4.8634383,1.700511755,109.4139954,-18.34775078,50.74403104,58.65559047,9.963590495,11.51702519
1.775866667,21.52861533,-4.856997967,1.700848468,109.6440811,-18.32345406,50.67640385,58.9533034,9.950311895,11.57548112
1.7768935,21.55800767,-4.833784767,1.701439756,109.7937747,-18.23588021,50.43265193,59.34674889,9.902451207,11.65273414
1.777908033,21.59610833,-4.839993,1.701889701,109.9878194,-18.25930132,50.49784194,59.47560353,9.915251265,11.67803475
1.778857067,21.63784467,-4.845717733,1.702220272,110.2003803,-18.28089838,50.55795493,59.62805145,9.92705445,11.7079679
1.779927567,21.68449167,-4.8614707,1.702599541,110.4379509,-18.34032784,50.72337011,59.70020692,9.959533722,11.72213563
1.780886667,21.71631433,-4.841468333,1.703087082,110.6000221,-18.26486714,50.51333379,60.07231438,9.918293089,11.79519893
1.781865333,21.75078267,-4.816050533,1.703554986,110.7755674,-18.16897625,50.24643231,60.51476123,9.865886984,11.88207337
1.782916467,21.80339267,-4.852488533,1.703826526,111.0435073,-18.30644182,50.62905221,60.40008123,9.941014401,11.85955595
1.783893633,21.849042,-4.8552135,1.704127246,111.2759969,-18.316722,50.65766592,60.60395712,9.946632704,11.89958698
1.784890867,21.88089067,-4.847240133,1.704652535,111.4382005,-18.28664177,50.573941,60.84988559,9.930193315,11.94787504
1.785880367,21.91830433,-4.827856067,1.705087627,111.6287463,-18.21351366,50.37039718,61.24397521,9.890227486,12.02525453
1.786887767,21.97482933,-4.8794842,1.705257421,111.9166251,-18.40828536,50.9125222,60.98972898,9.996673733,11.97533328
1.787886733,22.000882,-4.8423691,1.70587033,112.0493099,-18.26826536,50.52279236,61.51214365,9.920150279,12.07790941
1.788875767,22.02492833,-4.793785567,1.706503037,112.1717766,-18.08497969,50.01263738,62.1447653,9.819981351,12.20212467
1.789842267,22.07630367,-4.8257413,1.70670824,112.4334284,-18.20553552,50.34819092,62.07086358,9.885867286,12.18761406
1.790858033,22.14705133,-4.869492833,1.706675644,112.7937425,-18.37059204,50.80760711,61.97176145,9.976073657,12.16815536
1.7918512,22.20441867,-4.9150222,1.706818723,113.0859112,-18.5423556,51.28569158,61.78584573,10.06994554,12.13165081
1.792885067,22.23914967,-4.896522833,1.707337934,113.2627943,-18.47256511,51.09143762,62.15698281,10.03180378,12.20452357
1.793866167,22.27301667,-4.8801433,1.707817181,113.4352771,-18.41077187,50.91944312,62.50146012,9.998032658,12.27216169
1.794854367,22.31559533,-4.881048033,1.708174436,113.652128,-18.41418506,50.92894334,62.70881076,9.999898026,12.31287499
1.795864633,22.36752967,-4.920086067,1.708415123,113.9166268,-18.56145949,51.33886509,62.56338778,10.08038616,12.28432119
1.796882333,22.404337,-4.915424167,1.7088874,114.1040845,-18.54387206,51.28991246,62.79979818,10.07077431,12.33074037
1.797884767,22.44778467,-4.919491433,1.709246011,114.3253612,-18.55921618,51.3326211,62.97836618,10.07916015,12.3658022
1.7988743,22.48221033,-4.894080467,1.709725413,114.5006892,-18.46335106,51.06579137,63.42052397,10.02676814,12.45261988
1.799890233,22.525766,-4.9041028,1.710095924,114.7225159,-18.5011612,51.17103162,63.5371104,10.04743206,12.47551163
1.800874067,22.57819933,-4.935149367,1.710302783,114.9895561,-18.61828712,51.49703838,63.47814378,10.11144349,12.46393353
1.801890333,22.61743067,-4.9209671,1.710737707,115.1893591,-18.56478326,51.34811644,63.82686879,10.08220266,12.53240569
1.802900633,22.65189233,-4.907352633,1.711237342,115.3648706,-18.51342149,51.20515673,64.14533992,10.05413252,12.59493749
1.803852933,22.69363767,-4.9114604,1.711571046,115.5774773,-18.5289184,51.24829064,64.31481275,10.06260187,12.62821348
1.8048617,22.729944,-4.9075686,1.712041813,115.7623835,-18.51423624,51.20742451,64.54058509,10.0545778,12.67254388
1.8058791,22.78270967,-4.932405333,1.712277314,116.0311162,-18.60793501,51.46822446,64.54851785,10.10578587,12.67410148
1.806875,22.810552,-4.900574367,1.712860637,116.1729157,-18.48784988,51.13398104,65.02456077,10.04015718,12.76757251
1.807887767,22.851689,-4.919686467,1.713263822,116.3824242,-18.55995196,51.33466906,65.03338128,10.07956227,12.76930441
1.808864967,22.88619533,-4.908702367,1.713729695,116.5581631,-18.51851347,51.21932971,65.32445954,10.05691539,12.82645763
1.809847167,22.911787,-4.868756767,1.71433267,116.6885001,-18.36781517,50.79987799,65.87424823,9.974556044,12.93440864
1.810828433,22.943791,-4.858555133,1.71483969,116.8514948,-18.32932861,50.69275499,66.14436589,9.953522442,12.98744624
1.811869133,23.00074433,-4.902555633,1.715036437,117.141555,-18.49532438,51.15478548,65.97239566,10.04424213,12.95367989
1.812874067,23.03052767,-4.858275867,1.715600031,117.29324,-18.32827505,50.68982253,66.58904353,9.952946654,13.0747587
1.813832533,23.08118,-4.895430233,1.715807914,117.5512096,-18.46844318,51.07996469,66.45687098,10.02955107,13.04880662
1.8148465,23.130216,-4.9099479,1.716095249,117.8009473,-18.52321236,51.23240852,66.55416486,10.05948341,13.06791027
1.815825333,23.16534067,-4.887918133,1.716553594,117.9798353,-18.44010312,51.00108333,66.96437809,10.01406271,13.14845564
1.816837067,23.195504,-4.868855933,1.717118357,118.1334556,-18.36818928,50.8009193,67.31816236,9.974760504,13.21792118
1.817854,23.24401533,-4.891158567,1.717416433,118.3805212,-18.45232794,51.03510974,67.33103753,10.0207438,13.22044922
1.818898933,23.28251967,-4.8892406,1.717890796,118.5766217,-18.44509224,51.01496999,67.54727778,10.01678936,13.26290799
1.819878933,23.31203333,-4.837969633,1.718433453,118.7269332,-18.25166799,50.47659543,68.23596387,9.911079513,13.3981315
1.820916,23.352075,-4.849448533,1.718877169,118.9308633,-18.29497315,50.59713047,68.31935889,9.934746567,13.41450612
1.821862133,23.39411167,-4.8556749,1.719200389,119.1449537,-18.31846267,50.66251089,68.46806895,9.947584013,13.44370534
1.822859867,23.44751233,-4.883169833,1.719406813,119.4169205,-18.42218974,50.95122346,68.4513231,10.00427273,13.44041729
1.823853233,23.48890767,-4.893106,1.71978677,119.6277447,-18.4596748,51.05555891,68.55781186,10.02475899,13.46132636
1.824903333,23.52748167,-4.879118433,1.720265268,119.8242,-18.40690547,50.90868144,68.90114465,9.9959196,13.52873975
1.825878267,23.55837133,-4.841777333,1.720782467,119.9815194,-18.26603287,50.51657847,69.45056703,9.918930182,13.63661884
1.826859333,23.60774367,-4.8690513,1.721031918,120.23297,-18.36892632,50.80297076,69.41562537,9.975163309,13.62975804
1.827864333,23.65068433,-4.865883833,1.721400609,120.4516645,-18.35697677,50.76971054,69.6675801,9.968632665,13.67922935
1.828860333,23.69897267,-4.852876333,1.721681057,120.6975944,-18.30790483,50.63312433,70.0500962,9.941813963,13.75433639
1.829855567,23.76054633,-4.916978367,1.721763871,121.0111858,-18.54973542,51.30623246,69.69057945,10.07397874,13.68374528
1.830861067,23.80133167,-4.940210833,1.722165,121.2189033,-18.63738195,51.55018668,69.65434274,10.12187916,13.6766302
1.831877767,23.84713333,-4.942482167,1.722502996,121.4521687,-18.64595076,51.57403699,69.86375786,10.12656216,13.71774886
1.832817467,23.89761367,-4.938382967,1.722694661,121.7092624,-18.63048616,51.53099303,70.16389544,10.11811048,13.77668087
1.8338649,23.94271433,-4.9738924,1.723073778,121.9389576,-18.76444864,51.90386245,70.02072129,10.19132339,13.74856862
1.834869,23.97590767,-4.943112233,1.723586008,122.1080095,-18.64832774,51.58065305,70.51298256,10.12786123,13.84522413
1.8358254,24.01693067,-4.944475633,1.723934516,122.3169374,-18.65347128,51.59496953,70.70759401,10.13067227,13.88343608
1.8368395,24.05911833,-4.956518033,1.724323465,122.531797,-18.6989023,51.72142164,70.79600142,10.15550114,13.90079488
1.8379059,24.08989233,-4.9335003,1.724933845,122.6885273,-18.61206587,51.47972223,71.19443116,10.10804346,13.97902656
1.838867733,24.11971233,-4.9046499,1.725453796,122.8403989,-18.50322519,51.17677648,71.64924856,10.04856006,14.06832996
1.839902967,24.17482,-4.945297233,1.725672426,123.1210593,-18.65657084,51.6035968,71.50308863,10.13236623,14.03963145
1.840875333,24.2169,-4.9348254,1.726021237,123.3353705,-18.61706493,51.49363654,71.82736007,10.11077554,14.10330215
1.841840733,24.25178333,-4.918097533,1.726469724,123.5130295,-18.55395757,51.31798435,72.18067121,10.07628623,14.17267479
1.842819533,24.296273,-4.9398281,1.726789261,123.7396129,-18.63593805,51.54616776,72.17907127,10.12109004,14.17236064
1.843867267,24.32539433,-4.9279105,1.727405465,123.8879263,-18.59097785,51.42102613,72.45252629,10.09651848,14.22605354
1.8449341,24.36643367,-4.9098722,1.727864164,124.0969374,-18.52292677,51.23161363,72.85094991,10.05932734,14.30428402
1.845945667,24.402496,-4.913771033,1.728341347,124.280601,-18.53763547,51.27255362,72.99367345,10.0673659,14.33230778
1.846902233,24.43877967,-4.903029767,1.72876025,124.4653917,-18.49711309,51.15976415,73.29125368,10.04521969,14.39073766
1.847924233,24.487577,-4.9245464,1.729059155,124.7139139,-18.57828649,51.38570115,73.31383888,10.08958242,14.39517226
1.848909833,24.52116467,-4.898555467,1.729547042,124.8849741,-18.4802334,51.11278144,73.75781877,10.03599464,14.48234772
1.849870267,24.57410967,-4.929787467,1.729722918,125.1546202,-18.59805888,51.44073535,73.6995109,10.10038839,14.47089896
1.8509265,24.59721567,-4.885694367,1.730436759,125.2722978,-18.43171376,50.97773251,74.28019136,10.00947778,14.58491557
1.851904133,24.64105733,-4.896070167,1.730764732,125.495581,-18.47085738,51.08668436,74.39452276,10.03087047,14.60736454
1.852905633,24.67964367,-4.869829833,1.731194447,125.6920991,-18.37186341,50.81114581,74.86657943,9.976768479,14.70005287
1.8539159,24.719088,-4.890247967,1.731620214,125.892987,-18.44889262,51.02554792,74.85306519,10.01886633,14.69739935
1.854877767,24.74570267,-4.866059133,1.732187696,126.0285341,-18.35763811,50.7715513,75.24260888,9.968994097,14.77388625
1.855848633,24.81488033,-4.939774533,1.732133465,126.3808522,-18.63573597,51.54560528,74.82087304,10.1209796,14.69107842
1.856847167,24.84795,-4.893098533,1.732641961,126.5492743,-18.45964663,51.05548051,75.47941985,10.0247436,14.82038409
1.857891667,24.883327,-4.864454767,1.733162233,126.7294474,-18.35158549,50.75470452,75.96036899,9.965686233,14.91481845
1.8589175,24.920974,-4.880882567,1.7336302,126.9211816,-18.41356082,50.92720585,75.97960181,9.999556868,14.91859482
1.8599522,24.95748667,-4.8670583,1.734123843,127.1071386,-18.36140755,50.78204312,76.31072159,9.971054166,14.98361018
1.860892533,25.00451067,-4.8743596,1.734367359,127.3466293,-18.38895235,50.85871096,76.47354446,9.986107896,15.01558045
1.861899233,25.06620033,-4.918617267,1.734459921,127.6608115,-18.55591831,51.32344185,76.32299573,10.07735781,14.98602021
1.862901367,25.09393133,-4.8906059,1.735051128,127.802044,-18.45024295,51.02930643,76.75836364,10.01960432,15.0715047
1.863898933,25.12058267,-4.876856967,1.735653766,127.9377778,-18.39837389,50.88493474,77.03846914,9.991256936,15.12650342
1.864932533,25.16256867,-4.868877267,1.736065203,128.1516102,-18.36826977,50.80114331,77.33609301,9.974804489,15.18494186
1.865940967,25.21258233,-4.8804979,1.736332517,128.4063271,-18.41210963,50.92316663,77.46878661,9.998763767,15.21099625
1.8669708,25.268937,-4.923956067,1.736527269,128.6933384,-18.57605941,51.37950231,77.29946222,10.08836528,15.17774941
1.867875467,25.30864767,-4.923128933,1.736843489,128.8955827,-18.57293897,51.37081693,77.51039188,10.0866599,15.21916545
1.868926967,25.35042833,-4.926034733,1.737275869,129.1083694,-18.58390136,51.4013295,77.69266601,10.09265105,15.25495497
1.869870267,25.38462133,-4.9201959,1.737712486,129.2825125,-18.56187384,51.3400184,77.92812022,10.08061261,15.3011864
1.870960833,25.42322933,-4.903477833,1.738230947,129.479141,-18.49880346,51.16446911,78.30029798,10.04614351,15.37426351
1.8718536,25.47285267,-4.938145667,1.738388378,129.73187,-18.62959093,51.52850125,78.18899481,10.11762122,15.35240913
1.872929633,25.502783,-4.889734267,1.739020894,129.8843035,-18.44695464,51.02015378,78.84977586,10.01780719,15.48215349
1.873896133,25.550154,-4.9103489,1.739285435,130.1255615,-18.52472517,51.23661925,78.87456834,10.06031019,15.48702149
1.874887033,25.59198367,-4.906336167,1.739656489,130.3385977,-18.50958678,51.19448325,79.12974059,10.05203679,15.53712457
1.875881933,25.62527267,-4.8951815,1.740158101,130.5081368,-18.46750481,51.07735285,79.41641008,10.02903823,15.59341212
1.876914633,25.64428967,-4.839810533,1.740909001,130.6049894,-18.25861295,50.49592594,80.09468955,9.914875058,15.72659229
1.8778802,25.71563967,-4.945483033,1.74081728,130.9683711,-18.65727179,51.60554781,79.3484494,10.13274931,15.58006804
1.878911833,25.73779567,-4.8703254,1.741520598,131.0812104,-18.37373298,50.81634954,80.25048698,9.977790233,15.75718312
1.879918567,25.79224333,-4.894121333,1.741720508,131.3585095,-18.46350524,51.06622049,80.27791507,10.02685239,15.76256862
1.880917567,25.83422867,-4.8977294,1.742097355,131.5723385,-18.47711699,51.10410726,80.45385735,10.03429146,15.79711489
1.881883667,25.86650267,-4.885636167,1.742585208,131.7367083,-18.4314942,50.97712138,80.74521298,10.00935778,15.85432257
1.882919433,25.911832,-4.9035155,1.742949269,131.9675681,-18.49894556,51.16486463,80.78832959,10.04622117,15.86278851
1.883888267,25.945874,-4.9065107,1.743413657,132.1409422,-18.51024522,51.19631595,80.93025234,10.05239664,15.89065505
1.88495,25.965948,-4.8458042,1.744177927,132.243178,-18.28122458,50.55886288,81.66994122,9.927232726,16.03589296
1.885927567,26.00978933,-4.870973933,1.744505838,132.4664596,-18.37617963,50.82315951,81.62892614,9.979127371,16.02783965
1.886926167,26.05226433,-4.885056333,1.74487503,132.6827824,-18.42930672,50.97103279,81.69737575,10.00816229,16.04127973
1.8878767,26.08930833,-4.870684467,1.745276633,132.8714455,-18.37508759,50.82011995,82.0369517,9.978530552,16.10795547
1.888883467,26.114168,-4.833368933,1.745915021,132.9980545,-18.23431144,50.42828544,82.55539515,9.901593847,16.20975184
1.889881233,26.16610467,-4.863393767,1.746143172,133.2625651,-18.34758278,50.74356342,82.50462783,9.963498677,16.19978367
1.890893767,26.20623967,-4.856730467,1.746560972,133.4669705,-18.32244489,50.67359494,82.7790017,9.949760367,16.25365698
1.8919079,26.228504,-4.804873767,1.747245185,133.5803616,-18.12681091,50.12906985,83.43691785,9.842842864,16.38283882
1.892886767,26.28507667,-4.872821167,1.747385739,133.8684832,-18.38314848,50.84255652,83.01155273,9.982935974,16.29931838
1.8939027,26.30749767,-4.827858433,1.74806943,133.9826721,-18.21352259,50.37042203,83.59787617,9.890232366,16.41444299
1.894866767,26.35035267,-4.821994933,1.748398457,134.2009303,-18.19140202,50.30885192,83.87770449,9.878143074,16.46938728
1.895864433,26.40389667,-4.8531812,1.748602691,134.473627,-18.30905497,50.63632561,83.82292752,9.942442533,16.45863182
1.896881967,26.431468,-4.8185126,1.749211663,134.6140463,-18.17826461,50.27228542,84.32738703,9.870963242,16.55768244
1.897912,26.47784133,-4.831957367,1.749554521,134.8502232,-18.22898618,50.41346318,84.42238616,9.898683496,16.57633552
1.898917033,26.52133333,-4.835932733,1.749915076,135.0717257,-18.2439836,50.45520681,84.60214495,9.906879858,16.61163116
1.8998478,26.55789067,-4.815446667,1.750304123,135.2579102,-18.1666981,50.24009136,85.00344493,9.864641939,16.69042641
1.9009015,26.59415433,-4.8205519,1.750820456,135.4425991,-18.18595805,50.29369924,85.13452596,9.875167846,16.71616417
1.901915333,26.63403767,-4.828348333,1.751243285,135.6457228,-18.21537078,50.37556626,85.25578261,9.891242436,16.73997292
1.902886367,26.664737,-4.8005352,1.751759406,135.8020728,-18.11044328,50.08351241,85.70418652,9.833897661,16.82801702
1.903887367,26.71571033,-4.833244833,1.752005066,136.0616773,-18.23384326,50.42698232,85.62032106,9.901337979,16.81155004
1.904931667,26.77424233,-4.850116733,1.752182019,136.3597776,-18.297494,50.60414695,85.74125676,9.936124254,16.83529576
1.905869467,26.81002067,-4.848820533,1.752589644,136.5419947,-18.29260397,50.59053611,85.93708473,9.933451764,16.87374659
1.906882567,26.82704233,-4.796312,1.753350511,136.6286852,-18.09451088,50.03916638,86.57514489,9.82519032,16.9990297
1.907862167,26.87534467,-4.829266367,1.753614351,136.8746864,-18.21883414,50.38520614,86.47510632,9.893135225,16.97938713
1.908861833,26.90048,-4.7552074,1.754241554,137.0026993,-17.93944015,49.6075445,87.38078086,9.740441363,17.15721632
1.909879367,26.96634867,-4.847009667,1.754283023,137.3381648,-18.28577231,50.57152097,86.75226997,9.929718142,17.03380821
1.9109034,26.99140767,-4.7802431,1.754935724,137.465789,-18.03388954,49.87043372,87.58098137,9.79205966,17.19652569
1.911905533,27.04047233,-4.8189106,1.755210801,137.7156727,-18.1797661,50.27646465,87.42483414,9.871783834,17.16586618
1.912858567,27.08526167,-4.817813233,1.755500131,137.9437824,-18.17562619,50.26494167,87.66446679,9.869521297,17.21291805
1.9138913,27.13446667,-4.8304014,1.755803728,138.1943808,-18.22311616,50.39712464,87.78288224,9.895475423,17.23616893
1.914895967,27.18517433,-4.8633588,1.756056992,138.4526322,-18.34745086,50.74319625,87.69506206,9.963426583,17.21892543
1.915934267,27.22310333,-4.862810133,1.756533247,138.6458026,-18.34538097,50.73743493,87.89399373,9.962295349,17.25798567
1.9168946,27.26278067,-4.852295067,1.756905628,138.8478771,-18.30571195,50.6270207,88.20648249,9.940615514,17.31934284
1.917899733,27.30962933,-4.863989067,1.757216543,139.0864748,-18.3498286,50.74981441,88.32228652,9.964726059,17.34208096
1.918920533,27.33606167,-4.842578733,1.75784566,139.2210933,-18.26905622,50.52499363,88.68172576,9.920582498,17.41265685
1.919897867,27.37787,-4.834537833,1.758203463,139.4340209,-18.23872122,50.44055956,88.97908742,9.90400387,17.47104381
1.920907433,27.409769,-4.813286933,1.75874034,139.5964808,-18.15855032,50.21741292,89.36469395,9.860189027,17.54675766
1.921899367,27.44887733,-4.8295482,1.759152753,139.7956574,-18.21989739,50.38816555,89.39311796,9.893716306,17.55233871
1.922907033,27.49197533,-4.835281367,1.759521779,140.0151532,-18.24152626,50.44836709,89.55241222,9.905536878,17.58361614
1.9239097,27.52392833,-4.811313967,1.760050955,140.1778881,-18.15110713,50.19669564,89.96681858,9.856121189,17.66498483
1.9248967,27.57945433,-4.8641974,1.760215153,140.4606791,-18.35061455,50.75200203,89.69430313,9.965155598,17.61147642
1.925881133,27.62344767,-4.840851633,1.760547678,140.6847347,-18.26254059,50.50685808,90.16350276,9.917021585,17.70360377
1.9269099,27.66114933,-4.821671033,1.761017769,140.8767473,-18.19018008,50.30545078,90.55692262,9.877475261,17.78085176
1.927894333,27.69892767,-4.823973967,1.76144239,141.0691503,-18.1988681,50.3296329,90.72514352,9.88222342,17.81388193
1.928884567,27.73378233,-4.824953067,1.761916135,141.2466633,-18.20256184,50.33991401,90.89237536,9.884242117,17.8467179
1.929868233,27.76217667,-4.7902142,1.762479045,141.3912741,-18.07150639,49.97513599,91.4017642,9.812617951,17.9467364
1.930883433,27.81416433,-4.839306233,1.762723875,141.6560445,-18.25671043,50.4906305,91.15104008,9.913835298,17.89750672
1.931869333,27.85036533,-4.819907333,1.763173336,141.8404142,-18.18352636,50.28693092,91.53910941,9.873838886,17.97370413
1.9328813,27.89269967,-4.8252473,1.763557979,142.0560207,-18.20367186,50.34300363,91.69864318,9.884848763,18.00502859
1.933855033,27.90971467,-4.77598,1.764279578,142.1426772,-18.01780662,49.82566872,92.30263457,9.783270053,18.1236223
1.934852667,27.93603133,-4.742319433,1.764887242,142.2767066,-17.89081915,49.47221346,92.7901192,9.713869113,18.2193399
1.9358636,27.987566,-4.7703819,1.765134518,142.5391698,-17.99668729,49.76688546,92.75791049,9.77172796,18.21301572
1.936899433,28.04433,-4.814606167,1.765329203,142.8282659,-18.16352724,50.23126563,92.58262632,9.862909006,18.17859868
1.937894533,28.07103667,-4.780359933,1.765928555,142.9642815,-18.0343303,49.87166053,93.07824704,9.792300546,18.27591381
1.938925633,28.12530367,-4.801169233,1.766155508,143.2406604,-18.11283523,50.09017012,93.13611636,9.835204903,18.28727645
1.939889967,28.16740933,-4.804506433,1.766495906,143.4551023,-18.12542511,50.12521263,93.31551575,9.842085501,18.32250152
1.940907033,28.19277767,-4.751611233,1.767137056,143.5843018,-17.92587329,49.56978269,94.00014525,9.733026831,18.45692852
1.941889433,28.23847867,-4.783013,1.767442244,143.8170546,-18.04433923,49.89951926,93.90316142,9.797770606,18.43788575
1.9428728,28.272138,-4.764406667,1.767926835,143.9884798,-17.97414519,49.70414208,94.26996377,9.759408298,18.50990739
1.9439205,28.31360133,-4.785132567,1.768360118,144.1996503,-18.05233548,49.92177592,94.26350046,9.802140702,18.50863832
1.944864367,28.34713767,-4.766628767,1.768807032,144.370449,-17.98252826,49.72747541,94.62859972,9.763989796,18.58032556
1.945900467,28.39428,-4.7900839,1.769144561,144.6105424,-18.07101483,49.97376776,94.62240074,9.8123493,18.57910838
1.946933767,28.43224867,-4.7733981,1.769615229,144.8039148,-18.00806617,49.79855729,94.99098359,9.777946724,18.65147963
1.947912167,28.467344,-4.754514067,1.770073574,144.9826534,-17.93682449,49.60026411,95.36801542,9.739011857,18.72550983
1.948937233,28.49860333,-4.739861833,1.77063543,145.1418555,-17.88154764,49.44640725,95.68107438,9.708802064,18.78697895
1.949898033,28.56452933,-4.793343867,1.770619316,145.4776131,-18.08331334,50.00799928,95.45523992,9.819070659,18.74263636
1.950881567,28.59402133,-4.7687359,1.771165827,145.6278143,-17.99047761,49.74960151,95.86383886,9.768334257,18.82286476
1.9519143,28.61803133,-4.735006967,1.771842772,145.7500959,-17.86323223,49.39542837,96.34029365,9.69879236,18.91641666
1.952918167,28.66151767,-4.765745633,1.772202244,145.9715695,-17.97919656,49.718202,96.23899358,9.762168963,18.89652639
1.953910933,28.71012167,-4.751554967,1.77247478,146.219107,-17.92566102,49.56919186,96.63554128,9.732910821,18.97438853
1.954915567,28.750982,-4.754535833,1.772873932,146.4272065,-17.9369066,49.60049267,96.81233995,9.739056736,19.00910295
1.955882867,28.79343533,-4.776527533,1.773212144,146.6434191,-18.01987224,49.83141813,96.79762703,9.784398951,19.00621407
1.956900533,28.81184833,-4.719014333,1.773956961,146.7371955,-17.80289861,49.22749654,97.49532504,9.665818946,19.14320707
1.957899567,28.84813167,-4.702622733,1.774418336,146.9219846,-17.74105985,49.05537534,97.85223531,9.632022948,19.2132864
1.9589278,28.88457867,-4.700649267,1.774906485,147.1076072,-17.73361477,49.03465281,98.05858046,9.627954079,19.25380227
1.9599002,28.92690633,-4.699888867,1.77525166,147.3231797,-17.73074609,49.02666817,98.28213763,9.626386295,19.29769772
1.960875133,28.97254433,-4.709809333,1.775550314,147.5556116,-17.76817193,49.13083876,98.41039892,9.646840191,19.32288183
1.961914333,29.01978667,-4.73689,1.775889461,147.7962142,-17.87033614,49.4152013,98.36663905,9.702674775,19.31428958
1.9629214,29.06237233,-4.718897833,1.776265479,148.0131008,-17.8024591,49.22627322,98.77245363,9.665578748,19.39397127
1.9639176,29.10858733,-4.731397967,1.77657685,148.2484713,-17.84961696,49.3575318,98.87656557,9.691351368,19.41441365
1.964899267,29.13533733,-4.7312727,1.777162126,148.3847076,-17.84914438,49.35621642,99.01411726,9.691093095,19.44142192
1.965898333,29.17742333,-4.723821633,1.777537549,148.5990493,-17.82103457,49.27797595,99.30669947,9.675730578,19.49887044
1.9668725,29.20973233,-4.7012186,1.77803295,148.7635973,-17.73576263,49.04063113,99.70859228,9.629127923,19.57778209
1.967867933,29.24967433,-4.7070101,1.778436509,148.9670198,-17.75761157,49.10144521,99.85120067,9.641068766,19.60578325
1.968894067,29.30701833,-4.7283246,1.7786129,149.2590697,-17.83802241,49.32525968,99.91943611,9.685014739,19.61918128
1.969895467,29.3362,-4.706321567,1.779181876,149.4076903,-17.75501402,49.09421521,100.2991012,9.639649157,19.69372853
1.970851133,29.380263,-4.723015,1.779484603,149.6321008,-17.81799147,49.26950584,100.3482211,9.674067471,19.70337321
1.971886733,29.420886,-4.711229667,1.779918238,149.8389916,-17.77353026,49.14575308,100.6788646,9.649768616,19.76829507
1.9728856,29.46693167,-4.7289346,1.780234784,150.0734997,-17.84032369,49.33166503,100.7274608,9.686272429,19.77783692
1.973909167,29.50206,-4.723463833,1.780737808,150.2524064,-17.81968474,49.27421884,100.9638137,9.67499287,19.82424481
1.9748918,29.53962367,-4.728072967,1.78116381,150.4437162,-17.8370731,49.32261739,101.1067249,9.684495924,19.85230543
1.975881567,29.556672,-4.6718,1.781900949,150.5305424,-17.62477836,48.73171896,101.7844495,9.568473017,19.98537667
1.976865767,29.602586,-4.683423067,1.78220478,150.7643799,-17.66862741,48.85376782,101.8962382,9.592437312,20.00732637
1.977901033,29.648223,-4.6794176,1.782563782,150.9968067,-17.65351643,48.81170813,102.1707247,9.584178891,20.06122179
1.978887667,29.69762833,-4.734737533,1.782818311,151.2484254,-17.86221577,49.39259916,101.8414524,9.698236845,19.99656917
1.9798994,29.726007,-4.701071867,1.78340952,151.3929565,-17.73520906,49.03909035,102.3394922,9.62882539,20.09435929
1.9808883,29.76274733,-4.705187133,1.783853989,151.580073,-17.75073427,49.08230301,102.4833961,9.637310196,20.12261482
1.9819058,29.802415,-4.706978333,1.78428368,151.7820983,-17.75749173,49.10111164,102.6666128,9.64100327,20.15858941
1.9828917,29.82555067,-4.651758533,1.784926748,151.899927,-17.54917016,48.52127206,103.364281,9.527151769,20.29557658
1.983903833,29.885844,-4.722085467,1.785045435,152.2069977,-17.81448473,49.2597452,102.9328786,9.672150971,20.21087071
1.984894167,29.91345733,-4.697151033,1.785626585,152.3476309,-17.72041737,48.99791935,103.3353377,9.620741464,20.28989355
1.985893933,29.952392,-4.675320467,1.786049405,152.5459231,-17.63805963,48.76868588,103.7628633,9.575731472,20.37383821
1.986907167,29.987712,-4.652208967,1.786539254,152.725806,-17.55086946,48.52600187,104.1854302,9.528080467,20.45680922
1.987885167,30.030293,-4.671696333,1.786886275,152.9426687,-17.62438727,48.7306304,104.1976644,9.568259279,20.45921141
1.988868933,30.07186,-4.705555433,1.787254088,153.1543672,-17.75212372,49.08617037,104.0538229,9.638069552,20.43096813
1.9898362,30.09359333,-4.632311,1.787899303,153.2650539,-17.47580262,48.3170618,104.9336182,9.487055085,20.60371593
1.9908983,30.13795767,-4.677258467,1.788303997,153.4909991,-17.64537091,48.78903599,104.6875892,9.579727216,20.55540813
1.991895167,30.16347767,-4.648122,1.7889227,153.6209711,-17.53545101,48.48308637,105.1235108,9.519654009,20.64100134
1.992881233,30.19541667,-4.623850967,1.789435484,153.7836347,-17.44388639,48.2282266,105.5410342,9.469612293,20.72298206
1.9939048,30.252454,-4.651029133,1.789613852,154.0741227,-17.54641843,48.51361294,105.5461359,9.525647901,20.72398378
1.994864933,30.29398667,-4.643425467,1.789958541,154.2856464,-17.51773293,48.43377008,105.8375024,9.509970755,20.7811936
1.9958603,30.329949,-4.622248467,1.790421006,154.4688006,-17.43784082,48.21139943,106.2430273,9.466308278,20.86081841
1.996861033,30.36238733,-4.637658267,1.790941057,154.6340073,-17.49597565,48.37321117,106.2464222,9.498080013,20.861485
1.997872167,30.39947767,-4.6381871,1.791402573,154.8229064,-17.49797072,48.37876422,106.4297682,9.499170355,20.897485
1.998896367,30.43030733,-4.606522733,1.791969929,154.9799202,-17.3785141,48.04627021,106.9192761,9.433885156,20.99359986
1.999918667,30.46224667,-4.586793267,1.792518941,155.1425855,-17.30408295,47.83909949,107.2891121,9.393207185,21.06621717
2.00088,30.50564833,-4.5981426,1.792837134,155.3636279,-17.34689931,47.958274,107.39098,9.4166071,21.08621892
2.001863733,30.56530633,-4.638058033,1.792936836,155.6674629,-17.49748381,48.37740895,107.27568,9.498904247,21.06357977
2.002862233,30.59661233,-4.635722333,1.793471433,155.8269026,-17.48867217,48.35288276,107.459646,9.49408853,21.09970149
2.0038978,30.62352833,-4.588995467,1.794108149,155.9639844,-17.31239094,47.86222386,108.0873866,9.397747654,21.22295836
2.0048906,30.678981,-4.632389233,1.794279233,156.2464018,-17.47609776,48.3178833,107.9141446,9.487216386,21.1889423
2.005725467,30.72072667,-4.652212167,1.794495499,156.4590103,-17.55088153,48.52603547,107.9186009,9.528087065,21.18981729
2.006328167,30.73903733,-4.6371778,1.794826865,156.5522655,-17.49416305,48.368166,108.1697256,9.497089393,21.23912562
2.006306233,30.744961,-4.641945533,1.794717153,156.5824344,-17.51214975,48.41822993,108.1498306,9.506919447,21.23521924
2.0061411,30.74183433,-4.649885967,1.794598352,156.5665105,-17.54210573,48.50160904,108.0505275,9.523290934,21.21572108
2.005640033,30.718365,-4.669722867,1.794445061,156.4469824,-17.61694219,48.70990787,107.7227007,9.564190409,21.15135228
2.0045437,30.652059,-4.635735667,1.794331272,156.1092895,-17.48872248,48.35302277,107.7418929,9.494116021,21.15512066
2.003579633,30.58998367,-4.603949567,1.794287059,155.7931432,-17.3688066,48.01925048,107.7595188,9.428579833,21.15858152
2.002628333,30.59677633,-4.682664233,1.793235103,155.8277379,-17.66576464,48.84579964,106.9675643,9.590872759,21.00308126
2.0016248,30.56073467,-4.7073188,1.792765647,155.6441796,-17.75877617,49.10468673,106.525119,9.64170524,20.91620711
2.000653333,30.50292967,-4.6904839,1.792650754,155.3497819,-17.69526502,48.92791063,106.4074973,9.606995251,20.8931121
1.999633467,30.442313,-4.655009433,1.792529125,155.0410644,-17.56143446,48.55540837,106.4712822,9.533854434,20.90563625
1.998619533,30.41046333,-4.726474767,1.791987151,154.8788558,-17.83104375,49.30583537,105.5586465,9.681200775,20.72644024
1.9976213,30.357032,-4.710817667,1.791780681,154.6067329,-17.77197596,49.14142684,105.4509321,9.64891916,20.70529052
1.996580567,30.29638033,-4.674085433,1.791638704,154.2978372,-17.63340036,48.75571732,105.527746,9.573185095,20.72037292
1.995605667,30.23572833,-4.675623433,1.791562566,153.9889398,-17.6392026,48.7718672,105.2026987,9.576356125,20.65654989
1.994622567,30.19853967,-4.697668233,1.79113054,153.7995399,-17.72236856,49.00335025,104.7818158,9.621807821,20.57390953
1.9936257,30.15497733,-4.6900376,1.790779194,153.5776793,-17.69358132,48.92322422,104.6400812,9.606075075,20.54607994
1.9926289,30.11508967,-4.7282381,1.790373463,153.3745336,-17.83769608,49.32435138,104.0358083,9.684836394,20.42743096
1.991635933,30.065446,-4.713424033,1.790116133,153.121701,-17.7818087,49.16879518,103.938532,9.654292935,20.40833075
1.9906546,30.013766,-4.685039067,1.789900611,152.8584976,-17.67472391,48.87073675,103.9733869,9.595769161,20.41517452
1.989576433,29.97669767,-4.727166033,1.789371735,152.6697106,-17.83365161,49.31309407,103.3422426,9.68262602,20.29124933
1.9886448,29.92073033,-4.6931416,1.789269444,152.3846719,-17.70529143,48.955818,103.41448,9.612474864,20.30543315
1.987637833,29.86559733,-4.681070033,1.789079457,152.1038825,-17.65975038,48.82905962,103.260449,9.587585857,20.27518916
1.9866834,29.82194633,-4.721163267,1.788771859,151.8815703,-17.81100565,49.25006157,102.6171348,9.67024959,20.14887443
1.985646,29.77851867,-4.7200141,1.788377984,151.6603956,-17.80667031,49.23799467,102.408027,9.667880253,20.1078161
1.9846022,29.73471833,-4.713,1.787983232,151.4373228,-17.780209,49.16434259,102.2586063,9.653418668,20.07847735
1.983617267,29.68092733,-4.706215367,1.787795392,151.1633681,-17.75461337,49.09310005,102.0558942,9.639430195,20.03867482
1.9826257,29.62041333,-4.6746071,1.787700542,150.8551736,-17.63536839,48.76119512,102.0796046,9.574260661,20.04333036
1.981612233,29.582165,-4.7167015,1.787253852,150.6603769,-17.79417324,49.20321046,101.4427925,9.661050375,19.91829231
1.9806437,29.53496,-4.7053358,1.786984818,150.4199643,-17.75129513,49.08386409,101.3217264,9.637616715,19.89452097
1.979623533,29.48672433,-4.711559767,1.786679423,150.1743027,-17.77477559,49.14921932,101.0107095,9.650449213,19.83345281
1.978616433,29.43324233,-4.683711667,1.786464837,149.9019217,-17.66971618,48.85679829,101.0307495,9.593032344,19.83738767
1.977617767,29.38584733,-4.6960147,1.786168486,149.6605415,-17.71613046,48.9859872,100.6601805,9.618398586,19.76462643
1.976594433,29.328906,-4.6759116,1.785988928,149.3705424,-17.64028973,48.77489312,100.5812754,9.576950263,19.74913342
1.975592267,29.28101067,-4.696806767,1.78569649,149.126614,-17.7191186,48.99430435,100.1179358,9.62003166,19.65815669
1.974642767,29.23364733,-4.674109933,1.785448836,148.8853951,-17.63349279,48.75597458,100.1150466,9.573235609,19.65758941
1.973584833,29.204733,-4.719065667,1.784819365,148.738136,-17.80309226,49.22803557,99.49572651,9.665924784,19.5359859
1.972619067,29.14229033,-4.686910667,1.784778894,148.4201188,-17.68178469,48.89038963,99.51535531,9.599628003,19.53984001
1.971601667,29.101677,-4.729364367,1.784363316,148.2132773,-17.84194502,49.33617783,98.86272558,9.687158517,19.41169617
1.970625,29.037629,-4.664152933,1.784335734,147.8870843,-17.59592913,48.65142037,99.22129002,9.55270639,19.48210029
1.9695882,28.97467,-4.646115933,1.784231882,147.5664375,-17.52788295,48.46202152,99.09004206,9.515517926,19.45632976
1.968631767,28.93569,-4.649340167,1.783853067,147.3679144,-17.54004665,48.49587782,98.85766272,9.52216561,19.41070207
1.967675067,28.90704533,-4.7071158,1.783320833,147.2220287,-17.75801034,49.10255512,98.10509967,9.641286697,19.26293632
1.966637967,28.84393233,-4.662692567,1.783218963,146.9005976,-17.59041976,48.63608568,98.25013799,9.549695424,19.29141459
1.9656535,28.79466933,-4.689390333,1.782964492,146.6497038,-17.69113945,48.91642755,97.71890231,9.604740549,19.18710647
1.964623767,28.74064,-4.6750504,1.782735383,146.3745353,-17.63704078,48.76585002,97.59431135,9.575174652,19.16264303
1.9636374,28.69112167,-4.646015,1.782482795,146.1223411,-17.52750217,48.46096167,97.64700549,9.515309823,19.17298953
1.962641333,28.66013067,-4.6769198,1.781945964,145.9645056,-17.64409326,48.78547979,97.16465187,9.579028958,19.07827939
1.96163,28.61741833,-4.7087633,1.781567556,145.7469739,-17.76422568,49.11985481,96.61274523,9.644683492,18.96991253
1.960648967,28.55946033,-4.694152633,1.781445364,145.451797,-17.70910565,48.96643443,96.47098863,9.6145594,18.94207862
1.959641333,28.52273833,-4.7005825,1.780981889,145.2647738,-17.73336289,49.03395172,96.21644817,9.62781642,18.8920996
1.958624733,28.465066,-4.6674223,1.780819897,144.9710517,-17.6082631,48.6857506,96.2709272,9.559447129,18.90279656
1.9576105,28.430136,-4.696246633,1.780323268,144.7931551,-17.71700545,48.98842263,95.79035855,9.618876784,18.8084369
1.956598367,28.38715267,-4.699575433,1.779948076,144.5742433,-17.72956364,49.02337694,95.53649243,9.625740062,18.75859029
1.9556466,28.350421,-4.727020267,1.779540611,144.3871709,-17.8331017,49.31156343,95.06123353,9.68232548,18.6652732
1.954627667,28.30506267,-4.737426467,1.779193813,144.1561633,-17.87236001,49.4208345,94.72095491,9.703780855,18.5984595
1.9536136,28.250472,-4.7281604,1.778988689,143.878136,-17.83740295,49.32353549,94.54022659,9.684676193,18.56297349
1.9526305,28.20258833,-4.727658233,1.778715145,143.634267,-17.83550848,49.31826245,94.30163069,9.683640832,18.51612519
1.951614933,28.153432,-4.7082572,1.778427993,143.3839165,-17.76231637,49.11454047,94.2550021,9.643640021,18.50696966
1.9506113,28.10775433,-4.732392967,1.778101227,143.1512826,-17.85337068,49.36797987,93.76892881,9.693402847,18.41152917
1.949639533,28.06022133,-4.721970733,1.77783382,142.9091996,-17.81405189,49.25854044,93.63628522,9.671914415,18.3854846
1.9486636,28.00957967,-4.715128767,1.777608312,142.6512843,-17.78823996,49.18669586,93.45021451,9.657807733,18.34894962
1.947647667,27.972723,-4.721905567,1.777138533,142.4635752,-17.81380604,49.25785615,93.1913452,9.671780055,18.29812063
1.946673933,27.932311,-4.7543818,1.776763638,142.2577591,-17.9363255,49.59887523,92.64450997,9.738739152,18.19074953
1.945658533,27.883054,-4.760379167,1.776478145,142.0068958,-17.95895109,49.66185102,92.33067093,9.751104448,18.12912724
1.9446193,27.82008433,-4.6987586,1.776372017,141.6861947,-17.72648206,49.01479972,92.6570211,9.624055925,18.19320609
1.943609567,27.78227267,-4.7094323,1.77592259,141.4936219,-17.76674954,49.12687969,92.35236834,9.646062828,18.13338752
1.942635467,27.752338,-4.7318247,1.775392071,141.3411663,-17.85122685,49.36201274,91.96477964,9.692231202,18.05728448
1.941620567,27.71329633,-4.757350933,1.774955704,141.1423292,-17.94752682,49.63005283,91.49790244,9.744860874,17.96561314
1.940663033,27.66095667,-4.762791967,1.774773757,140.8757661,-17.9680536,49.68718681,91.17420536,9.756079129,17.90205522
1.939612367,27.61423167,-4.760770333,1.774415477,140.6377981,-17.96042681,49.6659585,90.95746575,9.751910951,17.8594984
1.938616133,27.59486733,-4.765643133,1.773706191,140.5391766,-17.97880987,49.71712569,90.80767705,9.761957629,17.83008739
1.9376095,27.538805,-4.753729167,1.773530308,140.2536542,-17.93386338,49.59202221,90.64725808,9.73739356,17.79858912
1.936621433,27.48605567,-4.732957833,1.773323898,139.9850047,-17.85550169,49.37391129,90.59671948,9.694567482,17.78866587
1.9356335,27.439194,-4.7440125,1.773030377,139.7463407,-17.8972064,49.48999163,90.24197519,9.717359857,17.71901183
1.934628933,27.382282,-4.7167557,1.772869151,139.456491,-17.79437771,49.2037796,90.23833746,9.661162124,17.71829756
1.933629767,27.33652933,-4.7342442,1.772547963,139.2234751,-17.86035462,49.38741888,89.82168231,9.697219697,17.63648732
1.932635833,27.27639967,-4.7073881,1.772445051,138.9172379,-17.75903761,49.10541442,89.7974496,9.641848122,17.63172923
1.9316083,27.23256333,-4.728945767,1.772067099,138.6939818,-17.84036582,49.33178229,89.34782565,9.686295452,17.54344557
1.930628167,27.17342033,-4.706824467,1.771963366,138.3927697,-17.75691126,49.09949595,89.27889986,9.64068603,17.52991199
1.9296343,27.1227,-4.675994233,1.771721091,138.1344538,-17.64060148,48.77576081,89.34431907,9.577120636,17.54275705
1.9286205,27.07478067,-4.673727033,1.771417375,137.8904032,-17.63204826,48.75195391,89.12407538,9.572446151,17.4995122
1.927635167,27.02462933,-4.687393033,1.771175201,137.6349851,-17.68360446,48.89545475,88.72515649,9.600622541,17.42118448
1.926614833,26.97699467,-4.6902455,1.770860734,137.3923843,-17.69436564,48.92540729,88.45260316,9.606503721,17.36766863
1.925614833,26.92882267,-4.6770471,1.770574563,137.1470469,-17.64457351,48.78681652,88.34585652,9.579291423,17.34670893
1.9246377,26.89219667,-4.693546433,1.770140166,136.9605127,-17.7068187,48.96006898,87.98606981,9.613309545,17.27606481
1.923636233,26.84627667,-4.693240933,1.769819157,136.7266446,-17.70566618,48.95686106,87.75540964,9.612679668,17.23077468
1.922656,26.80192367,-4.696197,1.769496161,136.5007572,-17.7168182,48.98790145,87.4984818,9.61877445,17.1803269
1.9216383,26.75301933,-4.700203233,1.769203142,136.25169,-17.73193207,49.0299692,87.20734691,9.627034453,17.12316257
1.9206578,26.70505833,-4.702241267,1.768933344,136.0074272,-17.73962073,49.05136972,86.94168359,9.631236444,17.07099957
1.919628567,26.65576867,-4.699536333,1.768634501,135.7563976,-17.72941613,49.02296637,86.71905732,9.625659446,17.0272869
1.918657267,26.60432,-4.690001333,1.768425585,135.4943723,-17.6934445,48.9228434,86.557155,9.606000301,16.99549738
1.9176039,26.56534933,-4.7229657,1.767949698,135.2958968,-17.81780549,49.26898816,86.01253472,9.673965825,16.88856119
1.916637467,26.50863067,-4.680647833,1.767823741,135.0070317,-17.65815759,48.82462628,86.16803148,9.586715371,16.91909298
1.915623033,26.46592067,-4.709815033,1.767442199,134.7895119,-17.76819343,49.13089861,85.64423941,9.646851943,16.81624641
1.914632367,26.38677667,-4.619214067,1.767624314,134.3864358,-17.42639328,48.17953649,86.1925254,9.46005199,16.92390236
1.9136692,26.35844033,-4.6652705,1.767081045,134.2421204,-17.60014524,48.66315546,85.564591,9.555010575,16.80060744
1.912636633,26.326123,-4.697131633,1.766527367,134.0775299,-17.72034419,48.99771564,85.06544038,9.620701466,16.70259922
1.911620033,26.30003167,-4.709023933,1.765897397,133.9446482,-17.76520894,49.12259161,84.80768265,9.645220863,16.65198849
1.910666933,26.25708267,-4.704401367,1.76558073,133.7259112,-17.7477699,49.07405201,84.6374853,9.635690112,16.61857024
1.909651733,26.202916,-4.6905662,1.76536819,133.4500433,-17.69557551,48.92877482,84.50689457,9.607164936,16.59292875
1.908658467,26.15733633,-4.678356467,1.765050338,133.2179085,-17.64951321,48.80056562,84.40296898,9.581991059,16.57252296
1.9076955,26.10881567,-4.686081567,1.764806367,132.9707953,-17.67865683,48.8816836,84.07473785,9.597918575,16.50807478
1.9066442,26.07165567,-4.735963167,1.764305716,132.7815415,-17.86683958,49.40546901,83.36169855,9.700763841,16.36806951
1.905628033,26.02972333,-4.7201805,1.763910916,132.5679823,-17.80729807,49.23974196,83.31386648,9.668223334,16.35867768
1.904659367,25.98153033,-4.722331833,1.76365639,132.322538,-17.81541417,49.26233219,83.04583189,9.672658926,16.30604909
1.903634,25.940253,-4.722872433,1.763242684,132.1123147,-17.81745363,49.2680088,82.82993204,9.673773529,16.26365716
1.902649367,25.876114,-4.693888333,1.763208484,131.7856583,-17.70810855,48.96365913,82.80762523,9.61401447,16.25927721
1.9016328,25.83964467,-4.7309052,1.762732332,131.5999219,-17.84775795,49.35235746,82.23319054,9.690335388,16.14648696
1.900663067,25.784662,-4.692905267,1.76257735,131.3198981,-17.70439984,48.95333636,82.35218788,9.611987595,16.16985209
1.8996592,25.74333367,-4.714221,1.762185901,131.1094152,-17.78481533,49.17716379,81.91787747,9.655936111,16.08457524
1.898637667,25.71262767,-4.712630733,1.761619379,130.9530312,-17.77881591,49.16046508,81.77819217,9.652657318,16.05714803
1.897639667,25.67410967,-4.743433133,1.761192152,130.756861,-17.89502069,49.48390795,81.2585792,9.716165326,15.95512203
1.8966341,25.61907533,-4.745187133,1.761002102,130.4765741,-17.90163781,49.50232596,80.95987429,9.719781701,15.89647132
1.8956282,25.568867,-4.742668467,1.760740206,130.2208658,-17.89213591,49.47587851,80.73061339,9.714588746,15.85145594
1.894585033,25.53060733,-4.746143033,1.760263984,130.0260114,-17.90524402,49.51236345,80.49927402,9.721752564,15.80603245
1.893639533,25.48187433,-4.729399367,1.760040626,129.7778168,-17.84207706,49.33654535,80.42689757,9.687230679,15.79182134
1.892613333,25.41156,-4.676036967,1.760056367,129.4197097,-17.64076269,48.77620954,80.62912626,9.577208743,15.83152894
1.891632367,25.38693067,-4.716095933,1.759440366,129.2942738,-17.79188868,49.19685167,80.08304826,9.659801825,15.72430653
1.8906324,25.380567,-4.7897574,1.758534698,129.261864,-18.06978308,49.97033932,79.27715079,9.811676126,15.56606856
1.8896236,25.32394933,-4.769847533,1.758364877,128.9735133,-17.99467134,49.7612743,79.19786508,9.770626209,15.55050081
1.888659267,25.273828,-4.748223,1.758143259,128.718248,-17.91309088,49.5342043,79.16966983,9.726041014,15.54496467
1.8876537,25.231287,-4.764743933,1.757768079,128.501589,-17.97541756,49.70768357,78.77953152,9.76010367,15.46836101
1.886669633,25.18349733,-4.7605095,1.757492175,128.2581988,-17.95944279,49.6632196,78.5806053,9.751373168,15.42930185
1.885660067,25.13768467,-4.7614495,1.757161476,128.0248773,-17.96298902,49.67309013,78.33741331,9.753311248,15.3815511
1.884676367,25.07795867,-4.7306153,1.757062816,127.720696,-17.84666428,49.34931335,78.35700879,9.689737676,15.38539868
1.8836428,25.04547833,-4.767603733,1.756510554,127.5552754,-17.98620641,49.73771312,77.80318843,9.76599997,15.27665605
1.8826399,24.995328,-4.722650833,1.756250798,127.2998625,-17.81661762,49.26568188,78.01980671,9.673316637,15.31918905
1.881638833,24.97379867,-4.781661367,1.75556876,127.1902148,-18.03924007,49.88532633,77.29051452,9.794983825,15.17599253
1.8806393,24.923427,-4.764628567,1.755315651,126.9336746,-17.97498233,49.70647216,77.2128285,9.759865808,15.16073888
1.879631733,24.87936033,-4.782352133,1.754961079,126.7092454,-18.04184605,49.89257978,76.80229172,9.796408039,15.08012998
1.878650833,24.839127,-4.798192167,1.75457637,126.5043392,-18.10160398,50.05890921,76.43105608,9.829066824,15.00723786
1.877683267,24.786784,-4.7877628,1.754384439,126.2377591,-18.06225827,49.94939488,76.27399032,9.807563685,14.976398
1.876589533,24.74302167,-4.8019438,1.753939191,126.0148799,-18.11575735,50.09830351,75.90220248,9.836801895,14.90339746
1.8756273,24.68309333,-4.752962733,1.753864995,125.7096681,-17.93097194,49.58397422,76.11131999,9.735813337,14.94445768
1.874629067,24.644341,-4.773814367,1.753441007,125.5123046,-18.00963657,49.80292833,75.69500233,9.778804977,14.86271371
1.8736399,24.58511867,-4.7502688,1.753329417,125.2106884,-17.92080884,49.55568637,75.64062812,9.730259019,14.85203733
1.872655433,24.54409667,-4.7539592,1.752952828,125.0017656,-17.9347312,49.59443769,75.39295397,9.73786784,14.80340651
1.871638733,24.499076,-4.749847733,1.752603259,124.7724777,-17.91922033,49.55126493,75.20683889,9.729390869,14.76686282
1.870607133,24.455908,-4.752686333,1.752211337,124.5526254,-17.9299292,49.58107186,74.95717966,9.735243459,14.71784223
1.869605167,24.420597,-4.7981782,1.75173262,124.3727884,-18.10155129,50.05876255,74.29965193,9.829038028,14.58873666
1.868663933,24.37061733,-4.762952467,1.751532002,124.1182446,-17.9686591,49.68887215,74.41499858,9.756410046,14.61138497
1.867648533,24.32891833,-4.780289167,1.751134512,123.9058739,-18.03406333,49.87091744,74.02058252,9.79215464,14.53394138
1.8666776,24.28072033,-4.7735003,1.750877793,123.660404,-18.00845173,49.79963045,73.84639969,9.778157438,14.49974058
1.865671167,24.22430033,-4.736513,1.75070741,123.37306,-17.86891387,49.41124258,73.94744353,9.701897481,14.51958054
1.864606133,24.191042,-4.761907233,1.750135209,123.2036771,-17.96471586,49.6778966,73.51140661,9.754254997,14.43396469
1.863634867,24.133367,-4.7325891,1.75001859,122.9099414,-17.85411061,49.37003938,73.52552815,9.693807232,14.43673745
1.8626603,24.08325267,-4.736711367,1.749786634,122.6547118,-17.86966223,49.41332554,73.22701238,9.702306471,14.37812388
1.8616527,24.04398133,-4.750265433,1.74936097,122.454705,-17.92079614,49.55565102,72.88468011,9.730252078,14.31090694
1.860648733,23.99554767,-4.7331452,1.749074709,122.208035,-17.85620855,49.37587875,72.81778232,9.694953792,14.29777156
1.859661033,23.95017367,-4.742413833,1.748759377,121.9769476,-17.89117529,49.47320472,72.48936901,9.714063746,14.23328761
1.8586336,23.903226,-4.727774133,1.748427629,121.7378457,-17.83594573,49.31947947,72.40399232,9.683879793,14.21652389
1.8576359,23.85671033,-4.7144251,1.748119214,121.5009439,-17.78558532,49.17930696,72.30726303,9.656356921,14.1975311
1.856647567,23.81722133,-4.747641067,1.747716042,121.2998285,-17.91089549,49.52809366,71.75736097,9.724841191,14.08955783
1.855620733,23.76620367,-4.728533733,1.747445205,121.0399983,-17.83881138,49.3274557,71.6981687,9.685445927,14.07793542
1.8546408,23.718064,-4.728844633,1.747178622,120.7948256,-17.83998428,49.33072033,71.44973133,9.686086937,14.02915475
1.8535999,23.66690933,-4.706614967,1.746895749,120.5342976,-17.7561209,49.09729608,71.42262762,9.640254085,14.02383293
1.8526168,23.619303,-4.700907233,1.746618095,120.2918411,-17.73458797,49.0373616,71.24010559,9.628485951,13.98799473
1.8516107,23.59376133,-4.751424167,1.74599048,120.1617588,-17.92516757,49.56781838,70.57956648,9.73264114,13.85829788
1.850641067,23.54595167,-4.730979767,1.745729306,119.9182667,-17.84803926,49.35314046,70.55075234,9.690489128,13.85264022
1.849584167,23.49386267,-4.713081667,1.745444278,119.6529802,-17.7805171,49.16520014,70.47340618,9.653587047,13.8374533
1.848638467,23.44112167,-4.704887233,1.745280112,119.3843731,-17.74960287,49.07915389,70.29084535,9.636691866,13.80160749
1.8476532,23.40767133,-4.738428733,1.744790524,119.2140124,-17.87614115,49.43135888,69.76827961,9.705847316,13.6990017
1.846661033,23.34534167,-4.684444433,1.744721979,118.8965707,-17.6724806,48.86449276,70.01770409,9.594543154,13.7479762
1.845648667,23.29595367,-4.682724333,1.74444146,118.6450403,-17.66599137,48.84643072,69.78423569,9.590996673,13.70213468
1.8446351,23.25021033,-4.683303067,1.744105733,118.412072,-17.6681747,48.85250776,69.54519032,9.592189898,13.65519812
1.8436026,23.21325967,-4.7041343,1.743620781,118.2238842,-17.74676236,49.07124766,69.13826266,9.635139477,13.57529787
1.8425651,23.176964,-4.707232167,1.743121122,118.0390323,-17.75844934,49.10377703,68.92088141,9.64152662,13.53261506
1.841577533,23.15898967,-4.7383464,1.742399905,117.94749,-17.87583054,49.43049433,68.50262179,9.705677562,13.45048979
1.840625867,23.121291,-4.7765312,1.74200687,117.7554927,-18.01988607,49.83145664,67.90966221,9.784406511,13.33406217
1.839611267,23.07934,-4.764654167,1.741613913,117.5418386,-17.97507891,49.70674097,67.82072368,9.75991859,13.31659909
1.838576,23.04010333,-4.798051667,1.741160069,117.3420083,-18.10107393,50.05743388,67.27020054,9.828777143,13.20850388
1.837607767,22.98479367,-4.767657433,1.741011433,117.0603192,-17.986409,49.738277,67.30766826,9.766110688,13.21586066
1.836606333,22.93403733,-4.743185367,1.740762123,116.8018199,-17.89408596,49.48130626,67.30613972,9.715654484,13.21556053
1.835589033,22.88359933,-4.745854233,1.740492231,116.5449419,-17.9041545,49.50933089,67.02123707,9.72115712,13.1596199
1.8346399,22.839409,-4.7245272,1.740197924,116.3198829,-17.82369638,49.2853848,67.02012416,9.677185306,13.15940138
1.833574367,22.80056267,-4.752726067,1.739708029,116.1220406,-17.9300791,49.58148908,66.52617759,9.735325381,13.06241497
1.8326133,22.74879133,-4.746161433,1.739514127,115.858372,-17.90531344,49.51255666,66.33144139,9.721790501,13.02417852
1.831598133,22.704155,-4.722769233,1.739160396,115.6310415,-17.8170643,49.26692515,66.34974246,9.673560752,13.02777193
1.8305839,22.67710967,-4.7806115,1.73854693,115.4933011,-18.03527936,49.87430213,65.60462505,9.792819223,12.88146813
1.829574333,22.63234167,-4.7862789,1.73820075,115.2653001,-18.05666013,49.93381308,65.31711308,9.804504198,12.82501515
1.828608633,22.575635,-4.7481135,1.738075349,114.9764961,-17.91267778,49.53305448,65.42906767,9.725815248,12.84699744
1.8275986,22.53005533,-4.741223467,1.73774073,114.7443613,-17.88668452,49.46070518,65.26928218,9.711609463,12.81562356
1.826618067,22.49360767,-4.770545633,1.73730029,114.5587353,-17.99730499,49.76860475,64.7757566,9.772065543,12.71871981
1.825648833,22.45238667,-4.773404933,1.736941884,114.3487989,-18.00809195,49.79862904,64.53579597,9.777960813,12.67160354
1.824583967,22.400745,-4.756481033,1.73664226,114.0857907,-17.94424504,49.62091838,64.45049839,9.743067325,12.65485536
1.823598233,22.357734,-4.764129333,1.736293878,113.866738,-17.97309893,49.70122992,64.15113414,9.758836495,12.59607519
1.822553167,22.30964333,-4.7413702,1.735961435,113.6218148,-17.88723809,49.46224597,64.14519492,9.711911995,12.59490902
1.821622833,22.272536,-4.7610051,1.735580971,113.4328291,-17.96131248,49.66842368,63.75003155,9.75239499,12.51731869
1.820619967,22.22259467,-4.742416567,1.735318151,113.1784806,-17.8911856,49.47323342,63.69087329,9.714069381,12.50570297
1.819617467,22.18781267,-4.7749324,1.734831063,113.0013377,-18.01385445,49.81466832,63.17229553,9.781110125,12.40388023
1.818599067,22.13357067,-4.747169,1.734616439,112.7250862,-17.90911457,49.52313669,63.18757556,9.72386789,12.40688046
1.8175711,22.09107133,-4.741237633,1.734218241,112.5086393,-17.88673797,49.46085394,63.03341149,9.711638671,12.37661035
1.816523,22.04615533,-4.7460971,1.733835722,112.2798846,-17.90507074,49.51188113,62.75362953,9.721657859,12.32167516
1.815571067,22.00198933,-4.7367773,1.733538255,112.0549495,-17.86991097,49.41401788,62.62655771,9.702442411,12.29672461
1.814583767,21.980972,-4.796575567,1.732862397,111.9479093,-18.09550521,50.04193399,61.89160146,9.825733738,12.15241595
1.813566633,21.91965967,-4.7395463,1.73275381,111.6356489,-17.88035726,49.44309397,62.17818106,9.708151501,12.20868585
1.8126091,21.87182167,-4.740202767,1.732505156,111.3920126,-17.88283384,49.44998725,61.92765142,9.709504996,12.15949436
1.811626167,21.81533367,-4.712597067,1.732359281,111.1043222,-17.7786889,49.16011156,61.92983675,9.652587905,12.15992345
1.810597167,21.79178233,-4.770171467,1.731679272,110.9843765,-17.99589341,49.76467579,61.20532685,9.771294091,12.01766593
1.809602967,21.74336433,-4.741512467,1.731402546,110.7377863,-17.8877748,49.46373985,61.25967252,9.712205319,12.0283367
1.8086106,21.69546,-4.728412767,1.731120042,110.4938121,-17.83835503,49.32618548,61.15325269,9.68519652,12.00744116
1.807599033,21.64221133,-4.730371633,1.730897532,110.2226195,-17.84574502,49.34675471,60.86149086,9.689235287,11.95015373
1.8066394,21.60155567,-4.741821933,1.730540348,110.0155623,-17.88894229,49.46698943,60.53419902,9.712843374,11.88588998
1.805637533,21.57165967,-4.7647527,1.72998149,109.8633036,-17.97545064,49.70777563,60.14115409,9.760121745,11.80871561
1.804601033,21.52430033,-4.750821433,1.729646776,109.6221051,-17.9228937,49.56148934,60.04624185,9.731398432,11.79007959
1.803601133,21.48342767,-4.7560355,1.729252541,109.4139428,-17.94256423,49.61624003,59.78332886,9.74214873,11.73845662
1.8026173,21.43057867,-4.742589633,1.729051842,109.1447857,-17.89183851,49.47505072,59.65536106,9.714426208,11.71333014
1.801619467,21.37807,-4.7109796,1.728832099,108.8773619,-17.77258686,49.14312723,59.71986072,9.649253032,11.72599465
1.800626833,21.339027,-4.731146033,1.728418018,108.678518,-17.84866652,49.35488635,59.3092577,9.690831935,11.64537275
1.799619667,21.284652,-4.7030142,1.728216598,108.401589,-17.74253669,49.05948596,59.32772914,9.632830069,11.64899962
1.7985906,21.24623,-4.737405633,1.727756882,108.2059078,-17.87228141,49.42061574,58.77091817,9.703737901,11.53966978
1.797586867,21.20310133,-4.721526133,1.727392243,107.9862558,-17.81237459,49.25387188,58.71801005,9.670997744,11.52928127
1.7965985,21.15595433,-4.698845867,1.727102517,107.7461387,-17.72681128,49.01571607,58.71604873,9.624235851,11.52889617
1.795623467,21.10570367,-4.6818538,1.726872114,107.4902148,-17.66270721,48.83728962,58.63855123,9.589201818,11.51367953
1.794603633,21.058595,-4.6683407,1.726550353,107.2502928,-17.61172785,48.69539432,58.54052462,9.561340675,11.49443201
1.7936358,21.02137133,-4.6891748,1.726134112,107.0607147,-17.69032633,48.91416432,58.13217649,9.604296165,11.41425285
1.792595767,20.963753,-4.651038,1.725947887,106.7672676,-17.54645188,48.51370605,58.23918769,9.525666182,11.4352645
1.791593567,20.930305,-4.6874876,1.72544133,106.5969188,-17.68396122,48.89644776,57.68609711,9.600817517,11.32666517
1.790607367,20.890384,-4.683823267,1.725046693,106.3936033,-17.6701372,48.85797015,57.5212592,9.59326244,11.29429924
1.789629067,20.84767733,-4.683955367,1.724701235,106.1761005,-17.67063556,48.85935728,57.30236932,9.593534802,11.25132022
1.788604833,20.798718,-4.689149233,1.724402497,105.9267532,-17.69022988,48.91389586,56.99848349,9.604243452,11.19165223
1.787643033,20.76438233,-4.689699467,1.723949494,105.7518835,-17.69230568,48.91967363,56.81783602,9.605377916,11.1561821
1.786605567,20.720005,-4.676762433,1.723569626,105.5258722,-17.64349958,48.78382735,56.72767091,9.578704501,11.13847818
1.785635933,20.68815167,-4.729118833,1.723072006,105.3636449,-17.84101872,49.33359959,56.01567136,9.686652279,10.99867707
1.784594933,20.64711333,-4.712638033,1.722639126,105.1546388,-17.77884345,49.16054173,55.97972319,9.652672369,10.99161865
1.783634,20.607058,-4.740791333,1.722271746,104.9506392,-17.88505426,49.45616753,55.48009773,9.710718495,10.89351719
1.782611167,20.566211,-4.741860233,1.721854197,104.7426076,-17.88908678,49.4673916,55.26084209,9.71292234,10.85046634
1.781606867,20.52189433,-4.745448733,1.721506596,104.5169052,-17.90262472,49.50507291,54.99745838,9.720321065,10.79875095
1.7806365,20.47469833,-4.721007667,1.721235595,104.2765385,-17.81041863,49.24842769,55.01373691,9.669928776,10.80194724
1.7796361,20.42081833,-4.700500933,1.721033607,104.0021305,-17.73305517,49.03309522,54.95466143,9.627648247,10.79034777
1.7786675,20.38161833,-4.727576267,1.720645886,103.8024871,-17.83519926,49.31740175,54.4707114,9.683471834,10.69532418
1.7775652,20.34190667,-4.745333033,1.720132046,103.6002377,-17.90218823,49.50385799,54.08200578,9.720082516,10.61900183
1.7765912,20.29079433,-4.701405833,1.719915446,103.3399253,-17.73646898,49.04259719,54.28295421,9.629513958,10.65845806
1.775605933,20.24157533,-4.6911723,1.719659523,103.0892556,-17.69786207,48.93513922,54.13974246,9.608414586,10.63033843
1.7746143,20.223182,-4.7074178,1.718940448,102.9955793,-17.75914966,49.10572629,53.87547913,9.641909357,10.57845033
1.773637667,20.18674067,-4.736434467,1.718503815,102.8099856,-17.8686176,49.41041793,53.38519373,9.701735562,10.48218279
1.7726093,20.14881367,-4.737039867,1.718037463,102.6168254,-17.87090152,49.41677498,53.18567651,9.702983768,10.44300758
1.771604467,20.104654,-4.728347933,1.717687002,102.3919226,-17.83811044,49.3255047,53.05204399,9.685062847,10.41676884
1.770599733,20.06343067,-4.736263733,1.71729313,102.1819744,-17.86797349,49.40862514,52.75897533,9.701383546,10.35922481
1.769599333,20.01900233,-4.728534567,1.716951084,101.9557033,-17.83881453,49.32746445,52.6138649,9.685447645,10.33073237
1.7686388,19.969201,-4.7191429,1.716728523,101.7020677,-17.80338363,49.22884657,52.45884727,9.666084023,10.30029466
1.767643467,19.92980633,-4.744895633,1.716316953,101.5014328,-17.9005381,49.49926504,51.98779388,9.71918069,10.20780333
1.766618633,19.87730067,-4.7209735,1.716070166,101.2340243,-17.81028973,49.24806892,51.97158146,9.669858332,10.20462002
1.765624067,19.83598367,-4.735528633,1.715687849,101.023599,-17.86520026,49.40090617,51.60831895,9.699867926,10.13329343
1.764653133,19.78922433,-4.719069167,1.715409811,100.7854562,-17.80310547,49.22807232,51.54301002,9.665932001,10.12047002
1.763611167,19.745901,-4.716923233,1.715009824,100.5648128,-17.79500975,49.20553879,51.34490014,9.661507542,10.08157114
1.7626425,19.69379733,-4.691053233,1.714813247,100.2994517,-17.69741288,48.93388895,51.35118881,9.608169096,10.08280592
1.761607567,19.640972,-4.662854833,1.714561097,100.0304151,-17.59103193,48.63778958,51.3782516,9.550029983,10.0881197
1.760647533,19.61608233,-4.721553633,1.713969887,99.90365334,-17.81247834,49.25416065,50.63511879,9.671054443,9.942205575
1.7596467,19.574922,-4.716352133,1.713578981,99.69402597,-17.79285522,49.19954191,50.48011016,9.660330055,9.91176963
1.758619833,19.53516367,-4.724429167,1.713141266,99.49153892,-17.82332654,49.2843554,50.19280962,9.676983182,9.855358169
1.757612,19.490245,-4.709736367,1.712799053,99.26277056,-17.76789666,49.13007257,50.11832409,9.646689749,9.840732936
1.7566076,19.440649,-4.6961187,1.712529583,99.0101808,-17.71652281,48.98707926,50.00872764,9.618613012,9.819213672
1.755595767,19.411124,-4.724290367,1.711955261,98.85981156,-17.82280291,49.28289792,49.56253974,9.676697006,9.731604678
1.7546134,19.37331467,-4.731454067,1.711533165,98.66725066,-17.8498286,49.35812088,49.29475588,9.691467034,9.679025317
1.753635933,19.32687567,-4.725623133,1.711243847,98.43073933,-17.82783089,49.29689273,49.11947269,9.679444888,9.644608463
1.752614367,19.267425,-4.6630802,1.711103241,98.12796028,-17.59188214,48.64015605,49.47343032,9.550494641,9.714108043
1.7516213,19.22839367,-4.698375233,1.710688553,97.92917579,-17.72503578,49.01077415,48.90402774,9.623265505,9.602305847
1.7506259,19.18625233,-4.689729533,1.710317618,97.71455225,-17.69241911,48.91998934,48.780189,9.605439907,9.577990111
1.7495991,19.15181667,-4.703696567,1.709801097,97.53917325,-17.74511098,49.0666512,48.45814814,9.634236964,9.514757387
1.748646533,19.11585033,-4.6985439,1.709381491,97.35599864,-17.72567209,49.01254525,48.32907949,9.62361326,9.489414758
1.747626133,19.104232,-4.734143567,1.708533255,97.29682709,-17.85997498,49.38636217,47.89609102,9.697012212,9.404397472
1.746631467,19.07854067,-4.8121756,1.707919292,97.16598251,-18.15435772,50.20574328,46.94586533,9.857897694,9.217820657
1.745609867,19.03237133,-4.812002367,1.707581844,96.93084458,-18.15370418,50.20392423,46.71254644,9.857540524,9.172008494
1.7446269,18.988615,-4.7879106,1.707247273,96.70799593,-18.06281586,49.95094686,46.74267516,9.807868417,9.177924268
1.743619767,18.94497333,-4.7926998,1.706886837,96.48573126,-18.08088354,50.00123621,46.47012115,9.81774273,9.124408288
1.742612333,18.895723,-4.779942367,1.706609211,96.23490196,-18.032755,49.86727584,46.35325222,9.791439612,9.101461073
1.7415638,18.84798233,-4.764593267,1.706268115,95.99176131,-17.97484916,49.70610149,46.27128592,9.759793027,9.085366991
1.740615333,18.79966267,-4.7452844,1.706035665,95.74567184,-17.90200475,49.50334731,46.22795063,9.719982245,9.076858107
1.739572167,18.75584867,-4.7567447,1.705641749,95.5225295,-17.94523975,49.62368704,45.88446856,9.74361095,9.009415402
1.7385877,18.71167567,-4.758020067,1.705311853,95.29755878,-17.95005118,49.63707912,45.64610576,9.746240485,8.962612866
1.737606933,18.671313,-4.7554655,1.704929194,95.09199389,-17.94041385,49.6102547,45.46736529,9.740973511,8.927517174
1.736573833,18.62792767,-4.761221267,1.704538992,94.87103472,-17.96212799,49.67069355,45.18596726,9.752840679,8.872264672
1.735548233,18.57306733,-4.725421433,1.704326331,94.59163399,-17.82706996,49.29477477,45.28248532,9.679029026,8.891215992
1.734593367,18.534581,-4.7419998,1.703941767,94.39562516,-17.88961331,49.46885713,44.91239413,9.713210097,8.818548588
1.733585467,18.47966,-4.704830933,1.703747705,94.11591546,-17.74939048,49.07856271,45.02297885,9.636575787,8.840261897
1.7326109,18.44368667,-4.734171567,1.703306203,93.9327052,-17.86008061,49.38665619,44.53167512,9.697069942,8.743794409
1.7316034,18.39123,-4.692786067,1.703076023,93.66554622,-17.70395015,48.9520847,44.69908762,9.61174183,8.776665855
1.730591433,18.36265267,-4.755024567,1.702487525,93.5200034,-17.93875039,49.60562465,43.90000485,9.7400644,8.619765951
1.729610567,18.29893733,-4.6851077,1.702450814,93.19550463,-17.67498283,48.87145744,44.30967328,9.595910669,8.700204349
1.728607933,18.26561467,-4.712147067,1.701941967,93.02579408,-17.77699124,49.1553863,43.85603387,9.6516601,8.611132251
1.727619967,18.227305,-4.707130433,1.701521685,92.830685,-17.75806554,49.10270877,43.71360233,9.641316868,8.583165817
1.726623433,18.17909633,-4.690498333,1.701239524,92.58516085,-17.69531948,48.92806218,43.64272477,9.60702501,8.569249008
1.7256538,18.13578033,-4.688263567,1.700911762,92.36455479,-17.68688862,48.90459585,43.44558504,9.602417395,8.530540622
1.724621633,18.092902,-4.678720667,1.700514981,92.14617774,-17.65088719,48.80438993,43.32741392,9.582741962,8.507337722
1.7236149,18.04533467,-4.650566767,1.700213116,91.90391987,-17.54467411,48.50875783,43.38078814,9.524694599,8.517817752
1.722657567,18.00630667,-4.6779046,1.699834112,91.70515236,-17.6478085,48.79582076,42.8949577,9.581059406,8.422424945
1.721607467,17.960579,-4.665532267,1.69946162,91.47226381,-17.60113278,48.66590416,42.79198575,9.555550282,8.402206402
1.7206001,17.91578533,-4.648685433,1.699118021,91.24413208,-17.53757661,48.48900275,42.74075543,9.520815689,8.392147329
1.7196429,17.86658667,-4.644771267,1.698889863,90.99356591,-17.52281008,48.44790175,42.53129026,9.512745509,8.351018842
1.718627467,17.81266033,-4.605522,1.698673528,90.71892199,-17.37473875,48.03576194,42.66878616,9.431821856,8.378016162
1.717600933,17.78018933,-4.621615267,1.698128161,90.55354893,-17.43545202,48.20475047,42.33442457,9.465002754,8.312364264
1.716601467,17.745273,-4.639140933,1.697646096,90.37572193,-17.50156915,48.38878002,41.972568,9.501136957,8.241313727
1.715578933,17.70777633,-4.661691033,1.697179201,90.18475342,-17.58664139,48.62556901,41.54481051,9.547630475,8.157323543
1.714564733,17.660734,-4.640008133,1.69686209,89.94516934,-17.50484073,48.39788612,41.53290932,9.50292494,8.154986745
1.713606433,17.614739,-4.637450667,1.696585359,89.71091928,-17.49519246,48.37103125,41.32551412,9.497651986,8.114264698
1.712590367,17.55922567,-4.598944333,1.696391908,89.42819285,-17.34992392,47.96669266,41.44712629,9.418260104,8.138143247
1.711610267,17.519911,-4.594640533,1.695994385,89.22796537,-17.33368745,47.92150029,41.29209117,9.409386583,8.107702102
1.710562533,17.49338467,-4.6466446,1.695339728,89.09286818,-17.52987739,48.46757283,40.61092145,9.516607924,7.973954427
1.7095662,17.44010733,-4.612424533,1.695132876,88.82152958,-17.40077917,48.1082425,40.69891319,9.446053414,7.991231604
1.708569333,17.394732,-4.6061527,1.694808396,88.59043545,-17.37711812,48.04238465,40.5336769,9.433122226,7.958787459
1.707592467,17.35109867,-4.610923167,1.694478103,88.36821322,-17.39511513,48.09247728,40.26136204,9.442957915,7.905318436
1.706629633,17.29971067,-4.576233367,1.694276754,88.1064969,-17.26424479,47.72821448,40.36390852,9.371434914,7.925453437
1.705630267,17.26076467,-4.584751933,1.693854502,87.90814702,-17.29638184,47.81766432,40.07610879,9.388998389,7.868943962
1.704601133,17.22676,-4.603381167,1.693329261,87.73496308,-17.36666227,48.01328196,39.70730722,9.427407912,7.796529772
1.703625967,17.171329,-4.546370533,1.69317549,87.45265597,-17.15158461,47.4146376,40.02364447,9.309864093,7.858642591
1.7025711,17.126603,-4.549630333,1.692783388,87.22486886,-17.1638825,47.44886737,39.76162758,9.316585109,7.807195576
1.701614567,17.08521967,-4.557090267,1.692440087,87.01410576,-17.19202575,47.52720095,39.47253091,9.331965907,7.750431444
1.7006305,17.03742067,-4.533083733,1.692164321,86.77066802,-17.10145899,47.27511858,39.48117554,9.282469533,7.752128818
1.699613,16.99775567,-4.536275967,1.691734591,86.56865631,-17.11350197,47.30863886,39.24564355,9.289051241,7.705882111
1.698593767,16.963485,-4.524605667,1.691223191,86.39411765,-17.06947473,47.18609402,39.19364973,9.26498956,7.695673124
1.697627833,16.959032,-4.650374733,1.690323244,86.37143876,-17.54394965,48.50674137,37.85032349,9.524298667,7.431911017
1.6966214,16.91172867,-4.637787667,1.690017767,86.13052542,-17.49646383,48.37456995,37.74158158,9.498346809,7.410559542
1.695585133,16.87133667,-4.6337554,1.689580043,85.92481114,-17.48125174,48.33222883,37.5782084,9.490033131,7.37848122
1.6945952,16.82450667,-4.603069467,1.689284052,85.68630846,-17.36548635,48.01000893,37.66192563,9.426765253,7.394919098
1.693587467,16.77363467,-4.583913167,1.689030157,85.4272201,-17.29321751,47.80885679,37.60398941,9.387269031,7.383543321
1.692609367,16.733664,-4.604783833,1.688644356,85.22365164,-17.37195395,48.02801076,37.18126698,9.430299913,7.300541771
1.6916055,16.687645,-4.588950933,1.688322414,84.98927935,-17.31222293,47.86175623,37.11314922,9.397655836,7.287166849
1.690653067,16.64238567,-4.5837369,1.688040648,84.758776,-17.29255253,47.80700589,36.93739621,9.386905606,7.252657745
1.689617967,16.59262267,-4.5575075,1.687742953,84.50533571,-17.1935998,47.53158214,36.95937967,9.332826154,7.256974198
1.6886359,16.55115,-4.558703567,1.687375442,84.29411765,-17.19811207,47.54414153,36.73560222,9.335292189,7.213035496
1.687608433,16.522925,-4.5969308,1.686766223,84.15036924,-17.34232769,47.94554941,36.19044593,9.414108626,7.105994058
1.686635267,16.480585,-4.5928254,1.686420465,83.93473389,-17.3268397,47.90244035,36.01791964,9.405644163,7.072118521
1.685637767,16.443277,-4.588210733,1.685975807,83.74472625,-17.30943046,47.85398371,35.87636865,9.396129701,7.044324984
1.684655033,16.40054033,-4.5787662,1.68562636,83.52707071,-17.27380013,47.75481069,35.75788612,9.376657078,7.021060939
1.6836388,16.35416967,-4.5679787,1.685297262,83.29090739,-17.23310333,47.64153575,35.63499774,9.354415544,6.996931807
1.682618167,16.32175,-4.611915733,1.684757035,83.12579577,-17.39885967,48.1028998,35.00852207,9.445004376,6.873923308
1.681639667,16.26379333,-4.554018033,1.684637356,82.83062558,-17.18043548,47.49494074,35.32131094,9.325631614,6.935339404
1.6806807,16.22820167,-4.567687533,1.684205798,82.64935914,-17.23200488,47.63847833,34.9965069,9.35381522,6.871564131
1.6796692,16.19115333,-4.568217933,1.683743293,82.46067397,-17.23400586,47.64404784,34.80225223,9.354908793,6.833422225
1.6786424,16.13677267,-4.519802867,1.683522324,82.18371615,-17.05135574,47.13566186,35.03368039,9.255087207,6.878863145
1.677611767,16.10090733,-4.535436633,1.683023155,82.00105594,-17.11033551,47.29982538,34.68685666,9.287320714,6.810764304
1.676580133,16.055123,-4.5248726,1.682669969,81.76787879,-17.07048176,47.18889697,34.56460792,9.26553992,6.786760764
1.6756226,16.00483833,-4.5062038,1.682457571,81.51178168,-17.00005206,46.99286386,34.50454392,9.227048819,6.774967199
1.6746017,15.965616,-4.500891467,1.68201788,81.31202445,-16.98001081,46.93708131,34.36056923,9.216095916,6.746697769
1.6736169,15.92552467,-4.5031572,1.681627167,81.10784144,-16.98855849,46.96087281,34.13259473,9.220767377,6.701934974
1.672647933,15.87562867,-4.482143933,1.681397576,80.85372379,-16.90928409,46.74022146,34.09912843,9.177442484,6.695363868
1.671609567,15.84395967,-4.504165567,1.680828491,80.69243528,-16.99236265,46.97146124,33.70660013,9.222846415,6.618290936
1.6706594,15.80125533,-4.504572633,1.680511131,80.4749444,-16.99389834,46.97573568,33.48483483,9.2236857,6.574747318
1.669630867,15.757517,-4.488587233,1.680130727,80.25218742,-16.93359201,46.80787981,33.42993371,9.1907272,6.563967485
1.668629367,15.71888833,-4.495069967,1.67970164,80.0554537,-16.95804869,46.87595222,33.16512757,9.204093219,6.511972799
1.667610967,15.669499,-4.4740162,1.679415107,79.80391648,-16.8786215,46.6548756,33.13466698,9.160684823,6.505991861
1.6666371,15.62945967,-4.490055233,1.679034557,79.5999983,-16.93913017,46.82329465,32.76232975,9.193753904,6.432883447
1.665654767,15.588738,-4.472941,1.678655651,79.39260504,-16.87456521,46.64358538,32.73464576,9.158467989,6.427447695
1.664634733,15.54558033,-4.470825033,1.678275142,79.17280536,-16.86658254,46.62136652,32.53706495,9.154105315,6.388652702
1.6636226,15.488672,-4.426369133,1.678106295,78.88297428,-16.69886873,46.15455406,32.71404632,9.06244669,6.423402994
1.6626013,15.46121367,-4.458310267,1.677491882,78.74313046,-16.81936947,46.48995429,32.23880228,9.128302524,6.330088827
1.661622367,15.418852,-4.463598967,1.677140678,78.52738477,-16.83932156,46.54548867,31.9675222,9.139206701,6.276822984
1.660594167,15.37376567,-4.4421438,1.676780582,78.2977625,-16.75838005,46.32019711,31.96319149,9.094970703,6.275972648
1.659637667,15.33230033,-4.441174133,1.67643853,78.08658178,-16.7547219,46.31001506,31.76219283,9.092971456,6.236506562
1.658653867,15.297064,-4.4405485,1.675976873,77.90712503,-16.75236164,46.30344555,31.58930558,9.091681533,6.202560151
1.6576139,15.25745767,-4.442777167,1.675523806,77.7054121,-16.76076948,46.32684783,31.36419038,9.096276571,6.158358781
1.656608533,15.216919,-4.4476196,1.675119155,77.49895085,-16.77903799,46.37769615,31.1068808,9.10626064,6.107836045
1.6556212,15.172584,-4.4333419,1.674788793,77.27315508,-16.7251741,46.22777211,31.03100907,9.076823054,6.09293863
1.654651667,15.12666167,-4.4127421,1.674499752,77.0392751,-16.64745954,46.0114624,31.01343881,9.034350642,6.08948871
1.6536064,15.07784067,-4.387934833,1.674177931,76.79063237,-16.55387193,45.75097187,31.02528661,8.983203326,6.091815025
1.6526311,15.035534,-4.389231667,1.673829545,76.57516679,-16.55876435,45.76458936,30.79620353,8.985877121,6.046834564
1.651621767,14.98964733,-4.3752911,1.673500176,76.34146847,-16.50617233,45.61820541,30.70888915,8.957134633,6.029690385
1.6506429,14.94571,-4.3773036,1.673172387,76.11769799,-16.51376467,45.63933782,30.46398627,8.96128398,5.981603704
1.649645,14.902116,-4.361105867,1.672820478,75.89567609,-16.45265729,45.46925232,30.41204986,8.927887694,5.971405991
1.648627533,14.86650367,-4.360848267,1.672330726,75.71430439,-16.45168547,45.46654738,30.23338311,8.927356577,5.936324774
1.647668033,14.82615567,-4.351582533,1.671969117,75.50881419,-16.41672967,45.36925186,30.12518843,8.908252603,5.915080748
1.646658733,14.78011433,-4.3369937,1.671642072,75.27432816,-16.36169201,45.21606074,30.04389351,8.878173527,5.899118491
1.645642167,14.75027767,-4.372022867,1.671067635,75.12237162,-16.49384263,45.58388709,29.52411063,8.95039623,5.797059122
1.644662567,14.70465133,-4.342477333,1.670764142,74.88999915,-16.3823795,45.27364204,29.60198321,8.889479614,5.812349404
1.643683,14.66734067,-4.361296967,1.670337457,74.69997793,-16.45337823,45.47125898,29.21434505,8.928281702,5.73623665
1.642617367,14.617954,-4.329683933,1.670003652,74.44845429,-16.33411527,45.139304,29.29477639,8.86310234,5.752029344
1.641640533,14.59126967,-4.354387667,1.669422236,74.31255241,-16.42731228,45.39870737,28.89947114,8.914036192,5.674411159
1.640601067,14.55272833,-4.367330733,1.668953887,74.11626348,-16.47614115,45.534617,28.56727258,8.940722047,5.609183971
1.639626333,14.52169033,-4.3887524,1.668439085,73.95818861,-16.55695628,45.75955678,28.18425792,8.984888975,5.533979043
1.638589667,14.48048367,-4.390657367,1.668013033,73.74832527,-16.56414293,45.77956003,27.95439134,8.988816611,5.48884474
1.637545067,14.43712933,-4.3764255,1.667610872,73.52752398,-16.51045196,45.63011726,27.88303282,8.959473525,5.474833493
1.636588467,14.39844933,-4.380726367,1.667227445,73.33052882,-16.52667736,45.67527883,27.64087609,8.968340998,5.42728602
1.635524267,14.35794367,-4.371805033,1.666763471,73.12423563,-16.49302084,45.58159971,27.52826202,8.949947104,5.405174248
1.6345552,14.31113267,-4.343303767,1.666488066,72.88582973,-16.38549729,45.28232006,27.58913576,8.891183544,5.417126807
1.6335447,14.26524967,-4.336146967,1.666157475,72.65215007,-16.35849763,45.20716956,27.43060661,8.876427743,5.385999609
1.632577567,14.225069,-4.326225367,1.665785753,72.4475121,-16.32106752,45.10298707,27.33015113,8.85597151,5.366275174
1.631559733,14.18850767,-4.3318225,1.665309697,72.26130719,-16.3421832,45.16176018,27.08517311,8.867511611,5.318173741
1.630560133,14.14016767,-4.305475167,1.665026415,72.01511417,-16.24278555,44.88509806,27.1156422,8.813189004,5.324156347
1.6295576,14.100789,-4.303848767,1.664607408,71.81456073,-16.23664982,44.86801993,26.9321669,8.809835713,5.288130972
1.628556767,14.052633,-4.280926767,1.664320167,71.56930481,-16.15017455,44.62732578,26.92760513,8.762575417,5.287235268
1.6275909,14.01240967,-4.282014533,1.663950343,71.36444954,-16.15427824,44.63874795,26.71132768,8.764818161,5.244769191
1.6265571,13.97488733,-4.283576433,1.663472561,71.17335031,-16.16017065,44.6551488,26.50382761,8.768038467,5.204026551
1.625624233,13.94221933,-4.296188433,1.66302378,71.00697394,-16.20775053,44.78758203,26.20501801,8.794041732,5.145355285
1.624547233,13.90346667,-4.282797033,1.66252103,70.80960869,-16.15723029,44.64696465,26.14827014,8.766431509,5.134212842
1.6235936,13.86420667,-4.287223333,1.662149164,70.60965962,-16.1739289,44.69344334,25.90184238,8.7755576,5.085826751
1.622578433,13.814087,-4.260148267,1.661876687,70.35440285,-16.07178582,44.40913961,25.93088934,8.719734562,5.091530122
1.621562533,13.77232,-4.252361467,1.661479705,70.14168577,-16.04240943,44.32737374,25.79993812,8.703679834,5.06581785
1.6205544,13.73194867,-4.257290667,1.661069807,69.93607673,-16.06100527,44.37913317,25.54256966,8.713842798,5.015283553
1.6195562,13.69749833,-4.2610785,1.660582104,69.76062304,-16.07529521,44.41890759,25.32734154,8.721652506,4.973023512
1.618554033,13.65025267,-4.2367414,1.660280039,69.5200034,-15.98348134,44.16335408,25.34227541,8.671474574,4.975955777
1.617578733,13.60932233,-4.245849367,1.659911259,69.31154741,-16.01784195,44.25899296,25.03818055,8.690253267,4.916246751
1.616582267,13.57134267,-4.2528029,1.659477587,69.11811901,-16.04407477,44.33200905,24.77173606,8.704589976,4.863930375
1.615525967,13.52247833,-4.210793733,1.659145375,68.86925558,-15.88559148,43.8908887,24.96399298,8.617975996,4.901680022
1.614512567,13.48593933,-4.218881767,1.658673422,68.68316442,-15.9161043,43.97581769,24.69297283,8.634651803,4.848465215
1.613561733,13.44869533,-4.220067567,1.658274483,68.49348273,-15.92057783,43.98826927,24.49083956,8.637096671,4.808776347
1.612549667,13.40298467,-4.209176933,1.657939772,68.26068076,-15.87949196,43.87391137,24.37239549,8.614642497,4.785519854
1.611590067,13.35514533,-4.1795748,1.657689071,68.0170376,-15.76781529,43.56307199,24.43959171,8.553609185,4.798713833
1.610551467,13.31511467,-4.172515,1.657243659,67.81316357,-15.74118157,43.48894004,24.30984963,8.539053377,4.773238975
1.609559733,13.28018833,-4.175365633,1.656769476,67.63528563,-15.75193584,43.51887332,24.10203841,8.544930777,4.732435241
1.6085312,13.23711133,-4.164934467,1.656379272,67.41589678,-15.71258334,43.40934009,23.99218279,8.523423927,4.710865091
1.6075487,13.19196367,-4.155176467,1.656065785,67.18596214,-15.67577043,43.30687549,23.86471275,8.503305003,4.685836348
1.6065608,13.153994,-4.150958233,1.655640532,66.99258467,-15.65985677,43.26258162,23.71562915,8.494607901,4.656563783
1.605599533,13.11451333,-4.139138833,1.655264303,66.79151176,-15.61526704,43.13847114,23.63866671,8.470238809,4.641452209
1.604557567,13.06977367,-4.1245036,1.654885304,66.56365504,-15.56005433,42.9847928,23.56448834,8.440064066,4.626887286
1.603598067,13.03488633,-4.138281767,1.654442776,66.38597572,-15.61203368,43.12947145,23.24213037,8.468471719,4.563592299
1.602587533,12.99416167,-4.123354667,1.654035714,66.17856718,-15.55571987,42.97272834,23.19146495,8.437695209,4.553644142
1.601551733,12.95445333,-4.112340533,1.653588326,65.97633478,-15.51416808,42.85707362,23.10488726,8.414986405,4.536644613
1.600549167,12.91149767,-4.105333667,1.65322229,65.75756387,-15.48773406,42.7834975,22.95969247,8.400539734,4.508135617
1.599557633,12.87116433,-4.105982933,1.65282843,65.55214837,-15.49018347,42.79031517,22.7474593,8.401878384,4.466463634
1.598580033,12.83597733,-4.120016667,1.652372243,65.37294287,-15.54312697,42.93767742,22.42089155,8.430812962,4.402342056
1.597565,12.80218467,-4.125417933,1.65185796,65.20083864,-15.56350373,42.99439382,22.19207092,8.441949227,4.357413125
1.596592167,12.75502567,-4.106772,1.651583945,64.96066039,-15.4931603,42.79860082,22.14768566,8.403505272,4.348698079
1.595538967,12.70246733,-4.0676811,1.651309572,64.69298362,-15.34568642,42.38812395,22.29048577,8.322908137,4.37673688
1.594532267,12.66606567,-4.081510633,1.650842284,64.50759189,-15.39785956,42.53334198,21.959876,8.351421698,4.311821653
1.593518267,12.630016,-4.081066133,1.65036248,64.32399287,-15.39618264,42.52867448,21.78094449,8.350505234,4.276688451
1.592542133,12.58573233,-4.054755533,1.650042556,64.09845853,-15.29692358,42.25239808,21.83168655,8.296258364,4.286651654
1.5916017,12.55158433,-4.065167433,1.649608139,63.92454461,-15.33620339,42.36172901,21.5484417,8.317725491,4.231036527
1.590539133,12.51131767,-4.048115233,1.649142258,63.71946864,-15.27187246,42.18267113,21.52242361,8.282567475,4.225927876
1.589534033,12.45938267,-4.011892567,1.648906748,63.45496647,-15.13521925,41.80231235,21.63828022,8.207884029,4.248676322
1.588524367,12.423655,-4.023911667,1.648426506,63.27300738,-15.18056237,41.92851979,21.33011369,8.232664861,4.188167824
1.587548767,12.379164,-3.9960161,1.648110188,63.04641711,-15.07532388,41.63560034,21.39644287,8.175150126,4.201191558
1.586575967,12.3302,-3.9720792,1.647862953,62.79704609,-14.98501981,41.38424916,21.39842303,8.125797322,4.201580363
1.585577167,12.300668,-3.994855333,1.647301768,62.6466412,-15.07094478,41.62341162,21.00885568,8.172756872,4.125088813
1.584587833,12.26096333,-3.987744733,1.646900792,62.44442747,-15.04411941,41.54874624,20.88130732,8.158096325,4.100044693
1.5835575,12.22143867,-3.984829433,1.646456148,62.24313046,-15.03312119,41.51813392,20.71062264,8.152085595,4.066530756
1.582560667,12.187656,-3.996105267,1.645959918,62.07107716,-15.07566027,41.63653664,20.42016662,8.175333969,4.009499715
1.5815783,12.13626667,-3.9501477,1.645739055,61.80935404,-14.90228128,41.15395583,20.64102432,8.080579226,4.052865125
1.580546867,12.100523,-3.960012733,1.645237283,61.62731347,-14.93949799,41.25754433,20.35539524,8.10091883,3.996781854
1.5795641,12.05956667,-3.949904767,1.644861421,61.41872507,-14.9013648,41.15140489,20.25294628,8.080078349,3.976666002
1.578613,12.015527,-3.927238933,1.644562916,61.19443341,-14.81585594,40.91340063,20.26665888,8.033346214,3.97935847
1.5775747,11.98287233,-3.938003,1.644008503,61.02812495,-14.85646433,41.02642951,19.98732154,8.055539434,3.924510584
1.576574033,11.93897033,-3.921926433,1.643658391,60.80453442,-14.79581406,40.85761634,19.93254418,8.022392968,3.91375505
1.575600033,11.893854,-3.893617867,1.64335294,60.57475936,-14.68901749,40.56036015,20.00002531,7.964026715,3.92700497
1.5744947,11.85589167,-3.8897559,1.642810145,60.38141923,-14.67444788,40.51980728,19.84723805,7.95606416,3.897005192
1.573515533,11.816833,-3.902297167,1.642409763,60.18249554,-14.72176092,40.65149778,19.51662387,7.981921588,3.832089096
1.572554933,11.774738,-3.886466667,1.642072941,59.96810797,-14.66203896,40.48526844,19.46846563,7.949282459,3.822633225
1.571577,11.74140467,-3.8924997,1.641588952,59.79834309,-14.68479911,40.54861876,19.23535044,7.961721293,3.776861059
1.5705539,11.68705567,-3.835912233,1.641371213,59.52154656,-14.47131789,39.95441789,19.55275476,7.845049953,3.839183398
1.5695903,11.65161833,-3.8523268,1.640932736,59.34106612,-14.53324329,40.12678026,19.19991196,7.878893304,3.769902714
1.5685529,11.614634,-3.8536871,1.640443382,59.1527069,-14.53837515,40.14106419,18.99726881,7.881697954,3.730113731
1.567508333,11.56729067,-3.8204317,1.640100364,58.91158985,-14.41291621,39.79186341,19.10535253,7.813132381,3.75133597
1.566563333,11.52876233,-3.827039933,1.63972629,58.71536712,-14.43784636,39.86125365,18.83973956,7.826757155,3.699182863
1.565565567,11.48490233,-3.8044211,1.639378456,58.49199049,-14.35251481,39.62374293,18.85387366,7.780121924,3.701958094
1.5645929,11.45611767,-3.808746967,1.63883233,58.34539173,-14.36883452,39.66916701,18.66185082,7.789040942,3.664254409
1.5635799,11.424244,-3.826808367,1.638291644,58.18306086,-14.43697275,39.85882207,18.30986489,7.826279714,3.595141971
1.5625203,11.380075,-3.806357933,1.637886555,57.95811052,-14.35982168,39.64408079,18.29965583,7.784115263,3.593137422
1.561526667,11.33593333,-3.785213933,1.637547028,57.73329938,-14.28005407,39.42205666,18.29686882,7.740520825,3.592590193
1.560534667,11.295099,-3.7713138,1.637160125,57.52533231,-14.22761459,39.27609729,18.23486113,7.711861702,3.580414982
1.559533533,11.255195,-3.7694924,1.636750302,57.32210339,-14.2207432,39.25697154,18.05075794,7.708106362,3.544266322
1.558556133,11.22495067,-3.785513033,1.636221073,57.16807062,-14.28118245,39.42519738,17.72849934,7.741137506,3.480990845
1.5575836,11.18245567,-3.776424967,1.635878244,56.95164587,-14.24689692,39.32976747,17.6075045,7.722399842,3.457233509
1.556556667,11.13939733,-3.752081167,1.635489364,56.73235209,-14.15505778,39.0741436,17.64383459,7.672208096,3.464366921
1.555573733,11.10995667,-3.774070567,1.634942692,56.58241236,-14.23801474,39.30504492,17.26299354,7.71754557,3.389588782
1.554531233,11.06716633,-3.752453567,1.634534274,56.36448349,-14.1564627,39.07805402,17.27205557,7.672975906,3.391368112
1.553566567,11.02648633,-3.747147733,1.634172417,56.15730244,-14.13644597,39.02233972,17.12058881,7.662036405,3.361627613
1.552551933,10.98397767,-3.724617333,1.633787691,55.94080808,-14.05144805,38.7857576,17.14067658,7.615583504,3.365571847
1.551567567,10.946883,-3.729878733,1.633353005,55.75188694,-14.07129714,38.84100532,16.89650772,7.626431394,3.317629291
1.550573533,10.90047933,-3.697299933,1.633046597,55.51555556,-13.94839074,38.49890923,17.00227243,7.559260827,3.338396191
1.549594067,10.867377,-3.721940533,1.632557652,55.34696715,-14.04134958,38.75764966,16.57494359,7.610064511,3.254490173
1.548557267,10.828661,-3.706812633,1.632094558,55.14978864,-13.98427824,38.59879803,16.53661671,7.578873994,3.24696469
1.547569167,10.79215667,-3.699882433,1.631647392,54.96387403,-13.95813345,38.52602696,16.42347317,7.564585393,3.224748958
1.5465578,10.74844667,-3.682427267,1.631283734,54.74126135,-13.89228229,38.3427377,16.38414976,7.528596547,3.217027805
1.545577933,10.71151033,-3.688141633,1.630851203,54.55314659,-13.91384024,38.40274182,16.13603087,7.540378357,3.168309661
1.544590733,10.68415533,-3.722108767,1.630269358,54.41382905,-14.04198426,38.75941621,15.64003894,7.610411373,3.070921645
1.543590567,10.64095613,-3.6959603,1.629909332,54.19381784,-13.94333685,38.48484231,15.69460163,7.556498787,3.081635031
1.5425676,10.6020929,-3.6912179,1.629462253,53.99588948,-13.92544573,38.43504439,15.54647119,7.546720966,3.052549619
1.541557,10.5635744,-3.676890833,1.629022433,53.79971683,-13.87139561,38.28460197,15.50074096,7.517181597,3.043570488
1.540543167,10.5158531,-3.645262333,1.62871575,53.55667482,-13.75207429,37.95248458,15.58981634,7.451970346,3.061060438
1.539578067,10.48425393,-3.668700167,1.628218897,53.39574196,-13.84049559,38.19859527,15.18277279,7.500294181,2.981137436
1.5385731,10.43928847,-3.630723967,1.627880244,53.16673525,-13.69722702,37.79982339,15.35253797,7.421995322,3.014470829
1.537600067,10.40557003,-3.6436095,1.627406861,52.99500908,-13.74583884,37.93512888,15.0455063,7.448562555,2.954185163
1.5365462,10.3604269,-3.618003767,1.627021941,52.76509753,-13.64923894,37.66625399,15.08446964,7.395768971,2.961835614
1.535544867,10.33279393,-3.6524291,1.626430082,52.62436432,-13.77911156,38.02773974,14.58225068,7.466746697,2.863224921
1.5345417,10.30035313,-3.658413,1.625907634,52.45914506,-13.80168635,38.09057412,14.35419704,7.479084228,2.818446589
1.533551833,10.26589147,-3.6671006,1.625428432,52.28363365,-13.83446109,38.1817989,14.08746084,7.496996215,2.766072937
1.532553867,10.21773607,-3.632288133,1.625144048,52.03838078,-13.70312798,37.81624803,14.20775885,7.425220301,2.78969345
1.531556433,10.17620897,-3.6198957,1.624761977,51.82688549,-13.65637643,37.68612037,14.12639122,7.399669735,2.773716916
1.530592633,10.13322353,-3.593096567,1.624435149,51.60796299,-13.55527433,37.4047141,14.18887499,7.344415614,2.785985604
1.529564933,10.1054737,-3.6276021,1.623818656,51.46663458,-13.6854495,37.76704199,13.68521869,7.415558696,2.687092689
1.528572567,10.06955367,-3.632221933,1.623358564,51.28369578,-13.70287823,37.8155529,13.45376899,7.425083811,2.64164754
1.527564367,10.02692693,-3.603722033,1.622982021,51.06660012,-13.59535984,37.5162876,13.53593862,7.366323069,2.657781548
1.5265789,9.989050133,-3.606055167,1.622557825,50.87369561,-13.60416179,37.54078683,13.31853488,7.371133495,2.615094323
1.5255748,9.945458867,-3.585332233,1.622199675,50.65168763,-13.5259827,37.32318415,13.31412959,7.328407207,2.614229344
1.5246007,9.9088509,-3.592323867,1.621768044,50.46524523,-13.55235925,37.39660031,13.05427102,7.34282247,2.563206114
1.523556133,9.862840867,-3.562023933,1.62140527,50.2309186,-13.43805007,37.07843363,13.13811107,7.280350442,2.579668109
1.522576967,9.8252871,-3.567588633,1.620982587,50.03965928,-13.4590434,37.13686617,12.88841921,7.291823672,2.530641113
1.5215648,9.784231833,-3.533646333,1.620578791,49.83056701,-13.33099307,36.78045255,13.03574057,7.221841857,2.55956766
1.520574933,9.7512586,-3.545448867,1.620077533,49.66263611,-13.37551917,36.90438592,12.74387629,7.246176175,2.50226011
1.5195881,9.708895767,-3.5188214,1.619718446,49.44688448,-13.2750647,36.62478224,12.80772833,7.191275993,2.514797458
1.518597633,9.6733441,-3.5346457,1.619254796,49.26582175,-13.33476327,36.79094647,12.46050138,7.223902339,2.446619445
1.517575033,9.635832267,-3.526642967,1.618788059,49.074776,-13.30457225,36.70691318,12.35348892,7.207402403,2.425607549
1.5165364,9.600457267,-3.5167556,1.618273624,48.89461302,-13.26727129,36.60309016,12.27714896,7.187016752,2.410618199
1.515573233,9.555463967,-3.482653067,1.617977183,48.66546456,-13.13861647,36.24499399,12.40609667,7.116704571,2.435937081
1.5145622,9.519807533,-3.4907871,1.617494519,48.48386826,-13.16930283,36.33040601,12.13908835,7.13347522,2.383509998
1.513535333,9.4811289,-3.467095633,1.617040805,48.28688006,-13.07992467,36.08163202,12.19087414,7.084628447,2.393678138
1.512592367,9.439764067,-3.455747067,1.616710796,48.07621119,-13.0371112,35.96246556,12.09937173,7.061230112,2.375711639
1.511547233,9.402971533,-3.455651667,1.616210867,47.88882879,-13.0367513,35.9614638,11.91299109,7.061033418,2.3391158
1.510530667,9.360099167,-3.435812933,1.615829597,47.67048213,-12.96190792,35.75314572,11.90296251,7.020130163,2.337146688
1.509512567,9.3228069,-3.428646,1.615364106,47.48055462,-12.93487003,35.67788881,11.78829191,7.005353468,2.314631116
1.508587367,9.287315133,-3.4181508,1.614964835,47.29979696,-12.89527596,35.56768319,11.71773987,6.983714595,2.300778223
1.507555067,9.2557713,-3.433469133,1.614399962,47.13914591,-12.95306573,35.72853448,11.39623753,7.015297745,2.23765124
1.506558433,9.217118367,-3.4179426,1.613976101,46.9422886,-12.89449051,35.56549697,11.36241773,6.98328533,2.231010721
1.5055615,9.171039433,-3.3953072,1.613661981,46.70761107,-12.80909647,35.32781229,11.36542488,6.936615943,2.231601175
1.504567633,9.133629333,-3.395732467,1.613222469,46.51708344,-12.81070082,35.33227783,11.17043171,6.937492752,2.193314266
1.503596767,9.093139833,-3.3792536,1.61285159,46.31087259,-12.74853284,35.15924028,11.13725841,6.903516829,2.186800689
1.502583367,9.054191967,-3.380589,1.612415332,46.1125132,-12.75357075,35.17326274,10.92487655,6.90627014,2.145099511
1.501564567,9.013136467,-3.3615385,1.612004906,45.90341974,-12.68170106,34.97322157,10.91582428,6.866992054,2.143322097
1.500551133,8.976037467,-3.360312933,1.611541218,45.71447653,-12.6770775,34.96035241,10.73975022,6.864465196,2.108749955
1.499563433,8.937442133,-3.334193233,1.611125437,45.51791257,-12.57853863,34.68608058,10.81745809,6.810611922,2.124007896
1.4985726,8.897785167,-3.3235348,1.610722253,45.31594177,-12.53832874,34.57416091,10.72740696,6.788636496,2.106326356
1.4975804,8.860500333,-3.319302633,1.610282553,45.12605212,-12.52236252,34.52972074,10.58195748,6.779910667,2.077767351
1.4965464,8.820668533,-3.305170867,1.609838793,44.9231909,-12.46904918,34.38132908,10.52748792,6.750773965,2.067072253
1.495570367,8.778071733,-3.2870943,1.609493974,44.70624769,-12.40085374,34.19151476,10.50035903,6.713503923,2.061745495
1.4945276,8.742533367,-3.289057567,1.608977826,44.5252527,-12.40826033,34.21213019,10.29874861,6.717551762,2.022159289
1.4935337,8.703456867,-3.265657167,1.608562975,44.32623818,-12.31998026,33.96641256,10.34545172,6.669305107,2.031329445
1.4925791,8.6670265,-3.260955433,1.608148212,44.14070028,-12.30224255,33.91704167,10.20928471,6.659611131,2.004593054
1.491576167,8.630063367,-3.251760267,1.607693011,43.95244903,-12.26755297,33.82048714,10.11758799,6.64065265,1.986588401
1.4905655,8.595641133,-3.2562598,1.607192424,43.77713844,-12.28452786,33.86773482,9.895029721,6.649929732,1.942889086
1.489563867,8.552444633,-3.2230366,1.606830891,43.55714099,-12.1591904,33.51887216,10.02389493,6.581430549,1.968191769
1.488548967,8.5088169,-3.2047112,1.606462482,43.33494729,-12.09005621,33.32644495,9.994128437,6.543647466,1.962347119
1.487548933,8.474602233,-3.211409267,1.605969453,43.16069383,-12.11532526,33.39677849,9.749541436,6.557457457,1.914322461
1.4865621,8.4350947,-3.1909287,1.605568055,42.95948408,-12.03806051,33.18172079,9.76338939,6.515230878,1.917041507
1.485569,8.3969687,-3.180106,1.605139919,42.76531042,-11.99723092,33.06807624,9.682860279,6.492916769,1.901229616
1.4845931,8.358374933,-3.167900333,1.604735914,42.56875444,-11.95118396,32.93990973,9.614470801,6.467751276,1.887801342
1.4835888,8.321435767,-3.163578833,1.604278991,42.38062524,-11.93488072,32.8945315,9.471719839,6.458841261,1.85977219
1.482566767,8.2786706,-3.135118733,1.603890666,42.16282455,-11.82751248,32.59568413,9.552766519,6.400162579,1.875685706
1.481588667,8.235323733,-3.112153467,1.603554894,41.94206129,-11.74087398,32.35453565,9.57315173,6.352813076,1.879688342
1.480559733,8.201830867,-3.1224022,1.60302227,41.77148391,-11.77953824,32.46215323,9.294956781,6.373943787,1.825064764
1.479584067,8.164682533,-3.1168429,1.602597079,41.58228945,-11.75856528,32.40377739,9.164138154,6.362481691,1.799378527
1.478566033,8.132316267,-3.1265067,1.60205866,41.41744979,-11.79502282,32.50525284,8.897823054,6.382406395,1.747087557
1.477609833,8.092882333,-3.0989783,1.601686805,41.21661489,-11.6911695,32.21618885,8.986052142,6.32564868,1.764411338
1.476568733,8.047991433,-3.0636027,1.601310914,40.98798795,-11.55771193,31.84472475,9.128889294,6.252711705,1.792457413
1.475593833,8.0159499,-3.073769867,1.600810816,40.82480214,-11.59606846,31.95148583,8.858942403,6.273674244,1.739453341
1.474563133,7.973899833,-3.047722633,1.600403228,40.61064341,-11.49780297,31.67797494,8.918294565,6.21997038,1.751107138
1.473540367,7.9407905,-3.060372133,1.599871086,40.44201935,-11.54552433,31.81080195,8.616843503,6.246050963,1.691917222
1.472549333,7.901356233,-3.042863667,1.599464403,40.24118275,-11.47947209,31.62695301,8.599855846,6.209952223,1.688581695
1.471540333,7.8572324,-3.0056618,1.599109245,40.01646244,-11.33912476,31.23631206,8.765776475,6.133249874,1.721160211
1.4705615,7.8231449,-3.0186197,1.598635531,39.84285663,-11.38800958,31.37237745,8.456105285,6.159966312,1.660356273
1.4695989,7.788168267,-3.0039251,1.598191227,39.66472252,-11.33257291,31.21807572,8.432272901,6.129669167,1.655676784
1.468554733,7.7460124,-2.9728888,1.59777174,39.45002496,-11.21548572,30.89217676,8.543474291,6.065678908,1.677511177
1.4675801,7.7120741,-2.980875933,1.597300015,39.27717902,-11.24561789,30.97604625,8.286758871,6.08214668,1.627105104
1.466572067,7.665484433,-2.9365978,1.596982363,39.03990035,-11.07857472,30.51110044,8.514426002,5.990854572,1.671807546
1.465579,7.632818033,-2.950652433,1.596473358,38.87353213,-11.13159706,30.65868216,8.20047607,6.019832242,1.610163476
1.464570667,7.5907375,-2.9345881,1.596088588,38.65921823,-11.07099295,30.48999744,8.15484689,5.986710998,1.601204187
1.4635595,7.5508229,-2.918373167,1.595668889,38.45593532,-11.00982068,30.31973134,8.121830078,5.953279249,1.594721336
1.462564867,7.513652633,-2.902160067,1.595225057,38.26662915,-10.94865532,30.14948449,8.102770758,5.91985128,1.590979038
1.461594167,7.477032,-2.8999099,1.594797014,38.08012223,-10.94016637,30.12585645,7.939891881,5.915211914,1.558997771
1.4605897,7.434084267,-2.868809067,1.594428961,37.86139173,-10.82283573,29.79927986,8.047737974,5.8510886,1.580173351
1.459566033,7.4018356,-2.874266533,1.593883166,37.69715101,-10.8434245,29.85658639,7.826190717,5.862340737,1.536672547
1.458560767,7.366383067,-2.877616233,1.593403247,37.51659316,-10.85606154,29.89176016,7.610459098,5.869247107,1.494313644
1.457554567,7.323646567,-2.843822,1.593030331,37.29893846,-10.72856981,29.53690132,7.747663236,5.799570575,1.521253676
1.4565685,7.290260967,-2.853848267,1.592538983,37.12890739,-10.76639479,29.64218288,7.472350617,5.820242608,1.467196044
1.455560033,7.251492833,-2.824929933,1.592104995,36.93146337,-10.65729782,29.33852379,7.578565686,5.760619145,1.488051373
1.454570867,7.213308333,-2.8046059,1.591681659,36.73699177,-10.58062361,29.12510978,7.597508089,5.718715305,1.491770713
1.4535606,7.176863967,-2.801141733,1.591211437,36.55138257,-10.56755473,29.08873404,7.448274625,5.711572929,1.462468723
1.4525709,7.143580733,-2.806150533,1.590714939,36.38187285,-10.58645087,29.14132931,7.226169632,5.721900011,1.418858407
1.451591967,7.101415,-2.771991233,1.590360832,36.16712503,-10.4575819,28.78263707,7.370114064,5.651470788,1.447121896
1.4506178,7.0644741,-2.767138333,1.589934068,35.97898701,-10.4392739,28.73167883,7.232934279,5.641465139,1.420186646
1.449573033,7.0219949,-2.752021767,1.589518772,35.76264273,-10.38224532,28.57294621,7.175322617,5.610297989,1.408874596
1.448595967,6.988824833,-2.7557001,1.589033231,35.59370936,-10.39612216,28.61157082,6.96776464,5.617881931,1.368120587
1.4475675,6.9528341,-2.735581567,1.588538087,35.41041049,-10.32022321,28.40031468,6.99572191,5.576401788,1.373609997
1.446518733,6.9112452,-2.715810633,1.588105598,35.19860046,-10.24563562,28.19270854,6.991518019,5.535638322,1.372784563
1.445610533,6.8699824,-2.7013382,1.587808844,34.98845124,-10.19103708,28.04073969,6.933337648,5.505799237,1.361360847
1.4446077,6.838871933,-2.715718167,1.587267016,34.8300073,-10.24528678,28.19173759,6.623895813,5.535447675,1.300601943
1.443614367,6.801743833,-2.689436367,1.586823859,34.64091588,-10.14613637,27.91576361,6.710778372,5.481260185,1.317661333
1.442590267,6.761151133,-2.668364267,1.586401275,34.43417944,-10.06664001,27.69449447,6.72531107,5.437813989,1.320514829
1.441568,6.7230565,-2.652239233,1.585943508,34.24016552,-10.00580689,27.52517237,6.700619249,5.404567595,1.31566659
1.440554833,6.688961033,-2.652566467,1.585435579,34.06651914,-10.00704141,27.52860851,6.523536732,5.405242281,1.280896437
1.4395941,6.6428267,-2.604040467,1.58515848,33.83155946,-9.823972787,27.01905767,6.798127888,5.305191974,1.334812411
1.438578567,6.613647933,-2.625841733,1.584575327,33.68295357,-9.906219992,27.24798348,6.420596191,5.350141556,1.260684062
1.437595833,6.572315533,-2.602955133,1.584205071,33.47244988,-9.819878271,27.00766105,6.450414928,5.302954247,1.266538971
1.436575667,6.538344867,-2.603118733,1.583688293,33.2994391,-9.820495467,27.00937894,6.275686254,5.303291555,1.232230996
1.435563233,6.497819733,-2.586118533,1.583276375,33.09304677,-9.75636071,26.83086709,6.247805779,5.268240753,1.226756665
1.434515567,6.456995967,-2.562829,1.582833648,32.88513352,-9.668498887,26.58631363,6.28444599,5.220222681,1.23395097
1.4334421,6.4211526,-2.558370333,1.58229132,32.70258518,-9.651678173,26.53949507,6.148716207,5.211029857,1.207300427
1.432490433,6.3802218,-2.5329365,1.58194618,32.49412681,-9.555726789,26.27242523,6.207327682,5.158590694,1.21880879
1.4315113,6.348101,-2.543006967,1.581443023,32.33053731,-9.593718515,26.37817091,5.937992496,5.179353858,1.165924827
1.430507033,6.310973767,-2.531467667,1.58098892,32.1414503,-9.550185486,26.25700164,5.870074761,5.155562272,1.152589179
1.429508233,6.270120767,-2.505378467,1.580595494,31.93338817,-9.451761673,25.98305007,5.935964194,5.101771882,1.165526569
1.428543633,6.2321919,-2.487608033,1.580192936,31.74021849,-9.384721143,25.79645033,5.929394258,5.065133022,1.164236563
1.427505433,6.190990467,-2.471694667,1.579765273,31.5303818,-9.324686561,25.62935085,5.886657051,5.032323039,1.155845112
1.426472633,6.1608728,-2.483737967,1.579178767,31.37699414,-9.370120974,25.75581241,5.606807834,5.057153766,1.100896718
1.4255071,6.119384767,-2.450632633,1.578828017,31.16569782,-9.245228179,25.40818742,5.7431365,4.988897599,1.127664852
1.424512,6.0842527,-2.4467919,1.578353515,30.98677209,-9.230738673,25.36785751,5.604540676,4.980978823,1.100451562
1.4235146,6.047978867,-2.439633233,1.577893633,30.80203141,-9.20373197,25.29268741,5.494970098,4.966219172,1.078937379
1.422549667,6.007204067,-2.4139217,1.577532914,30.59436754,-9.106732938,25.02270156,5.557292082,4.913207451,1.0911743
1.4214788,5.9712666,-2.407230067,1.576994581,30.41133995,-9.08148816,24.95243557,5.444530484,4.899410724,1.069033561
1.4204974,5.9342747,-2.392050433,1.576561339,30.2229422,-9.024221652,24.79304071,5.415527583,4.868113544,1.063338841
1.419533,5.895393067,-2.3733777,1.5761731,30.02492013,-8.953777115,24.5969663,5.413579925,4.829614333,1.062956418
1.418507233,5.8599914,-2.365130867,1.575671927,29.84462134,-8.922665208,24.51036982,5.31987762,4.812611114,1.044557971
1.417533733,5.8217721,-2.347155567,1.575264774,29.6499725,-8.8548518,24.32161886,5.31397974,4.775549863,1.043399922
1.416534867,5.7831009,-2.329610833,1.57483895,29.45302215,-8.788662743,24.13738909,5.301259161,4.739376348,1.040902236
1.4154982,5.747729333,-2.320875433,1.574326431,29.27287667,-8.755707675,24.04566238,5.212840384,4.721365809,1.023541209
1.4145134,5.711843333,-2.315010133,1.573873402,29.0901112,-8.733580312,23.98407337,5.091663929,4.709272806,0.999748212
1.4135251,5.672004033,-2.2875955,1.573475454,28.88721178,-8.630156185,23.69620399,5.176633891,4.652749653,1.016432064
1.412503133,5.637986333,-2.289257733,1.572957573,28.71396146,-8.636427107,23.71365839,4.985929169,4.656176826,0.978987192
1.4115183,5.603662633,-2.2819678,1.572481359,28.5391527,-8.60892519,23.63710991,4.887668891,4.641146531,0.959693787
1.410485833,5.564567733,-2.261315567,1.572028214,28.34004448,-8.531012814,23.42024961,4.905420963,4.598566012,0.963179406
1.409502367,5.525842967,-2.243109767,1.571618584,28.14282132,-8.462329825,23.22907827,4.899369151,4.561029518,0.961991133
1.4085197,5.488393,-2.233868767,1.571190863,27.95209065,-8.427467336,23.13204247,4.805674284,4.541976539,0.943594146
1.4075095,5.453427967,-2.224652567,1.570698787,27.77401562,-8.392698407,23.03526708,4.724374635,4.522974692,0.92763096
1.406533067,5.413013933,-2.196963333,1.570321222,27.56818912,-8.288238327,22.74451425,4.809300969,4.465885373,0.944306245
1.405528033,5.378742067,-2.197049933,1.56982404,27.39364434,-8.288565033,22.7454236,4.633846844,4.466063923,0.909855828
1.404492667,5.3435122,-2.190324233,1.569310722,27.21422052,-8.263191736,22.67479989,4.525046734,4.452196958,0.888492926
1.4035686,5.303221533,-2.161360833,1.568983696,27.00902232,-8.153924749,22.37066757,4.623980849,4.392480578,0.90791864
1.402558667,5.269335133,-2.1553499,1.568475902,26.83644071,-8.131247972,22.30754933,4.514517483,4.38008731,0.886425508
1.4015474,5.2289715,-2.133123733,1.568062757,26.63087089,-8.047397794,22.07416183,4.542335167,4.334261675,0.89188751
1.400548467,5.196273167,-2.1345834,1.567548359,26.46434004,-8.052904516,22.08948916,4.360476975,4.337271197,0.856179654
1.3995052,5.157158367,-2.104894133,1.567084708,26.26513046,-7.940899134,21.77773483,4.473021732,4.276058234,0.878277817
1.3985656,5.1215067,-2.0957126,1.566673407,26.08355844,-7.906260988,21.68132346,4.387861076,4.257127862,0.861556522
1.397562033,5.083256233,-2.0770174,1.566236648,25.88875087,-7.835731694,21.48501314,4.389363829,4.21858233,0.861851588
1.396537267,5.047649567,-2.072343567,1.565739513,25.70740803,-7.818099244,21.43593521,4.25709892,4.208945878,0.835881373
1.395531633,5.009378767,-2.053868667,1.565300989,25.5124969,-7.748401051,21.24193816,4.25618484,4.170854558,0.835701893
1.394520867,4.9698248,-2.032435,1.564876346,25.31105067,-7.66754065,21.01687237,4.279804409,4.126662889,0.840339596
1.393501567,4.935107233,-2.023714833,1.564371503,25.13423597,-7.63464305,20.92530561,4.19455646,4.108683757,0.823601161
1.3925037,4.898806433,-2.018858567,1.563911553,24.94935795,-7.616322355,20.87431203,4.060672021,4.098671166,0.797312951
1.391422867,4.8577229,-1.996148633,1.563439509,24.74012172,-7.530647125,20.6358447,4.089903121,4.051848107,0.803052478
1.390416333,4.824249867,-1.987449767,1.562928991,24.56964536,-7.497829881,20.54450161,4.010769851,4.033912891,0.78751466
1.389399767,4.786193533,-1.9695007,1.562476355,24.3758265,-7.430115441,20.35602611,4.005426487,3.996905727,0.786465491
1.3883442,4.749608667,-1.961229333,1.561962916,24.18950174,-7.398910979,20.26917202,3.905955822,3.979851926,0.766934426
1.387324067,4.710561767,-1.946181367,1.561521392,23.99063798,-7.342141195,20.11115974,3.86510434,3.948826214,0.758913237
1.386310933,4.671824767,-1.922879467,1.561082277,23.79335252,-7.254232718,19.86647642,3.912502198,3.900782645,0.768219807
1.385319867,4.633173633,-1.897723033,1.560663955,23.59650437,-7.159327851,19.60231944,3.979811034,3.848915421,0.781435897
1.384348333,4.602107067,-1.907353933,1.560152777,23.43828402,-7.195661272,19.70344941,3.720460704,3.868772292,0.730512459
1.383361767,4.5629592,-1.879966267,1.559746316,23.23890604,-7.092338879,19.4158632,3.808668934,3.812304739,0.747832145
1.3823426,4.526696833,-1.868251867,1.559264497,23.05422375,-7.04814527,19.29285528,3.746994569,3.788152134,0.735722384
1.381348267,4.493897767,-1.8640295,1.558756192,22.88717987,-7.032216018,19.24851801,3.624287957,3.779446511,0.71162894
1.380340767,4.456331733,-1.8424587,1.558305358,22.69585808,-6.950838269,19.02201223,3.659471942,3.734972102,0.718537316
1.379322667,4.420302733,-1.829088633,1.557821147,22.51236432,-6.900398511,18.88161886,3.616371551,3.707405864,0.710074554
1.378348933,4.3837958,-1.811605833,1.557388386,22.32643647,-6.834443103,18.69803943,3.61402313,3.671360043,0.709613442
1.377363367,4.345690167,-1.794313267,1.556967481,22.13236652,-6.769205367,18.51645756,3.601535057,3.635706443,0.707161408
1.3763483,4.311718767,-1.788943833,1.556455814,21.95935201,-6.748948705,18.46007543,3.484902672,3.624635812,0.68426064
1.375340867,4.2774581,-1.7767122,1.555956067,21.78486427,-6.702803788,18.33163627,3.438854104,3.599416781,0.675219003
1.3743618,4.2405464,-1.760917567,1.55552397,21.59687497,-6.643217138,18.16578356,3.41671751,3.566851601,0.670872483
1.3733473,4.204630733,-1.7469208,1.55504168,21.41395841,-6.590413098,18.01880948,3.380775029,3.537993241,0.663815177
1.372338167,4.1708464,-1.7364334,1.554533174,21.24189661,-6.550848455,17.90868576,3.318836951,3.516370449,0.651653635
1.371352467,4.1350951,-1.7235153,1.554077249,21.05981716,-6.502113781,17.7730383,3.272404961,3.48973607,0.642536714
1.370346533,4.100007133,-1.711862633,1.553591261,20.88111603,-6.458153066,17.65067862,3.216063517,3.465710746,0.631474072
1.369361267,4.0629223,-1.692118033,1.55315553,20.69224497,-6.383664818,17.44334899,3.23452208,3.425001574,0.63509841
1.368326,4.026362667,-1.677533733,1.552662016,20.50604872,-6.328644257,17.29020547,3.201469348,3.394931845,0.628608507
1.367340267,3.9924627,-1.6672232,1.552178624,20.33339801,-6.289746859,17.18193896,3.137085154,3.373673715,0.61596667
1.366315133,3.958676633,-1.6617196,1.551654143,20.16132739,-6.268984042,17.124148,3.022805489,3.36232646,0.593527858
1.365343133,3.9247016,-1.652069533,1.551185597,19.98829437,-6.232578313,17.02281677,2.951103706,3.342430072,0.579449213
1.3642971,3.882698333,-1.622122267,1.550761982,19.77437399,-6.119599603,16.70835329,3.051646805,3.280685168,0.59919085
1.3632425,3.842622367,-1.612172333,1.550301241,19.57026925,-6.0820626,16.60387328,2.952022068,3.260170518,0.579629533
1.362285433,3.8079122,-1.5989655,1.549858521,19.39349223,-6.032238654,16.46519395,2.91392438,3.232940833,0.572149052
1.361263933,3.7724183,-1.577956067,1.549362981,19.21272371,-5.95297871,16.24458285,2.953766957,3.189623843,0.579972142
1.360257867,3.738027433,-1.5699672,1.54886653,19.03757287,-5.922840005,16.16069517,2.862503804,3.173152496,0.562052622
1.359225,3.701614233,-1.554171267,1.548373246,18.8521224,-5.86324845,15.99482881,2.842919694,3.140584636,0.558207282
1.358246433,3.668213267,-1.549039767,1.547889626,18.68201307,-5.843889413,15.94094511,2.726694059,3.130004573,0.535386379
1.357215,3.631325133,-1.525443933,1.547404814,18.49414379,-5.754872046,15.69317533,2.786594564,3.081354975,0.547147843
1.3562645,3.5984307,-1.517621967,1.546941754,18.32661421,-5.725362986,15.61104019,2.70120012,3.065227741,0.530380643
1.355213633,3.562107633,-1.4972772,1.546429135,18.14162278,-5.648610556,15.39740847,2.729840414,3.023281153,0.536004165
1.354217767,3.528596167,-1.488826067,1.545929852,17.97095068,-5.616727908,15.30866672,2.647910063,3.00585671,0.519917141
1.353224833,3.4935167,-1.471807167,1.545456738,17.79229284,-5.552522604,15.12995851,2.647960437,2.970767353,0.519927032
1.352245233,3.458883567,-1.457924867,1.544990344,17.61590816,-5.500150401,14.98418639,2.617347863,2.942144998,0.513916253
1.3512446,3.425475167,-1.452922633,1.544484767,17.44576097,-5.481279033,14.93166007,2.499726997,2.931831455,0.490821396
1.3502653,3.393315567,-1.444854833,1.543982019,17.28197386,-5.450842545,14.84694355,2.42065641,2.915197365,0.475295886
1.349244067,3.3574256,-1.424066033,1.543492615,17.09918818,-5.37241496,14.62864922,2.456165064,2.872335274,0.48226801
1.3482137,3.3237362,-1.412217867,1.542961469,16.92760988,-5.327716704,14.50423667,2.408999307,2.847906871,0.473007014
1.347204433,3.2890342,-1.3910169,1.542466428,16.75087446,-5.247734183,14.28161436,2.454886197,2.80419498,0.482016905
1.3462451,3.255535033,-1.380032733,1.542003497,16.580265,-5.206295444,14.16627431,2.399616792,2.781547961,0.471164757
1.345250033,3.220233933,-1.363316633,1.541531533,16.4004784,-5.143232479,13.99074567,2.395358826,2.747082912,0.470328706
1.344194167,3.1854479,-1.3476967,1.540991138,16.223315,-5.084304901,13.82672741,2.382213688,2.714877927,0.467747658
1.3432415,3.1550111,-1.351573333,1.540489494,16.06830201,-5.098929842,13.86743428,2.186493827,2.722870722,0.429318063
1.342271833,3.118718,-1.3239464,1.54005763,15.8834632,-4.994704795,13.57733564,2.291753667,2.665909852,0.449985833
1.341232233,3.084081567,-1.3072079,1.539531285,15.70706171,-4.931557324,13.40157178,2.291116025,2.63139862,0.449860632
1.3402364,3.051796867,-1.301420233,1.539013857,15.54263747,-4.909722841,13.34079796,2.187465603,2.61946568,0.429508871
1.3392208,3.0183809,-1.286268633,1.538493426,15.37245174,-4.852562091,13.18169747,2.176380372,2.588226298,0.427332286
1.3382162,2.984406133,-1.2689386,1.537992275,15.19942008,-4.787183008,12.99972218,2.185324003,2.55249545,0.429088368
1.337254133,2.952017233,-1.263798433,1.537510158,15.03446516,-4.767791275,12.94574748,2.074343774,2.541897518,0.4072974
1.336289,2.917611267,-1.244729233,1.537054864,14.85923742,-4.695851033,12.74550994,2.099353574,2.502580877,0.412208074
1.335242233,2.886370667,-1.23984,1.536471031,14.70013072,-4.677405968,12.69417019,1.991586631,2.492500316,0.391048035
1.3342325,2.851546767,-1.2206258,1.535977329,14.52277447,-4.604918701,12.49241006,2.015990502,2.452884716,0.395839735
1.333249967,2.8192314,-1.210067067,1.535473656,14.35819404,-4.565084946,12.38153731,1.962282833,2.43111485,0.385294234
1.332209933,2.786158767,-1.196747867,1.534923704,14.1897569,-4.514837087,12.24167807,1.933704929,2.403653488,0.379682963
1.3312015,2.753611233,-1.1878611,1.534397571,14.02399406,-4.481310974,12.14836192,1.861258238,2.385330863,0.365458055
1.3302276,2.719864933,-1.167731247,1.533923735,13.85212597,-4.405369324,11.93698691,1.900765153,2.34382738,0.373215238
1.329232533,2.688531967,-1.15867665,1.53339297,13.69254885,-4.371210058,11.84190845,1.836266497,2.325158725,0.360550927
1.328218633,2.6554308,-1.14496126,1.532869575,13.52396639,-4.319467537,11.69788899,1.811703497,2.296880503,0.355727982
1.327198967,2.6239753,-1.135573707,1.532316026,13.36376522,-4.284052162,11.59931429,1.75007702,2.277525362,0.343627623
1.326204067,2.591211,-1.12271328,1.531806638,13.1968984,-4.235535066,11.46427244,1.718252058,2.251009893,0.337378792
1.3252107,2.5580945,-1.105456187,1.531304003,13.02823784,-4.170431157,11.28306306,1.730800883,2.215429431,0.339842753
1.3242204,2.5252258,-1.08726537,1.530800762,12.86083932,-4.101804693,11.09204905,1.75441637,2.17792383,0.344479654
1.323260967,2.492374233,-1.070525487,1.530328134,12.69352805,-4.038652004,10.91627067,1.762883484,2.143409746,0.346142172
1.3222365,2.462299233,-1.06956387,1.529749329,12.54035769,-4.03502422,10.90617314,1.619810652,2.141427096,0.318049821
1.321249333,2.431983633,-1.063359113,1.529211389,12.38596197,-4.011616227,10.84101964,1.530568434,2.128634206,0.300527112
1.320241767,2.400944767,-1.050485827,1.528663767,12.22788269,-3.963050616,10.70584274,1.507666049,2.102092223,0.296030229
1.319187633,2.368566367,-1.035647863,1.528089427,12.06298124,-3.907073088,10.55003562,1.498571724,2.071499493,0.294244558
1.318218533,2.336638467,-1.019752153,1.527593446,11.90037416,-3.847105117,10.38312154,1.502878719,2.038725915,0.295090236
1.317218433,2.305207967,-1.003756177,1.527059093,11.74030031,-3.786758881,10.21515461,1.510771802,2.005745608,0.296640043
1.316213733,2.2732255,-0.989569097,1.52652832,11.57741533,-3.733236868,10.06618213,1.496859297,1.976494862,0.293908323
1.3152101,2.242571333,-0.98046654,1.52597893,11.42129531,-3.698896669,9.970600066,1.43632134,1.957727323,0.282021695
1.314215433,2.2115425,-0.9682932,1.525444059,11.26326713,-3.652971668,9.842773012,1.406120212,1.932628481,0.276091704
1.3132301,2.181226333,-0.959379313,1.524907961,11.10886852,-3.619343243,9.749172089,1.345322528,1.91424994,0.264154078
1.312194867,2.149855367,-0.94542332,1.524337593,10.94909787,-3.566693024,9.602626153,1.332097816,1.885475645,0.261557406
1.311231533,2.119563233,-0.93469454,1.523823139,10.79482166,-3.526217754,9.489967808,1.290479953,1.863355179,0.253385739
1.310181467,2.089588,-0.92289688,1.523217255,10.64215941,-3.481710039,9.36608561,1.261699898,1.83903091,0.247734775
1.309252167,2.0589069,-0.908475883,1.522742598,10.48590222,-3.427305555,9.214656873,1.256871442,1.809297877,0.246786708
1.308205033,2.029458933,-0.900512947,1.522131834,10.3359253,-3.397264672,9.13104147,1.190509933,1.792879993,0.233756625
1.307193333,1.997573367,-0.881199327,1.521592625,10.17353383,-3.324402334,8.92823738,1.230922545,1.75305941,0.241691642
1.306203533,1.967990033,-0.87580214,1.521041201,10.0228675,-3.30404097,8.871563824,1.136929774,1.741931557,0.223236161
1.305189333,1.936647733,-0.855452627,1.520491442,9.863242849,-3.227270633,8.65788226,1.190986687,1.699975182,0.233850236
1.304165733,1.907148833,-0.84697455,1.519904966,9.713006536,-3.195286339,8.568857592,1.129775043,1.682495188,0.22183133
1.3032251,1.878330333,-0.836166537,1.519391375,9.566235464,-3.154512154,8.455367252,1.096494311,1.66021136,0.215296658
1.302208833,1.849804567,-0.827770487,1.518797813,9.420955267,-3.122837313,8.36720391,1.039377456,1.642900488,0.204081763
1.301228467,1.819674133,-0.811312377,1.518263929,9.267502589,-3.060747639,8.194384314,1.058744374,1.60896736,0.207884458
1.300192767,1.791219467,-0.802833757,1.51764988,9.1225845,-3.028761296,8.10535394,1.002856659,1.591486246,0.196910905
1.299197,1.762941733,-0.79298882,1.517073142,8.978567524,-2.991620402,8.001976458,0.962217166,1.571188077,0.18893134
1.298208267,1.732959833,-0.775831777,1.51652869,8.825871318,-2.92689394,7.82181766,0.989679757,1.535813898,0.19432362
1.297222133,1.704732267,-0.76624634,1.515960842,8.682109838,-2.890732033,7.721165076,0.946570861,1.516050763,0.185859188
1.296240633,1.675929333,-0.752906223,1.515406154,8.535418046,-2.840405264,7.581086199,0.939957946,1.488546275,0.184560743
1.295232933,1.646818,-0.73948725,1.514829835,8.38715559,-2.789781001,7.440179281,0.932602408,1.460879202,0.183116483
1.2941988,1.6190283,-0.728609087,1.514207499,8.245624141,-2.748742169,7.325952326,0.905297914,1.438450739,0.177755245
1.293201333,1.590777067,-0.71701908,1.513628669,8.101742127,-2.705017844,7.204250607,0.883117619,1.414554607,0.173400145
1.292207267,1.562960167,-0.70664547,1.513046802,7.96007215,-2.665882484,7.095321751,0.850376498,1.393166426,0.166971425
1.2912299,1.535130233,-0.69604985,1.512481828,7.818335795,-2.625909571,6.984061663,0.819900231,1.371320507,0.16098741
1.290204833,1.508073333,-0.685291333,1.5118577,7.680536457,-2.585322116,6.871091066,0.79507149,1.349138731,0.156112287
1.2892174,1.479872433,-0.671426613,1.511288157,7.536910789,-2.533016235,6.725503552,0.797033335,1.320552623,0.156497495
1.288258733,1.453100367,-0.6631217,1.510726208,7.400562092,-2.501685215,6.638297198,0.747890992,1.303429655,0.146848396
1.287229133,1.4261975,-0.65205117,1.510095263,7.263547237,-2.459920662,6.522050283,0.727123054,1.280604573,0.142770612
1.286215333,1.399018133,-0.640932917,1.509484216,7.125124183,-2.417976069,6.405302245,0.705448038,1.257681096,0.138514722
1.285188467,1.372941367,-0.632493177,1.508843764,6.992316611,-2.386136404,6.316680133,0.661262578,1.240280144,0.129838907
1.284217333,1.346141667,-0.61902996,1.508269757,6.855827179,-2.33534523,6.175308635,0.666144644,1.21252185,0.130797501
1.283218,1.3198311,-0.608469943,1.507660303,6.721828877,-2.295506633,6.064422402,0.643032574,1.190749339,0.126259446
1.282242433,1.293429767,-0.598142613,1.50707596,6.587368305,-2.256545868,5.955979513,0.617014892,1.169456577,0.121150874
1.281239467,1.267757067,-0.587351353,1.50645342,6.456618623,-2.215834886,5.842665092,0.59957963,1.147207291,0.11772746
1.280183467,1.2425908,-0.579897173,1.505770342,6.328448179,-2.187713334,5.764391926,0.549682353,1.131838355,0.10793013
1.279237367,1.216534833,-0.565793087,1.505210348,6.195746541,-2.13450442,5.616290925,0.565081715,1.102758723,0.110953795
1.2782002,1.191531967,-0.555859813,1.504543682,6.068408285,-2.097030269,5.511985857,0.542048527,1.082278423,0.106431228
1.2772485,1.167136033,-0.547971337,1.503953489,5.944161107,-2.067270293,5.429152326,0.50063488,1.066014059,0.098299659
1.276241833,1.141646317,-0.533839167,1.503324538,5.814343349,-2.013955433,5.280756434,0.519213014,1.036876526,0.101947475
1.275236533,1.118145927,-0.525269787,1.502667474,5.694657126,-1.98162669,5.190773028,0.489510197,1.019208284,0.096115327
1.2742164,1.093574267,-0.51329271,1.502011452,5.569514982,-1.93644211,5.065006853,0.490134228,0.994514096,0.096237856
1.273212033,1.06946051,-0.504717667,1.501364411,5.446704915,-1.904092001,4.974963979,0.457367035,0.976834177,0.089804017
1.272251967,1.04522962,-0.49393044,1.500763406,5.323298294,-1.863396235,4.86169191,0.447232483,0.954593207,0.087814098
1.2712322,1.02157186,-0.483148327,1.500094208,5.202810593,-1.82271976,4.748473535,0.439963157,0.932362779,0.086386766
1.2702405,0.9991059,-0.475984183,1.499435416,5.088392666,-1.795692396,4.67324592,0.400772845,0.917591836,0.078691748
1.269207167,0.97645393,-0.46646894,1.498737747,4.9730274,-1.759795299,4.573330407,0.385323092,0.897973425,0.075658189
1.268242667,0.952974413,-0.455663503,1.498121174,4.853447483,-1.719030835,4.459867123,0.379206459,0.87569491,0.074457188
1.2672171,0.930616787,-0.448290913,1.49742691,4.739581292,-1.691217087,4.382450699,0.342756692,0.860494195,0.067300276
1.266246833,0.908071257,-0.43922334,1.496790731,4.624758119,-1.657008866,4.287235977,0.323148241,0.841798784,0.063450157
1.265196033,0.885637177,-0.42847953,1.496072366,4.510502555,-1.616476893,4.174419809,0.321708845,0.819647329,0.063167532
1.264247467,0.863885327,-0.420057337,1.495446126,4.399721552,-1.584703424,4.085981948,0.299365703,0.802282555,0.058780456
1.2632026,0.8420547,-0.41178453,1.494724753,4.288539343,-1.55349353,3.999112732,0.27505271,0.785225785,0.0540066
1.262239633,0.820264,-0.4018941,1.494084688,4.177560479,-1.516181009,3.895257543,0.267929035,0.764833819,0.052607866
1.261248,0.798582693,-0.391697723,1.493414335,4.067138749,-1.477714277,3.788189739,0.264575109,0.743811055,0.051949323
1.260256167,0.77739654,-0.383722633,1.492736446,3.959238808,-1.447627545,3.704446719,0.240418189,0.727368113,0.047206111
1.259274833,0.75696214,-0.377046367,1.492057916,3.855167507,-1.422440739,3.634342089,0.206451517,0.713603069,0.040536755
1.258256133,0.736889183,-0.367959063,1.491336664,3.752937017,-1.388158084,3.538920191,0.199642925,0.69486698,0.039199888
1.257199867,0.718723893,-0.360328177,1.490549576,3.660422171,-1.35936989,3.458791503,0.187256767,0.679133712,0.036767866
1.256301967,0.698311863,-0.350897003,1.489954149,3.556464799,-1.323789955,3.359758773,0.182332125,0.659688635,0.035800913
1.255252833,0.6785208,-0.342795393,1.489198286,3.455669977,-1.293225915,3.274687221,0.166608856,0.642984836,0.032713649
1.2542087,0.659047367,-0.335206937,1.488442716,3.356492827,-1.264597792,3.195004072,0.147114854,0.62733905,0.028886002
1.253224967,0.63993136,-0.32687362,1.48774225,3.259136033,-1.233159618,3.107499467,0.137262665,0.61015752,0.026951524
1.252218167,0.621150277,-0.319362047,1.487013755,3.163484984,-1.204821544,3.028623638,0.120487445,0.594670251,0.02365771
1.2512117,0.60265702,-0.312153113,1.486281327,3.069299822,-1.177625206,2.952925702,0.102000218,0.579806962,0.020027743
1.250224967,0.58390699,-0.301800047,1.485572438,2.973806926,-1.138567347,2.844212563,0.115220462,0.558461137,0.022623538
1.249252233,0.56581078,-0.29336595,1.484867861,2.881643901,-1.106748972,2.75564971,0.11162029,0.541071821,0.021916644
1.248225433,0.548438333,-0.288579177,1.484098491,2.793166964,-1.088690447,2.705385844,0.073407219,0.53120251,0.014413507
1.247199967,0.53112038,-0.2810226,1.483329648,2.704967558,-1.060182593,2.626037454,0.064556203,0.515622454,0.01267561
1.246174833,0.511403223,-0.27338107,1.48259669,2.604549138,-1.031354246,2.545797006,0.044378232,0.499867242,0.008713666
1.245119267,0.4947189,-0.266417007,1.481788357,2.519576776,-1.005081702,2.472670346,0.03253253,0.485508822,0.006387762
1.244068233,0.47679292,-0.25841917,1.481002957,2.428280723,-0.974909156,2.388688473,0.02521835,0.469018982,0.004951623
1.243038433,0.459071527,-0.248510867,1.480235758,2.338026619,-0.937529206,2.284645604,0.039007115,0.448590164,0.007659047
1.242035767,0.443535683,-0.24535513,1.479463307,2.258903404,-0.925623911,2.251508558,-0.006979055,0.442083705,-0.001370338
1.241063067,0.42775203,-0.238772417,1.478724495,2.178518105,-0.900790043,2.182386292,-0.018242088,0.428511548,-0.003581834
1.240058433,0.412440687,-0.23093526,1.47794675,2.100538257,-0.871223677,2.100091651,-0.013927296,0.412352996,-0.002734624
1.239048533,0.397609003,-0.22502823,1.477156631,2.02500129,-0.848938884,2.038064448,-0.027437058,0.400173954,-0.005387266
1.2380489,0.38291937,-0.218820227,1.476374673,1.950187777,-0.825518643,1.972876851,-0.037062975,0.38737437,-0.007277315
1.237025767,0.368422943,-0.213038133,1.475566353,1.876358255,-0.803705185,1.912161554,-0.0501772,0.375452921,-0.009852293
1.235932167,0.35158505,-0.202721443,1.474722262,1.790603769,-0.76478456,1.803830391,-0.027600523,0.354182097,-0.005419363
1.234975567,0.337836377,-0.19839502,1.473969395,1.720582514,-0.748462746,1.758400464,-0.052191851,0.345261931,-0.01024787
1.2339185,0.324422957,-0.192862447,1.473111092,1.652268687,-0.727590624,1.70030527,-0.062410484,0.33385494,-0.012254299
1.232942833,0.31135562,-0.187280303,1.472329062,1.585717443,-0.706531495,1.641689563,-0.070346021,0.322345746,-0.013812441
1.231900267,0.298602407,-0.182595797,1.471475477,1.520766013,-0.688858779,1.592499556,-0.086107444,0.312687288,-0.016907197
1.2309416,0.285946113,-0.176902977,1.470704355,1.456308191,-0.667382113,1.53272168,-0.09078739,0.300949902,-0.017826104
1.229935933,0.273764603,-0.171218197,1.469879198,1.394268415,-0.645935778,1.473028229,-0.093133715,0.289229093,-0.018286805
1.2289406,0.261890383,-0.167053563,1.469059821,1.333793651,-0.630224331,1.42929719,-0.10987744,0.280642503,-0.021574435
1.227902,0.250236477,-0.161879523,1.468193912,1.27444093,-0.610704808,1.37E+00,-0.114899772,0.269974732,-0.02256057
1.2269419,0.239110473,-0.157033113,1.467398681,1.217776793,-0.592421298,1.324076717,-0.120673824,0.259982463,-0.023694305
1.225950667,0.228209683,-0.152228457,1.46656898,1.162259655,-0.574295306,1.27E+00,-0.125739311,0.250076282,-0.024688914
1.2249185,0.217390577,-0.14787087,1.465697134,1.107158526,-0.557855925,1.227867906,-0.13508328,0.241091863,-0.026523602
1.2239597,0.206900343,-0.14281202,1.464893782,1.053732332,-0.538770966,1.174747079,-0.135388648,0.230661589,-0.026583561
1.222915833,0.19693588,-0.139660693,1.463997572,1.002983855,-0.526882308,1.141656341,-0.153046386,0.224164223,-0.030050658
1.221928633,0.18692421,-0.13481405,1.463158728,0.951994958,-0.508597918,1.090763806,-0.153142748,0.214171473,-0.030069579
1.2209711,0.177502567,-0.130702441,1.462340808,0.904011035,-0.49308651,1.047589556,-0.157952422,0.205694209,-0.031013958
1.219949433,0.16854838,-0.127313028,1.461451827,0.858407843,-0.480299649,1.011998772,-0.167964829,0.198705959,-0.032979894
1.218931667,0.15938711,-0.122949528,1.460569815,0.811749987,-0.463837961,0.966179522,-0.168803436,0.189709349,-0.033144555
1.2179519,0.150673607,-0.11976814,1.459719168,0.767372583,-0.451835891,0.932773116,-0.179774434,0.183150001,-0.03529871
1.216952733,0.142231257,-0.116472253,1.458845103,0.724376148,-0.439401869,0.898164419,-0.188162172,0.176354584,-0.036945642
1.215974,0.13400517,-0.112529644,1.457988267,0.682481131,-0.424528027,0.856764759,-0.188657529,0.16822576,-0.037042906
1.214976033,0.126149643,-0.108714556,1.457106706,0.642473355,-0.410135271,0.81670415,-0.188604695,0.16035986,-0.037032532
1.2139796,0.118749643,-0.10618261,1.456219928,0.604785553,-0.40058328,0.790117261,-0.199705609,0.155139524,-0.039212196
1.212965,0.111277451,-0.10208751,1.455316054,0.566730081,-0.385134153,0.747116362,-0.194760182,0.146696298,-0.038241162
1.2119258,0.104124357,-0.099947831,1.454382851,0.530299754,-0.377062024,0.724648501,-0.208722648,0.142284733,-0.040982692
1.2109332,0.097229824,-0.096720875,1.453492416,0.495186269,-0.364888048,0.690763616,-0.209951247,0.135631436,-0.041223927
1.2099148,0.090639016,-0.094049199,1.452571681,0.46161964,-0.354808915,0.662709485,-0.215463746,0.130123007,-0.042306306
1.208935733,0.084167614,-0.090924043,1.45168851,0.428661134,-0.343018989,0.629893558,-0.215606325,0.1236796,-0.042334302
1.207959567,0.078107608,-0.088342798,1.450802142,0.397797851,-0.333281011,0.602788998,-0.219365048,0.11835762,-0.043072327
1.2069373,0.072282083,-0.086159553,1.4498662,0.368128765,-0.325044529,0.57986368,-0.226108815,0.113856233,-0.044396466
1.205915733,0.066470955,-0.083812248,1.448930745,0.338533001,-0.316189112,0.555215627,-0.231056527,0.109016588,-0.045367949
1.204905467,0.060902808,-0.081412155,1.448002989,0.310174729,-0.307134549,0.530013274,-0.234212446,0.104068106,-0.045987614
1.203941833,0.055516735,-0.079026637,1.447119168,0.282743747,-0.298134972,0.504963966,-0.23659412,0.099149675,-0.046455256
1.2027813,0.049161604,-0.076440249,1.446052807,0.250377409,-0.288377595,0.477805409,-0.2418019,0.093817092,-0.047477803
1.201776433,0.043137943,-0.074413763,1.445137201,0.219699226,-0.280732496,0.45652614,-0.251200814,0.089638907,-0.04932328
1.200722567,0.038597131,-0.071934454,1.444150622,0.196573114,-0.271379085,0.430491976,-0.248292763,0.0845271,-0.048752284
1.199726267,0.034082413,-0.070778164,1.443221222,0.1735799,-0.267016877,0.418350264,-0.259144265,0.082143074,-0.050882977
1.198674867,0.028152445,-0.068720626,1.442257694,0.143378888,-0.259254636,0.396744942,-0.267739955,0.077900869,-0.05257074
1.1976167,0.023442026,-0.067075701,1.441269328,0.119388979,-0.253049008,0.379472279,-0.274457201,0.074509382,-0.053889671
1.196625567,0.019478377,-0.065563344,1.44033693,0.099202329,-0.247343508,0.363591663,-0.278763235,0.071391223,-0.054735161
1.195655433,0.015734544,-0.064160079,1.439422274,0.080135185,-0.242049567,0.348856575,-0.283095291,0.068497989,-0.05558576
1.1946451,0.012277604,-0.062670608,1.438463166,0.062529177,-0.236430407,0.333216279,-0.285061002,0.065427016,-0.055971728
1.193642933,0.008824245,-0.061434124,1.437512173,0.044941406,-0.231765661,0.320232484,-0.289664979,0.062877648,-0.056875719
1.192647767,0.005331983,-0.060177788,1.436568756,0.027155501,-0.227026023,0.307040239,-0.294258638,0.060287351,-0.057777684
1.191641833,0.002153616,-0.058735381,1.43560992,0.010968253,-0.221584414,0.291894134,-0.295299783,0.057313413,-0.057982112
1.190594933,-0.00083661,-0.05729245,1.434607331,-0.004260811,-0.216140832,0.276742538,-0.29537725,0.054338397,-0.057997323
1.189584633,-0.003772661,-0.05579957,1.433640538,-0.019213961,-0.210508809,0.261066438,-0.2946543,0.051260395,-0.057855372
1.188649,-0.006358961,-0.055097091,1.432743229,-0.032385849,-0.207858644,0.253690002,-0.300449752,0.049812032,-0.058993309
1.1876142,-0.008922158,-0.053922893,1.431746412,-0.045440071,-0.203428879,0.241360253,-0.301174225,0.047391086,-0.059135559
1.1866093,-0.011558246,-0.052714323,1.430780574,-0.058865528,-0.198869442,0.228669575,-0.301909004,0.044899271,-0.059279833
1.185653333,-0.014055305,-0.051450432,1.42986161,-0.071582911,-0.194101303,0.215397998,-0.30135481,0.042293397,-0.059171017
1.1845751,-0.01629864,-0.050417472,1.428816619,-0.083008099,-0.190204369,0.204551322,-0.301933322,0.040163652,-0.059284608
1.183605567,-0.018434111,-0.049561618,1.427878729,-0.093883937,-0.186975585,0.195564367,-0.303822205,0.038399064,-0.05965549
1.182593967,-0.020505349,-0.048901892,1.426897822,-0.104432642,-0.184486709,0.188636862,-0.307443406,0.037038848,-0.060366513
1.181620733,-0.022378831,-0.047809756,1.42595235,-0.113974184,-0.18036653,0.177168808,-0.305516893,0.034787095,-0.059988242
1.1806283,-0.024344483,-0.047115628,1.424989045,-0.123985146,-0.17774787,0.169880066,-0.308239112,0.033355951,-0.06052275
1.1796455,-0.026219226,-0.046281464,1.424034025,-0.133533111,-0.174600914,0.161120869,-0.309027881,0.031636083,-0.060677624
1.178622433,-0.027861355,-0.04563626,1.423035292,-0.141896386,-0.172166823,0.15434585,-0.310616136,0.030305808,-0.060989478
1.177640433,-0.029509187,-0.044945597,1.42207771,-0.150288706,-0.169561238,0.147093499,-0.311756105,0.028881809,-0.061213311
1.176641433,-0.031082001,-0.044438438,1.421102017,-0.158298959,-0.167647933,0.141768031,-0.314440892,0.027836153,-0.061740469
1.175620233,-0.032427668,-0.043513908,1.420100757,-0.165152372,-0.164160062,0.132059936,-0.311586209,0.025929968,-0.061179952
1.174629033,-0.033814481,-0.042986768,1.419130108,-0.172215337,-0.162171381,0.126524667,-0.313113905,0.024843118,-0.061479915
1.173654733,-0.035296721,-0.042785132,1.418177772,-0.179764302,-0.161410692,0.124407374,-0.318545576,0.024427388,-0.062546424
1.172678733,-0.036582472,-0.04327624,1.417220825,-0.186312566,-0.16326344,0.129564289,-0.330250756,0.025439948,-0.064844736
1.171576133,-0.037778893,-0.0425749,1.416135954,-0.192405872,-0.160617573,0.122199817,-0.32897959,0.023993934,-0.064595142
1.170631033,-0.038902828,-0.041834924,1.415207508,-0.198130013,-0.157825949,0.114429648,-0.326933562,0.022468261,-0.064193405
1.1696564,-0.039812764,-0.041574693,1.414246359,-0.202764266,-0.156844203,0.11169707,-0.328835237,0.02193172,-0.064566799
1.1686585,-0.040731554,-0.041300148,1.413262074,-0.207443618,-0.155808459,0.108814193,-0.330631712,0.021365667,-0.064919537
1.167636233,-0.04179297,-0.040647956,1.412255535,-0.212849352,-0.153348007,0.101965803,-0.329189056,0.020020985,-0.064636271
1.1666566,-0.042763896,-0.040215302,1.41129029,-0.217794226,-0.151715779,0.097422681,-0.329590808,0.019128943,-0.064715155
1.165609733,-0.043682992,-0.04009685,1.410257042,-0.222475133,-0.15126891,0.09617887,-0.333027904,0.018884721,-0.065390029
1.164611067,-0.044369658,-0.039643065,1.409268551,-0.225972284,-0.149556967,0.091413871,-0.331760056,0.017949114,-0.065141087
1.1636149,-0.045099181,-0.038796659,1.408283195,-0.229687707,-0.146363823,0.082526115,-0.326587724,0.016204003,-0.0641255
1.1626191,-0.045683391,-0.039025475,1.407296052,-0.232663057,-0.147227054,0.084928822,-0.33196578,0.016675774,-0.065181481
1.161667433,-0.046410477,-0.038531638,1.406355159,-0.236366067,-0.14536401,0.079743246,-0.330483215,0.015657586,-0.064890379
1.1606619,-0.047119312,-0.038168836,1.40536013,-0.239976124,-0.143995308,0.075933621,-0.330283646,0.014909566,-0.064851194
1.1596265,-0.047639263,-0.038181021,1.404332434,-0.242624207,-0.144041275,0.076061563,-0.333059671,0.014934688,-0.065396266
1.158606267,-0.048212858,-0.037558694,1.403320701,-0.245545497,-0.141693492,0.069526776,-0.329446174,0.013651583,-0.064686756
1.1576201,-0.048748156,-0.03744338,1.402342466,-0.248271738,-0.141258461,0.068315917,-0.330961555,0.01341383,-0.064984301
1.156610067,-0.049077909,-0.037154805,1.401337319,-0.249951155,-0.140169785,0.06528571,-0.329610766,0.012818849,-0.064719074
1.155642967,-0.049416611,-0.03693721,1.400375238,-0.251676146,-0.139348888,6.30E-02,-0.329050881,0.012370214,-0.064609141
1.1546754,-0.049922307,-0.036693366,1.399415165,-0.254251629,-0.138428967,0.060440339,-0.329065869,0.011867461,-0.064612083
1.153619433,-0.050381878,-0.036598537,1.398366009,-0.256592196,-0.138071214,5.94E-02,-0.33041067,0.011671942,-0.064876135
1.152632867,-0.050842645,-0.03639198,1.39738627,-0.258938861,-0.137291962,0.057275614,-0.330588375,0.011246067,-0.064911027
1.151636133,-0.051118068,-0.036438328,1.396393618,-0.260341575,-0.137466813,0.057762291,-0.332477767,0.011341626,-0.06528201
1.1506438,-0.051301955,-0.035810633,1.395404009,-0.261278099,-0.135098776,0.05117113,-0.326823129,0.010047451,-0.064171721
1.149606,-0.051416094,-0.035820376,1.394367901,-0.261859406,-0.135135533,0.051273437,-0.327506743,0.010067539,-0.064305949
1.1486134,-0.051733423,-0.035559367,1.393380003,-0.263475544,-0.134150853,0.048532692,-0.326382137,0.009529394,-0.064085133
1.147637,-0.052060053,-0.035200531,1.392408443,-0.265139051,-0.132797115,0.044764716,-0.324277667,0.008789552,-0.06367192
1.1466542,-0.052227419,-0.03516818,1.391428123,-0.265991437,-0.132675068,0.044425011,-0.324790349,0.008722851,-0.063772585
1.14563,-0.052387872,-0.03506845,1.390406301,-0.266808617,-0.132298828,0.043377789,-0.324560307,0.008517229,-0.063727416
1.144623467,-0.052625092,-0.034977556,1.389403283,-0.268016768,-0.13195592,0.042423343,-0.324814012,0.008329823,-0.063777231
1.143631233,-0.052602984,-0.034971539,1.388410722,-0.267904171,-0.131933223,0.042360168,-0.32463824,0.008317419,-0.063742718
1.1426176,-0.052736296,-0.034787226,1.387399064,-0.268583124,-0.131237886,0.040424776,-0.3233818,0.007937405,-0.063496017
1.141668233,-0.052931969,-0.034629103,1.386452597,-0.269579676,-0.130641353,0.038764394,-0.32271797,0.007611389,-0.063365673
1.1406689,-0.053051222,-0.034409707,1.385455031,-0.270187023,-0.129813659,0.036460603,-0.321021527,0.007159039,-0.063032577
1.139651967,-0.053197109,-0.034396171,1.384440259,-0.27093002,-0.129762594,0.036318467,-0.321622387,0.007131131,-0.063150556
1.1386671,-0.053218205,-0.03417451,1.383455705,-0.271037457,-0.12892636,0.033990906,-0.319402264,0.006674114,-0.062714635
1.137614467,-0.053166833,-0.034310257,1.382402311,-0.270775822,-0.129438475,0.035416321,-0.320566044,0.006953995,-0.062943143
1.1367093,-0.053118801,-0.034197724,1.381496432,-0.270531201,-0.129013935,0.03423466,-0.319139762,0.006721975,-0.062663092
1.135642667,-0.053275939,-0.033958446,1.380432127,-0.271331495,-0.128111237,0.031722104,-0.317427499,0.006228635,-0.062326889
1.134680967,-0.053319088,-0.033861811,1.379471067,-0.271551249,-0.127746674,0.030707384,-0.316632534,0.006029395,-0.062170798
1.133632333,-0.053323693,-0.033619324,1.378422502,-0.271574705,-0.12683187,0.028161128,-0.314109734,0.005529437,-0.061675446
1.132659167,-0.053306129,-0.033567516,1.377449075,-0.271485251,-0.126636422,0.027617121,-0.313476273,0.005422622,-0.061551066
1.131635033,-0.053273192,-0.033099976,1.376424453,-0.271317506,-0.124872585,0.02270768,-0.308399087,0.004458653,-0.060554161
1.130636833,-0.053039953,-0.033031896,1.375422797,-0.270129631,-0.124615746,0.021992797,-0.306496329,0.004318286,-0.060180554
1.129685267,-0.053045447,-0.033134697,1.374471312,-0.27015761,-0.125003574,0.023072273,-0.307603784,0.004530241,-0.060398003
1.128651233,-0.05314012,-0.033086816,1.373438681,-0.270639774,-0.124822936,0.022569488,-0.307583164,0.004431519,-0.060393954
1.127654733,-0.053146793,-0.032896703,1.37244228,-0.270673763,-0.124105721,0.0205732,-0.305620864,0.004039548,-0.060008657
1.126616933,-0.053184342,-0.032879728,1.371405037,-0.270864996,-0.12404168,0.020394949,-0.305633846,0.004004548,-0.060011206
1.125638367,-0.052940288,-0.032386132,1.370422854,-0.269622044,-0.122179545,0.015211908,-0.299207853,0.002986858,-0.058749462
1.124644467,-0.052619067,-0.032765102,1.369424194,-0.267986083,-0.123609242,0.019191307,-0.30155129,0.003768213,-0.059209596
1.123628733,-0.052564729,-0.032741971,1.368407655,-0.26770934,-0.123521979,0.018948422,-0.301031663,0.003720523,-0.059107567
1.122602267,-0.052574492,-0.032766278,1.367381333,-0.267759063,-0.123613678,0.019203656,-0.301336619,0.003770638,-0.059167445
1.121657367,-0.052458995,-0.032709278,1.366434722,-0.267170845,-0.123398641,0.018605123,-0.300149868,0.003653116,-0.058934427
1.1206386,-0.052373557,-0.032514107,1.365414689,-0.266735712,-0.122662341,0.016555715,-0.297665328,0.003250715,-0.058446587
1.119673167,-0.052220278,-0.032491326,1.364446984,-0.265955072,-0.122576399,0.016316505,-0.296645478,0.003203746,-0.05824634
1.118645967,-0.051994715,-0.03251946,1.363416442,-0.26480629,-0.122682535,0.016611925,-0.295792116,0.003261751,-0.058078782
1.117677067,-0.051725189,-0.032586323,1.362443548,-0.263433607,-0.122934785,0.017314032,-0.295121539,0.00339961,-0.057947114
1.1166332,-0.051666557,-0.032438556,1.361398812,-0.263134997,-0.122377318,0.015762387,-0.293271285,0.003094945,-0.057583817
1.115640533,-0.051633345,-0.032492756,1.360405653,-0.262965853,-0.122581792,0.016331518,-0.293671272,0.003206694,-0.057662354
1.1146621,-0.051459528,-0.032292113,1.359424644,-0.262080613,-0.121824851,0.014224658,-0.290679172,0.002793012,-0.057074855
1.113614767,-0.051288215,-0.031701096,1.358374773,-0.261208122,-0.119595185,0.008018634,-0.283600656,0.001574459,-0.055684989
1.112637267,-0.05101568,-0.032830501,1.357393234,-0.259820117,-0.123855966,0.019878037,-0.294072055,0.003903053,-0.057741048
1.111639067,-0.050664564,-0.033030301,1.356389831,-0.258031904,-0.12460973,0.021976052,-0.294381857,0.004314998,-0.057801878
1.110619267,-0.050514263,-0.032967791,1.355367804,-0.257266429,-0.124373905,0.021319661,-0.292959991,0.004186115,-0.057522694
1.1096306,-0.050411593,-0.032776044,1.354377616,-0.256743535,-0.123650524,0.019306211,-0.290423647,0.003790775,-0.057024683
1.108663,-0.050116205,-0.032670781,1.353405639,-0.255239138,-0.123253409,0.018200886,-0.287813924,0.003573744,-0.056512264
1.1076284,-0.049913507,-0.032613893,1.352368035,-0.254206809,-0.123038795,0.017603533,-0.286184243,0.003456454,-0.056192276
1.106654833,-0.049713398,-0.032580761,1.351391503,-0.253187665,-0.122913799,0.017255621,-0.284817186,0.003388141,-0.055923855
1.105656133,-0.049379385,-0.032705982,1.350387854,-0.251486555,-0.123386206,0.018570513,-0.284430969,0.00364632,-0.055848021
1.1046099,-0.049072118,-0.032705743,1.349337067,-0.24992166,-0.123385306,0.018568007,-0.282863568,0.003645828,-0.055540262
1.1036134,-0.048964983,-0.032521756,1.348338979,-0.249376029,-0.122691199,0.016636038,-0.280385968,0.003266486,-0.055053785
1.1026519,-0.048754928,-0.032568979,1.347374367,-0.248306229,-0.122869353,0.01713191,-0.279812039,0.003363851,-0.054941094
1.1016207,-0.048544278,-0.03246803,1.346340045,-0.247233398,-0.122488514,0.016071888,-0.277679186,0.003155715,-0.054522308
1.100647533,-0.048253207,-0.032545316,1.345362565,-0.245750991,-0.122780079,0.016883428,-0.277008319,0.003315061,-0.054390583
1.0996574,-0.047955731,-0.032367719,1.344368024,-0.244235963,-0.122110079,0.015018557,-0.273628421,0.002948894,-0.053726941
1.098655967,-0.047541461,-0.032446184,1.343360452,-0.242126105,-0.122406095,0.015842485,-0.272342491,0.003110672,-0.053474448
1.097666667,-0.047324115,-0.032515044,1.342367931,-0.241019173,-0.122665876,0.016565554,-0.271958629,0.003252647,-0.053399077
1.096649567,-0.047155039,-0.032417756,1.341348326,-0.24015808,-0.122298851,0.015543982,-0.270075963,0.003052061,-0.053029415
1.0956357,-0.046857203,-0.032409815,1.340330046,-0.238641217,-0.122268892,0.015460597,-0.268475715,0.003035688,-0.052715207
1.094625433,-0.046557578,-0.03230112,1.339315339,-0.237115243,-0.121858828,0.01431923,-0.265808374,0.002811581,-0.052191474
1.093648333,-0.04632128,-0.032266383,1.338334738,-0.235911792,-0.121727781,0.013954475,-0.264240168,0.002739961,-0.051883557
1.092652267,-0.045941039,-0.03193394,1.337333036,-0.233975241,-0.120473609,0.010463629,-0.258812771,0.002054534,-0.050817888
1.0916611,-0.045560064,-0.031934772,1.336336224,-0.23203496,-0.120476751,0.010472373,-0.256881233,0.00205625,-0.05043863
1.090649767,-0.045348462,-0.032004328,1.335321755,-0.230957279,-0.120739157,0.011202751,-0.25653393,0.00219966,-0.050370437
1.089662433,-0.045122356,-0.031999995,1.334331071,-0.229805736,-0.120722809,0.011157248,-0.255336885,0.002190726,-0.050135397
1.088583967,-0.044918589,-0.032086911,1.333249585,-0.228767962,-0.121050706,0.012069912,-0.255211775,0.002369927,-0.050110832
1.087667267,-0.044577726,-0.032073715,1.332327834,-0.227031965,-0.121000923,0.011931347,-0.253337213,0.00234272,-0.049742762
1.0866422,-0.044229848,-0.032031538,1.331297613,-0.225260238,-0.120841808,0.011488468,-0.251122606,0.002255761,-0.049307924
1.0856202,-0.043842526,-0.03203424,1.330269873,-0.223287628,-0.120852001,0.01151684,-0.249178369,0.002261332,-0.048926173
1.0846097,-0.043635586,-0.031766319,1.329256307,-0.222233693,-0.119841246,0.008703516,-0.24531111,0.001708935,-0.048166836
1.0836466,-0.043385348,-0.03175797,1.328289499,-0.220959246,-0.119809747,0.008615843,-0.24394899,0.001691721,-0.047899384
1.082638233,-0.043109209,-0.031927113,1.32727704,-0.219552883,-0.120447854,0.010391942,-0.244318726,0.002040458,-0.047971982
1.081592,-0.042852346,-0.031620692,1.326227,-0.218244696,-0.119291855,0.007174349,-0.239792945,0.001408683,-0.047083345
1.080620367,-0.042565348,-0.031470774,1.325251114,-0.216783032,-0.118726275,0.00560012,-0.236757053,0.001099584,-0.046487247
1.0796285,-0.042129349,-0.031480928,1.324252787,-0.214562511,-0.118764584,0.00570675,-0.234643162,0.00112052,-0.046072185
1.078639833,-0.041871103,-0.031663069,1.323260293,-0.21324728,-0.119451727,0.007619335,-0.235240516,0.001496056,-0.046189475
1.0776563,-0.04168842,-0.031746992,1.322274053,-0.212316883,-0.119768333,0.008500571,-0.235191355,0.001669087,-0.046179823
1.076625167,-0.041422803,-0.031596224,1.321238984,-0.210964108,-0.119199549,0.006917424,-0.232255434,0.001358236,-0.045603354
1.075634467,-0.041159815,-0.031491154,1.320244387,-0.209624726,-0.118803161,0.005814126,-0.229812753,0.001141604,-0.045123734
1.074622133,-0.040939126,-0.031446556,1.319228783,-0.208500771,-0.118634912,0.005345821,-0.228220493,0.001049652,-0.044811094
1.073674433,-0.040555666,-0.031516807,1.318275401,-0.206547826,-0.118899941,0.0060835,-0.227005227,0.001194495,-0.044572476
1.072654467,-0.040238584,-0.031557316,1.317250735,-0.204932946,-0.119052765,0.006508868,-0.225815715,0.001278016,-0.044338916
1.071623633,-0.040125933,-0.031506246,1.316218233,-0.204359219,-0.118860097,0.0059726,-0.22470572,0.00117272,-0.044120968
1.070650167,-0.039878483,-0.031659368,1.315241099,-0.20309897,-0.119437764,0.007580469,-0.22505334,0.001488425,-0.044189223
1.0696293,-0.039659398,-0.031397691,1.314216986,-0.201983185,-0.118450564,0.004832711,-0.221189796,0.000948903,-0.043430616
1.0686108,-0.039365329,-0.031431326,1.313194129,-0.200485505,-0.118577455,0.005185897,-0.220045304,0.001018251,-0.043205895
1.067642967,-0.039143792,-0.031521988,1.312223012,-0.199357229,-0.118919484,0.006137897,-0.219869027,0.001205176,-0.043171283
1.0666274,-0.038774895,-0.031542195,1.311201979,-0.197478459,-0.118995719,0.006350089,-0.218202448,0.00124684,-0.042844051
1.065621433,-0.038635515,-0.031447784,1.310193947,-0.1967686,-0.118639544,0.005358716,-0.216501217,0.001052184,-0.042510014
1.064667667,-0.038485044,-0.03128028,1.309237951,-0.196002261,-0.118007621,0.003599828,-0.21397599,0.000706826,-0.042014186
1.063601233,-0.038237013,-0.031557806,1.308167842,-0.194739053,-0.119054611,0.006514006,-0.21562696,0.001279025,-0.042338354
1.062635067,-0.038072057,-0.031454528,1.307199231,-0.193898941,-0.118664985,0.005429528,-0.21370237,0.001066088,-0.04196046
1.0616471,-0.037815085,-0.031522322,1.306207457,-0.192590198,-0.118920747,0.006141411,-0.21310551,0.001205866,-0.041843267
1.060668233,-0.03749893,-0.03137842,1.305223905,-0.190980036,-0.118377862,0.004630354,-0.20998429,0.00090917,-0.041230415
1.0596469,-0.037227552,-0.031191821,1.30419855,-0.189597924,-0.1176739,0.002670954,-0.206642779,0.000524442,-0.04057431
1.0586414,-0.037127648,-0.030876202,1.30319157,-0.189089115,-0.116483202,6.43E-04,-0.204106235,0.000126296,-0.040076259
1.0576269,-0.036889007,-0.031007009,1.302173534,-0.187873729,-1.17E-01,7.30E-04,-0.202977952,0.000143399,-0.039854721
1.0566553,-0.03671329,-0.030943955,1.30119933,-0.186978815,-0.116738805,6.82222E-05,-0.201420938,1.33954E-05,-0.039549001
1.055673633,-0.03652305,-0.030942749,1.300214844,-0.186009933,-0.116734256,5.5562E-05,-0.200439396,1.09096E-05,-0.039356275
1.054650767,-0.036271181,-0.031183251,1.299188245,-0.184727176,-0.11764157,0.002580968,-0.201682044,0.000506773,-0.039600269
