Edisk/V,Idisk/mA,Iring/mA,E-iR vs RHE,jdisk mAcm-2,jring mAcm-2,jCER,jOER,I cer,I OER
0.958782833,-0.031013531,-0.024512836,1.204196709,-0.157950246,-0.092476839,0.131914041,-0.332717746,0.025901322,-0.065329129
0.959869603,-0.013533906,-0.019938094,1.205050213,-0.068927456,-0.075218222,0.083667426,-0.195448341,0.016428099,-0.038376282
0.96087289,-0.005200973,-0.017378643,1.205942297,-0.026488275,-0.065562465,0.056674675,-0.12601641,0.011128073,-0.024743322
0.96185104,4.21629E-05,-0.015456587,1.206850477,0.000214734,-0.058311339,0.036404089,-0.079042815,0.007147943,-0.015520057
0.96288687,0.003765165,-0.014004563,1.207836624,0.019175785,-0.052833452,0.021090607,-0.044768281,0.004141141,-0.008790252
0.963882723,0.006417825,-0.013136524,1.208797077,0.032685639,-0.049558696,0.011936001,-0.022103821,0.002343634,-0.004340085
0.964842897,0.008414277,-0.012004753,1.209730608,0.042853459,-4.53E-02,0,0,0,0
0.96588262,0.010018703,-0.011534997,1.21074892,0.051024715,-0.043516797,0.004954181,0.003217075,0.000972753,0.000631673
0.966841753,0.011311631,-0.010938868,1.2116908,0.057609527,-0.041267844,0.011241148,0.00351492,0.002207199,0.000690154
0.967870177,0.012408721,-0.010258628,1.212704582,0.063196949,-0.038701581,0.018415159,0.00192833,0.003615817,0.000378628
0.968887843,0.01334187,-0.009983788,1.213709796,0.067949429,-0.037664721,0.02131371,0.00378226,0.004184947,0.000742647
0.96984436,0.014021196,-0.009492992,1.214657247,0.071409195,-0.03581315,0.026489795,0.002065942,0.005201271,0.000405648
0.970851043,0.014749094,-0.009209718,1.215654217,0.075116342,-0.034744476,0.029477282,0.002785601,0.005787864,0.000546953
0.971854727,0.015309376,-0.008677044,1.216650423,0.077969829,-0.032734916,0.035095025,2.13454E-05,0.006890908,4.19117E-06
0.97284597,0.015827225,-0.008668911,1.217634756,0.080607207,-0.032704233,0.035180797,0.00257295,0.00690775,0.000505199
0.97384675,0.01626442,-0.008296456,1.218629701,0.082833815,-0.031299115,0.039108819,0.000871537,0.007679017,0.000171126
0.974832437,0.01659065,-0.008178652,1.219611034,0.084495291,-0.030854687,0.04035122,0.001290611,0.007922962,0.000253412
0.97586888,0.016987321,-0.007892682,1.220642184,0.086515513,-0.02977584,0.043367147,0.000294907,0.008515139,5.7905E-05
0.976854203,0.017304809,-0.007775039,1.221623271,0.088132464,-0.029332023,0.044607842,0.000671163,0.00875875,0.000131783
0.97782278,0.017570593,-0.007420071,1.2225883,0.089486086,-0.027992875,0.048351442,-0.001718815,0.009493806,-0.000337489
0.978885887,0.017843333,-0.007432396,1.223647767,0.090875136,-0.028039371,0.048221462,-0.000199785,0.009468284,-3.92277E-05
0.979844947,0.018138183,-0.007128712,1.224602893,0.092376793,-0.026893697,0.051424203,-0.001900869,0.010097142,-0.000373236
0.98082737,0.01833532,-0.00704857,1.225582685,0.093380801,-0.026591351,0.052269412,-0.00174207,0.010263099,-0.000342055
0.981853327,0.018616767,-0.006929499,1.226604886,0.094814192,-0.026142148,0.053525164,-0.00156443,0.010509666,-0.000307176
0.982838197,0.018787616,-0.006783449,1.227587476,0.095684317,-0.025591161,0.055065454,-0.002234596,0.010812102,-0.000438763
0.983866613,0.019023314,-0.006704136,1.228612747,0.096884714,-0.025291946,0.055901911,-0.001870656,0.01097634,-0.000367303
0.984846633,0.019225365,-0.006503445,1.229590071,0.097913751,-0.024534822,0.058018458,-0.002958166,0.011391924,-0.000580836
0.985869407,0.019361405,-0.006339639,1.230611029,0.098606597,-0.023916847,0.059746012,-0.003992874,0.011731129,-0.000784001
0.986864507,0.019537092,-0.006502757,1.231603784,0.09950136,-0.024532227,0.058025712,-0.001377811,0.011393349,-0.000270533
0.987864257,0.019649685,-0.006205303,1.232602032,0.10007479,-0.023410053,0.061162761,-0.00394143,0.012009308,-0.0007739
0.9888676,0.01975769,-0.006149148,1.233603934,0.100624852,-0.023198204,0.061754985,-0.003983592,0.012125591,-0.000782178
0.989862083,0.019897725,-0.005950408,1.234596548,0.101338046,-0.02244844,0.063850957,-0.00536637,0.012537135,-0.001053687
0.990855457,0.020018341,-0.005809429,1.235588312,0.101952335,-0.021916585,0.065337761,-0.006238885,0.012829069,-0.001225005
0.991896887,0.020123747,-0.005787752,1.236628335,0.102489162,-0.021834804,0.065566381,-0.005930678,0.012873959,-0.001164489
0.992872993,0.020286964,-0.005722069,1.237602264,0.103320419,-0.02158701,0.066259091,-0.005792131,0.013009972,-0.001137285
0.993842323,0.020362709,-0.005744054,1.238570583,0.103706185,-0.02166995,0.066027232,-0.005174507,0.012964447,-0.001016014
0.994856257,0.020548625,-0.005507738,1.239582035,0.104653045,-0.02077843,0.068519485,-0.006719899,0.013453801,-0.001319452
0.99585066,0.020631644,-0.005418928,1.240575331,0.105075856,-0.020443383,0.069456111,-0.007233714,0.013637707,-0.00142034
0.996834537,0.020756902,-0.005488091,1.241557536,0.105713785,-0.020704307,0.068726695,-0.005866369,0.013494487,-0.001151862
0.997846703,0.02092946,-0.005285722,1.2425674,0.106592614,-0.019940854,0.070860936,-0.007121781,0.013913545,-0.001398362
0.998882183,0.020961513,-0.005283093,1.243602452,0.106755859,-0.019930934,0.070888668,-0.006986267,0.01391899,-0.001371754
0.999834127,0.021047787,-0.005304927,1.244553244,0.107195248,-0.020013305,0.070658397,-0.006316608,0.013873776,-0.001240266
1.000834933,0.021170418,-0.005117631,1.245552414,0.107819801,-0.019306714,0.072633679,-0.007667337,0.014261623,-0.001505482
1.001864733,0.021177633,-0.005132699,1.246582118,0.107856545,-0.019363559,0.072474769,-0.007471682,0.014230421,-0.001467065
1.0028797,0.02127382,-0.005140415,1.247595801,0.108346421,-0.019392669,0.072393392,-0.006900431,0.014214443,-0.0013549
1.003844733,0.02133542,-0.005038392,1.248560012,0.108660148,-0.01900778,0.073469351,-0.007662662,0.014425707,-0.001504564
1.0048693,0.021435305,-0.004989905,1.249583246,0.109168857,-0.018824856,0.073980718,-0.007665321,0.014526114,-0.001505086
1.0058344,0.02160642,-0.00502539,1.250546062,0.110040336,-0.018958729,0.073606474,-0.006419597,0.014452631,-0.001260488
1.006886067,0.021639446,-0.004959245,1.251597288,0.110208536,-0.018709189,0.074304067,-0.00694899,0.014589604,-0.001364434
1.0078818,0.021731961,-0.004920714,1.252591787,0.110679711,-0.018563828,0.074710424,-0.006884171,0.014669392,-0.001351707
1.008902567,0.021890699,-0.004803492,1.253610435,0.111488152,-0.018121597,0.075946684,-0.007311991,0.014912131,-0.001435709
1.009879133,0.021886181,-0.004793273,1.254587062,0.111465146,-0.018083045,0.076054458,-0.007442771,0.014933293,-0.001461388
1.0108686,0.022110422,-0.004749794,1.255573536,0.11260719,-0.017919016,0.076513001,-0.006759271,0.015023328,-0.001327183
1.011859467,0.022114617,-0.004813951,1.256564347,0.112628556,-0.018161054,0.075836381,-0.006061284,0.014890473,-0.001190133
1.0128501,0.022175726,-0.004685367,1.257554165,0.112939781,-0.01767596,0.077192466,-0.007106144,0.015156741,-0.001395291
1.013830333,0.022288654,-0.004599638,1.258532891,0.113514917,-0.017352542,0.078096584,-0.007435125,0.015334264,-0.001459887
1.014817033,0.022297384,-0.00461297,1.259519475,0.11355938,-0.017402838,0.077955982,-0.00725006,0.015306657,-0.001423549
1.0158741,0.022388166,-0.004630221,1.26057533,0.114021727,-0.017467918,0.077774049,-0.006605781,0.015270934,-0.001297045
1.0168236,0.022439406,-0.004598325,1.261524146,0.114282687,-0.017347589,0.07811043,-0.006681202,0.015336983,-0.001311854
1.017847433,0.022524366,-0.004583861,1.262546846,0.114715384,-0.017293021,0.078262976,-0.006401052,0.015366935,-0.001256846
1.018873667,0.022718929,-0.004487894,1.263570483,0.115706286,-0.016930978,0.079275071,-0.006422244,0.01556566,-0.001261008
1.019846967,0.022777206,-0.004560447,1.264543005,0.116003086,-0.01720469,0.078509904,-0.005360277,0.01541542,-0.00105249
1.020828367,0.022825475,-0.004504452,1.265523761,0.116248916,-0.016993443,0.07910045,-0.005704993,0.015531373,-0.001120175
1.0218815,0.02294233,-0.004470201,1.266575335,0.116844054,-0.016864227,0.079461674,-0.005471079,0.0156023,-0.001074246
1.022824233,0.022981052,-0.004432143,1.267517551,0.117041265,-0.016720653,0.079863036,-0.00567523,0.015681107,-0.001114331
1.0238559,0.023136565,-0.004439155,1.268547143,0.117833282,-0.016747103,0.079789094,-0.004809271,0.015666589,-0.0009443
1.024867333,0.023181092,-0.004448754,1.269557982,0.118060056,-0.016783317,0.079687857,-0.00448126,0.015646711,-0.000879895
1.025873433,0.023220846,-0.00433012,1.270563551,0.118262519,-0.016335758,0.080939011,-0.005529951,0.015892375,-0.001085806
1.026840333,0.023352834,-0.00440621,1.27152869,0.118934729,-0.016622816,0.08013654,-0.00405527,0.01573481,-0.000796252
1.027882933,0.023405947,-0.004378638,1.272570581,0.119205229,-0.016518798,0.080427322,-0.004075552,0.015791905,-0.000800235
1.028859333,0.023463997,-0.004218646,1.273546206,0.119500878,-0.015915213,0.08211465,-0.005467231,0.016123212,-0.001073491
1.029848867,0.023529835,-0.004411178,1.274534861,0.119836185,-0.016641559,0.080084143,-0.003101417,0.015724522,-0.000608963
1.030870467,0.023610155,-0.004420793,1.275555389,0.120245249,-0.016677834,0.079982737,-0.002590947,0.01570461,-0.000508732
1.031844433,0.023776936,-0.004360964,1.27652713,0.121094659,-0.016452121,0.080613718,-0.002372518,0.015828504,-0.000465844
1.032867933,0.023867737,-0.004184104,1.277549418,0.121557102,-0.015784903,0.082478932,-0.003775289,0.016194738,-0.000741278
1.0338454,0.023935622,-0.004268712,1.278525979,0.121902837,-0.016104093,0.081586635,-0.002537258,0.016019536,-0.000498191
1.034833833,0.02413011,-0.004164954,1.279511817,0.122893355,-0.015712656,0.082680899,-0.002641003,0.016234395,-0.000518561
1.0358605,0.024192962,-0.004220346,1.280537645,0.123213454,-0.015921627,0.08209672,-0.001736726,0.016119691,-0.000341006
1.036831833,0.024288652,-0.004236572,1.281507701,0.1237008,-0.015982843,0.08192559,-0.001078249,0.01608609,-0.000211714
1.0378787,0.024366622,-0.004281633,1.282553527,0.124097898,-0.016152837,0.081450369,-0.00020593,0.01599278,-4.04344E-05
1.038845667,0.024400768,-0.004164359,1.283520038,0.124271799,-0.015710412,0.082687173,-0.001268833,0.016235626,-0.000249135
1.0398223,0.024529422,-0.004164416,1.284494955,0.12492703,-0.015710627,0.082686572,-0.000613001,0.016235508,-0.000120363
1.040823867,0.024578209,-0.004223313,1.28549587,0.125175496,-0.015932823,0.082065422,0.000256615,0.016113546,5.03863E-05
1.041853033,0.024671648,-0.004162586,1.28652379,0.125651376,-0.015703725,0.082705868,9.20491E-05,0.016239297,1.80738E-05
1.042832867,0.024701758,-0.00407934,1.287503222,0.125804726,-0.015389672,0.083583804,-0.000632537,0.01641168,-0.000124199
1.0438299,0.024870551,-0.00413484,1.288498002,0.12666438,-0.015599048,0.082998493,0.000812428,0.016296754,0.00015952
1.0448187,0.024995935,-0.004174349,1.289485129,0.127302956,-0.0157481,0.082581815,0.001867682,0.016214939,0.000366719
1.045868933,0.025115168,-0.00416623,1.290533771,0.127910201,-0.01571747,0.082667443,0.002389299,0.016231752,0.000469139
1.046855667,0.025194954,-0.004165776,1.29151944,0.128316547,-0.015715757,0.08267223,0.002790858,0.016232692,0.000547985
1.047891433,0.02536751,-0.004119646,1.292552904,0.129195364,-0.015541729,0.083158727,0.003183178,0.016328216,0.000625017
1.048887033,0.02547706,-0.00403301,1.293547042,0.129753298,-0.015214887,0.084072417,0.002827422,0.016507619,0.000555164
1.049879367,0.025522405,-0.00409317,1.29453877,0.129984239,-0.015441844,0.083437957,0.003692823,0.016383043,0.000725086
1.050891167,0.025653065,-0.004133211,1.295548827,0.13064968,-0.015592905,0.083015665,0.004780555,0.016300126,0.000938662
1.0518718,0.025727913,-0.004036335,1.296528461,0.131030877,-0.01522743,0.084037354,0.004140064,0.016500734,0.000812902
1.052830167,0.02583007,-0.004093184,1.297485464,0.131551157,-0.015441899,0.083437803,0.005259895,0.016383013,0.00103278
1.0538483,0.025933595,-0.004024167,1.298502216,0.132078404,-0.015181525,0.084165682,0.005059263,0.016525932,0.000993386
1.054850733,0.025994059,-0.004024661,1.299503843,0.132386344,-0.015183388,0.084160474,0.005372411,0.016524909,0.001054873
1.0558284,0.026080939,-0.00410517,1.30048035,0.132828823,-0.015487118,0.083311393,0.006663971,0.016358192,0.001308471
1.056872333,0.026281922,-0.004063106,1.301521601,0.133852415,-0.015328428,0.083755014,0.007243942,0.016445297,0.001422348
1.0578244,0.026353728,-0.003991114,1.302472709,0.134218122,-0.015056831,0.084514263,0.0068504,0.016594376,0.001345076
1.058875433,0.026542675,-0.004095658,1.303521221,0.135180419,-0.015451232,0.083411713,0.008915247,0.01637789,0.001750509
1.059815067,0.026661664,-0.003925457,1.304459267,0.135786421,-0.014809132,0.08520671,0.007726252,0.016730337,0.00151705
1.060861233,0.026744284,-0.004080031,1.305504331,0.1362072,-0.015392279,0.083576517,0.009777224,0.016410249,0.001919758
1.061817767,0.026946995,-0.004061721,1.306458159,0.137239599,-0.015323203,0.083769619,0.010616522,0.016448165,0.002084554
1.0628579,0.026959511,-0.004082499,1.307498125,0.137303341,-0.015401589,0.08355049,0.010899392,0.016405139,0.002140096
1.063861167,0.027118236,-0.004059459,1.308499274,0.138111721,-0.015314667,0.083793481,0.01146478,0.01645285,0.00225111
1.064826933,0.027204237,-0.004114978,1.309463893,0.138549719,-0.015524119,0.083207956,0.012488303,0.016337882,0.002452078
1.065838033,0.027272691,-0.004063237,1.310474079,0.138898348,-0.01532892,0.083753638,0.012291251,0.016445027,0.002413387
1.066857633,0.027431015,-0.004143092,1.311491566,0.139704687,-0.01563018,0.082911461,0.013939767,0.016279665,0.002737073
1.067875067,0.027493165,-0.004089514,1.31250817,0.140021214,-0.015428053,0.083476511,0.013691244,0.016390613,0.002688276
1.068859567,0.027586805,-0.004096349,1.313491421,0.140498116,-0.015453837,0.083404429,0.014240227,0.01637646,0.002796069
1.0698441,0.027791473,-0.00407996,1.314473223,0.141540479,-0.015392008,0.083577275,0.015109745,0.016410398,0.002966798
1.0708386,0.027902408,-0.00405873,1.315466242,0.142105465,-0.015311917,0.08380117,0.015450836,0.01645436,0.003033772
1.071863167,0.028075056,-0.004089944,1.316488505,0.142984753,-0.015429677,0.083471971,0.016659323,0.016389722,0.003271058
1.072851567,0.02820806,-0.004058744,1.31747513,0.143662132,-0.015311971,0.083801018,0.017007655,0.01645433,0.003339453
1.07384,0.028282917,-0.004161596,1.318462564,0.144043378,-0.015699987,0.082716316,0.018473604,0.016241349,0.003627292
1.0748525,0.028477915,-0.00423223,1.319472462,0.145036493,-0.015966461,0.081971387,0.020211647,0.016095082,0.003968557
1.075857933,0.028588344,-0.004178073,1.320476422,0.1455989,-0.01576215,0.08254254,0.020202901,0.016207228,0.00396684
1.076882567,0.028669187,-0.004160716,1.321499976,0.146010627,-0.015696667,0.082725597,0.020431571,0.016243171,0.004011739
1.077867367,0.028863344,-0.004188513,1.322482185,0.146999458,-0.015801534,0.08243244,0.02171356,0.01618561,0.004263457
1.078861267,0.028933365,-0.004188804,1.323475151,0.147356072,-0.015802633,0.082429368,0.022073245,0.016185006,0.004334082
1.079817033,0.029085495,-0.00416197,1.324428887,0.148130863,-0.015701399,0.082712369,0.022565035,0.016240574,0.004430645
1.0808359,0.029205589,-0.004159899,1.325446151,0.148742497,-0.015693586,0.082734209,0.023154829,0.016244862,0.004546451
1.081829633,0.029326055,-0.004296832,1.326438277,0.149356024,-0.016210179,0.08129007,0.025212495,0.015961305,0.004950473
1.082803933,0.029575638,-0.004204229,1.327409246,0.150627137,-0.015860826,0.08226669,0.025506988,0.016153065,0.005008297
1.0838313,0.029699271,-0.004238621,1.328434963,0.151256791,-0.015990571,0.081903985,0.026499348,0.016081847,0.005203147
1.0848115,0.029817546,-0.004199782,1.329413585,0.151859158,-0.015844047,0.082313595,0.026692104,0.016162274,0.005240995
1.0858396,0.030090525,-0.00437389,1.330438042,0.153249425,-0.016500887,0.080477392,0.029918574,0.015801736,0.005874512
1.086845,0.030147058,-0.004314121,1.331442688,0.153537345,-0.016275402,0.081107738,0.029576148,0.015925504,0.005807277
1.087831,0.030390021,-0.004310365,1.332425445,0.154774744,-0.016261232,0.081147351,0.030773934,0.015933282,0.006042462
1.088888367,0.03049508,-0.004314651,1.33348141,0.155309806,-0.016277403,0.081102145,3.14E-02,0.015924406,0.006156397
1.089853833,0.030610777,-0.004427503,1.334445333,0.155899044,-0.016703146,0.079911976,0.033133609,0.015690717,0.006505784
1.090889367,0.030831133,-0.004364814,1.335477925,0.157021304,-0.016466646,0.080573114,0.03359473,0.015820531,0.006596325
1.091870333,0.030929686,-0.004365624,1.336457577,0.157523231,-0.016469704,0.080564565,0.034105206,0.015818852,0.006696557
1.092845667,0.031063881,-0.00442428,1.337431119,0.158206677,-0.016690988,0.079945965,0.035407253,0.01569739,0.006952214
1.093886067,0.031230687,-0.004432654,1.338469293,0.159056213,-0.01672258,0.079857647,0.036345106,0.015680049,0.007136362
1.094861167,0.031384229,-0.004529239,1.339442344,0.159838192,-0.017086956,0.078839032,0.038145701,0.015480044,0.007489908
1.095846367,0.031620861,-0.004579326,1.340424386,0.161043344,-0.017275911,0.078310808,0.039879077,0.015376327,0.007830257
1.096829433,0.031784431,-0.00463209,1.34140527,0.161876401,-0.017474969,0.077754339,0.041268603,0.015267064,0.00810309
1.0978611,0.03194284,-0.004532295,1.342434823,0.162683168,-0.017098485,0.078806803,0.041022906,0.015473716,0.008054848
1.098808933,0.032279873,-0.00465301,1.343378158,0.16439966,-0.017553892,0.077533709,0.044012492,0.015223744,0.008641853
1.0998575,0.032405431,-0.004561394,1.34442505,0.165039119,-0.017208263,0.078499918,0.043685742,0.015413459,0.008577695
1.100836367,0.032564438,-0.00464516,1.345401794,0.165848935,-0.017524277,0.077616499,0.045378977,0.01524,0.008910162
1.101856,0.032782241,-0.004791324,1.346418521,0.166958194,-0.018075692,0.076075013,0.048029722,0.014937329,0.009430636
1.102840833,0.032923118,-0.004730163,1.347401474,0.167675673,-0.017844958,0.076720032,0.048102182,0.015063978,0.009444863
1.103824667,0.033119389,-0.004850593,1.348382688,0.16867527,-0.018299289,0.075449944,0.050371868,0.014814596,0.009890516
1.104852667,0.03328781,-0.004795924,1.349408441,0.169533028,-0.018093047,0.076026495,0.050653074,0.014927802,0.009945731
1.105853567,0.033472897,-0.004907457,1.350406871,0.170475668,-0.018513815,0.074850236,0.052771973,0.014696844,0.010361777
1.1068501,0.033642639,-0.004818883,1.351401139,0.171340153,-0.018179661,0.075784366,0.052702328,0.01488026,0.010348102
1.107879233,0.033903509,-0.004892305,1.352426791,0.172668751,-0.018456655,0.075010027,0.054805265,0.014728219,0.010761014
1.1088606,0.034134997,-0.0049185,1.353405068,0.173847707,-0.018555474,0.074733776,0.056260472,0.014673977,0.011046744
1.109818567,0.034376039,-0.004976139,1.354359818,0.175075321,-0.018772925,0.074125891,0.058095971,0.014554619,0.011407144
1.110815133,0.034512587,-0.005071861,1.355354563,0.17577075,-0.019134043,0.073116381,0.059800909,0.014356401,0.011741908
1.111867867,0.03480741,-0.005139337,1.356403362,0.177272269,-0.019388604,0.072404755,0.062014055,0.014216674,0.01217646
1.112862333,0.035060479,-0.005135427,1.357394451,0.178561137,-0.019373853,0.072445993,0.063261685,0.014224771,0.012421432
1.1138441,0.035210076,-0.005232817,1.358374222,0.179323027,-0.019741264,0.07141889,0.065050678,0.014023099,0.012772701
1.114863367,0.035488029,-0.005182939,1.359389779,0.180738623,-0.019553096,0.071944918,0.065940246,0.014126385,0.012947367
1.1159049,0.035675166,-0.005255006,1.360428815,0.181691705,-0.019824974,0.071184878,0.067653368,0.013977151,0.013283739
1.116907433,0.035876481,-0.005321011,1.361428662,0.18271699,-0.020073985,0.070488768,0.069374763,0.01384047,0.013621735
1.1178934,0.036132702,-0.005363279,1.362411209,0.184021908,-0.020233446,0.070042993,0.071125456,0.013752942,0.013965483
1.1189045,0.036304904,-0.005443008,1.363420011,0.184898925,-0.02053423,0.069202146,0.07284332,0.013587841,0.014302786
1.119868567,0.036521927,-0.005652737,1.364381182,0.186004214,-0.02132545,0.066990286,0.076160468,0.013153543,0.014954108
1.120846367,0.036857377,-0.005654044,1.365354505,0.187712641,-0.021330382,0.066976498,0.077882683,0.013150835,0.015292265
1.121862033,0.03705316,-0.005717589,1.366367559,0.188709755,-0.021570108,0.066306341,0.079549954,0.01301925,0.015619634
1.1228488,0.03739147,-0.005827656,1.367349811,0.190432748,-0.021985349,0.065145533,0.082433756,0.012791325,0.016185868
1.1238843,0.037648582,-0.005864493,1.36838188,0.191742207,-0.02212432,0.064757038,0.084131709,0.012715044,0.016519261
1.1248596,0.037930635,-0.005756509,1.369353416,0.193178686,-0.021716941,0.06589587,0.084429357,0.012938654,0.016577704
1.125848033,0.038390603,-0.00588937,1.370335711,0.195521278,-0.022218169,0.06449468,0.088173139,0.012663531,0.017312796
1.126842433,0.03846719,-0.005947126,1.371329089,0.195911332,-0.022436058,0.063885572,0.0891723,0.012543932,0.017508981
1.127852733,0.038710506,-0.006074822,1.372336142,0.197150527,-0.022917803,0.062538848,0.09175822,0.012279503,0.018016726
1.128875333,0.038966086,-0.006244833,1.373355331,0.198452181,-0.023559184,0.060745862,0.09485286,0.01192745,0.018624359
1.129844633,0.0392194,-0.006319558,1.37432125,0.199742299,-0.023841091,0.059957789,0.09693105,0.011772712,0.019032412
1.130902,0.039502087,-0.006340895,1.375374845,0.201182005,-0.023921587,0.059732762,0.098595783,0.011728528,0.019359282
1.131835633,0.039742892,-0.006384623,1.376305264,0.202408414,-0.024086555,0.059271592,0.100283362,0.011637977,0.019690638
1.1328602,0.040034617,-0.00652615,1.377325938,0.203894153,-0.024620477,0.057779009,0.103261685,0.011344909,0.020275432
1.1338843,0.04043771,-0.006513647,1.378344659,0.205947086,-0.024573311,0.057910863,0.105182764,0.011370798,0.020652636
1.134843767,0.040712265,-0.006642941,1.379300461,0.207345376,-0.025061081,0.056547298,0.10794462,0.011103062,0.021194926
1.135859767,0.041044977,-0.006701834,1.380312021,0.209039861,-0.025283262,0.055926187,0.110260215,0.010981107,0.021649593
1.1368779,0.041452125,-0.006876738,1.381324721,0.211113444,-0.025943104,0.054081595,0.11417839,0.010618921,0.022418927
1.1378388,0.041694445,-0.006967949,1.382282388,0.212347568,-0.026287204,0.053119658,0.116374451,0.010430045,0.022850123
1.138850267,0.042226427,-0.007095936,1.383286755,0.215056926,-0.026770046,0.051769869,0.120433598,0.010165014,0.023647137
1.1398546,0.042471677,-0.007169744,1.384287815,0.216305969,-0.027048492,0.05099147,0.122461039,0.010012175,0.024045225
1.140869733,0.042781286,-0.007309147,1.385298817,0.217882791,-0.027574403,0.049521283,0.125508049,0.009723504,0.024643505
1.141882967,0.04321124,-0.007364878,1.386306313,0.220072524,-0.027784652,0.04893353,0.128285534,0.009608099,0.025188865
1.142834733,0.043550351,-0.007520038,1.387253554,0.221799598,-0.028370009,0.047297159,0.131648979,0.009286797,0.025849277
1.143865633,0.043937193,-0.007675713,1.388279291,0.223769763,-0.028957305,0.045655367,0.135260937,0.008964431,0.026558485
1.144875333,0.044299956,-0.007823335,1.38928415,0.225617297,-0.029514223,0.044098499,0.138665339,0.00865874,0.027226939
1.145898433,0.044711678,-0.007937764,1.390301756,0.227714174,-0.029945914,0.042891702,0.141969012,0.008421786,0.027875616
1.14685,0.045280285,-0.008147584,1.391245735,0.23061006,-0.03073748,0.040678872,0.147077729,0.007987297,0.028878712
1.147905533,0.045669962,-0.008371906,1.392296068,0.232594661,-0.031583755,0.038313103,0.151428099,0.007522778,0.029732907
1.1488008,0.046143858,-0.008417058,1.39318501,0.235008191,-0.031754095,0.037836919,0.154317813,0.007429279,0.030300303
1.149861733,0.046744477,-0.008528021,1.394237928,0.23806711,-0.032172714,0.036666665,0.158546985,0.0071995,0.031130701
1.150802133,0.047162938,-0.008764346,1.395172744,0.240198307,-0.033064269,0.034174315,0.163170533,0.006710127,0.032038534
1.1518513,0.047794121,-0.008871647,1.396213487,0.24341289,-0.033469072,0.033042686,0.167516745,0.006487931,0.032891913
1.152836967,0.048270167,-0.009213805,1.397192801,0.245837367,-0.034759892,0.029434186,0.173549722,0.005779402,0.034076488
1.153853667,0.048801755,-0.009188155,1.398202407,0.248544716,-0.034663125,0.029704699,0.175986558,0.005832518,0.034554961
1.154866867,0.049442036,-0.009524094,1.399207063,0.251805631,-0.035930486,0.026161781,0.182790391,0.005136866,0.035890893
1.1558631,0.049950773,-0.009756482,1.400196507,0.254396605,-0.036807189,0.023710949,0.187832197,0.004655645,0.036880852
1.156849033,0.05061864,-0.010005574,1.401173528,0.257798012,-0.037746913,0.021083943,0.19386061,0.004139832,0.038064531
1.1578683,0.051176505,-0.010276014,1.40218535,0.260639189,-0.038767169,0.018231808,0.199553922,0.003579815,0.039182413
1.158867767,0.051869932,-0.010451125,1.403175562,0.264170778,-0.039427794,0.016385027,0.204932293,0.0032172,0.040238456
1.1598459,0.052691327,-0.010787881,1.404142734,0.268354096,-0.040698236,0.012833493,0.212667143,0.002519856,0.041757194
1.160881667,0.053412059,-0.011057787,1.405168883,0.272024747,-0.041716479,0.009986988,0.2191843,0.001960945,0.043036837
1.161849267,0.054145074,-0.011380921,1.406126701,0.275757953,-0.042935529,0.006579121,0.226325372,0.00129181,0.044438987
1.162826033,0.055100923,-0.011618779,1.407090712,0.28062604,-0.043832869,0.0040706,0.233701981,0.000799262,0.045887384
1.1638874,0.055874056,-0.012010301,1.408141761,0.284563563,-0.045309922,5.85155E-05,0.241651589,1.14895E-05,0.047448289
1.164870533,0.056775962,-0.012227838,1.409112858,0.289156926,-0.046130598,0.002352722,0.243950745,0.000461957,0.047899729
1.1658388,0.05770213,-0.012638445,1.410068765,0.293873849,-0.047679652,0.006683115,0.244337275,0.00131223,0.047975624
1.1668799,0.058582126,-0.013056613,1.411098122,0.29835562,-0.049257226,0.011093237,0.244408924,0.002178157,0.047989692
1.167837933,0.059629224,-0.013465605,1.412042181,0.303688434,-0.050800184,0.01540659,0.245428385,0.003025084,0.048189863
1.1688235,0.060654959,-0.013822413,1.41301406,0.308912449,-0.052146274,0.019169595,0.246889394,0.00376395,0.048476733
1.169837667,0.06172765,-0.014308025,1.414013911,0.314375606,-0.053978289,0.024291011,0.247231137,0.00476954,0.048543834
1.1708497,0.062861928,-0.014717065,1.415010808,0.32015242,-0.055521428,0.028604868,0.248694093,0.005616566,0.048831085
1.171801667,0.064174061,-0.015105587,1.415945264,0.326835045,-0.056987162,0.03270234,0.251279245,0.006421105,0.04933868
1.1728389,0.065470267,-0.015650565,1.416965199,0.333436552,-0.059043141,0.038449847,0.252133246,0.007549628,0.049506363
1.173869,0.066813201,-0.016487549,1.417977378,0.340276043,-0.062200734,0.047276928,0.250145656,0.009282825,0.0491161
1.174852567,0.068161646,-0.017133922,1.418942949,0.347143602,-0.064639235,0.054093777,0.250196366,0.010621313,0.049126057
1.175836767,0.069730216,-0.017836769,1.419906217,0.355132243,-0.067290786,0.061506211,0.250772573,0.012076745,0.049239195
1.176853433,0.071289612,-0.018536592,1.420902073,0.363074165,-0.069930931,0.068886761,0.251333945,0.013525915,0.04934942
1.177858533,0.072880688,-0.018995585,1.421885941,0.371177428,-0.071662524,0.073727444,0.254596525,0.014476384,0.049990028
1.1788597,0.074716362,-0.019756761,1.42286261,0.380526415,-0.074534128,0.081755037,0.255917919,0.016052601,0.050249483
1.179834433,0.076474021,-0.020521397,1.423813888,0.38947808,-0.077418784,0.089819117,0.256805504,0.017635984,0.050423761
1.1808428,0.078408969,-0.021315427,1.424796432,0.399332668,-0.080414332,0.098193198,0.258286011,0.019280234,0.050714458
1.181851933,0.080406909,-0.0222325,1.425778903,0.409508069,-0.08387407,0.107864925,0.258789685,0.021179278,0.050813355
1.182830567,0.082522569,-0.023255432,1.426729303,0.420283008,-0.087733172,0.11865308,0.258776469,0.023297532,0.05081076
1.1838684,0.084700614,-0.024194967,1.42773807,0.431375678,-0.09127765,0.128561698,0.259960521,0.025243089,0.051043248
1.1848508,0.087181224,-0.025170943,1.428687367,0.444009291,-0.094959606,0.138854637,0.262301195,0.027264108,0.05150284
1.185864767,0.089653442,-0.02625441,1.429668341,0.456600161,-0.099047082,0.150281212,0.26346549,0.029507716,0.051731449
1.186897733,0.092377697,-0.027512888,1.430664953,0.470474647,-0.1037948,0.1635535,0.264067688,0.03211373,0.051849691
1.187932567,0.095444151,-0.028981596,1.431658864,0.486091934,-0.109335633,0.179042947,0.264195528,0.035155083,0.051874792
1.1889454,0.098505216,-0.030427616,1.432630848,0.501681771,-0.114790869,0.194293106,0.264535205,0.038149451,0.051941488
1.189942267,0.101663342,-0.031488611,1.433585569,0.51776594,-0.118793566,0.205482682,0.269429799,0.040346525,0.052902541
1.190947,0.104852066,-0.032911934,1.434547749,0.534005937,-0.12416318,0.220493482,0.270658996,0.043293895,0.053143894
1.1920023,0.108468009,-0.034463283,1.435554794,0.55242174,-0.130015781,0.236854479,0.272713802,0.046506377,0.053547355
1.193046633,0.112475235,-0.036371204,1.436545651,0.572830328,-0.137213581,0.256975993,0.273000876,0.050457236,0.053603722
1.194041733,0.116269423,-0.037964145,1.437490118,0.592153926,-0.143223091,0.273775629,0.275524837,0.053755845,0.054099302
1.195038,0.12035658,-0.039908357,1.438431841,0.612969595,-0.150557804,0.294279883,0.275836253,0.057781855,0.054160448
1.196014867,0.124762797,-0.04196429,1.439349907,0.63541022,-0.158313993,0.315962376,0.276594384,0.062039213,0.054309307
1.197086733,0.12941838,-0.044142817,1.440359645,0.659120856,-0.166532679,0.338937787,0.277329609,0.066550434,0.054453669
1.1981073,0.13422802,-0.045934038,1.441316027,0.683616094,-0.173290216,0.35782854,0.282934094,0.070259634,0.055554109
1.1991181,0.139196347,-0.048241793,1.442260525,0.708919514,-0.181996426,0.382166825,0.28389923,0.075038456,0.055743614
1.200158,0.14433905,-0.050398959,1.443231795,0.735111026,-0.190134528,0.40491696,0.287340607,0.079505445,0.056419328
1.2011547,0.149938417,-0.052755164,1.444153772,0.7636283,-0.19902352,0.429766213,0.291008628,0.084384596,0.057139544
1.202142,0.155565213,-0.05525339,1.445065982,0.792285273,-0.208448298,0.456113263,0.293318551,0.089557839,0.057593097
1.2031893,0.16163756,-0.057949974,1.446032247,0.823211408,-0.218621398,0.484552253,0.295805696,0.095141835,0.058081448
1.204135533,0.167902857,-0.060608146,1.44689487,0.855120227,-0.228649587,0.512586142,0.299680626,0.100646289,0.058842291
1.205181667,0.174449323,-0.063827126,1.44785364,0.88846103,-0.240793473,0.546534482,0.299073089,0.107312046,0.058723001
1.206116433,0.181320373,-0.066590234,1.448696713,0.923454919,-0.251217541,0.575675055,0.304926405,0.113033797,0.0598723
1.207138,0.18845488,-0.069933953,1.44962307,0.959790578,-0.263832019,0.610938937,0.305998182,0.11995786,0.060082743
1.208113767,0.19581868,-0.072688972,1.450500566,0.997294016,-0.274225569,0.639994197,0.314446359,0.125662861,0.061741543
1.209115267,0.203649387,-0.076594503,1.451397566,1.037175384,-0.288959531,0.681183116,0.313138809,0.133750305,0.061484805
1.2101051,0.211799433,-0.080043189,1.452278637,1.078683134,-0.301970005,0.717554009,0.318275665,0.14089173,0.062493427
1.211087233,0.220369577,-0.084273126,1.453146401,1.122330413,-0.317927817,0.762164209,0.317312745,0.149650942,0.062304357
1.2121379,0.229072833,-0.087116308,1.454080923,1.166655632,-0.328653971,0.792149266,0.331652907,0.155538508,0.065120048
1.2131154,0.238385323,-0.091564723,1.454934148,1.214083643,-0.345436009,0.839063601,0.332166583,0.164750138,0.065220909
1.214156067,0.248038143,-0.095454683,1.455845998,1.263244937,-0.360111226,0.880088297,0.340303181,0.172805337,0.06681853
1.215126133,0.258042517,-0.100385237,1.456682556,1.314196673,-0.378712179,0.932087423,0.33925579,0.183015366,0.066612874
1.216098767,0.268356933,-0.104641982,1.457517543,1.366727442,-0.394771123,0.976980341,0.346893642,0.19183009,0.068112567
1.217164467,0.278989773,-0.109128685,1.458441348,1.420879925,-0.411697608,1.024298477,0.353727989,0.201121006,0.069454491
1.2181326,0.290101003,-0.113714691,1.459261202,1.477468823,-0.428998721,1.072663889,0.361951475,0.210617555,0.071069172
1.219087433,0.30166797,-0.119167653,1.460061674,1.536378762,-0.449570503,1.130172485,0.363352818,0.221909367,0.071344326
1.220118267,0.313523593,-0.12426104,1.460934294,1.596758815,-0.468785755,1.183888887,0.370016469,0.232456583,0.072652734
1.221084867,0.32567469,-0.129082427,1.461738738,1.658643697,-0.486974862,1.234736695,0.381053544,0.24244055,0.074819863
1.2221454,0.338463167,-0.135094137,1.462628609,1.723774722,-0.509654569,1.298138013,0.38278325,0.254889399,0.075159491
1.223154033,0.35158403,-0.14049504,1.463462144,1.790598574,-0.530029954,1.35509758,0.392647535,0.26607341,0.077096344
1.224113467,0.36495341,-0.145340207,1.464243163,1.858688108,-0.548308774,1.406196178,0.409638471,0.27610662,0.080432514
1.225121067,0.37903273,-0.152443947,1.465062875,1.930393328,-0.575108261,1.481114377,0.406425492,0.290816808,0.079801645
1.226102,0.393360457,-0.158047377,1.465852605,2.00336367,-0.596247696,1.540209851,0.42030036,0.302420204,0.082525976
1.227129833,0.40820952,-0.164787937,1.466682277,2.078989152,-0.621677054,1.611297843,0.42483785,0.316378331,0.083416912
1.2281449,0.423508433,-0.17105469,1.46749318,2.156905696,-0.645318935,1.677388926,0.43666331,0.329355316,0.085738841
1.229166733,0.439053833,-0.1778475,1.46830756,2.236077583,-0.670945411,1.749027963,0.444196161,0.343421641,0.087217916
1.230153033,0.455222737,-0.1857134,1.469078086,2.318424938,-0.700620214,1.831984132,0.443587347,0.359710084,0.087098376
1.231134333,0.471468567,-0.192080823,1.469842585,2.401164078,-0.724641881,1.899136912,0.459173707,0.372895533,0.090158757
1.2321398,0.48839435,-0.199792713,1.470622177,2.487366183,-0.753735667,1.980468845,0.464043879,0.388865058,0.091115016
1.233157933,0.505490173,-0.20570133,1.471412167,2.574434293,-0.776026446,2.04278291,0.488797923,0.401100424,0.095975472
1.2341645,0.523222537,-0.21451128,1.472182095,2.664744266,-0.809262761,2.135695318,0.486195489,0.419343776,0.095464484
1.235141933,0.541181,-0.222677097,1.472919873,2.756205755,-0.840069026,2.221814499,0.491537796,0.436253277,0.096513446
1.236113733,0.55983156,-0.23205373,1.473642781,2.851192055,-0.875443204,2.320703321,0.487635275,0.455670097,0.095747186
1.237129433,0.578528643,-0.239257667,1.474408969,2.946415296,-0.902620691,2.396678225,0.506883612,0.470587769,0.099526597
1.238100533,0.59783737,-0.247037567,1.475122394,3.044753603,-0.931971052,2.478727412,0.523172732,0.486698127,0.102724966
1.239088033,0.617556713,-0.255735,1.475846739,3.145183159,-0.964782888,2.570453184,0.531876516,0.504708483,0.104433954
1.2401485,0.63768651,-0.264311257,1.476638574,3.247703132,-0.997137574,2.660900991,0.543948682,0.52246791,0.106804324
1.241114333,0.658635993,-0.275274947,1.477324836,3.354397725,-1.038499063,2.776527394,0.535016872,0.545171154,0.105050563
1.242192633,0.67889627,-0.281859493,1.478132763,3.457582226,-1.063339847,2.845970022,0.568758744,0.558806214,0.111675779
1.243166867,0.700666247,-0.29300523,1.478816476,3.568455547,-1.105388124,2.963516345,0.562085743,0.581886434,0.110365536
1.244141167,0.722076317,-0.301251053,1.479505058,3.677495883,-1.136496221,3.050479301,0.584163123,0.598961611,0.114700429
1.2451187,0.74411412,-0.310872923,1.480188497,3.789733231,-1.172795576,3.151954464,0.594925309,0.618886259,0.116813584
1.246162633,0.766169667,-0.31977581,1.480938099,3.902060946,-1.206382503,3.245847009,0.613360477,0.63732206,0.12043333
1.247130633,0.788806397,-0.329058073,1.481604012,4.017348595,-1.241400661,3.343740576,0.63075456,0.656543462,0.123848658
1.248114433,0.811938683,-0.33964156,1.482279112,4.135160088,-1.2813278,3.45535724,0.636949389,0.678459394,0.125065013
1.2491201,0.83600672,-0.351542573,1.48296359,4.257737306,-1.326225425,3.58086894,0.634014907,0.703103616,0.124488827
1.250152867,0.858819563,-0.35804819,1.48369192,4.373921891,-1.350768439,3.649479148,0.681589284,0.716575231,0.133830056
1.251125167,0.88318481,-0.369125167,1.484339065,4.498012783,-1.392557312,3.766300307,0.688859017,0.739513065,0.135257468
1.2521168,0.907821473,-0.379895737,1.485001922,4.623485986,-1.433190239,3.879890008,0.700742519,0.761816403,0.137590794
1.253155967,0.933005427,-0.39272213,1.485705009,4.751746507,-1.481578941,4.015161046,0.693732002,0.788376871,0.136214279
1.254117533,0.958175527,-0.401844073,1.486330681,4.879936474,-1.515992279,4.11136383,0.725719185,0.807266288,0.142494962
1.255143833,0.98340185,-0.412216703,1.487020336,5.008412783,-1.555123942,4.220756735,0.744802589,0.828745585,0.146241988
1.256210433,1.010710233,-0.423503607,1.487722505,5.147492912,-1.597704782,4.339791844,0.764847609,0.852118129,0.150177828
1.2572133,1.03862014,-0.437830133,1.488352914,5.289636567,-1.65175287,4.490883744,0.755899364,0.881785023,0.14842084
1.2582259,1.064378867,-0.444826217,1.489021764,5.420824378,-1.678146213,4.564666563,0.813304356,0.89627228,0.15969231
1.259284633,1.09282281,-0.459066967,1.489700913,5.565687853,-1.731870701,4.714853836,0.807980558,0.925761551,0.158646983
1.260334667,1.12148555,-0.472818047,1.490368442,5.711665648,-1.783747865,4.8598769,0.808935289,0.954236829,0.158834444
1.261268667,1.1490109,-0.484980763,1.490935116,5.851850777,-1.829632789,4.988148603,0.820848715,0.979422978,0.161173645
1.2623713,1.176367267,-0.495212057,1.491672679,5.991175282,-1.868231247,5.096050929,0.852270894,1.0006096,0.16734339
1.2633092,1.204321967,-0.507104783,1.492237523,6.133547067,-1.913097609,5.221475235,0.869218374,1.025236662,0.170671028
1.264382933,1.234044367,-0.52065543,1.492914611,6.284921654,-1.964218621,5.364384468,0.877683726,1.05329689,0.1723332
1.265409533,1.263615433,-0.530355373,1.493546585,6.435525507,-2.000812515,5.466683016,0.925989032,1.07338321,0.181817947
1.266407167,1.292680133,-0.543840843,1.49415635,6.583550463,-2.051687642,5.608904876,0.931792127,1.101308472,0.182957384
1.2673921,1.322006033,-0.5581295,1.494749929,6.732905696,-2.105592862,5.759597388,0.930454849,1.130896947,0.18269481
1.268396067,1.351377267,-0.57049014,1.495361937,6.882491809,-2.152224469,5.88995645,0.9496819,1.156492949,0.186470041
1.269458067,1.380694667,-0.582999347,1.496032696,7.031803752,-2.199416557,6.021882341,0.967067952,1.182396598,0.189883792
1.270448967,1.409628,-0.59202367,1.496637481,7.179159664,-2.233461614,6.117055595,1.01925061,1.201083866,0.200129857
1.271456933,1.440394033,-0.60853563,1.497234875,7.335849419,-2.295754442,6.291195738,1.001800222,1.235276283,0.196703474
1.272448467,1.4701493,-0.618889053,1.497829324,7.487391393,-2.334813647,6.400386084,1.04415185,1.256715807,0.205019216
1.273431933,1.5009269,-0.63488219,1.498402064,7.644140056,-2.395149168,6.569054558,1.032232039,1.289833863,0.202678761
1.2744088,1.5314787,-0.647073487,1.498971217,7.799738732,-2.441141912,6.697627674,1.059257599,1.315079194,0.207985229
1.275401867,1.562221167,-0.660007337,1.499554025,7.956308463,-2.489936004,6.834031983,1.079423021,1.34186218,0.21194471
1.2763828,1.5933993,-0.672768987,1.500118886,8.115097021,-2.538080457,6.968620218,1.103623343,1.36828858,0.216696443
1.2774087,1.624171667,-0.685758827,1.500734129,8.271819031,-2.587085776,7.105615015,1.123350557,1.395187508,0.220569882
1.278365667,1.655484133,-0.6972057,1.501273231,8.431291741,-2.630270117,7.226337216,1.162101066,1.418891312,0.228178544
1.2793906,1.687144433,-0.709706507,1.501875658,8.592535948,-2.677430515,7.358174518,1.19150797,1.444777567,0.23395259
1.280364167,1.720424867,-0.729135793,1.502405097,8.762031407,-2.750729216,7.563081674,1.156096273,1.485011087,0.226999503
1.2814421,1.751857533,-0.73844433,1.503063561,8.922116289,-2.785846493,7.661252328,1.218010502,1.504286895,0.239156362
1.282420967,1.7835598,-0.750377833,1.503619361,9.08357423,-2.830866689,7.787106677,1.253614093,1.528998396,0.246147127
1.283417633,1.816426333,-0.76590977,1.504177424,9.250961718,-2.889462293,7.950911197,1.257197062,1.561161413,0.246850643
1.2844466,1.849406433,-0.779646297,1.504766271,9.418927595,-2.941284554,8.095780777,1.280293359,1.589606556,0.251385601
1.285355067,1.882747967,-0.795685213,1.505229795,9.588734233,-3.001792784,8.264932062,1.280948712,1.62281941,0.25151428
1.286402033,1.9149166,-0.80588114,1.505847471,9.752567354,-3.040257819,8.3724614,1.337252495,1.643932796,0.262569527
1.287358667,1.9480286,-0.817048987,1.506362225,9.921204991,-3.082389507,8.490240901,1.388110631,1.667058801,0.272555522
1.288384867,1.983199467,-0.83837978,1.50691907,10.10032833,-3.16286181,8.715201924,1.342272942,1.711229898,0.263555292
1.289423233,2.016280867,-0.84948444,1.507515965,10.26881012,-3.204755121,8.83231504,1.393641619,1.734225058,0.273641532
1.290366733,2.049396733,-0.859920523,1.508017534,10.43746745,-3.244126168,8.942377143,1.452236846,1.755835752,0.285146705
1.291413533,2.083560167,-0.875901777,1.508608423,10.61145998,-3.304416858,9.110920292,1.457686227,1.788929199,0.286216691
1.292404133,2.118920867,-0.89584448,1.509127134,10.79155012,-3.379652469,9.321242096,1.427454568,1.830225886,0.280280704
1.2934279,2.152693967,-0.90864005,1.509700199,10.96355471,-3.427924888,9.456188062,1.464513186,1.856722526,0.287557164
1.2943827,2.186598433,-0.918487443,1.510202544,11.13622833,-3.465075049,9.560041662,1.533333213,1.87711418,0.301069976
1.295427467,2.221352367,-0.934109133,1.510783519,11.31322825,-3.524009255,9.724792747,1.545582042,1.909463056,0.303475034
1.296414133,2.2565864,-0.95214905,1.511299988,11.49267329,-3.592066435,9.915047185,1.534772643,1.946819515,0.301352608
1.297402533,2.2914663,-0.967977387,1.511822916,11.67031474,-3.651780234,10.08197763,1.545483656,1.979596308,0.303455716
1.298382533,2.3264714,-0.981547027,1.512335773,11.84859384,-3.7029729,10.22508717,1.580653206,2.007695866,0.310361257
1.2994077,2.362398,-0.999329723,1.512881499,12.03156608,-3.770059695,10.41262889,1.576083732,2.044519683,0.309464041
1.300397867,2.396357933,-1.007224227,1.51341847,12.2045222,-3.799842406,10.49588672,1.665782018,2.060867357,0.327076299
1.301423867,2.431509267,-1.022297527,1.513975376,12.38354605,-3.856707763,10.65485432,1.685838272,2.092080645,0.331014345
1.3023726,2.467601933,-1.03870052,1.514442452,12.56736406,-3.918589505,10.82784526,1.696665337,2.126047418,0.333140239
1.3034202,2.5024136,-1.047484543,1.515025491,12.74465801,-3.951728009,10.92048424,1.781320308,2.144237081,0.349762242
1.304412967,2.539286067,-1.068304887,1.515526194,12.9324475,-4.030274594,11.1400619,1.749532138,2.187351155,0.343520635
1.305370233,2.575170033,-1.08010031,1.516004589,13.11520261,-4.074773871,11.26446002,1.807889136,2.211776725,0.354979032
1.3063837,2.611250567,-1.09662309,1.516536561,13.29895883,-4.137107519,11.43871427,1.8173911,2.245991548,0.356844742
1.3074037,2.647749333,-1.108616213,1.517069485,13.48484509,-4.182352636,11.56519739,1.876794238,2.270826508,0.368508549
1.308391767,2.6849993,-1.12675181,1.517560451,13.67455717,-4.250770778,11.7564609,1.875242808,2.308381098,0.368203925
1.309414833,2.721290867,-1.1411724,1.518099207,13.85938817,-4.305173728,11.90854482,1.907989887,2.338242776,0.374633814
1.310426967,2.757795967,-1.155752567,1.518624179,14.04530668,-4.360178695,12.06231169,1.940141535,2.368434899,0.38094679
1.3114264,2.792938367,-1.165891167,1.519154637,14.22428504,-4.398427459,12.16923644,2.012195137,2.389429575,0.395094515
1.312420467,2.830681267,-1.184458867,1.519645025,14.4165076,-4.468475749,12.36505704,2.008597097,2.42787895,0.39438804
1.313415967,2.867986767,-1.201505867,1.520142683,14.6065025,-4.532787063,12.54483988,2.018809167,2.46317931,0.39639318
1.3144006,2.9038465,-1.213065533,1.520648768,14.7891342,-4.576396927,12.66675163,2.079529108,2.487116683,0.40831554
1.315380167,2.940528867,-1.2271709,1.521138809,14.97595552,-4.629610669,12.81551111,2.117590951,2.516325607,0.415788983
1.316414233,2.9784491,-1.243526367,1.52166683,15.16908123,-4.691313112,12.98800083,2.138226945,2.550193963,0.419840861
1.317409033,3.017257267,-1.264520433,1.522143735,15.36672914,-4.770515084,13.20941063,2.114465052,2.593667777,0.415175213
1.318398933,3.054146833,-1.279620933,1.522641344,15.55460572,-4.827483055,13.36866509,2.143087175,2.62493739,0.420795167
1.319407867,3.091315833,-1.293253367,1.523154257,15.74390544,-4.878912614,13.51243687,2.188615114,2.653166979,0.429734578
1.3203835,3.129795067,-1.3140756,1.523616385,15.93987811,-4.95746633,13.73203446,2.164990188,2.696284967,0.425095823
1.321421133,3.167045967,-1.328478533,1.524156905,16.12959494,-5.011802668,13.88393217,2.202809313,2.726110081,0.432521609
1.322385233,3.203750267,-1.338634733,1.524631186,16.31652797,-5.050117831,13.99104254,2.282631972,2.747141202,0.448194788
1.323396967,3.242805,-1.355958,1.525121734,16.51543163,-5.115471385,14.17373897,2.298839201,2.783013646,0.451377077
1.3243904,3.2808537,-1.3708769,1.525607407,16.70921161,-5.171754254,14.33107822,2.335279937,2.813907208,0.458532216
1.325379167,3.317714833,-1.383972967,1.526104262,16.89694338,-5.221160322,14.46919331,2.384896613,2.841026107,0.46827445
1.3263987,3.356413833,-1.402116567,1.526607357,17.09403531,-5.289608657,14.66054123,2.390640627,2.87859727,0.469402287
1.327368733,3.394409133,-1.414622933,1.527070343,17.28754333,-5.33679003,14.79243716,2.452252708,2.904495037,0.481499819
1.328370067,3.436222167,-1.446427,1.527513682,17.50049486,-5.456773682,15.12785251,2.329788898,2.97035384,0.45745405
1.329421433,3.471279933,-1.4430019,1.528097203,17.67904219,-5.44385219,15.09173036,2.544458364,2.963261257,0.4996044
1.330384033,3.509811567,-1.4577135,1.528545598,17.87528172,-5.499353001,15.24688336,2.585544902,2.993725548,0.507671742
1.331397967,3.550498167,-1.476884033,1.529016569,18.08249639,-5.571675532,15.44906163,2.590581305,3.033423251,0.508660639
1.332394867,3.589728567,-1.492943467,1.529489939,18.28229471,-5.632261164,15.61842929,2.621011965,3.066678591,0.514635699
1.333362033,3.629210367,-1.511749733,1.529930221,18.4833734,-5.703209467,15.81676589,2.623754053,3.105621982,0.515174108
1.334421567,3.666327467,-1.521643967,1.530494427,18.67240879,-5.740536336,15.92111347,2.708441861,3.126110631,0.531802559
1.335400133,3.706699767,-1.543808,1.530934225,18.87802275,-5.824152111,16.1548621,2.680307191,3.172007173,0.526278317
1.336417533,3.7450521,-1.5554751,1.531439813,19.07334912,-5.868167277,16.27790688,2.752588785,3.196167015,0.540470808
1.337356833,3.784250567,-1.5721968,1.53185601,19.27298481,-5.931251368,16.454259,2.775872345,3.230793755,0.545042535
1.338416767,3.8202454,-1.5765142,1.532435592,19.45630456,-5.947539141,16.49979161,2.913659486,3.239734083,0.57209704
1.3394324,3.861224733,-1.599125033,1.532904356,19.6650101,-6.032840508,16.73825233,2.883904316,3.286555844,0.566254612
1.340415167,3.900709433,-1.621310033,1.533360199,19.86610356,-6.116535381,16.97222207,2.851028026,3.332495804,0.559799353
1.3414327,3.938435567,-1.6286097,1.533874277,20.05824073,-6.144074018,17.04920657,2.966180695,3.34761171,0.58240958
1.342399667,3.980338567,-1.654646067,1.534282048,20.27165045,-6.242298512,17.323794,2.905002995,3.401526952,0.570397338
1.343405767,4.020219667,-1.672000933,1.534755935,20.47476275,-6.307771281,17.50682369,2.925085602,3.437464832,0.574340558
1.344400833,4.060028733,-1.6886963,1.53521975,20.67750819,-6.370756027,17.6828981,2.951756634,3.472037042,0.579577415
1.345399867,4.097711633,-1.694820567,1.535715905,20.86942518,-6.393860364,17.74748647,3.079085244,3.484718969,0.604578388
1.3463926,4.138351467,-1.714663933,1.5361663,21.07640166,-6.468721218,17.95676064,3.076787562,3.525809952,0.604127238
1.347336133,4.180288633,-1.7394392,1.536550182,21.2899854,-6.562188101,18.21804813,3.029083814,3.57711375,0.594760607
1.3484356,4.219764567,-1.754127633,1.537122842,21.49103421,-6.617601514,18.3729568,3.075223944,3.607530068,0.603820222
1.349384333,4.256912233,-1.757299767,1.53757584,21.68022528,-6.629568667,18.40641109,3.230960734,3.614098817,0.63439914
1.350362167,4.295606467,-1.771306867,1.538037298,21.87729293,-6.68241169,18.55413421,3.280305256,3.643104253,0.644087937
1.351434833,4.337154367,-1.791868733,1.538555508,22.08889415,-6.759983149,18.7709859,3.27505479,3.685683082,0.643057008
1.352384933,4.374495,-1.794603867,1.539007298,22.27906799,-6.770301681,18.79983145,3.436383082,3.691346905,0.674733818
1.353359733,4.420539467,-1.832024267,1.539367634,22.51356999,-6.911473447,19.19447835,3.276238178,3.768835824,0.643289366
1.3544104,4.457317667,-1.833057667,1.539927496,22.70087938,-6.91537204,19.2053769,3.452649024,3.770975754,0.677927636
1.355374567,4.497767433,-1.8499488,1.54035186,22.90688787,-6.979095333,19.38351592,3.480518492,3.805953351,0.683399806
1.356403967,4.535540733,-1.856271433,1.540877176,23.09926526,-7.002948026,19.45019633,3.606215469,3.819046049,0.708080407
1.357393467,4.581617033,-1.896573633,1.541251787,23.33392938,-7.154991637,19.87523557,3.415840352,3.902502503,0.670700253
1.358418333,4.618680167,-1.895205833,1.541782047,23.52268992,-7.149831491,19.86081033,3.619026133,3.899670109,0.710595781
1.3594291,4.659144867,-1.913941267,1.542252812,23.72877447,-7.220512569,20.0583999,3.627521108,3.93846682,0.71226377
1.360402633,4.699476067,-1.9278938,1.542688125,23.9341791,-7.273149734,20.20554755,3.68577809,3.967359262,0.723702528
1.361405567,4.7408387,-1.950522833,1.543139074,24.14483677,-7.358519762,20.44420021,3.657783104,4.014218711,0.718205712
1.362411033,4.781207867,-1.966795,1.543605814,24.35043477,-7.419907949,20.61581142,3.691769891,4.047914572,0.724879018
1.363380333,4.822248133,-1.9854656,1.544027432,24.55945064,-7.490344437,20.81271723,3.703879948,4.086577029,0.727256828
1.364394933,4.8591862,-1.9907574,1.544549093,24.74757423,-7.51030822,20.86852616,3.836194607,4.097535112,0.753236811
1.365410533,4.903144367,-2.014208733,1.544978072,24.97145081,-7.598780448,21.11585104,3.812746307,4.146097353,0.748632737
1.366383867,4.941405767,-2.0245248,1.545440807,25.16631407,-7.637698721,21.22464742,3.89881319,4.16745952,0.76553197
1.3673659,4.981045567,-2.037958,1.545893847,25.36819744,-7.688376655,21.36631802,3.959025956,4.195276543,0.777354747
1.368415233,5.026271667,-2.070122667,1.546339638,25.59853153,-7.809720703,21.70553636,3.850141714,4.261882064,0.755975326
1.369414533,5.065844867,-2.081965,1.546810834,25.80007572,-7.854396952,21.8304292,3.926793052,4.286404774,0.771025816
1.370421767,5.102415067,-2.081097467,1.547330038,25.98632578,-7.851124106,21.82127993,4.122192386,4.284608315,0.809392475
1.371425867,5.143981133,-2.099883933,1.547779438,26.19801952,-7.921997711,22.01940771,4.135758349,4.323510705,0.812056152
1.372369067,5.1879309,-2.126517267,1.548136129,26.42185332,-8.022474315,22.30029093,4.07870893,4.378662125,0.800854498
1.3733822,5.2273078,-2.1360199,1.548623777,26.62239776,-8.058323839,22.40050859,4.17903571,4.398339862,0.820553662
1.374382667,5.269274367,-2.153935767,1.5490642,26.83613123,-8.125913029,22.58945476,4.20382301,4.435439442,0.825420648
1.3753655,5.3121235,-2.171618,1.549475212,27.05435956,-8.192620817,22.77593696,4.235569143,4.472055222,0.831654001
1.3763613,5.351815867,-2.1842015,1.549941317,27.25651065,-8.240093183,22.90864637,4.305010822,4.498112715,0.845288875
1.377345033,5.390381467,-2.189954467,1.550410393,27.45292318,-8.261796758,22.9693189,4.440750818,4.510025767,0.871941423
1.378387333,5.4343761,-2.217029833,1.550865584,27.67698549,-8.363940972,23.25486394,4.379268085,4.566092535,0.859869288
1.3794469,5.475542867,-2.227981967,1.55137578,27.88664562,-8.405258862,23.37036846,4.473423692,4.588771848,0.878356742
1.380405633,5.515578567,-2.241155933,1.551800237,28.09054528,-8.454958816,23.50930512,4.538386709,4.61605206,0.89111223
1.3814386,5.558552267,-2.25878,1.55225972,28.30940803,-8.521447165,23.69517387,4.571380697,4.65254739,0.8975906
1.382436233,5.596147067,-2.2628529,1.552755651,28.50087633,-8.53681254,23.73812791,4.719894953,4.660981416,0.926751374
1.383401,5.640786333,-2.2931867,1.553124706,28.72822171,-8.651249481,24.05803738,4.627330876,4.723795639,0.908576417
1.384421667,5.679580533,-2.298124167,1.553627664,28.92579849,-8.669876511,24.1101094,4.772835629,4.734019981,0.937146276
1.385394833,5.718651767,-2.309939167,1.554079426,29.12478618,-8.714449642,24.23471398,4.847218744,4.75848609,0.9517514
1.386388967,5.7667235,-2.3512122,1.554432042,29.36961294,-8.870155808,24.66999192,4.656767559,4.843952913,0.91435631
1.3873664,5.8060983,-2.3521259,1.554884018,29.57014668,-8.873602822,24.67962808,4.847665143,4.845844973,0.951839051
1.388382767,5.843279533,-2.359053533,1.555404201,29.7595087,-8.899737931,24.752689,4.963966242,4.860190485,0.974674772
1.389334767,5.8873709,-2.387697767,1.555767802,29.98406366,-9.007800832,25.05477978,4.886430422,4.91950601,0.959450613
1.390345133,5.929993933,-2.405236333,1.556209364,30.20114048,-9.073966625,25.23974683,4.918540192,4.95582429,0.965755367
1.391428033,5.971269133,-2.415283267,1.556741447,30.41135286,-9.111869569,25.34570484,5.022794559,4.976629145,0.986225712
1.392370867,6.011733033,-2.429461467,1.557144289,30.61743332,-9.165358082,25.49523244,5.079347426,5.00598889,0.997329867
1.393393333,6.050540633,-2.439774667,1.557648869,30.81507835,-9.20426554,25.60399858,5.168226309,5.027345121,1.014781236
1.394410667,6.092259267,-2.456106033,1.558109467,31.0275491,-9.265877064,25.77623413,5.208461516,5.061163571,1.022681419
1.3954069,6.135051867,-2.475784233,1.558534633,31.24548952,-9.340114812,25.9837664,5.218869657,5.101912533,1.024725057
1.396366333,6.1755737,-2.492293667,1.558953302,31.45186504,-9.402398109,26.1578799,5.251131681,5.136099718,1.031059706
1.3974043,6.2165977,-2.4992664,1.559443804,31.66079806,-9.428703361,26.23141646,5.386528146,5.150538622,1.057644801
1.398411833,6.258669067,-2.514248367,1.559889895,31.87506527,-9.485224155,26.38942083,5.442790987,5.18156278,1.06869201
1.399421567,6.301052267,-2.532590967,1.560334024,32.09092063,-9.554423234,26.58286746,5.465199719,5.219546025,1.073091965
1.400349967,6.344104767,-2.544859067,1.560687889,32.3101847,-9.600705726,26.71225056,5.555080681,5.244950398,1.090740092
1.401420733,6.382219133,-2.5481318,1.561250019,32.50429913,-9.613052401,26.7467658,5.714679863,5.251727466,1.122077391
1.402356067,6.421058367,-2.557230533,1.561667043,32.70210525,-9.647378177,26.84272381,5.816527988,5.27056882,1.14207527
1.403356233,6.467852567,-2.595785367,1.562042741,32.9404256,-9.792829693,27.24933479,5.648237356,5.350406885,1.109031405
1.4043967,6.5067525,-2.5960894,1.562564088,33.13854087,-9.793976685,27.25254121,5.843146199,5.351036467,1.147301756
1.4053331,6.549766667,-2.619799267,1.562926464,33.35760971,-9.883424253,27.50259267,5.812163586,5.40013407,1.14121832
1.4063714,6.5901977,-2.623816,1.563425212,33.56352279,-9.898577734,27.54495435,5.975714978,5.408451787,1.173331636
1.407348533,6.6318008,-2.639791967,1.563847152,33.77540514,-9.95884848,27.71344175,6.019109936,5.441534287,1.181852236
1.408391533,6.6724275,-2.6543822,1.564347988,33.98231474,-10.01389142,27.86731478,6.072146506,5.471747257,1.192265966
1.409401133,6.716318933,-2.6852859,1.564771857,34.20585146,-10.13047836,28.19323458,5.969763415,5.53574161,1.172163047
1.410413233,6.7575601,-2.693461333,1.565233594,34.4158905,-10.16132091,28.27945518,6.093581859,5.552671025,1.196474798
1.411378067,6.797948367,-2.703317933,1.565659446,34.62158577,-10.1985058,28.38340588,6.195326435,5.573081744,1.216452345
1.412355833,6.8395562,-2.7166448,1.566081956,34.83349223,-10.24878259,28.52395506,6.266683712,5.600678576,1.230463347
1.413388133,6.882478533,-2.735418233,1.566541457,35.05209337,-10.31960702,28.72194539,6.287294522,5.639553977,1.234510279
1.414366667,6.927263767,-2.7597552,1.566922332,35.28018216,-10.41142038,28.97861043,6.25871827,5.689950158,1.228899332
1.415334567,6.964787633,-2.761861567,1.567389476,35.47128919,-10.41936683,29.00082481,6.427610925,5.694311952,1.262061405
1.416371033,7.005889733,-2.776636067,1.567877435,35.68061998,-10.47510494,29.15664117,6.481125349,5.724906494,1.272568962
1.4173641,7.0468782,-2.789288267,1.56832351,35.88937204,-10.52283648,29.29007512,6.556443465,5.751106249,1.287357674
1.418413767,7.085660933,-2.797306533,1.568855622,36.08689042,-10.5530861,29.37463819,6.669398768,5.767710209,1.309536448
1.4193541,7.1266486,-2.807640367,1.569248974,36.2956384,-10.5920714,29.48362193,6.769163008,5.789109167,1.329125157
1.4204045,7.168315067,-2.819538533,1.569743335,36.50784348,-10.63695829,29.60910361,6.855886406,5.813747494,1.346153296
1.4214247,7.212137867,-2.8361223,1.57017872,36.73103064,-10.69952201,29.78400105,6.904176134,5.848088606,1.355634984
1.4223697,7.2563998,-2.855537333,1.570533045,36.95645429,-10.77276694,29.98875789,6.924842946,5.888292611,1.359692912
1.423401667,7.298529467,-2.868247,1.571002791,37.17101842,-10.82071528,30.12279789,7.005367071,5.914611365,1.375503824
1.4243772,7.3347729,-2.8687853,1.571494656,37.35560428,-10.82274607,30.12847496,7.184275855,5.915726059,1.410632564
1.425403533,7.373131267,-2.878564533,1.572009097,37.55096138,-10.85963909,30.23160973,7.276498192,5.93597657,1.42874042
1.426381033,7.4255074,-2.932424633,1.572287637,37.81771021,-11.06283108,30.79963469,6.975222058,6.047508272,1.369584851
1.4273974,7.461529533,-2.9101178,1.572823288,38.001169,-10.97867658,30.56438006,7.393935484,6.001316024,1.451799232
1.428380333,7.506778567,-2.936375933,1.573202373,38.2316199,-11.0777377,30.8413063,7.347460134,6.055690493,1.442673797
1.429399167,7.543914633,-2.929207867,1.573725626,38.42075189,-11.05069554,30.7657097,7.612188733,6.040847099,1.494653258
1.430384167,7.591569733,-2.965518667,1.574074669,38.66345675,-11.18768124,31.14865442,7.471948876,6.116038295,1.467117162
1.431359433,7.632111367,-2.977707067,1.574508907,38.86993311,-11.23366306,31.27719698,7.54988267,6.141277628,1.482419462
1.432375033,7.667434533,-2.9764216,1.575053119,39.0498321,-11.22881352,31.26364006,7.743338581,6.138615726,1.52040453
1.433387833,7.7145629,-3.010293867,1.575436991,39.28985434,-11.35659964,31.62086727,7.626133613,6.208757288,1.497391335
1.434350167,7.753190867,-3.011274733,1.575883835,39.4865845,-11.36030005,31.63121179,7.812519254,6.210788434,1.533988155
1.4354026,7.7971703,-3.032817367,1.576349362,39.71056939,-11.44157153,31.85840694,7.809308993,6.255398202,1.533357821
1.4363783,7.841220233,-3.051423233,1.576737216,39.93491334,-11.51176381,32.05463006,7.837429818,6.293926612,1.538879345
1.4373855,7.8822835,-3.062351233,1.577196427,40.14404635,-11.55299066,32.16988006,7.931312823,6.31655595,1.557313273
1.438394833,7.918611033,-3.058286533,1.577720969,40.32906052,-11.53765622,32.1270125,8.159194559,6.308138905,1.602057852
1.439385767,7.959630167,-3.078621467,1.578164502,40.53796876,-11.61437155,32.34147088,8.153644421,6.350247808,1.600968082
1.440397867,8.0006388,-3.094188767,1.578629342,40.74682353,-11.67310056,32.50564836,8.198321715,6.382484055,1.609740469
1.4413768,8.0464689,-3.1169026,1.578996673,40.98023377,-11.75879051,32.74519534,8.192184969,6.429519105,1.608535519
1.442334533,8.0847173,-3.1166366,1.579443981,41.17503081,-11.757787,32.74239002,8.389787332,6.428968281,1.647334743
1.4433979,8.133082867,-3.137705467,1.579861909,41.42135404,-11.83727116,32.96458869,8.4139119,6.472596988,1.652071602
1.4443797,8.169038467,-3.130444033,1.580363882,41.60447398,-11.80987676,32.8880074,8.67361312,6.457560254,1.703063936
1.4453642,8.214599133,-3.153845967,1.580740375,41.83651201,-11.89816262,33.1348113,8.658847253,6.506020198,1.700164658
1.446391533,8.2507291,-3.152219867,1.581285553,42.02051999,-11.89202802,33.11766195,8.860004576,6.502652925,1.739661899
1.447408933,8.292933933,-3.170007067,1.58173973,42.23546694,-11.9591318,33.30525117,8.887362313,6.539486066,1.74503359
1.448394967,8.335045367,-3.1848124,1.582163786,42.44993821,-12.01498623,33.46139271,8.945692041,6.570144458,1.756486632
1.449433233,8.375273833,-3.1877605,1.582665204,42.65481962,-12.0261082,33.49248426,9.119481902,6.576249285,1.790610271
1.450388333,8.4192848,-3.209554833,1.583032978,42.87896511,-12.10832925,33.72233392,9.113777735,6.621380265,1.789490258
1.451385067,8.458210633,-3.205217367,1.583510246,43.07721229,-12.09196577,33.67658968,9.357769153,6.612398384,1.837397973
1.452422267,8.503325767,-3.231018933,1.583945384,43.30698124,-12.18930446,33.94870083,9.315426947,6.665827409,1.829084081
1.4533601,8.5420216,-3.2372059,1.584366822,43.50405704,-12.21264534,34.01395046,9.447253118,6.678639173,1.85496815
1.454365233,8.584044467,-3.258481733,1.58481116,43.71807724,-12.2929103,34.23833186,9.436891923,6.722696461,1.852933729
1.4553398,8.624213067,-3.2676317,1.585249677,43.92265376,-12.32742936,34.33483019,9.544970118,6.741643907,1.874154883
1.4563866,8.668276767,-3.290465433,1.585708447,44.14706782,-12.41357164,34.57564167,9.528572691,6.788927242,1.870935248
1.4573759,8.7116367,-3.306405467,1.586119108,44.36789763,-12.47370682,34.7437501,9.58129407,6.821935333,1.881287091
1.4584305,8.745796033,-3.2864584,1.586717852,44.54186928,-12.39845475,34.53338228,9.965633541,6.780629611,1.956752146
1.459353867,8.7962173,-3.329918933,1.586968347,44.79866208,-12.56241345,34.99173026,9.764078363,6.870626237,1.917176787
1.460404267,8.836717933,-3.339248267,1.587478266,45.00492963,-12.59760918,35.09012024,9.871955931,6.88994511,1.938358547
1.4613663,8.8792308,-3.360190067,1.587872965,45.22144538,-12.67661398,35.31097882,9.867613096,6.933310692,1.937505831
1.462380967,8.921332667,-3.374507267,1.588325782,45.43586792,-12.73062688,35.46197236,9.931042103,6.962958273,1.949960117
1.4633775,8.962503467,-3.3843995,1.588772891,45.6455486,-12.7679462,35.56629886,10.03639628,6.983442781,1.970646409
1.4643858,9.006115267,-3.396529167,1.589199192,45.86766115,-12.81370644,35.694222,10.13058569,7.00856049,1.9891405
1.465359233,9.047508867,-3.405216133,1.589620228,46.07847653,-12.84647879,35.78583739,10.24978568,7.026549172,2.012545418
1.466404033,9.093846933,-3.429775467,1.590046646,46.31447381,-12.93913105,36.04484758,10.22677278,7.077405822,2.008026835
1.467402467,9.132477733,-3.434683733,1.590529551,46.5112184,-12.95764792,36.09661165,10.3717533,7.087569697,2.03649376
1.468427933,9.178051967,-3.455527267,1.59094683,46.74332552,-13.03628199,36.31643388,10.38403819,7.130731792,2.038905898
1.4694175,9.219824467,-3.469957933,1.591378942,46.95607062,-13.09072295,36.46862407,10.44459309,7.160614336,2.050795854
1.4703635,9.2593757,-3.470219133,1.591797131,47.15750293,-13.09170835,36.47137876,10.6432707,7.16115522,2.089806203
1.471406033,9.294296633,-3.455764533,1.592373645,47.33535337,-13.0371771,36.31893616,10.97356374,7.131223116,2.154659241
1.472362633,9.339873433,-3.4819425,1.592722022,47.56747356,-13.13593579,36.59501695,10.92960315,7.185431578,2.146027579
1.473413333,9.375630333,-3.472557933,1.593295547,47.74958153,-13.10053168,36.49604446,11.21068361,7.16599833,2.201217727
1.474386567,9.4199696,-3.497535767,1.593677072,47.97539903,-13.19476277,36.75946827,11.1730773,7.217721595,2.193833728
1.475406833,9.461164767,-3.508383333,1.59414759,48.1852038,-13.23568617,36.87387,11.26848034,7.240184375,2.212566115
1.476393467,9.5029905,-3.520605867,1.594576058,48.39822002,-13.28179676,37.00277255,11.352594,7.26549439,2.229081833
1.477408033,9.544078067,-3.528341933,1.595042312,48.60747678,-13.31098175,37.08435946,11.48026387,7.28151398,2.25414981
1.478392667,9.584450233,-3.5357111,1.595488178,48.81309006,-13.33878259,37.16207693,11.60815967,7.296773805,2.279262152
1.479390267,9.622105433,-3.542080867,1.59598327,49.00486597,-13.36281309,37.22925442,11.73275809,7.309964106,2.303727051
1.480379167,9.6627981,-3.554278433,1.596429126,49.21211154,-13.40882949,37.35789366,11.81136441,7.335222421,2.319161403
1.481396533,9.699292333,-3.547932067,1.596959477,49.39797471,-13.38488726,37.29096295,12.06415829,7.322080576,2.368797481
1.482337167,9.745515667,-3.582166367,1.59728326,49.63338766,-13.51403918,37.65200827,11.93852592,7.392971825,2.344129565
1.4833568,9.788965067,-3.602333233,1.597723061,49.85467312,-13.59012047,37.86469417,11.94712549,7.434732701,2.345818089
1.484356133,9.828279967,-3.6063184,1.598197737,50.05490179,-13.60515486,37.90672295,12.10532538,7.442985051,2.376880639
1.485348233,9.872397933,-3.620313167,1.598601083,50.27959222,-13.65795136,38.05431601,12.18242276,7.471964948,2.392018708
1.4863692,9.9179595,-3.648033,1.59901403,50.51163484,-13.76252688,38.34665779,12.12212359,7.529366256,2.380178967
1.487378233,9.957325333,-3.647324867,1.599497727,50.71212291,-13.75985538,38.3391896,12.33007985,7.527899877,2.421011179
1.4883686,9.998991733,-3.6534167,1.599932055,50.92432765,-13.78283736,38.40343592,12.47803827,7.540514643,2.450062814
1.489379433,10.0414656,-3.662062233,1.600376075,51.14064477,-13.8154534,38.49461434,12.60317697,7.558417526,2.474633798
1.490386933,10.0894389,-3.703670267,1.600743371,51.38497021,-13.97242339,38.93342529,12.40869146,7.644578056,2.436446567
1.4914079,10.1222874,-3.681367933,1.601325975,51.55226585,-13.88828586,38.69821811,12.81119428,7.598395127,2.515477997
1.492383367,10.1627936,-3.693333067,1.601760886,51.75856175,-13.93342538,38.82440604,12.89130225,7.623172126,2.531207197
1.493454467,10.2146799,-3.701271933,1.602139563,52.02281589,-13.96337546,38.90813174,13.07183069,7.639611667,2.566653956
1.494481833,10.26413017,-3.718054767,1.602507016,52.27466344,-14.02669018,39.0851286,13.14668139,7.674365,2.58135089
1.495446233,10.30720867,-3.730522467,1.602896534,52.49405993,-14.07372568,39.21661675,13.23458972,7.700182698,2.598611692
1.4964821,10.3480072,-3.733327567,1.603387944,52.70184467,-14.08430817,39.24620018,13.41279102,7.705991406,2.633601518
1.497478367,10.38650853,-3.738080733,1.60387041,52.89792989,-14.10223991,39.29632852,13.55874791,7.715834105,2.662260152
1.4984456,10.42884607,-3.754183633,1.604272649,53.11355267,-14.16298952,39.46615459,13.60454462,7.749179454,2.671252336
1.499471167,10.46691687,-3.7521251,1.604790161,53.30744521,-14.15522353,39.44444467,13.82014707,7.744916712,2.713585878
1.500465533,10.51137303,-3.7762859,1.60519126,53.53385808,-14.24637228,39.69925181,13.79175281,7.794948092,2.708010664
1.501457833,10.5562656,-3.792212267,1.605584469,53.76249351,-14.3064559,39.8672161,13.85242394,7.827927882,2.719923441
1.502458733,10.5911217,-3.783732567,1.606120214,53.94001375,-14.27446549,39.77778661,14.11937368,7.810368402,2.772339022
1.503452767,10.6362441,-3.8091147,1.606512089,54.16981971,-14.37022183,40.0454743,14.08149195,7.862928878,2.764900945
1.504436233,10.6793931,-3.835777133,1.606919732,54.38957525,-14.47080821,40.32666441,14.02005737,7.918140558,2.752838265
1.5054371,10.71994767,-3.840109533,1.607379398,54.59611748,-14.48715258,40.37235522,14.1809088,7.927111948,2.784421442
1.506510467,10.76362627,-3.8441608,1.607869874,54.81857024,-14.50243634,40.41508111,14.36063567,7.935501176,2.819710814
1.5074568,10.8023777,-3.848479133,1.60829907,55.01592921,-14.51872763,40.46062356,14.51245219,7.944443437,2.849519987
1.508478867,10.84568893,-3.873515767,1.608743148,55.23651099,-14.61318054,40.7246675,14.46899003,7.996288464,2.840986193
1.5094931,10.8799116,-3.8579352,1.60930068,55.41080519,-14.55440148,40.56035011,14.80760162,7.964024745,2.907472579
1.510469167,10.92187433,-3.876020167,1.609716754,55.62451914,-14.62262861,40.75107966,14.83058602,8.001474492,2.911985565
1.511505433,10.974806,-3.883839767,1.610046647,55.89409728,-14.65212875,40.83354754,15.01769628,8.017667059,2.948724664
1.512547233,11.01494633,-3.8825023,1.610552775,56.09852984,-14.64708303,40.81944221,15.23623417,8.014897478,2.991634579
1.513567867,11.058181,-3.894799233,1.610996441,56.31872167,-14.6934743,40.9491294,15.32673881,8.040361558,3.009405165
1.514570433,11.105236,-3.918412433,1.611371059,56.55837026,-14.78255719,41.19816138,15.31735542,8.089258986,3.007562737
1.5155498,11.144402,-3.916283067,1.611827755,56.75784059,-14.77452396,41.17570443,15.5392827,8.084849565,3.051138159
1.516551067,11.18445,-3.928566867,1.612294581,56.9618029,-14.82086568,41.30525311,15.61369633,8.110286449,3.065749274
1.517561867,11.22335,-3.934346267,1.612786261,57.15991851,-14.84266898,41.36620442,15.75086063,8.122254238,3.092681485
1.518561267,11.2664,-3.9466137,1.613211159,57.37916985,-14.88894896,41.4955805,15.84073589,8.147657231,3.110328493
1.519601667,11.30148767,-3.933608067,1.613783314,57.55786945,-14.83988406,41.35841914,16.15659685,8.120725598,3.172347792
1.5205661,11.344201,-3.953022733,1.614177738,57.77540616,-14.9131276,41.56317211,16.1693806,8.160928843,3.17485788
1.521563067,11.38654333,-3.964580033,1.614609646,57.99105339,-14.95672854,41.6850589,16.26314103,8.184861316,3.193267741
1.522546867,11.423833,-3.961400433,1.615095815,58.18096766,-14.94473322,41.65152588,16.48658832,8.178277106,3.237141618
1.523561067,11.46780933,-3.982449867,1.615523151,58.40493676,-15.02414406,41.87351959,16.48856371,8.221865572,3.237529485
1.524536933,11.50918167,-3.9764531,1.615946904,58.61564383,-15.00152073,41.81027587,16.76251451,8.209447667,3.291319723
1.5255805,11.556079,-4.004628,1.616364626,58.85448943,-15.10781303,42.10741692,16.70421906,8.267791312,3.279873412
1.526570633,11.58983767,-3.9896725,1.61690425,59.02642051,-15.05139209,41.94969167,17.03387537,8.23682196,3.34460143
1.527529467,11.63544367,-4.0155905,1.617254471,59.25868942,-15.14917003,42.22303077,16.99280519,8.290492092,3.336537298
1.5285347,11.68202867,-4.047602433,1.617638027,59.49594432,-15.26993788,42.56063834,16.89245252,8.356781338,3.316833052
1.529538,11.71863467,-4.034442467,1.61815282,59.68237671,-15.22029074,42.42184933,17.21767391,8.329530117,3.380690273
1.530535433,11.76129333,-4.056118167,1.618580974,59.89963501,-15.30206423,42.65044785,17.2063337,8.374415435,3.378463622
1.531530933,11.79517567,-4.031814667,1.619124314,60.07219591,-15.21037713,42.39413576,17.63520669,8.324088556,3.462672834
1.532548067,11.83972567,-4.0704379,1.619546928,60.29908666,-15.35608669,42.8014681,17.4547651,8.404068262,3.427243128
1.533573267,11.875822,-4.067884233,1.620090422,60.48292335,-15.34645276,42.77453636,17.66553353,8.398780214,3.468627509
1.534624667,11.922008,-4.075353967,1.62052547,60.71814617,-15.37463299,42.85331443,17.82197827,8.414248289,3.499345434
1.535709667,11.97635933,-4.0827655,1.620885151,60.99495459,-15.40259365,42.93147871,18.02062241,8.429595846,3.538349211
1.536694533,12.014693,-4.084540467,1.621358455,61.19018589,-15.40928987,42.95019805,18.19713438,8.433271388,3.573007336
1.537722333,12.06063167,-4.116699167,1.621773204,61.42414905,-15.53061141,43.28935347,18.09194213,8.499864553,3.552352837
1.538686933,12.10850967,-4.142343367,1.622098872,61.66798914,-15.62735642,43.55980498,18.06533069,8.552967709,3.547127681
1.5397066,12.14349167,-4.122299833,1.622651704,61.84615058,-15.55174042,43.3484198,18.45487733,8.511462227,3.623615163
1.5406745,12.179869,-4.131809,1.623134148,62.03141839,-15.58761459,43.44870636,18.53985857,8.531153493,3.64030123
1.541644567,12.22977567,-4.157250633,1.62343821,62.28559036,-15.6835954,43.71702154,18.52571535,8.58383718,3.63752421
1.542666633,12.26589333,-4.166318067,1.623978287,62.46953569,-15.7178031,43.81264945,18.61403278,8.602613719,3.654865337
1.543614,12.300674,-4.169143267,1.624461505,62.64667176,-15.72846141,43.84244487,18.76137343,8.60846405,3.683795674
1.544664,12.33360367,-4.1622223,1.625072059,62.81438078,-15.70235145,43.76945425,19.00207307,8.594132342,3.731057048
1.545663467,12.38486433,-4.1926462,1.625387452,63.0754486,-15.81712831,44.09031394,18.94228121,8.657133141,3.719316915
1.546676233,12.43299533,-4.2304356,1.625757911,63.3205772,-15.95969216,44.48885242,18.78887132,8.735386173,3.689194884
1.547685233,12.47566867,-4.2399868,1.626197435,63.53791019,-15.9957249,44.58958228,18.90547446,8.75516448,3.71208991
1.548664767,12.517865,-4.2435991,1.626613858,63.75281385,-16.00935262,44.62767869,19.0822817,8.762644711,3.746806013
1.549648733,12.557791,-4.253160467,1.627065012,63.95615483,-16.04542372,44.72851576,19.1847856,8.78244407,3.766932653
1.5506976,12.600613,-4.264685467,1.62754242,64.17424497,-16.08890281,44.85006191,19.2813296,8.806309657,3.785889067
1.551612867,12.64513833,-4.275550067,1.627863496,64.4010101,-16.12989047,44.96464328,19.39351336,8.828807709,3.807916348
1.552681567,12.69053,-4.2939194,1.628326444,64.63218742,-16.1991904,45.15837185,19.43096211,8.866846313,3.815269411
1.553638767,12.72641833,-4.2755788,1.628804714,64.81496477,-16.12999887,44.96494631,19.807165,8.828867209,3.889136848
1.5546362,12.77367833,-4.298177067,1.629171463,65.05565741,-16.21525283,45.2032745,19.80952946,8.875662947,3.889601109
1.555654633,12.811842,-4.304923367,1.629680602,65.25002292,-16.24070384,45.27442302,19.93274644,8.889632961,3.913794763
1.5566597,12.84980267,-4.310512067,1.630179083,65.44335455,-16.2617877,45.33336315,20.06713794,8.901205855,3.940182535
1.557716233,12.89246233,-4.320650733,1.630666323,65.66061794,-16.30003672,45.44028861,20.17747588,8.922200668,3.961847389
1.558656067,12.93197567,-4.3440968,1.631078851,65.86185723,-16.38848908,45.68755794,20.13144582,8.970752002,3.952809388
1.5596706,12.97256233,-4.345795967,1.631551756,66.06856294,-16.39489933,45.70547787,20.32023161,8.97427058,3.989877476
1.5606708,13.007268,-4.345667533,1.632088809,66.24531704,-16.39441481,45.70412337,20.4983402,8.974004625,4.024849099
1.5616825,13.053913,-4.363988067,1.632478031,66.48287751,-16.46353064,45.89733728,20.54268677,9.011942175,4.033556548
1.562691767,13.09369767,-4.361671767,1.632956371,66.68549868,-16.45479219,45.87290888,20.76973635,9.007145658,4.078137732
1.563656,13.13047467,-4.358335667,1.633429816,66.87280197,-16.44220646,45.83772536,20.99222316,9.000237373,4.121823016
1.5646748,13.19045333,-4.405750433,1.6336482,67.1782701,-16.62108286,46.33777588,20.79764076,9.098422294,4.083616763
1.565676967,13.25139433,-4.458143733,1.633837109,67.48863933,-16.81874121,46.89033153,20.55545435,9.206916595,4.036063461
1.566683367,13.29734667,-4.476649933,1.634230275,67.7226721,-16.88855749,47.08550353,20.59431511,9.245238618,4.043693772
1.5676676,13.331149,-4.466317033,1.634763417,67.89482557,-16.84957571,46.97652963,20.87544248,9.223841593,4.09889313
1.568593467,13.37973,-4.4976778,1.63504097,68.14224599,-16.96788697,47.3072698,20.79212273,9.288782425,4.082533299
1.569657933,13.41446767,-4.4853676,1.635641862,68.31916306,-16.92144566,47.17744269,21.09886691,9.263290872,4.142762518
1.5706442,13.460439,-4.506017533,1.636014642,68.55329259,-16.99934935,47.39522316,21.11521597,9.306052067,4.145972656
1.571637933,13.49845,-4.506388033,1.636501118,68.74688057,-17.0007471,47.39913056,21.30489655,9.306819286,4.183216437
1.572637733,13.53246933,-4.487161633,1.63704693,68.92013921,-16.92821381,47.19636311,21.68092264,9.267005897,4.25704916
1.573631633,13.57283033,-4.497519467,1.637502213,69.12569561,-16.96728965,47.30559997,21.77724219,9.288454553,4.275961503
1.574651433,13.612277,-4.505168267,1.637995597,69.32659537,-16.99614542,47.38626653,21.89747537,9.304293434,4.29956929
1.575703567,13.65359,-4.504119067,1.638496408,69.53700025,-16.99218722,47.37520135,22.11894544,9.302120785,4.343054938
1.576672633,13.69042133,-4.5061294,1.638973961,69.72458026,-16.99977138,47.39640294,22.28532386,9.306283717,4.37572334
1.577655333,13.729004,-4.519834367,1.639441775,69.9210797,-17.05147458,47.54093968,22.33728657,9.334663505,4.385926218
1.578644733,13.77103167,-4.525610433,1.639870316,70.13512435,-17.0732653,47.60185583,22.49041507,9.346624392,4.415992998
1.5796668,13.81126933,-4.522366867,1.640355411,70.34005263,-17.06102866,47.56764819,22.72955098,9.339907722,4.462947335
1.580647067,13.85863767,-4.545917533,1.640703547,70.581297,-17.14987563,47.81602067,22.72242287,9.388675659,4.461547731
1.581642567,13.90259567,-4.561966567,1.641112427,70.80517274,-17.21042203,47.98527865,22.77704063,9.421909463,4.472271927
1.5826403,13.939604,-4.555077867,1.641616285,70.99365419,-17.1844338,47.91262833,23.0381724,9.407644572,4.523545151
1.583608167,13.976148,-4.548590667,1.642096472,71.17977082,-17.15996026,47.84421235,23.29270501,9.394211094,4.573522629
1.5846684,14.01679567,-4.565194933,1.642614262,71.3867872,-17.22260133,48.01932598,23.32460776,9.428594657,4.579786733
1.585647767,14.06669933,-4.6040608,1.642927664,71.64094389,-17.36922624,48.42921721,23.16887322,9.5090768,4.549208257
1.5866421,14.09520833,-4.563822567,1.643541545,71.7861387,-17.21742395,48.00485259,23.73843265,9.425752806,4.661041251
1.587625967,14.13691367,-4.5826184,1.643968854,71.99854172,-17.28833289,48.20307915,23.75260911,9.464674592,4.663824798
1.588645933,14.172238,-4.5747334,1.644517417,72.17844665,-17.25858603,48.11992155,24.01567164,9.448346596,4.715477127
1.589686767,14.21051433,-4.5741189,1.645047453,72.37338596,-17.25626778,48.11344085,24.21709166,9.44707411,4.755025947
1.590663233,14.255744,-4.591531767,1.64542033,72.60373822,-17.32195936,48.29708222,24.26380254,9.483132095,4.764197629
1.5916251,14.28547533,-4.567305567,1.645985432,72.75515831,-17.23056388,48.04158536,24.67071948,9.432965286,4.844095771
1.5926634,14.31893067,-4.564202467,1.64657727,72.92554452,-17.21885716,48.00885913,24.87383193,9.42653949,4.8839769
1.593581467,14.364384,-4.595585533,1.646888762,73.15703591,-17.33725255,48.33983448,24.77434797,9.4915265,4.864443224
1.5946094,14.406485,-4.5751392,1.647354858,73.37145404,-17.26011695,48.12420124,25.20439934,9.449186913,4.94888381
1.595664433,14.455572,-4.608787533,1.647754825,73.62145149,-17.38705826,48.47906678,25.09953125,9.518864762,4.928292962
1.596649267,14.49535467,-4.619281633,1.648208759,73.82406247,-17.42664818,48.58974074,25.19146827,9.540595595,4.946344795
1.597619733,14.53203533,-4.602487567,1.648689722,74.01087514,-17.36329108,48.41262542,25.55539626,9.505819001,5.017802056
1.5986403,14.57520867,-4.612590933,1.64913414,74.2307546,-17.40140692,48.51917859,25.66872256,9.526740716,5.040053674
1.5996315,14.610694,-4.603527233,1.649651789,74.4114795,-17.36721331,48.42359006,25.94503599,9.507971908,5.094307816
1.600659333,14.659626,-4.623886767,1.650026624,74.66068755,-17.44402145,48.63830788,25.97952621,9.550131752,5.101079972
1.601639733,14.703372,-4.644873167,1.650423234,74.88348358,-17.5231945,48.85963682,25.98099329,9.59358969,5.101368033
1.6026758,14.71850567,-4.596294867,1.651257342,74.96055853,-17.33992857,48.34731532,26.57038975,9.492995364,5.217096026
1.603621167,14.764974,-4.620783967,1.651582589,75.19721925,-17.43231587,48.60558481,26.54878099,9.543706577,5.212853147
1.604648533,14.80196867,-4.626426067,1.652116261,75.3856311,-17.45360119,48.66508811,26.67768954,9.555390049,5.238164341
1.605636167,14.84553433,-4.629634533,1.652522511,75.6075087,-17.46570541,48.69892557,26.86572967,9.562034035,5.275086021
1.606645633,14.88786733,-4.658983067,1.652967044,75.82310839,-17.57642535,49.00844411,26.77181082,9.622808001,5.256645055
1.607671033,14.92396933,-4.649699367,1.653510663,76.00697394,-17.54140177,48.91053539,27.05358509,9.603583624,5.311971432
1.608593033,14.96361233,-4.648908933,1.653903627,76.20887361,-17.53841979,48.90219924,27.26382091,9.601946821,5.353251235
1.609646633,15.00780767,-4.664566033,1.65436744,76.43395807,-17.59748758,49.06732377,27.32378084,9.634369023,5.365024367
1.6106035,15.039104,-4.641119967,1.654906657,76.59334861,-17.50903522,48.82005444,27.73044072,9.585817688,5.444872035
1.611582133,15.08427833,-4.666234967,1.655282439,76.82341906,-17.60378378,49.08492485,27.69564076,9.637824994,5.438039062
1.612588933,15.11361933,-4.6399315,1.655897683,76.9728512,-17.50455163,48.80752051,28.12247724,9.583356651,5.521848405
1.613608467,15.15559833,-4.666586567,1.656357007,77.18664799,-17.60511022,49.08863293,28.0551616,9.638553076,5.508630981
1.614620567,15.19616733,-4.6603066,1.656827714,77.39326373,-17.58141849,49.0224025,28.32800777,9.62554873,5.562204327
1.6156866,15.24063233,-4.680181967,1.657300362,77.61972159,-17.65640007,49.23201415,28.34485398,9.666705978,5.565512079
1.616620733,15.278714,-4.666740267,1.657726295,77.81366947,-17.60569007,49.0902539,28.68056211,9.638871353,5.631428371
1.6176585,15.31708933,-4.668110233,1.658251943,78.00911298,-17.61085839,49.10470198,28.86155754,9.641708234,5.666966822
1.6186437,15.35898967,-4.671717467,1.658677983,78.22250912,-17.624467,49.14274496,29.03691071,9.649177973,5.701397417
1.619637833,15.40023967,-4.675961667,1.659121635,78.43259316,-17.64047862,49.18750558,29.20223412,9.657966721,5.733858669
1.620644867,15.43138533,-4.655172633,1.659713029,78.59121637,-17.56205015,48.96825812,29.58010478,9.614917483,5.808053574
1.621630167,15.47067033,-4.668205567,1.660174071,78.79129276,-17.61121804,49.1057074,29.6427319,9.641905647,5.820350409
1.6226134,15.51074633,-4.675913333,1.66062249,78.99539767,-17.64029627,49.18699584,29.76554837,9.657866634,5.844465423
1.623611167,15.56005133,-4.707990667,1.660962282,79.24650539,-17.76131085,49.52529314,29.67835879,9.724291308,5.827345749
1.6246706,15.60153633,-4.705568767,1.661468098,79.45778627,-17.75217402,49.49975105,29.91518176,9.719276118,5.873845939
1.625625933,15.63521333,-4.700516233,1.661974011,79.62930142,-17.73311289,49.4464655,30.13998246,9.7088135,5.917985556
1.6266611,15.678678,-4.715255433,1.662429142,79.85066463,-17.78871782,49.60190957,30.2059016,9.739334945,5.930928778
1.627674733,15.72302333,-4.715956367,1.662850987,80.07651303,-17.79136216,49.60930183,30.42435774,9.740786414,5.973822642
1.6286126,15.76329867,-4.7194465,1.663251379,80.28163314,-17.80452899,49.64610984,30.59266984,9.748013666,6.006870724
1.629620233,15.79904367,-4.710929533,1.663781996,80.4636805,-17.77239798,49.55628732,30.86453972,9.730377015,6.060252375
1.6306442,15.84071167,-4.730426967,1.664249903,80.67589339,-17.84595377,49.76191317,30.87112676,9.770751651,6.061545739
1.631646433,15.875564,-4.725419367,1.664787032,80.85339445,-17.82706216,49.7091015,31.10143949,9.76038208,6.106767644
1.632629433,15.92020333,-4.739051167,1.66517432,81.08074017,-17.87848933,49.8528666,31.18502011,9.788610357,6.123178699
1.633629833,15.95010633,-4.706080133,1.665775664,81.23303455,-17.75410319,49.50514407,31.68503701,9.720335039,6.221357018
1.6346239,15.99828833,-4.749609,1.666126742,81.47842288,-17.91831969,49.96421272,31.47135671,9.810473167,6.179400889
1.635671067,16.03834333,-4.7564702,1.666639375,81.68242085,-17.94420417,50.03657302,31.60299437,9.824681112,6.205247945
1.636651033,16.06625433,-4.718589267,1.667246869,81.82457007,-17.801295,49.63706919,32.14464742,9.746238536,6.311601521
1.6377004,16.11851833,-4.75971,1.667598773,82.09074781,-17.9564266,50.07074093,31.97715342,9.831389982,6.278714075
1.6386651,16.16213,-4.748405467,1.667981475,82.31285969,-17.91377925,49.95151989,32.31848634,9.80798093,6.345734793
1.6396951,16.19699833,-4.744301633,1.668546157,82.49044224,-17.89829718,49.90823962,32.53934916,9.799482849,6.389101208
1.640696133,16.22790833,-4.7390189,1.669134697,82.64786521,-17.8783676,49.85252631,32.75248544,9.788543541,6.430950516
1.6416884,16.260318,-4.713990833,1.669694456,82.8129259,-17.78394701,49.58857272,33.18149972,9.736716253,6.51518747
1.642668733,16.307599,-4.738534133,1.670043825,83.05372549,-17.87653878,49.84741381,33.16345822,9.787539702,6.511645021
1.643701667,16.340348,-4.721763767,1.670639723,83.22051439,-17.81327109,49.67054843,33.50711249,9.752812185,6.579121538
1.644734033,16.37871567,-4.726274,1.671160073,83.41591885,-17.83028634,49.71811472,33.65495067,9.762151826,6.608149564
1.645748967,16.43380867,-4.763527733,1.67143979,83.69650454,-17.97082934,50.11100391,33.54264718,9.839295617,6.586098773
1.646754133,16.526711,-4.867965367,1.671205175,84.16965113,-18.36482954,51.21243489,32.91436278,10.05556159,6.462735132
1.647738233,16.559385,-4.833024033,1.671753241,84.33605806,-18.23301027,50.84393298,33.44927162,9.983206241,6.567764482
1.6487267,16.608209,-4.8750755,1.672090151,84.58471607,-18.39165315,51.28742052,33.25444209,10.07028502,6.529509705
1.649717233,16.65304233,-4.895931233,1.672482383,84.81304983,-18.47033325,51.50737141,33.26282495,10.11347238,6.53115568
1.650713467,16.68678367,-4.885471033,1.673028339,84.98489262,-18.43087122,51.39705497,33.5449842,10.09181174,6.586557647
1.651725967,16.73407767,-4.903764567,1.6734097,85.22575842,-18.49988519,51.58998413,33.59292084,10.12969338,6.595970007
1.652730967,16.78346767,-4.926431967,1.673755591,85.47729904,-18.58539996,51.82904141,33.60540417,10.17663228,6.59842111
1.653699367,16.82269133,-4.928973333,1.674200551,85.67706307,-18.59498749,51.85584343,33.77836618,10.18189486,6.632382199
1.654707567,16.86188133,-4.913477267,1.67468576,85.87665563,-18.53652721,51.69241721,34.14138496,10.14980612,6.703660938
1.655705567,16.99771033,-5.139453067,1.673871122,86.56842543,-19.38904088,54.0756266,32.44994537,10.61774928,6.371546774
1.6567198,17.04234533,-5.1357684,1.674289702,86.79574909,-19.37514015,54.03676699,32.71612864,10.6101192,6.423811859
1.657700533,17.09405133,-5.1727093,1.674580418,87.05908497,-19.51450296,54.42635693,32.58987457,10.68661518,6.399021873
1.658695967,17.12945967,-5.1694598,1.675103327,87.23941771,-19.50224394,54.39208672,32.80447753,10.67988623,6.441159162
1.659713,17.175085,-5.189843167,1.675511491,87.47178508,-19.57914199,54.60705589,32.82187572,10.72209542,6.444575299
1.660697267,17.21403733,-5.187674233,1.675975938,87.67016722,-19.57095949,54.58418166,33.04313209,10.71760407,6.488018987
1.661686,17.246685,-5.165986533,1.676528989,87.83644003,-19.48914073,54.3554566,33.43812998,10.6726939,6.565576821
1.662689367,17.29016167,-5.189289733,1.676952159,88.05786436,-19.57705411,54.60121922,33.41379168,10.72094939,6.560797997
1.663703267,17.338327,-5.206103967,1.677323293,88.30316781,-19.64048729,54.77854723,33.48176713,10.75576775,6.574144975
1.664714767,17.37707633,-5.200444067,1.677817683,88.50051609,-19.61913482,54.7188562,33.73880642,10.74404742,6.624614641
1.665772133,17.41485533,-5.2041583,1.678370889,88.6929225,-19.63314709,54.75802764,33.89204141,10.75173873,6.65470233
1.666713167,17.44756833,-5.168226233,1.678875367,88.85952805,-19.4975902,54.37907715,34.43759744,10.6773318,6.761822258
1.667710767,17.49178967,-5.169562,1.679282834,89.08474493,-19.50262949,54.39316455,34.64872692,10.68009786,6.80327753
1.668720167,17.53074167,-5.176629233,1.679772419,89.28312537,-19.52929126,54.46769774,34.77257417,10.69473245,6.827594938
1.669699067,17.570177,-5.187287667,1.680225055,89.48396741,-19.56950114,54.58010482,34.86100913,10.71680358,6.844959143
1.6707002,17.60397033,-5.1797471,1.680775216,89.65607504,-19.54105368,54.50057971,35.11264187,10.70118883,6.894367231
1.671731033,17.64583233,-5.1825606,1.681247401,89.86927595,-19.55166786,54.53025173,35.29617076,10.70701493,6.930403129
1.672743567,17.68556833,-5.184709067,1.681729657,90.07164927,-19.55977314,54.55291012,35.47588569,10.7114639,6.965690155
1.6737072,17.72313833,-5.178874167,1.682191919,90.26299126,-19.53776047,54.49137349,35.72876431,10.69938118,7.015342872
1.674737067,17.764167,-5.182583533,1.682674258,90.47194805,-19.55175438,54.5304936,35.898601,10.70706242,7.048690306
1.675740033,17.80425233,-5.200466,1.683142286,90.6761005,-19.61921757,54.71908752,35.91415952,10.74409283,7.051745222
1.6767482,17.83520633,-5.188752167,1.683737371,90.83374756,-19.57502609,54.59554988,36.19534422,10.71983622,7.106955838
1.677720467,17.862767,-5.1519076,1.684341841,90.97411255,-19.43602671,54.20697589,36.7242832,10.64353972,7.210813007
1.678719433,17.897795,-5.1611131,1.684873359,91.15250828,-19.47075527,54.30405989,36.80559493,10.66260216,7.226778564
1.6797044,17.93991167,-5.175083767,1.685296279,91.3670062,-19.52346085,54.45139878,36.87275396,10.69153215,7.239965239
1.6806949,17.978363,-5.158713967,1.685773646,91.56283677,-19.46170433,54.2787579,37.24122541,10.65763411,7.31231461
1.6817233,18.01969267,-5.159320833,1.686250501,91.77332654,-19.46399379,54.2851581,37.44531498,10.65889079,7.352387597
1.682682467,18.07962167,-5.224681533,1.686409916,92.07854172,-19.7105728,54.97447189,37.06121638,10.79423755,7.276969835
1.6837257,18.11847,-5.2089461,1.686934718,92.27639419,-19.65120949,54.80852123,37.42501951,10.76165314,7.34840258
1.6846817,18.15671133,-5.206058033,1.687380387,92.47115525,-19.64031401,54.7780628,37.65023899,10.75567263,7.392624426
1.685710367,18.18894,-5.197706867,1.687978962,92.63529412,-19.60880849,54.68998886,37.9024518,10.73837931,7.44214641
1.686687167,18.22838933,-5.201980133,1.688429311,92.83620745,-19.62492977,54.73505603,38.05829796,10.74722825,7.472746805
1.687717567,18.26571467,-5.2072355,1.688961604,93.02630337,-19.6447561,54.79048072,38.19296919,10.75811089,7.4991895
1.688737533,18.29714233,-5.1777374,1.689562169,93.18636279,-19.53347191,54.4793848,38.66412453,10.69702721,7.591700851
1.689727633,18.336185,-5.172155367,1.690031245,93.38520499,-19.5124132,54.42051499,38.92183655,10.68546812,7.642302606
1.6906989,18.373774,-5.165802,1.690500886,93.57664375,-19.48844456,54.35351045,39.18027984,10.67231178,7.693047946
1.691726,18.41405867,-5.170077467,1.690990387,93.78181139,-19.50457414,54.39860082,39.34035711,10.68116527,7.724479119
1.6927114,18.44815467,-5.161779733,1.691520776,93.95546049,-19.47327021,54.31109041,39.60151662,10.6639826,7.775757789
1.693713867,18.48603867,-5.1514282,1.692017681,94.14840166,-19.43421813,54.20191999,39.90362821,10.64254699,7.835077399
1.694728467,18.516707,-5.1226414,1.692623012,94.30459384,-19.32561738,53.89832566,40.36341472,10.58293624,7.92535648
1.6956939,18.57327033,-5.179260567,1.692833607,94.59266786,-19.53921819,54.49544858,40.05436581,10.70018133,7.864674728
1.6966936,18.611286,-5.173779333,1.693325988,94.7862796,-19.51853976,54.43764183,40.30578431,10.68883097,7.91404075
1.697704367,18.64764433,-5.180644967,1.693851553,94.97145064,-19.54444097,54.51004888,40.4185483,10.7030481,7.936181958
1.698726333,18.69279333,-5.183717867,1.694271006,95.20139207,-19.55603375,54.54245662,40.61608199,10.70941136,7.974967699
1.6996727,18.72710033,-5.1616478,1.694759546,95.37611578,-19.47277248,54.309699,41.02356332,10.6637094,8.054976659
1.7007206,18.76861333,-5.188257667,1.695253455,95.58753926,-19.57316055,54.59033473,40.95435107,10.71881222,8.041386832
1.701734933,18.79443267,-5.149703033,1.695923229,95.71903574,-19.42770979,54.18372586,41.49245642,10.63897457,8.147043817
1.702705833,18.83890167,-5.1828682,1.696300691,95.94551396,-19.55282831,54.53349578,41.36916473,10.7076519,8.122835494
1.703668667,18.885734,-5.200957,1.696638546,96.18402852,-19.62106991,54.72426575,41.41690931,10.74510958,8.132210142
1.7047218,18.949058,-5.226213167,1.696846621,96.50653425,-19.71635103,54.99062496,41.47305584,10.79740921,8.143234513
1.705724633,18.998752,-5.250484433,1.697186288,96.75962312,-19.80791653,55.2465971,41.47017256,10.84766934,8.142668382
1.706726933,19.044069,-5.274092833,1.697583833,96.99042017,-19.8969813,55.49557846,41.45198825,10.89655683,8.139097893
1.707687067,19.074009,-5.2428824,1.698144417,97.14290298,-19.77923718,55.16642375,41.93362577,10.8319273,8.23366742
1.7087017,19.12286033,-5.279941233,1.698507129,97.3917002,-19.91904491,55.55725746,41.79158928,10.9086675,8.205778555
1.709654067,19.15311067,-5.256627733,1.699055805,97.54576352,-19.83109267,55.31138621,42.19152385,10.86039068,8.284305708
1.7107079,19.18815867,-5.256880767,1.699641923,97.7242611,-19.83204726,55.31405478,42.36735286,10.86091466,8.318829735
1.711734933,19.23643367,-5.2675047,1.700024726,97.97012308,-19.87212699,55.426098,42.50117162,10.88291434,8.345105047
1.712687667,19.26609467,-5.2369617,1.700581633,98.12118496,-19.75690082,55.10398225,42.97434925,10.81966692,8.438013475
1.7137189,19.307125,-5.2440985,1.701065317,98.33015024,-19.78382503,55.17924911,43.10804767,10.83444556,8.46426516
1.7147596,19.34291633,-5.221270733,1.701628382,98.51243358,-19.69770526,54.93850055,43.53107957,10.78717458,8.547327473
1.715712433,19.390944,-5.264193867,1.701940286,98.75703591,-19.85963657,55.39118095,43.3230015,10.87605838,8.506471344
1.716785933,19.42984567,-5.247794967,1.702494643,98.95516,-19.79777027,55.21823317,43.69407337,10.84210008,8.579331307
1.7177143,19.48657233,-5.2730659,1.702665992,99.24406587,-19.8931071,55.48474811,43.7164643,10.89443029,8.583727766
1.718711,19.52281833,-5.258718967,1.703178989,99.4286648,-19.83898203,55.33344099,44.05237035,10.86472114,8.649682918
1.719677033,19.554702,-5.265657267,1.703719535,99.5910466,-19.86515738,55.40661441,44.14157873,10.87908874,8.667198984
1.720680433,19.59237533,-5.2573751,1.704220185,99.78291486,-19.83391217,55.31926817,44.42079324,10.8619383,8.722022752
1.7216753,19.63007667,-5.255437867,1.704711927,99.97492573,-19.82660379,55.29883751,44.63323475,10.85792675,8.763735644
1.722668967,19.65169867,-5.1950512,1.705417048,100.0850454,-19.59878975,54.66198139,45.38021056,10.73288005,8.910404343
1.7237126,19.69124467,-5.220363767,1.70593294,100.2864511,-19.69428365,54.92893541,45.3146622,10.78529647,8.897533923
1.724686133,19.73091133,-5.219333833,1.706377122,100.4884713,-19.69039813,54.91807342,45.52754439,10.78316372,8.939333341
1.725671367,19.771958,-5.2344764,1.706814587,100.6975197,-19.7475248,55.07777152,45.57689475,10.81452044,8.949023285
1.726705133,19.808285,-5.2200551,1.70736357,100.8825312,-19.69311918,54.92568012,45.91399762,10.78465729,9.015213433
1.727697033,19.84903667,-5.237888333,1.707811639,101.0900772,-19.76039662,55.11375481,45.93346898,10.82158576,9.019036633
1.7286849,19.878409,-5.205712,1.708407532,101.239669,-19.63900856,54.77441343,46.42240207,10.75495608,9.115038647
1.729688533,19.91952333,-5.2106751,1.708862494,101.449062,-19.6577323,54.82675579,46.5794528,10.7652335,9.145875558
1.7307173,19.95438133,-5.196163667,1.709426081,101.626592,-19.60298663,54.67371381,46.91002471,10.73518371,9.210783351
1.731715667,19.994902,-5.202571867,1.709883699,101.8329615,-19.62716213,54.74129663,47.04881146,10.74845359,9.23803413
1.7327207,20.041677,-5.2345923,1.71026452,102.0711841,-19.74796205,55.07899384,46.94933681,10.81476044,9.218502283
1.7337639,20.094722,-5.253383133,1.710599835,102.3413394,-19.81885213,55.27716767,47.02131831,10.85367187,9.232635851
1.7346986,20.130357,-5.2524759,1.711058986,102.5228266,-19.81542951,55.26759971,47.21237341,10.8517932,9.270149519
1.735733733,20.16517967,-5.2303856,1.711629411,102.7001766,-19.7320919,55.0346287,47.62269439,10.80604935,9.350716044
1.736723533,20.19227667,-5.203064467,1.712257601,102.8381801,-19.62902051,54.74649174,48.04883492,10.74947365,9.434388737
1.737689967,20.225502,-5.1755989,1.712780642,103.007395,-19.52540423,54.45683153,48.50770997,10.69259887,9.524488852
1.738695467,20.28586633,-5.223694333,1.71298058,103.3148273,-19.70684851,54.96406057,48.30791323,10.79219329,9.485258763
1.7397048,20.329727,-5.233858767,1.713404593,103.5382073,-19.74519473,55.07125777,48.42409605,10.81324146,9.508071259
1.740745633,20.35867133,-5.210841833,1.714059164,103.6856192,-19.65836131,54.82851421,48.81425155,10.76557876,9.584678292
1.741708567,20.38968967,-5.203187433,1.714608158,103.8435939,-19.62948441,54.74778858,49.05295188,10.74972829,9.631547102
1.742748333,20.430679,-5.195510367,1.715100922,104.0523504,-19.600522,54.66682391,49.34267303,10.73383087,9.688433849
1.743750667,20.47818567,-5.222209767,1.715469279,104.2942993,-19.70124785,54.94840388,49.30304195,10.7891191,9.680652287
1.744735133,20.516261,-5.1939154,1.71594563,104.4882149,-19.59450485,54.6500029,49.79535856,10.73052807,9.777318653
1.745707433,20.55030867,-5.194251067,1.716463564,104.6616179,-19.59577118,54.65354295,49.96522145,10.73122316,9.810671233
1.7467165,20.596659,-5.225742033,1.716854086,104.8976776,-19.71457363,54.98565624,49.86916792,10.7964336,9.79181112
1.747676767,20.63909333,-5.242976667,1.717248066,105.1137934,-19.77959281,55.16741792,49.90352202,10.83212251,9.798556549
1.7486815,20.66668933,-5.201089533,1.717884531,105.2543383,-19.6215699,54.72566349,50.48582139,10.74538403,9.91289103
1.749674433,20.69545567,-5.1774289,1.718493577,105.4008437,-19.53230807,54.47613127,50.881859,10.69638837,9.990653015
1.750699767,20.74482633,-5.196471033,1.718860059,105.6522859,-19.6041462,54.67695539,50.93247704,10.73582019,10.00059187
1.751689267,20.78478667,-5.197359233,1.719316289,105.8558017,-19.60749701,54.68632261,51.12662564,10.73765945,10.03871294
1.752674533,20.82585933,-5.206820033,1.719753441,106.0649826,-19.64318872,54.78609908,51.23603006,10.75725056,10.0601945
1.753740033,20.86361433,-5.203590533,1.7203151,106.2572668,-19.63100514,54.7520398,51.46237353,10.75056301,10.10463704
1.7546935,20.890794,-5.166105467,1.720905854,106.3956914,-19.48958942,54.3567109,51.99612701,10.67294019,10.20943954
1.755717567,20.92458333,-5.165608867,1.721479002,106.5677786,-19.48771595,54.35147361,52.17345156,10.67191184,10.24425721
1.756722067,20.970726,-5.1782486,1.721867728,106.8027807,-19.53540046,54.48477607,52.27515122,10.69808578,10.26422594
1.757697367,21.038013,-5.2147905,1.721945083,107.1454698,-19.67325801,54.87015805,52.23245832,10.77375553,10.25584319
1.7587116,21.09918933,-5.261212667,1.722142918,107.4570376,-19.84838973,55.35974031,52.05444384,10.86988501,10.22089005
1.759673233,21.14351767,-5.283136367,1.72251299,107.6827994,-19.93109883,55.5909543,52.04899166,10.91528388,10.21981951
1.760717067,21.19084433,-5.2890064,1.722925249,107.9238316,-19.95324405,55.65286146,52.22811668,10.92743935,10.25499071
1.761714067,21.219851,-5.276054033,1.723535155,108.071561,-19.9043801,55.51626187,52.51244566,10.90061802,10.31081871
1.762679933,21.252405,-5.269722933,1.724066589,108.2373568,-19.88049547,55.44949216,52.74501114,10.88750779,10.35648294
1.763746533,21.287,-5.284935933,1.724671518,108.4135472,-19.93788785,55.60993308,52.7607607,10.91901036,10.35957536
1.764686133,21.329613,-5.2881233,1.725042448,108.630573,-19.94991248,55.64354802,52.94417148,10.92561065,10.39558807
1.765678133,21.36243067,-5.242461333,1.725596496,108.7977116,-19.77764867,55.16198305,53.59287506,10.83105537,10.52296102
1.7666937,21.42378,-5.303173067,1.725793356,109.1101604,-20.00668905,55.80226743,53.26503954,10.95677521,10.45859051
1.767684633,21.457474,-5.281615567,1.726334643,109.2817622,-19.92536148,55.57491549,53.66399321,10.91213466,10.53692507
1.768680533,21.500857,-5.301804367,1.726751597,109.5027094,-20.00152551,55.7878327,53.67202329,10.95394095,10.53850177
1.769697267,21.533297,-5.283287533,1.727335418,109.6679246,-19.93166912,55.59254855,54.03252261,10.91559691,10.60928581
1.7707035,21.58121333,-5.3082477,1.727702208,109.9119599,-20.02583355,55.85578605,54.01332043,10.96728359,10.60551547
1.771723167,21.612687,-5.277634767,1.728301859,110.0722536,-19.91034356,55.53293276,54.49646741,10.90389135,10.70038138
1.772706167,21.671224,-5.307797133,1.728503682,110.3703794,-20.02413375,55.85103424,54.47649173,10.96635057,10.69645915
1.773705467,21.708683,-5.2917002,1.729003092,110.5611561,-19.96340665,55.68127109,54.83703155,10.93301758,10.76725114
1.7747057,21.74433367,-5.2982799,1.729527567,110.742723,-19.98822915,55.7506626,54.94920696,10.9466426,10.78927679
1.7757055,21.79107233,-5.326824967,1.72990364,110.9807605,-20.09591793,56.05170754,54.88619954,11.00575278,10.77690528
1.7766935,21.81400233,-5.2553358,1.730585639,111.0975418,-19.82621873,55.29776109,55.75692726,10.85771539,10.94787267
1.7776915,21.86175667,-5.307693,1.730946357,111.3407521,-20.0237409,55.84993602,55.44796258,10.96613494,10.88720745
1.778707833,21.90793667,-5.310481533,1.731346419,111.5759443,-20.03426089,55.87934473,55.65374612,10.97190934,10.92761305
1.7796829,21.94986667,-5.3374133,1.731761929,111.7894916,-20.13586336,56.16337532,55.58326277,11.02767874,10.91377365
1.780721133,21.97665667,-5.296963833,1.73244265,111.9259316,-19.98326417,55.73678297,56.14629516,10.94391734,11.02432505
1.7817386,22.051141,-5.3458255,1.732466123,112.3052763,-20.16759912,56.25209294,56.0103299,11.04509845,10.99762828
1.782701533,22.138576,-5.431700733,1.732262237,112.750578,-20.49157103,57.15775922,55.54996537,11.22292602,10.9072357
1.783767467,22.18724567,-5.4562349,1.732678673,112.99845,-20.58412834,57.41650399,55.5390926,11.27373056,10.90510083
1.784689467,22.22332867,-5.4545735,1.733119146,113.1822188,-20.57786057,57.39898236,55.74038301,11.27029019,10.9446242
1.7856814,22.25246167,-5.443395767,1.733722299,113.3305916,-20.53569158,57.28109859,56.00663958,11.24714371,10.99690368
1.786735667,22.28888267,-5.409411133,1.734290527,113.5160818,-20.40748155,56.92268633,56.55054204,11.17676946,11.10369893
1.787698633,22.33639833,-5.4352417,1.734619398,113.7580766,-20.50492964,57.19510333,56.52011978,11.23025854,11.09772552
1.788683833,22.37606733,-5.422394733,1.735075215,113.9601086,-20.45646332,57.05961532,56.85763987,11.20365547,11.16399759
1.789678233,22.41875167,-5.425387867,1.735499992,114.1774977,-20.46775518,57.09118181,57.0434624,11.20985355,11.20048384
1.790671333,22.46839833,-5.4684871,1.735830558,114.4303455,-20.63035085,57.54571941,56.8417726,11.29910201,11.16088205
1.791710267,22.50762533,-5.455040633,1.736346007,114.6301265,-20.57962287,57.40390889,57.18336413,11.27125751,11.22795355
1.7926935,22.529014,-5.423429033,1.737043808,114.7390578,-20.46036531,57.07052336,57.62568099,11.20579726,11.31480246
1.793689333,22.563523,-5.418880767,1.737579119,114.9148103,-20.44320657,57.02255596,57.84940087,11.19637886,11.35872986
1.7946805,22.60850133,-5.413766367,1.73797005,115.1438825,-20.42391205,56.96861794,58.13241112,11.18578813,11.41429892
1.7956892,22.64679933,-5.4166797,1.738467663,115.3389322,-20.43490286,56.99934284,58.29673588,11.19182097,11.44656409
1.7966695,22.68954933,-5.435808833,1.738877464,115.5566556,-20.5070692,57.20108449,58.31271768,11.23143294,11.44970212
1.797712533,22.71549867,-5.382637367,1.739574204,115.6888142,-20.30647514,56.64032206,59.00563867,11.12132724,11.58575715
1.798670567,22.75183167,-5.380403833,1.740047373,115.8738562,-20.29804894,56.61676654,59.21423621,11.11670211,11.62671528
1.799685533,22.78936933,-5.383992,1.7405614,116.0650335,-20.31158562,56.65460843,59.36757164,11.12413237,11.65682269
1.800696433,22.82906733,-5.389963467,1.74104253,116.2672133,-20.3341135,56.71758533,59.50677452,11.13649788,11.68415518
1.801721467,22.87399233,-5.395607333,1.741468039,116.4960139,-20.35540549,56.77710727,59.6760532,11.14818501,11.71739305
1.802736433,22.925163,-5.407434167,1.741800133,116.7566234,-20.40002326,56.90183664,59.81193328,11.17267562,11.7440731
1.803726567,22.96259067,-5.39514,1.742290794,116.9472405,-20.35364243,56.77217863,60.13220839,11.14721727,11.80695912
1.804698233,23.00767633,-5.378166833,1.742660793,117.1768593,-20.28960966,56.59317446,60.54083143,11.1120698,11.88719225
1.805688,23.08277333,-5.463563267,1.74264839,117.5593243,-20.61177525,57.49379117,60.02267971,11.2889059,11.78545316
1.8066873,23.11613267,-5.4501883,1.74320251,117.7292216,-20.56131701,57.35273471,60.33363346,11.26120946,11.84650893
1.8076263,23.16864533,-5.487768167,1.743440728,117.9966658,-20.70309038,57.74906339,60.20474897,11.3390286,11.82120246
1.8086621,23.18474167,-5.379217133,1.744261722,118.0786436,-20.29357201,56.60425124,61.43153888,11.11424473,12.06208266
1.809670767,23.23395233,-5.426853167,1.744613673,118.3292709,-20.47328316,57.10663531,61.17978209,11.21288784,12.01265021
1.8106468,23.27604233,-5.4342386,1.745028015,118.543633,-20.50114536,57.18452433,61.31625518,11.22818135,12.0394467
1.8116853,23.30645567,-5.409755367,1.745660649,118.6985264,-20.4087802,56.92631672,61.72935626,11.17748229,12.1205591
1.812718767,23.35299867,-5.442529967,1.746072999,118.9355674,-20.53242527,57.2719676,61.62074638,11.24535084,12.09923355
1.8136687,23.38018267,-5.3971346,1.746660162,119.0740141,-20.36116724,56.79321428,62.23794635,11.15134762,12.22042077
1.814685067,23.409391,-5.4217429,1.747286744,119.2227706,-20.45400423,57.05274089,62.12717622,11.20230567,12.19867105
1.8156643,23.43534833,-5.421339667,1.747919576,119.3549699,-20.45248299,57.04848826,62.26362814,11.20147067,12.22546339
1.8167171,23.46816067,-5.404516867,1.748534496,119.5220813,-20.38901749,56.87106991,62.60815795,11.16663458,12.29311181
1.8176765,23.511257,-5.409796733,1.748918775,119.7415686,-20.40893626,56.92675299,62.77196218,11.17756795,12.32527477
1.818690433,23.53564833,-5.3665004,1.749607206,119.8657924,-20.24559701,56.47013671,63.35280221,11.08791134,12.43932271
1.8196767,23.58356533,-5.3872811,1.749954021,120.1098311,-20.32399404,56.68929628,63.37768134,11.13094332,12.44420773
1.8206868,23.62537767,-5.396638733,1.750406135,120.3227791,-20.35929654,56.78798472,63.49194087,11.1503208,12.46664259
1.8216971,23.67013033,-5.403112567,1.750819211,120.550702,-20.38371965,56.85625973,63.65158878,11.1637266,12.49798946
1.822714267,23.72778267,-5.426439767,1.751067007,120.8443222,-20.47172357,57.10227547,63.69919329,11.21203179,12.5073366
1.823702667,23.762006,-5.420983333,1.751598697,121.0186198,-20.45113869,57.04473027,63.93103609,11.20073279,12.55285894
1.824666,23.80819067,-5.4308548,1.751945696,121.2538358,-20.48837967,57.14883775,64.06214463,11.22117429,12.5786021
1.825673833,23.833875,-5.377644833,1.752610771,121.3846448,-20.28764037,56.58766929,64.75412202,11.11098886,12.71447186
1.826707967,23.87446933,-5.391469933,1.753103173,121.5913895,-20.33979678,56.73347299,64.81506308,11.13961742,12.72643764
1.8276813,23.88531767,-5.3689046,1.753931736,121.6466395,-20.25466707,56.49549213,65.10829391,11.09288988,12.78401351
1.8286866,23.92422467,-5.406199,1.754417822,121.8447908,-20.39536349,56.8888102,64.91312711,11.17011788,12.74569251
1.8296888,23.955029,-5.381344467,1.755008938,122.0016756,-20.30159757,56.62668674,65.33213538,11.11864994,12.82796478
1.8306618,23.988685,-5.362477633,1.755532799,122.1730838,-20.23042077,56.42771139,65.70251893,11.07958113,12.90068959
1.8317403,24.04107767,-5.403222567,1.755912119,122.4399168,-20.38413463,56.85741983,65.53964353,11.16395438,12.86870901
1.8326776,24.07502233,-5.381824367,1.756396427,122.6127952,-20.30340803,56.63174791,65.93819381,11.1196437,12.94696435
1.833688567,24.11294367,-5.360105367,1.756901333,122.8059265,-20.22147118,56.40269275,66.36038029,11.07466872,13.02986067
1.834655067,24.16263433,-5.386313933,1.757204711,123.0589984,-20.32034532,56.67909625,66.33704868,11.12894055,13.02527951
1.835675033,24.192922,-5.362665967,1.757820489,123.2132518,-20.23113127,56.42969761,66.74070078,11.07997113,13.1045366
1.8366699,24.23808167,-5.3762172,1.7582127,123.4432476,-20.2822545,56.57261303,66.82778111,11.10803257,13.12163482
1.837631467,24.28159667,-5.392102533,1.758593559,123.6648672,-20.34218332,56.74014458,66.88186912,11.14092739,13.132255
1.838657033,24.31172567,-5.385765533,1.759217054,123.8183125,-20.31827643,56.67331265,67.10214642,11.12780494,13.17550645
1.839618633,24.35332533,-5.4098795,1.759623507,124.0301774,-20.4092485,56.92762587,67.05969808,11.17773934,13.16717172
1.8406868,24.36661667,-5.328785433,1.760514301,124.0978695,-20.10331397,56.07238322,67.98263277,11.00981245,13.34838994
1.841701167,24.41206433,-5.3710308,1.760922168,124.329332,-20.26268835,56.51791568,67.76856283,11.09729274,13.30635731
1.842744867,24.44764067,-5.383513267,1.761491102,124.5105203,-20.30977956,56.64955957,67.8181073,11.12314102,13.31608537
1.843715633,24.49059567,-5.3803161,1.761888634,124.7292878,-20.29771796,56.61584128,68.0705931,11.11652043,13.36566096
1.844723533,24.526695,-5.371973967,1.762414789,124.9131398,-20.26624653,56.52786261,68.34242374,11.09924582,13.4190349
1.845739867,24.56066,-5.3466045,1.762977859,125.0861217,-20.17053797,56.26030851,68.78295975,11.04671158,13.50553415
1.846699333,24.60411267,-5.329513867,1.76335745,125.3074238,-20.10606205,56.0800655,69.18450486,11.01132086,13.58437753
1.847673267,24.700363,-5.431054133,1.763046922,125.7976216,-20.48913168,57.15093998,68.60382816,11.22158706,13.47036166
1.8486872,24.79319833,-5.5240849,1.762821968,126.270427,-20.84009846,58.13207069,68.09550281,11.41423208,13.37055198
1.8496678,24.84115967,-5.546657267,1.763162524,126.5146915,-20.92525471,58.37012572,68.10171227,11.46097419,13.3717712
1.8506767,24.877591,-5.511741167,1.763685248,126.7002343,-20.79353064,58.00188993,68.65549089,11.38867109,13.48050564
1.8516839,24.90171833,-5.454682367,1.764370469,126.8231135,-20.57827127,57.4001305,69.38012953,11.27051562,13.62278843
1.852679167,24.948399,-5.478610667,1.764742782,127.0608556,-20.6685429,57.65248562,69.36551654,11.32006555,13.61991917
1.853679233,24.98922367,-5.472168433,1.765198044,127.2687734,-20.64423901,57.58454387,69.64137612,11.30672519,13.6740842
1.854667933,25.03728167,-5.4829796,1.765545409,127.5135303,-20.68502509,57.69856172,69.77211509,11.32911259,13.6997548
1.8557254,25.069198,-5.4586503,1.766176953,127.6760784,-20.59324065,57.44197753,70.19124744,11.27873229,13.78205144
1.85667,25.09430567,-5.417666933,1.766786491,127.8039504,-20.43862728,57.0097545,70.75134247,11.1938653,13.89202609
1.857674467,25.12715867,-5.3878293,1.767352534,127.971269,-20.32606217,56.69507776,71.23333777,11.13207852,13.98666587
1.858681233,25.173399,-5.4301766,1.767742224,128.2067685,-20.4858211,57.14168525,71.02222982,11.2197699,13.94521483
1.8596537,25.21857533,-5.4324109,1.768111812,128.4368492,-20.4942502,57.16524885,71.22874685,11.22439661,13.98576444
1.860671967,25.26862767,-5.425270733,1.76846213,128.691763,-20.46731329,57.08994649,71.55896306,11.20961099,14.0506024
1.861685367,25.31189133,-5.431984233,1.768898177,128.9121025,-20.49264056,57.1607491,71.70849998,11.22351309,14.07996397
1.862763433,25.34141433,-5.424001233,1.769582259,129.0624616,-20.46252399,57.07655795,71.94305018,11.20698215,14.1260179
1.863673933,25.37902267,-5.419765967,1.769990876,129.2539988,-20.44654607,57.03189155,72.17925381,11.19821191,14.17239648
1.8646963,25.415368,-5.404339933,1.770528214,129.4391036,-20.38835,56.86920392,72.52704627,11.16626819,14.24068553
1.8656669,25.446784,-5.4018205,1.771079568,129.5991036,-20.37884521,56.84263321,72.71361698,11.16105103,14.27731869
1.866653233,25.487927,-5.402107867,1.771516848,129.8086427,-20.37992933,56.84566386,72.92012541,11.1616461,14.31786662
1.8676632,25.53247,-5.396177767,1.771932388,130.0354978,-20.3575575,56.78312323,73.20952115,11.14936625,14.37468948
1.868705333,25.579756,-5.4012869,1.77234349,130.2763229,-20.37683216,56.8370057,73.39646373,11.15994607,14.41139565
1.869692967,25.646728,-5.446713767,1.772437382,130.6174077,-20.54820903,57.31609123,73.258463,11.25401451,14.38429921
1.870690067,25.67283933,-5.408779,1.773086026,130.7503913,-20.40509677,56.91601966,73.79151819,11.17546046,14.4889646
1.8717294,25.70299467,-5.3849187,1.773722936,130.9039708,-20.31508168,56.66438169,74.19673565,11.12605135,14.56852904
1.872704267,25.75407733,-5.389626167,1.774016105,131.1641321,-20.33284101,56.71402807,74.40725055,11.13579941,14.60986365
1.8736861,25.79776533,-5.394555233,1.774414922,131.3866327,-20.35143635,56.7660115,74.57776776,11.14600636,14.6433447
1.874663567,25.841706,-5.397690967,1.774806,131.6104202,-20.36326618,56.79908189,74.76848481,11.15249973,14.68079199
1.875654933,25.880946,-5.360396533,1.775273709,131.8102674,-20.22256964,56.40576348,75.36165044,11.07527166,14.79726006
1.876631033,25.93014967,-5.395689333,1.775593186,132.060859,-20.35571484,56.77797206,75.24003349,11.14835481,14.77338058
1.8776752,25.96001933,-5.352216733,1.776238742,132.2129836,-20.19171062,56.31949682,75.85063333,11.0583332,14.89327186
1.8786164,26.014999,-5.366660733,1.776446238,132.4929921,-20.24620188,56.47182763,75.97831101,11.08824336,14.91834137
1.8796684,26.05821233,-5.352871567,1.776921556,132.7130753,-20.19418103,56.3264029,76.34381894,11.05968921,14.99010885
1.8806523,26.08705067,-5.322596367,1.777520609,132.8599474,-20.07996517,56.00711144,76.80998247,10.99699633,15.08164006
1.881703233,26.138872,-5.348589867,1.777879986,133.1238706,-20.17802794,56.28124679,76.79977039,11.05082281,15.07963492
1.8826696,26.18401067,-5.322932233,1.778243978,133.3537594,-20.08123225,56.0106536,77.30025239,10.99769183,15.17790456
1.883694267,26.21690867,-5.3273613,1.778829621,133.5213072,-20.0979413,56.05736388,77.42108985,11.0068634,15.20163099
1.8847306,26.26351233,-5.344405,1.779244028,133.7586572,-20.16224016,56.23711191,77.47869179,11.04215692,15.21294113
1.885663433,26.310486,-5.338311067,1.779549998,133.9978915,-20.13925026,56.17284344,77.78219462,11.02953781,15.27253391
1.886666733,26.34205233,-5.322646133,1.780132045,134.1586572,-20.08015292,56.0076363,78.1081674,10.99709939,15.33653867
1.887682433,26.37996367,-5.3156985,1.780641818,134.3517375,-20.05394235,55.93436445,78.37451964,10.98271246,15.38883693
1.888692067,26.426085,-5.333181833,1.781035962,134.586631,-20.11989977,56.11874899,78.42502857,11.01891636,15.39875436
1.8896483,26.46631633,-5.3131933,1.781455309,134.791527,-20.04449127,55.90794385,78.84072973,10.97752477,15.48037728
1.890721867,26.51167733,-5.3165924,1.781923533,135.0225482,-20.05731467,55.94379179,79.03590292,10.98456352,15.51869954
1.891652367,26.55747933,-5.3103474,1.782242805,135.2558153,-20.03375486,55.87793012,79.33503171,10.97163158,15.57743348
1.892669433,26.591405,-5.285342367,1.782807134,135.4285969,-19.93942116,55.61421945,79.77152398,10.91985199,15.66313873
1.893669,26.67879033,-5.3715485,1.782640543,135.8736457,-20.26464142,56.5233755,79.30741674,11.09836478,15.57201128
1.894691233,26.76310433,-5.441598433,1.782537606,136.3030524,-20.52891098,57.26214337,78.99805554,11.24342185,15.51126821
1.895662233,26.81102367,-5.433942933,1.782869123,136.547103,-20.50002993,57.18140614,79.32284336,11.2275691,15.57504029
1.896679767,26.84327467,-5.409286667,1.783456266,136.7113556,-20.40701198,56.92137367,79.74712845,11.17651172,15.65834867
1.897661933,26.895237,-5.433329567,1.783744996,136.9759969,-20.49771595,57.17493739,79.75820609,11.22629896,15.66052377
1.898650367,26.951152,-5.442983167,1.783987243,137.260769,-20.53413501,57.27674719,79.94116839,11.24628931,15.69644841
1.899645133,26.98316567,-5.3996547,1.784554788,137.4238129,-20.37067454,56.81979202,80.56116744,11.15656616,15.81818523
1.9006013,27.024496,-5.409190533,1.784959401,137.6343061,-20.40664931,56.92035982,80.67109281,11.17631265,15.83976907
1.9016573,27.05647667,-5.370692867,1.785588619,137.7971819,-20.26141346,56.51435174,81.23997671,11.09659296,15.95146943
1.902666767,27.10643333,-5.3952511,1.785931414,138.0516085,-20.35406157,56.77335032,81.23540474,11.14744734,15.95057172
1.9036595,27.13970567,-5.370570033,1.786480128,138.2210627,-20.26095006,56.5130563,81.66515297,11.0963386,16.03495279
1.904659333,27.17913233,-5.336504267,1.786953812,138.4218606,-20.13243395,56.15378838,82.22521878,11.02579635,16.14492171
1.9056509,27.23048767,-5.3668912,1.787260042,138.6834106,-20.24707134,56.4742582,82.16629891,11.0887206,16.13335279
1.906617267,27.263953,-5.335066333,1.787779814,138.8538477,-20.12700922,56.1386235,82.67237076,11.02281872,16.23272
1.907642467,27.306842,-5.3490707,1.78823266,139.0722791,-20.17984193,56.2863178,82.74310783,11.0518185,16.24660922
1.908650067,27.35614,-5.353402,1.788582378,139.3233512,-20.19618214,56.33199701,82.94850069,11.06078761,16.28693811
1.909685833,27.38787833,-5.3161748,1.789194597,139.4849928,-20.05573924,55.93938765,83.50275167,10.98369877,16.39576529
1.9107287,27.44167,-5.350079533,1.789519614,139.7589509,-20.18364784,56.29695726,83.41914013,11.05390756,16.37934816
1.911708267,27.483613,-5.362629267,1.789939451,139.9725643,-20.23099282,56.42931056,83.50040028,11.07989513,16.39530359
1.912684433,27.512106,-5.353792667,1.790535379,140.1176776,-20.19765597,56.3361171,83.73870706,11.06159659,16.44209513
1.9136574,27.53686767,-5.324637267,1.791177901,140.2437875,-20.08766464,56.0286354,84.1722986,11.00122256,16.52723083
1.9146369,27.581604,-5.3242863,1.791560395,140.4716272,-20.08634059,56.02493399,84.40383974,11.00049579,16.57269393
1.915662633,27.63502367,-5.3594567,1.791873243,140.7436907,-20.21902403,56.39585171,84.30498552,11.07332548,16.55328391
1.916595133,27.679009,-5.378234233,1.792218758,140.9677056,-20.28986394,56.59388528,84.33096689,11.11220937,16.55838535
1.917626667,27.732436,-5.408405133,1.792537308,141.2398065,-20.40368632,56.91207675,84.28487626,11.17468627,16.54933545
1.918638533,27.777271,-5.381131333,1.792950852,141.4681487,-20.3007935,56.62443897,84.80085628,11.11820859,16.65064813
1.919688567,27.82644233,-5.346609433,1.793344694,141.7185757,-20.17055658,56.26036054,85.41536168,11.04672179,16.77130627
1.920634867,27.90945833,-5.4176321,1.793183145,142.1413717,-20.43849587,57.00938714,85.0891311,11.19379317,16.70725089
1.921614,27.93250467,-5.3302277,1.793854725,142.2587454,-20.10875505,56.0875938,86.12829818,11.01279904,16.91129135
1.922639733,27.965484,-5.3088158,1.794440349,142.4267074,-20.02797676,55.8617774,86.52207655,10.96845999,16.98860973
1.923638233,28.00627267,-5.311719733,1.794894525,142.6344419,-20.03893211,55.89240317,86.69918527,10.97447336,17.02338503
1.924660433,28.00453833,-5.293541133,1.795939869,142.625609,-19.97035173,55.70068613,86.88206944,10.93682972,17.05929433
1.925645667,27.99011867,-5.351818567,1.797117533,142.5521704,-20.1902085,56.31529764,86.19401935,11.05750869,16.9241957
1.926625567,28.033783,-5.345208133,1.797514733,142.7745505,-20.16527005,56.245582,86.48611509,11.04382003,16.9815487
1.927667933,28.09707933,-5.311646933,1.79771241,143.0969154,-20.03865746,55.8916354,87.16242652,10.97432261,17.11434245
1.9286375,28.17345167,-5.3670443,1.797662788,143.4858756,-20.24764892,56.47587284,86.96714926,11.08903763,17.07599976
1.929666633,28.18305533,-5.343302267,1.79856376,143.5347865,-20.15808,56.22548215,87.26645091,11.03987342,17.13476764
1.9306494,28.25448433,-5.338058633,1.798593307,143.8985706,-20.13829793,56.1701812,87.68553592,11.02901508,17.21705498
1.931667533,28.298579,-5.327423233,1.799022997,144.1231423,-20.09817495,56.05801705,88.02227184,11.00699165,17.28317308
1.9326858,28.35272933,-5.314504167,1.799318627,144.3989271,-20.04943663,55.92176865,88.43430498,10.98023927,17.36407578
1.933688,28.39611133,-5.306938167,1.799741894,144.6198693,-20.02089322,55.84197531,88.73504051,10.96457185,17.4231252
1.934629767,28.444859,-5.286924033,1.800033123,144.8681385,-19.94538814,55.63090019,89.19438488,10.92312725,17.51331747
1.935611,28.46063533,-5.232357333,1.800803821,144.9484865,-19.73953044,55.0554232,89.85020988,10.81013235,17.64208871
1.9366627,28.49599467,-5.268958733,1.801383651,145.1285697,-19.87761245,55.44143268,89.64428359,10.88592531,17.60165508
1.937650867,28.454293,-5.2356553,1.802928327,144.9161854,-19.75197231,55.09020456,89.78312736,10.81696167,17.62891706
1.938664533,28.166313,-5.243118,1.807785086,143.4495187,-19.780126,55.16890846,88.2377568,10.83241518,17.32548355
1.939674933,28.59137533,-5.2883183,1.80312303,145.6143383,-19.95064813,55.64560455,89.92588034,10.92601445,17.6569466
1.940670733,28.780644,-5.2621681,1.801593039,146.5782735,-19.85199419,55.3698166,91.16560343,10.87186349,17.90036623
1.9416779,28.80832167,-5.231364067,1.802230847,146.7192344,-19.73578325,55.04494791,91.63143299,10.80807552,17.99183187
1.942664567,28.90070933,-5.257147933,1.801984601,147.1897598,-19.83305517,55.3168724,91.83003393,10.8614679,18.03082716
1.943601833,29.01703833,-5.2472294,1.801369457,147.7822171,-19.79563662,55.21226853,92.52709514,10.84092893,18.16769513
1.944658467,29.083477,-5.231474067,1.801539466,148.1205857,-19.73619824,55.046108,93.03162423,10.80830331,18.26675942
1.9456266,29.156091,-5.2336629,1.801538566,148.4904049,-19.7444558,55.06919211,93.37835932,10.81283587,18.33484085
1.946669933,29.20944867,-5.222219633,1.801869841,148.7621526,-19.70128507,54.94850794,93.77079122,10.78913953,18.41189486
1.947675267,29.262487,-5.2094631,1.802167378,149.032274,-19.65315992,54.81397367,94.17544687,10.76272373,18.49134899
1.9486201,29.33603067,-5.2169021,1.802130771,149.4068279,-19.6812242,54.89242762,94.47154686,10.77812816,18.54948823
1.9496831,29.404061,-5.219555067,1.802285906,149.7533028,-19.69123276,54.92040661,94.7900427,10.78362184,18.61202489
1.950664467,29.47937133,-5.204461733,1.802262256,150.1368543,-19.63429182,54.76122774,95.33277306,10.75236707,18.71858999
1.951683633,29.58613067,-5.293076667,1.80185672,150.6805738,-19.96859949,55.69578773,94.94193262,10.93586792,18.64184847
1.952647367,29.64758233,-5.297380133,1.80200038,150.9935438,-19.9848347,55.74117339,95.20951699,10.9447794,18.69438866
1.953557867,29.70137833,-5.3257691,1.802192973,151.267524,-20.09193458,56.04057205,95.18409847,11.00356632,18.68939773
1.954515067,29.73980667,-5.3076164,1.802637347,151.4632374,-20.02345192,55.84912817,95.57125579,10.96597632,18.76541607
1.954633033,29.76700933,-5.303084367,1.802392294,151.6017791,-20.00635442,55.80133197,95.75759371,10.95659153,18.80200352
1.954750533,29.76553667,-5.303091533,1.802529447,151.5942789,-20.00638146,55.80140755,95.75001791,10.95660637,18.80051602
1.954043733,29.71535,-5.279698667,1.802492388,151.3386809,-19.9181298,55.55469928,95.74112819,10.9081652,18.79877052
1.953046633,29.67907333,-5.335144033,1.8019794,151.1539258,-20.12730235,56.13944295,94.97162941,11.02297962,18.64767943
1.952042633,29.62134233,-5.281893733,1.80174582,150.8599049,-19.92641089,55.57784912,95.23920236,10.91271067,18.70021738
1.951069733,29.579699,-5.297692,1.80132865,150.6478177,-19.98601124,55.74446243,94.86050178,10.9454252,18.62585952
1.950082033,29.53443167,-5.295109733,1.800945043,150.4172736,-19.97626941,55.71722906,94.65719105,10.94007793,18.58593946
1.949057667,29.48290867,-5.250790733,1.800608251,150.1548697,-19.80907207,55.24982744,94.86218881,10.84830362,18.62619077
1.948029467,29.437481,-5.286907833,1.800186283,149.923509,-19.94532702,55.63072934,94.24992624,10.92309371,18.50597302
1.947068333,29.36115967,-5.207274133,1.800243658,149.5348086,-19.64490185,54.79088816,94.70106697,10.75819089,18.5945545
1.946030333,29.33890267,-5.245334467,1.799502677,149.4214549,-19.78848782,55.19228399,94.18631744,10.83700496,18.49348343
1.945094967,29.30912333,-5.2953752,1.798964716,149.2697903,-19.97727091,55.72002876,93.50690812,10.94062765,18.36008141
1.944059,29.253083,-5.284896533,1.798676607,148.9843799,-19.93773921,55.60951756,93.33200892,10.91892877,18.32573995
1.943051833,29.194956,-5.252161033,1.798445146,148.6883422,-19.81424165,55.26427904,93.38120975,10.85114119,18.33540053
1.942026667,29.14621533,-5.2666629,1.798070423,148.4401086,-19.86895122,55.41722012,92.98003507,10.88117117,18.25662989
1.941044867,29.10650667,-5.2696417,1.797618535,148.2378745,-19.88018901,55.44863545,92.74638563,10.88733957,18.21075282
1.940014767,29.04653667,-5.2319956,1.797388735,147.9324506,-19.73816577,55.05160825,92.83798884,10.80938328,18.22873911
1.9390595,29.00600733,-5.221464967,1.796974332,147.7260368,-19.69843802,54.940549,92.74263438,10.7875768,18.21001626
1.938012767,28.96801967,-5.259073567,1.796434544,147.5325677,-19.84031979,55.33718071,92.15253352,10.86545543,18.09414996
1.937010567,28.93561367,-5.2836334,1.795864802,147.3675257,-19.93297393,55.59619617,91.72847605,10.91631312,18.01088627
1.936020033,28.89326367,-5.281267167,1.79543943,147.1518394,-19.92404711,55.57124115,91.53774479,10.9114132,17.97343619
1.935046333,28.85363733,-5.298695233,1.794994543,146.9500246,-19.98979603,55.75504284,91.15212832,10.94750266,17.8977204
1.934069567,28.80878333,-5.308109433,1.794616353,146.7215856,-20.02531193,55.85432785,90.8244043,10.96699727,17.83337178
1.933028167,28.747184,-5.268689,1.794396996,146.4078635,-19.87659486,55.43858799,90.92642206,10.88536675,17.85340297
1.932037467,28.69940433,-5.289906633,1.794043916,146.1645242,-19.95664026,55.66235559,90.45931518,10.92930352,17.76168654
1.931052167,28.649067,-5.279496367,1.793730368,145.9081589,-19.91736661,55.55256576,90.31273968,10.90774629,17.73290644
1.9300452,28.61192433,-5.3143441,1.79321907,145.7189933,-20.04883276,55.92008053,89.7560593,10.97990781,17.62360224
1.929014967,28.54669567,-5.258512667,1.793059313,145.3867872,-19.83820374,55.33126529,90.01266845,10.86429394,17.67398745
1.928031,28.49349167,-5.258500133,1.792785354,145.1158221,-19.83815646,55.33113311,89.74183552,10.86426799,17.6208094
1.9270511,28.45221167,-5.268102633,1.792356335,144.9055853,-19.87438274,55.43240399,89.43032782,10.88415252,17.55964487
1.926064133,28.39965867,-5.245046933,1.792070688,144.6379357,-19.78740308,55.18925158,89.40583062,10.83640955,17.55483484
1.9250714,28.39364,-5.332869033,1.791158274,144.6072829,-20.11871971,56.11545011,88.44897935,11.01826863,17.36695709
1.924055667,28.34747067,-5.313106033,1.790758671,144.372145,-20.04416205,55.90702351,88.42226801,10.97734407,17.36171232
1.923051733,28.29136567,-5.3054126,1.790503459,144.0864052,-20.01513789,55.82588622,88.21766555,10.96141276,17.32153863
1.922050533,28.25839133,-5.342239833,1.789942301,143.9184687,-20.15407188,56.21427741,87.66133785,11.03767337,17.21230369
1.921077867,28.200046,-5.308047767,1.789748253,143.6213191,-20.02507929,55.85367749,87.72478812,10.96686958,17.22476215
1.920044767,28.15486633,-5.319095433,1.789318075,143.3912215,-20.06675759,55.97018954,87.37817846,10.98974672,17.15670534
1.919051567,28.104503,-5.325308033,1.788996974,143.1347237,-20.09019517,56.0357095,87.05616074,11.00261156,17.09347716
1.918038733,28.052094,-5.2967704,1.788683539,142.8678075,-19.98253442,55.73474296,87.09021107,10.94351678,17.10016294
1.917040467,28.01303367,-5.324837667,1.788206532,142.6688753,-20.08842067,56.03074887,86.59527297,11.00163754,17.00298185
1.916074333,27.958561,-5.296104567,1.787967337,142.3914489,-19.98002251,55.72772088,86.62087461,10.94213799,17.00800873
1.915060633,27.89456933,-5.268694567,1.787807606,142.0655428,-19.87661586,55.4386467,86.58404267,10.88537828,17.00077678
1.914034867,27.84481867,-5.277263333,1.787445762,141.8121654,-19.90894229,55.52901551,86.24029638,10.9031222,16.93328219
1.913034333,27.78752267,-5.253846,1.787209843,141.5203599,-19.82059833,55.28204921,86.19545724,10.85463036,16.92447803
1.9120466,27.76435233,-5.2957921,1.786531318,141.4023546,-19.9788437,55.72442551,85.63507567,10.94149095,16.81444711
1.911049567,27.71583633,-5.2878445,1.786181731,141.1552653,-19.94886068,55.64060771,85.47180409,10.92503332,16.78238873
1.910033733,27.668106,-5.2873799,1.785802859,140.9121772,-19.94710793,55.6357079,85.23361588,10.92407125,16.73562048
1.909054167,27.624885,-5.3006644,1.785400076,140.692055,-19.99722488,55.77581027,84.87339128,10.95158035,16.66489038
1.908043533,27.574991,-5.284900367,1.785055278,140.4379475,-19.93775368,55.60955798,84.7855361,10.91893671,16.64764001
1.9070661,27.52187,-5.2930978,1.784786745,140.1674051,-19.96867922,55.6960106,84.42854108,10.93591168,16.57754404
1.906073067,27.48029367,-5.327184667,1.784348548,139.9556591,-20.09727493,56.05550105,83.8573046,11.00649763,16.46538176
1.905053933,27.419057,-5.2652346,1.784146618,139.6437841,-19.86356283,55.40215684,84.19877376,10.8782135,16.53242923
1.904066167,27.37645667,-5.301794033,1.783727352,139.4268229,-20.00148653,55.78772372,83.59624567,10.95391955,16.41412284
1.903041667,27.345401,-5.339017533,1.78311729,139.268658,-20.14191547,56.18029405,83.0455105,11.03100074,16.30598599
1.902070267,27.30671433,-5.346327633,1.782662164,139.0716289,-20.16949347,56.25738859,82.77138685,11.04613825,16.25216181
1.901038867,27.25569467,-5.323918333,1.782311621,138.8117885,-20.0849524,56.02105331,82.74788171,10.99973382,16.24754657
1.899995867,27.223454,-5.371959667,1.781698873,138.6475885,-20.26619258,56.52771179,82.07702324,11.09921621,16.11582351
1.8990293,27.16714033,-5.349125533,1.781483812,138.360786,-20.18004879,56.28689609,82.03103646,11.05193205,16.10679401
1.898039667,27.12315133,-5.3564968,1.781081212,138.1367524,-20.20785755,56.36463571,81.72926323,11.06719622,16.04754084
1.8970257,27.07495033,-5.350764433,1.780710488,137.8912673,-20.18623169,56.30418043,81.54423341,11.05532583,16.01121023
1.896069733,27.02970367,-5.3626722,1.780358338,137.6608285,-20.23115479,56.42976335,81.18821164,11.07998403,15.94130536
1.8950941,26.983867,-5.352823567,1.779994395,137.4273848,-20.19399995,56.32589667,81.05863464,11.05958981,15.91586291
1.894060067,26.95043933,-5.377402933,1.779406454,137.2571395,-20.28672778,56.58511814,80.62916787,11.11048795,15.83153711
1.893052967,26.893182,-5.333508,1.779163453,136.9655309,-20.12113027,56.12218884,80.80048864,11.01959178,15.86517594
1.892041467,26.84231833,-5.336401933,1.778830729,136.706485,-20.13204789,56.15270914,80.51092242,11.02558444,15.80831962
1.891053033,26.80748033,-5.3867952,1.778307208,136.529057,-20.32216094,56.68417183,79.80203167,11.12993714,15.66912892
1.890039633,26.74265233,-5.3360211,1.778158938,136.1988914,-20.13061116,56.14869276,80.00734522,11.02479582,15.70944223
1.8890581,26.69110167,-5.323702333,1.777865348,135.9363467,-20.08413752,56.0187753,79.8747179,10.99928653,15.68340086
1.888007733,26.671612,-5.393021733,1.777075071,135.8370868,-20.34565109,56.74983874,79.04439463,11.14283084,15.52036689
1.887099567,26.62782167,-5.373011133,1.776751287,135.614065,-20.27015933,56.53880088,79.03241068,11.10139355,15.51801384
1.8860828,26.56798033,-5.365604267,1.776533102,135.3092963,-20.24221627,56.46068582,78.80575705,11.08605566,15.4735104
1.8851075,26.53349033,-5.394738033,1.776018072,135.1336406,-20.35212598,56.76793936,78.32284779,11.14638489,15.37869116
1.884087533,26.48396633,-5.3859987,1.775659003,134.8814175,-20.31915607,56.6757717,78.16279238,11.12828777,15.34726428
1.883066233,26.43572867,-5.384626533,1.775281434,134.6357457,-20.31397945,56.66130041,77.93159182,11.12544634,15.30186805
1.8820782,26.38399167,-5.3820297,1.774983831,134.3722519,-20.30418267,56.63391342,77.69548505,11.1200689,15.25550849
1.881042033,26.344864,-5.387652067,1.774469823,134.1729768,-20.32539354,56.69320861,77.43691476,11.13171151,15.20473821
1.880083967,26.290626,-5.3627049,1.774235563,133.8967456,-20.23127815,56.43010821,77.42378393,11.08005175,15.20215998
1.8790682,26.26175467,-5.4296667,1.773605084,133.7497055,-20.48389746,57.13630769,76.57054431,11.21871401,15.03462638
1.878063167,26.219138,-5.405866633,1.77316877,133.5326611,-20.39410961,56.88530496,76.60450265,11.16942963,15.04129409
1.877081867,26.17025833,-5.413146833,1.772839769,133.2837195,-20.4215748,56.96208416,76.27878193,11.18450522,14.97733883
1.8760757,26.12480867,-5.427883,1.772440128,133.0522468,-20.4771683,57.11749624,75.89189713,11.21502039,14.901374
1.875066033,26.080677,-5.443699333,1.772019399,132.8274866,-20.53683681,57.2843001,75.50033307,11.24777232,14.8244904
1.874068867,26.01463733,-5.386094233,1.771903531,132.4911502,-20.31951648,56.67677922,75.77151747,11.1284856,14.87773746
1.873058033,25.95670667,-5.3577582,1.771665783,132.1961124,-20.21261629,56.37793881,75.77532011,11.06980829,14.8784841
1.872047667,25.90549533,-5.355307733,1.771338831,131.9352958,-20.20337169,56.35209545,75.54034691,11.06473394,14.83234712
1.871036933,25.860882,-5.388085667,1.770923463,131.7080825,-20.32702934,56.69778148,74.96744756,11.13260939,14.71985833
1.8700166,25.79713867,-5.338832533,1.770753784,131.3834411,-20.14121754,56.17834299,75.16224469,11.03061765,14.75810674
1.869048067,25.74341767,-5.306587533,1.770502158,131.109843,-20.01957043,55.83827743,75.22871208,10.96384577,14.77115762
1.868062467,25.752507,-5.397983233,1.769395261,131.1561345,-20.36436878,56.80216423,74.31111677,11.15310495,14.59098778
1.8670581,25.71574967,-5.4163461,1.768881421,130.9689313,-20.43364432,56.99582459,73.93025328,11.19113016,14.51620523
1.8660844,25.67526733,-5.441281967,1.768447957,130.762757,-20.52771708,57.25880581,73.46109771,11.24276652,14.42408653
1.865099633,25.62272933,-5.4156696,1.76816431,130.4951838,-20.43109216,56.98869002,73.46364029,11.18972929,14.42458577
1.864068333,25.58010233,-5.447894567,1.767701868,130.2780867,-20.5526637,57.3285443,72.90668899,11.25645967,14.31522838
1.863063067,25.54046967,-5.462076033,1.767225499,130.0762397,-20.60616454,57.47810635,72.55527989,11.28582618,14.24622921
1.862075167,25.477926,-5.397377033,1.767072244,129.7577082,-20.36208184,56.79577106,72.91908366,11.15184965,14.31766208
1.861082433,25.42005167,-5.364666167,1.766851844,129.4629573,-20.2386772,56.45079233,72.96931152,11.08411307,14.32752432
1.860106367,25.38383233,-5.414490533,1.766359124,129.2784942,-20.42664403,56.97625523,72.2593855,11.18728771,14.18813034
1.859049767,25.330393,-5.404374433,1.766015672,129.0063305,-20.38848015,56.86956776,72.09390931,11.16633963,14.15563909
1.8580701,25.28295767,-5.406403367,1.76566903,128.7647449,-20.39613448,56.89096551,71.83092596,11.17054108,14.10400231
1.8571057,25.23178767,-5.402712667,1.765387494,128.5041389,-20.38221099,56.85204227,71.60924314,11.1628985,14.06047489
1.8561092,25.17609467,-5.3637735,1.765134217,128.2204974,-20.23530954,56.44137799,71.73626596,11.08226457,14.08541582
1.8550707,25.137621,-5.391670867,1.764609148,128.0245531,-20.34055482,56.73559209,71.24610754,11.14003351,13.98917322
1.854066167,25.08572,-5.370716267,1.764297233,127.7602241,-20.26150174,56.51459852,71.20277211,11.09664142,13.9806643
1.853048733,25.02796367,-5.3613262,1.764050558,127.4660742,-20.22607689,56.41556803,71.0076527,11.07719678,13.94235261
1.852104767,24.985569,-5.3620472,1.763672348,127.2501604,-20.22879692,56.42317191,70.78413506,11.0786898,13.89846492
1.8510917,24.94030133,-5.363815467,1.763263379,127.0196146,-20.23546786,56.44182059,70.53494059,11.08235147,13.84953558
1.850057833,24.884438,-5.3357563,1.762975008,126.7351057,-20.12961218,56.1459001,70.54635212,11.02424748,13.85177624
1.849103667,24.84209767,-5.356343267,1.762585873,126.5194686,-20.20727833,56.3630165,70.11359868,11.06687829,13.7668051
1.848037933,24.78670133,-5.315635833,1.762259404,126.2373381,-20.05370594,55.93370355,70.26078108,10.98258269,13.79570437
1.8470961,24.74691533,-5.3560327,1.761848515,126.0347101,-20.20610669,56.35974117,69.6321155,11.06623518,13.67226588
1.846080433,24.69699567,-5.332359633,1.761499026,125.7804719,-20.11679795,56.11007782,69.62754067,11.01721378,13.67136761
1.845087033,24.64174733,-5.316495133,1.761242915,125.4990952,-20.05694772,55.94276599,69.51347571,10.9843621,13.64897096
1.8440667,24.60204767,-5.343481833,1.760752374,125.2969069,-20.15875744,56.22737592,69.02667751,11.04024526,13.55338813
1.843072633,24.54920967,-5.313589733,1.76046343,125.0278058,-20.04598685,55.91212476,69.07282757,10.9783457,13.56244969
1.8420675,24.51369467,-5.334232333,1.759932245,124.8469298,-20.12386288,56.12982788,68.67424846,11.0210917,13.48418869
1.8410487,24.47695033,-5.358349167,1.759403798,124.6597929,-20.21484576,56.38417133,68.2327681,11.07103204,13.39750402
1.840058767,24.490493,-5.454625,1.758233138,124.728765,-20.57805485,57.3995255,67.28638601,11.27039683,13.21168189
1.839082167,24.44274367,-5.443342833,1.757893752,124.4855802,-20.53549188,57.28054034,67.16218637,11.2470341,13.18729529
1.838100733,24.400761,-5.459270167,1.757472578,124.2717647,-20.59557916,57.44851483,66.78039641,11.28001589,13.11233084
1.8371331,24.36119167,-5.493769033,1.757032997,124.0702402,-20.72572918,57.81235035,66.2150364,11.35145499,13.0013224
1.836115333,24.31913467,-5.491752467,1.756576481,123.8560462,-20.7181215,57.79108303,66.02210969,11.34727915,12.96344124
1.835113867,24.26520167,-5.461116467,1.75629475,123.5813683,-20.60254449,57.46798647,66.07052837,11.28383914,12.97294825
1.834125767,24.21939267,-5.473677,1.755917972,123.3480655,-20.64993021,57.60045367,65.7047584,11.30984908,12.90112931
1.8330853,24.17006433,-5.466238167,1.755535791,123.096839,-20.62186655,57.52200148,65.53198404,11.29444499,12.86720507
1.832105,24.12774767,-5.471196467,1.755120207,122.8813225,-20.64057218,57.57429321,65.2641758,11.30471247,12.81462092
1.8310744,24.06892833,-5.441661667,1.754874551,122.5817588,-20.52914953,57.26281025,65.27609506,11.24355279,12.81696126
1.830055867,24.02607667,-5.4545821,1.754427874,122.3635175,-20.57789301,57.39907306,64.92159101,11.270308,12.74735439
1.829110267,23.98783667,-5.4844516,1.753992586,122.1687633,-20.69057834,57.71408587,64.41182393,11.33216076,12.64726163
1.828109833,23.94562667,-5.480088567,1.753555445,121.95379,-20.67411841,57.668072,64.24286454,11.32312594,12.61408645
1.827053867,23.89854867,-5.479690533,1.753127735,121.7140243,-20.67261679,57.66387422,64.0072966,11.3223017,12.56783269
1.826102533,23.84824033,-5.457949,1.752847766,121.4578066,-20.59059494,57.43458141,63.98037177,11.27728006,12.562546
1.825080767,23.794445,-5.4368984,1.752543898,121.1838299,-20.51117969,57.21257539,63.92840105,11.23368918,12.55234155
1.824101733,23.747591,-5.418367567,1.752190131,120.945205,-20.44127048,57.0171436,63.88520794,11.19531615,12.54386058
1.823081667,23.70133267,-5.434577967,1.751787382,120.7096138,-20.50242565,57.1881034,63.47865693,11.2288841,12.46403429
1.822079467,23.64750733,-5.420080833,1.751503481,120.4354843,-20.44773393,57.03521223,63.35741857,11.19886392,12.44022914
1.821078633,23.605856,-5.429727533,1.751058485,120.2233563,-20.48412696,57.13694925,63.04355354,11.21883999,12.37860174
1.8200772,23.554808,-5.403611333,1.750738287,119.9633715,-20.38560129,56.86151988,63.05899819,11.16475943,12.3816343
1.819111633,23.495167,-5.377834467,1.75056863,119.6596231,-20.28835578,56.58966922,63.02710045,11.11138155,12.37537117
1.818101733,23.44992433,-5.368430133,1.750162493,119.4292047,-20.2528771,56.49048826,62.89586293,11.09190737,12.34960269
1.8171086,23.40831433,-5.385049667,1.749724645,119.2172872,-20.31557576,56.66576291,62.50867079,11.12632255,12.27357751
1.816111567,23.37346533,-5.410755967,1.749192672,119.0398031,-20.41255505,56.93686935,62.06008026,11.1795543,12.18549676
1.815123267,23.31801267,-5.386825233,1.748944388,118.7573856,-20.32227424,56.68448857,62.03004359,11.12999933,12.17959906
1.8140837,23.27145767,-5.3987384,1.748526097,118.5202835,-20.36721772,56.81012844,61.6673016,11.15466872,12.10837467
1.813108467,23.25402133,-5.454133533,1.747783552,118.4314812,-20.57620075,57.39434234,60.9942854,11.26937912,11.97622794
1.812077267,23.21739533,-5.457780533,1.747241126,118.2449469,-20.58995938,57.43280471,60.76928878,11.2769312,11.93204985
1.811076767,23.164419,-5.4366679,1.746947595,117.9751413,-20.51031011,57.21014447,60.7221434,11.23321187,11.92279286
1.8101283,23.11855767,-5.441154633,1.746611148,117.741572,-20.5272367,57.25746292,60.44125564,11.24250284,11.86764055
1.809112267,23.071532,-5.4362987,1.746222672,117.5020728,-20.50891727,57.20625077,60.2529686,11.23244734,11.83067038
1.808119167,22.998439,-5.366979267,1.746204998,117.1298141,-20.24740358,56.47518698,60.61177367,11.08890296,11.90112176
1.807080967,22.972606,-5.428587767,1.74551154,116.998248,-20.47982709,57.12492893,59.83046564,11.21647979,11.74771193
1.806131033,22.93704267,-5.447275333,1.745036199,116.8171259,-20.55032759,57.32201368,59.45225874,11.25517739,11.673451
1.8051,22.885722,-5.429601033,1.74469004,116.5557525,-20.48364973,57.13561515,59.37728388,11.21857803,11.65872969
1.804105067,22.83480667,-5.4159633,1.744374572,116.2964434,-20.43220017,56.99178747,59.2618025,11.19033747,11.63605492
1.8031123,22.779932,-5.399630567,1.744114107,116.0169697,-20.37058349,56.81953751,59.15457873,11.15651619,11.61500153
1.802058433,22.72975533,-5.383854533,1.743729848,115.7614226,-20.31106701,56.65315867,59.0654105,11.1238477,11.59749335
1.801036367,22.69587333,-5.438788733,1.743159937,115.5888634,-20.51831114,57.23251142,58.31349855,11.23760362,11.44985544
1.8000533,22.64303833,-5.409849467,1.742881953,115.3197776,-20.4091352,56.92730913,58.34961502,11.17767715,11.45694691
1.799082133,22.58509567,-5.367458667,1.742684032,115.0246787,-20.24921216,56.48024288,58.50158238,11.08989569,11.4867857
1.7980952,22.54285933,-5.3803832,1.742260742,114.8095713,-20.2979711,56.61654893,58.15016895,11.11665938,11.41778567
1.797137033,22.49711367,-5.369438467,1.741913051,114.5765911,-20.25668113,56.50112245,58.03261521,11.09399539,11.394704
1.796088,22.44621833,-5.344846267,1.741543216,114.3173839,-20.16390488,56.24176565,58.03276482,11.04307068,11.39473337
1.795134067,22.39506133,-5.3353669,1.741271973,114.0568441,-20.12814313,56.14179337,57.87219725,11.02344113,11.36320593
1.794096833,22.34053167,-5.320880567,1.740962438,113.7791274,-20.07349216,55.9890161,57.74725785,10.99344331,11.33867408
1.79315,22.300181,-5.344920133,1.740554085,113.5736236,-20.16418355,56.24254467,57.28822551,11.04322365,11.24854308
1.792077833,22.255237,-5.347333733,1.740081696,113.3447263,-20.17328907,56.26799922,57.03387357,11.04822165,11.19860108
1.7911056,22.198769,-5.3112944,1.739863028,113.0571378,-20.0373275,55.88791747,57.12636683,10.9735926,11.21676213
1.790088333,22.13681333,-5.276181067,1.739672559,112.7416009,-19.90485935,55.5176016,57.18114582,10.90088107,11.22751798
1.789093767,22.09496233,-5.280669867,1.739236494,112.528456,-19.92179374,55.56494185,56.92066068,10.91017633,11.17637173
1.7881063,22.05585967,-5.285707,1.738770853,112.3293082,-19.94079677,55.61806498,56.66838976,10.92060706,11.12683833
1.787113967,21.998127,-5.254490367,1.738548962,112.0352788,-19.82302926,55.28884489,56.70358049,10.85596469,11.13374803
1.7861206,21.95657033,-5.2718058,1.738110169,111.823633,-19.88835327,55.47145871,56.3093208,10.89182092,11.05633514
1.785099,21.916319,-5.274835433,1.737625723,111.6186351,-19.89978282,55.50341014,56.07237149,10.89809458,11.00981014
1.7840963,21.91987633,-5.364951167,1.73657555,111.6367524,-20.23975239,56.45379802,55.14010091,11.08470324,10.82675881
1.783095567,21.87145933,-5.346088267,1.736220942,111.3901672,-20.16859044,56.25486415,55.09244961,11.04564258,10.81740248
1.782102233,21.81891633,-5.325845867,1.735928795,111.1225685,-20.09222419,56.04138166,55.03833343,11.00372529,10.80677677
1.781130967,21.81225467,-5.427409967,1.735046428,111.088641,-20.47538374,57.11250749,53.93328008,11.21404085,10.58979954
1.780107033,21.778575,-5.443000967,1.73447195,110.9171123,-20.53420216,57.27693491,53.59732393,11.24632617,10.52383455
1.7791096,21.73733467,-5.451199967,1.734024869,110.7070775,-20.56513361,57.36340405,53.30081998,11.26330439,10.465616
1.7781173,21.67606233,-5.410393733,1.733850248,110.3950208,-20.41118849,56.93304913,53.41911821,11.1788042,10.48884386
1.777123967,21.62990633,-5.398642367,1.733472867,110.1599508,-20.36685542,56.80911565,53.30798166,11.15446986,10.4670222
1.7761316,21.589159,-5.385085067,1.733024273,109.9524268,-20.31570931,56.66613625,53.24343708,11.12639585,10.45434887
1.775106667,21.57262567,-5.4708225,1.732219977,109.8682234,-20.63916135,57.57034925,52.2550207,11.30393807,10.26027332
1.7741183,21.51479433,-5.415261433,1.73200337,109.5736915,-20.42955232,56.98438537,52.54645271,11.18888407,10.31749599
1.7731133,21.47017733,-5.427374867,1.731593783,109.3464596,-20.47525132,57.11213732,52.19146878,11.21396816,10.24779489
1.772106833,21.428975,-5.453774433,1.731137162,109.1366183,-20.57484602,57.39055516,51.70320966,11.26863551,10.15192522
1.7710973,21.377879,-5.420127067,1.730809505,108.8763891,-20.44790835,57.03569982,51.79783583,11.19895966,10.17050506
1.770098767,21.32475433,-5.3906363,1.73051992,108.605828,-20.33665183,56.72468124,51.83829333,11.13789116,10.1784489
1.7691382,21.29040267,-5.4235428,1.730017776,108.4308768,-20.46079451,57.07172318,51.3163002,11.20603285,10.07595554
1.768119633,21.246563,-5.425598267,1.72958425,108.2076038,-20.46854894,57.09340075,51.07134956,11.21028924,10.02785949
1.7671313,21.20207833,-5.4168585,1.729189565,107.9810458,-20.43557739,57.00122852,50.93696377,11.19219122,10.00147284
1.766113433,21.15546267,-5.4115321,1.728793784,107.7436347,-20.41548308,56.94505469,50.75572652,11.18116149,9.965886902
1.765115833,21.10792967,-5.403875833,1.728430512,107.5015517,-20.38659914,56.86430938,50.59438882,11.16530715,9.934208244
1.764136533,21.07293033,-5.440224667,1.727918278,107.3233019,-20.52372832,57.24765521,50.03279326,11.2405771,9.823938957
1.763070667,21.041649,-5.458002233,1.727269861,107.1639878,-20.59079576,57.43514282,49.68599149,11.27739029,9.75584443
1.762090433,20.99880967,-5.445998667,1.726861318,106.9458094,-20.54551125,57.30854957,49.59440633,11.25253371,9.737861683
1.761053467,20.967524,-5.491446167,1.726241859,106.7864731,-20.71696596,57.7878527,48.95576698,11.34664488,9.612464846
1.760103233,20.90719467,-5.434520567,1.726096721,106.4792191,-20.5022091,57.18749804,49.24886758,11.22876524,9.67001515
1.759082133,20.86408533,-5.4481899,1.725650915,106.2596656,-20.55377787,57.33165898,48.88515313,11.25707124,9.598599816
1.7581248,20.811294,-5.429831333,1.725398082,105.9908021,-20.48451855,57.13804396,48.80990472,11.21905493,9.583824792
1.757078833,20.769657,-5.431935967,1.724907761,105.7787471,-20.49245847,57.16024006,48.57565361,11.22341314,9.537829587
1.7561186,20.72929667,-5.447827833,1.724486136,105.5731941,-20.55241194,57.32784051,48.20250015,11.25632148,9.464560905
1.755106833,20.686475,-5.4408981,1.724045824,105.3551057,-20.52626891,57.25475744,48.05749478,11.24197162,9.4360891
1.754141633,20.64172533,-5.440127067,1.723677809,105.127198,-20.52336012,57.24662589,47.83771868,11.24037499,9.392936063
1.753137067,20.59756233,-5.4373207,1.723262597,104.9022782,-20.51277285,57.21702909,47.64239569,11.23456366,9.354584394
1.7521114,20.54784267,-5.4157896,1.72290044,104.6490587,-20.43154487,56.98995558,47.61624962,11.18997778,9.349450612
1.7510881,20.50337867,-5.428933633,1.722470512,104.4226059,-20.4811319,57.12857654,47.25117589,11.217196,9.277768386
1.750136733,20.45215367,-5.404873367,1.722202743,104.1617197,-20.39036242,56.87482967,47.24403659,11.1673728,9.276366585
1.749115033,20.40145367,-5.3906948,1.721857634,103.9035073,-20.33687252,56.7252982,47.13535569,11.1380123,9.255027089
1.748152467,20.35355633,-5.388499567,1.721534257,103.6595688,-20.32859081,56.7021466,46.91456874,11.13346648,9.211675572
1.7471386,20.31660767,-5.4095041,1.721013471,103.4713912,-20.40783227,56.92366679,46.50487098,11.17696197,9.131231417
1.746118867,20.26393433,-5.368231,1.720696663,103.2031288,-20.25212585,56.48838814,46.67188717,11.09149501,9.164025045
1.745102267,20.228649,-5.386382133,1.720150946,103.0234225,-20.32060261,56.67981551,46.3007535,11.12908177,9.091152949
1.7440838,20.18250767,-5.386413733,1.719748235,102.7884271,-20.32072182,56.68014877,46.0654249,11.12914721,9.044946179
1.743094233,20.13229367,-5.356690733,1.719428774,102.5326899,-20.20858918,56.36668099,46.12315548,11.06759781,9.056281578
1.742035,20.098833,-5.372162,1.718816074,102.3622765,-20.2669559,56.52984566,45.78957743,11.0996352,8.990783528
1.741104233,20.05012167,-5.3577949,1.71853536,102.1141923,-20.21275474,56.37832586,45.69301302,11.06988428,8.971823107
1.740101833,20.01139133,-5.377766633,1.718049816,101.9169408,-20.28809987,56.58895383,45.28513355,11.11124108,8.891735973
1.7390513,19.96148433,-5.359632967,1.717665292,101.6627672,-20.21968901,56.39771067,45.22220304,11.07369049,8.879379566
1.738123033,19.911944,-5.3456335,1.717398141,101.4104609,-20.16687479,56.25006805,45.11753941,11.04470086,8.858828862
1.737130467,19.87102567,-5.357733067,1.716951629,101.202066,-20.21252147,56.37767375,44.78153883,11.06975624,8.792855149
1.736145033,19.82052167,-5.3436362,1.716640172,100.9448519,-20.1593398,56.22900391,44.67299451,11.04056492,8.771542471
1.735084933,19.76409267,-5.3098747,1.716333117,100.657462,-20.03197155,55.87294489,44.74166367,10.97065273,8.785025662
1.734083633,19.718649,-5.291712433,1.715938262,100.4260199,-19.9634528,55.68140011,44.7017663,10.93304291,8.777191812
1.733105567,19.68662833,-5.342150833,1.715387512,100.2629403,-20.15373612,56.21333879,44.00674808,11.03748907,8.640724986
1.732097433,19.650388,-5.356352033,1.714863005,100.0783703,-20.2073114,56.36310895,43.67240784,11.06689644,8.57507728
1.731124633,19.595759,-5.306455467,1.714619229,99.8001477,-20.01907219,55.83688461,43.92040962,10.96357229,8.62377243
1.730151067,19.54892333,-5.287214933,1.714270685,99.56161616,-19.94648558,55.63396811,43.8847946,10.92372964,8.616779419
1.729102,19.51484733,-5.3203848,1.713676362,99.38806892,-20.07162184,55.98378759,43.36142787,10.99241669,8.514016363
1.728130533,19.48705833,-5.365255333,1.71307574,99.24654104,-20.24089989,56.45700586,42.74668172,11.0853331,8.393310956
1.727128133,19.43771367,-5.352553367,1.712731844,98.9952313,-20.1929806,56.32304706,42.62933078,11.05903029,8.370269099
1.726068933,19.38158533,-5.322027067,1.712421677,98.70937272,-20.07781743,56.00110743,42.66541183,10.99581744,8.377353612
1.725114167,19.33686567,-5.3145213,1.712063694,98.48161786,-20.04950126,55.92194934,42.51681506,10.98027475,8.348176637
1.724103733,19.28949867,-5.306396467,1.711685374,98.24038027,-20.01884961,55.83626238,42.36126443,10.96345012,8.317634271
1.723080267,19.25467833,-5.336089133,1.711126584,98.06304219,-20.13086782,56.14941026,41.87077847,11.0249367,8.221327352
1.722065967,19.23702267,-5.3545936,1.710347899,97.97312282,-20.20067756,56.34456398,41.58570538,11.06325514,8.165353252
1.721137267,19.24568167,-5.4737263,1.709303645,98.01722265,-20.6501162,57.6009736,40.37339558,11.30995117,7.927316223
1.720067933,19.211351,-5.525520967,1.708692454,97.84237841,-20.84551615,58.14721588,39.65230906,11.41720584,7.785730885
1.7191301,19.16169933,-5.497491367,1.708417222,97.58950514,-20.73977201,57.85160721,39.69504446,11.35916308,7.79412198
1.718105533,19.118105,-5.505392733,1.707974422,97.36748154,-20.76958061,57.93493742,39.38969065,11.37552496,7.73416576
1.717102967,19.077343,-5.498414667,1.707515824,97.15988286,-20.74325524,57.86134461,39.25568479,11.36107502,7.707853708
1.716105733,19.025896,-5.472974133,1.707205151,96.89786606,-20.64727858,57.59304103,39.26197157,11.30839361,7.709088118
1.715047567,18.98257267,-5.502884367,1.706725134,96.67722265,-20.76011758,57.90848343,38.72588576,11.37033072,7.603827669
1.714085267,18.92599133,-5.4526701,1.706517912,96.38905696,-20.57067982,57.37890853,38.96729497,11.26634869,7.651228367
1.713081267,18.88230633,-5.4549578,1.706096889,96.1665716,-20.57931037,57.40303531,38.72068283,11.27108598,7.602806074
1.7120638,18.84414667,-5.460584467,1.705588663,95.97222647,-20.60053747,57.46237584,38.46699717,11.2827375,7.552994894
1.711099033,18.79351467,-5.4445869,1.70529958,95.71436041,-20.54018523,57.29366065,38.37784631,11.24961027,7.535490122
1.710135733,18.74616,-5.436843867,1.704968228,95.47318564,-20.51097396,57.21200026,38.21833191,11.23357625,7.504169471
1.7091016,18.69449533,-5.3964575,1.70462356,95.21006027,-20.35861282,56.78607338,38.38113343,11.14994551,7.536135548
1.708173333,18.64990633,-5.404963833,1.704290333,94.98297089,-20.39070371,56.87578375,38.06433367,11.16756014,7.473931916
1.707130867,18.62345533,-5.4775891,1.703600855,94.84825736,-20.66468895,57.64171187,37.16369204,11.31795012,7.297090932
1.706116867,18.56511033,-5.390328267,1.703365469,94.55110941,-20.33548974,56.72143263,37.78682333,11.1372533,7.419442761
1.705081833,18.51607367,-5.3771801,1.70298483,94.3013683,-20.28588712,56.58276807,37.67574678,11.11002651,7.39763288
1.704081267,18.46607967,-5.333518033,1.702651434,94.04675155,-20.12116812,56.12229466,37.88160343,11.01961256,7.438052834
1.703055067,18.435182,-5.4042374,1.702037563,93.88939139,-20.38796318,56.86812257,36.97841537,11.16605587,7.260711857
1.702081067,18.381275,-5.362765633,1.701782952,93.61484594,-20.23150727,56.43074873,37.14124375,11.08017751,7.292683211
1.7011003,18.34408633,-5.373091367,1.701298468,93.42544606,-20.27046202,56.53964704,36.84294555,11.1015597,7.234112359
1.700091133,18.315956,-5.4019432,1.700664701,93.28217978,-20.37930811,56.84392724,36.39539908,11.16130511,7.14623661
1.699129933,18.27860867,-5.390286467,1.700201901,93.09197182,-20.33533205,56.72099179,36.32812657,11.13716674,7.133027652
1.698096233,18.22032433,-5.354339633,1.699946005,92.79513284,-20.19971945,56.34188557,36.41039381,11.06272923,7.149180825
1.697089233,18.18136733,-5.385178867,1.699458886,92.59672693,-20.31606318,56.66712549,35.88674798,11.12659009,7.046362967
1.696082067,18.146738,-5.409829167,1.698913848,92.4203616,-20.40905861,56.92709504,35.4504131,11.17763511,6.960688613
1.695123433,18.10194133,-5.3637921,1.698553026,92.19221458,-20.23537971,56.44157416,35.70778697,11.08230309,7.011223971
1.694110267,18.05527933,-5.377437767,1.698162564,91.95456752,-20.28685919,56.5854855,35.32622857,11.11056008,6.936304979
1.6931026,18.018449,-5.396864267,1.697646398,91.76699262,-20.36014738,56.79036327,34.93377589,11.15078783,6.859246896
1.692098933,17.972387,-5.383742667,1.697257429,91.53240132,-20.31064499,56.65197889,34.83756898,11.12361605,6.840356669
1.691103333,17.918504,-5.3518238,1.696980897,91.2579781,-20.19022824,56.31535283,34.89977181,11.05751953,6.852570195
1.6901155,17.88422833,-5.370272667,1.696450473,91.08341397,-20.25982822,56.50992018,34.53064033,11.09572283,6.78009123
1.6891121,17.84242133,-5.3596053,1.696004987,90.87049317,-20.21958464,56.39741889,34.43022082,11.0736332,6.760373857
1.688121133,17.79173133,-5.341005167,1.695690479,90.61233172,-20.14941399,56.20125624,34.36822202,11.03511666,6.748200394
1.687077233,17.75009833,-5.365650033,1.695202171,90.40029709,-20.24238893,56.46116848,33.89627515,11.08615043,6.655533625
1.686104333,17.70863067,-5.349471567,1.694782657,90.18910449,-20.18135423,56.29054546,33.85570557,11.0526486,6.647567788
1.6851085,17.661524,-5.327731133,1.694415462,89.94919277,-20.09933653,56.06126425,33.84507506,11.00762924,6.645480487
1.684094267,17.615796,-5.327183567,1.694011469,89.71630252,-20.09727078,56.05548945,33.61795961,11.00649535,6.60088637
1.683074333,17.57359833,-5.325182267,1.693554664,89.50139207,-20.0897207,56.03438313,33.42415548,11.00235113,6.562832929
1.6821389,17.51288433,-5.272773767,1.693429459,89.19217893,-19.892005,55.48166718,33.66765829,10.89382535,6.610644706
1.6811349,17.472061,-5.265960067,1.692970246,88.98426789,-19.86629972,55.40980783,33.5316066,10.87971577,6.583930956
1.680116033,17.447311,-5.317368967,1.692281668,88.85821747,-20.06024434,55.9519817,32.86338231,10.98617161,6.452725117
1.679131433,17.41238667,-5.330670833,1.691763133,88.68034972,-20.11042681,56.09226722,32.54522904,11.01371667,6.390255721
1.678155067,17.35143767,-5.256390233,1.691600131,88.36993973,-19.83019668,55.30888146,33.01820481,10.85989888,6.483124515
1.677105867,17.31349733,-5.287558867,1.691057245,88.17671165,-19.9477831,55.63759533,32.49626286,10.92444184,6.380641213
1.6760869,17.26584967,-5.252772133,1.690674136,87.93404465,-19.81654708,55.27072388,32.62046731,10.85240663,6.405028756
1.675118733,17.21245267,-5.2385397,1.690418552,87.6620966,-19.76285396,55.12062432,32.49861882,10.82293458,6.381103805
1.674086233,17.170438,-5.245358967,1.689946738,87.44811816,-19.78858025,55.19254238,32.21272232,10.8370557,6.324968028
1.673094833,17.138198,-5.262500567,1.689385581,87.28392157,-19.85324845,55.37332289,31.86774522,10.87255195,6.257231773
1.672085433,17.08997467,-5.249664333,1.689019721,87.03832272,-19.80482263,55.23794808,31.75752118,10.84597111,6.235589285
1.6710878,17.047496,-5.240865367,1.688588966,86.82198116,-19.77162775,55.14515151,31.63397619,10.8277505,6.211331225
1.670092567,17.003389,-5.224683133,1.68818234,86.59734657,-19.71057884,54.97448876,31.58000436,10.79424087,6.200733855
1.669113733,16.96239633,-5.222967633,1.687750554,86.38857313,-19.70410697,54.95639658,31.38932309,10.79068847,6.163293589
1.668160167,16.92262867,-5.239701567,1.687327687,86.18603854,-19.76723721,55.13287772,31.01030736,10.82534054,6.08887385
1.667145967,16.88107,-5.238486767,1.686868088,85.97438248,-19.76265427,55.12006607,30.81146295,10.82282497,6.049830751
1.6661098,16.82935933,-5.198585833,1.686522,85.71102283,-19.61212447,54.69925871,30.96891066,10.74019945,6.080745609
1.665136967,16.783286,-5.1897478,1.686164015,85.47637382,-19.57878221,54.60605013,30.82747024,10.72189794,6.052973781
1.6641414,16.74661,-5.207102933,1.68565789,85.28958492,-19.64425598,54.78908263,30.45764883,10.75783638,5.980359348
1.663097633,16.71382833,-5.219462567,1.685051594,85.12262966,-19.69088379,54.91943108,30.16034512,10.78343029,5.921983764
1.6621162,16.66976467,-5.2072819,1.684658191,84.89821577,-19.64493115,54.79097007,30.06439224,10.75820697,5.903143417
1.661121867,16.64251933,-5.2424682,1.684027446,84.75945675,-19.77767458,55.16205547,29.55454782,10.83106959,5.803035465
1.6601319,16.58793833,-5.193084733,1.683765863,84.48147865,-19.59137108,54.64124244,29.79738275,10.72880795,5.850716104
1.659113933,16.54692233,-5.2116078,1.683295255,84.27258637,-19.66125099,54.83659232,29.39314058,10.7671649,5.771343154
1.658133633,16.504159,-5.193441067,1.682885631,84.05479501,-19.59271538,54.64500044,29.36694111,10.72954584,5.766198887
1.6570795,16.44826067,-5.156840933,1.682577461,83.7701078,-19.45463815,54.25900432,29.46825002,10.6537555,5.786090891
1.656132033,16.420594,-5.1890898,1.681999206,83.62920295,-19.57629985,54.59911066,28.98723883,10.72053538,5.691644345
1.655105833,16.38321933,-5.165896267,1.681471771,83.43885578,-19.48880019,54.35450462,29.04149771,10.67250698,5.702298075
1.654122233,16.35972567,-5.2219723,1.680801694,83.3192038,-19.70035198,54.94589949,28.33045086,10.78862736,5.562684025
1.6530946,16.32181033,-5.242255233,1.680280041,83.12610305,-19.77687114,55.15980946,27.92344013,10.83062859,5.482767469
1.652145733,16.28069933,-5.233157,1.679879801,82.91672693,-19.74254725,55.06385673,27.81001674,10.81178827,5.460496788
1.6511213,16.234022,-5.2404868,1.679478276,82.67900178,-19.77019957,55.14115903,27.4949893,10.82696657,5.398641148
1.650123233,16.18356333,-5.1993799,1.679153581,82.4220185,-19.61512016,54.70763318,27.67153187,10.74184377,5.433305282
1.649114667,16.144736,-5.203039,1.678663165,82.22427298,-19.62892444,54.74622316,27.43519636,10.74942092,5.386900806
1.648094733,16.11801133,-5.2541752,1.677999872,82.08816569,-19.82184027,55.28552105,26.75979118,10.85531206,5.254284999
1.647086833,16.07398833,-5.230041467,1.677579459,81.86395892,-19.73079363,55.03099937,26.79010609,10.80533673,5.26023733
1.646088133,16.02342933,-5.213042733,1.677255469,81.60646465,-19.6666644,54.85172557,26.71188562,10.77013632,5.244878742
1.645100967,15.98293633,-5.223527767,1.676808681,81.40023597,-19.70622012,54.96230391,26.3950786,10.79184837,5.182673684
1.644082333,15.938128,-5.1958143,1.676388015,81.17202954,-19.60166862,54.67002928,26.4591468,10.73446025,5.195253474
1.643129833,15.88672,-5.157103233,1.676121555,80.91021136,-19.4556277,54.26177062,26.60558728,10.65429866,5.224007063
1.642139933,15.84898367,-5.1801435,1.675635246,80.71802224,-19.54254914,54.50476026,26.17040852,10.70200968,5.138559712
1.641146767,15.80268667,-5.151246233,1.675259913,80.48223411,-19.43353165,54.20000092,26.23937973,10.64217018,5.15210221
1.6401851,15.76216167,-5.1600744,1.674839053,80.27584246,-19.46683668,54.29310544,25.93988356,10.66045125,5.093296136
1.639151567,15.718872,-5.1558089,1.67438322,80.05537051,-19.45074471,54.24812018,25.76439687,10.6516184,5.058839325
1.638187933,15.67719133,-5.138441367,1.673975815,79.84309312,-19.38522415,54.06495691,25.73528275,10.61565429,5.053122768
1.6371069,15.635894,-5.135253933,1.673445895,79.63276802,-19.37319928,54.03134127,25.55857329,10.60905386,5.018425866
1.636024867,15.58591833,-5.106138567,1.673030787,79.37824463,-19.26335899,53.72428177,25.6111094,10.54876273,5.028741331
1.635042367,15.540004,-5.103165633,1.672661013,79.1444054,-19.25214333,53.69292831,25.40862363,10.54260647,4.988983249
1.6340118,15.49718133,-5.1000185,1.672201915,78.92631186,-19.24027049,53.65973769,25.22372071,10.5360895,4.952677561
1.6330439,15.43614333,-5.028181067,1.672048567,78.6154486,-18.96925743,52.90211831,25.67047684,10.38733093,5.040398127
1.632044533,15.40579133,-5.062835533,1.671454248,78.4608675,-19.09999447,53.26759483,25.15041921,10.45909225,4.938284811
1.631032233,15.37550333,-5.086039867,1.670846141,78.30661234,-19.18753487,53.51231478,24.75144411,10.50714301,4.85994605
1.6300448,15.324178,-5.054131533,1.670543645,78.04521518,-19.06715786,53.17579981,24.82656191,10.44106829,4.874695431
1.629057133,15.293642,-5.079417567,1.669963481,77.88969697,-19.16255165,53.44247399,24.40436952,10.49342977,4.791797955
1.628045,15.256994,-5.079867033,1.669440415,77.70305067,-19.16424731,53.4472142,24.21298301,10.49436051,4.754219214
1.627023733,15.21488033,-5.0848643,1.668981155,77.48856803,-19.18309994,53.49991689,23.94579768,10.50470868,4.701757374
1.626039133,15.18229333,-5.079353033,1.668431429,77.32260419,-19.1623082,53.4417934,23.83795733,10.49329613,4.680582922
1.625030867,15.13036267,-5.052837867,1.668116177,77.0581241,-19.06227739,53.16215641,23.85311423,10.43838941,4.68355898
1.624020167,15.07856933,-5.020436433,1.667796659,76.79434343,-18.94004012,52.82044105,23.93104892,10.3712936,4.698861456
1.623015767,15.046754,-5.054204333,1.667216835,76.63230965,-19.0674325,53.17656758,23.41288861,10.44121904,4.597120679
1.6220511,15.01129567,-5.0772589,1.666725359,76.45172226,-19.15440789,53.41970804,22.98916077,10.48895967,4.513921717
1.6210577,14.96653633,-5.0601055,1.666329273,76.22376538,-19.08969517,53.23880307,22.94210885,10.45343898,4.504683073
1.620063233,14.91810133,-5.021098933,1.665981171,75.97708853,-18.94253945,52.82742798,23.10680709,10.37266548,4.537021573
1.619085767,14.87515867,-5.0356331,1.665576774,75.75838384,-18.99737088,52.98070971,22.73482067,10.40276235,4.463982038
1.618077433,14.82254833,-4.993409467,1.665270526,75.49044224,-18.83807849,52.53540646,22.91218232,10.31532706,4.498806999
1.617062533,14.77515733,-4.9708395,1.664888059,75.24908242,-18.7529313,52.29737674,22.90885223,10.26858992,4.498153134
1.616037733,14.739802,-4.984450167,1.664335076,75.06901961,-18.80427874,52.44091896,22.58524719,10.29677444,4.434613286
1.6150545,14.69872067,-4.981334067,1.663900073,74.85979458,-18.79252298,52.40805562,22.4088855,10.29032172,4.399984669
1.61407,14.666343,-4.989361267,1.663347653,74.69489687,-18.8228063,52.49271291,22.1593305,10.30694418,4.350984543
1.613002667,14.62319533,-4.971208433,1.662856125,74.47514812,-18.75432313,52.30126762,22.13102704,10.2693539,4.34542716
1.6120797,14.57306233,-4.930705067,1.662602183,74.21982344,-18.6015206,51.87410682,22.30286317,10.18548087,4.379167183
1.611056467,14.53161533,-4.930906467,1.66213206,74.0087361,-18.6022804,51.87623084,22.0896518,10.18589793,4.337303131
1.6100431,14.49019833,-4.937895433,1.661671403,73.79780154,-18.6286469,51.94993861,21.80500948,10.20037045,4.281413611
1.6090455,14.44755867,-4.922268867,1.66124283,73.58064001,-18.56969429,51.78513609,21.75265046,10.16801147,4.271132918
1.608084133,14.40368233,-4.912861667,1.660866993,73.35718021,-18.5342048,51.6859249,21.62840184,10.14853135,4.246736702
1.6069765,14.352753,-4.879762933,1.660439011,73.09779985,-18.4093369,51.33685561,21.71809077,10.0799916,4.264347124
1.606024867,14.314209,-4.8879455,1.660001748,72.90149733,-18.44020636,51.42315145,21.43549242,10.09693579,4.208858937
1.604990733,14.27579,-4.878696567,1.659480316,72.70583142,-18.40531394,51.32560939,21.33736858,10.0777834,4.18959232
1.604023367,14.234789,-4.883210667,1.659060107,72.49701553,-18.42234378,51.37321646,21.08094562,10.08713105,4.139243672
1.603018733,14.19157467,-4.856163,1.658632169,72.27692726,-18.32030407,51.08796355,21.14611024,10.03112164,4.152038747
1.602051967,14.14906733,-4.856404633,1.658232663,72.06043969,-18.32121565,51.09051189,20.92707434,10.03162201,4.109031047
1.601029567,14.11006533,-4.8604285,1.657730745,71.8618046,-18.33639605,51.13294881,20.68600233,10.0399545,4.061696558
1.600054133,14.069874,-4.856555767,1.657291665,71.6571123,-18.32178582,51.09210579,20.52215305,10.03193497,4.029524752
1.599047467,14.02696433,-4.8333322,1.656857628,71.43857567,-18.23417286,50.847183,20.54853921,9.983844383,4.034705674
1.5980555,13.993101,-4.841418267,1.656317567,71.26611154,-18.26467826,50.93246112,20.29079696,10.00058874,3.984097983
1.5970898,13.98535833,-4.921775333,1.655455193,71.22667855,-18.5678324,51.77993114,19.40389395,10.16698948,3.809954578
1.596000433,13.94024467,-4.889983333,1.654967868,70.99691707,-18.44789427,51.44464305,19.50942056,10.10115566,3.830674726
1.595055067,13.89584867,-4.8958769,1.654614966,70.77081063,-18.47012827,51.5067984,19.22115877,10.11335987,3.774074524
1.594046433,13.85765933,-4.903331433,1.65411597,70.5763144,-18.49825115,51.58541617,18.94804478,10.12879646,3.720448592
1.5930609,13.81122667,-4.8765135,1.65375008,70.33983533,-18.39707813,51.3025861,18.99439577,10.07326278,3.729549609
1.592053933,13.76589067,-4.859312867,1.653348122,70.10894152,-18.33218722,51.121183,18.94490506,10.03764428,3.719832108
1.5910596,13.73695867,-4.898822633,1.652739887,69.96159239,-18.48124131,51.537865,18.38087394,10.11945979,3.609084598
1.590048133,13.682129,-4.832254267,1.652460122,69.68234785,-18.23010626,50.83581479,18.8036796,9.981612234,3.692102489
1.589061567,13.64224,-4.828912233,1.652005874,69.47919531,-18.21749815,50.80056869,18.63577316,9.974691663,3.65913406
1.588019233,13.60231033,-4.839562733,1.651496402,69.27583567,-18.2576781,50.9128921,18.32009011,9.996746364,3.597149693
1.587025433,13.56477733,-4.8197864,1.65100348,69.08468212,-18.18307013,50.70432488,18.33750377,9.955794191,3.600568866
1.586057633,13.52357533,-4.81437,1.650585521,68.87484254,-18.16263628,50.64720189,18.1847872,9.94457809,3.570582966
1.585043067,13.47411467,-4.791905533,1.650231006,68.62294203,-18.0778871,50.4102848,18.16980377,9.89805942,3.56764097
1.584050533,13.432306,-4.7814811,1.64979641,68.41001273,-18.03856,50.30034556,18.06681371,9.876472851,3.547418872
1.583066067,13.39738067,-4.7857607,1.649278022,68.23213989,-18.05470517,50.34547952,17.84380691,9.885334904,3.503631486
1.5820808,13.35435333,-4.770839367,1.648866955,68.01300399,-17.99841312,50.18811461,17.78203592,9.854436304,3.491502753
1.5810443,13.311613,-4.7397135,1.648400825,67.79532977,-17.88098804,49.85985177,17.89262454,9.789981895,3.513216828
1.580059033,13.28299733,-4.770212667,1.647797434,67.64959172,-17.99604884,50.18150524,17.42523301,9.853138554,3.421444502
1.579037,13.23888533,-4.760777333,1.647364075,67.42493167,-17.96045321,50.08199735,17.30008086,9.83360018,3.396870877
1.5780715,13.19586733,-4.750807767,1.64697265,67.20584331,-17.92284214,49.97685528,17.18613457,9.812955533,3.374497523
1.577068267,13.15740633,-4.7250576,1.646482679,67.0099635,-17.82569736,49.7052862,17.26182384,9.759632945,3.389359111
1.576041967,13.13303233,-4.776096667,1.64578165,66.88582803,-18.01824675,50.24355969,16.59941488,9.865322946,3.259295111
1.5750718,13.08851067,-4.760605367,1.645405625,66.65908157,-17.95980445,50.08018374,16.53604437,9.833244077,3.246852313
1.574053733,13.05810133,-4.781932667,1.644793371,66.50420847,-18.04026358,50.30510792,16.15624709,9.87740794,3.172279117
1.573101767,13.00282567,-4.7187918,1.644579058,66.22269247,-17.80205908,49.63920517,16.54063384,9.746657935,3.247753455
1.572046067,12.96679833,-4.7440966,1.644004143,66.0392072,-17.89752367,49.90607727,16.09027646,9.799058273,3.159325784
1.571064733,12.923389,-4.730569867,1.643602107,65.8181258,-17.84649288,49.76342024,16.0118521,9.771047564,3.14392716
1.570033467,12.88001167,-4.7091457,1.643149711,65.59720737,-17.76566831,49.53747447,16.01687944,9.726683113,3.144914277
1.569107267,12.84025867,-4.7103087,1.642754015,65.39474747,-17.77005583,49.54973982,15.80215419,9.729091414,3.102752976
1.568083833,12.79437633,-4.683627267,1.642342881,65.16107122,-17.66939777,49.26834933,15.84986843,9.67384039,3.112121666
1.567061033,12.75540167,-4.684735433,1.641840198,64.96257533,-17.67357843,49.28003639,15.63968549,9.676135145,3.070852245
1.5660526,12.71257233,-4.662883267,1.641403322,64.74444784,-17.5911392,49.0495768,15.65201758,9.630884406,3.073273651
1.5650644,12.67001567,-4.649114133,1.640983041,64.52770902,-17.53919392,48.90436334,15.58049222,9.602371743,3.059229647
1.564052067,12.62514633,-4.6211777,1.640569489,64.29919192,-17.43380126,48.60973724,15.64660122,9.544521906,3.07221015
1.563089433,12.58092233,-4.613171733,1.640197025,64.07396146,-17.40359804,48.52530388,15.50580412,9.527943417,3.044564639
1.562070833,12.538705,-4.5997942,1.639741815,63.85895085,-17.35313012,48.38422035,15.43187704,9.500241666,3.030049057
1.561068267,12.504593,-4.613077967,1.639194473,63.68522027,-17.4032443,48.52431499,15.11805182,9.527749248,2.968429475
1.560078367,12.461967,-4.599762133,1.638773417,63.46812834,-17.35300914,48.38388217,15.04139271,9.500175264,2.953377459
1.559064133,12.41235833,-4.563725167,1.638421211,63.21547407,-17.2170565,48.00382538,15.16879523,9.425551113,2.978392944
1.558029767,12.36402633,-4.529864467,1.638031835,62.96932179,-17.08931402,47.64672016,15.27974817,9.355433503,3.000178554
1.557055867,12.33641433,-4.565189367,1.637426417,62.82869536,-17.22258032,48.01926728,14.76657462,9.42858313,2.899416927
1.556069767,12.287328,-4.527481067,1.637095375,62.5787013,-17.08032243,47.6215841,14.91426374,9.350498037,2.928415686
1.555079633,12.244035,-4.512925133,1.636682986,62.35821238,-17.02540889,47.4680728,14.84728611,9.320356095,2.915264628
1.554115533,12.20405367,-4.505372667,1.636252437,62.15458959,-16.99691654,47.3884222,14.72331394,9.304716698,2.890922692
1.553086067,12.17024567,-4.5166262,1.635674138,61.98240727,-17.03937149,47.50710538,14.43244843,9.328020141,2.833811249
1.5520927,12.13361533,-4.5017441,1.635169603,61.79585095,-16.98322745,47.35015423,14.40284326,9.297202783,2.827998273
1.551090833,12.09166633,-4.477393167,1.634727546,61.58220694,-16.8913614,47.0933419,14.44601159,9.246777681,2.836474375
1.550084,12.04914833,-4.475484533,1.634288115,61.36566505,-16.88416091,47.07321287,14.24959873,9.242825347,2.79790871
1.549094467,12.00660667,-4.468599333,1.633866301,61.14900263,-16.85818589,47.00059946,14.10554971,9.228567704,2.769624686
1.548061133,11.96239167,-4.442816567,1.633423017,60.92381801,-16.76091812,46.72868657,14.15227798,9.175177609,2.778799781
1.5470357,11.92961533,-4.474760733,1.632834983,60.75688991,-16.88143031,47.06557945,13.64845699,9.241326526,2.679874531
1.546050467,11.87672867,-4.419626233,1.632555523,60.48754096,-16.67343054,46.48411428,13.96057322,9.127155839,2.741158551
1.5450527,11.84273167,-4.432482433,1.632011446,60.31439606,-16.72193169,46.61969967,13.65184294,9.15377803,2.68053936
1.544093233,11.80015133,-4.410072,1.631620214,60.09753671,-16.63738635,46.38335243,13.67133082,9.10737125,2.684365806
1.5430858,11.75722767,-4.3867809,1.631185597,59.87892878,-16.54951862,46.13771742,13.6983579,9.059140816,2.689672574
1.542052033,11.70566867,-4.353421133,1.630839885,59.61634157,-16.42366595,45.78589519,13.78759291,8.990060521,2.707193869
1.541082667,11.682779,-4.3972013,1.630175981,59.49976572,-16.5888305,46.24761412,13.20929814,9.080719033,2.59364569
1.540061667,11.641996,-4.3687564,1.62969923,59.2920601,-16.4815196,45.94762557,13.30158107,9.021816281,2.611765442
1.539068867,11.59871467,-4.3499418,1.629284019,59.07163059,-16.41053986,45.74920109,13.27957604,8.982855634,2.607444756
1.538046233,11.55495167,-4.3244393,1.628845403,58.84874798,-16.31432942,45.48024398,13.32565054,8.930045906,2.616491484
1.537039367,11.51560567,-4.329872467,1.628363609,58.64836092,-16.33482652,45.53754381,13.06796365,8.941296726,2.565894664
1.5360223,11.471599,-4.307817933,1.627933811,58.42423733,-16.25162385,45.30495,13.07643387,8.895626933,2.56755779
1.535077033,11.42248433,-4.278444533,1.62764398,58.17409897,-16.1408101,44.99516921,13.13607631,8.834801474,2.579268583
1.534054233,11.38515767,-4.2752502,1.627119304,57.98399627,-16.1287592,44.9614808,12.97966201,8.828186755,2.548556635
1.533062967,11.34550233,-4.264426067,1.626657238,57.78203378,-16.0879242,44.8473262,12.89185412,8.8057725,2.531315557
1.532033867,11.301192,-4.2315607,1.626219459,57.55636364,-15.9639367,44.50071807,13.01279211,8.737715993,2.555061731
1.53105,11.26256733,-4.231354333,1.625751039,57.35965028,-15.96315816,44.49854166,12.81825516,8.737288655,2.516864401
1.530030833,11.213853,-4.186637467,1.625381965,57.1115508,-15.79445983,44.02694401,13.04175333,8.644690457,2.560748267
1.529073733,11.18488067,-4.230926967,1.624811501,56.96399627,-15.96154588,44.49403452,12.42710828,8.736403679,2.440062711
1.5280573,11.13157933,-4.1599291,1.624506374,56.69253544,-15.69370015,43.74526947,12.90441251,8.58938366,2.533781397
1.527045333,11.101472,-4.190486333,1.623896189,56.53920041,-15.80898002,44.06753533,12.42881162,8.652660561,2.440397162
1.526050933,11.065508,-4.1831337,1.623381729,56.35603769,-15.78124156,43.98999222,12.323192,8.637434973,2.41965875
1.525075533,11.03114,-4.185078533,1.62286497,56.18100331,-15.78857861,44.01050303,12.12764682,8.641462269,2.381263454
1.524064367,10.983628,-4.156152067,1.622487851,55.93902725,-15.67945096,43.70543573,12.19073806,8.581562305,2.393651418
1.5230887,10.94076567,-4.141844967,1.622084182,55.72073169,-15.62547616,43.55454871,12.12332952,8.551935639,2.380415751
1.5220446,10.903675,-4.124765133,1.621535057,55.53183091,-15.56104098,43.3744196,12.11455786,8.516567288,2.378693435
1.521076033,10.89024667,-4.1913505,1.620745692,55.46344113,-15.81224016,44.07664909,11.34393858,8.654450049,2.227382341
1.520020133,10.85491277,-4.202461033,1.620161322,55.28348748,-15.85415563,44.19382415,11.04680987,8.677457372,2.169041118
1.519054933,10.81372387,-4.190176867,1.619745788,55.07371463,-15.80781253,44.0642716,10.96658957,8.652019728,2.153289862
1.518027833,10.7729322,-4.185938133,1.619263053,54.86596486,-15.79182153,44.01956863,10.80354277,8.6432423,2.121275623
1.5170148,10.73264353,-4.166011033,1.618787672,54.66077684,-15.71664479,43.80941138,10.808512,8.601977925,2.122251332
1.5160433,10.69582933,-4.162034267,1.618307458,54.4732841,-15.70164208,43.76747119,10.66295945,8.593742969,2.093672088
1.515061967,10.653031,-4.146370167,1.617897268,54.25531449,-15.64254788,43.60227284,10.61018819,8.561306272,2.083310451
1.514032167,10.6222093,-4.1658983,1.617278784,54.09834123,-15.71621949,43.80822246,10.24726531,8.601744481,2.012050543
1.5130911,10.57462143,-4.125247033,1.616972777,53.85597878,-15.56285899,43.37950186,10.43362346,8.517565191,2.048641966
1.512067,10.53564773,-4.122598,1.616468781,53.65748782,-15.55286528,43.35156435,10.26307001,8.512079661,2.015153796
1.511059767,10.49359027,-4.113326467,1.616022805,53.4432914,-15.5178876,43.25378395,10.14665399,8.492880478,1.992295512
1.5100741,10.4528423,-4.1015281,1.61558092,53.2357642,-15.47337722,43.12935479,10.06355595,8.468448813,1.97597921
1.509049233,10.4132172,-4.087790867,1.61508485,53.03395569,-15.42155229,42.98447776,10.00662447,8.440002208,1.964800716
1.508100767,10.3765128,-4.083282733,1.614626203,52.84702215,-15.40454496,42.93693361,9.86723508,8.430666915,1.937431608
1.507043067,10.3341807,-4.067685767,1.614133425,52.63142704,-15.34570403,42.77244327,9.816130315,8.398369236,1.927397187
1.506070033,10.2873517,-4.0299874,1.613785325,52.39292946,-15.20348361,42.37486485,9.975211155,8.320304713,1.95863271
1.5050252,10.2740302,-4.108166567,1.612918267,52.32508378,-15.49842142,43.19936608,9.082864244,8.482195529,1.783420394
1.5040816,10.2378173,-4.107065933,1.612457928,52.14065343,-15.49426919,43.18775846,8.910041503,8.479916374,1.749486649
1.503058867,10.20144513,-4.1060624,1.611920581,51.95541193,-15.49048327,43.1771749,8.73538358,8.477838291,1.715192566
1.502087367,10.16263187,-4.0925865,1.611467044,51.75773805,-15.43964424,43.03505396,8.679830631,8.449932846,1.704284744
1.501050567,10.1222899,-4.0841822,1.610968608,51.55227858,-15.40793828,42.94641966,8.563005462,8.432529501,1.681346122
1.500040867,10.0767916,-4.0529805,1.610566083,51.32055819,-15.29022711,42.61735706,8.660347665,8.367918059,1.700459264
1.499122633,10.0397591,-4.0483852,1.610142048,51.13195365,-15.27289093,42.56889363,8.520206562,8.358402265,1.672942558
1.498072733,9.996956233,-4.0342307,1.609663352,50.91396095,-15.21949183,42.41961598,8.451491516,8.329091597,1.659450359
1.497084433,9.9517117,-4.0042462,1.609278841,50.68353298,-15.10637266,42.10339034,8.537289179,8.267000693,1.67629673
1.4960683,9.906947367,-3.9783001,1.608860087,50.45555063,-15.0084887,41.82975489,8.582942282,8.213272373,1.685260717
1.495011933,9.875952433,-3.9973492,1.608217348,50.2976951,-15.08035311,42.03065248,8.22418916,8.252718615,1.614819542
1.494038433,9.835804267,-3.9755649,1.607779625,50.09322265,-14.99816992,41.80090864,8.249460546,8.207608412,1.619781578
1.493083167,9.787857033,-3.941009833,1.607464215,49.84902996,-14.86780787,41.43648042,8.369696087,8.13605293,1.643389827
1.4920232,9.746817533,-3.9430646,1.60695192,49.640018,-14.87555966,41.45815061,8.139013925,8.140307872,1.598095384
1.491029233,9.708533067,-3.9145523,1.60646886,49.44503726,-14.76799449,41.15745124,8.244732566,8.081265551,1.618853239
1.4900358,9.674132567,-3.9153881,1.605934501,49.26983737,-14.77114762,41.16626584,8.060718067,8.082996298,1.582721992
1.489024667,9.628068933,-3.8887065,1.605538087,49.03523776,-14.67048893,40.88487359,8.107510711,8.027744928,1.591909728
1.4880305,9.587280767,-3.8747306,1.605088238,48.82750581,-14.61776361,40.7374795,8.047172855,7.9988041,1.58006239
1.4870663,9.546346367,-3.8579185,1.604670308,48.61902911,-14.55433848,40.56017399,8.016001666,7.963990163,1.573941927
1.4860905,9.500695867,-3.8370915,1.604303714,48.38653357,-14.47576678,40.34052612,8.003153987,7.920862305,1.571419285
1.485062167,9.464741067,-3.834106533,1.603755197,48.20341771,-14.46450573,40.30904576,7.851518487,7.914681135,1.541645655
1.484091267,9.430600133,-3.839802567,1.603239908,48.02953977,-14.48599452,40.36911786,7.617568451,7.926476291,1.495709565
1.483109333,9.386630033,-3.807240633,1.602844756,47.80560241,-14.36315175,40.02570982,7.737039129,7.859048124,1.519167633
1.482060367,9.347963333,-3.801491167,1.602311796,47.60867499,-14.34146137,39.9650742,7.600747325,7.847142319,1.492406737
1.481041833,9.309462533,-3.797506667,1.601807056,47.41259248,-14.3264295,39.92305245,7.446686566,7.838891349,1.462156907
1.480041033,9.268677067,-3.7811993,1.601350538,47.20487429,-14.26490851,39.75107001,7.410950815,7.805122597,1.455140193
1.479067767,9.222988133,-3.753704067,1.60098699,46.97218301,-14.16118032,39.46109694,7.468232611,7.748186384,1.466387473
1.478026667,9.1834685,-3.743856833,1.60047328,46.77091164,-14.12403076,39.35724502,7.370813154,7.727795061,1.447259163
1.477084133,9.146018333,-3.734786933,1.600030519,46.58017995,-14.08981376,39.26159111,7.275735386,7.709013414,1.428590643
1.476067833,9.1039864,-3.719945067,1.599575135,46.36611357,-14.03382151,39.10506427,7.21819584,7.67827937,1.417292753
1.4750687,9.065231967,-3.706572133,1.599093179,46.16873933,-13.98337093,38.96402926,7.161856608,7.650587145,1.406230545
1.474062667,9.018290233,-3.673732867,1.598713584,45.9296676,-13.8594819,38.61769638,7.269117759,7.582584685,1.427291272
1.473106367,8.984110833,-3.6827937,1.598213408,45.75559375,-13.89366469,38.71325468,6.999485612,7.601347557,1.374349
1.472055333,8.940726933,-3.649618233,1.597741332,45.53464188,-13.76850731,38.36337614,7.128412284,7.532648905,1.399663752
1.4710686,8.899857867,-3.644250233,1.597299997,45.32649792,-13.74825606,38.30676358,6.976880881,7.521533029,1.369910561
1.470055433,8.857579867,-3.619842833,1.59685103,45.11117834,-13.65617698,38.04935573,7.018969149,7.470990998,1.378174592
1.4690649,8.817671767,-3.5985958,1.59639307,44.90792853,-13.57602067,37.82527807,7.039797004,7.426993348,1.382264142
1.468054133,8.780667933,-3.593177,1.59587612,44.71946999,-13.55557777,37.76812976,6.908486779,7.415772278,1.356481379
1.467082233,8.739807433,-3.585445467,1.595449503,44.51136966,-13.52640988,37.68659066,6.781925546,7.399762076,1.331631081
1.466067667,8.699086333,-3.563560333,1.59497836,44.30397929,-13.44384628,37.4557834,6.805342432,7.35444307,1.336228986
1.46511,8.6623348,-3.559967633,1.594511142,44.1168057,-13.4302925,37.41789369,6.656058552,7.347003427,1.306917097
1.4640961,8.615040933,-3.525175267,1.594128379,43.87594058,-13.29903522,37.05096283,6.782124292,7.274956552,1.331670105
1.463118633,8.576627733,-3.527695833,1.593663536,43.68030422,-13.30854428,37.07754549,6.559905267,7.280176057,1.288037399
1.462083567,8.533772,-3.497662167,1.593200379,43.46204227,-13.19523962,36.76080133,6.658387487,7.21798334,1.307374383
1.461096933,8.501084633,-3.506382067,1.592649959,43.29556727,-13.22813622,36.85276404,6.399949772,7.236040219,1.256630138
1.4600667,8.460856267,-3.475447567,1.592156573,43.09068636,-13.11143308,36.52651941,6.521313491,7.171982086,1.280459904
1.459073967,8.428079633,-3.4956429,1.591601244,42.92375673,-13.18762176,36.73950553,6.141397742,7.21380191,1.205863447
1.458090567,8.392449533,-3.495513367,1.591093328,42.74229454,-13.18713308,36.73813943,5.961301654,7.213533677,1.17050158
1.457094033,8.354635233,-3.4949193,1.590601426,42.54970834,-13.18489192,36.73187422,5.774980664,7.212303503,1.133917453
1.456091267,8.3095484,-3.4620862,1.590200343,42.32008352,-13.06102614,36.38560638,5.891623685,7.144313813,1.156820311
1.455078167,8.267201233,-3.4413004,1.589752366,42.10441168,-12.98260988,36.16639302,5.895165198,7.10127127,1.157515687
1.454087167,8.234497567,-3.4644416,1.589197797,41.93785366,-13.0699121,36.41044714,5.48455306,7.149191297,1.076891993
1.453083167,8.1876197,-3.4163556,1.588819382,41.69910721,-12.88850341,35.90331759,5.752936158,7.049616409,1.129589015
1.452044533,8.1495584,-3.409491167,1.588288676,41.50526305,-12.86260673,35.83092319,5.6314864,7.035401769,1.105742355
1.4510887,8.108952067,-3.397573167,1.587874735,41.29845718,-12.81764502,35.70523234,5.550371373,7.010722371,1.089815419
1.450029833,8.064281467,-3.363324467,1.587411997,41.07095221,-12.68843878,35.34403516,5.684063595,6.939801303,1.116065887
1.449036767,8.026328367,-3.365178733,1.586925415,40.87765911,-12.69543416,35.36359082,5.471214837,6.943641057,1.074273033
1.448054,7.984882533,-3.336690167,1.586495743,40.66657771,-12.58795853,35.06314174,5.560582508,6.884647881,1.091820375
1.447058567,7.948667033,-3.338155567,1.585983605,40.48213411,-12.59348688,35.0785963,5.360684359,6.887682383,1.052570374
1.446101133,7.910963233,-3.331016867,1.585529329,40.29011069,-12.5665555,35.0033094,5.243947829,6.8728998,1.029649156
1.445060633,7.873212833,-3.328931333,1.584992608,40.09784993,-12.55868764,34.98131473,5.073681738,6.868581147,0.996217409
1.444103833,7.820926833,-3.267338367,1.584733565,39.83156014,-12.32632273,34.33173661,5.456970075,6.741036482,1.071476074
1.443108167,7.782242767,-3.271840133,1.584254137,39.63454427,-12.34330604,34.3792136,5.212477204,6.750358591,1.023469899
1.442069633,7.746101867,-3.2586933,1.583697904,39.4504806,-12.29370845,34.24056311,5.167064038,6.723134566,1.014553024
1.441105833,7.707168267,-3.2458711,1.583253673,39.25219387,-12.24533557,34.10533629,5.104004119,6.696582781,1.002171209
1.4400722,7.663459767,-3.230403833,1.582803329,39.02958883,-12.18698394,33.9422138,5.044521567,6.66455368,0.99049181
1.439065433,7.624878733,-3.209447933,1.582311427,38.8330977,-12.10792596,33.72120652,5.069037721,6.6211589,0.995305556
1.438093867,7.596495333,-3.229665033,1.581718636,38.68854257,-12.18419675,33.93442219,4.711266915,6.663023798,0.925057259
1.437082067,7.554202067,-3.214746333,1.58127124,38.47314523,-12.12791464,33.77708505,4.65320672,6.63213065,0.913657139
1.4360835,7.5097585,-3.1899878,1.580865773,38.24679654,-12.03451088,33.51597405,4.687969032,6.580861504,0.920482719
1.435094267,7.469146767,-3.1644504,1.580418503,38.03996316,-11.93816879,33.24664887,4.75046083,6.527979506,0.932752984
1.434082133,7.428206767,-3.1463367,1.579952714,37.83145794,-11.86983325,33.05561629,4.732988189,6.490470259,0.929322231
1.433052733,7.390645,-3.146296,1.579424576,37.64015788,-11.86967971,33.05518706,4.542117364,6.490385979,0.891844744
1.432059467,7.348507067,-3.122446733,1.57899364,37.42555165,-11.77970624,32.80366545,4.579032741,6.440999711,0.899093079
1.4310572,7.3080834,-3.1094916,1.578530827,37.21967609,-11.73083186,32.66703668,4.509785948,6.414172652,0.885496471
1.4300459,7.2654303,-3.0816145,1.578088733,37.00244614,-11.62566303,32.37303632,4.586556361,6.356445682,0.900570342
1.429085467,7.2261081,-3.068749033,1.577653054,36.80218029,-11.57712692,32.2373532,4.521973627,6.329804302,0.887889522
1.428093867,7.185295767,-3.0562902,1.577206095,36.59432527,-11.53012487,32.10595857,4.445513245,6.304004964,0.872876526
1.427074633,7.145285633,-3.041216767,1.576720797,36.39055581,-11.47325901,31.94698956,4.40071279,6.2727914,0.864079956
1.4260689,7.106709633,-3.0284013,1.57622986,36.19409031,-11.42491153,31.81183376,4.339403097,6.246253559,0.852041798
1.425099433,7.0668745,-3.0045769,1.575791993,35.99121212,-11.33503188,31.5605744,4.387784258,6.196918784,0.861541439
1.424114867,7.022114133,-2.978295967,1.575404754,35.76324998,-11.23588473,31.2834077,4.436988818,6.142497102,0.871202754
1.423103133,6.9932232,-2.9991315,1.57477857,35.61611001,-11.31448863,31.50314556,4.070110986,6.185642631,0.799166292
1.4220556,6.944050133,-2.955752867,1.574387251,35.36567422,-11.1508389,31.04566133,4.277159437,6.095815601,0.839820255
1.4210708,6.905164733,-2.950242833,1.573921377,35.16763297,-11.13005181,30.98755084,4.137228668,6.084405608,0.812344849
1.420062067,6.867009467,-2.942017867,1.573421825,34.97331025,-11.0990224,30.90080785,4.029648941,6.06737362,0.79122157
1.419070833,6.8261517,-2.914187367,1.572975839,34.76522383,-10.99402938,30.60729894,4.115071433,6.009743147,0.807994276
1.4180725,6.7890824,-2.916547067,1.572472195,34.57643188,-11.00293155,30.63218506,3.901393367,6.014629536,0.766038588
1.417112733,6.7532719,-2.919924533,1.57199032,34.39405093,-11.01567334,30.66780484,3.683392626,6.021623481,0.723234142
1.416114467,6.706861,-2.873578133,1.571611407,34.15768271,-10.84082745,30.17902164,3.935807611,5.925650899,0.772795824
1.415102267,6.671037233,-2.874533967,1.571077275,33.97523419,-10.84443342,30.18910215,3.743278583,5.927630207,0.73499275
1.414070367,6.6271604,-2.855920167,1.570630911,33.75177184,-10.77421121,29.99279536,3.716123015,5.889085369,0.729660754
1.413081267,6.5837145,-2.8262129,1.570221597,33.5305042,-10.66213793,29.67949351,3.808157234,5.82756855,0.747731673
1.412056933,6.546911233,-2.821749,1.569688403,33.34306714,-10.64529747,29.63241586,3.667797819,5.818324855,0.720172102
1.411078767,6.5055912,-2.804372167,1.569261652,33.13262643,-10.57974183,29.4491545,3.640618469,5.782341487,0.714835436
1.410045067,6.470136767,-2.801701633,1.568701092,32.95205891,-10.56966701,29.42099025,3.4882152,5.776811435,0.684911055
1.4090708,6.432853033,-2.789946467,1.568224376,32.76217486,-10.5253196,29.29701669,3.422304706,5.752469228,0.671969529
1.408063267,6.385214333,-2.7484196,1.567852581,32.51955352,-10.36865583,28.85906175,3.61763831,5.666476774,0.710323282
1.407091067,6.3461976,-2.7463387,1.56740106,32.32084339,-10.36080545,28.83711595,3.440873987,5.662167716,0.675615607
1.406093733,6.307260967,-2.731339367,1.566923336,32.12254121,-10.30421914,28.67892842,3.400759328,5.631107596,0.667739094
1.405039233,6.266367267,-2.7163281,1.566414562,31.91427179,-10.24758781,28.52061505,3.350803287,5.600022765,0.657930225
1.4040812,6.223440967,-2.687075067,1.56602938,31.69565045,-10.13722815,28.21210368,3.440693318,5.539446557,0.675580133
1.4030828,6.186421233,-2.6818932,1.565525009,31.50711094,-10.1176791,28.15745414,3.306803345,5.52871612,0.649290837
1.402061433,6.148557333,-2.676598267,1.565008936,31.31427213,-10.0977035,28.10161216,3.169806511,5.517751548,0.622391508
1.401077233,6.1077792,-2.657284,1.56456892,31.10659129,-10.02483872,27.89791804,3.165819789,5.477756208,0.621608716
1.400080767,6.066250033,-2.637465567,1.56412666,30.89508548,-9.950071931,27.68890683,3.163325189,5.436716856,0.621118901
1.399074233,6.0265193,-2.616666167,1.563650333,30.69273899,-9.871604356,27.46955004,3.180335486,5.393646151,0.624458873
1.398137767,5.988077,-2.609561567,1.563226879,30.49695442,-9.844801625,27.39462277,3.059478186,5.378934181,0.600728542
1.397098133,5.946958533,-2.5812973,1.562735972,30.28754028,-9.738172181,27.09653924,3.148147582,5.320405479,0.618138778
1.396118433,5.908687433,-2.5725059,1.562267,30.09262762,-9.705005848,27.00382246,3.0459517,5.30220054,0.598072616
1.395073067,5.866970367,-2.553534033,1.561778347,29.88016484,-9.633432804,26.8037394,3.033571986,5.26291423,0.595641859
1.394077233,5.824174567,-2.5318478,1.561353624,29.66220813,-9.551619572,26.5750298,3.044324877,5.2180071,0.59775319
1.393084933,5.786270633,-2.5323509,1.560867152,29.46916544,-9.553517561,26.58033564,2.845976336,5.219048903,0.558807454
1.392057533,5.745987733,-2.5060006,1.560377327,29.26400679,-9.454108726,26.30243738,2.918715954,5.164483579,0.573089878
1.391033333,5.707411133,-2.496125067,1.559867932,29.06753824,-9.416852404,26.198287,2.826397776,5.144033653,0.554963203
1.390065233,5.667901667,-2.4769946,1.559427086,28.86631865,-9.344681028,25.9965313,2.826933894,5.10441892,0.55506847
1.389054467,5.626903067,-2.4530998,1.558963445,28.65751498,-9.254535783,25.74452948,2.870132043,5.054938363,0.563550427
1.388097733,5.584373033,-2.434353367,1.558574275,28.44091181,-9.183813207,25.5468239,2.851234445,5.016118873,0.559839883
1.3870913,5.5438391,-2.418847633,1.558108767,28.23447466,-9.125316457,25.38329573,2.808325472,4.984010117,0.551414706
1.386127,5.510551467,-2.426825333,1.557588691,28.06494253,-9.155413036,25.46743098,2.554658098,5.000530072,0.501607118
1.385063633,5.4703126,-2.400084967,1.557062312,27.86000815,-9.054532639,25.18541895,2.631735737,4.945157011,0.516741312
1.3840868,5.428074833,-2.381010367,1.556649141,27.64489347,-8.982572025,24.98425243,2.617787584,4.905657965,0.514002592
1.383068933,5.389466633,-2.370532,1.556146501,27.44826398,-8.943041461,24.87374439,2.531666131,4.883959712,0.497092645
1.382064567,5.350235133,-2.351981233,1.555665679,27.24846006,-8.873057054,24.67810238,2.527504227,4.845545402,0.496275455
1.381087833,5.309522467,-2.324561367,1.555232256,27.04111264,-8.769613184,24.38892414,2.609335042,4.788765255,0.512342935
1.380051933,5.270196767,-2.315984567,1.554721157,26.84082896,-8.737256448,24.2984706,2.499504901,4.771004703,0.490777787
1.3790798,5.230506233,-2.301297467,1.554278694,26.63868721,-8.681848065,24.14357599,2.452257763,4.740591145,0.481500812
1.378085667,5.189116467,-2.278994467,1.553836907,26.42789135,-8.597708027,23.90836178,2.476676115,4.694406835,0.486295355
1.377082033,5.150393967,-2.262446667,1.553350026,26.23067974,-8.535279989,23.73384365,2.453982625,4.660140201,0.481839488
1.376052567,5.109612633,-2.244485133,1.552864786,26.0229826,-8.467518517,23.54441587,2.43571327,4.622946056,0.4782523
1.3750913,5.0700841,-2.2268896,1.552431028,25.8216659,-8.401137813,23.35884803,2.41996441,4.586509811,0.475160012
1.37408,5.032128167,-2.2178893,1.55192625,25.62835837,-8.367183386,23.26392814,2.321576777,4.56787229,0.4558416
1.3730869,4.989394533,-2.189716567,1.55150343,25.41071828,-8.260899259,22.96680994,2.401054877,4.509533131,0.471447125
1.3720811,4.951004967,-2.178528067,1.551009939,25.21520227,-8.218689654,22.84881262,2.323536195,4.486364358,0.456226332
1.371029167,4.9084385,-2.166315567,1.550526055,24.99841355,-8.172616919,22.72001589,2.2355442,4.46107512,0.438949104
1.369950767,4.857885033,-2.140505633,1.550122291,24.74094746,-8.075246664,22.4478165,2.250277503,4.407628769,0.441841988
1.369009033,4.818240333,-2.121920933,1.549709616,24.53903913,-8.005134241,22.25181661,2.244369065,4.369144191,0.440681866
1.367980533,4.779187867,-2.108740733,1.549202271,24.34014702,-7.955410772,22.11281422,2.184479341,4.341851071,0.428922519
1.366983667,4.741285167,-2.098415,1.548711216,24.1471106,-7.91645603,22.0039159,2.100341245,4.320468887,0.412402003
1.3659924,4.7036023,-2.0868296,1.548222827,23.95519379,-7.872749085,21.88173275,2.030607575,4.296478226,0.398709797
1.3649915,4.663359933,-2.0682217,1.547758962,23.75024158,-7.802549138,21.68548819,2.021899927,4.257945606,0.397000051
1.364000267,4.621888667,-2.0431956,1.547321162,23.53903064,-7.708135964,21.42155534,2.074621843,4.206122391,0.407351999
1.362960133,4.585599433,-2.036046067,1.546765309,23.35421153,-7.681163718,21.34615419,1.965203876,4.191317376,0.385867781
1.3619562,4.546874533,-2.0151053,1.546278159,23.15698769,-7.602162825,21.12530651,1.988827724,4.147953933,0.390506324
1.360982167,4.505519067,-1.9968913,1.545856015,22.94636652,-7.5334489,20.93321614,1.970296928,4.110236988,0.386867802
1.359968,4.464496633,-1.974586567,1.545389292,22.73744147,-7.449302323,20.69798365,1.996604369,4.064049089,0.392033268
1.359013133,4.427605467,-1.964379433,1.544926738,22.54955674,-7.41079501,20.59033612,1.916367166,4.042912497,0.376278693
1.358017267,4.3884739,-1.9481361,1.544453082,22.35026178,-7.3495156,20.41902899,1.888379324,4.009276343,0.37078328
1.3569921,4.3526707,-1.946952067,1.54390571,22.167918,-7.345048729,20.40654182,1.718522725,4.006824486,0.337431937
1.356026533,4.3137955,-1.9280908,1.543458932,21.9699287,-7.273892934,20.20762517,1.719450065,3.967767203,0.33761402
1.354897833,4.2531825,-1.8980646,1.543139113,21.66122995,-7.160616441,19.89095975,1.727416734,3.905589948,0.339178276
1.3537325,4.207614833,-1.884145233,1.54258188,21.42915627,-7.1081044,19.74416189,1.642140923,3.876766186,0.32243437
1.3527981,4.170097167,-1.8767608,1.542148153,21.23808081,-7.080245973,19.66628341,1.528943938,3.861474748,0.300208142
1.351762033,4.1314705,-1.8543477,1.54162756,21.04135727,-6.995690572,19.42990805,1.568595757,3.815062446,0.307993777
1.350791867,4.091949067,-1.832632633,1.541184806,20.84007673,-6.913768564,19.20089437,1.596328907,3.770095609,0.313439181
1.349781533,4.055479367,-1.826422967,1.540661161,20.65433851,-6.890342048,19.13540534,1.476079714,3.757236838,0.289828252
1.348818267,4.012735233,-1.792900967,1.540268315,20.43664494,-6.763877341,18.78187215,1.611919329,3.687820596,0.31650036
1.3478312,3.9794936,-1.798179233,1.539724858,20.26734708,-6.783790068,18.83753835,1.386955274,3.698750655,0.272328668
1.346855533,3.939578533,-1.7730446,1.539281858,20.06406179,-6.688967443,18.57246088,1.448747458,3.646702693,0.284461563
1.345794233,3.902020433,-1.7600022,1.538721771,19.87278041,-6.639763836,18.43491177,1.395015182,3.619694926,0.273911231
1.3448174,3.861946567,-1.739070867,1.538279723,19.66868636,-6.560798531,18.21416357,1.411669329,3.576351017,0.277181273
1.3437671,3.822469667,-1.7166619,1.537756242,19.46763263,-6.476258724,17.97783181,1.446947364,3.529947275,0.284108115
1.342799133,3.787021767,-1.7105406,1.537261328,19.28709838,-6.453165579,17.91327472,1.330970202,3.517271491,0.261335999
1.3417916,3.744820433,-1.676754567,1.536816971,19.07216926,-6.325704782,17.55695695,1.472358844,3.447308498,0.289097659
1.340806,3.7099045,-1.676083667,1.536297324,18.89434428,-6.323173753,17.54988144,1.301609386,3.44591922,0.255571003
1.339793733,3.671229833,-1.6535311,1.535801171,18.69737628,-6.238092202,17.31203522,1.342487602,3.399218116,0.263597441
1.338777867,3.632001367,-1.633544433,1.535308808,18.49758781,-6.162690736,17.10124977,1.353484584,3.357830392,0.265756698
1.337781533,3.598631533,-1.6381481,1.534757796,18.32763704,-6.180058475,17.14980143,1.134982149,3.367363512,0.222853745
1.3367747,3.558963033,-1.614577333,1.534280338,18.1256075,-6.091135675,16.90121697,1.181537071,3.318553953,0.231994804
1.3358097,3.519607933,-1.586716467,1.533840532,17.92517409,-5.986028093,16.60738781,1.27493282,3.260860597,0.250333059
1.334774833,3.483672367,-1.579122733,1.533285226,17.74215618,-5.957380063,16.527302,1.172000727,3.245135747,0.230122343
1.333809067,3.443657233,-1.5515453,1.532853461,17.53836126,-5.853341759,16.23646201,1.259045787,3.188029316,0.24721364
1.3327959,3.410729,-1.557950667,1.532279721,17.37065954,-5.877506571,16.30401495,1.023791123,3.201293336,0.201021387
1.331789367,3.369831167,-1.524244267,1.53181897,17.16236907,-5.750346198,15.94853703,1.170978583,3.131495245,0.229921645
1.330789333,3.3337419,-1.517029533,1.531300548,16.97856837,-5.723127979,15.87244826,1.063266655,3.116555216,0.208772408
1.329840367,3.296017167,-1.501152633,1.530855018,16.78643833,-5.66323097,15.70500565,1.038579222,3.08367786,0.20392503
1.328794767,3.257883167,-1.482338567,1.530318316,16.59222392,-5.592253241,15.50658679,1.042783668,3.044718317,0.204750573
1.327834867,3.2210996,-1.468326167,1.529849293,16.40488719,-5.539390224,15.35880777,1.003225964,3.015701905,0.196983418
1.326797667,3.185259033,-1.455916067,1.529290385,16.22235311,-5.492572025,15.22792709,0.951572566,2.990003483,0.186841273
1.325808167,3.147500267,-1.436247733,1.528804776,16.03004974,-5.418371499,15.02049887,0.966697411,2.949274953,0.189811037
1.324757533,3.1116485,-1.424594267,1.528232584,15.84745862,-5.374407767,14.89759787,0.907007287,2.925143342,0.178090881
1.323767567,3.074377367,-1.4068351,1.527740001,15.65763874,-5.307409741,14.71030431,0.904480971,2.888368251,0.177594839
1.322778467,3.037869867,-1.389567433,1.527238093,15.471708,-5.242265942,14.52819426,0.90066029,2.852610942,0.176844648
1.321759567,3.0009614,-1.373884,1.526711737,15.28373517,-5.183098804,14.36279201,0.878089702,2.82013421,0.172412913
1.3207612,2.965001667,-1.359906233,1.526193253,15.10059418,-5.130366444,14.21537823,0.842362483,2.791189516,0.165397874
1.3197833,2.929422867,-1.345896,1.525690152,14.91939326,-5.077511601,14.06762206,0.808917741,2.762177592,0.158830998
1.3188275,2.891465333,-1.325304667,1.525240895,14.72607758,-4.999828976,13.85045961,0.832764516,2.719537744,0.163513313
1.317790967,2.8556773,-1.3108973,1.524681953,14.54381105,-4.945475912,13.69851514,0.802442448,2.689703449,0.157559575
1.316805767,2.8183329,-1.29259,1.524195114,14.35361803,-4.876410005,13.5054408,0.805323769,2.651793301,0.158125322
1.315806267,2.7824883,-1.2787866,1.52367396,14.17106341,-4.824335459,13.35986595,0.768343994,2.62320968,0.150864343
1.314777167,2.745968433,-1.260037133,1.523132218,13.98506969,-4.753601439,13.16212839,0.780087843,2.584383909,0.153170248
1.313807167,2.711966667,-1.2501402,1.522615972,13.81190052,-4.716264383,13.05775232,0.711294736,2.563889669,0.139662721
1.312777667,2.6762701,-1.235195933,1.522062842,13.63009982,-4.659885816,12.90014555,0.687100813,2.532943579,0.134912245
1.311772667,2.639748567,-1.2167101,1.521545222,13.44409761,-4.590146376,12.70518834,0.696055817,2.49466373,0.13667056
1.310772867,2.604928567,-1.202354133,1.521010095,13.26676123,-4.535987224,12.55378596,0.670121811,2.464935872,0.131578418
1.309806033,2.569886233,-1.190026567,1.520510902,13.0882925,-4.489480389,12.4237757,0.621663351,2.439408358,0.122063599
1.3087988,2.534948533,-1.1752727,1.519969912,12.91035668,-4.433820123,12.26817694,0.599326279,2.408856542,0.117677715
1.307783867,2.499199467,-1.155918333,1.51943205,12.7282886,-4.360804064,12.06405991,0.62137523,2.368778164,0.122007026
1.306808867,2.465693833,-1.149804133,1.518904182,12.55764621,-4.337737705,11.9995777,0.515215049,2.356117082,0.101162475
1.305773367,2.428115033,-1.1199674,1.518370172,12.3662594,-4.225175991,11.68491045,0.638495488,2.294332168,0.125368589
1.304815,2.3947924,-1.113401667,1.517856495,12.19654902,-4.200406182,11.61566624,0.538029324,2.280736066,0.105642058
1.303783333,2.3587516,-1.092007117,1.517305793,12.01299516,-4.119693351,11.39003282,0.580108886,2.236432944,0.11390438
1.3027821,2.323802067,-1.080893933,1.516770961,11.83499907,-4.077767885,11.27282981,0.519315796,2.213420134,0.101967656
1.3017973,2.289605833,-1.067225553,1.51624251,11.66083949,-4.026202714,11.12867893,0.489307102,2.185116107,0.096075449
1.300791133,2.256348767,-1.054207373,1.515680159,11.49146303,-3.977090479,10.99138525,0.457224327,2.158158493,0.089775997
1.2997543,2.222270633,-1.040267227,1.515098098,11.31790493,-3.924500044,10.84436823,0.430683244,2.129291702,0.084564655
1.298798767,2.187499433,-1.02444912,1.514606587,11.14081708,-3.864824839,10.67754567,0.420417946,2.096536093,0.082549064
1.2977962,2.154008633,-1.00870744,1.514050955,10.97025023,-3.80543796,10.51152914,0.415867637,2.063938746,0.081655611
1.2967741,2.1209306,-0.996951237,1.513470281,10.80178559,-3.761086644,10.38754465,0.37138748,2.039594392,0.072921932
1.295745033,2.086689667,-0.979906497,1.51289816,10.62739835,-3.696783856,10.20778564,0.376759249,2.004298711,0.073976679
1.294749167,2.0534209,-0.962858303,1.512346265,10.45796231,-3.63246804,10.02799022,0.387118631,1.96899588,0.076010743
1.2937603,2.0206352,-0.951090543,1.511794923,10.2909865,-3.588073125,9.903883853,0.344249192,1.944627594,0.067593329
1.292778567,1.988807533,-0.943528483,1.51123793,10.12888991,-3.559544586,9.824132072,0.261904376,1.928968332,0.051424924
1.291781267,1.9546279,-0.92234594,1.510696757,9.954814871,-3.479631569,9.600734539,0.311226873,1.885104227,0.061109397
1.290765633,1.922488733,-0.910407667,1.510110021,9.791131822,-3.434593378,9.474829884,0.273448479,1.860382848,0.053691609
1.289802633,1.888230733,-0.890861173,1.509604194,9.616657669,-3.360852504,9.268686631,0.305117579,1.81990662,0.059909837
1.288815633,1.8574326,-0.88575677,1.509028195,9.459804431,-3.341595692,9.214854044,0.202096928,1.809336592,0.039681732
1.2878275,1.824827867,-0.868056637,1.508475172,9.293750276,-3.274820374,9.028183064,0.222713753,1.772683745,0.043729845
1.286769133,1.792973167,-0.854192597,1.507841906,9.131516,-3.222517058,8.881968689,0.206693852,1.743974552,0.040584338
1.2858093,1.760242167,-0.834903163,1.507318868,8.964818776,-3.149745966,8.678536469,0.243428848,1.704030636,0.047797254
1.2848142,1.7277646,-0.819148463,1.506757181,8.799412274,-3.090309968,8.51238262,0.244176195,1.671406327,0.047943996
1.283789333,1.6967747,-0.809643467,1.506145875,8.641582378,-3.054451529,8.412140039,0.18658888,1.651723697,0.036636727
1.2827727,1.665735633,-0.797586323,1.505543458,8.48350208,-3.00896489,8.284981745,0.155666875,1.626756166,0.030565191
1.2817943,1.6351499,-0.786796093,1.504973225,8.327730583,-2.968257794,8.171184704,0.11369242,1.604412117,0.022323507
1.280784267,1.603537933,-0.768174883,1.504385053,8.166732535,-2.898007633,7.97479977,0.149079307,1.565851935,0.029271722
1.279797,1.573117867,-0.757480003,1.503803742,8.01180477,-2.857660253,7.862008318,0.106942993,1.543705333,0.020998257
1.278833633,1.542677933,-0.745033483,1.503246596,7.856775825,-2.810704657,7.730743539,0.083178827,1.517931494,0.016332163
1.277778267,1.5120165,-0.72697546,1.502600406,7.700618793,-2.742579168,7.540298143,0.117467191,1.48053754,0.023064683
1.2767973,1.482761633,-0.720159827,1.502009846,7.551625329,-2.716866589,7.468418405,0.040353465,1.466423954,0.007923403
1.275809533,1.4524329,-0.704629003,1.501426816,7.39716272,-2.658275185,7.304625627,0.049683634,1.434263242,0.009755382
1.274784633,1.422680367,-0.692719283,1.500798964,7.245634666,-2.613344714,7.179022104,0.023759103,1.40960099,0.0046651
1.273786033,1.392769567,-0.677203697,1.500199523,7.093300569,-2.554810792,7.015390016,0.035057093,1.37747183,0.00688346
1.272806733,1.363577867,-0.664080263,1.499609787,6.944628809,-2.50530148,6.876986304,0.024789046,1.350296261,0.004867329
1.2717769,1.335344267,-0.65127357,1.498956731,6.800836601,-2.456987098,6.741923028,0.016060114,1.323776587,0.003153403
1.270825567,1.3059281,-0.63738374,1.498397956,6.651021645,-2.404586487,6.595436664,0.012731522,1.295013989,0.002499834
1.269814233,1.276832033,-0.624610763,1.49777491,6.502836941,-2.356399303,6.460728974,-0.000745493,1.268564134,-0.000146377
1.268819667,1.248734767,-0.61318201,1.497155301,6.359739071,-2.313283321,6.340197872,-0.02331226,1.244897852,-0.004577362
1.2678281,1.220722033,-0.601000887,1.496537564,6.217071726,-2.267328957,6.211732047,-0.037513781,1.219673587,-0.007365831
1.266798667,1.192936967,-0.590283433,1.495878923,6.075563874,-2.226896417,6.09870253,-0.065992115,1.197480242,-0.012957552
1.2658449,1.164822833,-0.577355543,1.495300339,5.932380104,-2.17812481,5.962361078,-0.072834433,1.170709598,-0.014301041
1.264790967,1.1373518,-0.564686733,1.494613007,5.792471607,-2.130330604,5.828751961,-0.079133813,1.144475448,-0.015537924
1.2638234,1.110525233,-0.554089547,1.494003441,5.655845344,-2.090351781,5.716990813,-0.103998928,1.122531146,-0.02042019
1.262806,1.0835147,-0.541158697,1.493346496,5.518282149,-2.041569007,5.580618143,-0.105189453,1.095754372,-0.020653949
1.261795933,1.056397963,-0.52842761,1.492698303,5.380178066,-1.993539857,5.446352238,-0.109027631,1.069391262,-0.021407575
1.2608248,1.030579713,-0.518464337,1.492071714,5.248687106,-1.955952528,5.341276533,-0.135442886,1.048759647,-0.026594211
1.259854033,1.004958037,-0.511105477,1.491442868,5.118197284,-1.928190579,5.263667761,-0.188323937,1.033521165,-0.036977405
1.258866133,0.97865248,-0.494381797,1.490806016,4.984224497,-1.865099018,5.087294755,-0.145923717,0.998890325,-0.028652122
1.2578238,0.953452863,-0.483857513,1.490099972,4.855884203,-1.825395229,4.976302467,-0.163271723,0.977096989,-0.032058403
1.256857967,0.9278481,-0.472981833,1.489475834,4.725480519,-1.784365765,4.861604244,-0.178977184,0.954575993,-0.03514217
1.255817633,0.90293177,-0.461242913,1.488768009,4.59858299,-1.740079652,4.73780203,-0.1820725,0.930267429,-0.035749935
1.2547924,0.878538033,-0.45199745,1.48806831,4.474346999,-1.705200324,4.640296567,-0.208803027,0.911122231,-0.040998474
1.253805967,0.853725453,-0.44046087,1.487413,4.347977863,-1.661677557,4.518628292,-0.213503888,0.887232665,-0.041921488
1.252806933,0.829800683,-0.428496867,1.486733243,4.226130295,-1.616542297,4.39245228,-0.209175445,0.862458005,-0.041071599
1.2517803,0.806690277,-0.422066223,1.486015018,4.108430235,-1.592282127,4.324632763,-0.259055987,0.849141643,-0.050865643
1.250787567,0.783046763,-0.41080191,1.485337808,3.988015092,-1.549786509,4.205835895,-0.260674262,0.825815878,-0.051183391
1.249824167,0.759964487,-0.39848929,1.484682441,3.870458297,-1.503336062,4.075983267,-0.248378428,0.800319314,-0.048769104
1.248867167,0.737324573,-0.38871327,1.48402757,3.755154435,-1.466455163,3.972882392,-0.260581416,0.780075458,-0.051165161
1.247808267,0.714940687,-0.379286,1.483267383,3.641154503,-1.430889954,3.87345954,-0.275158496,0.760553781,-0.054027371
1.2468523,0.692583997,-0.367649307,1.482609767,3.527293082,-1.3869895,3.750735439,-0.266295816,0.736456904,-0.052287184
1.245863767,0.67141328,-0.361661643,1.481903756,3.41947176,-1.364400511,3.687587724,-0.310969424,0.72405785,-0.061058846
1.244819867,0.649586997,-0.349904357,1.481151128,3.308311671,-1.320045108,3.563591809,-0.298133597,0.699711252,-0.058538532
1.2438484,0.628435313,-0.340283633,1.480461931,3.200587285,-1.283750079,3.46212874,-0.304394915,0.679788978,-0.059767942
1.2428178,0.607715787,-0.331075887,1.479707833,3.095063849,-1.249013041,3.365021048,-0.312810659,0.660721883,-0.061420373
1.2418344,0.587228637,-0.322915333,1.478997834,2.990723894,-1.218226632,3.278957375,-0.33108694,0.643823281,-0.065008921
1.240857233,0.567246753,-0.313816947,1.478287325,2.888957236,-1.183902164,3.183003027,-0.33689925,0.624982644,-0.066150168
1.2398875,0.54754329,-0.305265177,1.477580535,2.788608556,-1.151639856,3.092813465,-0.347058368,0.607273924,-0.06814491
1.2388362,0.528006097,-0.296698213,1.476789959,2.68910668,-1.11932023,3.002463668,-0.356210447,0.589533741,-0.069941921
1.237803867,0.508839547,-0.287664143,1.476013403,2.591492471,-1.085238402,2.907187624,-0.358548612,0.57082629,-0.07040102
1.236843,0.49065586,-0.28152721,1.475295198,2.498883932,-1.062086279,2.842465661,-0.386435189,0.558118133,-0.075876549
1.2357223,0.470184257,-0.271264803,1.474447691,2.394623156,-1.023370443,2.734235205,-0.382465508,0.536867083,-0.075097103
1.234731367,0.452238333,-0.262543607,1.473696246,2.303225533,-0.990468958,2.642258817,-0.381886744,0.518807519,-0.074983462
1.2337183,0.43381056,-0.253028143,1.472929098,2.209373873,-0.954571032,2.541905852,-0.375385438,0.499103214,-0.073706931
1.232549167,0.41457828,-0.245225033,1.47201662,2.111424905,-0.925133109,2.459611885,-0.39104044,0.482944794,-0.07678079
1.231523067,0.39670983,-0.235771303,1.471228974,2.020421849,-0.889468078,2.359909978,-0.382341589,0.463368324,-0.075072771
1.230571067,0.380619663,-0.229435813,1.470491697,1.938475494,-0.865566882,2.293093977,-0.397471942,0.450249002,-0.078043616
1.2295697,0.364747217,-0.223521877,1.469702148,1.857637976,-0.843256033,2.230723806,-0.415939289,0.438002619,-0.081669679
1.2285242,0.349000257,-0.215775477,1.468866792,1.777439555,-0.814032054,2.14902792,-0.414441824,0.421961632,-0.081375652
1.227542767,0.333690027,-0.209460793,1.468089673,1.699465376,-0.790209354,2.082431352,-0.425819435,0.408885396,-0.083609646
1.226529567,0.31864951,-0.201672197,1.467277189,1.622864833,-0.760826184,2.000290447,-0.420279073,0.392757029,-0.082521796
1.225547467,0.304561247,-0.196653793,1.466483097,1.551114065,-0.741893814,1.947364842,-0.439104236,0.382365087,-0.086218117
1.224537467,0.290322113,-0.189291133,1.465663118,1.478594924,-0.714117529,1.869715994,-0.433974529,0.367118735,-0.085210899
1.223511967,0.27674247,-0.183659333,1.464818838,1.40943453,-0.692871066,1.810321322,-0.443740251,0.355456592,-0.087128398
1.222553867,0.263378323,-0.1771912,1.464039083,1.341371649,-0.668469461,1.742106424,-0.443588234,0.342062596,-0.08709855
1.221523367,0.250564947,-0.17201193,1.463179577,1.27611381,-0.648930207,1.68748427,-0.454223919,0.331337536,-0.089186866
1.220541633,0.23816501,-0.166946437,1.462363321,1.212961599,-0.629820186,1.634062039,-0.463953899,0.320848081,-0.091097348
1.219567,0.225814903,-0.16028531,1.4615535,1.15006317,-0.604690497,1.563811775,-0.456602065,0.307054442,-0.089653815
1.218538967,0.213900903,-0.154630883,1.460684459,1.089385808,-0.583358673,1.504178475,-0.457646126,0.295345444,-0.089858817
1.217563633,0.202419367,-0.149379543,1.459862347,1.030910958,-0.563547528,1.448796249,-0.46073875,0.284471143,-0.090466054
1.216509267,0.19136975,-0.14476155,1.458955437,0.974635854,-0.54612574,1.400093489,-0.468311094,0.274908357,-0.091952883
1.215522333,0.180488943,-0.13944143,1.458113708,0.919220491,-0.526055118,1.343985889,-0.467618857,0.263891629,-0.091816963
1.214550833,0.17001816,-0.134618057,1.457281941,0.865893354,-0.507858515,1.293117129,-0.470077235,0.253903548,-0.092299665
1.2135014,0.15991875,-0.130048997,1.456367284,0.814457601,-0.490621333,1.244930435,-0.473326293,0.244442091,-0.092937618
1.2125403,0.15015532,-0.125930427,1.455536477,0.764732977,-0.475083663,1.201494746,-0.479615228,0.235913493,-0.09417245
1.211486767,0.140787047,-0.121359343,1.454607964,0.717020864,-0.457838848,1.153286713,-0.479119308,0.226447846,-0.094075076
1.210530533,0.13166476,-0.117215117,1.453773467,0.670561548,-0.442204386,1.10958044,-0.481872351,0.217866119,-0.094615636
1.209507167,0.12288284,-0.113174477,1.452867295,0.625835702,-0.426960715,1.066966624,-0.483984382,0.209498897,-0.095030333
1.2085479,0.114509853,-0.109678363,1.452019766,0.58319253,-0.413771318,1.030095552,-0.48975648,0.202259262,-0.096163685
1.2075179,0.106437833,-0.10597264,1.451097487,0.542082166,-0.399791151,0.991013872,-0.491785165,0.194585574,-0.096562017
1.206546367,0.098547264,-0.102465909,1.450231253,0.501895921,-0.386561697,0.954030818,-0.494988357,0.187323951,-0.097190964
1.205537733,0.090950861,-0.098365423,1.449323994,0.46320785,-0.371092251,0.910785848,-0.490431457,0.178832801,-0.096296217
1.2045221,0.083769088,-0.095432687,1.448404202,0.426631464,-0.360028247,0.879856328,-0.496078322,0.17275979,-0.097404979
1.203555633,0.076810715,-0.092213308,1.447530594,0.391192844,-0.347882854,0.845903776,-0.49756439,0.166093206,-0.097696768
1.202553767,0.070026907,-0.088803411,1.446619258,0.356643273,-0.335018715,0.809941963,-0.496152149,0.159032104,-0.097419475
1.201575033,0.063605514,-0.086158666,1.445726218,0.323939467,-0.32504118,0.782049679,-0.500963672,0.153555455,-0.098364217
1.200549867,0.057416787,-0.083549715,1.44478364,0.292420609,-0.315198685,0.754534897,-0.504967747,0.148152927,-0.099150417
1.199573867,0.051566569,-0.080724145,1.443885711,0.262625764,-0.304538971,0.724735575,-0.50496327,0.14230183,-0.099149538
1.1984279,0.045376509,-0.077811631,1.44282235,0.231100124,-0.293551254,0.694019318,-0.505772653,0.136270693,-0.09930846
1.197241667,0.038815685,-0.075073399,1.441723671,0.197686196,-0.283221031,0.665141088,-0.510308351,0.130600453,-0.100199045
1.1962248,0.032300139,-0.071909102,1.440793755,0.164502872,-0.271283443,0.631769458,-0.510120045,0.124047933,-0.100162071
1.1951596,0.027504508,-0.06937662,1.439792552,0.140078981,-0.26172943,0.605061131,-0.507835609,0.118803753,-0.099713522
1.1942335,0.022813993,-0.067336727,1.438929047,0.116190442,-0.254033752,0.583547796,-0.510210813,0.11457961,-0.100179893
1.193241833,0.018334617,-0.065595891,1.437997158,0.093377218,-0.247466297,0.565188419,-0.51466466,0.110974746,-0.101054406
1.192228633,0.014098055,-0.063219951,1.437040495,0.071800638,-0.238502852,0.54013103,-0.511183851,0.106054728,-0.100370949
1.191248267,0.01008295,-0.061465003,1.43611371,0.051351924,-0.231882156,0.521622816,-0.513124351,0.10242064,-0.100751966
1.1902783,0.006152281,-0.059887309,1.435196198,0.031333237,-0.225930164,0.504983973,-0.516504195,0.099153603,-0.101415599
1.189265767,0.002443123,-0.058236634,1.434233163,0.012442692,-0.219702847,0.487575453,-0.51798622,0.09573544,-0.101706594
1.1882459,-0.001201605,-0.056332992,1.433261935,-0.006119709,-0.212521191,0.46749907,-0.516472238,0.091793442,-0.101409324
1.187234067,-0.004493295,-0.055172499,1.43229403,-0.022884112,-0.208143129,0.455260162,-0.520997733,0.089390333,-0.102297905
1.186203867,-0.007657925,-0.053469619,1.431306062,-0.0390014,-0.201718864,0.437301073,-0.519155932,0.085864066,-0.101936267
1.1851568,-0.010660547,-0.051929228,1.430299065,-0.054293595,-0.195907601,0.421055634,-0.518202688,0.082674274,-0.101749098
1.184199033,-0.013540309,-0.050769843,1.429379729,-0.068960065,-0.191533719,0.408828412,-0.520641935,0.080273459,-0.102228044
1.1832173,-0.016181138,-0.049664825,1.428433237,-0.082409668,-0.187364943,0.39717456,-0.522437687,0.077985225,-0.10258064
1.182198433,-0.018730961,-0.048657966,1.427448398,-0.095395776,-0.183566478,0.386555919,-0.524805155,0.075900255,-0.103045492
1.181236267,-0.021267908,-0.047712463,1.426520087,-0.108316314,-0.179999483,0.376584354,-0.527754127,0.073942338,-0.103624523
1.180218133,-0.023662103,-0.046505789,1.425533904,-0.120509818,-0.175447198,0.3638584,-0.527221677,0.071443597,-0.103519976
1.1792268,-0.025889968,-0.045285913,1.424572302,-0.131856216,-0.170845108,0.350993217,-0.525702893,0.068917518,-0.103221763
1.178212533,-0.027960819,-0.04425971,1.42358567,-0.142402951,-0.166973666,0.340170569,-0.525426979,0.066792491,-0.103167587
1.177227667,-0.029969759,-0.043310359,1.422627613,-0.152634371,-0.163392158,0.330158432,-0.525646262,0.064826608,-0.103210644
1.176203133,-0.03179561,-0.042435058,1.421627446,-0.161933332,-0.160090005,0.320927235,-0.525714026,0.063014063,-0.103223949
1.175224933,-0.033584451,-0.041798151,1.420673118,-0.171043804,-0.157687217,0.314210221,-0.528107484,0.061695177,-0.103693904
1.174215967,-0.035328228,-0.040776487,1.419687422,-0.179924765,-0.153832902,0.303435449,-0.526213673,0.05957955,-0.103322055
1.173198867,-0.036951565,-0.04002949,1.418691985,-0.188192337,-0.151014787,0.295557385,-0.526603181,0.058032692,-0.103398535
1.172235533,-0.038372302,-0.038826827,1.417747612,-0.195428071,-0.146477635,0.282873736,-0.521155265,0.055542258,-0.102328836
1.171241033,-0.039784839,-0.038045918,1.416771962,-0.202622047,-0.143531587,0.274638032,-0.520113539,0.053925178,-0.102124293
1.170224,-0.041086279,-0.03755099,1.415772296,-0.209250211,-0.141664427,0.269418371,-0.521522042,0.052900297,-0.102400853
1.1692313,-0.042241673,-0.036783572,1.414795015,-0.215134571,-0.138769277,0.261324955,-0.519312985,0.051311155,-0.101967105
1.168243833,-0.043336994,-0.036648778,1.413822166,-0.22071298,-0.138260753,0.25990337,-0.523469809,0.051032027,-0.102783297
1.167191867,-0.044588038,-0.036208465,1.412786894,-0.227084482,-0.136599633,0.255259695,-0.525197636,0.050120241,-0.103122556
1.166221833,-0.04564066,-0.035627288,1.411830908,-0.232445429,-0.134407092,0.249130429,-0.524429318,0.04891676,-0.102971697
1.165219933,-0.046621233,-0.03521633,1.410842094,-0.237439436,-0.132856718,0.244796345,-0.525089241,0.048065762,-0.103101272
1.1641894,-0.04766488,-0.034265214,1.409825488,-0.242754671,-0.129268548,0.234765583,-0.520373714,0.046096222,-0.102175379
1.1632087,-0.048463201,-0.034036187,1.408855441,-0.246820477,-0.128404525,0.232350199,-0.522024135,0.045621962,-0.102499439
1.1621934,-0.049253002,-0.033715219,1.407850681,-0.250842891,-0.127193643,0.228965169,-0.522661519,0.044957311,-0.102624589
1.161266067,-0.050000442,-0.033166982,1.406933323,-0.254649563,-0.125125369,0.223183292,-0.520686314,0.043822039,-0.102236758
1.160244467,-0.05062243,-0.032709795,1.405920023,-0.257817314,-0.123400592,0.218361662,-0.519032436,0.042875312,-0.101912019
1.1591867,-0.051283357,-0.032203616,1.404871076,-0.261183382,-0.121490987,0.213023345,-0.517060186,0.041827134,-0.101524767
1.158212433,-0.051899358,-0.031695503,1.40390503,-0.264320643,-0.119574087,0.207664635,-0.514838737,0.040774951,-0.101088586
1.157248733,-0.052358219,-0.031423351,1.402947454,-0.266657596,-0.118547367,0.20479443,-0.514305485,0.040211386,-0.100983882
1.156254967,-0.052739528,-0.031119039,1.401958776,-0.268599584,-0.117399325,0.201585067,-0.51303811,0.039581228,-0.100735033
1.155226533,-0.053309278,-0.03081098,1.400937946,-0.271501289,-0.116237146,0.198336187,-0.512690934,0.03894331,-0.100666865
1.154213033,-0.0537763,-0.030264644,1.399930678,-0.273879808,-0.114176044,0.192574358,-0.509307625,0.037811975,-0.100002552
1.153224533,-0.054138227,-0.029973568,1.398947008,-0.275723081,-0.113077933,0.189504578,-0.508081119,0.037209224,-0.099761728
1.152215233,-0.054450316,-0.029581551,1.397941873,-0.277312532,-0.111599014,0.185370248,-0.505536239,0.036397448,-0.099262041
1.151219667,-0.054875252,-0.029611845,1.396951977,-0.27947671,-0.111713303,0.185689745,-0.508019914,0.036460181,-0.09974971
1.150206433,-0.055172538,-0.029454943,1.395942711,-0.28099077,-0.111121377,0.184035009,-0.507879238,0.036135274,-0.099722088
1.149196533,-0.055464505,-0.029141937,1.394936707,-0.282477744,-0.109940533,0.180733949,-0.506065152,0.035487111,-0.099365893
1.148258267,-0.055738771,-0.029084185,1.394002101,-0.283874564,-0.109722657,0.180124875,-0.506852898,0.035367519,-0.099520567
1.147213233,-0.055866217,-0.028877374,1.392958768,-0.284523641,-0.108942447,0.177943791,-0.505320891,0.034939263,-0.099219757
1.146248633,-0.056110334,-0.028437685,1.391997426,-0.285766915,-0.107283681,0.173306697,-0.501927071,0.03402877,-0.09855338
1.145167067,-0.056231861,-0.028351978,1.390917481,-0.286385848,-0.106960344,0.172402805,-0.501642112,0.033851291,-0.098497429
1.144233333,-0.056313573,-0.028015348,1.389984838,-0.286802002,-0.105690375,0.168852596,-0.498508056,0.033154207,-0.097882057
1.143223833,-0.056481774,-0.027412627,1.388977583,-0.287658638,-0.103416558,0.162496121,-0.493008218,0.031906113,-0.096802164
1.142205933,-0.056557916,-0.027020654,1.387960699,-0.288046427,-0.101937806,0.158362258,-0.489262144,0.031094429,-0.096066622
1.1412193,-0.056616485,-0.027074049,1.386974847,-0.288344716,-0.102139244,0.158925378,-0.490123553,0.031204998,-0.09623576
1.140216067,-0.056700045,-0.027450756,1.385972729,-0.288770281,-0.103560403,0.162898241,-0.494521981,0.03198507,-0.097099391
1.139186933,-0.056820359,-0.027179858,1.384945201,-0.289383037,-0.102538415,0.160041264,-0.492277761,0.031424102,-0.096658738
1.1382434,-0.056892989,-0.026999734,1.384002637,-0.289752934,-0.101858884,0.158141629,-0.490748023,0.031051109,-0.096358374
1.1371987,-0.056994549,-0.026618812,1.382959292,-0.290270174,-0.100421821,0.154124307,-0.48724794,0.030262308,-0.095671133
1.136180567,-0.056965582,-0.026467351,1.381940772,-0.290122648,-0.099850419,0.152526949,-0.485503057,0.029948666,-0.095328525
1.1352197,-0.056899308,-0.02655628,1.380979021,-0.289785117,-0.100185912,0.153464822,-0.486103397,0.030132818,-0.095446402
1.134225267,-0.056870223,-0.026256321,1.3799842,-0.289636992,-0.099054291,0.150301366,-0.482791817,0.029511673,-0.094796173
1.133232233,-0.056874164,-0.026110779,1.378991219,-0.28965706,-0.098505223,0.14876644,-0.481276959,0.02921029,-0.094498731
1.132255033,-0.056796495,-0.026215934,1.378012983,-0.289261496,-0.098901927,0.149875429,-0.481990384,0.029428041,-0.094638812
1.131258467,-0.056697476,-0.026165292,1.377015094,-0.288757201,-0.098710878,0.14934135,-0.48095201,0.029323174,-0.094434927
1.130237467,-0.056662284,-0.02567975,1.375993625,-0.288577966,-0.096879128,0.144220677,-0.475652102,0.02831773,-0.09339429
1.129243067,-0.056580961,-0.025558669,1.37499814,-0.288163793,-0.096422336,0.142943713,-0.473960965,0.028066998,-0.093062235
1.128208633,-0.056425903,-0.025832142,1.373961637,-2.87E-01,-0.097454039,0.145827846,-0.476055397,0.028633298,-0.093473477
1.127249833,-0.05640639,-0.025648228,1.373002577,-0.287274714,-0.096760208,0.143888237,-0.474016409,0.028252455,-0.093073122
1.126214033,-0.056371879,-0.025483963,1.371966316,-2.87E-01,-0.096140501,0.142155841,-0.472108249,0.027912299,-0.092698455
1.1252037,-0.056357728,-0.025614406,1.370955794,-0.287026879,-0.09663261,0.143531536,-0.473411874,0.028182417,-0.092954421
1.1242234,-0.056395536,-0.025205706,1.369975998,-0.287219433,-0.095090753,0.139221262,-0.469294154,0.027336095,-0.092145907
1.1231865,-0.056068341,-0.025217223,1.368934732,-0.285553048,-0.095134204,0.139342727,-0.467749234,0.027359944,-0.091842562
1.12222,-0.055918132,-0.024890859,1.367966227,-0.284788042,-0.093902965,0.13590079,-0.46354229,0.02668412,-0.091016529
1.121212733,-0.055726933,-0.024576087,1.366956409,-0.283814276,-0.09271546,0.132581109,-0.459248843,0.026032301,-0.09017351
1.120197433,-0.055512112,-0.024523459,1.365938242,-0.282720202,-0.092516915,0.132026074,-0.457599735,0.02592332,-0.089849708
1.119195567,-0.055306705,-0.024603662,1.364933635,-0.281674079,-0.092819488,0.132871919,-0.457399457,0.026089401,-0.089810383
1.118235067,-0.055102211,-0.024299582,1.363970406,-0.280632598,-0.091672321,0.129665003,-0.45315106,0.025459723,-0.088976211
1.117218333,-0.054972414,-0.024325083,1.36295194,-0.279971549,-0.091768524,0.129933941,-0.452758949,0.025512529,-0.08889922
1.1161839,-0.054834935,-0.024423579,1.361915672,-0.279271376,-0.092140111,0.130972716,-0.453097551,0.025716493,-0.088965704
1.115224833,-0.054628178,-0.024529427,1.360953846,-0.278218377,-0.09253943,0.132089014,-0.453160851,0.025935678,-0.088978133
1.1142138,-0.054479258,-0.024273638,1.359940826,-0.277459932,-0.091574444,0.12939139,-0.449704781,0.025405999,-0.088299534
1.1132313,-0.054279304,-0.024255357,1.358955657,-0.276441577,-0.091505479,0.129198596,-0.448493632,0.025368144,-0.088061725
1.1122511,-0.054073524,-0.024268421,1.357972711,-0.275393551,-0.091554763,0.129336369,-0.447583379,0.025395196,-0.087882997
1.111183967,-0.053900352,-0.02436078,1.356903267,-0.274511598,-0.091903194,0.130310412,-0.447675469,0.025586449,-0.087901078
1.1102263,-0.053639503,-0.024243929,1.355942119,-0.273183105,-0.091462366,0.129078073,-0.445114637,0.02534448,-0.087398259
1.109229833,-0.053410143,-0.023938124,1.354942592,-0.272014987,-0.090308688,0.125852957,-0.440721403,0.024711228,-0.086535647
1.108220867,-0.053150921,-0.023964247,1.353930166,-0.270694783,-0.090407241,0.126128462,-0.439676704,0.024765323,-0.086330521
1.107244467,-0.052972972,-0.023677622,1.352951391,-0.2697885,-0.089325923,0.123105627,-0.435747587,0.02417179,-0.085559039
1.106194067,-0.052599157,-0.023906289,1.351896002,-0.26788468,-0.090188588,0.125517215,-0.436255355,0.024645305,-0.085658739
1.105224,-0.052324556,-0.023627058,1.350922271,-0.266486151,-0.089135163,0.122572357,-0.431911967,0.024067082,-0.084805915
1.104233833,-0.052186211,-0.0236689,1.349930258,-0.265781569,-0.089293017,0.123013639,-0.431648667,0.024153728,-0.084754216
1.1032281,-0.051963703,-0.023386256,1.348921556,-0.264648347,-0.088226719,0.120032793,-0.4275346,0.023568439,-0.083946419
1.102265867,-0.051629594,-0.023414954,1.347954864,-0.26294675,-0.088334983,0.120335447,-0.426135656,0.023627865,-0.083671736
1.101243,-0.051387642,-0.023498995,1.346928768,-0.261714498,-0.088652035,0.121221769,-0.425789726,0.023801894,-0.083603813
1.100226633,-0.051227865,-0.023342889,1.345910269,-0.260900764,-0.088063113,0.119575432,-0.423329655,0.023478636,-0.083120778
1.099139567,-0.050912649,-0.023238956,1.344818996,-0.259295387,-0.087671016,0.118479323,-0.420628169,0.023263415,-0.082590341
1.098220433,-0.050658498,-0.023310865,1.343896471,-0.258001007,-0.087942298,0.119237693,-0.420092159,0.023412321,-0.082485095
1.097185333,-0.0504128,-0.023486471,1.342858092,-0.256749683,-0.088604786,0.121089684,-0.420692826,0.023775959,-0.082603036
1.0961778,-0.050084379,-0.023013566,1.341846176,-0.255077049,-0.086820713,0.116102291,-0.4140328,0.022796685,-0.08129534
1.095206667,-0.049835452,-0.023173853,1.340871721,-0.253809281,-0.087425407,0.11779272,-0.41445546,0.0231286,-0.08137833
1.094197267,-0.049604299,-0.022960804,1.339859236,-0.252632031,-0.086621662,0.115545844,-0.411031334,0.022687426,-0.080706002
1.093247367,-0.049215979,-0.022586926,1.338904154,-0.250654335,-0.085211173,0.111602809,-0.405110603,0.021913212,-0.079543467
1.0922745,-0.048860573,-0.022643917,1.337926544,-0.248844275,-0.085426177,0.112203854,-0.403901587,0.022031227,-0.079306077
1.091263033,-0.048687668,-0.022424756,1.33691277,-0.247963677,-0.084599374,0.109892519,-0.400709655,0.021577396,-0.078679341
1.090264433,-0.048357273,-0.02255641,1.335909761,-0.246280995,-0.085096049,0.111280978,-0.400415432,0.02185002,-0.07862157
1.089219733,-0.048100783,-0.022790207,1.334861638,-0.244974705,-0.085978071,0.113746679,-0.401574844,0.02233416,-0.078849221
1.088255067,-0.047856183,-0.022902927,1.333893707,-0.243728969,-0.086403317,0.114935459,-0.401517887,0.022567577,-0.078838037
1.087242133,-0.047707791,-0.022850566,1.332878794,-0.242973218,-0.086205778,0.114383237,-0.400209914,0.022459149,-0.078581217
1.0861937,-0.047450154,-0.022662912,1.331826922,-0.241661083,-0.08549784,0.112404188,-0.39691873,0.022070562,-0.077934993
1.085222467,-0.047108336,-0.02231926,1.330851127,-0.239920224,-0.08420138,0.108779922,-0.391553606,0.021358938,-0.07688155
1.08421,-0.046810447,-0.022450217,1.329834685,-0.238403091,-0.084695426,0.110161035,-0.391417585,0.021630119,-0.076854843
1.0832537,-0.046543879,-0.022278142,1.328874828,-0.237045473,-0.084046261,0.108346286,-0.388245219,0.021273793,-0.076231949
1.082239467,-0.046230353,-0.022309258,1.327856411,-0.235448706,-0.084163649,0.108674445,-0.38697661,0.021338227,-0.075982857
1.081225567,-0.045994933,-0.022215308,1.326839369,-0.234249721,-0.083809211,0.107683613,-0.384786793,0.021143677,-0.075552887
1.080205967,-0.045645812,-0.02228953,1.32581511,-0.232471668,-0.084089222,0.108466384,-0.383791511,0.021297375,-0.075357463
1.079239933,-0.045385527,-0.022440937,1.324845603,-0.23114605,-0.084660417,0.110063165,-0.384062674,0.021610902,-0.075410706
1.0782234,-0.04518824,-0.022452063,1.323826437,-0.230141277,-0.084702391,0.110180503,-0.383175239,0.021633942,-0.075236458
1.077244633,-0.044930386,-0.022111816,1.322844229,-0.228828043,-0.083418781,0.106592162,-0.378273664,0.020929371,-0.074274034
1.076219367,-0.044675945,-0.022105416,1.321815567,-0.227532187,-0.083394637,0.106524666,-0.376910312,0.020916118,-0.07400634
1.075249267,-0.044434945,-0.022098896,1.320842251,-0.226304787,-0.083370037,0.106455897,-0.375614143,0.020902615,-0.073751837
1.074230033,-0.044146607,-0.022098566,1.31981917,-0.224836299,-0.083368794,0.106452423,-0.374142182,0.020901933,-0.073462817
1.073248,-0.04392951,-0.022090671,1.318834239,-0.223730632,-0.083339009,0.106369157,-0.372953248,0.020885584,-0.07322937
1.0722563,-0.04369458,-0.021722743,1.317839404,-0.22253415,-0.081950969,0.10248888,-0.367876489,0.020123692,-0.072232549
1.0712194,-0.043444507,-0.021658833,1.316799167,-0.221260538,-0.081709862,0.101814862,-0.365928859,0.019991348,-0.071850132
1.0702402,-0.043155377,-0.021851983,1.315816109,-0.219788016,-0.082438537,0.103851881,-0.366493356,0.020391317,-0.07196097
1.069235133,-0.042942458,-0.021685395,1.3148082,-0.218703631,-0.081810068,0.10209499,-0.36365208,0.020046351,-0.071403086
1.068262267,-0.042676297,-0.022098838,1.313831782,-0.217348089,-0.083369818,0.106455285,-0.366656833,0.020902495,-0.071993069
1.067234167,-0.042387607,-0.022080723,1.312799829,-0.215877807,-0.083301479,0.106264242,-0.364995508,0.020864984,-0.071666868
1.0662196,-0.042198665,-0.022211142,1.311782741,-0.214915535,-0.083793495,0.107639677,-0.365408671,0.021135051,-0.071747993
1.065252033,-0.042098833,-0.021920387,1.310813842,-0.214407093,-0.082696596,0.104573287,-0.361833838,0.020532965,-0.071046074
1.064233867,-0.041809699,-0.021856562,1.309791817,-0.212934551,-0.08245581,0.103900169,-0.359688178,0.020400798,-0.070624774
1.063239067,-0.041585399,-0.021872612,1.308794024,-0.211792204,-0.082516362,0.10406944,-0.358715104,0.020434035,-0.070433711
1.0622407,-0.041357509,-0.021880712,1.307792616,-0.210631573,-0.082546918,0.104154862,-0.357639894,0.020450807,-0.070222593
1.0612388,-0.041163857,-0.021868537,1.306788132,-0.20964531,-0.082500987,0.104026461,-0.35652523,0.020425596,-0.070003729
1.0602154,-0.041059169,-0.021813671,1.305763335,-0.209112142,-0.082294,0.103447827,-0.355413428,0.020311981,-0.069785427
1.0592354,-0.040756942,-0.021859426,1.304779301,-0.207572917,-0.082466616,0.103930377,-0.354356753,0.020406729,-0.069577949
1.058225367,-0.040542924,-0.021921098,1.303766412,-0.206482935,-0.082699281,0.104580792,-0.353917186,0.020534439,-0.06949164
1.057225867,-0.040380772,-0.02141137,1.302764748,-0.205657102,-0.080776286,0.099205042,-0.347715603,0.01947891,-0.068273959
1.056208467,-0.040096528,-0.021111411,1.301743555,-2.04E-01,-0.079644664,0.096041584,-0.343104504,0.018857765,-0.067368569
1.055248733,-0.039785795,-0.021297034,1.300779675,-0.202626915,-0.080344942,0.097999217,-0.34347959,0.019242146,-0.067442218
1.054236633,-0.039555802,-0.021405845,1.299764506,-2.01E-01,-0.080755442,0.099146774,-0.343455806,0.019467469,-0.067437547
1.053243167,-0.039441812,-0.021282073,1.298769518,-0.200875028,-0.0802885,0.097841433,-0.34156992,0.019211165,-0.067067254
1.052238867,-0.039301745,-0.021207447,1.297763348,-0.200161674,-0.080006967,0.097054405,-0.340069538,0.019056632,-0.066772654
1.051213667,-0.039097984,-0.021322015,1.296735429,-0.199123933,-0.080439185,0.098262674,-0.340240066,0.019293876,-0.066806137
1.0502401,-0.038942492,-0.021273394,1.295759788,-0.198332021,-0.08025576,0.097749909,-0.338935389,0.019193195,-0.066549964
1.049239267,-0.03880167,-0.021074233,1.294757075,-0.197614822,-0.079504408,0.095649497,-0.336117778,0.018780779,-0.065996726
1.048226733,-0.038568391,-0.021103636,1.293741429,-0.196426743,-0.079615332,0.095959586,-0.335239788,0.018841665,-0.065824332
1.047257767,-0.038412119,-0.020841911,1.292770376,-0.195630858,-0.07862795,0.093199351,-0.331683668,0.018299693,-0.065126088
1.046245933,-0.03822561,-0.020664307,1.291756054,-0.194680976,-0.077957924,0.091326289,-0.328860724,0.017931917,-0.064571803
1.045260067,-0.037943538,-0.020923711,1.290766423,-0.193244402,-0.078936548,0.094062039,-0.3301599,0.018469081,-0.064826896
1.044253567,-0.037834762,-0.021021245,1.289758472,-0.192690412,-0.079304503,0.095090662,-0.330634533,0.018671051,-0.064920091
1.043256933,-0.037695287,-0.020823488,1.288759977,-0.191980073,-0.07855845,0.093005064,-0.327838596,0.018261544,-0.064371108
1.0422885,-0.037444778,-0.02059473,1.287788201,-0.190704242,-0.077695439,0.090592509,-0.32415021,0.017787839,-0.063646894
1.041200533,-0.037237731,-0.020913649,1.286697471,-0.189649765,-0.078898588,0.093955922,-0.326459146,0.018448245,-0.064100253
1.040231833,-0.037125921,-0.02095119,1.285727279,-0.189080323,-0.079040216,0.094351844,-0.326285626,0.018525985,-0.064066183
1.039227833,-0.03702963,-0.020931481,1.284721994,-0.188589918,-0.078965861,0.094143984,-0.32558736,0.018485171,-0.063929078
1.038211133,-0.036895204,-0.020979616,1.2837035,-0.187905293,-0.079147454,0.09465163,-0.325410382,0.018584848,-0.063894329
1.037201133,-0.036722007,-0.020792947,1.282691189,-0.187023207,-0.07844323,0.092682966,-0.322559632,0.0181983,-0.063334584
1.036218333,-0.036612584,-0.02090503,1.281706928,-0.186465923,-0.078866074,0.09386503,-0.323184413,0.018430399,-0.063457259
1.035261033,-0.036461562,-0.020993455,1.280747613,-0.185696776,-0.079199664,0.094797584,-0.323347819,0.018613506,-0.063489344
1.034209633,-0.036353705,-0.020852797,1.279694774,-0.185147466,-0.07866902,0.093314162,-0.321315087,0.018322236,-0.063090217
1.033256267,-0.036225741,-0.020622728,1.278739699,-0.184495752,-0.077801063,0.090887781,-0.318236992,0.017845816,-0.062485833
1.0322243,-0.035957004,-0.020565428,1.277704146,-0.183127088,-0.077584896,0.090283485,-0.316264031,0.017727162,-0.062098443
1.0312662,-0.035902335,-0.020316287,1.276745317,-0.182848665,-0.076644989,8.77E-02,-0.313358092,0.017211249,-0.061527861
1.030239967,-0.035690757,-0.020484993,1.27571626,-0.181771108,-0.077281445,0.089435186,-0.314059752,0.017560599,-0.061665632
1.029234467,-0.035507288,-0.020313514,1.274708311,-0.18083671,-0.076634525,0.087626716,-0.311316885,0.017205506,-0.06112707
1.0282515,-0.035362336,-0.020292811,1.27372341,-0.180098476,-0.076556422,0.087408376,-0.310360311,0.017162635,-0.060939247
1.0272452,-0.035252257,-0.020684854,1.272715641,-0.179537851,-0.07803544,0.091542984,-0.313934294,0.017974465,-0.061640999
1.0262416,-0.035167807,-0.020665629,1.271710914,-0.179107751,-0.077962912,0.091340231,-0.313301442,0.017934654,-0.061516738
1.025259867,-0.035104702,-0.020513736,1.270728339,-0.178786359,-0.077389883,8.97E-02,-0.311378144,0.01762012,-0.061139098
1.024220133,-0.034919548,-0.020497896,1.269686135,-0.17784338,-0.077330125,0.089571272,-0.310268111,0.017587319,-0.060921144
1.0232463,-0.034866039,-0.020743492,1.268711587,-0.177570862,-0.078256657,0.092161398,-0.312585719,0.018095891,-0.061376206
1.022258167,-0.034771572,-0.020438584,1.267722193,-0.177089746,-0.077106363,0.088945742,-0.308888948,0.017464496,-0.060650345
1.021235033,-0.034602492,-0.020536081,1.266696804,-0.176228633,-0.07747418,0.089973979,-0.30905607,0.017666391,-0.060683159
1.0202328,-0.034525192,-0.020428548,1.265693539,-0.175834948,-0.077068501,0.0888399,-0.307528306,0.017443714,-0.060383183
1.0192479,-0.034353358,-0.020191135,1.264706346,-0.174959806,-0.076172841,0.086336073,-0.304149339,0.016952088,-0.059719723
1.018237133,-0.034260438,-0.0200348,1.263694339,-0.174486572,-0.075583055,0.084687321,-0.302027351,0.016628355,-0.05930307
1.017254067,-0.034111582,-0.020179251,1.262709286,-0.173728453,-0.076128008,0.086210741,-0.302792653,0.016927479,-0.059453337
1.016268033,-0.033922881,-0.020195646,1.261720734,-0.172767409,-0.076189861,0.086383651,-0.302004519,0.01696143,-0.059298587
1.0152212,-0.033818435,-0.020215003,1.260672507,-0.172235472,-0.076262885,0.086587793,-0.301676724,0.017001513,-0.059234225
1.014257233,-0.033780234,-0.020323389,1.259708031,-0.172040917,-0.076671781,0.087730864,-0.30262524,0.017225955,-0.059420466
1.0132511,-0.033671866,-0.020048172,1.258700451,-0.171489006,-0.075633501,0.084828342,-0.299170807,0.016656045,-0.058742188
1.012225867,-0.033577368,-0.020054833,1.257673957,-0.171007729,-0.07565863,0.084898591,-0.29875978,0.016669838,-0.058661483
1.011245967,-0.033469726,-0.020106073,1.25669262,-0.170459516,-0.075851937,0.085438984,-0.298751959,0.016775944,-0.058659947
1.0102232,-0.033442114,-0.019991354,1.255669485,-0.170318888,-0.075419148,0.084229119,-0.297401466,0.016538387,-0.058394778
1.009215233,-0.033360549,-0.019544604,1.25466043,-0.169903484,-0.073733746,0.079517561,-0.292274504,0.015613273,-0.057388099
1.008202767,-0.033106236,-0.019772185,1.253644569,-0.168608281,-0.074592315,0.0819177,-0.29337944,0.01608454,-0.057605053
1.007227633,-0.033034506,-0.020074286,1.252668479,-0.168242964,-0.075732017,0.085103745,-0.296200168,0.01671012,-0.058158903
1.006219533,-0.032943275,-0.020136815,1.251659161,-0.167778331,-0.075967913,0.085763195,-0.296394985,0.016839603,-0.058197155
1.005272433,-0.032857871,-0.019888697,1.250710922,-0.167343372,-0.075031868,0.083146474,-0.293343305,0.01632581,-0.057597958
1.004245433,-0.032758393,-0.019883743,1.249682594,-0.166836735,-0.075013176,0.083094221,-0.292784415,0.01631555,-0.05748822
1.003259167,-0.032569384,-0.019768799,1.248693805,-0.165874124,-0.074579541,0.08188199,-0.290609573,0.016077529,-0.05706119
1.002270367,-0.032561798,-0.019840404,1.247704904,-0.165835486,-0.074849679,0.082637161,-0.291326106,0.016225807,-0.057201881
1.001233467,-0.032493901,-0.019459187,1.246667098,-0.16548969,-0.073411503,0.078616728,-0.286959877,0.015436394,-0.056344572
1.000273143,-0.032306845,-0.019793351,1.245704278,-0.164537026,-0.074672166,0.082140923,-0.289531407,0.01612837,-0.056849492
0.99924173,-0.032275506,-0.020004124,1.244672447,-0.164377418,-0.075467326,0.084363799,-0.291594676,0.016564832,-0.057254615
0.998228967,-0.032250876,-0.019893988,1.243659355,-0.164251977,-0.075051827,0.083202267,-0.290307704,0.016336765,-0.057001918
0.997217177,-0.032168057,-0.019710899,1.242646459,-0.163830188,-0.074361107,0.081271355,-0.287955002,0.015957631,-0.056539965
0.996239303,-0.03215101,-0.019594379,1.241668359,-0.163743366,-0.073921526,0.080042504,-0.286639329,0.015716346,-0.056281632
0.99522823,-0.031969267,-0.019633501,1.24065486,-0.162817761,-0.074069119,0.0804551,-0.286126319,0.015797359,-0.056180903
0.99425713,-0.031862735,-0.019746093,1.239682338,-0.162275197,-0.074493882,0.081642529,-0.286771185,0.016030511,-0.056307522
0.993221323,-0.031785304,-0.019940409,1.238645498,-0.161880844,-0.075226954,0.083691837,-0.28842614,0.016432892,-0.056632473
0.992248813,-0.031712517,-0.019809652,1.237672017,-0.161510143,-0.074733664,0.082312841,-0.286676444,0.016162126,-0.05628892
0.991239447,-0.031621964,-0.019573442,1.236661442,-0.161048964,-0.07384254,0.079821696,-0.283724118,0.01567299,-0.055709231
0.990240773,-0.031481782,-0.019545039,1.235660898,-0.160335026,-0.073735387,0.079522149,-0.282710634,0.015614174,-0.055510233
0.989239953,-0.031422192,-0.019388465,1.234659282,-0.160031537,-0.073144698,0.077870872,-0.280755868,0.015289946,-0.055126415
0.988233127,-0.031392526,-0.019389357,1.23365206,-0.159880446,-0.073148062,0.077880276,-0.280614181,0.015291792,-0.055098595
0.98722698,-0.031262093,-0.019478981,1.232644173,-0.15921616,-0.073486178,0.078825485,-0.280895104,0.015477384,-0.055153754
0.98624885,-0.031200583,-0.01936805,1.231665222,-0.158902894,-0.073067679,0.077655566,-0.279411919,0.01524767,-0.05486253
0.985245487,-0.031187971,-0.019379693,1.23066169,-0.158838659,-0.073111603,0.077778356,-0.279470474,0.01527178,-0.054874028
0.98419871,-0.031068066,-0.01907891,1.229613313,-0.158227991,-0.071976874,0.074606211,-0.275687661,0.01464893,-0.054131272
0.983224033,-0.030997357,-0.01929366,1.228637693,-0.157867874,-0.072787036,0.076871026,-0.277592359,0.015093626,-0.05450526
0.982215443,-0.030928791,-0.019310975,1.227628188,-0.157518672,-0.07285236,0.077053639,-0.27742577,0.015129482,-0.05447255
0.98122702,-0.030863826,-0.019245655,1.226638898,-0.157187806,-0.072605934,0.076364754,-0.276406019,0.01499422,-0.054272322
0.980200373,-0.0308003,-0.019346314,1.225611403,-0.156864275,-0.072985679,0.077426335,-0.277144069,0.015202661,-0.054417238
0.979209127,-0.030662294,-0.019253598,1.224618315,-0.156161418,-0.0726359,0.076448524,-0.2754634,0.015010668,-0.054087239
0.978202603,-0.03055264,-0.019355515,1.223610328,-0.155602954,-0.073020391,0.077523371,-0.275979784,0.015221714,-0.054188631
0.977280297,-0.030476563,-0.019127583,1.222687006,-0.155215496,-0.072160498,0.075119535,-0.27318849,0.014749721,-0.05364056
0.976272047,-0.030435421,-0.019117328,1.221678207,-0.155005962,-0.072121811,0.075011382,-0.272870804,0.014728485,-0.053578182
0.975263693,-0.030401433,-0.019400239,1.2206694,-0.154832863,-0.073189115,0.077995041,-0.275681363,0.015314326,-0.054130036
0.974286753,-0.030323728,-0.019198988,1.219691423,-0.154437117,-0.072429878,0.075872586,-0.273163163,0.014897582,-0.053635587
0.973222257,-0.030241231,-0.019159692,1.218625826,-0.154016965,-0.07228163,0.075458159,-0.272328583,0.01481621,-0.053471717
0.972259143,-0.030254924,-0.018977183,1.217662895,-0.154086702,-0.071593101,0.073533371,-0.270473532,0.014438277,-0.053107478
0.97123279,-0.030116986,-0.01889671,1.216634701,-0.153384191,-0.071289508,0.072684674,-0.268922325,0.014271636,-0.052802899
0.970207317,-0.030025239,-0.018787563,1.215608003,-0.152916929,-0.070877742,0.071533577,-0.267303965,0.014045618,-0.052485134
0.969203373,-0.029973104,-0.019152681,1.214603364,-0.152651408,-0.07225518,0.075384219,-0.270889086,0.014801691,-0.053189072
0.96819089,-0.029884348,-0.018844159,1.213589697,-0.15219938,-0.071091254,0.072130452,-0.267183292,0.014162814,-0.052461439
0.96721937,-0.029847397,-0.018722908,1.212617684,-0.152011191,-0.070633825,0.070851706,-0.265716356,0.013911732,-0.052173406
0.96624444,-0.029749304,-0.018820991,1.211641444,-0.151511605,-0.071003852,0.071886119,-0.266251183,0.014114839,-0.05227842
0.965243577,-0.029639847,-0.018866423,1.21063912,-0.150954147,-0.071175248,0.072365259,-0.266172864,0.014208919,-0.052263042
0.96427393,-0.029592994,-0.018781459,1.209668849,-0.150715528,-0.070854714,0.071469202,-0.26503819,0.014032978,-0.052040249
0.96324897,-0.02952435,-0.018773285,1.208642972,-0.150365928,-0.070823875,0.071382993,-0.264602381,0.014016051,-0.051954677
0.96225955,-0.029477293,-0.018827263,1.207652924,-0.150126268,-0.071027515,0.071952269,-0.264931996,0.014127828,-0.052019397
0.96126187,-0.029463359,-0.018575844,1.206655059,-0.150055303,-0.070079014,0.069300728,-0.262209489,0.013607198,-0.051484833
0.960241657,-0.02938813,-0.018450814,1.205633841,-0.149672167,-0.069607326,0.06798212,-0.260507746,0.013348289,-0.051150696
0.959255237,-0.029323998,-0.018653462,1.204646565,-1.49E-01,-0.070371833,0.070119304,-0.262318311,0.013767925,-0.0515062
0.958207033,-0.029289682,-0.018858592,1.20E+00,-1.49E-01,-0.071145706,0.072282674,-0.264306911,0.014192703,-0.051896662
0.957270623,-0.029254061,-0.018580909,1.202661019,-1.49E-01,-7.01E-02,0.069354138,-0.261196959,0.013617685,-0.051286023
0.956265907,-0.029168628,-0.018686798,1.201655162,-1.49E-01,-7.05E-02,0.070470875,-0.26187859,0.013836956,-0.051419861
0.955415053,-0.029074647,-0.018574825,1.200803054,-0.148075615,-0.070075168,0.069289974,-0.260219048,0.013605086,-0.05109401
0.95494314,-0.028933098,-0.019925521,1.200329252,-0.147354714,-0.07517079,0.083534831,-0.273743004,0.016402064,-0.053749439
0.95475939,-0.029096165,-0.021987893,1.200147678,-0.148185202,-0.082951268,0.105285224,-0.296323885,0.020672754,-0.058183195
0.95572099,-0.031077575,-0.018136634,1.20113572,-0.15827642,-0.068422053,0.064668677,-0.265798556,0.012697695,-0.052189546
