Edisk/V,Idisk/mA,Iring/mA,E-iR vs RHE,jdisk mAcm-2,jring mAcm-2,jCER,jOER,I cer,I OER
0.96014416,-0.05683272,-0.031300108,1.204999208,-0.289445989,-0.118082424,0.118598852,-0.41544049,0.023286885,-0.08157174
0.961158017,-0.028382088,-0.027372381,1.205585025,-0.144548451,-0.103264728,0.0764454,-0.2283895,0.015010054,-0.044844278
0.962301793,-0.014318798,-0.024781095,1.20651722,-0.07292487,-0.093488871,0.048634996,-0.128955515,0.009549482,-0.025320415
0.963353497,-0.006774903,-0.022891177,1.207455425,-0.034504218,-0.086358987,0.028351869,-0.070251736,0.005566889,-0.013793928
0.964259843,-0.001846381,-0.021171925,1.208287622,-0.009403519,-0.079872957,0.009900379,-0.026699547,0.001943939,-0.005242456
0.965304177,0.001452136,-0.020249438,1.209282329,0.007395649,-0.076392796,0,0,0,0
0.966347853,0.004171084,-0.019208102,1.210285099,0.021243108,-0.072464261,0.011175914,0.002671545,0.002194391,0.000524558
0.967299083,0.00638941,-0.018354392,1.211202955,0.032540921,-0.069243567,0.020338159,0.004807113,0.003993398,0.000943877
0.968280433,0.008020912,-0.017921492,1.212159759,0.040850073,-0.067610412,0.024984168,0.008470257,0.004905641,0.001663135
0.96931843,0.009527689,-0.017282985,1.213175086,0.04852401,-0.06520159,0.031836796,0.009291565,0.006251155,0.001824399
0.970342617,0.010759267,-0.016914643,1.214180743,0.05479637,-0.063811986,0.035789948,0.011610773,0.007027356,0.002279775
0.971321167,0.011790376,-0.016324981,1.21514378,0.060047749,-0.061587433,0.042118365,0.010533735,0.008269941,0.002068299
0.972281633,0.012769206,-0.016194498,1.216089521,0.065032879,-0.061095174,0.043518747,0.014118483,0.008544906,0.002772164
0.973311083,0.013572227,-0.015688731,1.217106889,0.069122622,-0.059187126,0.048946772,0.012780201,0.009610699,0.002509392
0.974306623,0.014308528,-0.015380543,1.218091352,0.072872565,-0.058024458,0.052254334,0.013222582,0.010260138,0.002596254
0.975305,0.014918744,-0.015192271,1.219080547,0.075980362,-0.057314186,0.054274918,0.014309795,0.01065688,0.002809728
0.97634246,0.015488244,-0.014870165,1.220109439,0.078880796,-0.056099011,0.057731856,0.013753291,0.01133565,0.002700459
0.977291267,0.015985794,-0.014491718,1.22105076,0.081414788,-0.054671288,0.061793448,0.012225691,0.012133144,0.002400514
0.978306393,0.016416806,-0.014459005,1.222059402,0.083609913,-0.054547876,0.062144532,0.014069732,0.012202079,0.002762592
0.9792881,0.016932189,-0.014188373,1.223033355,0.08623473,-0.053526889,0.06504904,0.013790042,0.012772379,0.002707675
0.980284693,0.01745759,-0.013888397,1.224022044,0.088910568,-0.052395204,0.068268463,0.013246456,0.013404513,0.002600942
0.981274903,0.017820807,-0.013806088,1.225006789,0.090760413,-0.052084688,0.069151821,0.014212942,0.01357796,0.002790711
0.982311507,0.018178925,-0.013651925,1.226038005,0.092584287,-0.051503093,0.070806346,0.014382292,0.013902826,0.002823963
0.98327301,0.018536501,-0.013503812,1.226994128,0.094405404,-0.050944325,0.072395932,0.014613823,0.014214941,0.002869424
0.984256107,0.018846568,-0.013539472,1.22797256,0.095984556,-0.051078856,0.072013216,0.016575692,0.014139795,0.003254637
0.9853486,0.019210219,-0.013311905,1.229059582,0.097836611,-0.050220336,0.074455537,0.015985425,0.014619345,0.003138738
0.986365317,0.019466259,-0.013148806,1.230072447,0.099140609,-0.049605033,0.076205956,0.015539005,0.014963039,0.003051084
0.98724832,0.019658134,-0.013030496,1.230952563,0.100117819,-0.049158697,0.077475693,0.015246477,0.015212352,0.002993646
0.988281607,0.019940503,-0.012933396,1.231981602,0.10155591,-0.048792378,0.078517799,0.015642462,0.01541697,0.003071397
0.989361703,0.020190175,-0.012609231,1.233057942,0.102827475,-0.047569438,0.081996825,0.013435001,0.016100077,0.002637962
0.990332483,0.020431073,-0.012832611,1.234025098,0.104054355,-0.048412161,0.079599443,0.017059263,0.015629351,0.003349586
0.991255543,0.020554691,-0.012191137,1.234946298,0.104683939,-0.045992141,0.086483928,0.010804362,0.016981119,0.002121436
0.99227045,0.020776397,-0.012703983,1.235957869,0.105813072,-0.0479269,0.080979916,0.017437507,0.015900407,0.003423854
0.99333318,0.021041817,-0.012615114,1.237016606,0.107164842,-0.047591632,0.081933686,0.017835507,0.016087679,0.003502002
0.99435804,0.021308279,-0.012478742,1.238037457,0.108521918,-0.047077158,0.083397264,0.017729005,0.016375053,0.00348109
0.995324633,0.021497484,-0.012224987,1.239001204,0.109485531,-0.046119843,0.086120639,0.015969243,0.016909788,0.003135561
0.996264217,0.021624368,-0.012269317,1.239938878,0.110131743,-0.046287083,0.085644876,0.017091218,0.016816371,0.003355861
0.997259737,0.021861817,-0.012097183,1.240930826,0.111341061,-0.045637692,0.087492266,0.016453146,0.017179106,0.003230575
0.99834967,0.022036275,-0.012089009,1.242018134,0.112229566,-0.045606857,0.087579986,0.017253931,0.01719633,0.003387809
0.999296407,0.022177616,-0.012054475,1.242962744,0.112949405,-0.045476573,0.087950618,0.017603138,0.017269104,0.003456376
1.000269597,0.022288072,-0.011960775,1.243934273,0.113511955,-0.045123082,0.088956231,0.017160075,0.017466556,0.003369381
1.0013103,0.022480611,-0.011891985,1.244972079,0.114492544,-0.044863565,0.089694504,0.017402391,0.017611516,0.003416959
1.0023359,0.0226363,-0.011992971,1.245995337,0.11528546,-0.045244544,0.088610694,0.019279117,0.01739871,0.003785455
1.003317967,0.02270913,-0.011898275,1.246976308,0.115656377,-0.044887292,0.089627006,0.018633722,0.017598263,0.003658731
1.004296567,0.022757052,-0.011753358,1.247954187,0.115900441,-0.044340581,0.091182291,0.017322501,0.017903643,0.003401273
1.0053561,0.023042395,-0.011753463,1.249009427,0.117353678,-0.044340979,0.091181162,0.018776867,0.017903421,0.003686838
1.006308067,0.023184283,-0.011810305,1.249959259,0.118076308,-0.044555418,0.090571123,0.020109536,0.01778364,0.003948507
1.007267733,0.023330341,-0.011704659,1.250916728,0.118820175,-0.04415686,0.091704943,0.019719583,0.018006266,0.00387194
1.0083078,0.023479087,-0.011728482,1.251954557,0.119577727,-0.044246736,0.091449264,0.020732814,0.017956063,0.004070888
1.009373067,0.023673717,-0.011488329,1.253016896,0.120568969,-0.043340736,0.094026657,0.019146663,0.018462134,0.003759447
1.0102827,0.023822545,-0.011445795,1.25392429,0.121326943,-0.043180272,0.094483146,0.019448148,0.018551766,0.003818644
1.011258067,0.023936537,-0.011431009,1.254897941,0.121907497,-0.04312449,0.094641834,0.019870014,0.018582924,0.003901477
1.012383067,0.024057231,-0.011542043,1.256021126,0.122522187,-0.043543378,0.09345018,0.021676357,0.018348943,0.004256153
1.013357333,0.02412108,-0.011357585,1.256994432,0.122847366,-0.042847495,0.095429831,0.020021886,0.018737647,0.003931297
1.014276133,0.024293723,-0.011318296,1.257910634,0.123726628,-0.042699273,0.095851495,0.020479484,0.018820441,0.004021147
1.015275867,0.024422928,-0.011180942,1.258908424,0.124384658,-0.042181092,0.097325619,0.019663391,0.019109885,0.003860907
1.016296467,0.02442666,-0.011252028,1.259928968,0.124403669,-0.042449271,0.0965627,0.02044532,0.018960086,0.004014439
1.017313167,0.024547152,-0.011082233,1.260943855,0.125017328,-0.041808702,0.098384993,0.019236686,0.019317893,0.003777123
1.018262033,0.024777607,-0.011229081,1.261889254,0.126191021,-0.0423627,0.096808977,0.021986395,0.019008443,0.004317029
1.019267133,0.024876453,-0.011064721,1.262892867,0.12669444,-0.041742636,0.098572939,0.020725853,0.019354796,0.004069521
1.0202973,0.025008319,-0.011080441,1.26392105,0.127366025,-0.041801944,0.09840422,0.021566156,0.019321669,0.004234515
1.0212784,0.025097972,-0.011054117,1.264900801,0.127822623,-0.041702633,0.098686739,0.021740235,0.019377141,0.004268695
1.0223347,0.025270171,-0.011075842,1.26595451,0.128699625,-0.041784592,0.098453581,0.022850395,0.019331361,0.004486675
1.023261167,0.025463563,-0.011066282,1.266878067,0.129684556,-0.041748525,0.098556185,0.023732722,0.019351507,0.00465992
1.0242702,0.025471409,-0.010916632,1.267886983,0.129724516,-0.041183961,0.100162261,0.022166606,0.01966686,0.004352413
1.025332133,0.025631815,-0.010951521,1.268946503,0.130541458,-0.041315581,0.099787827,0.023357982,0.01959334,0.00458634
1.026285567,0.025631045,-0.010888181,1.269899948,0.130537533,-0.041076624,0.100467613,0.022674271,0.019726816,0.004452093
1.027250367,0.025865881,-0.010576481,1.270861214,0.13173354,-0.039900709,0.103812862,0.020525029,0.020383656,0.004030089
1.0283078,0.02597765,-0.010729399,1.271916966,0.132302776,-0.040477606,0.102171703,0.022735423,0.020061414,0.0044641
1.029325633,0.02595565,-0.010951022,1.272935131,0.132190733,-0.041313697,0.099793186,0.025001897,0.019594392,0.004909123
1.030264133,0.026060752,-0.010781269,1.273872049,0.13272601,-0.040673291,0.101615017,0.023715344,0.019952108,0.004656508
1.031282967,0.026357519,-0.010543992,1.274886418,0.134237426,-0.039778143,0.104161539,0.022680238,0.020452118,0.004453265
1.032359467,0.026360767,-0.010752547,1.275962869,0.134253972,-0.040564934,0.101923273,0.02493505,0.020012635,0.004895997
1.0332963,0.026513597,-0.010891354,1.276897403,0.135032323,-0.041088594,0.10043356,0.027203115,0.019720129,0.005341332
1.034238033,0.026671529,-0.010681366,1.27783676,0.135836664,-0.040296397,0.102687207,0.025753808,0.020162633,0.00505676
1.035342133,0.026824009,-0.010617114,1.278938566,0.136613238,-0.040054002,0.103376772,0.025840817,0.020298029,0.005073844
1.036321033,0.02702053,-0.010546359,1.279914509,0.137614106,-0.039787072,0.104136138,0.026082319,0.020447131,0.005121263
1.037252267,0.027044425,-0.010691921,1.280845383,0.137735802,-0.040336218,0.102573923,0.027766229,0.02014039,0.005451899
1.0382683,0.027112447,-0.010484184,1.281860393,0.138082236,-0.039552509,0.104803422,0.025883165,0.020578152,0.00508216
1.0392869,0.027239788,-0.010697829,1.282877077,0.138730775,-0.040358507,0.102510516,0.02882461,0.02012794,0.005659712
1.040376933,0.027347205,-0.010546135,1.283965495,0.139277847,-0.039786228,0.104138538,0.02774366,0.020447602,0.005447468
1.041283167,0.027453053,-0.010780926,1.284870135,0.139816924,-0.040671997,0.101618699,0.030802576,0.019952832,0.006048086
1.042299833,0.02746544,-0.010627956,1.285886616,0.139880008,-0.040094905,0.103260412,0.029223948,0.020275182,0.005738122
1.0432751,0.027678002,-0.010765805,1.286858684,0.140962575,-0.040614951,0.101780982,0.031785944,0.019984696,0.00624117
1.0443662,0.02792722,-0.010675246,1.287946035,0.142231829,-0.04027331,0.102752885,0.032083296,0.020175529,0.006299555
1.045320933,0.027963465,-0.010400114,1.288900223,0.142416425,-0.03923535,0.105705678,0.029315098,0.02075531,0.00575602
1.046218267,0.028100958,-0.010706013,1.289795488,0.143116671,-0.040389379,0.102422691,0.033298331,0.020110695,0.006538127
1.047282333,0.028254313,-0.010598001,1.290857247,0.143897696,-0.039981894,0.103581906,0.032920141,0.020338307,0.00646387
1.0483931,0.028432554,-0.010458408,1.291965332,0.144805472,-0.039455267,0.105080058,0.032329764,0.020632469,0.006347949
1.049347233,0.028597106,-0.010694821,1.29291699,0.145643523,-0.040347158,0.1025428,0.035705073,0.020134279,0.007010691
1.050216167,0.028680678,-0.010524864,1.293784666,0.14606915,-0.03970598,0.104366828,0.034306673,0.020492427,0.006736115
1.051314533,0.028750127,-0.010505177,1.294881988,0.14642285,-0.039631707,0.104578119,0.034449082,0.020533914,0.006764077
1.0524102,0.028954846,-0.010576916,1.295974574,0.147465477,-0.039902351,0.10380819,0.036261638,0.020382738,0.007119973
1.053306967,0.02906014,-0.010609039,1.296869757,0.14800173,-0.040023537,0.10346344,0.037142641,0.020315046,0.007292958
1.054266433,0.029124966,-0.010612873,1.297828248,0.148331887,-0.040038003,0.103422287,0.037513951,0.020306966,0.007365864
1.055352233,0.029145392,-0.010602247,1.298913741,0.148435915,-0.039997913,0.103536335,0.037503931,0.020329359,0.007363897
1.056276567,0.029430032,-0.010608866,1.299833792,0.149885573,-0.040022886,0.103465293,0.039024632,0.02031541,0.007662486
1.0572905,0.029645826,-0.010627049,1.300844479,0.150984599,-0.040091482,0.103270149,0.040318801,0.020277094,0.007916597
1.058317833,0.029743183,-0.010605368,1.301870347,0.151480435,-0.040009687,0.10350284,0.040581946,0.020322783,0.007968265
1.059301033,0.029913407,-0.010442635,1.302850986,0.152347373,-0.039395761,0.105249339,0.039702385,0.020665708,0.007795563
1.0602731,0.03015223,-0.010458806,1.30381946,0.153563689,-0.03945677,0.105075782,0.041092258,0.02063163,0.008068465
1.061286067,0.03025298,-0.010487151,1.304830911,0.154076802,-0.039563706,0.10477157,0.041909582,0.020571898,0.008228946
1.0623035,0.030465113,-0.010503666,1.305845152,0.155157185,-0.03962601,0.104594327,0.043167209,0.020537096,0.008475882
1.063271067,0.030582697,-0.010678998,1.30681095,0.155756033,-0.040287462,0.102712625,0.045647759,0.020167624,0.008962937
1.064321,0.030671136,-0.010480999,1.307859553,0.156206446,-0.039540493,0.104837605,0.043973192,0.020584864,0.008634136
1.065309067,0.030879978,-0.010529086,1.308844477,0.15727007,-0.039721908,0.104321517,0.045552905,0.02048353,0.008944313
1.0662745,0.031033193,-0.010638319,1.309807606,0.158050383,-0.040134,0.103149193,0.04750554,0.020253344,0.009327713
1.067292733,0.03114586,-0.010533565,1.310824144,0.15862419,-0.039738804,0.10427345,0.046955091,0.020474092,0.009219632
1.068334267,0.03126265,-0.010590294,1.31186392,0.159218998,-0.039952819,0.103664619,0.04815873,0.020354548,0.009455967
1.069292767,0.031510397,-0.010563547,1.312818693,0.160480759,-0.039851915,0.10395167,0.04913344,0.02041091,0.009647351
1.070216333,0.031721751,-0.010372922,1.31373908,0.161557173,-0.039132766,0.105997511,0.048164014,0.020812611,0.009457004
1.071365367,0.031874664,-0.010330162,1.314885812,0.162335949,-0.038971449,0.106456425,0.048483876,0.020902719,0.009519809
1.072318867,0.032144211,-0.010608272,1.315835257,0.163708741,-0.040020645,0.103471668,0.052841424,0.020316662,0.010375414
1.073214467,0.032331634,-0.010448311,1.316728037,0.164663273,-0.039417176,0.105188417,0.052079207,0.020653746,0.010225752
1.0742615,0.032503699,-0.010472898,1.317772482,0.165539593,-0.039509931,0.104924548,0.053219396,0.020601935,0.010449628
1.0753481,0.032801548,-0.010388034,1.318854601,0.167056522,-0.039189775,0.105835329,0.053825543,0.020780767,0.010568645
1.076309733,0.03293878,-0.010618775,1.319814169,0.167755437,-0.040060269,0.103358945,0.057000843,0.020294529,0.011192115
1.0772153,0.033118306,-0.010552817,1.320717035,0.168669751,-0.039811435,0.104066828,0.057207274,0.020433522,0.011232648
1.078317333,0.033353399,-0.010614404,1.321815531,0.169867069,-0.040043775,0.103405866,0.059065555,0.020303742,0.011597522
1.079292,0.033596706,-0.010565575,1.322786538,0.171106217,-0.039859564,0.103929911,0.059780657,0.020406638,0.011737932
1.0802857,0.033708184,-0.010473069,1.32377856,0.171673968,-0.03951058,0.104922703,0.059355617,0.020601573,0.011654475
1.081273867,0.033942832,-0.010569756,1.324763197,0.172869021,-0.039875338,0.103885038,0.061588335,0.020397827,0.01209287
1.082225733,0.034270241,-0.01063173,1.325710138,0.174536494,-0.040109142,0.103219911,0.063920935,0.02026723,0.012550875
1.0832857,0.034491078,-0.010528766,1.326766782,0.175661209,-0.039720701,0.104324951,0.063940609,0.020484204,0.012554739
1.084335,0.0347519,-0.010650765,1.327812158,0.176989559,-0.040180951,0.103015629,0.066578281,0.020227119,0.013072646
1.0852767,0.035024511,-0.010731401,1.328749756,0.178377954,-0.04048516,0.102150214,0.068832091,0.020057195,0.013515181
1.086242233,0.035305891,-0.010628302,1.329711056,0.179811008,-0.040096209,0.103256703,0.069158656,0.020274454,0.013579302
1.0872776,0.035621242,-0.010749814,1.330741678,0.181417072,-0.040554622,0.101952608,0.072068815,0.020018395,0.014150712
1.088291267,0.035838675,-0.010545275,1.331752074,0.182524444,-0.039782981,0.104147774,0.070981022,0.020449415,0.013937124
1.0892938,0.036140725,-0.010843726,1.332750063,0.184062771,-0.040908914,0.100944715,0.075722407,0.019820495,0.014868095
1.090258967,0.036323742,-0.010699102,1.333712476,0.184994866,-0.040363309,0.102496854,0.075102364,0.020125257,0.014746349
1.091328233,0.03663316,-0.010600603,1.334777087,0.186570714,-0.03999171,0.103553981,0.075621084,0.020332824,0.0148482
1.0922857,0.036952315,-0.010629458,1.335729752,0.188196157,-0.04010057,0.103244296,0.077556212,0.020272018,0.015228162
1.093258533,0.037097433,-0.010886043,1.336700402,0.188935233,-0.041068557,0.100490561,0.081049023,0.019731322,0.015913976
1.094334367,0.037447494,-0.010794708,1.337770969,0.190718073,-0.04072399,0.101470789,0.081851635,0.019923789,0.016071569
1.0953196,0.037802906,-0.010628979,1.338750855,0.192528169,-0.040098761,0.103249442,0.081883078,0.020273028,0.016077742
1.096222867,0.038085948,-0.010889225,1.339649864,0.193969688,-0.041080564,0.100456404,0.086117636,0.019724615,0.016909198
1.097226467,0.038411152,-0.010877697,1.340648571,0.195625932,-0.041037072,0.10058013,0.087650153,0.019748909,0.017210107
1.098357433,0.03874364,-0.010800926,1.341774535,0.197319277,-0.040747447,0.101404058,0.08851957,0.019910687,0.017380817
1.099282567,0.039129534,-0.010903557,1.342693863,0.199284616,-0.041134633,0.100302589,0.091586378,0.019694413,0.017982985
1.100196033,0.039337342,-0.01096093,1.343604203,0.200342969,-0.041351078,0.099686844,0.093260476,0.019573512,0.018311694
1.101305867,0.039835067,-0.010737729,1.344706548,0.202877856,-0.04050903,0.102082308,0.093399899,0.020043861,0.01833907
1.102358567,0.040061458,-0.010525904,1.345755842,0.204030851,-0.039709903,0.104355666,0.092279536,0.020490235,0.018119087
1.103291533,0.04035138,-0.010929974,1.346684447,0.20550741,-0.041234291,0.100019081,0.098092681,0.019638747,0.019260498
1.104277133,0.040718543,-0.010906482,1.347664523,0.207377352,-0.041145668,0.100271196,0.099710507,0.019688249,0.019578158
1.105253633,0.041052954,-0.010931602,1.348635992,0.209080487,-0.041240435,0.100001604,0.101683234,0.019635315,0.019965503
1.106257433,0.041251643,-0.01098914,1.349636802,0.210092403,-0.041457502,0.099384088,0.103312666,0.019514066,0.020285442
1.107352233,0.041732567,-0.011097823,1.350724367,0.212541721,-0.04186752,0.098217669,0.106928403,0.019285039,0.020995392
1.1082864,0.042130417,-0.011148902,1.351652548,0.214567948,-0.042060218,0.097669482,0.109502818,0.019177403,0.021500878
1.1092148,0.042395185,-0.011027846,1.352576964,0.215916398,-0.041603525,0.098968682,0.109552067,0.019432501,0.021510548
1.1102873,0.042811049,-0.011335198,1.353643208,0.218034374,-0.042763035,0.095670102,0.114968623,0.018784825,0.022574089
1.111356733,0.043185977,-0.011277646,1.354707,0.21994386,-0.042545915,0.096287768,0.116260444,0.018906103,0.022827738
1.1122961,0.043570995,-0.011386857,1.355640574,0.221904738,-0.042957923,0.095115684,0.119393405,0.018675965,0.023442895
1.113261867,0.043997609,-0.011372972,1.356599923,0.22407746,-0.042905543,0.095264694,0.121417117,0.018705223,0.023840251
1.114335267,0.044264262,-0.011549969,1.357669311,0.225435508,-0.043573277,0.093365122,0.124674737,0.018332242,0.024479885
1.115312633,0.044606671,-0.011328063,1.358641526,0.227179377,-0.042736118,0.095746678,0.12403705,0.01879986,0.024354675
1.1162661,0.04497844,-0.011437225,1.359589399,0.229072777,-0.043147943,0.094575114,0.127102013,0.018569824,0.02495648
1.117268967,0.045287158,-0.011449712,1.360587621,0.230645064,-0.043195049,0.094441108,0.128808307,0.018543512,0.025291511
1.118329233,0.045616336,-0.011354428,1.361642936,0.232321548,-0.042835583,0.095463718,0.129462181,0.018744301,0.025419899
1.119242067,0.045854098,-0.011569802,1.362552192,0.233532457,-0.043648102,0.093152262,0.132984547,0.018290447,0.026111516
1.1202691,0.046306533,-0.011707374,1.363572418,0.235836684,-0.044167104,0.091675801,0.136765235,0.018000543,0.026853854
1.121361767,0.046740701,-0.011693417,1.364658553,0.238047877,-0.044114448,0.091825598,0.13882663,0.018029956,0.027258609
1.122296433,0.047082907,-0.011745553,1.365588071,0.239790717,-0.044311135,0.09126606,0.141129009,0.017920091,0.027710681
1.1232726,0.047452811,-0.011723622,1.366558672,0.241674617,-0.044228401,0.091501423,0.142777545,0.017966304,0.028034371
1.124284,0.047902691,-0.011836351,1.367563304,0.243965831,-0.04465368,0.090291588,0.146278595,0.017728753,0.028721802
1.125337833,0.048376373,-0.011993289,1.368610011,0.246378267,-0.045245743,0.088607284,0.150375334,0.01739804,0.029526197
1.126313233,0.048695566,-0.011992128,1.369580609,0.248003899,-0.045241364,0.088619742,0.151988508,0.017400486,0.029842944
1.127292067,0.049011397,-0.012066151,1.37055469,0.249612412,-0.04552062,0.087825311,0.154391452,0.0172445,0.030314762
1.128269967,0.049293111,-0.012086811,1.371528352,0.251047164,-0.045598561,0.087603584,0.156047931,0.017200964,0.030640011
1.1292902,0.049695467,-0.012269001,1.372542532,0.253096343,-0.04628589,0.085648268,0.160052426,0.016817037,0.031426294
1.1303918,0.050037682,-0.012279181,1.373638983,0.254839226,-0.046324296,0.085539009,0.161904567,0.016795585,0.031789962
1.131317333,0.050323119,-0.012425702,1.374560222,0.256292939,-0.046877058,0.083966512,0.164930779,0.016486825,0.032384158
1.132196333,0.050599214,-0.012485741,1.375435068,0.257699078,-0.047103562,0.083322152,0.166981277,0.016360305,0.032786774
1.133280833,0.051088666,-0.012649141,1.376512204,0.260191831,-0.04772,0.081568504,0.171227678,0.016015976,0.033620554
1.1344036,0.051497961,-0.01269637,1.377628813,0.262276348,-0.047898179,0.081061622,0.173819077,0.01591645,0.034129376
1.135264767,0.051885183,-0.012807091,1.378484154,0.264248448,-0.048315882,0.079873337,0.176979461,0.01568313,0.034749917
1.1361881,0.05224723,-0.01286199,1.37940204,0.266092335,-0.048522995,0.079284141,0.179412546,0.015567441,0.035227653
1.137297767,0.052777278,-0.012860023,1.380503733,0.268791839,-0.048515574,0.079305252,0.182090938,0.015571586,0.035753556
1.138370233,0.053220726,-0.013029913,1.381569528,0.2710503,-0.049156499,0.077481948,0.186172703,0.01521358,0.03655501
1.139254067,0.053569563,-0.013143253,1.382448113,0.272826906,-0.049584082,0.076265556,0.189165702,0.014974742,0.037142685
1.140291133,0.053997951,-0.013265781,1.383478734,0.275008665,-0.050046331,0.074950548,0.192662468,0.01471654,0.037829276
1.141308567,0.054378002,-0.013338251,1.38449045,0.276944241,-0.050319729,0.074172783,0.195375809,0.014563826,0.03836204
1.142284933,0.054841893,-0.013600018,1.385459837,0.279306816,-0.051307271,0.071363419,0.200547748,0.014012207,0.03937755
1.143346567,0.055270136,-0.013738227,1.386515027,0.281487831,-0.051828676,0.069880123,0.204212059,0.013720962,0.040097038
1.144362667,0.055616866,-0.013937287,1.387525911,0.283253709,-0.052579645,0.067743764,0.208114296,0.013301488,0.040863242
1.145272933,0.056090067,-0.013881039,1.388429058,0.285663696,-0.052367445,0.068347431,0.209920616,0.013420018,0.041217913
1.146246233,0.056637034,-0.014056923,1.389394129,0.288449369,-0.053030983,0.066459795,0.214593925,0.013049381,0.042135517
1.147347067,0.0571579,-0.014035608,1.390487126,0.291102115,-0.052950572,0.066688548,0.217017918,0.013094296,0.042611468
1.148347233,0.057685044,-0.014360825,1.391479362,0.293786828,-0.05417748,0.063198237,0.223192942,0.012408974,0.043823934
1.1492628,0.058194604,-0.014565457,1.392387262,0.296381991,-0.054949475,0.061002059,0.227984283,0.011977754,0.044764714
1.1503011,0.058779806,-0.014798765,1.393416758,0.299362394,-0.055829648,0.058498141,0.233468604,0.01148611,0.04584156
1.151324167,0.059404612,-0.0150428,1.394430424,0.302544495,-0.056750291,0.055879089,0.239269757,0.010971859,0.046980617
1.152324633,0.059927414,-0.015298984,1.395423025,0.305207098,-0.057716769,0.053129649,0.2446818,0.010432007,0.048043271
1.153321567,0.060510458,-0.015263046,1.396411187,0.30817651,-0.057581189,0.053515347,0.247265514,0.010507738,0.048550584
1.154306533,0.061088197,-0.015752541,1.397387461,0.311118903,-0.059427855,0.048261945,0.25546131,0.009476233,0.050159828
1.155220367,0.061704856,-0.016011062,1.398292017,0.314259514,-0.060403145,0.045487435,0.261376431,0.008931458,0.051321262
1.156324033,0.062375583,-0.016128308,1.399385593,0.317675491,-0.060845467,0.044229116,0.266050727,0.008684387,0.05223906
1.157353567,0.062969015,-0.016351023,1.400406198,0.320697812,-0.061685678,0.041838879,0.271463284,0.008215064,0.053301816
1.158313633,0.06365425,-0.016797151,1.401355955,0.324187675,-0.063368738,0.037050902,0.279741124,0.007274945,0.05492717
1.159211867,0.064487651,-0.017002527,1.40224165,0.328432142,-0.064143537,0.03484675,0.286189743,0.006842159,0.056193356
1.160297633,0.06523593,-0.01735643,1.403316159,0.332243088,-0.065478665,0.031048571,0.293798868,0.006096387,0.057687408
1.1613659,0.066092835,-0.017630986,1.404371533,0.336607257,-0.066514452,0.02810196,0.301109649,0.00551782,0.05912288
1.1622838,0.066961037,-0.018137301,1.405276371,0.341028965,-0.068424569,0.022668049,0.310965267,0.004450871,0.06105803
1.163299767,0.067820177,-0.018337834,1.406279412,0.345404516,-0.069181098,0.02051587,0.317492996,0.004028291,0.06233975
1.1642966,0.068849105,-0.018775043,1.407260765,0.350644794,-0.07083051,0.015823616,0.327425529,0.003106967,0.064290003
1.1653039,0.069689286,-0.019263821,1.408255425,0.354923791,-0.072674466,0.010577922,0.33695022,0.002076975,0.066160176
1.1663521,0.070638708,-0.019585393,1.409289341,0.359759143,-0.073887627,0.007126715,0.345236779,0.001399331,0.067787241
1.167281833,0.071698836,-0.019972212,1.410203124,0.365158318,-0.075346935,0.00297527,0.354787399,0.000584194,0.069662506
1.168285433,0.072813352,-0.020340012,1.411189956,0.370834489,-0.076734492,0.000972058,0.362466782,0.000190864,0.071170353
1.169274967,0.073895407,-0.021022942,1.41216321,0.376345339,-0.079310905,0.008301452,0.360648238,0.00162999,0.070813282
1.170318933,0.075034149,-0.020941416,1.413190045,0.382144889,-0.079003341,0.007426493,0.367322748,0.001458192,0.072123821
1.171279033,0.076316484,-0.021583023,1.414130852,0.388675751,-0.081423863,0.014312404,0.366967698,0.002810241,0.072054107
1.1722514,0.077627291,-0.02273076,1.415083497,0.395351624,-0.085753801,0.026630232,0.361325743,0.005228846,0.07094631
1.173270133,0.078979268,-0.023276894,1.41608189,0.40223717,-0.087814138,0.03249149,0.362350031,0.006379704,0.071147429
1.174312333,0.08045131,-0.024070042,1.417101943,0.409734197,-0.090806361,0.041003778,0.36133477,0.008051092,0.070948082
1.175256533,0.082034143,-0.024797226,1.41802233,0.417795484,-0.093549725,0.048808115,0.36159172,0.009583473,0.070998534
1.176313633,0.083601706,-0.025573082,1.419055846,0.425778995,-0.096476713,0.057134824,0.361248522,0.011218423,0.070931147
1.1773077,0.085309337,-0.026247425,1.420024221,0.434475868,-0.09902073,0.064372057,0.362708162,0.012639453,0.071217748
1.178264633,0.087086424,-0.027262279,1.420954418,0.44352648,-0.102849358,0.075263755,0.360867076,0.014778038,0.07085625
1.179277167,0.088940088,-0.02796737,1.421939063,0.452967091,-0.105509375,0.082830983,0.362740459,0.016263864,0.071224089
1.180333533,0.090894634,-0.029007354,1.422966024,0.462921487,-0.109432806,0.09399238,0.361533458,0.018455404,0.070987095
1.181312067,0.092906789,-0.029927718,1.423914284,0.473169283,-0.112904962,0.103869985,0.361903648,0.020394872,0.071059781
1.182275233,0.095710702,-0.030232012,1.424835266,0.487449464,-0.114052938,0.107135753,0.372918062,0.021036105,0.073222462
1.183362133,0.098129502,-0.031660997,1.425885775,0.499768283,-0.11944391,0.122472016,0.369900618,0.02404738,0.072629986
1.184446067,0.100521814,-0.033272348,1.426933716,0.511952198,-0.125522873,0.139765479,0.36479107,0.027442952,0.071626727
1.1853963,0.103157104,-0.03480179,1.427844301,0.525373588,-0.131292828,0.156179874,0.361798065,0.030665918,0.07103905
1.186370633,0.105754815,-0.035955217,1.428779552,0.538603589,-0.135644232,0.168558769,0.362649171,0.033096514,0.071206165
1.187478333,0.108990101,-0.037112277,1.429838577,0.555080727,-0.140009345,0.180976662,0.366708416,0.035534768,0.072003197
1.1885038,0.11230097,-0.038845057,1.430814232,0.571942805,-0.14654641,0.199573337,0.364973818,0.039186225,0.071662609
1.189526933,0.115345015,-0.040563042,1.431791568,0.587445964,-0.153027662,0.218011232,0.362039083,0.042806505,0.071086374
1.190448833,0.11865522,-0.042135578,1.432663666,0.60430466,-0.15896019,0.234888118,0.362020893,0.046120282,0.071082802
1.191463833,0.122077113,-0.043757074,1.433627183,0.621732179,-0.16507743,0.25229047,0.36204606,0.049537234,0.071087744
1.1924996,0.126168383,-0.045652651,1.434601397,0.642568797,-0.172228662,0.272634328,0.36253882,0.05353175,0.071184497
1.1935949,0.130261637,-0.047026203,1.435635114,0.663415517,-0.177410508,0.287375669,0.368644199,0.056426213,0.072383288
1.194551133,0.134283713,-0.049606891,1.436530835,0.683899737,-0.187146379,0.315072321,0.361431767,0.06186445,0.070967127
1.195487133,0.138310117,-0.051440844,1.437406258,0.704405993,-0.194065129,0.334754813,0.36225553,0.065729108,0.071128873
1.196615967,0.14271782,-0.053743079,1.438468777,0.726854189,-0.202750516,0.359463045,0.359995495,0.070580569,0.070685115
1.197636067,0.14750691,-0.055918074,1.439416825,0.751244767,-0.210955876,0.382805691,0.361043427,0.075163897,0.070890877
1.198533567,0.152379807,-0.058284327,1.440241012,0.776062168,-0.219882776,0.408200978,0.360465541,0.080150262,0.070777409
1.199522767,0.15756284,-0.06066265,1.441152234,0.802459078,-0.228855207,0.433725793,0.361337636,0.085162059,0.070948645
1.200594633,0.162984243,-0.063372204,1.442142535,0.830069994,-0.239077239,0.462805478,0.359868867,0.090871856,0.070660252
1.201589133,0.168696017,-0.065789911,1.443051102,0.859159749,-0.248198252,0.48875298,0.363011119,0.095966648,0.071277233
1.202524933,0.174690583,-0.068877468,1.443896714,0.889689755,-0.259846336,0.521889506,0.3604046,0.102473004,0.070765443
1.2035846,0.18080483,-0.07185898,1.444864391,0.920829284,-0.271094351,0.553887912,0.359545723,0.108755892,0.070596803
1.204602567,0.187301623,-0.074882618,1.445784614,0.953917104,-0.282501294,0.586338437,0.360183017,0.115127552,0.070721935
1.2055527,0.194055577,-0.077785694,1.446633134,0.988314625,-0.293453406,0.617495058,0.363423918,0.121245155,0.071358286
1.206617967,0.20111029,-0.08133626,1.447592262,1.024243901,-0.306848228,0.65560071,0.361247542,0.128727199,0.070930955
1.207583433,0.208615853,-0.084933368,1.448444808,1.062469332,-0.320418637,0.694205874,0.360867809,0.136307323,0.070856394
1.2085485,0.216141737,-0.088506873,1.449296648,1.100798251,-0.3339,0.732557721,0.360844882,0.143837709,0.070851892
1.2095172,0.224380067,-0.091350332,1.450141402,1.142755623,-0.3446272,0.763074512,0.372285463,0.14982968,0.073098251
1.210559433,0.232855147,-0.095473097,1.451056128,1.185918751,-0.360180694,0.807321166,0.371201936,0.158517511,0.0728855
1.211586333,0.241577443,-0.099512438,1.451951801,1.230340939,-0.375419467,0.850672497,0.372272793,0.167029545,0.073095763
1.212544367,0.250747293,-0.104035623,1.452771874,1.277042492,-0.392483582,0.899216573,0.37043027,0.176561174,0.072733984
1.213547,0.260210917,-0.10816246,1.453632127,1.325240217,-0.40805244,0.943506936,0.374337632,0.185257587,0.073501194
1.214529767,0.270226167,-0.112898069,1.454464214,1.376247347,-0.425917944,0.994330805,0.374520893,0.195236854,0.073537177
1.215604133,0.28064401,-0.117263508,1.455381844,1.429304864,-0.442386948,1.041181907,0.380727307,0.204436068,0.074755807
1.2166467,0.29116854,-0.1221079,1.456266069,1.48290573,-0.460662844,1.093173262,0.382336818,0.21464457,0.075071834
1.217578867,0.30232203,-0.12716245,1.457030432,1.539709855,-0.47973158,1.147420095,0.384894111,0.225295936,0.075573959
1.2184694,0.313792803,-0.131655577,1.457748387,1.598129887,-0.496682298,1.195641577,0.395092662,0.234764224,0.077576444
1.219602533,0.32563094,-0.136487283,1.458703416,1.658420881,-0.514910338,1.247496793,0.403528439,0.244945995,0.079232809
1.220671233,0.337887477,-0.14268924,1.459587716,1.720842764,-0.538307768,1.314057912,0.399389203,0.258015271,0.07842007
1.221534767,0.35038948,-0.148609117,1.460263157,1.784514795,-0.560641026,1.37759167,0.399527476,0.270490124,0.07844722
1.222515833,0.363545,-0.154868747,1.461046299,1.851515152,-0.584256033,1.444771755,0.399347747,0.283680934,0.07841193
1.223594767,0.377246303,-0.160874227,1.461919096,1.921295153,-0.606912237,1.509224233,0.404675272,0.296336178,0.07945799
1.224634867,0.391091527,-0.166831903,1.462750895,1.991808132,-0.629388099,1.573163671,0.411248812,0.308890687,0.080748704
1.225541233,0.40568161,-0.173683543,1.463437754,2.066114642,-0.655236516,1.646697372,0.412021621,0.323329029,0.080900445
1.2265521,0.420568727,-0.179603737,1.464224644,2.141933928,-0.677570969,1.710234529,0.42430375,0.33580455,0.083312041
1.227587633,0.435848277,-0.18651307,1.465030296,2.219751855,-0.703637039,1.78438741,0.427968795,0.350364468,0.084031673
1.228589367,0.45190376,-0.194463333,1.465790475,2.301521569,-0.73363011,1.869711842,0.424414078,0.36711792,0.083333704
1.229601467,0.46808067,-0.201546797,1.466559193,2.383909702,-0.760353102,1.945733535,0.430780518,0.38204478,0.084583755
1.230617567,0.484650033,-0.208192017,1.467326007,2.468296579,-0.785422781,2.017051879,0.443849051,0.396048136,0.087149761
1.2315101,0.5017731,-0.216423637,1.467960924,2.555503438,-0.816477295,2.105395908,0.442711881,0.413394487,0.086926478
1.232557633,0.519213467,-0.223830313,1.468746067,2.644326288,-0.844419638,2.184886416,0.452044223,0.429002448,0.088758883
1.2336413,0.53734823,-0.231924623,1.469556896,2.736685663,-0.874956137,2.271756796,0.457533218,0.446059447,0.089836647
1.234579433,0.555539867,-0.240264543,1.470221336,2.829334691,-0.906419223,2.361263131,0.460675912,0.463634016,0.090453715
1.235547133,0.57465879,-0.249723233,1.470901392,2.926706341,-0.942102967,2.462776416,0.456534276,0.483566149,0.089640505
1.236560067,0.593698523,-0.25654667,1.471627872,3.02367468,-0.967844984,2.53600743,0.4802716,0.497945059,0.094301329
1.237562733,0.61365205,-0.266237243,1.472330338,3.125296919,-1.004403529,2.640009351,0.477891919,0.518365836,0.093834078
1.238558533,0.633932357,-0.275223747,1.473021021,3.228583431,-1.038305907,2.736454998,0.484732784,0.537302939,0.095177282
1.2396068,0.654518187,-0.282594503,1.473759574,3.333425957,-1.066112738,2.815560002,0.510470306,0.552835206,0.100230845
1.240582233,0.67584767,-0.29282565,1.474414105,3.44205587,-1.104710642,2.925363506,0.509296714,0.574395124,0.10000041
1.2415094,0.697271467,-0.3026414,1.475018951,3.551166115,-1.141741427,3.030708858,0.513061608,0.595079684,0.100739647
1.2426323,0.71959869,-0.312929373,1.475805938,3.664877464,-1.180553715,3.141122241,0.516359574,0.616759352,0.101387202
1.243629333,0.741730413,-0.321575403,1.476469999,3.777593141,-1.213171628,3.233913833,0.536283659,0.634978981,0.105299297
1.244524,0.764514607,-0.330866803,1.477021878,3.893631814,-1.248224255,3.333631715,0.55260445,0.654558587,0.108503884
1.245528667,0.78780363,-0.341993737,1.477676161,4.012241558,-1.290201595,3.45304905,0.55179686,0.678006181,0.108345313
1.246637367,0.811411023,-0.351348213,1.478429688,4.132472744,-1.325492184,3.553443888,0.571633207,0.697718707,0.11224018
1.247638633,0.83545993,-0.36346828,1.479069139,4.254952534,-1.371216207,3.683519805,0.56403708,0.723259114,0.110748681
1.2485952,0.85987669,-0.373075593,1.479658355,4.37930578,-1.407460646,3.786628157,0.585281975,0.743504439,0.114920116
1.249539367,0.884587007,-0.38382845,1.480230755,4.505154096,-1.448026748,3.902030797,0.59572765,0.766163747,0.116971124
1.2505841,0.909958463,-0.394295293,1.480893775,4.634369561,-1.487513839,4.014363862,0.61261005,0.788220344,0.120285983
1.251589467,0.93595592,-0.406328327,1.48150801,4.766773211,-1.532909521,4.143505714,0.615871848,0.813577347,0.120926437
1.2525885,0.961954177,-0.416400313,1.482115899,4.899180935,-1.570906981,4.251601068,0.640184218,0.83480187,0.125700171
1.253557867,0.98826551,-0.426821613,1.482689412,5.033183142,-1.610222256,4.36344535,0.662342143,0.856762495,0.13005088
1.254534667,1.014902013,-0.437893627,1.483265466,5.168841423,-1.651992405,4.482273268,0.679172505,0.880094356,0.133355521
1.255645667,1.0441189,-0.45329539,1.483936898,5.317641457,-1.710096918,4.647569264,0.662676543,0.912550225,0.130116539
1.256722667,1.072851167,-0.465414453,1.484581621,5.463973347,-1.755817155,4.777634413,0.678943285,0.938088517,0.133310514
1.2576812,1.102329,-0.476992757,1.48509666,5.614102368,-1.799497328,4.901895976,0.704810743,0.962487275,0.138389589
1.2587649,1.132058433,-0.489223153,1.485733081,5.765512775,-1.84563758,5.033155985,0.72496114,0.988260178,0.14234612
1.2598265,1.161551133,-0.503296427,1.486350963,5.915717511,-1.898730247,5.184194258,0.724127604,1.017916543,0.142182455
1.260862033,1.1921432,-0.515176657,1.486926239,6.071521263,-1.943549465,5.311696182,0.752429432,1.042951545,0.147739519
1.261795033,1.2214938,-0.527744817,1.487417659,6.221002292,-1.990963959,5.446581161,0.767025482,1.069436211,0.150605453
1.2628429,1.2515633,-0.540786693,1.48801313,6.37414464,-2.040165591,5.586550199,0.780198792,1.096919131,0.153192033
1.263855333,1.2814087,-0.55386126,1.488576539,6.526145658,-2.08949055,5.726870074,0.791879935,1.124470939,0.155485625
1.264834567,1.311879867,-0.564612447,1.489097334,6.681333673,-2.130050351,5.842254792,0.831683232,1.147126728,0.163301003
1.265877167,1.342697067,-0.57878846,1.489676289,6.838284017,-2.183530615,5.994395699,0.836492669,1.176999595,0.164245336
1.266908033,1.373788567,-0.59017579,1.490239384,6.996631356,-2.226490323,6.116607683,0.872628024,1.200995919,0.171340512
1.267829433,1.405170167,-0.604866147,1.490688648,7.156456158,-2.281910992,6.274268665,0.874791844,1.231952652,0.171765379
1.268806767,1.436649867,-0.61902086,1.491192369,7.316780579,-2.335310899,6.426180975,0.883203955,1.261780634,0.173417097
1.269933167,1.468554767,-0.629861073,1.49183876,7.47927052,-2.376206562,6.542521151,0.929353721,1.284624028,0.182478603
1.270897,1.501034767,-0.64570447,1.492313932,7.644689415,-2.435977176,6.712556878,0.924736888,1.318010543,0.181572088
1.271820933,1.532953933,-0.657258867,1.492757641,7.807252016,-2.479567158,6.836561868,0.963294499,1.342358923,0.189142875
1.272812167,1.565800367,-0.673358363,1.4932547,7.974537136,-2.540303932,7.009346132,0.957795356,1.376285113,0.188063118
1.273861133,1.598653433,-0.685206177,1.493809392,8.141856039,-2.585000855,7.13650015,0.99796024,1.401251805,0.195949493
1.2749079,1.6319155,-0.698243677,1.494355731,8.311257958,-2.634185976,7.276422217,1.027440092,1.428725502,0.201737862
1.275847933,1.6656505,-0.71277076,1.494788222,8.4830685,-2.688990682,7.432330904,1.043341947,1.459338173,0.204860191
1.276798167,1.699513767,-0.727230867,1.495228982,8.655532298,-2.743542712,7.58752078,1.060615869,1.489809705,0.208251926
1.2778131,1.733660167,-0.74181773,1.495730183,8.829438078,-2.798572943,7.744071043,1.077971387,1.520548349,0.211659682
1.2788956,1.7682134,-0.757261933,1.496292829,9.005415839,-2.856837565,7.909822517,1.088197674,1.553093651,0.213667613
1.279837733,1.8027046,-0.76875452,1.496716043,9.181077667,-2.900194364,8.033164144,1.140517874,1.57731178,0.223940685
1.2807887,1.8373589,-0.78285551,1.497145635,9.357570155,-2.953391595,8.18449988,1.165674626,1.607026551,0.228880213
1.2818479,1.8721286,-0.79613739,1.497681725,9.534650369,-3.003498661,8.3270447,1.20021002,1.635015227,0.235661237
1.2829385,1.908060967,-0.813637577,1.498231723,9.717651982,-3.069519661,8.514861557,1.195394776,1.671893067,0.234715764
1.283875267,1.943312967,-0.826671323,1.498638123,9.897188524,-3.118690623,8.654743342,1.235049533,1.699358855,0.242501976
1.284770467,1.979368933,-0.84330372,1.498990861,10.08081962,-3.181437809,8.833246836,1.24017714,1.734408016,0.243508781
1.2858218,2.0144002,-0.8551837,1.499515149,10.25923198,-3.226256083,8.960746076,1.291090258,1.759442492,0.253505572
1.286851633,2.0515284,-0.873580317,1.499986389,10.44832391,-3.295658945,9.158183669,1.282744593,1.798209363,0.251866901
1.2878617,2.087373333,-0.883094313,1.500457168,10.63088023,-3.331551339,9.26029052,1.363194062,1.818258044,0.267663154
1.2888169,2.123223533,-0.896221953,1.500873002,10.81346337,-3.381076521,9.401179994,1.404887731,1.845921692,0.275849706
1.289848467,2.160863167,-0.917358837,1.50133828,11.00516,-3.460817281,9.628026888,1.369737466,1.890463079,0.268947952
1.290807,2.1982688,-0.932257157,1.501734046,11.19566488,-3.51702251,9.787919791,1.400349445,1.921858051,0.274958613
1.2918465,2.235472033,-0.947385553,1.502213823,11.38513895,-3.574095723,9.95028194,1.427461364,1.953737859,0.280282039
1.292868267,2.272872133,-0.96181069,1.502672905,11.57561565,-3.628515826,10.10509651,1.463123496,1.984135699,0.287284298
1.293844633,2.310957267,-0.977366353,1.503076281,11.76958119,-3.687200941,10.2720442,1.49014134,2.016915879,0.292589252
1.294756333,2.3485051,-0.99202651,1.503423074,11.96081029,-3.742507677,10.42938107,1.52403357,2.047808973,0.299243992
1.295848733,2.3859836,-1.00559898,1.50395161,12.15168627,-3.79371102,10.57504458,1.569246045,2.076410003,0.308121461
1.296918167,2.425136667,-1.023566553,1.504431986,12.35109074,-3.861495278,10.76787756,1.575817529,2.114272759,0.309411772
1.297812567,2.461989967,-1.03498275,1.504771928,12.53878262,-3.904563889,10.89039935,1.640987617,2.138329912,0.322207919
1.2988081,2.500997067,-1.054454313,1.505180599,12.73744368,-3.978022082,11.09937357,1.630674463,2.179362,0.320182931
1.299808167,2.5396848,-1.068779633,1.505598609,12.93447823,-4.032065618,11.25311688,1.673965702,2.209549499,0.328683166
1.3008111,2.578591767,-1.082549833,1.506016187,13.13262932,-4.084014914,11.40090248,1.724331187,2.238567202,0.338572429
1.301869633,2.616161167,-1.095787867,1.506509489,13.32396825,-4.133956565,11.54297673,1.773595877,2.266463481,0.34824555
1.302865667,2.657277,-1.119942,1.506886934,13.53336898,-4.225080168,11.80220559,1.723767749,2.317363067,0.338461797
1.303771467,2.695516333,-1.1325005,1.507217423,13.72811985,-4.272458219,11.93698689,1.783737314,2.343827376,0.350236822
1.304822633,2.735918667,-1.145431633,1.507660737,13.93388677,-4.321242062,12.0757674,1.850723717,2.371076929,0.363389602
1.305905467,2.775034933,-1.164760467,1.508155066,14.13310381,-4.394161794,12.2832098,1.842498361,2.411808245,0.361774553
1.3068582,2.815351633,-1.179689933,1.508501235,14.3384346,-4.450484526,12.44343698,1.887601971,2.443268851,0.370630647
1.307787167,2.855300433,-1.1984319,1.508829172,14.54189169,-4.521190252,12.64458096,1.889915078,2.482763472,0.371084826
1.308808133,2.895829,-1.2132517,1.509240386,14.7483015,-4.577099257,12.80363117,1.937274686,2.51399298,0.380383885
1.309874667,2.934892167,-1.222844633,1.509719214,14.94724811,-4.613289446,12.90658519,2.033267274,2.534208002,0.399232029
1.310827833,2.976343867,-1.243479433,1.51004874,15.15835939,-4.691136052,13.12804359,2.022920158,2.577691358,0.397200373
1.311792533,3.0167807,-1.260314633,1.510405068,15.36430201,-4.754648332,13.30872362,2.048182741,2.613167883,0.402160681
1.312814233,3.0568071,-1.274573733,1.510824571,15.56815432,-4.808442047,13.46175624,2.09900243,2.643215837,0.412139127
1.313799167,3.098271567,-1.290172267,1.511185671,15.77933062,-4.867288892,13.62916402,2.142770944,2.676086356,0.420733075
1.314824033,3.1396869,-1.306806633,1.511587444,15.99025668,-4.930043511,13.80768866,2.175172375,2.711139668,0.427095096
1.3158234,3.180420867,-1.323055267,1.511973968,16.19771259,-4.991342916,13.9820735,2.208243439,2.745380132,0.433588599
1.3168338,3.2216053,-1.341743833,1.512364748,16.40746269,-5.061847185,14.18264438,2.217422664,2.784762224,0.43539094
1.317802767,3.262597733,-1.356721633,1.512716984,16.61623495,-5.118352259,14.34339029,2.265449021,2.816324682,0.444820915
1.318883467,3.305531667,-1.375367467,1.513151743,16.83489517,-5.188695313,14.54350254,2.283996981,2.855616724,0.448462807
1.3198646,3.346181,-1.388974567,1.513521307,17.04192004,-5.2400293,14.68953771,2.34498668,2.88429073,0.460438135
1.320838133,3.388526667,-1.407423067,1.51385775,17.25758425,-5.309627897,14.88753213,2.362656467,2.923166934,0.463907597
1.3218482,3.430461467,-1.425364667,1.514236907,17.47115593,-5.377314169,15.08008636,2.383673922,2.960974956,0.468034375
1.322836833,3.472918667,-1.440651067,1.514586772,17.68738817,-5.434983463,15.24414424,2.435848276,2.993187722,0.478278809
1.323818,3.5144763,-1.4585411,1.514942704,17.89903896,-5.502475195,15.43614504,2.45549827,3.030887079,0.482137085
1.324826967,3.557132567,-1.475512467,1.515309907,18.11628504,-5.566501176,15.61828646,2.49060293,3.066650546,0.489029885
1.325873033,3.597995667,-1.488224167,1.515741189,18.32439861,-5.614457187,15.75471195,2.562291012,3.093437691,0.50310584
1.326783733,3.6418709,-1.506318167,1.515991786,18.54785281,-5.682718401,15.94890177,2.591555391,3.131566863,0.508851901
1.327812133,3.683288667,-1.5273362,1.516397055,18.75879127,-5.76201079,16.17447314,2.576922488,3.1758578,0.505978731
1.328887133,3.725862033,-1.536047967,1.516831539,18.97561514,-5.794876699,16.26797023,2.700249261,3.194215955,0.530193942
1.329884433,3.7707711,-1.5589747,1.517153182,19.20433461,-5.881369827,16.51402629,2.682912663,3.242529063,0.526789901
1.330739567,3.812580333,-1.568481933,1.517379296,19.41726679,-5.917236705,16.61606056,2.793810577,3.262563491,0.548564707
1.331823833,3.8577243,-1.599364433,1.517784371,19.64718258,-6.033743665,16.94750011,2.692286818,3.327641648,0.528630517
1.332863167,3.8994937,-1.606298067,1.518195284,19.85991189,-6.05990141,17.02191379,2.830602452,3.342252773,0.555788791
1.3338555,3.942458067,-1.624442667,1.518541218,20.0787271,-6.128353517,17.21664667,2.854684783,3.380488574,0.560517357
1.3347885,3.985380633,-1.6389123,1.518828448,20.29732943,-6.182941487,17.37193879,2.917994991,3.410980181,0.572948316
1.3358216,4.0288914,-1.656348867,1.519206929,20.51892743,-6.248722476,17.55907286,2.952458918,3.447723956,0.579715308
1.336861167,4.072969733,-1.674868467,1.519583337,20.74341601,-6.318589303,17.75783034,2.978190017,3.486749988,0.58476761
1.337855267,4.115307733,-1.686119767,1.519940462,20.95904117,-6.361035827,17.87858242,3.073063104,3.510459657,0.60339594
1.3388084,4.160620367,-1.7115587,1.520211867,21.18981597,-6.457006451,18.1516001,3.030820223,3.56406668,0.595101551
1.339790133,4.203264067,-1.723817333,1.520552025,21.40699805,-6.503253229,18.28316316,3.116439242,3.589899086,0.611912845
1.340815367,4.247717067,-1.741891433,1.520908463,21.63339479,-6.571439368,18.47713941,3.148859729,3.627986323,0.618278608
1.3418727,4.2915961,-1.7561003,1.521305637,21.85686835,-6.625043573,18.62963291,3.21983979,3.657928422,0.632215543
1.342871733,4.3356811,-1.777213433,1.521641411,22.08139088,-6.704694735,18.85622491,3.217770323,3.702419761,0.631809203
1.343767533,4.3800705,-1.7929306,1.521869373,22.30746371,-6.763989135,19.0249059,3.27516216,3.735540274,0.64307809
1.344850433,4.423867567,-1.807562633,1.522293346,22.53051982,-6.819189774,19.18194094,3.341183227,3.766374104,0.656041327
1.3458625,4.469848967,-1.829226233,1.522613622,22.76470062,-6.900917619,19.41444071,3.342864263,3.812025433,0.656371398
1.346831933,4.5136226,-1.842186,1.522924481,22.98763738,-6.949809484,19.55352852,3.426713215,3.839335325,0.67283514
1.347818567,4.5583755,-1.860727067,1.523237807,23.2155615,-7.019757297,19.75251639,3.45564946,3.878406593,0.678516771
1.3488584,4.601151,-1.8765921,1.523634083,23.43341482,-7.079609537,19.92278433,3.503234845,3.911838702,0.687860162
1.349796933,4.647281,-1.8959176,1.523878591,23.66835243,-7.152516694,20.13019095,3.53076583,3.952562994,0.693265871
1.350794867,4.691321067,-1.911786233,1.524213941,23.89264613,-7.212382515,20.30049753,3.584752949,3.986002689,0.703866242
1.3518339,4.7359446,-1.927985133,1.524581613,24.11991138,-7.273494297,20.47434861,3.638167119,4.02013835,0.714354114
1.3528651,4.780222567,-1.9445881,1.524946651,24.34541669,-7.336130456,20.65253626,3.685484781,4.055125494,0.723644937
1.353754233,4.826896533,-1.967085133,1.525133575,24.58312469,-7.421002502,20.89398066,3.681748384,4.102533103,0.722911295
1.354804533,4.8709426,-1.975356567,1.525521202,24.80744894,-7.452207216,20.98275198,3.817301318,4.119963351,0.749527114
1.355870033,4.918348,-2.003683667,1.525873488,25.0488821,-7.559073704,21.28676627,3.754720179,4.179656557,0.737239307
1.356826367,4.961798667,-2.015701133,1.526176106,25.27017401,-7.604410659,21.41574106,3.847037304,4.204980756,0.755365775
1.3577755,5.0059964,-2.027929567,1.526460284,25.49527069,-7.650543504,21.54697999,3.940895047,4.230749522,0.773794742
1.358819733,5.0513204,-2.046467167,1.526822618,25.72610339,-7.720478238,21.74593066,3.972777079,4.269813485,0.780054779
1.359872,5.097209467,-2.060025733,1.527184484,25.95981394,-7.771629129,21.89144496,4.060973332,4.298385217,0.797372114
1.360845567,5.143960033,-2.082186967,1.527454688,26.19791206,-7.855234341,22.12928546,4.061230953,4.3450852,0.797422698
1.361783733,5.1881776,-2.0902692,1.527727601,26.42310975,-7.88572528,22.21602623,4.199687874,4.36211675,0.824608714
1.362797333,5.231552733,-2.105419433,1.528088622,26.64401698,-7.942880874,22.37862274,4.257998592,4.394042574,0.836058023
1.3638148,5.279217733,-2.135626933,1.528388969,26.88677226,-8.056841338,22.702818,4.176558607,4.457698315,0.820067282
1.364891867,5.3250122,-2.1456736,1.528777058,27.12000102,-8.094743275,22.81064162,4.301963752,4.478869482,0.844690583
1.365824133,5.3706856,-2.166256267,1.529022168,27.35261319,-8.172393204,23.03154051,4.313677037,4.522242978,0.846990486
1.366756467,5.415922933,-2.180562667,1.529273906,27.5830045,-8.226365363,23.18508076,4.390528092,4.552390607,0.862080191
1.367821233,5.462391367,-2.2050841,1.529639555,27.81966573,-8.318874637,23.44825158,4.364018502,4.604064198,0.856875033
1.368915533,5.506331933,-2.2072251,1.530072769,28.04345268,-8.326951749,23.47122939,4.564827641,4.60857589,0.896303907
1.369890433,5.554982833,-2.2337426,1.530315717,28.2912291,-8.426991361,23.75582255,4.528010896,4.664455758,0.889074939
1.370803167,5.6011748,-2.2561671,1.530533492,28.5264823,-8.511589769,23.99648851,4.522598146,4.711710518,0.888012146
1.371820933,5.645251733,-2.266294767,1.530888121,28.75096376,-8.549797286,24.10518143,4.638386672,4.733052375,0.910747223
1.372885833,5.692673067,-2.284367567,1.531239567,28.99247806,-8.617978521,24.29914374,4.685938672,4.771136873,0.920084058
1.373815133,5.739672367,-2.298607033,1.531461763,29.23184297,-8.671698168,24.45196564,4.772481676,4.801143454,0.937076777
1.374799033,5.7839772,-2.3199922,1.531779096,29.4574851,-8.752375599,24.68147718,4.768612272,4.846208045,0.93631702
1.3758777,5.8308207,-2.340042433,1.532153003,29.69605653,-8.828016876,24.89666185,4.791999035,4.888459554,0.940909011
1.3768283,5.876999233,-2.353687133,1.532408847,29.93124132,-8.879492713,25.04310055,4.880745119,4.917212794,0.958334304
1.3778428,5.923114933,-2.371984967,1.532729536,30.1661061,-8.948522906,25.23947798,4.919232479,4.9557715,0.965891297
1.378874467,5.970239033,-2.385855433,1.53305222,30.40610661,-9.000850467,25.38833967,5.010371293,4.985000494,0.983786403
1.379815167,6.017573367,-2.405174567,1.533280775,30.64717783,-9.073733605,25.59567797,5.044104212,5.025711369,0.990409862
1.3807891,6.0625925,-2.4134864,1.533577396,30.87645786,-9.105090731,25.68488287,5.184179338,5.043226751,1.017913613
1.3818575,6.108599333,-2.436935833,1.533953623,31.11076819,-9.19355579,25.93654869,5.166823846,5.092641336,1.014505862
1.3828872,6.156220433,-2.4567857,1.534266864,31.35329989,-9.268441166,26.14958297,5.196321275,5.134470615,1.020297682
1.3838397,6.203220533,-2.4714755,1.534512247,31.59266887,-9.323859735,26.30723797,5.278035251,5.165426176,1.036342221
1.384818333,6.249484533,-2.493171833,1.534794839,31.82828894,-9.40571107,26.54008904,5.28080425,5.211146483,1.036885914
1.385835933,6.295148033,-2.504231367,1.535125431,32.06085069,-9.447434137,26.65878302,5.394672022,5.234452046,1.059243852
1.386831167,6.341987433,-2.518457867,1.535415966,32.29940124,-9.501104865,26.81146576,5.480539826,5.264431303,1.076103995
1.387847967,6.390663467,-2.542048767,1.535700435,32.54730566,-9.59010362,27.06464985,5.475260166,5.314143997,1.075067334
1.388838533,6.436017967,-2.550633433,1.536008643,32.77829369,-9.622490034,27.15678287,5.614115174,5.332234317,1.102331514
1.389763533,6.483177967,-2.573407567,1.536224121,33.01847704,-9.708407465,27.40120119,5.609880205,5.380225853,1.101499978
1.390813133,6.532556033,-2.5982801,1.536530828,33.26995688,-9.802241295,27.66814011,5.594421119,5.432639311,1.098464587
1.3918844,6.5769027,-2.604159267,1.536934899,33.49581207,-9.824420971,27.73123696,5.757179462,5.445028377,1.130422187
1.392802133,6.623555967,-2.621835,1.537150734,33.73341465,-9.891104237,27.92093783,5.80508117,5.482276143,1.139827688
1.393783433,6.671535833,-2.6418496,1.537410177,33.97777353,-9.966611084,28.13574007,5.834637814,5.524452563,1.145631135
1.394824967,6.720615067,-2.6608821,1.537713313,34.22773143,-10.03841287,28.34000214,5.880333643,5.56455942,1.154603511
1.395892633,6.765429633,-2.6679082,1.538106744,34.45596961,-10.06491946,28.41540819,6.033165769,5.579365399,1.184612099
1.396834767,6.8127775,-2.692960333,1.538336529,34.69710975,-10.15943084,28.68427464,6.005439467,5.632157325,1.179168039
1.397805133,6.860765767,-2.7077833,1.538584912,34.94151142,-10.21535179,28.84335883,6.090756941,5.663393506,1.195920125
1.398815567,6.907488967,-2.717938267,1.538892395,35.17947016,-10.2536623,28.95234475,6.219729769,5.684792891,1.22124394
1.399841967,6.954497967,-2.739997533,1.539211545,35.41888448,-10.33688284,29.18909091,6.222397912,5.731278001,1.22176783
1.4008473,7.001090167,-2.7530133,1.539515898,35.65617605,-10.38598597,29.32877973,6.320000665,5.7587059,1.240932131
1.401807233,7.0491206,-2.778704967,1.539753214,35.90079246,-10.48291005,29.60450982,6.288886989,5.812845504,1.23482296
1.402819567,7.0966679,-2.798179167,1.540050198,36.14294831,-10.55637819,29.81351234,6.322040317,5.853883148,1.241332616
1.403854867,7.143974933,-2.811688333,1.540373764,36.38388049,-10.60734271,29.95849646,6.417988373,5.882350781,1.260172017
1.404791533,7.190717533,-2.822827533,1.540607188,36.62193804,-10.64936633,30.07804545,6.536496939,5.905824224,1.283441174
1.405835467,7.238793667,-2.837530467,1.540927816,36.8667872,-10.70483445,30.23584141,6.623550144,5.93680746,1.300534071
1.406821333,7.285029267,-2.852546767,1.541218068,37.10226263,-10.76148477,30.3970005,6.697866474,5.968451049,1.315126082
1.407817933,7.332328967,-2.8731339,1.541503044,37.34315746,-10.83915154,30.61794733,6.71781448,6.011833958,1.319042873
1.408835733,7.383688633,-2.903336533,1.541748138,37.60472948,-10.95309365,30.94209037,6.655243465,6.075479443,1.306757054
1.4098147,7.4285226,-2.905629,1.542052577,37.83306646,-10.96174218,30.96669375,6.85897706,6.080310319,1.346760146
1.410799267,7.477814833,-2.921566333,1.542295542,38.08410916,-11.02186718,31.13773764,6.938975874,6.113894785,1.362467913
1.411775933,7.523840433,-2.9298331,1.542579754,38.31851507,-11.05305429,31.22645887,7.084660549,6.131315199,1.391073099
1.412819633,7.5723257,-2.9573365,1.542893993,38.56544792,-11.15681329,31.52163299,7.03641929,6.189272637,1.381600928
1.413810133,7.619273,-2.967576667,1.543178171,38.804548,-11.19544523,31.6315333,7.165619057,6.210851562,1.406969302
1.414858667,7.669846733,-2.990108233,1.543465823,39.06211731,-11.28044755,31.87334832,7.181373341,6.258331942,1.410062655
1.4158126,7.714048533,-2.997563067,1.54375474,39.2872347,-11.30857157,31.95335566,7.326483394,6.274041383,1.438555014
1.416794233,7.7645413,-3.019959,1.543976709,39.54439165,-11.39306221,32.19371503,7.343280973,6.321235945,1.441853219
1.4177851,7.8104534,-3.039754833,1.544276829,39.77821951,-11.46774374,32.4061694,7.364654458,6.362951362,1.446049903
1.418875133,7.8596514,-3.064045267,1.544626678,40.02878228,-11.55938155,32.66686107,7.354525561,6.414138171,1.444061094
1.419850433,7.9053904,-3.073304833,1.544913835,40.26172855,-11.59431408,32.7662373,7.488095592,6.433650695,1.47028757
1.4207922,7.955612633,-3.0886731,1.545100008,40.51750768,-11.65229222,32.93117381,7.578938228,6.466035977,1.488124521
1.421853467,8.0001596,-3.098615633,1.545491065,40.74438299,-11.68980131,33.03787983,7.69910751,6.486987705,1.51171976
1.422860667,8.0512185,-3.124318267,1.545730084,41.00442322,-11.78676677,33.31372762,7.683299954,6.541150418,1.508615946
1.423823,8.097762267,-3.1360022,1.545992167,41.24146813,-11.83084544,33.43912283,7.794949644,6.565771768,1.530538363
1.424786167,8.147715867,-3.154770433,1.546203781,41.49587913,-11.90165026,33.64054872,7.847934759,6.605321741,1.54094199
1.425791733,8.1936226,-3.1691781,1.546518681,41.72967965,-11.95600445,33.79517579,7.92710821,6.635682767,1.556487697
1.426833567,8.243466367,-3.188056933,1.546810615,41.98353128,-12.02722652,33.99778867,7.97834696,6.675465805,1.566548426
1.427844567,8.2907308,-3.1996037,1.547110522,42.2242465,-12.07078772,34.12171177,8.095139077,6.699798107,1.589480558
1.428834167,8.336951567,-3.215263267,1.54740473,42.45964638,-12.12986482,34.28977459,8.162476145,6.73279724,1.602702191
1.4297352,8.387135833,-3.237616467,1.547550741,42.71523215,-12.21419424,34.52967533,8.178161177,6.779901751,1.605781947
1.430829433,8.434514333,-3.248669467,1.547932165,42.95652831,-12.25589266,34.64829919,8.30083347,6.803193546,1.629868652
1.431860267,8.481752733,-3.245638667,1.548252297,43.19711094,-12.2444587,34.6157718,8.573943489,6.796806794,1.683493804
1.432851467,8.532748867,-3.2842157,1.54847626,43.45683151,-12.38999396,35.02979122,8.419644635,6.878099507,1.653197224
1.4337507,8.5800972,-3.3042419,1.548663138,43.69797403,-12.46554457,35.24471796,8.445860419,6.920300371,1.658344693
1.434834733,8.6262932,-3.311296467,1.549052152,43.93324777,-12.49215855,35.32042952,8.605422599,6.935166337,1.689674727
1.435828933,8.674480767,-3.3314244,1.54932137,44.17866446,-12.56809296,35.53644809,8.634820724,6.977581582,1.695447049
1.436848533,8.7253024,-3.344878767,1.549576359,44.43749631,-12.61885074,35.68084408,8.749256577,7.005933735,1.717916529
1.437859267,8.7702516,-3.356545867,1.549910831,44.66642017,-12.66286591,35.80605864,8.852965884,7.030519613,1.738279851
1.438827167,8.823172533,-3.3907068,1.550082536,44.93594364,-12.79174105,36.17268325,8.755864742,7.102506355,1.719214042
1.439852033,8.869077667,-3.389906333,1.55041676,45.16973602,-12.78872122,36.16409242,8.99824795,7.100819546,1.766805985
1.440783933,8.9182663,-3.407405467,1.550608617,45.42025108,-12.85473825,36.35189797,9.060957464,7.137695166,1.779118998
1.441880133,8.964745867,-3.418153267,1.551005532,45.65696902,-12.89528527,36.46724634,9.182327029,7.160343819,1.802949912
1.442797633,9.013164833,-3.433289767,1.551194568,45.90356421,-12.95238905,36.62969546,9.266473109,7.192240703,1.819471995
1.443787367,9.0622066,-3.455688467,1.551446468,46.1533313,-13.03689013,36.87008452,9.27585113,7.239441095,1.821313369
1.4448486,9.1089382,-3.4660755,1.551804625,46.39133282,-13.07607613,36.98156104,9.402376135,7.26132951,1.846156554
1.4458283,9.158312833,-3.4945664,1.552041483,46.64279518,-13.18356057,37.28733328,9.348066249,7.32136789,1.835492808
1.446872967,9.207256,-3.503079233,1.5523498,46.8920601,-13.21567598,37.37869537,9.505969079,7.339306836,1.866497029
1.447819067,9.2588075,-3.522835333,1.552520308,47.15460912,-13.29020762,37.59072331,9.556490153,7.380938523,1.876416842
1.448806567,9.304915433,-3.533967967,1.552814114,47.38943434,-13.33220646,37.71020182,9.671836872,7.404398128,1.89906517
1.4497977,9.352239,-3.543445567,1.553093264,47.63045073,-13.36796154,37.81191805,9.811137022,7.42437011,1.926416754
1.4508494,9.4029592,-3.5569562,1.553381879,47.88876598,-13.4189316,37.95691792,9.924452411,7.452840833,1.948666231
1.4518533,9.448389367,-3.5816597,1.553702282,48.12013938,-13.51212774,38.22204273,9.890700995,7.504898091,1.94203914
1.452778833,9.4985666,-3.588830667,1.553872899,48.37568933,-13.53918085,38.29900354,10.06929015,7.520009344,1.97710512
1.4538062,9.545411433,-3.6023567,1.554195485,48.61426755,-13.590209,38.44416868,10.16270322,7.54851252,1.995446778
1.454859067,9.596083933,-3.6308603,1.554485984,48.87233987,-13.69774135,38.75007722,10.114867,7.608577662,1.986054136
1.455858767,9.6457771,-3.645095733,1.55473805,49.1254245,-13.75144578,38.90285584,10.21517301,7.638575744,2.005749221
1.456801233,9.6916647,-3.656989333,1.554990138,49.35912758,-13.79631544,39.03050125,10.32123068,7.663638921,2.026573644
1.457779733,9.7405751,-3.664220633,1.555232781,49.60822562,-13.82359616,39.10810957,10.4927204,7.678877314,2.060245651
1.458891267,9.7913412,-3.697012333,1.555580538,49.86677464,-13.94730574,39.46003919,10.3993398,7.747978695,2.04191037
1.459873367,9.8396,-3.698822067,1.555836585,50.11255411,-13.95413312,39.47946175,10.62569672,7.751792314,2.08635555
1.460800967,9.888458233,-3.721417,1.556029113,50.36138647,-14.0393745,39.72195684,10.63203398,7.799406226,2.087599872
1.461836867,9.933816567,-3.728650667,1.556382596,50.59239402,-14.06666415,39.79959056,10.78540782,7.814649606,2.117714825
1.462818967,9.983916533,-3.747093,1.556610942,50.84755046,-14.13623948,39.99751879,10.84263602,7.853512815,2.128951583
1.463830667,10.0319483,-3.7561225,1.556900004,51.09217367,-14.17030407,40.09442589,10.99035213,7.872540524,2.15795564
1.464854233,10.08044357,-3.778216333,1.55719396,51.33915746,-14.25365501,40.33154304,11.00021877,7.919098476,2.159892955
1.465815067,10.12938593,-3.788734667,1.557418455,51.5884183,-14.29333635,40.44442871,11.13659394,7.941263577,2.18667022
1.4668193,10.17783607,-3.8016844,1.557693756,51.83517223,-14.34219036,40.58340884,11.24436774,7.968552326,2.207831605
1.467775967,10.22695963,-3.826382167,1.557911359,52.08535591,-14.43536487,40.84847212,11.22948814,8.020597501,2.204909996
1.468864467,10.27574267,-3.832115267,1.558265918,52.33380528,-14.4569935,40.91000134,11.41640829,8.032678763,2.241611768
1.469828533,10.322567,-3.8466727,1.558525513,52.57227909,-14.5119127,41.06623575,11.49864769,8.06335539,2.257759474
1.4708064,10.371299,-3.8681918,1.558770207,52.82046855,-14.59309541,41.2971847,11.5158882,8.108702217,2.261144648
1.4718161,10.41794767,-3.8765654,1.559078077,53.0580477,-14.62468555,41.3870525,11.66359955,8.126347759,2.290147772
1.4728508,10.47158433,-3.9013071,1.559305814,53.33121637,-14.7180258,41.65258729,11.67123343,8.178485514,2.291646684
1.473829,10.51954,-3.9021315,1.559562521,53.575452,-14.72113593,41.66143498,11.90662137,8.180222758,2.337865106
1.4748064,10.56542267,-3.9273955,1.559849616,53.80912996,-14.8164466,41.93257523,11.86915907,8.233461147,2.330509384
1.4758292,10.61639167,-3.936649567,1.560105587,54.06871233,-14.85135838,42.03189244,12.02942424,8.252962081,2.36197745
1.476817333,10.66229467,-3.9541878,1.56040311,54.30249385,-14.91752292,42.22011763,12.07498057,8.289920096,2.370922435
1.477883267,10.71817067,-3.969523667,1.560628389,54.58706731,-14.97537883,42.3847064,12.19496526,8.322237102,2.394481429
1.4789637,10.77756333,-3.991312733,1.56081526,54.88955097,-15.05758001,42.61855271,12.26360261,8.368152824,2.407958373
1.479902433,10.82531833,-3.9999346,1.561035519,55.13276462,-15.09010676,42.71108497,12.414284,8.386321535,2.437544663
1.480887533,10.875151,-4.010862,1.561270887,55.38655971,-15.13133135,42.82836086,12.5508032,8.409348655,2.464350209
1.481864967,10.92241867,-4.019876167,1.561537178,55.6272914,-15.16533809,42.9251034,12.69479235,8.428344052,2.492622479
1.482929733,10.97120833,-4.045348,1.561867904,55.87577455,-15.26143283,43.19847418,12.66990472,8.482020405,2.487735793
1.483934067,11.026268,-4.0545808,1.562043865,56.15619048,-15.29626438,43.29756315,12.85123168,8.501476524,2.52333934
1.485008433,11.08540933,-4.080839733,1.56222845,56.45739411,-15.39532853,43.5793813,12.87061716,8.556811519,2.527145678
1.486045333,11.131554,-4.074531133,1.562571103,56.69240642,-15.37152878,43.51167566,13.17333511,8.543517516,2.586584349
1.486970933,11.183825,-4.108478933,1.562710286,56.95861981,-15.49959985,43.87601287,13.0752113,8.615055126,2.567317738
1.488009467,11.232001,-4.118805,1.563024012,57.20397759,-15.53855585,43.98683508,13.20974687,8.636815067,2.593733797
1.4890167,11.286,-4.123704367,1.56321883,57.4789916,-15.55703915,44.03941644,13.43217951,8.647139418,2.637408447
1.490063167,11.34302933,-4.137888667,1.56340729,57.76943893,-15.61055067,44.19164628,13.570397,8.677029747,2.66454745
1.491084433,11.39445267,-4.161224533,1.563654893,58.0313352,-15.69858729,44.44209327,13.58184628,8.726205014,2.666795517
1.492103033,11.441803,-4.164821767,1.563961107,58.2724879,-15.71215817,44.48069978,13.78439248,8.733785402,2.706565463
1.4930451,11.49262433,-4.1869828,1.564138567,58.53131822,-15.79576263,44.71853814,13.80538444,8.780484963,2.710687235
1.4941149,11.53766767,-4.1984857,1.56453069,58.7607215,-15.83915834,44.84199045,13.9113354,8.804724825,2.731490706
1.4951151,11.58798267,-4.219030867,1.564773901,59.01697309,-15.91666679,45.06248688,13.94709057,8.848019298,2.738511233
1.496099167,11.63615467,-4.229438467,1.56503322,59.2623105,-15.95593038,45.17418413,14.08073072,8.869951053,2.764751478
1.497108233,11.68723667,-4.247545733,1.565273758,59.52246838,-16.02424165,45.36851633,14.1465564,8.908108182,2.777676349
1.498093833,11.73577167,-4.2561242,1.565529149,59.76965453,-16.05660467,45.46058282,14.30167606,8.926185436,2.808134095
1.499085267,11.78447733,-4.2696789,1.565787805,60.01770987,-16.10774097,45.60605562,14.4042586,8.954749021,2.828276177
1.500108933,11.83336433,-4.2949775,1.566075967,60.26668874,-16.20318218,45.87756721,14.38172588,9.008060322,2.823851876
1.501150367,11.88453967,-4.301884033,1.566347467,60.52732196,-16.22923769,45.95169004,14.56823627,9.02261434,2.860473191
1.5020579,11.93096733,-4.316202967,1.566556496,60.76377557,-16.28325713,46.10536481,14.65101512,9.05278838,2.876726818
1.503046233,11.976277,-4.319772433,1.566863146,60.99453527,-16.29672326,46.14367331,14.84346631,9.060310255,2.914514609
1.504129467,12.02933,-4.345106767,1.567148197,61.26473135,-16.39229927,46.4155684,14.84176729,9.113696856,2.914181008
1.5051596,12.07516567,-4.341128167,1.567488733,61.49816993,-16.37728965,46.37286897,15.11790532,9.105312821,2.96840071
1.506043167,12.12355367,-4.354626167,1.567644302,61.74460742,-16.42821204,46.51773325,15.21947852,9.133756923,2.988344608
1.507016367,12.17385433,-4.379145133,1.567860728,62.00078601,-16.52071201,46.7808776,15.21251277,9.185425316,2.986976882
1.508092467,12.22347733,-4.390076,1.56819025,62.25351328,-16.56194967,46.89819069,15.34792695,9.208459742,3.013565456
1.509086867,12.27218667,-4.4120315,1.568451818,62.5015873,-16.64477874,47.13382321,15.36036845,9.254726186,3.016008345
1.5100952,12.319681,-4.419347267,1.568745599,62.74347339,-16.67237811,47.21233804,15.5237397,9.270142575,3.04808629
1.5110804,12.37304433,-4.442646633,1.568927948,63.01524998,-16.76027703,47.46239331,15.54546102,9.319240926,3.052351272
1.512050333,12.41797567,-4.450315967,1.569221889,63.24408285,-16.78921027,47.54470272,15.69198448,9.335402379,3.081121152
1.513116067,12.469792,-4.446675633,1.569508046,63.50798065,-16.77547679,47.50563365,15.99495134,9.327731168,3.140608697
1.514116867,12.51671667,-4.472852867,1.569802864,63.74696545,-16.87423272,47.78657498,15.95299482,9.382893998,3.132370533
1.515116267,12.56949867,-4.489559967,1.570008159,64.01578134,-16.93726173,47.96588021,16.04250548,9.41810058,3.149945951
1.516030533,12.612623,-4.493933533,1.57027362,64.23541126,-16.9537614,48.01281854,16.21519706,9.427316921,3.183853943
1.517061633,12.66601,-4.528271033,1.570501513,64.50730838,-17.08330265,48.38133812,16.11857461,9.499675739,3.164882125
1.518112667,12.71360833,-4.523971233,1.570836429,64.74972413,-17.06708127,48.33519147,16.40713701,9.490614845,3.221541352
1.519102467,12.76221767,-4.5434758,1.571094902,64.99728885,-17.14066398,48.54451989,16.44537332,9.531716481,3.22904905
1.520080333,12.807707,-4.542030167,1.571388382,65.22896359,-17.1352102,48.52900495,16.69256298,9.528670122,3.277584742
1.521091067,12.85880233,-4.560045567,1.571630386,65.48918937,-17.20317488,48.72235122,16.7594425,9.566633662,3.290716535
1.522114167,12.91016067,-4.568117633,1.571880799,65.7507546,-17.23362747,48.80898288,16.93437608,9.583643789,3.325064742
1.5230765,12.95531867,-4.587962767,1.572163731,65.98074187,-17.30849499,49.02196636,16.95137987,9.625463094,3.328403437
1.5240674,13.00816667,-4.613539367,1.572359533,66.2498939,-17.40498497,49.29646152,16.94603673,9.67936022,3.327354311
1.5250724,13.05316433,-4.610931233,1.572687543,66.4790646,-17.39514556,49.26847031,17.20319864,9.673864146,3.377848052
1.5260793,13.107019,-4.6322319,1.572884199,66.75334352,-17.47550421,49.49707497,17.2488729,9.718750671,3.386816193
1.527062333,13.153631,-4.651021133,1.573165955,66.99073593,-17.54638825,49.69872624,17.28461404,9.758344897,3.393833968
1.528114933,13.20056933,-4.652454833,1.573512368,67.22979034,-17.55179701,49.7141131,17.50828159,9.761366108,3.43775109
1.529066867,13.25019933,-4.670615833,1.573717618,67.48255326,-17.62031099,49.90902199,17.56613562,9.799636468,3.449110729
1.530049133,13.29574033,-4.670226733,1.57401472,67.71449113,-17.61884307,49.90484606,17.80224942,9.798816525,3.495471673
1.531061133,13.35007667,-4.698683433,1.57420923,67.99122316,-17.72619849,50.21025126,17.77357625,9.858782835,3.489841696
1.532142267,13.394507,-4.6969439,1.574621909,68.21750446,-17.71963595,50.19158211,18.0185267,9.855117147,3.537937718
1.5330688,13.44619633,-4.7173659,1.574770776,68.48075545,-17.79667974,50.41075667,18.06260313,9.898152073,3.546592125
1.534082633,13.49254533,-4.727277267,1.575087289,68.71680842,-17.83407125,50.51712821,18.19228456,9.919038124,3.572055074
1.535044233,13.543016,-4.737440433,1.575289558,68.97385281,-17.8724127,50.62620213,18.34025503,9.940454789,3.601109075
1.5360889,13.59001267,-4.743125433,1.575627159,69.21320431,-17.89385986,50.68721513,18.51859353,9.952434691,3.63612584
1.537129,13.64660433,-4.788089433,1.575815838,69.50142263,-18.06349052,51.16978125,18.32424573,10.04718655,3.597965649
1.5381652,13.69413167,-4.790767367,1.576136989,69.74347678,-18.07359326,51.19852157,18.53755956,10.05282971,3.63984982
1.539125633,13.73953333,-4.793676867,1.576414354,69.97470503,-18.08456961,51.22974713,18.73756225,10.05896085,3.679120348
1.540059567,13.792586,-4.8231802,1.57655011,70.24489941,-18.19587354,51.54638509,18.69111867,10.12113271,3.670001152
1.541158167,13.83672933,-4.805306767,1.576984574,70.46971904,-18.12844444,51.35456245,19.10776094,10.08346834,3.751808861
1.5421374,13.88829233,-4.833500833,1.577188042,70.73232663,-18.23480904,51.65714899,19.06778199,10.1428812,3.743958993
1.543077467,13.932586,-4.8336331,1.57746171,70.95791189,-18.23530803,51.65856851,19.29194773,10.14315993,3.787973937
1.544058367,13.98541967,-4.8485548,1.577647728,71.22699092,-18.29160146,51.81871234,19.40088293,10.17460417,3.809363364
1.545142333,14.034881,-4.8687029,1.577987549,71.47889483,-18.36761195,52.03494733,19.43655185,10.21706191,3.816366955
1.5460709,14.08418733,-4.877958767,1.578174302,71.73000934,-18.40253053,52.13428386,19.58832983,10.23656664,3.846168561
1.547092633,14.13431967,-4.895399233,1.578441794,71.98533062,-18.46832623,52.32145979,19.65647518,10.27331863,3.859548902
1.548073733,14.17978533,-4.901967533,1.578738863,72.21688481,-18.49310572,52.39195261,19.81753656,10.28715989,3.891173304
1.549075467,14.23204467,-4.9221846,1.578954355,72.48303879,-18.56937639,52.60892777,19.86671537,10.32976297,3.900829563
1.550091567,14.27564467,-4.9160635,1.579314493,72.70509125,-18.546284,52.54323443,20.15446117,10.31686408,3.957328451
1.551085267,14.325513,-4.9342761,1.579557924,72.95906799,-18.61499264,52.7386971,20.21297524,10.35524318,3.968817688
1.552112333,14.37782067,-4.9490749,1.579798021,73.22546813,-18.67082242,52.89752193,20.32055055,10.38642843,3.9899401
1.553084867,14.42614367,-4.959614933,1.580043535,73.47157457,-18.71058563,53.01064049,20.45353843,10.40863926,4.016052271
1.5540545,14.47500633,-4.975409667,1.58027803,73.72042951,-18.77017266,53.18015395,20.53287991,10.44192323,4.03163097
1.555109833,14.522615,-4.988530967,1.580617091,73.96289789,-18.81967392,53.32097538,20.63452686,10.46957352,4.051589348
1.5561205,14.574715,-4.999420167,1.580843913,74.22824039,-18.86075439,53.4378413,20.78300344,10.49252014,4.080742726
1.557074633,14.61940567,-5.004552833,1.581125675,74.45584755,-18.88011783,53.4929265,20.9555254,10.50333612,4.114617413
1.558030867,14.66479133,-5.0128808,1.581399081,74.68699431,-18.91153582,53.58230455,21.09729412,10.5208855,4.1424537
1.559112,14.71583367,-5.025538267,1.581712282,74.94695017,-18.95928723,53.71814799,21.22140654,10.54755836,4.166823173
1.560122433,14.763911,-5.042833367,1.581999392,75.19180545,-19.02453453,53.9037638,21.280646,10.58400402,4.178454842
1.5610821,14.812787,-5.0522278,1.58222372,75.44072829,-19.05997586,54.00458746,21.42874518,10.60380075,4.207534116
1.562084067,14.86478167,-5.071286367,1.582443426,75.70553433,-19.13187598,54.20912929,21.4890094,10.64396254,4.219366995
1.563073967,14.90733633,-5.071899733,1.582793092,75.92226297,-19.13418996,54.21571211,21.69915521,10.64525507,4.260629125
1.564140467,14.96027567,-5.081599567,1.583063119,76.19188015,-19.17078344,54.31981341,21.86467109,10.66569536,4.293128168
1.565079033,15.01503567,-5.107220633,1.583177822,76.47076988,-19.26744118,54.5947858,21.86858843,10.71968619,4.293897338
1.566051267,15.05932967,-5.114649433,1.583483652,76.69635685,-19.29546698,54.67451375,22.01444745,10.73534077,4.322536757
1.5670965,15.105825,-5.1285806,1.583829363,76.93315508,-19.34802354,54.82402689,22.10173254,10.76469768,4.339675184
1.5681501,15.15482467,-5.128833133,1.584145763,77.18270775,-19.34897625,54.82673715,22.34857495,10.76522984,4.388142692
1.569061133,15.20544767,-5.139607433,1.584295173,77.44052797,-19.38962324,54.94236992,22.4907624,10.78793433,4.416061196
1.570064467,15.250419,-5.146726933,1.584621913,77.66956455,-19.41648219,55.01877837,22.64339053,10.80293713,4.446029731
1.5710939,15.298376,-5.164736133,1.584929833,77.91380698,-19.48442349,55.2120581,22.69435323,10.84088761,4.456036256
1.572076233,15.34977733,-5.171625633,1.585138833,78.17559121,-19.51041473,55.28599813,22.88219743,10.85540573,4.492919465
1.573060867,15.39896533,-5.1843209,1.585383433,78.42610305,-19.55830875,55.42224725,22.99646015,10.88215825,4.51535495
1.574079933,15.45444233,-5.2039431,1.585567848,78.70864443,-19.63233523,55.63283814,23.06841063,10.92350777,4.529482428
1.575090533,15.49958867,-5.203629167,1.585899222,78.93857228,-19.63115089,55.62946892,23.3017077,10.92284622,4.575290308
1.576056533,15.54651367,-5.2140573,1.586159235,79.17755878,-19.67049195,55.74138654,23.42877659,10.94482125,4.600240283
1.577062633,15.59608333,-5.2360309,1.58641956,79.43001443,-19.75338929,55.97721331,23.44540547,10.99112583,4.603505364
1.5781043,15.63974967,-5.233729367,1.586804266,79.65240472,-19.74470656,55.95251262,23.69249645,10.98627585,4.652021678
1.579114267,15.692592,-5.250689333,1.58701922,79.92152788,-19.80868953,56.13453169,23.77960055,11.0220153,4.669124568
1.5800857,15.74060033,-5.2604364,1.587268368,80.16603175,-19.8454612,56.23913991,23.91949619,11.04255512,4.696593077
1.581055033,15.78623167,-5.277016333,1.587551178,80.39842967,-19.90801046,56.41708035,23.97395367,11.07749373,4.707285804
1.582089133,15.83872667,-5.284863633,1.587795491,80.66578389,-19.9376151,56.50129975,24.15708849,11.09403021,4.743244325
1.5830935,15.88631667,-5.281939333,1.588083866,80.9081572,-19.92658292,56.46991535,24.4308462,11.08786788,4.796996651
1.584079367,15.93745733,-5.293872367,1.588300321,81.16861387,-19.97160134,56.59798398,24.56323424,11.11301415,4.822991044
1.5850163,15.98079567,-5.315213867,1.588585229,81.38933367,-20.05211403,56.82702687,24.55491115,11.15798673,4.821356804
1.5860751,16.02996467,-5.318132867,1.588904282,81.63974875,-20.06312622,56.85835439,24.77399871,11.16413788,4.864374646
1.587078033,16.08268767,-5.338507367,1.589113997,81.90826415,-20.13999082,57.07701918,24.82384933,11.20707272,4.874162816
1.588097167,16.12868267,-5.345342633,1.589441136,82.14251422,-20.16577747,57.15037715,24.98474141,11.22147655,4.905753977
1.5890367,16.17749467,-5.350027533,1.589646293,82.39111111,-20.18345167,57.2006568,25.18305866,11.23134896,4.944693568
1.590096167,16.22736267,-5.371033867,1.589955495,82.64508616,-20.26269992,57.4261026,25.21158791,11.27561524,4.950295286
1.591157633,16.26850333,-5.351795367,1.590398001,82.85461336,-20.19012097,57.21962968,25.62758803,11.23507429,5.03197691
1.592011733,16.32483267,-5.383388033,1.590404626,83.14149563,-20.3093071,57.55869094,25.57540904,11.30164897,5.021731565
1.5930168,16.369666,-5.3848521,1.590735175,83.36982939,-20.31483042,57.57440371,25.78803003,11.30473417,5.063479696
1.5940721,16.421641,-5.415776433,1.591008511,83.63453527,-20.4314952,57.90629223,25.72084739,11.36990048,5.050288385
1.5951142,16.467087,-5.412635,1.591366876,83.8659893,-20.41964387,57.8725775,25.98601616,11.36328059,5.102354273
1.5960885,16.51532967,-5.420973767,1.591615365,84.11168661,-20.4511026,57.96207145,26.14221951,11.38085273,5.133024801
1.597051933,16.56711067,-5.429902233,1.591799753,84.37540446,-20.48478603,58.05789424,26.31011458,11.39966753,5.165990998
1.598033933,16.613207,-5.452253967,1.592088234,84.61017061,-20.56910992,58.29777924,26.30499573,11.44676895,5.164985911
1.599049667,16.66249467,-5.4446899,1.592362434,84.86119005,-20.54057381,58.21659958,26.63719483,11.43082933,5.230213204
1.600055167,16.71465167,-5.473045833,1.592583232,85.12682285,-20.64754908,58.52092332,26.59850388,11.49058329,5.222616238
1.6011008,16.75955333,-5.468556533,1.59295332,85.35550463,-20.63061279,58.4727429,26.87536607,11.48112307,5.276978128
1.6020415,16.808071,-5.483512733,1.593164072,85.6026025,-20.68703638,58.63325699,26.96194986,11.51264001,5.293978854
1.6031209,16.85199733,-5.4826468,1.5935826,85.82631695,-20.68376957,58.62396355,27.19495775,11.51081524,5.339729954
1.604127633,16.90266233,-5.496500967,1.593827079,86.08435107,-20.73603564,58.77265031,27.30430511,11.54000989,5.361200309
1.605051,16.95766967,-5.5299069,1.59392286,86.36450047,-20.86206247,59.13117206,27.22593276,11.61040563,5.345811898
1.606119333,16.999677,-5.5023098,1.594359193,86.57844156,-20.75794998,58.83499232,27.73605359,11.55225074,5.445974122
1.6070505,17.04873167,-5.5301552,1.594552332,86.82827434,-20.86299921,59.13383688,27.68704181,11.61092887,5.43635066
1.6080383,17.09913433,-5.5234445,1.594781824,87.08497241,-20.8376825,59.06181579,28.01576098,11.59678753,5.500894668
1.608989333,17.146213,-5.540555467,1.595024559,87.32474153,-20.90223513,59.24545543,28.07189046,11.63284517,5.511915691
1.6100665,17.19662967,-5.558160467,1.595343207,87.58151091,-20.96865155,59.43439717,28.13971809,11.66994388,5.525233647
1.611102367,17.243698,-5.571945067,1.59567093,87.8212274,-21.02065517,59.58233732,28.23149443,11.69899193,5.543253932
1.6120279,17.29361533,-5.580852533,1.595845457,88.0754537,-21.05425938,59.67793472,28.39012332,11.71776248,5.574400715
1.613054433,17.339852,-5.580658433,1.59617636,88.31093456,-21.05352712,59.67585159,28.62768732,11.71735346,5.621046405
1.614154967,17.39358333,-5.600180967,1.596468505,88.58458535,-21.1271776,59.88537283,28.69181687,11.75849296,5.633638242
1.6150922,17.43898,-5.614123333,1.596722746,88.81578813,-21.17977641,60.03500618,28.77338631,11.78787346,5.649654402
1.6160361,17.49146467,-5.621764033,1.596877014,89.08308972,-21.20860163,60.11700829,28.95868578,11.80397458,5.686037954
1.6171037,17.53716067,-5.630926933,1.597257118,89.31581699,-21.24316948,60.21534707,29.09307427,11.8232834,5.712425133
1.6180752,17.57949667,-5.6072275,1.597591673,89.53143197,-21.15376127,59.96099818,29.56303814,11.77334199,5.804702538
1.6190509,17.63409433,-5.637912267,1.597745951,89.80949495,-21.26952226,60.29031561,29.51178369,11.83800347,5.794638728
1.6201122,17.682116,-5.651241467,1.598084765,90.05406672,-21.31980785,60.43336828,29.61330279,11.86609186,5.814572003
1.621043267,17.730922,-5.670611567,1.598281545,90.30263305,-21.39288326,60.64125356,29.65398384,11.90691014,5.822559727
1.622057533,17.77402733,-5.659699933,1.598647292,90.5221662,-21.35171816,60.52414689,29.99062366,11.88391624,5.888658956
1.6230806,17.82773333,-5.687207367,1.598862352,90.79568797,-21.45549239,60.81936429,29.96892803,11.94188218,5.884399019
1.6240723,17.87095567,-5.679077933,1.599203772,91.01581699,-21.42482338,60.73211696,30.27630438,11.92475117,5.944752366
1.6250582,17.92550167,-5.703682567,1.599369027,91.29361684,-21.51764653,60.99618071,30.29004048,11.97660008,5.947449449
1.6261111,17.97497967,-5.718009633,1.599677531,91.54560564,-21.57169666,61.14994276,30.38826722,12.00679126,5.96673627
1.6270687,18.01925633,-5.7091805,1.599968988,91.77110432,-21.53838797,61.05518605,30.70852262,11.98818578,6.029618416
1.628119367,18.061161,-5.714091767,1.600389199,91.98452254,-21.55691616,61.10789513,30.86923176,11.99853521,6.061173655
1.629064,18.116436,-5.7257342,1.60050222,92.26603514,-21.60083827,61.23284495,31.02579454,12.02306911,6.091914758
1.6300878,18.16188033,-5.7357097,1.60084231,92.49748069,-21.63847172,61.33990479,31.15018025,12.04409031,6.116337893
1.631067067,18.21063833,-5.751647933,1.601088013,92.74580256,-21.69860012,61.51095833,31.22744859,12.07767667,6.13150953
1.6320389,18.262328,-5.764488867,1.601282175,93.00905526,-21.74704367,61.64877079,31.35288882,12.10473614,6.15613972
1.633063133,18.30136633,-5.7596073,1.601719077,93.20787539,-21.72862753,61.59638046,31.60409928,12.0944493,6.205464895
1.6341145,18.35135433,-5.774635967,1.602018374,93.46246159,-21.78532451,61.75767228,31.69739366,12.12611895,6.223783246
1.6350311,18.406702,-5.7881166,1.602102268,93.74434428,-21.83618139,61.90235017,31.83459846,12.15452646,6.250723408
1.635990967,18.452368,-5.7828137,1.60237509,93.97691877,-21.81617573,61.84543798,32.12408514,12.14335175,6.307564117
1.637139367,18.50677367,-5.7954504,1.602704957,94.2540039,-21.86384879,61.98105855,32.26554971,12.16998085,6.335340685
1.638203833,18.555799,-5.801593633,1.603031837,94.50368729,-21.88702469,62.04698943,32.44930221,12.18292638,6.371420489
1.6391656,18.60133933,-5.800832733,1.60330845,94.73562176,-21.88415412,62.03882324,32.68940287,12.18132294,6.418564254
1.640162567,18.650674,-5.826526467,1.603563176,94.98688057,-21.981086,62.31457552,32.66490941,12.2354669,6.413754962
1.641192933,18.69816,-5.8261099,1.603879116,95.22872422,-21.97951447,62.31010481,32.91122376,12.23458908,6.462118785
1.6421773,18.74857867,-5.8481604,1.604104934,95.48550378,-22.06270193,62.54675689,32.93135124,12.28105572,6.466070816
1.6431099,18.79496,-5.833619767,1.604339727,95.72172142,-22.0078461,62.39070278,33.32362299,12.25041449,6.543093374
1.644153067,18.848319,-5.862774867,1.604580107,95.99347594,-22.11783629,62.7036034,33.28247689,12.31185253,6.535014337
1.645148967,18.89585733,-5.862748933,1.604860793,96.23558611,-22.11773846,62.70332508,33.52486539,12.31179788,6.582607319
1.646176,18.94470733,-5.8754325,1.605152878,96.48437654,-22.16558834,62.83944863,33.63753226,12.33852574,6.604729459
1.647196567,18.98762,-5.874961067,1.605527824,96.70292844,-22.16380981,62.83438908,33.86114372,12.3375323,6.648635569
1.648147467,19.03482367,-5.880406233,1.605768545,96.94333418,-22.18435218,62.89282812,34.04311042,12.3490068,6.68436473
1.649154367,19.08500233,-5.890676333,1.606020507,97.19889144,-22.22309704,63.00304968,34.18844611,12.3706488,6.712901393
1.650157967,19.13700733,-5.905705933,1.606241691,97.46375011,-22.27979754,63.16435151,34.29200294,12.40232042,6.733234778
1.6511292,19.18712233,-5.900153633,1.606458944,97.71898311,-22.258851,63.10476269,34.60682477,12.39062015,6.795050043
1.652126067,19.23248167,-5.913207533,1.60677338,97.94999576,-22.30809799,63.24486077,34.69773934,12.41812841,6.81290112
1.653160433,19.275385,-5.923298533,1.607162266,98.16850013,-22.34616718,63.35316018,34.8079443,12.439393,6.834539864
1.654200667,19.331908,-5.939432133,1.607352111,98.45636873,-22.40703261,63.52631045,34.92266263,12.47339106,6.857064808
1.6551176,19.377517,-5.945000833,1.607582857,98.68865292,-22.42804102,63.58607528,35.09518199,12.48512588,6.890938983
1.656189867,19.422977,-5.945020033,1.607971178,98.92017825,-22.42811345,63.58628134,35.32650126,12.48516634,6.936358523
1.657206633,19.47358733,-5.9588305,1.608226512,99.17793396,-22.48021466,63.7344991,35.43603921,12.5142689,6.9578663
1.6581738,19.520214,-5.9701077,1.60849218,99.41540107,-22.52275889,63.85552914,35.55247628,12.53803315,6.980728718
1.6591321,19.56937433,-5.975909567,1.608710863,99.66577201,-22.54464695,63.91779638,35.74057998,12.55025932,7.017662879
1.660162333,19.60900867,-5.9693187,1.609144798,99.86762754,-22.51978232,63.84706137,36.01317052,12.5363705,7.071186031
1.661175133,19.659619,-5.988121667,1.609396165,100.1253832,-22.59071818,64.04886002,36.06912757,12.57599367,7.082173199
1.6621422,19.70845267,-5.991970067,1.60962853,100.3740905,-22.6052366,64.09016212,36.27653272,12.58410333,7.122897199
1.6631174,19.75664267,-5.989393233,1.609878711,100.6195196,-22.59551527,64.06250683,36.54961709,12.57867322,7.176517315
1.664167067,19.80664967,-6.007212467,1.610176022,100.8742025,-22.66273991,64.25374778,36.6130591,12.61622338,7.188974154
1.665133567,19.85876267,-6.034823733,1.610358482,101.1396112,-22.76690585,64.55007956,36.58213603,12.67440812,7.18290241
1.666136567,19.90904533,-6.0364658,1.61060498,101.3956982,-22.77310069,64.56770267,36.82059984,12.67786842,7.229724778
1.667138067,19.95133,-6.0350968,1.610970307,101.6110517,-22.76793602,64.55301018,37.05064586,12.67498355,7.274894315
1.668148133,19.999146,-6.030373267,1.611260982,101.854576,-22.75011607,64.50231591,37.34486445,12.66502973,7.332664135
1.6691668,20.051518,-6.0509046,1.611491712,102.1213038,-22.82757234,64.72266388,37.39124427,12.70829505,7.341770812
1.670177833,20.09622267,-6.0528242,1.611830163,102.3489823,-22.8348142,64.74326556,37.59832105,12.71234019,7.382430339
1.671080933,20.14427133,-6.062426433,1.612010371,102.5936915,-22.87103947,64.84631939,37.7399765,12.73257481,7.410244386
1.672106767,20.19439433,-6.0678638,1.612282104,102.8489653,-22.89155242,64.90467472,37.93689492,12.74403288,7.448909317
1.673175433,20.23808533,-6.075768967,1.612693439,103.0714812,-22.92137536,64.98951516,38.07457039,12.7606913,7.475941897
1.6741625,20.291588,-6.082843767,1.612875559,103.3439674,-22.94806567,65.06544387,38.27112788,12.7755999,7.51453596
1.675073867,20.33965867,-6.096309367,1.613063702,103.5887887,-22.99886583,65.20996043,38.37143265,12.80397573,7.534230801
1.676198067,20.38315733,-6.0929133,1.613533465,103.8103251,-22.98605387,65.1735129,38.62941655,12.79681926,7.58488594
1.677197267,20.442758,-6.102506167,1.613635973,104.1138681,-23.02224381,65.2764662,38.83000624,12.81703414,7.624271725
1.6781605,20.48493067,-6.109551767,1.613964718,104.3286512,-23.04882396,65.35208154,38.96917403,12.83188121,7.651597321
1.679134833,20.52827267,-6.117445933,1.614286971,104.5493897,-23.0786054,65.43680392,39.10519012,12.84851645,7.678304081
1.680214467,20.58017333,-6.132984467,1.614585759,104.813717,-23.13722589,65.60356777,39.20275358,12.88126053,7.697460665
1.681140133,20.62414667,-6.119203733,1.614849847,105.0376708,-23.08523686,65.45566912,39.57460606,12.85222063,7.770473899
1.6821418,20.66758533,-6.1315101,1.615197979,105.2589016,-23.13166371,65.58774446,39.66376151,12.87815362,7.787979573
1.6831532,20.71938433,-6.148969033,1.615430063,105.5227111,-23.19752908,65.77511858,39.74019692,12.91494453,7.802987665
1.684140633,20.77029733,-6.1437219,1.61565151,105.7820083,-23.17773381,65.71880489,40.05580778,12.90388734,7.864957858
1.685146433,20.82168133,-6.171318033,1.615884238,106.0437043,-23.28184266,66.01497424,40.02133438,12.96204019,7.858189005
1.686168933,20.86729,-6.165141767,1.616220555,106.2759868,-23.25854215,65.94868884,40.31990227,12.94902505,7.916812811
1.6871611,20.913869,-6.171077567,1.616511941,106.5132111,-23.28093548,66.01239349,40.49342197,12.96153346,7.950883403
1.688157467,20.966899,-6.191378567,1.616710471,106.78329,-23.35752279,66.23026945,40.54562494,13.00431341,7.961133458
1.6891246,21.01609333,-6.193958767,1.616937476,107.0338341,-23.36725683,66.25796087,40.76847762,13.00975062,8.00489058
1.690157933,21.06479833,-6.193631967,1.617238042,107.2818861,-23.36602394,66.25445356,41.02003687,13.00906196,8.05428424
1.691129133,21.109163,-6.1899964,1.617541776,107.507833,-23.35230845,66.21543565,41.28500165,13.00140079,8.106310074
1.692160733,21.159327,-6.202856867,1.617818659,107.7633155,-23.40082569,66.35345775,41.40246211,13.02850143,8.129373435
1.6931904,21.20583,-6.2141412,1.618148688,108.0001528,-23.44339684,66.47456434,41.51819279,13.05228071,8.152097155
1.694116533,21.253096,-6.205403333,1.618363704,108.240876,-23.41043246,66.38078714,41.8526932,13.03386755,8.21777631
1.695093967,21.302737,-6.225425733,1.618594289,108.4936949,-23.48596874,66.59567309,41.8906262,13.07606041,8.225224454
1.6962,21.34949033,-6.2200791,1.618996918,108.7318071,-23.46579809,66.53829153,42.18611996,13.06479354,8.283244655
1.697159067,21.39623133,-6.2595892,1.619252766,108.9698565,-23.61485343,66.96232489,42.00013601,13.14805249,8.246726706
1.6980553,21.446861,-6.2451849,1.619387276,109.2277107,-23.56051194,66.80773394,42.41258113,13.11769856,8.327710305
1.6991226,21.49181333,-6.241061233,1.619778268,109.4566505,-23.54495504,66.76347761,42.68577728,13.10900883,8.381352369
1.7001964,21.54232467,-6.259353667,1.620092125,109.713902,-23.61396486,66.95979708,42.74670932,13.14755616,8.393316375
1.701161,21.59071667,-6.2590434,1.620328668,109.9603599,-23.61279436,66.95646721,42.99649704,13.14690234,8.442362194
1.702138533,21.63070067,-6.260935933,1.620704642,110.1639963,-23.61993411,66.9767784,43.17982221,13.15089044,8.478358092
1.7032241,21.67825033,-6.257193567,1.621074824,110.4061642,-23.6058157,66.93661428,43.46215423,13.14300421,8.533793983
1.704123167,21.73499733,-6.277792133,1.621120132,110.6951736,-23.68352561,67.15768382,43.53009412,13.18641122,8.54713398
1.705152967,21.781662,-6.292602067,1.621447862,110.9328342,-23.73939739,67.31662813,43.60881045,13.21761993,8.562589931
1.7061615,21.826858,-6.292805367,1.621776421,111.163015,-23.74016436,67.31881,43.83680938,13.21804834,8.607357521
1.707178967,21.87334667,-6.293090967,1.622094466,111.3997793,-23.74124181,67.32187514,44.07050852,13.21865018,8.653244348
1.708102967,21.91405033,-6.290860633,1.622406079,111.6070809,-23.73282768,67.29793858,44.30174666,13.21395024,8.698647957
1.709079,21.965451,-6.300470367,1.62260879,111.8688617,-23.76908125,67.40107291,44.46039317,13.23420067,8.729798199
1.710132967,22.01341633,-6.3081266,1.622941118,112.1131466,-23.79796507,67.48324173,44.62250922,13.25033451,8.761629685
1.711145167,22.06273333,-6.315696733,1.623211344,112.3643154,-23.82652406,67.5644865,44.79243328,13.26628692,8.794994274
1.712116633,22.11742933,-6.344572033,1.623359909,112.6428792,-23.93545868,67.87438422,44.76109934,13.32713534,8.788841855
1.7131225,22.15426933,-6.327299433,1.623811518,112.8305034,-23.87029627,67.68900989,45.13409781,13.29073709,8.862080106
1.714149833,22.212347,-6.331971967,1.623965073,113.1262898,-23.88792382,67.73915681,45.37973733,13.30058344,8.910311424
1.715119767,22.25226867,-6.323503533,1.624334385,113.3296087,-23.85597591,67.64827124,45.6739418,13.28273806,8.968078473
1.7161393,22.29921867,-6.324647433,1.624647555,113.5687225,-23.86029137,67.66054789,45.90077898,13.28514858,9.012617953
1.717172033,22.34716433,-6.336140167,1.624958946,113.8129072,-23.90364872,67.78389109,46.02162048,13.30936702,9.036345182
1.718133533,22.39321833,-6.345718367,1.625227564,114.0474578,-23.93978333,67.88668699,46.15337513,13.32955099,9.062215207
1.719119833,22.44687467,-6.363960767,1.625406604,114.3207266,-24.00860439,68.08246949,46.23086146,13.36799288,9.077429647
1.720140933,22.493319,-6.355262467,1.625728949,114.5572651,-23.97578929,67.98911692,46.56075252,13.34966311,9.142203757
1.721065333,22.54522967,-6.381544267,1.625872353,114.8216433,-24.0749397,68.27118049,46.54306719,13.40504629,9.138731242
1.722061833,22.587978,-6.375905667,1.626225704,115.0393583,-24.05366758,68.21066547,46.82129717,13.39316416,9.1933617
1.7232211,22.63438367,-6.3814295,1.626686798,115.2756999,-24.07450673,68.26994878,46.99835543,13.40480444,9.228127088
1.724162533,22.68529633,-6.387115967,1.62686225,115.5349953,-24.09595943,68.33097752,47.19662217,13.41678744,9.267056762
1.7250061,22.73347833,-6.3821389,1.626980918,115.7803837,-24.07718301,68.27756226,47.49542576,13.40629935,9.325726848
1.726162233,22.782504,-6.403711467,1.627399461,116.0300688,-24.15856742,68.50908503,47.51358808,13.45175884,9.329293019
1.7272098,22.83575433,-6.405528533,1.627645876,116.3012698,-24.16542247,68.52858629,47.7652879,13.45558792,9.37871428
1.728109667,22.88235533,-6.421117,1.627844631,116.5386062,-24.22423134,68.69588604,47.83532454,13.48843722,9.392465974
1.729064467,22.92460867,-6.411048233,1.628163729,116.7538002,-24.18624602,68.58782524,48.1585793,13.46721949,9.455937045
1.7301275,22.97044867,-6.4266844,1.6285371,116.9872608,-24.24523484,68.75563692,48.22422828,13.50016931,9.468827222
1.731142833,23.02165733,-6.425401067,1.628781999,117.2480638,-24.24039336,68.74186383,48.49880435,13.49746496,9.522740235
1.732141233,23.07229533,-6.436540733,1.62901855,117.5059604,-24.28241873,68.86141782,48.63714697,13.52093939,9.549903808
1.733138267,23.11976067,-6.431505033,1.629301467,117.7476988,-24.26342111,68.80737329,48.9329299,13.51032775,9.607980785
1.734116667,23.16262233,-6.438456867,1.629635014,117.965991,-24.28964751,68.8819823,49.07661306,13.52497722,9.636192974
1.7351009,23.20973467,-6.4363793,1.629910442,118.2059316,-24.28180971,68.85968527,49.33885066,13.5205992,9.687683327
1.7361607,23.25545967,-6.4403432,1.630282309,118.4388066,-24.29676387,68.90222695,49.52918396,13.52895226,9.72505527
1.7370806,23.307925,-6.461558633,1.630412868,118.7060097,-24.37680097,69.12991686,49.56869716,13.57365918,9.732813688
1.7381426,23.35309133,-6.447053567,1.630795341,118.9360394,-24.32207932,68.97424447,49.95439927,13.5430929,9.808546297
1.739165333,23.402994,-6.461943133,1.631067289,119.190191,-24.37825153,69.13404342,50.04875191,13.57446943,9.827072438
1.740159733,23.45948567,-6.481938533,1.631211771,119.4779,-24.45368594,69.3486396,50.12186476,13.61660539,9.841428145
1.741142533,23.49260267,-6.456861667,1.631696326,119.6465631,-24.35908125,69.07950771,50.55965975,13.56376134,9.927389191
1.7421643,23.539068,-6.4689034,1.632019022,119.8832086,-24.40450975,69.20874294,50.66706997,13.58913668,9.948479189
1.7431392,23.592591,-6.478236367,1.632188668,120.1557983,-24.43971919,69.30890692,50.83949575,13.60880387,9.98233499
1.744121033,23.639907,-6.497122767,1.632458633,120.3967762,-24.51096981,69.51160101,50.87777951,13.64860286,9.989852007
1.745117567,23.68579767,-6.496200733,1.632764741,120.6304949,-24.50749135,69.50170549,51.12139373,13.64665987,10.03768566
1.746185267,23.73858633,-6.496084667,1.633038235,120.8993447,-24.50705348,69.50045983,51.39148923,13.64641529,10.09071891
1.7471503,23.783236,-6.498109667,1.633331514,121.1267431,-24.51469297,69.52219269,51.59715472,13.65068253,10.13110133
1.748018867,23.832965,-6.520844467,1.633451908,121.3800102,-24.60046202,69.76618887,51.60642567,13.69859118,10.13292168
1.749191533,23.876817,-6.506820533,1.633964822,121.6033461,-24.54755549,69.61568013,51.98027029,13.66903879,10.20632607
1.750207667,23.920634,-6.5092837,1.634321728,121.8265037,-24.556848,69.64211552,52.17699253,13.67422938,10.24495248
1.751075167,23.971224,-6.512570533,1.634428102,122.0841558,-24.56924787,69.67739072,52.39936947,13.68115567,10.2886162
1.752051567,24.02068333,-6.515660767,1.634660386,122.3360496,-24.58090605,69.71055596,52.61809796,13.68766766,10.33156353
1.753147467,24.07238567,-6.5295329,1.634978424,122.5993668,-24.6332399,69.85943555,52.73253558,13.71690017,10.35403336
1.754188,24.11917667,-6.546970233,1.635314987,122.8376708,-24.69902378,70.04657785,52.78369733,13.75364556,10.36407897
1.7551428,24.15811167,-6.517694933,1.63568401,123.0359647,-24.58858012,69.73238721,53.29618183,13.69195423,10.4647053
1.756098533,24.20953233,-6.537131,1.635866119,123.2978474,-24.6619044,69.94098046,53.34947127,13.73291151,10.47516868
1.757142267,24.26498467,-6.572454933,1.636075572,123.5802631,-24.79516706,70.32008671,53.25278077,13.80734903,10.4561835
1.758143,24.30634367,-6.560860033,1.63645406,123.7909023,-24.75142428,70.19564703,53.58785962,13.78291529,10.52197624
1.759127667,24.35029033,-6.5497708,1.636777549,124.0147203,-24.70958917,70.0766343,53.93069036,13.75954715,10.58929105
1.760111667,24.395014,-6.547055233,1.637088681,124.2424955,-24.69934445,70.04749009,54.18760981,13.75382468,10.63973719
1.7610543,24.44738567,-6.569536367,1.637243383,124.5092216,-24.78415651,70.28876385,54.21306213,13.80119878,10.64473475
1.762177467,24.49798233,-6.567856467,1.637605322,124.7669077,-24.77781894,70.27073469,54.48877739,13.79765876,10.69887144
1.7631286,24.54261133,-6.572503567,1.637885012,124.9942008,-24.79535054,70.32060866,54.66619652,13.80745151,10.73370769
1.7641015,24.58582167,-6.589996167,1.638207813,125.2142687,-24.86134292,70.5083441,54.69852899,13.84431336,10.74005617
1.765116233,24.63518833,-6.58109,1.638479825,125.4656905,-24.82774361,70.41276064,55.04553423,13.82554555,10.80819065
1.766184,24.68421167,-6.577816,1.638810035,125.7153637,-24.81539216,70.37762317,55.3303449,13.81864631,10.86411322
1.767123567,24.735084,-6.595801333,1.638984228,125.9744538,-24.88324342,70.57064675,55.39641138,13.85654649,10.87708537
1.7681513,24.779525,-6.5813276,1.639343346,126.2007894,-24.82863998,70.41531063,55.77808312,13.82604624,10.95202662
1.7691939,24.83271267,-6.595008233,1.639585738,126.4716713,-24.88025138,70.56213499,55.9021407,13.8548752,10.97638533
1.7701194,24.873653,-6.5810445,1.639895291,126.6801783,-24.82757196,70.41227233,56.26051028,13.82544967,11.04675119
1.7710847,24.92770067,-6.621232367,1.640047443,126.9554401,-24.97918424,70.84357966,56.10446481,13.91013687,11.01611167
1.7721366,24.963416,-6.5956715,1.640562006,127.1373364,-24.88275361,70.56925335,56.56068739,13.85627289,11.10569097
1.773181867,25.01455367,-6.6143972,1.640837907,127.3977778,-24.95339797,70.77022275,56.62015938,13.89573324,11.11736829
1.7741099,25.06180567,-6.612653567,1.641055034,127.6384297,-24.94681996,70.7515096,56.87952443,13.89205891,11.16829462
1.775075333,25.11351067,-6.621152867,1.641242565,127.9017605,-24.97888432,70.84272644,57.05163837,13.90996934,11.20208919
1.7761391,25.158067,-6.6203577,1.641635982,128.1286835,-24.97588448,70.83419249,57.28709533,13.9082937,11.24832117
1.777140667,25.208009,-6.623460933,1.641886171,128.3830354,-24.98759171,70.86749725,57.50814249,13.91483309,11.29172378
1.7781577,25.250194,-6.6367938,1.642268531,128.5978813,-25.03789112,71.01058928,57.57989641,13.9429292,11.30581266
1.779118633,25.29594867,-6.625098067,1.642541086,128.8309074,-24.99376794,70.88506742,57.93844432,13.91828299,11.37621354
1.780126133,25.34118967,-6.6307397,1.642867935,129.0613174,-25.0150515,70.945615,58.10830673,13.9301715,11.40956603
1.7811899,25.39384633,-6.636034333,1.643139482,129.3294949,-25.03502597,71.00243847,58.31966083,13.94132879,11.4510654
1.782126667,25.43565567,-6.645287167,1.643447227,129.5424276,-25.0699331,71.10174244,58.43328955,13.96082713,11.4733764
1.7831626,25.48712333,-6.6424343,1.643708829,129.8045497,-25.05917041,71.07112469,58.72602936,13.95481533,11.53085587
1.784032533,25.53924767,-6.6521759,1.643794552,130.0700161,-25.09592145,71.17567424,58.88694624,13.97534364,11.56245189
1.785121867,25.57430433,-6.6301397,1.644356458,130.2485578,-25.01278794,70.93917563,59.30198657,13.92890713,11.64394506
1.786185433,25.63238067,-6.6685176,1.644546266,130.5443375,-25.15757196,71.3510579,59.18588395,14.00978022,11.62114831
1.7870947,25.67855633,-6.658185967,1.64476082,130.7795077,-25.11859496,71.24017594,59.53193609,13.98800855,11.68909565
1.788107167,25.726305,-6.666715333,1.645054908,131.0226891,-25.15077275,71.33171547,59.68357796,14.00598233,11.71887053
1.789180833,25.76928967,-6.664159967,1.64548187,131.2416077,-25.14113241,71.30429057,59.92992146,14.00059745,11.76724008
1.790164033,25.81942533,-6.6699462,1.645710779,131.4969459,-25.16296148,71.36639003,60.12316025,14.01279068,11.80518252
1.7910602,25.86320167,-6.6568942,1.645948331,131.7198964,-25.11372166,71.22631234,60.48618845,13.98528643,11.8764631
1.792068367,25.921122,-6.6816368,1.646085086,132.0148816,-25.2070653,71.49185679,60.51562915,14.03742608,11.88224378
1.793132833,25.95864533,-6.667483,1.646585014,132.2059859,-25.15366884,71.33995428,60.85863598,14.00760002,11.94959317
1.7941327,26.00092,-6.667637333,1.646948859,132.4212885,-25.15425108,71.34161063,61.07228224,14.00792525,11.99154262
1.795124467,26.058311,-6.6886994,1.647077178,132.7135778,-25.23370959,71.56765457,61.13852757,14.05230898,12.00454989
1.796126567,26.10110933,-6.6707729,1.647435377,132.9315474,-25.16608028,71.3752624,61.54888936,14.01453277,12.08512443
1.7970898,26.14576267,-6.6803061,1.647726801,133.1589644,-25.20204512,71.47757535,61.67399344,14.03462192,12.10968861
1.7981186,26.19677867,-6.685549767,1.647988065,133.4187862,-25.22182732,71.53385183,61.8775387,14.04567181,12.14965472
1.7990777,26.23667,-6.673815067,1.648347,133.6219506,-25.17755712,71.40791178,62.20664317,14.02094348,12.21427439
1.800207867,26.29117133,-6.697529767,1.648657194,133.899523,-25.26702292,71.66242452,62.2297028,14.07091705,12.21880214
1.8011415,26.339372,-6.7088005,1.648865648,134.1450064,-25.30954276,71.78338515,62.35422556,14.09466767,12.24325219
1.802125133,26.38279167,-6.692481833,1.649196033,134.3661404,-25.24797915,71.6082487,62.75049605,14.06027963,12.3210599
1.8030742,26.43761267,-6.713863833,1.649320317,134.6453408,-25.32864463,71.83772625,62.8002189,14.10533755,12.33082298
1.804134233,26.48512667,-6.7166572,1.649665503,134.8873271,-25.33918286,71.86770544,63.01222597,14.11122396,12.37245057
1.805155167,26.52724033,-6.6983056,1.650052836,135.1018097,-25.26994982,71.67075097,63.42366307,14.07255195,12.45323624
1.806084567,26.57822733,-6.709204833,1.650215136,135.3614837,-25.31106815,71.78772457,63.56636353,14.09551972,12.48125548
1.807036233,26.630247,-6.707072433,1.650384167,135.6264171,-25.30302348,71.76483906,63.8541824,14.09102615,12.53776871
1.808162933,26.67454733,-6.7251396,1.650844369,135.8520363,-25.37118346,71.95874091,63.88589978,14.12909878,12.54399642
1.809198067,26.72006433,-6.722188033,1.651194699,136.083852,-25.36004841,71.92706387,64.14939244,14.12287899,12.59573321
1.810095867,26.768868,-6.722858233,1.651358248,136.3324064,-25.3625768,71.93425665,64.39075412,14.12429129,12.64312457
1.811138133,26.81354433,-6.732991533,1.651728359,136.5599406,-25.40080557,72.04301003,64.5095349,14.14564502,12.66644718
1.812111033,26.857013,-6.7265366,1.652047273,136.7813242,-25.37645377,71.9737339,64.80019462,14.13204265,12.72351821
1.813175433,26.90467133,-6.7340463,1.652394653,137.0240455,-25.40478477,72.05433008,64.96231977,14.14786771,12.75535149
1.814090467,26.953506,-6.736848833,1.652574969,137.2727578,-25.41535758,72.08440765,65.18095454,14.15377344,12.79828042
1.815123333,26.997523,-6.714588967,1.6529456,137.496934,-25.33138026,71.84550858,65.64402981,14.10686561,12.88920525
1.8161454,27.03967867,-6.708628633,1.653333434,137.7116306,-25.30889438,71.78154063,65.92269431,14.0943055,12.94392103
1.817146567,27.09248433,-6.759305933,1.65354014,137.980567,-25.50007897,72.32542347,65.64774789,14.2010969,12.8899353
1.818120267,27.13888733,-6.727238033,1.653815707,138.216895,-25.37909999,71.98126187,66.22823748,14.13352077,13.00391443
1.819163867,27.19050667,-6.7594093,1.654082694,138.4797895,-25.50046893,72.32653283,66.14586101,14.20131472,12.98773981
1.820053433,27.23241267,-6.748255733,1.654341785,138.6932145,-25.45839112,72.20682966,66.47898919,14.177811,13.05314953
1.8211318,27.27698433,-6.7454543,1.654749571,138.9202156,-25.44782246,72.1767639,66.73605605,14.17190759,13.10362461
1.8221698,27.331159,-6.770462667,1.654972513,139.1961243,-25.54216874,72.44516063,66.74356799,14.22460729,13.10509957
1.823093567,27.37198,-6.760763667,1.655282128,139.4040234,-25.5055784,72.34106827,67.05555951,14.20416875,13.16635911
1.824066333,27.41562067,-6.7429835,1.65559832,139.626283,-25.43850115,72.15024659,67.46864076,14.16670092,13.24746761
1.825124067,27.477337,-6.773298433,1.655727532,139.940601,-25.55286692,72.47559486,67.45761046,14.23058305,13.24530181
1.8261346,27.51362233,-6.762775733,1.656192152,140.1254002,-25.5131691,72.36266233,67.75534224,14.20840875,13.30376145
1.8271176,27.56863133,-6.775805967,1.656347542,140.4055581,-25.56232681,72.50250641,67.89565605,14.23586713,13.33131206
1.828129467,27.60543967,-6.776883,1.656805627,140.593021,-25.56639001,72.51406543,68.07155989,14.23813675,13.36585078
1.829116533,27.65108,-6.765899033,1.657106035,140.8254647,-25.52495203,72.39618245,68.42188663,14.21499042,13.43463744
1.8300883,27.70093467,-6.783693933,1.657327738,141.0793719,-25.59208486,72.58716225,68.48481397,14.25248931,13.44699322
1.831090567,27.74619567,-6.787775367,1.657649053,141.3098837,-25.60748243,72.63096533,68.67152274,14.26109004,13.48365349
1.8322307,27.79001733,-6.7762062,1.658129889,141.5330651,-25.56383672,72.50680182,69.01886763,14.23671054,13.55185466
1.833085,27.83542033,-6.758529167,1.658301101,141.7643001,-25.49714855,72.317087,69.4398175,14.19946003,13.63450817
1.8340332,27.88651133,-6.7887478,1.658480637,142.0245039,-25.61115102,72.64140175,69.37570646,14.26313923,13.62191996
1.835085633,27.930486,-6.7832826,1.658871471,142.2484645,-25.59053307,72.58274771,69.65832112,14.25162251,13.67741135
1.836203533,27.979639,-6.777246933,1.659249865,142.4987981,-25.56776298,72.51797126,69.97343116,14.23890366,13.73928321
1.837088033,28.030895,-6.810364567,1.659363218,142.7598421,-25.69270218,72.87339889,69.87904758,14.30869187,13.72075099
1.838073233,28.07566933,-6.783351433,1.659674788,142.9878754,-25.59079275,72.58348645,70.3969933,14.25176756,13.82244963
1.839145367,28.119129,-6.791445733,1.660093071,143.2092131,-25.62132921,72.67035672,70.53146077,14.26882454,13.84885232
1.840121333,28.169999,-6.807829233,1.660303698,143.4682913,-25.68313741,72.84618899,70.61470668,14.30334921,13.86519766
1.841149667,28.20970233,-6.7783648,1.660734695,143.6704983,-25.57198023,72.52996851,71.1331341,14.24125932,13.96699088
1.842090333,28.271405,-6.814376967,1.660747045,143.9847466,-25.70783931,72.91646108,71.0608899,14.31714713,13.95280573
1.843023933,28.31860667,-6.8133734,1.660970496,144.2251422,-25.70405327,72.90569052,71.31205601,14.31503233,14.0021222
1.8441182,28.35784933,-6.7998484,1.661474357,144.425003,-25.65302901,72.76053647,71.65707085,14.28653134,14.06986586
1.845172067,28.40345133,-6.797084333,1.661842141,144.6572515,-25.64260133,72.73087174,71.91898412,14.28070667,14.12129253
1.846165,28.453237,-6.8185822,1.662086049,144.9108072,-25.72370393,72.96159281,71.94181878,14.32600875,14.12577612
1.847013133,28.49892567,-6.821402233,1.662246797,145.1434972,-25.73434275,72.99185819,72.14424332,14.33195135,14.16552218
1.8480978,28.55212967,-6.8234711,1.662531009,145.4144623,-25.74214773,73.01406184,72.39300478,14.33631104,14.21436649
1.849206,28.59421733,-6.818453167,1.663006,145.6288125,-25.72321714,72.96020798,72.66120886,14.32573684,14.26702836
1.850050267,28.64032933,-6.825626367,1.663156512,145.8636584,-25.75027867,73.03719276,72.81907003,14.3408528,14.2980244
1.851041167,28.68412267,-6.806163,1.663488541,146.0866955,-25.6768514,72.82830651,73.25099337,14.29983798,14.38283255
1.852138267,28.73506033,-6.828160767,1.663819284,146.3461183,-25.75983992,73.06439264,73.27433004,14.3461935,14.3874147
1.853076767,28.77883333,-6.8258176,1.664099219,146.5690519,-25.75100011,73.03924513,73.52241109,14.34125578,14.43612542
1.8541253,28.83263,-6.839003733,1.664338382,146.8430354,-25.80074597,73.18076237,73.65487738,14.36904269,14.46213517
1.8550714,28.87363667,-6.838281167,1.664667536,147.0518801,-25.79802002,73.17300758,73.87147692,14.36752004,14.50466449
1.856102267,28.921564,-6.827427233,1.664977336,147.2959715,-25.7570726,73.05652016,74.23205567,14.34464773,14.57546413
1.8571562,28.96678867,-6.8131372,1.665350865,147.5262983,-25.70316218,72.90315556,74.61574707,14.31453459,14.65080194
1.8580921,29.01898367,-6.839547467,1.665501491,147.7921246,-25.80279725,73.18659786,74.5981311,14.37018849,14.64734304
1.859147767,29.06268567,-6.840427867,1.665899661,148.0146965,-25.80611864,73.19604656,74.81125434,14.37204374,14.68918979
1.8600846,29.11001833,-6.8381195,1.666124374,148.2557593,-25.79741012,73.17127253,75.0770911,14.36717936,14.74138684
1.861056433,29.15819933,-6.861834367,1.666371324,148.5011425,-25.88687655,73.42578706,75.06795981,14.41715329,14.73959391
1.862103967,29.202844,-6.847779567,1.666747179,148.7285154,-25.83385357,73.27494704,75.44617271,14.38753585,14.81385601
1.863140167,29.24977667,-6.842751667,1.667077277,148.967541,-25.81488538,73.22098623,75.73915908,14.37694065,14.87138389
1.864068833,29.29402333,-6.8410643,1.667340252,149.1928869,-25.80851964,73.20287694,75.98261426,14.37338489,14.91918631
1.86507,29.342435,-6.8578593,1.667613065,149.4394449,-25.87188026,73.38312554,76.04892368,14.4087767,14.93220616
1.866103367,29.38862333,-6.838276067,1.667951529,149.6746796,-25.79800078,73.17295285,76.49433107,14.36750929,15.01966191
1.867094967,29.444118,-6.8651997,1.668108211,149.9573109,-25.89957257,73.46190475,76.48801053,14.424245,15.01842087
1.868145267,29.477564,-6.8482343,1.668655316,150.1276496,-25.83556909,73.27982737,76.84042659,14.3884941,15.08761776
1.8690726,29.52686967,-6.846025467,1.668840846,150.3787607,-25.82723608,73.25612156,77.11524351,14.38383947,15.14157806
1.8700727,29.57978067,-6.8700374,1.6690449,150.6482336,-25.91782322,73.51382428,77.12701366,14.4344394,15.14388913
1.871063967,29.62861133,-6.871251733,1.669301509,150.8969256,-25.9224044,73.52685685,77.36267306,14.43699834,15.19016086
1.872165967,29.67313067,-6.853497667,1.669733716,151.1236601,-25.85542561,73.33631528,77.7799492,14.39958551,15.27209303
1.873078333,29.71972767,-6.8803762,1.669945031,151.3609761,-25.95682725,73.62478315,77.72879735,14.45622617,15.26204936
1.874067767,29.76201067,-6.858418933,1.670298316,151.5763212,-25.87399152,73.38913168,78.17979387,14.409956,15.35060253
1.875140833,29.81392733,-6.864287833,1.670590297,151.84073,-25.89613247,73.45211834,78.381216,14.42232344,15.39015176
1.876153233,29.85900867,-6.8519025,1.670924448,152.0703268,-25.8494077,73.31919551,78.74373564,14.39622404,15.46133249
1.877062867,29.90520733,-6.862175633,1.671139022,152.3056141,-25.88816401,73.42944962,78.86876885,14.41787243,15.48588276
1.878022633,29.95635167,-6.8581179,1.671329323,152.5660895,-25.87285585,73.3859009,79.17279291,14.40932164,15.54557789
1.879091333,30.008396,-6.8814575,1.671615016,152.8311485,-25.96090655,73.63638797,79.18736485,14.45850478,15.54843909
1.880127533,30.05577733,-6.863105133,1.671938363,153.072459,-25.89167063,73.43942528,79.62563812,14.41983115,15.63449404
1.8811708,30.098934,-6.868439667,1.672332338,153.2922536,-25.91179563,73.49667697,79.78818101,14.43107252,15.66640934
1.882069367,30.14279767,-6.8807435,1.672570976,153.5156489,-25.95821292,73.62872512,79.87952816,14.45700018,15.68434535
1.883081633,30.19250233,-6.887355167,1.672835436,153.7687921,-25.98315602,73.69968336,80.06171311,14.47093283,15.72011737
1.884084167,30.23962333,-6.882419733,1.673129034,154.0087768,-25.96453666,73.64671492,80.35466627,14.46053247,15.77763872
1.885171933,30.280425,-6.858748433,1.673602939,154.2165775,-25.87523459,73.39266796,80.81651393,14.41065035,15.86832251
1.886058267,30.32395233,-6.877275933,1.673834404,154.4382599,-25.94513122,73.59151023,80.83935403,14.44969303,15.87280716
1.887010233,30.374229,-6.867801667,1.674029958,154.6943163,-25.90938871,73.48982977,81.19709085,14.42972808,15.94304879
1.888124567,30.42829867,-6.8878668,1.674330813,154.9696902,-25.9850862,73.70517435,81.25712018,14.47201098,15.95483555
1.889088633,30.47360367,-6.8796719,1.674613266,155.2004261,-25.95417022,73.61722441,81.57580605,14.45474201,16.01740952
1.890145867,30.50586567,-6.855999167,1.675185118,155.3647347,-25.86486274,73.36316207,81.99417702,14.40485687,16.09955666
1.8911179,30.56894067,-6.9125778,1.675208188,155.6859723,-26.07831063,73.97037966,81.70819702,14.52408405,16.04340449
1.892089,30.60667167,-6.878035567,1.675611625,155.8781343,-25.94799701,73.59966283,82.27107581,14.4512938,16.15392573
1.893102867,30.657987,-6.8885045,1.675853452,156.1394805,-25.98749198,73.71201832,82.42006655,14.4733548,16.18318007
1.894100633,30.704124,-6.896307933,1.676157088,156.3744538,-26.01693113,73.79576693,82.5712912,14.48979884,16.21287303
1.8951239,30.74301233,-6.874684633,1.676595279,156.57251,-25.93535531,73.56369968,83.00141464,14.44423243,16.29732777
1.8960884,30.796969,-6.887041733,1.676748001,156.8473084,-25.98197357,73.69631951,83.14359322,14.47027234,16.32524453
1.897068667,30.83470567,-6.880113133,1.67716052,157.0394992,-25.95583481,73.62195985,83.4101437,14.45567182,16.37758171
1.8981208,30.88879267,-6.8928927,1.677398914,157.3149614,-26.00404686,73.7591137,83.54845203,14.48260198,16.40473856
1.8992001,30.942714,-6.893862067,1.677666968,157.5895798,-26.00770388,73.76951722,83.81266697,14.48464471,16.45661716
1.9000849,30.97680733,-6.876324033,1.678038834,157.7632153,-25.9415401,73.58129418,84.17452552,14.44768711,16.52766809
1.900938333,31.02424633,-6.8822195,1.678178547,158.0048196,-25.96378127,73.64456596,84.35285802,14.46011053,16.56268367
1.902056467,31.069255,-6.883407433,1.678619525,158.2340463,-25.96826285,73.65731519,84.56933551,14.46261384,16.60518903
1.903127,31.11944967,-6.896586733,1.67893488,158.4896851,-26.01798292,73.79875909,84.68353034,14.49038635,16.62761118
1.904060767,31.16602167,-6.8715237,1.679167971,158.7268738,-25.92343041,73.52977567,85.18970246,14.43757145,16.72699808
1.905067533,31.21768567,-6.908808067,1.679397452,158.9899958,-26.06408898,73.92992183,85.05267827,14.51614015,16.70009338
1.906051433,31.258158,-6.903294267,1.679772446,159.1961192,-26.04328769,73.8707462,85.31797732,14.50452102,16.75218485
1.9071208,31.30659567,-6.8977297,1.680113068,159.4428096,-26.02229487,73.81102573,85.62438823,14.4927949,16.81234863
1.9080844,31.355716,-6.9119571,1.680337653,159.6929768,-26.07596899,73.96371813,85.72186305,14.52277606,16.83148781
1.909088733,31.413311,-6.9204812,1.680475469,159.9863051,-26.10812691,74.05520114,85.92370828,14.54073874,16.87112012
1.910111867,31.45171033,-6.919459,1.680920885,160.1818708,-26.10427057,74.0442306,86.13024456,14.53858468,16.91167352
1.911149433,31.483411,-6.886784367,1.681481515,160.3433206,-25.98100263,73.69355738,86.64236758,14.46972999,17.01222887
1.912206167,31.541872,-6.9081545,1.681658702,160.6410593,-26.06162334,73.92290757,86.71075611,14.5147629,17.02565696
1.913070333,31.59518,-6.921087433,1.68172085,160.9125541,-26.11041398,74.0617074,86.84345106,14.54201625,17.05171162
1.913998067,31.625274,-6.895756433,1.682195819,161.0658212,-26.01485054,73.78984808,87.2685775,14.48863667,17.13518519
1.915100767,31.675089,-6.9054618,1.682549053,161.3195264,-26.0514649,73.89400877,87.41812194,14.50908862,17.16454824
1.9161377,31.720976,-6.9202515,1.682895616,161.5532264,-26.10726035,74.05273593,87.4930948,14.5402547,17.17926916
1.917069833,31.76657233,-6.880481067,1.683141753,161.7854461,-25.95722287,73.62590861,88.1521418,14.45644716,17.30867304
1.918089,31.81713367,-6.9034581,1.683400224,162.0429522,-26.04390576,73.87250451,88.16305206,14.50486626,17.31081527
1.9191208,31.870975,-6.916439833,1.683621981,162.3171632,-26.0928805,74.01182807,88.29793951,14.53222244,17.33730042
1.920036233,31.913906,-6.892372633,1.683891518,162.5358085,-26.00208486,73.7535322,88.77488065,14.48150605,17.43094782
1.921134333,31.961665,-6.9143696,1.684271083,162.7790425,-26.08507036,73.98960975,88.78203713,14.52785987,17.43235299
1.922121333,32.00762,-6.904514133,1.68456669,163.0130889,-26.04788974,73.88383815,89.12185507,14.50709162,17.49907624
1.923086267,32.053246,-6.906191033,1.684845181,163.2454596,-26.05421599,73.90183511,89.33622888,14.51062532,17.54116854
1.924005067,32.09806933,-6.909740433,1.685089614,163.4737425,-26.06760642,73.93992825,89.52641857,14.51810491,17.57851229
1.925082533,32.13898633,-6.9185252,1.685551484,163.6821305,-26.10074773,74.0342088,89.6405261,14.5366169,17.6009173
1.9261445,32.18536167,-6.9015379,1.685915734,163.9183176,-26.03666164,73.85189639,90.05902559,14.50081986,17.68308968
1.927085267,32.232596,-6.907293633,1.68614586,164.1588796,-26.05837565,73.91366851,90.23781539,14.51294881,17.71819505
1.928154333,32.271301,-6.88764,1.68663261,164.356002,-25.98423058,73.70274027,90.64586612,14.47153305,17.79831581
1.929073,32.32933933,-6.9214007,1.68667809,164.6515882,-26.1115958,74.06506947,90.57912303,14.54267639,17.78521081
1.930120067,32.37607733,-6.941155767,1.687021983,164.8896223,-26.18612354,74.27708632,90.6051403,14.5843059,17.7903193
1.931105867,32.41756567,-6.901965633,1.687383591,165.1009201,-26.0382753,73.85648694,91.23703754,14.50172121,17.91439232
1.932071667,32.46807833,-6.918675267,1.687589428,165.3581784,-26.10131387,74.03581936,91.31496341,14.53693313,17.92969307
1.933110267,32.51018033,-6.8928048,1.687994604,165.5726016,-26.00371525,73.75817034,91.80703566,14.48241675,18.02631145
1.934097333,32.57373433,-6.940033733,1.6880255,165.8962788,-26.18189057,74.26504435,91.62383876,14.58194146,17.99034074
1.935127833,32.61296967,-6.934321567,1.688465705,166.0961022,-26.16034092,74.20373979,91.88496676,14.56990431,18.04161322
1.936111,32.658339,-6.921171367,1.68876629,166.3271658,-26.11073062,74.0626082,92.25716193,14.54219312,18.11469374
1.937005367,32.70009367,-6.9200325,1.689032457,166.53982,-26.10643415,74.05038556,92.48203884,14.53979321,18.15884833
1.9380521,32.74277733,-6.922162567,1.689437015,166.7572057,-26.11447001,74.07324603,92.67656399,14.54428186,18.19704334
1.9390604,32.78717533,-6.904386533,1.689777347,166.9833223,-26.04740836,73.88246871,93.09345794,14.50682273,18.27890047
1.9401613,32.84721133,-6.953067467,1.689975005,167.2890824,-26.23106148,74.40492599,92.87676078,14.60940722,18.23635198
1.94108,32.88129567,-6.928729733,1.690380907,167.4626721,-26.13924523,74.14372669,93.31154977,14.55812073,18.3217228
1.942069133,32.935885,-6.938648067,1.690548744,167.7406926,-26.17666302,74.25017299,93.483124,14.57902147,18.3554114
1.943095967,32.97834633,-6.929570367,1.690936746,167.9569459,-26.14241659,74.1527486,93.79680169,14.55989219,18.41700201
1.9440963,33.02339567,-6.921298333,1.691259312,168.1863798,-26.11120962,74.06397084,94.11501328,14.54246067,18.47948286
1.9450968,33.07540267,-6.932016533,1.691477367,168.4512486,-26.15164497,74.17900153,94.26485144,14.56504695,18.50890358
1.946139733,33.11350467,-6.9110171,1.691947056,168.6453001,-26.07242276,73.95362979,94.68427462,14.52079521,18.59125732
1.947082067,33.16339333,-6.924424967,1.692138814,168.8993804,-26.12300512,74.09752674,94.79445797,14.54904937,18.61289182
1.948096,33.202189,-6.908284633,1.692569066,169.0969646,-26.06211428,73.9243042,95.16526475,14.51503713,18.68569973
1.949157267,33.26087933,-6.941178167,1.692747337,169.3958713,-26.18620805,74.27732672,95.11114894,14.5843531,18.6750741
1.950086067,33.29905433,-6.913323267,1.693101794,169.5902945,-26.08112297,73.97838021,95.60451868,14.52565495,18.77194724
1.951040433,33.3431,-6.909242967,1.693393494,169.8146168,-26.06572968,73.9345893,95.87263181,14.51705661,18.82459126
1.952108667,33.39773067,-6.961304833,1.693639809,170.0928478,-26.26213767,74.49333169,95.59212046,14.62676568,18.76951285
1.9530663,33.44258233,-6.924376,1.693922649,170.3212749,-26.12282039,74.09700121,96.21687807,14.54894619,18.89218401
1.954093267,33.48403133,-6.921060867,1.694326015,170.5323725,-26.11031375,74.06142228,96.46355453,14.54196026,18.94061893
1.954943467,33.536161,-6.930517167,1.694391924,170.7978661,-26.14598848,74.16290992,96.62756049,14.56188736,18.9728215
1.955405033,33.56681567,-6.9384527,1.694392292,170.9539886,-26.17592598,74.24807626,96.69851672,14.57860977,18.98675376
1.9558971,33.58462133,-6.939110933,1.694616472,171.0446719,-26.17840923,74.2551406,96.78213568,14.57999686,19.00317234
1.956069467,33.570534,-6.9325905,1.695000783,170.9729259,-26.15381031,74.1851615,96.78036874,14.56625646,19.0028254
1.9550134,33.52848067,-6.918303,1.694577408,170.7587505,-26.09990946,74.03182409,96.71953079,14.53614866,18.99087987
1.953919967,33.47337333,-6.908508633,1.694313065,170.4780918,-26.06295934,73.92670823,96.54398796,14.51550916,18.95641204
1.953039833,33.422305,-6.9208123,1.694201255,170.2180036,-26.10937601,74.05875459,96.15185332,14.54143646,18.8794164
1.952116067,33.37859633,-6.922417633,1.693935085,169.9953977,-26.11543228,74.07598348,95.91201855,14.54481936,18.83232484
1.951057533,33.32585267,-6.9163583,1.69367008,169.726777,-26.09257291,74.01095303,95.70842833,14.53205063,18.7923499
1.950005267,33.28511567,-6.9422655,1.693230701,169.5193057,-26.19031011,74.28899629,95.22291373,14.58664442,18.69701911
1.9490071,33.22593533,-6.918950267,1.693122903,169.2179034,-26.10235133,74.03877074,95.17173702,14.53751263,18.68697056
1.948027067,33.17814467,-6.938201567,1.69286188,168.9745081,-26.17497856,74.24538103,94.72173143,14.57808056,18.59861197
1.947050967,33.12249733,-6.9163397,1.692722994,168.6910992,-26.09250274,74.01075341,94.67295017,14.53201143,18.58903377
1.9460127,33.07400133,-6.900658433,1.69241435,168.4441117,-26.03334377,73.84245771,94.59425835,14.49896657,18.57358263
1.944999167,33.03209933,-6.926663867,1.692031232,168.2307071,-26.13145157,74.12155523,94.10175619,14.55376737,18.47687983
1.9439693,32.97678767,-6.905235933,1.69183353,167.9490077,-26.05061279,73.89158471,94.05002737,14.50861266,18.46672287
1.943000667,32.919619,-6.9027198,1.691724999,167.6578508,-26.04112046,73.86458087,93.78587426,14.50331045,18.41485641
1.9420162,32.873417,-6.9323511,1.691435641,167.4225465,-26.15290716,74.1825922,93.23255863,14.56575198,18.30621289
1.941046467,32.822601,-6.926114267,1.691230435,167.1637433,-26.12937815,74.11565677,93.0406909,14.55260921,18.26853966
1.939973567,32.77326733,-6.9232235,1.69089976,166.9124896,-26.11847248,74.08463226,92.82046169,14.54651754,18.22529765
1.939064967,32.71982833,-6.9209404,1.690795149,166.6403276,-26.10985928,74.0601294,92.5728026,14.54170641,18.17666979
1.9380617,32.66825633,-6.919699,1.690567783,166.3776742,-26.10517599,74.04680635,92.32347222,14.53909043,18.12771377
1.937003167,32.61867167,-6.9187654,1.690255251,166.1251422,-26.1016539,74.0367867,92.08095983,14.53712307,18.08009646
1.936002367,32.56612667,-6.8931934,1.690044991,165.8575333,-26.00518127,73.7623409,92.08779677,14.48323564,18.0814389
1.935022333,32.52608233,-6.910805867,1.689667425,165.6535897,-26.07162586,73.95136278,91.69483125,14.52035008,18.00428012
1.933976267,32.46823867,-6.899486033,1.689491616,165.358995,-26.02892079,73.82987519,91.52172416,14.49649599,17.97029054
1.933063233,32.420587,-6.9229655,1.689295502,165.1163076,-26.11749915,74.08186333,91.02704863,14.54597387,17.873161
1.932030133,32.374389,-6.9014287,1.688957451,164.8810237,-26.03624967,73.85072442,91.02290361,14.50058974,17.87234712
1.930927967,32.32400067,-6.906227267,1.688613377,164.6243986,-26.05435269,73.90222397,90.71477899,14.51070168,17.81184685
1.9300321,32.26673333,-6.9031302,1.688579097,164.3327392,-26.04266873,73.86898539,90.45635811,14.50417528,17.76110592
1.929003767,32.21490333,-6.9085393,1.688330546,164.0687718,-26.06307504,73.92703735,90.13433875,14.51557378,17.69787741
1.928065867,32.16512333,-6.904450267,1.688141586,163.8152449,-26.0476488,73.88315271,89.92469652,14.50695704,17.65671416
1.926985033,32.11459167,-6.8910672,1.687821002,163.5578898,-25.99716,73.73952193,89.81097224,14.47875513,17.6343844
1.926028867,32.06751833,-6.904670567,1.687573053,163.3181479,-26.0484799,73.88551704,89.42523518,14.50742127,17.55864493
1.9250523,32.01724933,-6.894909867,1.687352784,163.0621305,-26.0116568,73.7807625,89.2739724,14.48685272,17.52894448
1.924004133,31.97029833,-6.910595733,1.687010995,162.8230116,-26.07083311,73.94910757,88.86650841,14.51990727,17.44893893
1.922995633,31.91941833,-6.912585867,1.686767985,162.5638825,-26.07834107,73.97046623,88.58602064,14.52410104,17.39386515
1.922079567,31.87745933,-6.921897233,1.686483191,162.3501876,-26.11346902,74.0703984,88.27239354,14.54372273,17.33228447
1.921035567,31.821488,-6.9144287,1.68628128,162.0651286,-26.08529332,73.99024403,88.06748892,14.52798442,17.29205145
1.920036533,31.77297433,-6.890379267,1.686012134,161.8180511,-25.99456471,73.73213884,88.07851661,14.47730546,17.29421674
1.919015633,31.73336033,-6.9156844,1.685587227,161.6162991,-26.09003056,74.00372055,87.60518293,14.53063053,17.20127767
1.917995067,31.66706533,-6.8971642,1.685564069,161.2786623,-26.02016147,73.80495663,87.46630998,14.49160323,17.17400996
1.917093633,31.625132,-6.9049673,1.685293522,161.065098,-26.04959935,73.88870166,87.16900073,14.50804657,17.11563329
1.915958767,31.57722233,-6.9201323,1.684879457,160.8210967,-26.10681065,74.05145665,86.76224439,14.54000351,17.03576669
1.914946967,31.53857067,-6.929222433,1.684449171,160.6242458,-26.14110399,74.14901448,86.46783569,14.55915899,16.97795954
1.913983833,31.48580467,-6.924170167,1.684279902,160.3555114,-26.12204386,74.09479215,86.25332362,14.54851244,16.93584009
1.9129888,31.43672567,-6.903698767,1.684023262,160.1055547,-26.0448137,73.87508741,86.22307165,14.50537341,16.92990012
1.912007833,31.38046967,-6.9029306,1.683888667,159.8190459,-26.04191572,73.86684323,85.94480704,14.50375467,16.87526286
1.911068533,31.340182,-6.904447233,1.683555495,159.613863,-26.04763735,73.88312016,85.72334719,14.50695064,16.83177922
1.9100684,31.28267667,-6.892369267,1.68342053,159.3209914,-26.00207216,73.75349607,85.56009971,14.48149895,16.79972558
1.909058667,31.23641533,-6.8958042,1.683106798,159.0853849,-26.01503075,73.79036073,85.28762856,14.48873733,16.74622587
1.908038133,31.17944267,-6.882015233,1.682943418,158.7952262,-25.96301065,73.64237371,85.14545685,14.45968008,16.71831045
1.9070437,31.13932533,-6.9143413,1.68255255,158.5909108,-26.08496359,73.98930603,84.59420911,14.52780024,16.61007296
1.906108567,31.09361133,-6.9185937,1.682305184,158.3580918,-26.10100615,74.03494396,84.31575223,14.53676125,16.55539795
1.905006333,31.038624,-6.908293567,1.682030235,158.0780443,-26.06214799,73.92440008,84.14624858,14.51505595,16.52211591
1.9039627,30.99398267,-6.909488833,1.681658231,157.8506884,-26.06665724,73.93722801,83.90606474,14.51757472,16.47495581
1.903037833,30.93048433,-6.886402433,1.681688697,157.5272948,-25.97956175,73.68945836,83.83044079,14.46892515,16.46010705
1.902056067,30.88714533,-6.8961479,1.681358965,157.3065716,-26.01632739,73.79404941,83.50512654,14.4894616,16.3962316
1.901015733,30.84491833,-6.9242681,1.680953937,157.0915118,-26.12241332,74.0958432,82.98827291,14.54871881,16.29474739
1.8999579,30.77665767,-6.881430167,1.680923085,156.7438638,-25.96080344,73.63609462,83.10037358,14.45844718,16.31675835
1.899021533,30.73391633,-6.8835179,1.680629762,156.5261845,-25.96867959,73.65850075,82.86028814,14.46284662,16.26961758
1.8980793,30.69401833,-6.935262033,1.680287794,156.3229862,-26.16388891,74.21383314,82.10175737,14.57188614,16.12068006
1.897029767,30.63558633,-6.891971767,1.68011737,156.0253951,-26.00057255,73.74922999,82.26876949,14.48066131,16.15347289
1.895971467,30.59182633,-6.896317167,1.679717439,155.8025278,-26.01696596,73.79586603,81.99926612,14.48981829,16.1005559
1.8950405,30.541628,-6.884767533,1.679541707,155.5468704,-25.97339395,73.67191216,81.86756257,14.46547995,16.07469591
1.894042933,30.48422267,-6.858204333,1.679407803,155.2545081,-25.87318193,73.38682853,81.86028393,14.40950378,16.07326675
1.893034267,30.44010867,-6.8758987,1.679062832,155.0298379,-25.93993549,73.57672938,81.44571284,14.44679081,15.99186572
1.8920059,30.39216633,-6.881289633,1.678755758,154.7856701,-25.96027326,73.63458637,81.14368812,14.45815103,15.93256316
1.890903167,30.34899733,-6.908307067,1.678302502,154.5658127,-26.06219892,73.92454496,80.63387214,14.5150844,15.83246079
1.890061033,30.30379167,-6.896885267,1.678140488,154.3355827,-26.01910917,73.80196304,80.52622403,14.49101544,15.81132409
1.8890861,30.249365,-6.886969267,1.677984404,154.0583906,-25.98170018,73.69554177,80.35545321,14.47011963,15.77779324
1.888043933,30.20332067,-6.894561467,1.677634974,153.8238893,-26.01034243,73.77702337,80.03947029,14.48611854,15.71574999
1.8869825,30.14926267,-6.885045067,1.677386843,153.5485748,-25.97444097,73.67489073,79.86628845,14.46606479,15.68174574
1.8859837,30.108202,-6.895306567,1.677005801,153.3394551,-26.01315338,73.78501999,79.54703942,14.48768868,15.61906119
1.885097733,30.05173233,-6.878176733,1.67696942,153.0518581,-25.94852957,73.60117787,79.44328456,14.45159127,15.59868892
1.884046233,30.01083167,-6.909252,1.676533271,152.8435532,-26.06576376,73.93468625,78.90147128,14.51707564,15.49230389
1.8829514,29.94652333,-6.868910467,1.676405956,152.5160343,-25.91357176,73.50172972,79.00690892,14.43206463,15.51300657
1.882060533,29.90719067,-6.8848459,1.67610685,152.3157151,-25.97368959,73.67275321,78.63556627,14.46564509,15.44009344
1.881075433,29.85498633,-6.865826467,1.675907164,152.0498413,-25.9019371,73.46863138,78.57381424,14.42556577,15.42796843
1.8800183,29.80831667,-6.899689833,1.675552176,151.8121552,-26.02968964,73.83206242,77.97269709,14.49692546,15.30993907
1.879042467,29.75264467,-6.8667865,1.675413928,151.5286207,-25.90555891,73.47893472,78.04229029,14.42758883,15.3236037
1.8780619,29.71132633,-6.881828,1.675054995,151.3181886,-25.9623043,73.64036427,77.67042869,14.45928553,15.25058867
1.8770375,29.661808,-6.909871933,1.674775599,151.0659944,-26.06810251,73.94133955,77.1172592,14.51838202,15.14197384
1.8760083,29.59569667,-6.864489067,1.674741044,150.7292929,-25.89689164,73.45427803,77.26761925,14.42274749,15.17149704
1.8750661,29.54940733,-6.867140467,1.674495267,150.4935438,-25.90689428,73.48273359,77.0034146,14.42833474,15.11962046
1.8740357,29.516023,-6.878325933,1.673967134,150.3235192,-25.94909244,73.60277912,76.71334445,14.45190568,15.06266518
1.873031933,29.460733,-6.876096567,1.673795205,150.0419302,-25.94068196,73.57885294,76.45568164,14.44720778,15.01207309
1.872018033,29.421943,-6.891047967,1.673364901,149.8443748,-25.99708744,73.73931551,76.09766368,14.4787146,14.94177626
1.871043833,29.357784,-6.853314733,1.673355973,149.5176165,-25.85473548,73.33435199,76.17586886,14.39920001,14.95713185
1.870108433,29.31906367,-6.8961479,1.67300312,149.3204159,-26.01632739,73.79404941,75.51897086,14.4894616,14.82814993
1.8690276,29.25783167,-6.853275633,1.672843523,149.0085646,-25.85458797,73.33393236,75.66723663,14.39911762,14.85726191
1.868048933,29.21688833,-6.864620567,1.672480848,148.8000424,-25.89738773,73.45568933,75.33695747,14.4230246,14.7924116
1.867081967,29.16630667,-6.874969167,1.672274883,148.5424327,-25.93642874,73.56675337,74.96828371,14.44483202,14.72002251
1.8660389,29.10995733,-6.855896467,1.672079592,148.2554486,-25.8644753,73.36205987,74.88599309,14.40464045,14.70386474
1.865087667,29.063966,-6.873606667,1.671820298,148.0212172,-25.93128859,73.55213064,74.46169092,14.44196085,14.62055301
1.8639875,29.01799833,-6.859936867,1.671411715,147.7871064,-25.87971806,73.40542256,74.37428815,14.41315472,14.60339148
1.862982067,28.96278067,-6.850779533,1.671237032,147.5058857,-25.84517121,73.30714352,74.19134658,14.39385763,14.5674709
1.862039667,28.91689933,-6.844601633,1.670984916,147.2722146,-25.82186454,73.24084058,74.02397835,14.38083905,14.53460815
1.861057867,28.86736733,-6.849888167,1.670748325,147.0199508,-25.84180845,73.29757712,73.714978,14.39197927,14.47393593
1.859915867,28.82282233,-6.8592806,1.670276505,146.7930855,-25.87724224,73.39837932,73.3873105,14.41177178,14.40959842
1.859010833,28.77238667,-6.878124533,1.670130276,146.5362193,-25.94833264,73.60061764,72.92820604,14.45148127,14.31945326
1.858086233,28.71419767,-6.852712933,1.670081129,146.2398659,-25.85246513,73.3278933,72.90457693,14.39793185,14.31481368
1.857039033,28.66636533,-6.8443346,1.669753567,145.9962584,-25.82085713,73.23797471,72.75088803,14.38027633,14.28463686
1.856088367,28.62344633,-6.853702067,1.669448617,145.7776742,-25.85619673,73.33850896,72.43176962,14.40001623,14.22197796
1.855048,28.58399767,-6.854880333,1.669001755,145.5767643,-25.86064184,73.35115444,72.21821419,14.40249917,14.18004636
1.853993167,28.52330567,-6.837902533,1.668860033,145.2676632,-25.79659159,73.16894398,72.09132355,14.36672215,14.15513138
1.853031267,28.46503067,-6.8272729,1.66877488,144.9708717,-25.75649036,73.05486381,71.90861228,14.34432251,14.11925602
1.852043033,28.430248,-6.857659167,1.668309952,144.7937255,-25.87112524,73.38097765,71.40535219,14.40835496,14.0204409
1.851050367,28.369247,-6.833637233,1.668235046,144.4830507,-25.78050037,73.1231676,71.35248743,14.35773396,14.01006091
1.850014467,28.32670333,-6.8434243,1.667839215,144.2663781,-25.81742294,73.22820511,71.0307773,14.37835807,13.94689312
1.8490385,28.28002033,-6.8424395,1.667565594,144.0286241,-25.8137077,73.21763597,70.80359244,14.37628282,13.90228538
1.848072367,28.225334,-6.839285867,1.667422217,143.7501095,-25.80181034,73.1837903,70.55892355,14.36963723,13.85424464
1.847032633,28.17730533,-6.802970267,1.667105075,143.5055021,-25.66480653,72.79404121,70.70406522,14.29310999,13.88274321
1.846051433,28.139965,-6.844411233,1.66668566,143.3153298,-25.82114624,73.23879716,70.06913696,14.38043782,13.75807504
1.845022767,28.08150867,-6.829364467,1.666536469,143.0176148,-25.76438098,73.07731108,69.93290807,14.34873003,13.7313265
1.844039567,28.03136067,-6.8270084,1.666307745,142.7622137,-25.75549251,73.05202512,69.70279296,14.34376513,13.6861434
1.843060433,27.97938233,-6.8013301,1.666110626,142.4974909,-25.65861886,72.77643848,69.71365674,14.2896537,13.6882765
1.8420582,27.93573967,-6.8150196,1.665764997,142.2752211,-25.7102637,72.923358,69.34446747,14.31850134,13.61578619
1.841034033,27.88609333,-6.8370938,1.665487759,142.022375,-25.79354057,73.16026443,68.85471493,14.36501792,13.51962328
1.840024,27.846011,-6.839607567,1.665080765,141.8182378,-25.80302398,73.18724287,68.62359932,14.37031514,13.47424373
1.8390366,27.79376467,-6.8260948,1.664879411,141.5521501,-25.75204587,73.04222011,68.50253431,14.34183992,13.45047261
1.8380266,27.74327267,-6.8461757,1.664629063,141.294997,-25.82780284,73.2577339,68.02986748,14.38415605,13.35766448
1.837023267,27.68840333,-6.818481433,1.664451239,141.0155505,-25.72332378,72.96051135,68.04764346,14.3257964,13.36115479
1.836006233,27.64623267,-6.834061767,1.664068663,140.8007775,-25.78210196,73.12772381,67.66565806,14.35862857,13.28615196
1.835086067,27.58169933,-6.805806467,1.6641194,140.4721127,-25.67550634,72.82448009,67.64023698,14.29908667,13.28116053
1.8340947,27.53912033,-6.8093775,1.663768635,140.2552602,-25.68897838,72.86280541,67.3850591,14.30661184,13.23105635
1.833024267,27.50029367,-6.839545233,1.663282348,140.057518,-25.80278882,73.18657389,66.86354849,14.37018378,13.12865775
1.832045033,27.44732233,-6.811425833,1.663100069,139.7877379,-25.6967059,72.88478869,66.89555354,14.31092826,13.13494194
1.8310736,27.397784,-6.8111251,1.66287394,139.5354418,-25.69557136,72.88156114,66.64648502,14.31029453,13.08603733
1.830008033,27.35558067,-6.8349492,1.662443322,139.3205025,-25.78544988,73.13724799,66.17585886,14.36049864,12.99362989
1.829062233,27.303896,-6.810354067,1.662275118,139.0572753,-25.69266257,72.8732862,66.17659343,14.30866974,12.99377412
1.828062467,27.257805,-6.816244133,1.66196879,138.8225363,-25.71488336,72.93650003,65.87864061,14.32108178,12.93527108
1.827084467,27.201311,-6.795972833,1.661840743,138.5348154,-25.63840809,72.71894281,65.80847692,14.27836442,12.92149444
1.8260233,27.15621267,-6.8186369,1.66145808,138.305132,-25.72391029,72.96217986,65.33555648,14.32612402,12.82863652
1.825124367,27.106836,-6.8325734,1.661302019,138.0536593,-25.77648697,73.11175025,64.93451339,14.35549216,12.7498917
1.82399,27.06315367,-6.818806,1.660824853,137.8311875,-25.72454823,72.96399469,64.85979717,14.32648036,12.73522117
1.822982,27.00276467,-6.801418333,1.660725406,137.5236296,-25.65895172,72.77738543,64.7388485,14.28983963,12.7114729
1.822095867,26.95569233,-6.800514867,1.660547476,137.2838927,-25.65554332,72.76768917,64.50880789,14.28793577,12.66630443
1.821089,26.908185,-6.792093467,1.660255357,137.0419404,-25.62377284,72.67730837,64.35723639,14.2701895,12.63654337
1.820056,26.85311233,-6.794431033,1.660050925,136.7614583,-25.63259152,72.70239579,64.05166684,14.27511541,12.57654478
1.819072133,26.81088633,-6.792237267,1.659702348,136.5464035,-25.62431534,72.67885167,63.86015621,14.27049253,12.53894167
1.818011233,26.76618033,-6.809442667,1.65931405,136.3187183,-25.68922423,72.8635048,63.44781783,14.30674917,12.45797903
1.8170026,26.70285567,-6.759781367,1.659258136,135.9962092,-25.50187259,72.33052595,63.65828755,14.20209877,12.49930476
1.8160821,26.65990067,-6.787475067,1.658983894,135.7774416,-25.60634952,72.62774242,63.14230357,14.26045722,12.39799131
1.815134567,26.61962633,-6.795528567,1.658642288,135.5723266,-25.63673206,72.71417482,62.85075616,14.27742823,12.34074597
1.814010767,26.57151567,-6.778047233,1.658242313,135.3273016,-25.57078218,72.5265603,62.79334564,14.24059012,12.32947342
1.8130259,26.523997,-6.789313933,1.657972365,135.0852916,-25.6132868,72.64747765,62.43041827,14.26433224,12.25821263
1.8120689,26.476728,-6.7820414,1.657726527,134.8445531,-25.58585053,72.56942681,62.26773064,14.24900695,12.22626891
1.811044767,26.41685733,-6.782310667,1.657603148,134.539635,-25.58686636,72.57231665,61.95992271,14.24957437,12.16583082
1.810060933,26.37335333,-6.775206433,1.657273832,134.3180715,-25.56006501,72.49607205,61.81460377,14.23460375,12.13729745
1.809030067,26.32906233,-6.7946016,1.656909324,134.0924998,-25.63323499,72.70422636,61.38087778,14.27547484,12.05213535
1.8080776,26.273233,-6.768932967,1.65679681,133.808164,-25.53639781,72.42874346,61.37202488,14.22138378,12.05039709
1.807077233,26.225628,-6.767184133,1.65651266,133.5657143,-25.52980018,72.4099745,61.14834414,14.21769849,12.00647737
1.806038833,26.17715967,-6.782963933,1.656203466,133.3188677,-25.58933087,72.57932769,60.73214433,14.25095099,11.92475654
1.805070233,26.13359533,-6.796306133,1.655890292,133.0969969,-25.6396655,72.72251988,60.36708133,14.27906678,11.85307642
1.804067667,26.074271,-6.753306367,1.655780259,132.7948612,-25.47744508,72.26103446,60.52643111,14.18845412,11.88436475
1.8030689,26.02547133,-6.757167033,1.655515684,132.5463271,-25.49200978,72.3024682,60.23646328,14.19658963,11.82742957
1.802071667,25.980082,-6.755394,1.655201333,132.3151617,-25.48532086,72.28343952,60.02432653,14.19285335,11.78577651
1.8010567,25.93208167,-6.744566467,1.654908531,132.0706986,-25.44447303,72.16723543,59.89606751,14.17003668,11.76059285
1.800053067,25.88483033,-6.755640967,1.654615794,131.8300501,-25.48625256,72.28609003,59.5365644,14.19337378,11.69000442
1.7990678,25.836269,-6.739125233,1.654361133,131.5827298,-25.4239455,72.1088386,59.46649557,14.15857046,11.6762464
1.798048167,25.78742967,-6.7461858,1.654076287,131.3339937,-25.45058211,72.18461456,59.14198351,14.17344907,11.61252846
1.797078533,25.734402,-6.7362207,1.653904455,131.0639267,-25.41298789,72.07766634,58.97886467,14.15244979,11.58050008
1.7960137,25.68656333,-6.739521367,1.653559355,130.8202869,-25.42543995,72.11309001,58.69980124,14.15940522,11.52570597
1.7950805,25.64031033,-6.752210767,1.653322031,130.5847229,-25.47331183,72.24927617,58.32805103,14.18614538,11.45271282
1.794058667,25.589583,-6.7439151,1.65306339,130.3263713,-25.44201569,72.16024478,58.15873085,14.16866406,11.4194668
1.793089167,25.539366,-6.733082433,1.652849405,130.0706188,-25.4011485,72.0439856,58.01923755,14.14583657,11.39207729
1.792044067,25.49243767,-6.735783733,1.652510342,129.8316153,-25.41133939,72.0729767,57.75124297,14.15152897,11.33945656
1.7910353,25.43980767,-6.717084267,1.652293394,129.5635736,-25.340794,71.87228883,57.68388907,14.11212391,11.32623162
1.790026433,25.390087,-6.702963367,1.652032574,129.3103489,-25.28752166,71.72073942,57.5822138,14.08236718,11.30626768
1.789058867,25.355809,-6.7543017,1.65158072,129.1357729,-25.48120006,72.27171665,56.85666055,14.19055156,11.1638053
1.788116367,25.29252133,-6.709545767,1.651590383,128.8134522,-25.31235435,71.79138356,57.01467296,14.09623816,11.19483104
1.787092967,25.243236,-6.7107946,1.651308481,128.5624446,-25.31706568,71.80478639,56.75026258,14.09886981,11.14291406
1.785973933,25.20424,-6.7345934,1.650776143,128.3638401,-25.40684876,72.06020171,56.29624272,14.14902061,11.05376726
1.785080367,25.153644,-6.726377333,1.650643793,128.1061574,-25.37585292,71.9720246,56.12673712,14.13170703,11.02048483
1.784074733,25.10282267,-6.707718833,1.650402766,127.8473271,-25.30546208,71.77177641,56.068155,14.0923883,11.00898223
1.783031433,25.058112,-6.7091179,1.650032138,127.619618,-25.31074018,71.78679158,55.8254308,14.09533653,10.96132334
1.782105867,25.000502,-6.697539167,1.649973314,127.3262134,-25.26705839,71.6625254,55.65629235,14.07093686,10.928113
1.781094133,24.955562,-6.7191415,1.649637703,127.0973364,-25.3485551,71.89436763,55.19557311,14.11645908,10.83765078
1.7800442,24.907691,-6.7139708,1.649307989,126.853532,-25.32904818,71.83887425,55.00726206,14.10556296,10.80067591
1.779082833,24.85479033,-6.696279033,1.649142513,126.5841117,-25.26230442,71.6490013,54.92771476,14.06828141,10.78505679
1.778074633,24.80499467,-6.7048648,1.648883489,126.3305051,-25.29469499,71.74114613,54.58196327,14.08637404,10.71716849
1.777092967,24.75747333,-6.675948333,1.64861678,126.0884815,-25.18560506,71.43080659,54.65027922,14.02543887,10.73058232
1.7760302,24.70851767,-6.697722133,1.648290552,125.8391529,-25.26774865,71.66448905,54.16726818,14.07132242,10.63574311
1.775091267,24.65795833,-6.6801799,1.648112284,125.5816569,-25.20156902,71.47622094,54.09804032,14.03435598,10.62215022
1.774008767,24.61411133,-6.690002133,1.647689462,125.3583465,-25.23862426,71.58163587,53.76931497,14.0550542,10.557605
1.7730613,24.56506667,-6.689847133,1.647479872,125.1085646,-25.23803951,71.57997236,53.52119662,14.05472757,10.50888696
1.772131967,24.51379333,-6.690773467,1.647321946,124.8474323,-25.24153419,71.58991403,53.25012263,14.05667962,10.45566158
1.771114567,24.46582467,-6.702413567,1.647026235,124.6031305,-25.28544749,71.71483881,52.880896,14.0812086,10.38316393
1.770057867,24.42061267,-6.6865635,1.646649749,124.3728682,-25.22565171,71.5447315,52.82074103,14.04780803,10.3713525
1.769117067,24.368178,-6.667115567,1.646497829,124.1058212,-25.15228267,71.33601089,52.7624147,14.00682574,10.35990013
1.7681247,24.316953,-6.679697367,1.646276142,123.8449351,-25.19974862,71.47104225,52.36649716,14.03333915,10.28216172
1.7670436,24.266102,-6.654112,1.645960095,123.5859537,-25.10322556,71.196453,52.382105,13.97942355,10.28522632
1.766065833,24.217668,-6.653221767,1.645711018,123.3392819,-25.09986708,71.18689877,52.14498747,13.97754757,10.23866829
1.765162233,24.17369267,-6.672125033,1.645469027,123.1153179,-25.17118132,71.38977387,51.71814836,14.0173821,10.15485843
1.7640284,24.12076067,-6.6624958,1.645131556,122.8457381,-25.13485419,71.28643027,51.55191213,13.99709058,10.12221795
1.763007867,24.070341,-6.653275667,1.644869586,122.5889534,-25.10007042,71.18747724,51.39408051,13.97766116,10.09122771
1.762053433,24.02535767,-6.638528533,1.644591927,122.3598557,-25.04443556,71.02920692,51.32325314,13.94658478,10.07732075
1.7611671,23.97434367,-6.652773367,1.6444731,122.1000441,-25.09817545,71.18208642,50.91056207,13.97660267,9.996288863
1.760019933,23.93003233,-6.631737867,1.643992597,121.8743689,-25.01881717,70.9563276,50.91064565,13.93227492,9.996305274
1.7590433,23.880626,-6.643339,1.643759282,121.6227451,-25.06258347,71.08083418,50.53451527,13.95672179,9.922452073
1.758120467,23.84028,-6.632867533,1.643443454,121.4172651,-25.02307894,70.96845149,50.44141795,13.93465545,9.904172414
1.757056633,23.78635667,-6.639848567,1.643190897,121.1426364,-25.0494155,71.04337388,50.09186692,13.94936646,9.83553807
1.756095067,23.737419,-6.6292731,1.642965598,120.8933995,-25.00951862,70.92987504,49.95612885,13.92708096,9.808885901
1.755026367,23.69110633,-6.6410047,1.642593672,120.6575316,-25.05377712,71.05578182,49.59435415,13.95180276,9.737851437
1.754104033,23.640478,-6.6388526,1.642433042,120.3996842,-25.04565813,71.03268489,49.3596037,13.94726768,9.691758186
1.753120233,23.59044567,-6.613962967,1.642201978,120.1448723,-24.95175979,70.76556244,49.37191416,13.89481819,9.694175346
1.752078433,23.538991,-6.6020762,1.641934314,119.8828164,-24.90691591,70.63799036,49.23743039,13.86976941,9.667769456
1.751059267,23.494853,-6.620121633,1.641579203,119.6580239,-24.9749939,70.83165896,48.81896933,13.90779624,9.585604628
1.7500835,23.437723,-6.5956845,1.641462957,119.3670639,-24.88280266,70.56939287,48.7902754,13.85630029,9.579970575
1.749160533,23.39505433,-6.606952667,1.641181941,119.1497547,-24.92531281,70.69032596,48.45203308,13.8800455,9.513556696
1.7481162,23.34410933,-6.580848733,1.640904075,118.8902945,-24.82683342,70.4101713,48.47272759,13.82503714,9.517620062
1.747098233,23.29247,-6.587079533,1.640663022,118.6272982,-24.85033966,70.47704198,48.14286057,13.83816719,9.452850672
1.746104633,23.24369767,-6.591472933,1.640403202,118.3789033,-24.86691415,70.52419316,47.84731451,13.84742533,9.394820203
1.745132067,23.20169067,-6.5786967,1.640062631,118.1649639,-24.81871468,70.38707509,47.77049319,13.82050219,9.379736338
1.744008167,23.149528,-6.586930267,1.639723518,117.8993023,-24.84977654,70.47544001,47.41646661,13.83785265,9.310223219
1.7430699,23.10214933,-6.587457467,1.639498063,117.6580053,-24.85176545,70.48109806,47.16951155,13.8389636,9.261733593
1.742120067,23.05114,-6.5730327,1.639315665,117.3982175,-24.79734674,70.32628747,47.06453435,13.80856654,9.24112132
1.741087867,23.005272,-6.580271533,1.638973549,117.1646142,-24.82465588,70.40397663,46.75324193,13.82382081,9.179999052
1.740065633,22.95121433,-6.569424967,1.638764614,116.8893014,-24.78373625,70.28756827,46.5943375,13.80096403,9.148798168
1.7390165,22.90363233,-6.554563533,1.638431352,116.6469688,-24.72767018,70.12807125,46.51150195,13.76964679,9.132533408
1.738157067,22.86174867,-6.570847667,1.638202058,116.4336576,-24.78910351,70.30283708,46.12342485,13.80396206,9.05633447
1.7370615,22.81040567,-6.5477662,1.637878947,116.1721704,-24.70202663,70.05512038,46.10965441,13.75532289,9.053630644
1.7360532,22.75745333,-6.5380829,1.637667315,115.9024871,-24.66549553,69.95119652,45.94389489,13.73491744,9.021083761
1.7351284,22.71331833,-6.54625,1.637406526,115.6777099,-24.69630664,70.0388481,45.63146612,13.75212782,8.959738373
1.734102167,22.664503,-6.551431667,1.637114719,115.429096,-24.71585493,70.09445919,45.32724117,13.76304706,8.900003803
1.7330367,22.613252,-6.5363563,1.636820324,115.1680774,-24.65898178,69.93266617,45.2280156,13.731279,8.880520862
1.732075533,22.56604933,-6.5322172,1.636569321,114.9276768,-24.64336666,69.8882442,45.03203692,13.72255675,8.842040449
1.7310863,22.52103933,-6.538744933,1.636257263,114.6984433,-24.66799311,69.95830164,44.73274596,13.73631253,8.78327467
1.7300682,22.46809033,-6.531751933,1.636035781,114.4287768,-24.6416114,69.88325083,44.53813037,13.7215763,8.745061898
1.729121767,22.41776533,-6.5112834,1.635846487,114.1724743,-24.56439205,69.66357685,44.50150182,13.67844331,8.737869883
1.728050233,22.37101733,-6.515301867,1.635478278,113.9343893,-24.57955207,69.70670415,44.22028947,13.68691136,8.682653838
1.726996833,22.32743267,-6.5361943,1.635080609,113.7124149,-24.65837062,69.93092754,43.77409172,13.73093762,8.595042909
1.726110667,22.269811,-6.505103733,1.63506136,113.4189509,-24.54107871,69.59725495,43.81430025,13.66542101,8.602937854
1.725139667,22.22507867,-6.5232434,1.634763358,113.1911315,-24.6095122,69.79193489,43.39180095,13.70364642,8.519980116
1.7240476,22.17546033,-6.496490467,1.634417799,112.938428,-24.5085844,69.50481499,43.42621734,13.64727042,8.526737775
1.723022033,22.12662433,-6.498726533,1.63412697,112.6897089,-24.51702016,69.52881308,43.15350013,13.65198245,8.47318975
1.722146,22.07611733,-6.486808933,1.634010815,112.4324794,-24.47205996,69.40091009,43.02417368,13.6268687,8.447796502
1.721069667,22.03066767,-6.497908433,1.633618272,112.2010067,-24.5139338,69.520033,42.67357806,13.65025848,8.378957052
1.720002933,21.98217367,-6.4890014,1.633281131,111.9540294,-24.48033123,69.42444025,42.52219347,13.63148884,8.349232688
1.719102967,21.92816167,-6.475972333,1.633193774,111.6789492,-24.43117793,69.28460869,42.38694482,13.60403292,8.322676615
1.7181227,21.87785667,-6.462296833,1.632970346,111.4227485,-24.3795859,69.13783943,42.27751341,13.57521477,8.301189759
1.717116933,21.834729,-6.4626217,1.632613436,111.2031016,-24.38081148,69.14132599,42.05437997,13.57589936,8.257377506
1.716059433,21.77863967,-6.441864967,1.6323998,110.9174416,-24.30250487,68.91855897,41.99148702,13.53215905,8.245028477
1.715171833,21.73332967,-6.4494171,1.632193888,110.6866802,-24.33099596,68.99961056,41.67967404,13.54807353,8.183803997
1.7140773,21.68996033,-6.443363667,1.631751847,110.4658026,-24.30815885,68.93464343,41.52376348,13.53531724,8.153190959
1.7130516,21.63745567,-6.459708367,1.631516079,110.1983991,-24.36982068,69.11005929,41.08094418,13.56976014,8.06624339
1.712057533,21.588203,-6.435357233,1.631263019,109.9475579,-24.27795387,68.84871617,41.09144611,13.51844542,8.068305444
1.711096733,21.53637267,-6.457068767,1.631082007,109.6835888,-24.35986255,69.08173037,40.59446281,13.56419776,7.970722773
1.710085633,21.49473933,-6.444108633,1.63069728,109.4715525,-24.3109693,68.94263862,40.52151823,13.53688709,7.956400104
1.7090813,21.45227633,-6.445046433,1.630331803,109.2552907,-24.31450724,68.95270335,40.29519172,13.5388633,7.911960894
1.708025433,21.392128,-6.404942833,1.630180868,108.9489585,-24.16321286,68.5223004,40.41926245,13.45435368,7.936322182
1.707055233,21.35394533,-6.4438014,1.629785126,108.7544962,-24.30981024,68.93934131,39.80775926,13.53623967,7.816253531
1.7060724,21.30147567,-6.4117438,1.629591699,108.487271,-24.18887011,68.59529026,39.88458513,13.46868524,7.831338289
1.705063533,21.24906633,-6.423011333,1.62937133,108.2203531,-24.23137788,68.71621655,39.49674091,13.49242912,7.755185078
1.703997967,21.19705333,-6.389073067,1.629088299,107.9554537,-24.10334276,68.35198166,39.59607639,13.4209116,7.774689599
1.703082,21.15497267,-6.413418433,1.628805436,107.7411391,-24.19518781,68.61326289,39.12048059,13.47221417,7.681306364
1.702173167,21.10543467,-6.399620667,1.628641902,107.4888448,-24.14313452,68.46518143,39.01626767,13.44313837,7.660844158
1.7010521,21.05444633,-6.369353933,1.628287955,107.2291639,-24.02895059,68.14035045,39.08141781,13.37935781,7.673636387
1.699986267,21.004003,-6.3835082,1.627981042,106.9722587,-24.08234881,68.29225796,38.67260511,13.40918485,7.593366013
1.699049733,20.95823467,-6.383572267,1.627733093,106.7391631,-24.08259051,68.29294555,38.43882186,13.40931986,7.547462673
1.6981585,20.90629933,-6.363992033,1.627623227,106.4746592,-24.00872235,68.08280505,38.3844585,13.36805877,7.536788426
1.697014833,20.859013,-6.362764833,1.627190983,106.2338324,-24.00409263,68.0696344,38.15680239,13.36547271,7.49208815
1.6960975,20.812196,-6.3706584,1.626978011,105.995396,-24.03387181,68.15435035,37.83364998,13.38210669,7.428637174
1.695075033,20.759232,-6.354870767,1.626752388,105.7256532,-23.97431157,67.98491309,37.73334443,13.34883768,7.40894218
1.694091367,20.71323,-6.354740933,1.626460821,105.4913675,-23.97382176,67.98351968,37.50045213,13.34856409,7.363213775
1.693082933,20.66525467,-6.338802167,1.626174177,105.2470317,-23.91369135,67.81246042,37.4271756,13.3149766,7.348825928
1.692091667,20.61669033,-6.342069467,1.625913561,104.9996961,-23.92601753,67.84752599,37.14477449,13.32186173,7.29337647
1.691049467,20.57077867,-6.3510081,1.625562102,104.7658705,-23.95973931,67.94345788,36.81501694,13.34069795,7.228628577
1.6900133,20.51838233,-6.329254,1.625314238,104.4990188,-23.87767005,67.70998684,36.78163627,13.29485592,7.222074281
1.689084667,20.467385,-6.3111749,1.625152859,104.2392921,-23.80946505,67.51595693,36.7159395,13.25675814,7.209174722
1.688092333,20.41855733,-6.306334633,1.624895138,103.9906154,-23.79120471,67.46400984,36.51920991,13.24655833,7.170546865
1.6870833,20.37025767,-6.309494833,1.624612773,103.7446278,-23.80312685,67.49792599,36.23930616,13.25321777,7.115587764
1.6860549,20.321609,-6.305484133,1.624316293,103.4968627,-23.78799613,67.45488204,36.03458506,13.24476609,7.075390776
1.685042467,20.26792533,-6.284204467,1.62411153,103.2234547,-23.7077167,67.22650276,35.98955631,13.19992382,7.066549382
1.684101433,20.22535267,-6.2958789,1.623811002,103.0066344,-23.75175954,67.35179601,35.64744275,13.22452515,6.999375384
1.683096667,20.175893,-6.2950977,1.623550356,102.754739,-23.74881239,67.34341196,35.40393138,13.22287894,6.951561927
1.682069367,20.124217,-6.270972567,1.623300522,102.4915559,-23.65779819,67.08449433,35.39966591,13.17204046,6.950724402
1.681064733,20.07813267,-6.278747733,1.622989227,102.2568509,-23.6871307,67.16793958,35.08151563,13.18842494,6.888255594
1.6801311,20.02744967,-6.2735297,1.62281812,101.9987251,-23.6674452,67.1119382,34.87939122,13.17742907,6.848568466
1.679133433,19.98441533,-6.263385933,1.622467905,101.7795535,-23.62917695,67.00307248,34.76908539,13.15605328,6.826909916
1.678080167,19.93933633,-6.270169133,1.622092852,101.5499686,-23.65476717,67.07587167,34.46670128,13.1703474,6.767536796
1.6770342,19.88458367,-6.249920033,1.621870639,101.2711162,-23.57837565,66.85855271,34.40516785,13.12767682,6.755454707
1.676079733,19.83464433,-6.2400681,1.621667509,101.0167779,-23.54120836,66.75281903,34.25656319,13.10691602,6.726276182
1.675170133,19.78642233,-6.2362488,1.621483409,100.7711858,-23.52679971,66.71182924,34.05196092,13.09886767,6.686102526
1.674106667,19.737683,-6.2473788,1.621153226,100.522959,-23.56878862,66.83127949,33.68428387,13.12232173,6.613909137
1.673028,19.68700467,-6.216738533,1.620837015,100.264857,-23.45319551,66.50243965,33.75502168,13.05775402,6.627798506
1.6721085,19.64164233,-6.2308065,1.620599991,100.033829,-23.50626816,66.65342097,33.37301243,13.08739921,6.552790991
1.671162167,19.589006,-6.211310667,1.620445571,99.76575503,-23.4327184,66.44418628,33.3141731,13.04631598,6.541237889
1.670105833,19.541127,-6.203079867,1.620109578,99.52190985,-23.40166698,66.35585105,33.15866316,13.02897135,6.510703511
1.669052167,19.49413167,-6.2051676,1.619762956,99.28256515,-23.40954314,66.37825718,32.89691232,13.0333708,6.459308734
1.668089033,19.43904667,-6.1922785,1.619628576,99.0020202,-23.36091787,66.23992778,32.75469677,13.00620982,6.431384711
1.6671196,19.39692267,-6.1957639,1.619292898,98.78748493,-23.37406685,66.27733406,32.50275522,13.01355454,6.381915988
1.6660793,19.34798133,-6.190221633,1.618988921,98.53822935,-23.35315816,66.21785292,32.31298078,13.00187542,6.344653777
1.665069867,19.294242,-6.1448841,1.618787996,98.26453782,-23.18211831,65.73127794,32.52586423,12.90633642,6.386453441
1.6640811,19.247214,-6.164251633,1.618506765,98.02502674,-23.25518404,65.93913568,32.07849541,12.94714929,6.298612574
1.663107267,19.19889833,-6.153642,1.618259841,97.77895764,-23.21515826,65.82527015,31.94629184,12.92479179,6.272654404
1.662063433,19.146866,-6.159705933,1.617998834,97.51395977,-23.23803498,65.89034996,31.61621415,12.93757022,6.207843649
1.661094667,19.10223033,-6.145137633,1.617701611,97.28663271,-23.18307479,65.73399893,31.54523814,12.90687069,6.193907508
1.6600393,19.05401867,-6.123900733,1.617371589,97.04109329,-23.1029567,65.50607863,31.52761901,12.86211854,6.190447993
1.659111633,19.00392967,-6.1262048,1.617197511,96.7859927,-23.111649,65.53080651,31.24779054,12.86697386,6.135503673
1.658057467,18.955366,-6.116322667,1.616873985,96.53866056,-23.07436778,65.42474871,31.10651619,12.84614941,6.107764454
1.657051667,18.912667,-6.126638267,1.616510592,96.32119684,-23.11328429,65.53545859,30.7783426,12.86788729,6.043327569
1.6560989,18.86344167,-6.109680333,1.61629842,96.07049486,-23.04930899,65.35346135,30.70963787,12.83215214,6.029837395
1.6550773,18.81144933,-6.103753233,1.616059045,95.8057007,-23.02694848,65.28985007,30.50845499,12.81966206,5.990335137
1.6540459,18.76081433,-6.086750967,1.615789448,95.54781937,-22.96280593,65.10737703,30.43304669,12.78383348,5.975528718
1.653098967,18.714072,-6.097483167,1.615545753,95.30976318,-23.0032941,65.22255797,30.07980955,12.80644926,5.906170606
1.652155433,18.66446067,-6.079918667,1.615348623,95.05709532,-22.93703047,65.03405089,30.01564879,12.76943589,5.893572639
1.6510828,18.623977,-6.0963327,1.614885066,94.85091418,-22.99895386,65.21021085,29.63330769,12.8040249,5.818499965
1.6499759,18.56956867,-6.057871667,1.614596739,94.57381547,-22.85385621,64.79743637,29.76898345,12.72297663,5.8451399
1.649073367,18.519505,-6.055980833,1.614447414,94.3188439,-22.84672288,64.77714342,29.53430483,12.71899211,5.799060753
1.648145367,18.47278533,-6.0592338,1.614222311,94.08090315,-22.85899498,64.81205516,29.26145234,12.72584703,5.745486167
1.6470424,18.42127667,-6.0453898,1.613894293,93.81857228,-22.80676727,64.66347751,29.14769911,12.69667381,5.723150721
1.646047933,18.37227767,-6.035611333,1.613637016,93.569023,-22.76987714,64.5585323,29.00309506,12.67606782,5.694757714
1.645084567,18.32184767,-6.012046333,1.613432369,93.31218572,-22.68097609,64.30562618,28.99916389,12.6264097,5.69398583
1.644056967,18.278132,-6.024105533,1.613062471,93.08954418,-22.72647049,64.43504886,28.64709967,12.65182184,5.62485802
1.643106,18.22938867,-6.0159284,1.612844848,92.841297,-22.69562153,64.3472896,28.48661176,12.63459031,5.593346218
1.642065867,18.18224267,-6.0042143,1.612514026,92.60118496,-22.65142906,64.22157063,28.37221868,12.60990539,5.570885138
1.6410478,18.12965767,-5.996850633,1.6122871,92.33337238,-22.62364897,64.14254171,28.18343502,12.59438807,5.533817465
1.6400674,18.07990767,-5.991278467,1.612055189,92.0799983,-22.60262748,64.08273968,27.98986298,12.58264594,5.495809595
1.639151833,18.032074,-5.973710233,1.61185928,91.83638401,-22.53634977,63.89419252,27.93479584,12.5456247,5.484997162
1.638061767,17.988173,-5.979884333,1.611429704,91.61279857,-22.55964211,63.96045468,27.64494825,12.55863528,5.428085588
1.637003867,17.93138967,-5.953087967,1.611226109,91.32360411,-22.45855045,63.67286864,27.64333982,12.50216776,5.427769774
1.635967533,17.88344433,-5.9582947,1.610911113,91.0794211,-22.47819331,63.72874874,27.34327671,12.51313982,5.368852382
1.6350471,17.83708,-5.950378133,1.610688231,90.84329004,-22.44832736,63.64378596,27.19210844,12.49645737,5.339170492
1.634012867,17.78098433,-5.929642833,1.610497957,90.55759783,-22.37010161,63.42124896,27.12895321,12.45276223,5.326769964
1.632987867,17.735818,-5.9386392,1.610152485,90.32756812,-22.4040412,63.51780047,26.802372,12.47172012,5.262645743
1.632029033,17.686788,-5.926294833,1.609931308,90.07786096,-22.35747098,63.3853173,26.68514801,12.44570705,5.239628813
1.630987167,17.636709,-5.9212556,1.60964288,89.82281131,-22.33846003,63.33123485,26.48418081,12.43508796,5.200168902
1.630011333,17.595369,-5.912541067,1.609289007,89.61226891,-22.30558368,63.23770806,26.3671652,12.41672398,5.177192887
1.629052367,17.54016167,-5.8956294,1.609160634,89.33110093,-22.24178293,63.05620736,26.26749791,12.38108632,5.157623215
1.6280183,17.495293,-5.903750567,1.608801617,89.10258722,-22.27242074,63.14336598,25.95182559,12.39819991,5.095640955
1.626939767,17.442688,-5.876220867,1.608514526,88.83467278,-22.16856252,62.8479096,25.97936753,12.34018705,5.101048814
1.6260429,17.40164533,-5.8945322,1.608235146,88.62564468,-22.23764364,63.04443191,25.57381712,12.37877421,5.021418992
1.625082767,17.347657,-5.868865633,1.608087267,88.350685,-22.14081425,62.7689712,25.57431816,12.32468749,5.02151737
1.624036267,17.30326533,-5.881762967,1.60770864,88.12460063,-22.18947058,62.90738896,25.20981602,12.35186582,4.949947376
1.6229261,17.25018867,-5.852040267,1.607397012,87.85428402,-22.07733907,62.58839669,25.25849167,12.28923169,4.95950484
1.6220633,17.196417,-5.830832633,1.607343206,87.58042781,-21.9973314,62.36079049,25.21224167,12.24454121,4.950423651
1.621004733,17.15422433,-5.844840033,1.606919428,87.36554282,-22.05017555,62.51112179,24.84702538,12.27405876,4.878713434
1.620041467,17.10352167,-5.830269967,1.606718983,87.10731687,-21.99520869,62.3547518,24.74516942,12.24335552,4.858714016
1.6190119,17.05362867,-5.820721767,1.606440057,86.8532145,-21.95918726,62.25227787,24.59354098,12.22323476,4.828941772
1.617959233,17.000008,-5.801677867,1.606194113,86.58012732,-21.88734246,62.04789345,24.52483823,12.18310388,4.815451986
1.617025233,16.958521,-5.809373667,1.605884285,86.36883626,-21.91637555,62.13048691,24.2309537,12.1993211,4.75774776
1.6160577,16.90691633,-5.799458,1.605693144,86.10601647,-21.87896782,62.02406922,24.07455159,12.17842599,4.727038205
1.6150052,16.85930833,-5.792945367,1.605356906,85.86355148,-21.85439834,61.95417384,23.901982,12.16470203,4.693154165
1.6139626,16.80979067,-5.774731667,1.605059299,85.61136067,-21.78568554,61.75869936,23.84526566,12.12632062,4.682017912
1.613024367,16.76259667,-5.767513467,1.6048311,85.37100416,-21.75845424,61.68123163,23.68237688,12.11110983,4.6500347
1.612018267,16.71624733,-5.774195333,1.604522326,85.13494949,-21.78366218,61.75294328,23.37461057,12.12519041,4.589604785
1.611025867,16.661703,-5.744264933,1.604350545,84.85715814,-21.6707471,61.43172192,23.41804056,12.0621186,4.598132264
1.610002433,16.61261367,-5.735647367,1.604065661,84.6071488,-21.63823657,61.33923581,23.26051734,12.04395895,4.56720258
1.608999833,16.56679867,-5.7351022,1.603752347,84.37381547,-21.63617988,61.33338493,23.03303489,12.04281013,4.5225364
1.6080272,16.521392,-5.734765667,1.603462857,84.14256175,-21.63491028,61.32977316,22.80539294,12.04210096,4.477838904
1.6070202,16.473507,-5.7258819,1.603176287,83.89868602,-21.60139548,61.23443011,22.65686026,12.02338035,4.448674512
1.6060113,16.420707,-5.7097702,1.602961763,83.62977846,-21.54061267,61.06151488,22.56086793,11.98942845,4.429826418
1.605003733,16.36944067,-5.693244767,1.602725499,83.36868178,-21.47826901,60.88415934,22.47712678,11.95460469,4.413383844
1.603948367,16.32403033,-5.6790778,1.60235333,83.13740939,-21.42482288,60.73211553,22.39789821,11.92475088,4.397827314
1.6029953,16.27720767,-5.688262133,1.602104711,82.89894406,-21.45947159,60.83068434,22.06086407,11.94410487,4.331650661
1.6020592,16.22695233,-5.660175,1.601924702,82.64299635,-21.35351039,60.52924544,22.10635526,11.88491734,4.340582856
1.601042467,16.177623,-5.645163667,1.601650129,82.39176471,-21.29687881,60.36813964,22.01622941,11.85328422,4.322886645
1.5999685,16.13174667,-5.641967467,1.601266371,82.15811901,-21.28482086,60.33383714,21.81688622,11.84654892,4.283745609
1.5990033,16.081618,-5.640811467,1.601055357,81.9028164,-21.28045975,60.32143063,21.57399012,11.8441129,4.236052961
1.5980289,16.03140033,-5.6206207,1.600836482,81.64706052,-21.2042883,60.10473772,21.53492715,11.80156525,4.228382947
1.5969557,15.98342867,-5.614075033,1.600485016,81.4027434,-21.1795942,60.03448781,21.36085994,11.78777168,4.19420485
1.5960218,15.93423633,-5.604736967,1.600291214,81.15220949,-21.14436551,59.93426909,21.21054475,11.76809374,4.164690463
1.5949679,15.88268733,-5.5926275,1.600012869,80.8896732,-21.09868148,59.80430693,21.07797062,11.74257567,4.138659532
1.593980867,15.836835,-5.597735733,1.599715684,80.65614973,-21.11795274,59.85912991,20.78962418,11.75334016,4.082042707
1.5930158,15.79219533,-5.5963033,1.599422221,80.42880231,-21.11254876,59.84375664,20.57765002,11.75032162,4.040421582
1.5920347,15.73997633,-5.564422633,1.599226756,80.16285375,-20.99227613,59.50160448,20.65385362,11.68314004,4.055384158
1.590940567,15.68669267,-5.543144567,1.598934275,79.8914829,-20.91200274,59.27324237,20.61084488,11.63830114,4.046939392
1.590019667,15.64496267,-5.560074633,1.598641203,79.67895425,-20.97587291,59.45494054,20.21661806,11.67397757,3.969532957
1.589090967,15.595968,-5.530224,1.598449628,79.42942704,-20.86325876,59.13457526,20.28745613,11.61107385,3.983442012
1.587978,15.54720233,-5.532773,1.598070341,79.18106612,-20.87287509,59.16193184,20.01173864,11.61644532,3.929304882
1.586894,15.493177,-5.5126397,1.597799152,78.905918,-20.79692044,58.94585568,19.95266668,11.57401876,3.917706102
1.5860284,15.451139,-5.5214923,1.597566014,78.69182073,-20.83031765,59.04086423,19.64356084,11.59267369,3.857013172
1.585059267,15.39983833,-5.491226033,1.597368699,78.43054919,-20.71613549,58.71603827,19.70711527,11.52889411,3.869492084
1.5839996,15.35313533,-5.484036933,1.597011679,78.19269332,-20.68901397,58.63888285,19.54641482,11.51374465,3.83793855
1.582943833,15.30095933,-5.4614302,1.5967409,77.92696376,-20.60372807,58.39626112,19.52330699,11.46610587,3.833401327
1.582037433,15.25548633,-5.471229067,1.596518641,77.69537221,-20.64069516,58.50142527,19.18655129,11.48675485,3.767279345
1.581071033,15.20222767,-5.452486667,1.596353518,77.42412868,-20.5699878,58.30027664,19.11645639,11.44725932,3.753516213
1.579981133,15.16175833,-5.4609866,1.595872479,77.21802054,-20.60205455,58.39150028,18.81912461,11.46517108,3.695135118
1.578976,15.10939067,-5.425789667,1.595655217,76.95131483,-20.46927101,58.01375703,18.93016215,11.39100119,3.716937338
1.5780497,15.05791733,-5.412358767,1.595503334,76.68916391,-20.41860175,57.86961289,18.81215537,11.36269849,3.693766708
1.576956567,15.012196,-5.4234379,1.595098078,76.45630761,-20.46039876,57.98851722,18.46039475,11.38604536,3.624698509
1.5760273,14.96288233,-5.4065922,1.594910735,76.20515576,-20.39684687,57.80772449,18.39003562,11.3505467,3.610883494
1.575069267,14.91737133,-5.386171833,1.594637415,75.97337068,-20.31980923,57.58856745,18.37740758,11.30751522,3.608403978
1.573999167,14.870349,-5.401992,1.594274766,75.73388846,-20.37949221,57.75835387,17.96813895,11.34085278,3.528044082
1.572955833,14.819888,-5.380897033,1.593990618,75.4768933,-20.29990958,57.53195684,17.93754082,11.29639972,3.522036139
1.572017567,14.770474,-5.362781367,1.593795785,75.22523046,-20.23156663,57.33753448,17.88030033,11.25822489,3.51079697
1.5710065,14.72434967,-5.365269967,1.593478659,74.9903217,-20.24095509,57.36424282,17.61868323,11.26346908,3.459428453
1.570006033,14.668113,-5.325928367,1.593324273,74.70391138,-20.09253543,56.94201786,17.75449787,11.18056521,3.486095658
1.569030767,14.62607367,-5.3275183,1.592981488,74.48980732,-20.09853359,56.95908147,17.5233302,11.18391565,3.440705885
1.5679779,14.57794867,-5.317623767,1.592652662,74.24470928,-20.06120559,56.85289059,17.38442304,11.16306507,3.413431464
1.5669892,14.527427,-5.296728167,1.592424061,73.98740514,-19.9823751,56.62863321,17.35137628,11.11903213,3.406942733
1.566077333,14.47702033,-5.294716867,1.592270562,73.7306867,-19.97478729,56.60704738,17.11624367,11.11479375,3.360774444
1.5650536,14.42942667,-5.284364067,1.591962876,73.48829471,-19.93573044,56.49593826,16.9849608,11.09297748,3.334997053
1.563970533,14.386335,-5.2971066,1.591528123,73.26883117,-19.98380277,56.63269467,16.62874085,11.1198296,3.265053267
1.562958233,14.335493,-5.277664967,1.591280741,73.00989559,-19.91045749,56.42404166,16.57845828,11.07886058,3.255180284
1.562114133,14.28181233,-5.254006067,1.591244267,72.73650284,-19.8212022,56.17012779,16.55897941,11.02900459,3.251355607
1.5610401,14.238151,-5.251278567,1.590827118,72.51413802,-19.81091246,56.1408555,16.36588687,11.02325698,3.213441887
1.559957233,14.18694033,-5.2277832,1.590514716,72.25332485,-19.72227412,55.88869671,16.35723249,10.9737456,3.211742599
1.5590087,14.13590267,-5.220955333,1.590334044,71.99339275,-19.69651539,55.81541815,16.17057895,10.95935735,3.175093177
1.558033467,14.08818267,-5.204306433,1.590076758,71.75035736,-19.63370594,55.63673754,16.10622417,10.92427342,3.162457115
1.557015967,14.03998733,-5.193052933,1.589784357,71.50490111,-19.59125112,55.51596185,15.98154361,10.90055911,3.137976088
1.5560477,13.99195667,-5.182393233,1.589538712,71.26028351,-19.55103646,55.401559,15.85132886,10.87809611,3.112408422
1.555026967,13.94610367,-5.170400133,1.589207837,71.02675664,-19.50579143,55.27284572,15.74651527,10.85282326,3.091828274
1.5540054,13.89756367,-5.1673069,1.588916555,70.77954503,-19.49412193,55.23964828,15.5325011,10.84630494,3.049806591
1.553063633,13.850211,-5.143154933,1.588687209,70.53838044,-19.4030065,54.98044268,15.55054212,10.79540992,3.053348944
1.552049667,13.80337533,-5.1515654,1.588377885,70.29984891,-19.43473573,55.07070614,15.22174712,10.81313315,2.988790047
1.551018533,13.74963733,-5.112698067,1.58815524,70.02616416,-19.28810528,54.65357114,15.36519738,10.73122869,3.016956505
1.550042333,13.70083433,-5.1143389,1.587913281,69.77761311,-19.29429547,54.67118102,15.09903644,10.73468639,2.964695805
1.5490292,13.65575733,-5.102890967,1.587578331,69.54803837,-19.25110713,54.54831862,14.9923241,10.71056236,2.943742837
1.5480888,13.60487033,-5.092959233,1.587403526,69.28887361,-19.21363879,54.4417285,14.83974946,10.68963339,2.913784806
1.546982,13.55547767,-5.072640267,1.587039839,69.03731941,-19.13698369,54.22365972,14.80626405,10.64681559,2.907209945
1.546006933,13.509579,-5.074666967,1.586755317,68.80355997,-19.14462959,54.24541082,14.5507535,10.65108642,2.857040449
1.545047167,13.45783733,-5.050570833,1.586574004,68.54004244,-19.0537248,53.98680444,14.54584235,10.60030905,2.856076146
1.544003233,13.41101967,-5.0451924,1.586234442,68.30160258,-19.03343419,53.9290816,14.36512533,10.58897517,2.820592359
1.543044167,13.36268533,-5.030492467,1.586002566,68.05543842,-18.97797739,53.77131784,14.27672493,10.55799826,2.80323494
1.542062867,13.31751567,-5.012857433,1.585700843,67.82539173,-18.91144767,53.58205377,14.23594231,10.52083626,2.795227273
1.5410082,13.26739667,-5.001442433,1.585400217,67.57013836,-18.86838357,53.45954482,14.10319789,10.49678163,2.769162905
1.5400083,13.21741533,-4.996863867,1.585152286,67.31558611,-18.85111052,53.41040638,13.89778409,10.48713329,2.728829906
1.5390967,13.17003433,-4.985258733,1.584953533,67.07427723,-18.80732913,53.28585687,13.78102471,10.462678,2.705904202
1.538054,13.12481833,-4.9732512,1.584591108,66.84399457,-18.76202965,53.15698869,13.67961023,10.43737473,2.685991469
1.536980133,13.075546,-4.9725731,1.584258544,66.59305322,-18.75947146,53.14971113,13.43594644,10.43594578,2.638148084
1.536052167,13.02392733,-4.943496233,1.58410718,66.33016213,-18.64977641,52.83765013,13.48511634,10.3746726,2.647802594
1.535081967,12.97635333,-4.9343327,1.583852731,66.0878703,-18.61520617,52.73930455,13.3411701,10.35536245,2.619538749
1.5340568,12.927729,-4.933772267,1.583559117,65.84022918,-18.61309189,52.73328982,13.09954371,10.35418146,2.572095407
1.5330019,12.87448567,-4.9110945,1.583305263,65.56906375,-18.52753801,52.48990574,13.07176235,10.30639299,2.566640538
1.532026,12.82774833,-4.902021267,1.583032526,65.33103302,-18.49330843,52.39252929,12.93110808,10.28727313,2.539023072
1.531056367,12.78738867,-4.9000605,1.582670104,65.12548341,-18.48591127,52.37148579,12.74660196,10.28314124,2.502795295
1.530023133,12.73218033,-4.8725047,1.58246748,64.84431033,-18.38195458,52.07574931,12.76116538,10.22507338,2.505654821
1.529010667,12.68364233,-4.8605763,1.582185268,64.5971089,-18.33695363,51.94773041,12.64198285,10.19993687,2.482253332
1.5279904,12.633732,-4.8460458,1.581915902,64.34291826,-18.28213604,51.79178505,12.54373756,10.169317,2.462962869
1.527047533,12.58835933,-4.835582567,1.581655667,64.1118377,-18.24266257,51.67949073,12.42495133,10.147268,2.439639193
1.526040367,12.53764033,-4.804810367,1.581411568,63.85352856,-18.12657172,51.34923494,12.49689797,10.08242228,2.453765916
1.525045933,12.48968067,-4.804155833,1.581138688,63.60927256,-18.12410244,51.34221031,12.2596666,10.08104299,2.407185536
1.523944667,12.44440067,-4.797268367,1.580718659,63.37866395,-18.09811886,51.26829211,12.10297619,10.06652916,2.376419375
1.523014933,12.394803,-4.793022333,1.580535122,63.1260657,-18.08210033,51.2227225,11.89594755,10.05758156,2.335769301
1.5220838,12.34739467,-4.775447033,1.580317247,62.8846176,-18.01579595,51.03409951,11.84312245,10.02054544,2.325397093
1.521032367,12.29787633,-4.754817967,1.580010817,62.63242339,-17.93797098,50.81270264,11.8123251,9.977074164,2.319350034
1.519976433,12.24738767,-4.740205933,1.579714486,62.37528733,-17.88284579,50.65588225,11.71200943,9.946282479,2.299653052
1.518989367,12.201902,-4.7387565,1.579411751,62.14363127,-17.87737767,50.64032653,11.4959091,9.943228114,2.257221751
1.5180522,12.15084,-4.7126517,1.579242812,61.88357525,-17.77889501,50.36016257,11.51601703,9.888217921,2.261169943
1.517013967,12.103379,-4.693017633,1.57891863,61.64185893,-17.70482376,50.14944432,11.48501895,9.846843393,2.255083471
1.5159982,12.055989,-4.697213967,1.578615845,61.4005042,-17.7206548,50.19448054,11.19862802,9.855686253,2.198850611
1.515042633,12.00951467,-4.690673833,1.578359485,61.16381292,-17.69598156,50.12429001,11.03212726,9.841904344,2.166158187
1.514029233,11.96056333,-4.6629402,1.578082558,60.91450641,-17.59135398,49.82664497,11.08046579,9.783461739,2.175649459
1.5130188,11.91154867,-4.653500867,1.57780955,60.66487734,-17.55574326,49.72533942,10.93214227,9.763570396,2.146526135
1.512078733,11.86059067,-4.623547733,1.577636147,60.40535099,-17.44274242,49.40387409,10.99408125,9.700450677,2.158687854
1.511058367,11.82013433,-4.628534467,1.577224446,60.19930906,-17.46155531,49.45739309,10.73452031,9.710959134,2.107723064
1.5099608,11.76465867,-4.6061853,1.57696151,59.91677447,-17.37724111,49.21753564,10.69184318,9.663863123,2.099343408
1.509057967,11.71963967,-4.585888667,1.576735988,59.68749512,-17.30067026,48.99970654,10.68039293,9.621092379,2.097095152
1.5080642,11.67220733,-4.583486233,1.576455841,59.44592479,-17.29160687,48.97392296,10.46460619,9.616029773,2.054725425
1.507062333,11.62409133,-4.571220533,1.576177879,59.20087259,-17.24533343,48.84228406,10.35119288,9.590182476,2.032456722
1.505960667,11.57065867,-4.5366303,1.575880107,58.92874289,-17.11483872,48.47105209,10.45029516,9.517291077,2.051915454
1.505017833,11.52536333,-4.536916567,1.575618742,58.69805619,-17.11591869,48.47412438,10.21653616,9.517894322,2.006016876
1.504040767,11.479519,-4.522668033,1.575331403,58.46457347,-17.06216484,48.32120517,10.13597265,9.487868635,1.99019823
1.503043067,11.429296,-4.527434333,1.575089308,58.20879043,-17.08014612,48.37235842,9.829036355,9.497912576,1.929931288
1.502049233,11.37974933,-4.4893017,1.574840905,57.95645191,-16.9362874,47.96310842,9.985947842,9.417556339,1.960740859
1.501003633,11.33381967,-4.486425733,1.574486316,57.72253459,-16.92543756,47.93224275,9.782896189,9.411495864,1.920871667
1.499984933,11.29063833,-4.485180067,1.57411728,57.50261438,-16.92073817,47.91887391,9.576344819,9.408870892,1.880315305
1.499096267,11.232864,-4.433335133,1.574097828,57.2083728,-16.72514858,47.36245971,9.838517448,9.299618963,1.931792901
1.498108067,11.19069967,-4.4578897,1.57374399,56.99363212,-16.81778285,47.62598613,9.360250344,9.351362376,1.837885155
1.497023967,11.14129567,-4.4271291,1.573403173,56.7420202,-16.70173577,47.29585484,9.438769717,9.286541097,1.853302434
1.4960175,11.09438333,-4.420504067,1.573102503,56.50309821,-16.67674224,47.22475314,9.270949419,9.272580279,1.820350919
1.495055633,11.045648,-4.403876933,1.572873859,56.25489177,-16.61401491,47.04630613,9.201189992,9.237542209,1.806653655
1.4940445,10.995799,-4.384337267,1.572612704,56.0010135,-16.5402998,46.83660101,9.157016836,9.196366609,1.797980256
1.493049733,10.94770067,-4.371408933,1.572341577,55.75605127,-16.49152652,46.69785055,9.050805068,9.169122956,1.777125575
1.492010433,10.90062167,-4.357608167,1.57201058,55.51628045,-16.4394619,46.5497369,8.959147906,9.14004084,1.759128691
1.4910159,10.85229867,-4.335911267,1.571743067,55.27017401,-16.35760843,46.31687975,8.945898612,9.094319339,1.756527192
1.4900437,10.805022,-4.330719333,1.571482144,55.02939649,-16.3380214,46.26115848,8.760842357,9.083378467,1.720191397
1.489045733,10.752535,-4.3066977,1.571273844,54.76208302,-16.24739767,46.00335165,8.751335718,9.032758096,1.718324768
1.4880731,10.710013,-4.3061007,1.570940954,54.54552075,-16.24514543,45.99694448,8.541180627,9.031500048,1.677060816
1.486971167,10.65505,-4.273496,1.570665939,54.26559715,-16.12214132,45.64702179,8.611179705,8.962792729,1.690805135
1.486043667,10.610462,-4.264446267,1.570409266,54.03851286,-16.0880004,45.54989755,8.481219664,8.943722383,1.665287481
1.4850894,10.564005,-4.253643667,1.570153945,53.80190985,-16.04724664,45.43396105,8.360553159,8.920958252,1.641594613
1.484037467,10.516198,-4.231237733,1.569821268,53.55843137,-15.96271828,45.19349436,8.357541368,8.873742617,1.641003248
1.483010067,10.46524367,-4.225330967,1.569560476,53.29892369,-15.94043448,45.1301013,8.161426744,8.86129539,1.602496141
1.482046767,10.41370767,-4.2019553,1.569372535,53.03645361,-15.85224771,44.87922716,8.149830803,8.812036253,1.600219278
1.4810434,10.370661,-4.200782967,1.569016805,52.81721925,-15.84782498,44.86664535,7.94317825,8.809565815,1.559643049
1.480033767,10.32205833,-4.173068967,1.568738399,52.56968848,-15.74327146,44.56921102,7.993081815,8.751164583,1.569441614
1.479032167,10.27745503,-4.1666964,1.568407856,52.34252627,-15.71923039,44.50081886,7.834311757,8.737735784,1.538267114
1.4780444,10.23161857,-4.155048333,1.568109699,52.10908361,-15.67528703,44.37580858,7.725879377,8.713190015,1.516976416
1.477016067,10.17414827,-4.1055091,1.567946006,51.81639046,-15.4883959,43.84413979,7.96485502,8.608796848,1.563899283
1.476044267,10.13387067,-4.137419733,1.567580182,51.61125881,-15.60878158,44.18661356,7.4172496,8.676041572,1.456376959
1.475044133,10.0836173,-4.100715333,1.567336111,51.35532111,-15.47031099,43.79269176,7.555233705,8.598695026,1.483470138
1.4740571,10.03585103,-4.0816555,1.567067721,51.11205008,-15.39840608,43.58813634,7.516518093,8.55853057,1.475868328
1.4730177,9.986537367,-4.057784067,1.566770245,50.86089823,-15.30834899,43.3319415,7.521561082,8.508226713,1.476858518
1.472048367,9.940732,-4.0564208,1.566490054,50.62761395,-15.30320595,43.31731054,7.302907766,8.505353924,1.43392594
1.471084033,9.8894549,-4.0214025,1.566297184,50.36646244,-15.17109631,42.94148443,7.41758236,8.431560468,1.456442296
1.4700617,9.846607933,-4.026640033,1.565919484,50.14824514,-15.19085537,42.99769509,7.1431544,8.442597431,1.402558366
1.468999233,9.798913533,-4.017929633,1.565574579,49.90534012,-15.15799462,42.90421266,6.993731812,8.424242156,1.373219241
1.468049333,9.7501141,-3.990952633,1.565358867,49.65680723,-15.0562215,42.61468802,7.034723567,8.367393992,1.381267972
1.4670522,9.7024409,-3.975822533,1.565078977,49.41401019,-14.99914186,42.45230759,6.95430695,8.335510595,1.36547817
1.466028067,9.652858433,-3.956760667,1.564800812,49.16148935,-14.92722929,42.24773035,6.906363352,8.295341854,1.356064444
1.4650043,9.6032718,-3.9393776,1.564523076,48.90894729,-14.86165013,42.06117045,6.840381186,8.258710819,1.343108846
1.464065567,9.5583194,-3.927833467,1.564260651,48.68000713,-14.81809887,41.93727561,6.735335869,8.234384067,1.322483198
1.463045633,9.5113751,-3.906050767,1.563946995,48.44092233,-14.73592171,41.70349763,6.730029049,8.188481761,1.321441204
1.462047167,9.462959633,-3.894614067,1.563676939,48.19434496,-14.69277574,41.5807558,6.606193515,8.164381401,1.297126097
1.461077833,9.416234967,-3.8780558,1.563410578,47.95637875,-14.63030822,41.40304789,6.545935209,8.129488453,1.285294378
1.460061967,9.3678487,-3.862306667,1.563122683,47.70995009,-14.57089322,41.23402382,6.46853062,8.096300577,1.270095987
1.459076567,9.319830233,-3.8473777,1.562859721,47.46539462,-14.51457238,41.07380201,6.38419696,8.064841025,1.253537073
1.458034433,9.270155267,-3.8303229,1.562564947,47.21240268,-14.45023164,40.89076517,6.314241868,8.02890174,1.239801391
1.4570633,9.225179667,-3.8202327,1.562270472,46.98334437,-14.41216547,40.78247434,6.193474379,8.007638837,1.216088694
1.456051533,9.1770595,-3.8025317,1.561982673,46.73827094,-14.34538688,40.5925023,6.138372997,7.970337826,1.205269538
1.455002233,9.130463,-3.7919403,1.561634417,46.50095747,-14.30542989,40.47883246,6.014729369,7.948018753,1.180992112
1.454031733,9.084333433,-3.776498,1.561357937,46.26602207,-14.24717245,40.31310141,5.945525011,7.915477462,1.167403836
1.453034567,9.030732167,-3.7499052,1.561167201,45.9930337,-14.14684876,40.0277001,5.957937945,7.859438915,1.169841116
1.452036933,8.985222167,-3.740498533,1.560854266,45.76125371,-14.11136128,39.92674515,5.827112916,7.83961641,1.144153621
1.451030033,8.942131367,-3.7317845,1.560495667,45.54179458,-14.07848681,39.83322373,5.70117521,7.821253479,1.119425752
1.4500249,8.890686667,-3.6987718,1.560264519,45.27978949,-13.95394349,39.47892227,5.79347157,7.751686388,1.137548143
1.449057067,8.8436667,-3.692002333,1.560004101,45.04031933,-13.92840508,39.40627048,5.6266532,7.737421209,1.104793356
1.448085233,8.797591867,-3.670739967,1.559725464,44.80566268,-13.84819092,39.17807686,5.620190166,7.692615392,1.103524339
1.447041633,8.747076667,-3.655450633,1.559441865,44.54839148,-13.79051056,39.0139875,5.527008333,7.660396445,1.085228086
1.4460423,8.706131,-3.653823067,1.559058559,44.3398574,-13.78437042,38.99652,5.335941749,7.656966702,1.047712162
1.445079933,8.6510105,-3.6150013,1.55892548,44.05913165,-13.63791187,38.57987403,5.471861972,7.575158266,1.074400098
1.4440823,8.606704067,-3.6081427,1.558594437,43.83348137,-13.6120372,38.50626563,5.319820085,7.560705257,1.044546674
1.442996667,8.557300233,-3.5912075,1.558252085,43.5818703,-13.54814766,38.32451237,5.24996228,7.525018004,1.030830094
1.4420329,8.513271,-3.573980867,1.557950738,43.35763178,-13.48315866,38.13963136,5.210604767,7.488716618,1.023102246
1.441063933,8.464300133,-3.5586503,1.557718538,43.10822579,-13.42532274,37.97509947,5.125730668,7.456410781,1.006437217
1.4400649,8.415464733,-3.534032833,1.557454233,42.85950972,-13.33245118,37.71089799,5.14121608,7.40453482,1.009477777
1.439026633,8.368801133,-3.519350367,1.55711802,42.62185451,-13.27706027,37.55332169,5.061137177,7.373594713,0.993754285
1.4380343,8.3254665,-3.5106109,1.556777657,42.40115355,-13.24408986,37.4595273,4.934230598,7.355178186,0.968836178
1.437043,8.275437033,-3.486762467,1.55653905,42.14635617,-13.15411954,37.2035793,4.935381214,7.304922796,0.969062101
1.4360758,8.229276,-3.463282933,1.556266343,41.9112605,-13.06554093,36.95159044,4.952274416,7.255444783,0.972379082
1.4350424,8.181447367,-3.456735933,1.555952524,41.66767184,-13.04084179,36.88132622,4.778949976,7.241648403,0.938346828
1.434018633,8.135278833,-3.4464473,1.555623363,41.43253798,-13.00202701,36.77090575,4.654236583,7.219967345,0.913859353
1.433043767,8.0874839,-3.4232485,1.555367571,41.18912096,-12.91450749,36.5219298,4.659795512,7.171080916,0.914950849
1.432092033,8.040042867,-3.398266,1.555129588,40.94750632,-12.8202588,36.25381068,4.686299997,7.118435727,0.920155004
1.431061667,7.9917609,-3.395533467,1.554825624,40.70160886,-12.80995008,36.22448437,4.469728841,7.112677506,0.877631258
1.430023833,7.9456137,-3.374907867,1.554482075,40.46658365,-12.73213818,36.00312471,4.456063291,7.069213537,0.874948027
1.429069,7.8980314,-3.3485105,1.554243118,40.22424955,-12.63255178,35.71982085,4.497033054,7.013586824,0.88299244
1.428064967,7.848566233,-3.334372433,1.553983288,39.97232612,-12.57921467,35.5680872,4.396843271,6.983793921,0.863320176
1.426996933,7.805386567,-3.3201702,1.553564892,39.7524144,-12.52563549,35.41566489,4.329353856,6.953865801,0.85006863
1.426050967,7.757365067,-3.2995221,1.553341409,39.50784348,-12.44773871,35.19406376,4.306384073,6.910354418,0.845558513
1.425097833,7.708098267,-3.280742167,1.553129495,39.25693031,-12.37688975,34.9925123,4.257022361,6.87077979,0.835866341
1.424059533,7.667012533,-3.271149,1.55270933,39.04768288,-12.34069868,34.88955578,4.150731454,6.850564277,0.814996121
1.423024367,7.618613233,-3.253846333,1.552402331,38.80118784,-12.27542284,34.70385876,4.089933438,6.814102667,0.80305843
1.4220356,7.5716432,-3.231368233,1.552120228,38.56197199,-12.19062223,34.46261755,4.091958785,6.766734957,0.803456107
1.421076867,7.524729433,-3.2209551,1.551867312,38.3230427,-12.15133776,34.35086092,3.964786128,6.744791542,0.778485756
1.420038567,7.474143033,-3.1886826,1.551590085,38.06540888,-12.0295869,34.0045035,4.053509732,6.676784262,0.795906636
1.4190363,7.431733933,-3.186345433,1.551225863,37.84942161,-12.02076973,33.97942038,3.862605585,6.671859191,0.758422607
1.418028767,7.384919467,-3.1708467,1.550922653,37.61099805,-11.96229939,33.81308367,3.790518726,6.639198979,0.744268352
1.417047133,7.335840067,-3.145070933,1.55067942,37.3610393,-11.86505803,33.536451,3.817192656,6.584882153,0.749505778
1.416059767,7.293161267,-3.1362939,1.550334155,37.14367847,-11.8319459,33.44225344,3.694029377,6.566386463,0.725322668
1.415041867,7.242413967,-3.1048359,1.550079749,36.88522519,-11.71326782,33.10463746,3.773192086,6.500095565,0.740866266
1.4140283,7.196269967,-3.093963533,1.549760418,36.65021628,-11.67225085,32.9879522,3.654868428,6.477184415,0.717633416
1.413056833,7.148789233,-3.070419267,1.549503299,36.40839946,-11.58342803,32.7352686,3.665735205,6.42756999,0.719767107
1.412044,7.104153767,-3.064915433,1.549162007,36.18107342,-11.56266433,32.67619994,3.497477837,6.415971858,0.686729773
1.4110481,7.055437867,-3.039342367,1.548899037,35.93296596,-11.46618767,32.40174269,3.523827621,6.362082178,0.691903553
1.4099993,7.0116086,-3.0259976,1.548509649,35.70974586,-11.41584336,32.25852296,3.443827258,6.333960982,0.676195482
1.4090691,6.9631631,-2.9959569,1.548308311,35.46301553,-11.30251217,31.93611783,3.519502054,6.270656736,0.691054228
1.4080825,6.917267767,-2.9917748,1.548012206,35.22927307,-11.28673482,31.89123437,3.330643044,6.261843869,0.653971762
1.407045967,6.8696885,-2.969791,1.547691503,34.98695442,-11.203799,31.65529813,3.324260635,6.215517789,0.652718576
1.406038667,6.8243715,-2.960616267,1.547365997,34.75615737,-11.1691865,31.55683235,3.191929371,6.196184032,0.626735332
1.405056,6.779686467,-2.936012833,1.547055617,34.5285789,-11.07636788,31.29278148,3.228401768,6.144337644,0.633896687
1.404034933,6.729717433,-2.9141051,1.546786335,34.2740893,-10.99371902,31.05766161,3.209032037,6.098171857,0.63009344
1.4030494,6.684979467,-2.903803967,1.546473884,34.04624124,-10.95485708,30.94710699,3.091738597,6.076464458,0.607062873
1.4020573,6.638501967,-2.8812403,1.546181038,33.80953383,-10.86973366,30.70494746,3.097190715,6.028916434,0.608133397
1.401095033,6.591024233,-2.864841833,1.545933074,33.56773228,-10.80786899,30.52895457,3.031382063,5.99436023,0.595211868
1.400012033,6.547544467,-2.8535989,1.545504227,33.34629217,-10.76545403,30.40829229,2.930604227,5.970668191,0.57542414
1.399015267,6.500748333,-2.829145833,1.545211508,33.10796197,-10.67320268,30.1458552,2.954711128,5.919138668,0.58015753
1.39808,6.454601433,-2.810882067,1.544970521,32.87293829,-10.604301,29.94984339,2.915699255,5.880651749,0.572497549
1.3970979,6.410098867,-2.797651467,1.544657963,32.64628911,-10.55438739,29.80784892,2.831044543,5.852771135,0.555875596
1.3959838,6.361991267,-2.774480767,1.544267641,32.40127969,-10.46697388,29.55917454,2.8347095,5.803943921,0.55659521
1.395041133,6.3178732,-2.764153467,1.543988731,32.17658874,-10.42801323,29.44833909,2.720854005,5.78218138,0.534239684
1.394055133,6.270829533,-2.7389916,1.543710503,31.93699788,-10.33308786,29.17829496,2.751307271,5.729158215,0.540219183
1.393060633,6.224546733,-2.719954067,1.543412328,31.70128206,-10.26126709,28.97397887,2.719907545,5.689040751,0.534053846
1.3920347,6.180017167,-2.7068115,1.543056342,31.47449537,-10.21168559,28.8329292,2.634170525,5.661345648,0.517219383
1.391008733,6.133649533,-2.689999567,1.542727976,31.23834751,-10.14826109,28.65249887,2.578452992,5.625918153,0.506279245
1.390042133,6.0858876,-2.665123533,1.542479954,30.99509855,-10.05441405,28.38552238,2.602180521,5.573497319,0.510938145
1.389048167,6.042707933,-2.6508278,1.542135626,30.77518683,-10.00048214,28.2320966,2.535694574,5.543372168,0.49788363
1.388080567,5.997573533,-2.635769433,1.541847073,30.54531975,-9.943673118,28.07048604,2.467438068,5.511639933,0.484481465
1.387009433,5.948986533,-2.609201733,1.541506931,30.29786877,-9.843444122,27.78535411,2.505119012,5.45565428,0.491880118
1.386030167,5.9049252,-2.598703133,1.541190567,30.07346677,-9.803837225,27.67268022,2.393390896,5.433530762,0.469942302
1.385104,5.861091433,-2.583527967,1.540923879,29.85022375,-9.746587568,27.50981613,2.333011976,5.401552396,0.458086901
1.3840241,5.814943667,-2.557747933,1.540538273,29.61519565,-9.649330114,27.23313766,2.374662348,5.347226579,0.466264952
1.383039667,5.770648,-2.542207533,1.540220268,29.3896002,-9.590702582,27.06635377,2.315850781,5.314478564,0.454717301
1.382041733,5.724152867,-2.522821133,1.539921853,29.15280299,-9.517565674,26.85829355,2.287113787,5.273625939,0.449074792
1.381054033,5.678982733,-2.505104233,1.539613738,28.92275393,-9.450727104,26.66815087,2.247207409,5.236291423,0.441239175
1.3800284,5.633440533,-2.488841933,1.539273287,28.69080995,-9.38937614,26.49361935,2.189794946,5.20202216,0.429966238
1.3790283,5.5895594,-2.467658567,1.538933379,28.46732569,-9.309460017,26.26627359,2.193656458,5.157382819,0.430724446
1.378079767,5.5453831,-2.452747733,1.538649478,28.24233817,-9.25320758,26.10624639,2.128696135,5.125961478,0.417969486
1.3770263,5.498070867,-2.429686767,1.538307824,28.00137951,-9.166208046,25.8587497,2.135234163,5.077365503,0.419253228
1.375985533,5.453872033,-2.416698767,1.537932029,27.77627723,-9.117209668,25.71935888,2.049522698,5.049996116,0.402423782
1.375095,5.409887167,-2.3999934,1.537703248,27.55226466,-9.054187196,25.54007225,2.004796764,5.014793186,0.393641845
1.374088867,5.3651236,-2.389066867,1.537370582,27.32428622,-9.012965883,25.42280566,1.894084911,4.991767892,0.371903572
1.373026933,5.319900033,-2.359353867,1.536989037,27.09396503,-8.900870965,25.10391751,1.982651873,4.929154202,0.389293695
1.3720165,5.274593667,-2.3412458,1.536660238,26.86322214,-8.832556683,24.90957671,1.946249776,4.890995388,0.382146143
1.3710698,5.231123767,-2.328978667,1.536367543,26.64183227,-8.786277839,24.77792244,1.856514188,4.86514507,0.364526561
1.370075633,5.186814133,-2.307955433,1.536040015,26.41616569,-8.706965833,24.55229526,1.856474777,4.820843175,0.364518823
1.369023933,5.1412082,-2.2895588,1.535674456,26.18389712,-8.637562908,24.35485749,1.821643981,4.782076269,0.357679796
1.368033333,5.095591233,-2.264473733,1.535370163,25.95157236,-8.542927277,24.0856376,1.858539114,4.729214943,0.364924155
1.367006167,5.053205967,-2.258596167,1.534980683,25.73570648,-8.520753637,24.02255792,1.705752904,4.716829248,0.334924583
1.366067133,5.008288733,-2.235634333,1.534717429,25.50694542,-8.434128092,23.77612516,1.723424612,4.668442175,0.338394423
1.3650713,4.961785,-2.2115003,1.534421245,25.27010441,-8.343080318,23.51711202,1.745596736,4.617584945,0.342747919
1.363998667,4.918504567,-2.2010224,1.533999765,25.04967948,-8.303551515,23.40466029,1.637623544,4.595505048,0.321547383
1.363015133,4.874298433,-2.1838484,1.533681313,24.82454002,-8.238761082,23.22034416,1.596800213,4.559314576,0.313531722
1.3621151,4.8299705,-2.1615478,1.533448194,24.59878024,-8.154630098,22.98100794,1.610376655,4.512320908,0.316197456
1.3610874,4.786031267,-2.143399033,1.53308156,24.37500008,-8.086162272,22.78623034,1.581374099,4.474076327,0.310502804
1.360014867,4.7420937,-2.128891767,1.532670067,24.15122842,-8.031432326,22.63053433,1.513298442,4.443505415,0.297136149
1.359046533,4.698469933,-2.1036329,1.532358053,23.92905492,-7.936141019,22.35944916,1.562210105,4.390277844,0.306739954
1.3581367,4.655298867,-2.089136267,1.532097729,23.709187,-7.881451189,22.20386728,1.497924072,4.359729339,0.294117392
1.3570237,4.602947567,-2.0743529,1.531772354,23.44256464,-7.825679632,22.04520808,1.389960905,4.328576607,0.272918824
1.3559164,4.5554126,-2.0523876,1.531380217,23.20047161,-7.742813596,21.80947039,1.383605566,4.282289511,0.271670953
1.354962233,4.511463833,-2.0331746,1.53108726,22.9766429,-7.670330856,21.60327115,1.365976104,4.24180229,0.268209408
1.354002567,4.467659467,-2.0153405,1.53078663,22.75354961,-7.603050138,21.41187064,1.334283326,4.2042208,0.261986531
1.352907067,4.416088867,-2.0000705,1.53046701,22.49090332,-7.545442713,21.24798876,1.235518906,4.172042594,0.242594137
1.351812333,4.369633033,-1.9828842,1.530071204,22.25430626,-7.480605878,21.06354063,1.183369982,4.135826202,0.232354696
1.3508349,4.3159032,-1.9615112,1.529902136,21.9806631,-7.399974346,20.83415966,1.139107792,4.090787249,0.223663815
1.349752,4.2686337,-1.9389155,1.529530406,21.73992208,-7.314730071,20.59165634,1.140870088,4.043171723,0.224009842
1.348790367,4.226972767,-1.9215011,1.529195561,21.52774518,-7.249032708,20.40476017,1.115589363,4.006474659,0.219045972
1.347793167,4.18445,-1.9060872,1.528838116,21.31117902,-7.190882408,20.23933392,1.064449448,3.973993215,0.209004649
1.3467789,4.141260933,-1.8889355,1.528473629,21.09121942,-7.126176104,20.05525712,1.028566653,3.937849735,0.201959062
1.345760733,4.097928133,-1.8645785,1.528107405,20.8705278,-7.034287169,19.79385104,1.069281111,3.886522652,0.209953346
1.3447787,4.055316933,-1.849220433,1.527766457,20.65351125,-6.976347506,19.62902401,1.01709159,3.854158864,0.199705934
1.343757267,4.0139403,-1.834227167,1.527367535,20.44278228,-6.919784082,19.46811211,0.967274516,3.822563813,0.189924351
1.342779133,3.9713474,-1.815430433,1.527030212,20.22585893,-6.848871745,19.26638036,0.952082921,3.782953783,0.186941481
1.3417673,3.927552067,-1.792181367,1.526677279,20.00281165,-6.761162586,19.01686492,0.978551073,3.733961428,0.192138503
1.340740633,3.885427233,-1.777295167,1.526284381,19.78827213,-6.705003081,18.8571021,0.923774388,3.702591997,0.181383101
1.339766067,3.8437191,-1.758395033,1.525937313,19.57585485,-6.633700658,18.65426062,0.914198579,3.662764073,0.179502891
1.338822867,3.801254667,-1.737604233,1.52563299,19.35958577,-6.555265527,18.43112799,0.921062134,3.618951981,0.18085055
1.3377881,3.7604247,-1.732430167,1.52521251,19.15164095,-6.535745904,18.37559847,0.768646826,3.60804876,0.150923804
1.336715933,3.7175762,-1.706192033,1.524784999,18.93341584,-6.436760227,18.09400355,0.832016642,3.552757597,0.163366468
1.335729467,3.6756619,-1.6815462,1.524429133,18.71994856,-6.343781643,17.82949763,0.883055283,3.500821859,0.173387905
1.334839433,3.634658633,-1.6720635,1.524155994,18.51112113,-6.308007319,17.72772666,0.775998816,3.48083913,0.152367367
1.3337824,3.5932103,-1.649200833,1.523722551,18.30002699,-6.221755888,17.48235818,0.810273161,3.432661029,0.159097135
1.332698733,3.5508943,-1.633565533,1.523275529,18.08451388,-6.162770337,17.31455581,0.762562423,3.399713033,0.149729132
1.331766233,3.510603833,-1.619663167,1.522949199,17.8793167,-6.110322431,17.16535175,0.706569296,3.370416816,0.138734881
1.330820867,3.469837667,-1.604214467,1.522617159,17.6716968,-6.052040845,16.99955202,0.664749133,3.337862039,0.130523492
1.329753533,3.4287244,-1.586507367,1.522168375,17.46230914,-5.985239245,16.80951451,0.645398984,3.300548174,0.12672409
1.328739667,3.386059767,-1.557398067,1.521796397,17.24502046,-5.875421838,16.49710543,0.74051938,3.239206651,0.14540098
1.327748033,3.3462996,-1.549828133,1.521402956,17.04252406,-5.846863596,16.4158628,0.619265611,3.223254662,0.121592803
1.3267805,3.305657167,-1.533917767,1.521046888,16.83553433,-5.786840331,16.24510834,0.58303035,3.189727022,0.114478009
1.325773367,3.2640295,-1.514406267,1.520666043,16.62352687,-5.713231473,16.03570551,0.58042571,3.148610776,0.113966588
1.324806067,3.223131,-1.495118833,1.520314061,16.415233,-5.640467927,15.82870742,0.579129932,3.107966702,0.113712162
1.323719667,3.184466267,-1.4839561,1.519809372,16.21831559,-5.598355529,15.70890587,0.502014072,3.084443668,0.098570463
1.322774733,3.1431366,-1.462030233,1.519486243,16.00782582,-5.515638259,15.47359139,0.526838783,3.038239669,0.103444795
1.3217887,3.1042284,-1.448017833,1.519085584,15.80966845,-5.462775242,15.32320643,0.479066375,3.008711582,0.094064683
1.320769233,3.063192033,-1.424446067,1.518683509,15.60067244,-5.373848669,15.07022769,0.523049102,2.959039207,0.102700691
1.3197419,3.0240924,-1.408463667,1.51824443,15.40154011,-5.313553652,14.89870014,0.49544432,2.925359772,0.097280492
1.318795833,2.983584867,-1.388889667,1.517907799,15.19523742,-5.239709008,14.68862654,0.499215226,2.884111821,0.09802091
1.317795,2.9445038,-1.376825333,1.51749494,14.99619964,-5.194195244,14.55914877,0.429655225,2.858688861,0.084362803
1.3167401,2.904914533,-1.357356,1.517035661,14.79457364,-5.120745463,14.35019848,0.436979502,2.817661472,0.085800925
1.315754033,2.865834133,-1.3419734,1.516637559,14.59553926,-5.062713246,14.18510815,0.403035455,2.785245986,0.079136012
1.3148,2.8266531,-1.3238852,1.516273004,14.39599236,-4.994473913,13.99098057,0.397616137,2.747129036,0.078071928
1.313747167,2.787014533,-1.305436367,1.515816533,14.19411527,-4.924874058,13.79298258,0.393737043,2.708252129,0.077310268
1.312745333,2.748680833,-1.2914056,1.51539143,13.9988838,-4.871941751,13.6424005,0.349087648,2.678685338,0.06854336
1.3117936,2.709748167,-1.2721343,1.515025439,13.80060182,-4.799239069,13.43557556,0.357630605,2.638075262,0.070220769
1.3107638,2.6721664,-1.2547067,1.514561057,13.6091999,-4.733491908,13.24853773,0.353266524,2.601350382,0.069363882
1.309731133,2.633730933,-1.238657267,1.514106651,13.41345013,-4.672944002,13.07629076,0.329763727,2.56752969,0.064749108
1.3087682,2.595056033,-1.2162174,1.513725582,13.21648094,-4.588287622,12.83545988,0.373625413,2.520242548,0.07336135
1.307815733,2.5565137,-1.203917967,1.513352985,13.02018691,-4.541886923,12.70345895,0.30933231,2.494324165,0.060737399
1.3068026,2.519397333,-1.188949267,1.512898267,12.83115525,-4.485416179,12.54281071,0.280948889,2.462780883,0.055164314
1.305736733,2.4819503,-1.173461933,1.512395791,12.64043952,-4.426988846,12.37659636,0.256447517,2.430144694,0.05035347
1.304775533,2.443599767,-1.156436733,1.512011575,12.44512232,-4.362759774,12.19387719,0.24384948,2.394267786,0.047879845
1.303756333,2.406540167,-1.141119133,1.511549937,12.25637976,-4.304972774,12.02948445,0.21949966,2.361989273,0.043098758
1.302779933,2.369216133,-1.122914267,1.511135077,12.06629047,-4.236293306,11.83410478,0.224790042,2.323626473,0.044137525
1.301756833,2.332195133,-1.106527933,1.510668958,11.8777445,-4.174474416,11.6582421,0.212106753,2.289095837,0.041647161
1.300731933,2.29519,-1.088960267,1.5102008,11.68927935,-4.108198841,11.46970103,0.212182668,2.252075797,0.041662067
1.299752667,2.2590658,-1.0769311,1.509765022,11.50530074,-4.062817746,11.34060068,0.157304412,2.226726943,0.030886721
1.2987352,2.222008067,-1.05610143,1.509305089,11.31656769,-3.984235975,11.11705088,0.192121163,2.182832941,0.03772299
1.297755967,2.1866559,-1.044478273,1.508857729,11.13652101,-3.94038659,10.99230794,0.136817419,2.158339664,0.0268641
1.296699533,2.149826067,-1.02722621,1.5083554,10.94894865,-3.875301656,10.80715401,0.134398985,2.12198469,0.026389241
1.295768833,2.113667967,-1.009352707,1.507968699,10.76479739,-3.807872285,10.61533062,0.14207112,2.084320167,0.027895664
1.294793767,2.0789881,-0.99673362,1.507515391,10.58817469,-3.760265666,10.47989908,0.100879961,2.057728184,0.01980778
1.2937308,2.0429789,-0.978972367,1.506994182,10.40478177,-3.693259768,10.28928038,0.108105737,2.020300203,0.021226561
1.292759667,2.00793,-0.96371524,1.50655036,10.2262796,-3.635700909,10.12553667,0.093347288,1.988149124,0.01832874
1.291809367,1.9728091,-0.948126693,1.506128454,10.04741075,-3.576891739,9.95823606,0.081779037,1.95529965,0.016057314
1.290758233,1.9375076,-0.933091283,1.505608431,9.867622103,-3.520169326,9.796871869,0.063354585,1.923615792,0.012439673
1.2897106,1.9032971,-0.91853758,1.505075495,9.693389865,-3.465264194,9.640677489,0.045316728,1.892947025,0.008897939
1.2887853,1.867558167,-0.90019091,1.504687887,9.511373398,-3.39604976,9.443775937,0.060201811,1.854285405,0.011820626
1.2877902,1.834223833,-0.884851473,1.504194302,9.341603429,-3.33818038,9.279148849,0.055058932,1.821960876,0.010810821
1.286728167,1.800252667,-0.872722547,1.503643365,9.168590103,-3.292422932,9.148977843,0.01221661,1.7964018,0.002398731
1.285728467,1.766368467,-0.855189123,1.503153453,8.996019693,-3.226276543,8.960804281,0.027819763,1.759453921,0.00546241
1.284799833,1.7332886,-0.841879827,1.502722506,8.827545709,-3.176066045,8.817965218,0.002184843,1.731407471,0.000428994
1.283792233,1.700069833,-0.825683237,1.502214683,8.658364315,-3.114962978,8.644138922,0.006829745,1.697276677,0.00134102
1.282725,1.6672376,-0.81122428,1.50164141,8.491151515,-3.060415287,8.488961388,-0.005205522,1.666807569,-0.001022104
1.281707833,1.633388433,-0.795034087,1.501133504,8.318759528,-2.999336351,8.315203743,-0.003839864,1.632690255,-0.000753957
1.280778833,1.601854967,-0.784300943,1.500678925,8.158161277,-2.95884462,8.200012672,-0.049247044,1.610072488,-0.009669657
1.279816467,1.569124233,-0.76873237,1.500208993,7.99146541,-2.900110801,8.032926424,-0.048856663,1.577265103,-0.009593006
1.278762633,1.536934633,-0.753536343,1.499639452,7.827525507,-2.842782447,7.869838451,-0.049708593,1.54524278,-0.009760282
1.277732133,1.5053027,-0.74016567,1.499084854,7.66642577,-2.792340401,7.726340677,-0.067310555,1.517066992,-0.013216428
1.276792867,1.473624,-0.72598626,1.498622194,7.505087853,-2.738847323,7.574163316,-0.076471111,1.487186967,-0.015015103
1.2758472,1.4423045,-0.711744647,1.498147729,7.345579323,-2.685119578,7.421318371,-0.083134698,1.457175862,-0.016323498
1.274792333,1.411428133,-0.697391057,1.497557397,7.188327646,-2.630969392,7.267271662,-0.086339665,1.426928791,-0.016952793
1.2737317,1.380771233,-0.683813153,1.496957997,7.032193702,-2.579745551,7.121549838,-0.096751785,1.398316311,-0.018997213
1.2727902,1.349995133,-0.669979293,1.496479523,6.875452678,-2.527556092,6.973081015,-0.105023986,1.369164457,-0.02062146
1.271864133,1.319978667,-0.65618813,1.496005054,6.722580426,-2.47552771,6.825070425,-0.109885648,1.340102578,-0.021576047
1.2708054,1.290476067,-0.644186777,1.495390188,6.57232527,-2.430251544,6.696268572,-0.131338952,1.314812334,-0.025788403
1.269710233,1.260538533,-0.63168464,1.494745431,6.419855021,-2.383086128,6.562092174,-0.149632802,1.288466798,-0.029380401
1.268773533,1.2312369,-0.618567763,1.494249574,6.270623377,-2.333601552,6.421318215,-0.158090488,1.260825832,-0.031041067
1.2678579,1.202072833,-0.603557587,1.493772714,6.122092352,-2.276974334,6.260224836,-0.145528133,1.229195147,-0.028574449
1.266761933,1.173487467,-0.591645423,1.493106814,5.976508616,-2.232034645,6.132380195,-0.163267229,1.204092851,-0.03205752
1.265760867,1.1450318,-0.579034587,1.492533863,5.831585434,-2.184459149,5.997037198,-0.172847413,1.177518254,-0.03393859
1.2648127,1.116553033,-0.564775727,1.49201416,5.686544606,-2.13066634,5.844007158,-0.164858201,1.147470805,-0.032369908
1.263767267,1.088901633,-0.552612403,1.491384742,5.545717511,-2.084779128,5.713466998,-0.175145136,1.121839245,-0.034389747
1.2627743,1.061050167,-0.539867083,1.4908108,5.403871488,-2.036696281,5.576680689,-0.18020485,1.094981253,-0.035383222
1.261851667,1.034243853,-0.529197703,1.490291468,5.267348375,-1.996445103,5.462173944,-0.202221218,1.072497854,-0.039706136
1.260790333,1.0073086,-0.516047,1.489635375,5.130168577,-1.946832912,5.321036948,-0.19826402,1.044785605,-0.03892914
1.259729733,0.980927087,-0.50482741,1.488971685,4.995808947,-1.904506017,5.200625196,-0.212211898,1.021142757,-0.041667806
1.2588019,0.954512217,-0.492407083,1.488441264,4.861279433,-1.857649237,5.067326805,-0.213443021,0.994969618,-0.041909537
1.257834767,0.929087063,-0.48103566,1.487856652,4.731790493,-1.814749538,4.945285536,-0.220890692,0.971006815,-0.043371887
1.256830533,0.903561397,-0.468909433,1.487236452,4.601789644,-1.769002276,4.815143508,-0.220749513,0.945453428,-0.043344167
1.2557901,0.878404937,-0.458768267,1.486574498,4.473669145,-1.730743829,4.706305695,-0.240032198,0.924083123,-0.047130322
1.254791067,0.853776457,-0.447785707,1.485946,4.34823762,-1.689311151,4.588437815,-0.247595844,0.900939765,-0.048615444
1.253752033,0.82865083,-0.43578023,1.485284982,4.220274153,-1.644019429,4.459591709,-0.246713205,0.875640832,-0.048442138
1.2528361,0.80501322,-0.425290467,1.484724676,4.099889076,-1.60444587,4.34701266,-0.254519233,0.853535936,-0.049974851
1.2518264,0.781204003,-0.41456253,1.484073186,3.978630014,-1.563973781,4.231877468,-0.260643102,0.830929141,-0.051177273
1.2507382,0.758602343,-0.403983273,1.483325028,3.863520974,-1.5240626,4.118337951,-0.262212625,0.808635657,-0.051485449
1.249773433,0.73543811,-0.393326233,1.482708767,3.745546779,-1.483857975,4.003963642,-0.265812512,0.786178261,-0.052192287
1.248865433,0.712545277,-0.382339557,1.48214519,3.628954809,-1.442409766,3.88605158,-0.264492421,0.763026228,-0.051933087
1.247860633,0.69045943,-0.372521133,1.481472671,3.516472778,-1.405368896,3.780677538,-0.271600409,0.742336035,-0.05332874
1.246752,0.66832169,-0.36304295,1.4806971,3.403726458,-1.369611612,3.678955046,-0.282624237,0.722362823,-0.055493269
1.245777267,0.646989203,-0.353740763,1.480043314,3.295081249,-1.334518291,3.579121398,-0.291435798,0.702760487,-0.057223419
1.244874133,0.62560562,-0.34402475,1.479461897,3.186175809,-1.297863772,3.474846448,-0.296066289,0.6822861,-0.058132616
1.2438446,0.6047405,-0.33350529,1.478746279,3.079910873,-1.258178179,3.361948686,-0.289433461,0.660118624,-0.05683026
1.242742667,0.584390997,-0.32541718,1.477950504,2.976271946,-1.22766507,3.275144846,-0.306268548,0.64307469,-0.060135829
1.241810067,0.56404215,-0.315450093,1.477324053,2.872636364,-1.190063354,3.168175307,-0.302934593,0.622071222,-0.059481207
1.240824867,0.544446967,-0.306500337,1.476633662,2.772839148,-1.156299606,3.072124036,-0.306680538,0.603211555,-0.060216724
1.239788633,0.524962007,-0.298211683,1.47589058,2.673603293,-1.125029929,2.98316791,-0.316960265,0.585745019,-0.062235148
1.2388055,0.50598223,-0.290149937,1.475192997,2.576940311,-1.094616277,2.896647009,-0.327102347,0.56875664,-0.064226546
1.237809667,0.487277013,-0.280517927,1.474478584,2.481675647,-1.058278669,2.793273606,-0.318993607,0.548459272,-0.062634395
1.236693633,0.46855692,-0.271542087,1.473644194,2.386335218,-1.024416519,2.696942401,-0.318002832,0.52954464,-0.062439856
1.235710067,0.449222567,-0.262990697,1.472951513,2.287866395,-0.992155644,2.605166512,-0.324695766,0.511524445,-0.063754014
1.234694933,0.431045127,-0.254443047,1.472209859,2.19528967,-0.959908879,2.513430761,-0.32553674,0.49351213,-0.063919139
1.2335233,0.412291767,-0.245033227,1.47132037,2.099779815,-0.924409502,2.412441963,-0.320057797,0.473682979,-0.062843348
1.232523333,0.394554747,-0.23613613,1.470587257,2.009446125,-0.890844418,2.316955854,-0.314905378,0.454934282,-0.061831671
1.2315104,0.378366113,-0.23048032,1.469817882,1.926998285,-0.869507375,2.256256132,-0.336653496,0.443015892,-0.066101914
1.2305054,0.362564267,-0.222667277,1.469050621,1.846520329,-0.840031979,2.172404384,-0.333279704,0.426551601,-0.06543947
1.229540267,0.34713788,-0.21542911,1.468317577,1.767954571,-0.812725356,2.094722372,-0.33416345,0.411298738,-0.065612993
1.228553967,0.332075903,-0.2086187,1.467557885,1.691244733,-0.787032482,2.021631163,-0.337782079,0.396947279,-0.066323511
1.227461833,0.317297507,-0.20208749,1.466688092,1.615979153,-0.762392915,1.951536406,-0.342952902,0.383184173,-0.067338802
1.2264798,0.302853617,-0.195248197,1.465923367,1.542417197,-0.736591077,1.878135213,-0.343113664,0.368771849,-0.067370368
1.225540167,0.289063763,-0.189016913,1.465191202,1.472186215,-0.71308301,1.811259352,-0.346468785,0.355640774,-0.068029146
1.2245497,0.275623847,-0.182868357,1.464402939,1.403737442,-0.689887036,1.745271336,-0.348929543,0.342684027,-0.068512316
1.2234466,0.262359873,-0.177213837,1.463499396,1.336184738,-0.66855486,1.684585459,-0.35579637,0.330768355,-0.069860617
1.222462767,0.249615213,-0.17136179,1.462707306,1.27127687,-0.646477497,1.621779671,-0.357898451,0.318436438,-0.070273361
1.221573033,0.23732827,-0.165861537,1.46200243,1.208700127,-0.625727305,1.562749427,-0.361444948,0.30684585,-0.070969716
1.220510333,0.225404577,-0.160099527,1.461119121,1.147973398,-0.603989613,1.500909937,-0.360332188,0.294703666,-0.070751225
1.219462033,0.21361749,-0.155049943,1.460248158,1.087942399,-0.584939613,1.446716408,-0.366169659,0.284062767,-0.071897412
1.2185076,0.20223502,-0.14978078,1.459464974,1.029972091,-0.565061229,1.390166286,-0.367589844,0.27295915,-0.072176266
1.217533933,0.191263993,-0.14507732,1.458656367,0.974097241,-0.547317011,1.339687449,-0.372985856,0.263047631,-0.073235773
1.2165045,0.180602253,-0.139854463,1.457787339,0.919797572,-0.527613322,1.283634302,-0.371232379,0.252041595,-0.072891478
1.215461967,0.170147503,-0.135235043,1.456902097,0.866552092,-0.510186152,1.234057406,-0.374900962,0.242307172,-0.073611804
1.214502867,0.160185197,-0.130721317,1.45609288,0.8158146,-0.493157719,1.185614839,-0.377195888,0.232795474,-0.074062413
1.2135092,0.150475183,-0.125840237,1.455245301,0.766362024,-0.474743414,1.133229735,-0.37426336,0.222509658,-0.073486611
1.212494167,0.14109056,-0.122255603,1.454371459,0.718566641,-0.461220068,1.094758456,-0.383587463,0.214955823,-0.075317398
1.211519867,0.132202493,-0.11780575,1.45353088,0.673300195,-0.444432603,1.047001395,-0.381096849,0.205578724,-0.074828366
1.2104809,0.12347266,-0.114168062,1.452623254,0.628839623,-0.430709103,1.007960719,-0.386516745,0.197913087,-0.075892563
1.209504167,0.11497541,-0.109907225,1.451774362,0.585563585,-0.41463472,0.962232238,-0.384064301,0.1889343,-0.075411026
1.208531567,0.107012768,-0.106527098,1.45092156,0.545010278,-0.401882891,0.925955774,-0.388341145,0.181811416,-0.076250784
1.207513367,0.099229056,-0.102931719,1.450020466,0.505368252,-0.388319008,0.887369173,-0.389396569,0.174234937,-0.076458016
1.206467333,0.091597246,-0.099157825,1.449089253,0.466499851,-0.374081659,0.846866696,-0.387762494,0.166282276,-0.076137166
1.205581667,0.084351162,-0.0963254,1.448312603,0.429595936,-0.363396083,0.816468318,-0.394268031,0.160313554,-0.077414528
1.204501767,0.077368153,-0.092728772,1.447337763,0.394031844,-0.349827486,0.777868308,-0.391232113,0.152734442,-0.076818425
1.203487733,0.070532256,-0.089698217,1.446426576,0.35921699,-0.338394451,0.745343555,-0.393522214,0.146348207,-0.077268087
1.202521367,0.064029699,-0.086544369,1.44555804,0.326099815,-0.326496279,0.71149558,-0.392791414,0.139702157,-0.077124594
1.201572533,0.057710677,-0.083998486,1.444704276,0.293917377,-0.316891713,0.684172465,-0.397650737,0.134337263,-0.078078722
1.200395333,0.051215049,-0.081261595,1.443624803,0.260835493,-0.306566548,0.654799388,-0.401359544,0.12856986,-0.078806946
1.199299033,0.044080461,-0.078225412,1.442635843,0.224499419,-0.295112279,0.622214226,-0.405110456,0.122171763,-0.079543438
1.198329167,0.037977419,-0.075493971,1.441757796,0.193416956,-0.284807678,0.592899651,-0.406878344,0.116415846,-0.079890563
1.197244767,0.031918156,-0.07338504,1.440764558,0.162557454,-0.27685155,0.570266019,-0.415104214,0.111971733,-0.081505712
1.196126267,0.026057453,-0.070609051,1.439734232,0.132709206,-0.266378884,0.540473327,-0.41515977,0.106121938,-0.081516621
1.195156133,0.021353107,-0.068732449,1.438834876,0.108750225,-0.259299238,0.520333118,-0.418978542,0.102167408,-0.082266437
1.194253,0.016734157,-0.066494909,1.438001235,0.085226164,-0.250857922,0.496319222,-0.418488706,0.097452279,-0.082170257
1.1931461,0.012155687,-0.064470517,1.436963218,0.061908262,-0.243220724,0.474592885,-0.420080272,0.093186313,-0.082482761
1.192149867,0.007976585,-0.062572156,1.436029859,0.040624321,-0.236058989,0.454219148,-0.420990477,0.08918593,-0.08266148
1.191207133,0.003918322,-0.060831132,1.435148182,0.019955805,-0.229490821,0.435533992,-0.422973836,0.085517099,-0.083050913
1.190231033,-3.14578E-05,-0.059150352,1.434231507,-0.000160213,-0.22314993,0.417495395,-0.425051257,0.081975221,-0.083458814
1.189186367,-0.003761335,-0.057361821,1.433242956,-0.019156278,-0.21640254,0.398300388,-0.424852315,0.078206281,-0.083419752
1.1881788,-0.007419763,-0.055798055,1.43229043,-0.037788455,-0.210503094,0.381517614,-0.426701718,0.074910983,-0.083782882
1.187151067,-0.010802262,-0.054368297,1.431313587,-0.05501534,-0.205109206,0.366173058,-0.428584047,0.07189808,-0.084152478
1.186198767,-0.014028726,-0.053235731,1.430409829,-0.071447547,-0.2008365,0.354018042,-0.432861238,0.069511443,-0.084992304
1.185221,-0.017143556,-0.051895237,1.429478925,-0.08731121,-0.195779368,0.339631489,-0.434338348,0.066686643,-0.085282335
1.1841727,-0.02004846,-0.050269789,1.428474329,-0.10210573,-0.18964722,0.322186726,-0.431688105,0.063261364,-0.084761959
1.183156367,-0.022853208,-0.04915993,1.427500193,-0.116390159,-0.185460182,0.310275419,-0.434061227,0.060922578,-0.085227922
1.182168567,-0.025423384,-0.047651563,1.426551061,-0.129479929,-0.179769731,0.294087199,-0.430962776,0.057744021,-0.084619541
1.181220767,-0.028001262,-0.046805408,1.425642046,-0.142608921,-0.176577538,0.285006032,-0.435010602,0.055960934,-0.085414332
1.1801726,-0.03063296,-0.045885382,1.424633473,-0.156012021,-0.173106657,0.275132054,-0.438539724,0.054022179,-0.086107275
1.1791675,-0.032909844,-0.044601213,1.423662629,-0.167608067,-0.168262018,0.26135,-0.436353716,0.051316073,-0.085678052
1.178221533,-0.03515275,-0.043313393,1.422750406,-0.179031067,-0.163403602,0.247528755,-0.433955471,0.048602271,-0.085207157
1.177168333,-0.037293718,-0.042882313,1.421729417,-0.189934904,-0.161777317,0.242902292,-0.440232845,0.047693865,-0.086439719
1.176143133,-0.039234156,-0.041980443,1.420733411,-0.19981745,-0.158374931,0.233223169,-0.440436269,0.045793369,-0.086479661
1.175199133,-0.04124102,-0.040818955,1.419819604,-0.210038299,-0.153993114,0.220757755,-0.438191702,0.043345785,-0.086038941
1.174199167,-0.042959638,-0.039619574,1.418845494,-0.218791126,-0.149468344,0.207885669,-0.434072444,0.040818351,-0.085230124
1.1731225,-0.044707067,-0.039405931,1.417795118,-0.227690692,-0.148662357,0.205592793,-0.440679133,0.040368145,-0.086527348
1.172172,-0.046403419,-0.038482661,1.416870139,-0.236330121,-0.145179241,0.195684006,-0.439409777,0.038422555,-0.08627811
1.1712212,-0.047799155,-0.03777097,1.415940338,-0.243438528,-0.142494322,0.188045938,-0.438880115,0.03692282,-0.086174111
1.170218467,-0.049279365,-0.036767455,1.414959875,-0.250977156,-0.138708473,0.177275936,-0.435648742,0.03480813,-0.08553963
1.169153633,-0.050550054,-0.036504336,1.413914159,-0.257448707,-0.137715832,0.174452067,-0.439296423,0.034253663,-0.086255853
1.1682183,-0.051971781,-0.035717148,1.413000215,-0.264689488,-0.134746096,0.166003747,-0.438088884,0.032594836,-0.086018752
1.1672139,-0.053375166,-0.035552674,1.412016929,-0.271836853,-0.134125606,0.164238573,-0.443471075,0.032248244,-0.087075546
1.166204933,-0.054484432,-0.034907879,1.411024652,-0.277486285,-0.13169306,0.157318455,-0.442200388,0.030889479,-0.086826046
1.165223633,-0.055550222,-0.034560307,1.410059386,-0.282914294,-0.130381811,0.153588208,-0.443898151,0.030157045,-0.087159402
1.164183733,-0.05662456,-0.03405798,1.40903565,-0.288385843,-0.128486739,0.148197099,-0.443978591,0.0290985,-0.087175196
1.163182233,-0.057676535,-0.033372032,1.408049977,-0.293743495,-0.125898939,0.140835311,-0.441974456,0.027653013,-0.086781684
1.1622378,-0.058573146,-0.032871457,1.407119033,-0.298309884,-0.124010475,0.135463002,-0.441168534,0.02659816,-0.086623442
1.1611909,-0.059419505,-0.032676618,1.406084866,-0.302620348,-0.12327543,0.133371943,-0.44338794,0.026187581,-0.087059222
1.160141367,-0.060141216,-0.032163216,1.405046191,-0.306295982,-0.121338575,0.127861966,-0.441553597,0.025105697,-0.086699049
1.1591727,-0.060952376,-0.031373682,1.404089728,-0.310427174,-0.118359987,0.119388465,-0.437211288,0.023441925,-0.085846436
1.158239767,-0.061623379,-0.031157735,1.40316689,-0.31384456,-0.117545308,0.117070862,-0.438311071,0.022986864,-0.086062379
1.1571788,-0.062138112,-0.030848344,1.402113668,-0.316466064,-0.116378105,0.113750399,-0.437612112,0.022334891,-0.085925138
1.156146833,-0.062739477,-0.030488637,1.401090749,-0.319528784,-0.115021076,0.109889916,-0.436814349,0.021576885,-0.085768497
1.1552076,-0.063415375,-0.030094168,1.400161684,-0.322971096,-0.113532908,0.105656369,-0.436023114,0.020745628,-0.085613138
1.1542149,-0.063942578,-0.029790977,1.399176916,-0.325656112,-0.112389093,0.102402439,-0.435454201,0.020106719,-0.085501432
1.1531742,-0.0644328,-0.029388211,1.398143591,-0.328152788,-0.110869623,0.098079843,-0.43362828,0.019257977,-0.085142913
1.152223233,-0.064912791,-0.029043827,1.397199846,-0.330597357,-0.109570404,0.094383818,-0.432376824,0.018532263,-0.084897189
1.151233667,-0.065345066,-0.028806011,1.396216783,-0.33279891,-0.108673222,0.091831511,-0.43202607,0.018031117,-0.084828319
1.1501798,-0.065805761,-0.028530909,1.395169848,-0.335145203,-0.107635374,0.088879037,-0.431419889,0.017451399,-0.084709295
1.149134033,-0.066098626,-0.028155738,1.394128487,-0.336636749,-0.106220009,0.084852597,-0.428884995,0.016660807,-0.084211569
1.148224867,-0.066405951,-0.027843473,1.393223944,-0.338201939,-0.105041964,0.08150129,-0.427098878,0.016002778,-0.083860865
1.147210567,-0.066574182,-0.027530434,1.392212175,-0.339058734,-0.103860994,0.078141661,-0.424596044,0.015343115,-0.083369433
1.146174733,-0.066885618,-0.027538597,1.391181027,-0.340644859,-0.103891791,0.078229273,-0.42626978,0.015360318,-0.083698071
1.145172833,-0.067169577,-0.027221085,1.3901834,-0.342091047,-0.102693949,0.074821646,-0.424308341,0.01469123,-0.083312943
1.144208167,-0.067201259,-0.027042632,1.38921921,-0.342252401,-0.10202072,0.072906442,-0.422554492,0.01431518,-0.082968575
1.143222867,-0.067436981,-0.026772856,1.388237456,-0.343452919,-0.101002965,0.070011128,-0.420859696,0.013746685,-0.082635801
1.142158,-0.067662296,-0.026621131,1.387175979,-0.34460044,-0.100430568,0.068382769,-0.420378858,0.013426957,-0.082541389
1.1412332,-0.067777706,-0.02632049,1.386252916,-0.345188213,-0.099296375,0.06515621,-0.417740073,0.012793422,-0.082023263
1.1401751,-0.067945851,-0.026093053,1.385197345,-0.346044567,-0.098438347,0.06271529,-0.416155505,0.012314147,-0.081712133
1.139237167,-0.068015533,-0.0259075,1.38426046,-0.346399457,-0.097738335,0.060723891,-0.414518996,0.011923136,-0.081390805
1.1382029,-0.068186248,-0.025921759,1.383228762,-0.347268899,-0.097792128,0.060876922,-0.41554147,0.011953184,-0.081591568
1.137162,-0.068339986,-0.025719093,1.382190175,-0.348051877,-9.70E-02,5.87E-02,-0.414149377,0.011526108,-0.08131823
1.1361605,-0.068342209,-0.025472956,1.381188709,-0.348063198,-0.096098979,0.056060244,-0.411519091,0.011007429,-0.080801774
1.135263667,-0.06831681,-0.025254159,1.380291493,-0.347933843,-0.095273545,0.053712047,-0.409041538,0.01054636,-0.080315306
1.134185333,-0.06829004,-0.025067439,1.379212757,-0.347797503,-0.09456913,0.051708123,-0.406901275,0.01015289,-0.079895065
1.133130067,-0.068299221,-0.024975662,1.378157628,-0.347844264,-0.094222892,0.050723143,-0.405963057,0.009959489,-0.079710846
1.132184633,-0.068240414,-0.024765907,1.37721131,-0.347544762,-0.093431574,0.048471998,-0.403412409,0.009517477,-0.079210026
1.1312614,-0.068108924,-0.02454358,1.376286099,-0.346875089,-0.092592826,0.046085923,-0.400356661,0.009048971,-0.07861003
1.130184633,-0.06811515,-0.024351631,1.375209426,-0.346906799,-0.09186868,0.044025869,-0.398328318,0.008644479,-0.078211765
1.129131433,-0.068160358,-0.024263386,1.374156906,-0.347137039,-0.091535768,0.0430788,-0.397611488,0.008458522,-0.078071016
1.128226133,-0.068029441,-0.024234618,1.373249636,-0.346470288,-0.091427238,4.28E-02,-0.39663599,0.0083979,-0.077879477
1.1272553,-0.068006103,-0.024055492,1.372278452,-0.34635143,-0.090751471,0.040847627,-0.394594706,0.008020432,-0.077478671
1.126186967,-0.067895976,-0.02420678,1.371208462,-0.345790559,-0.091322218,4.25E-02,-0.3956575,0.008339238,-0.07768735
1.125189633,-0.067885384,-0.023903384,1.370210969,-0.345736613,-0.09017763,0.039215162,-0.392347424,0.007699897,-0.077037417
1.124225633,-0.067949119,-0.023675015,1.369247928,-0.346061212,-0.089316088,0.036764242,-0.390221104,0.007218659,-0.076619914
1.123175333,-0.067632919,-0.023591105,1.368192871,-0.344450821,-0.088999528,0.035863694,-0.387710163,0.007041836,-0.076126891
1.122139533,-0.06747326,-0.023539745,1.367154669,-0.34363769,-0.088805768,0.035312484,-0.386345822,0.006933606,-0.075859002
1.1212214,-0.067272554,-0.023030096,1.366233516,-0.342615503,-0.086883072,0.029842789,-0.379853941,0.005859632,-0.074584321
1.1201655,-0.067073641,-0.023251886,1.365174623,-0.341602448,-0.087719795,0.032223101,-0.381221198,0.006327006,-0.074852782
1.119180867,-0.066859963,-0.023072824,1.364186775,-0.340514199,-0.087044269,0.030301362,-0.37821121,0.005949672,-0.074261771
1.118220333,-0.066523321,-0.022980955,1.363221177,-0.3387997,-0.086697684,0.029315394,-0.375510743,0.005756078,-0.073731534
1.117184867,-0.066418303,-0.023052427,1.36218413,-0.338264847,-0.086967319,0.030082455,-0.375742951,0.00590669,-0.073777128
1.116201367,-0.066287791,-0.022802155,1.361198666,-0.337600156,-0.086023144,0.02739646,-0.372392265,0.005379295,-0.073119221
1.115190667,-0.066035544,-0.022785572,1.360184171,-0.336315476,-0.085960585,0.027218494,-0.370929618,0.005344351,-0.072832031
1.1141789,-0.065829875,-0.02279709,1.35916931,-0.335268018,-0.086004038,0.027342108,-0.370005775,0.005368623,-0.072650634
1.113161067,-0.065714543,-0.022422735,1.358149742,-0.334680638,-0.084591748,0.023324419,-0.365400706,0.00457975,-0.071746429
1.112231667,-0.065355487,-0.02252526,1.35721494,-0.332851985,-0.084978534,0.024424749,-0.364672384,0.0047958,-0.071603423
1.1112344,-0.065204481,-0.02228483,1.356215401,-0.33208292,-0.084071489,0.021844384,-0.361322953,0.004289145,-0.070945762
1.110108733,-0.06491088,-0.022264579,1.355085318,-0.330587624,-0.083995093,0.021627052,-0.359610325,0.004246472,-0.070609487
1.10916,-0.064533472,-0.0222207,1.354130906,-0.328665505,-0.083829556,0.021156131,-0.357217285,0.004154006,-0.070139614
1.108278267,-0.064303331,-0.022257658,1.35324571,-0.32749341,-0.083968981,0.021552767,-0.356441826,0.004231886,-0.069987352
1.107212467,-0.064010415,-0.021943833,1.352175503,-0.326001606,-0.08278505,0.018184717,-0.351581972,0.003570569,-0.06903312
1.1061027,-0.063609281,-0.022023427,1.351059702,-0.32395865,-0.083085323,0.019038935,-0.350393234,0.003738295,-0.068799712
1.105150333,-0.063225519,-0.02183217,1.350101561,-0.322004171,-0.082363789,0.016986312,-0.346386132,0.003335262,-0.068012917
1.104251267,-0.063030996,-0.021722875,1.349199568,-0.321013474,-0.081951467,0.015813335,-0.344222458,0.003104948,-0.06758808
1.1032024,-0.062739245,-0.021661442,1.348146312,-0.319527605,-0.081719703,0.015154011,-0.342077266,0.00297549,-0.067166871
1.102143233,-0.062407125,-0.021464993,1.347082149,-0.317836133,-0.080978584,0.013045673,-0.338277455,0.002561518,-0.066420778
1.101167633,-0.062047252,-0.021654151,1.346101134,-0.316003319,-0.081692197,0.015075762,-0.33847473,0.002960126,-0.066459513
1.100167433,-0.061818089,-0.02140471,1.345097486,-0.314836206,-0.080751159,0.012398692,-0.334630547,0.002434483,-0.065704708
1.099174,-0.061500843,-0.021592555,1.34409928,-0.313220487,-0.081459822,0.014414701,-0.335030837,0.002830326,-0.065783305
1.0982071,-0.061107614,-0.021455435,1.343126464,-0.311217796,-0.080942526,0.012943094,-0.33155654,0.002541377,-0.065101127
1.097133067,-0.060821595,-0.021254635,1.342048128,-0.309761115,-0.080184989,0.010788049,-0.327944814,0.002118234,-0.064391964
1.096112467,-0.060391898,-0.021125091,1.341021063,-0.307572692,-0.079696274,0.009397751,-0.324366091,0.001845248,-0.063689282
1.095178933,-0.060042664,-0.021220614,1.340082275,-0.305794063,-0.080056643,0.01042293,-0.323612642,0.002046542,-0.063541342
1.0942208,-0.059698338,-0.021027506,1.339118961,-0.304040428,-0.079328126,0.008350442,-0.319786518,0.001639609,-0.062790083
1.093134,-0.05921627,-0.021017685,1.338024909,-0.30158528,-0.079291075,0.00824504,-0.317225969,0.001618914,-0.062287319
1.092149067,-0.058868903,-0.020970748,1.337034749,-0.299816162,-0.079114,0.007741295,-0.314953106,0.001520003,-0.061841042
1.0912024,-0.058582865,-0.021059528,1.336083779,-0.298359382,-0.07944893,0.008694107,-0.314449138,0.001707088,-0.061742088
1.090157067,-0.058249647,-0.020801709,1.335033433,-0.296662324,-0.078476284,0.005927118,-0.309985091,0.00116379,-0.060865573
1.089167567,-0.057942461,-0.02061178,1.334039311,-0.295097842,-0.077759763,0.003888755,-0.306382246,0.000763557,-0.060158154
1.088230333,-0.057508063,-0.020545845,1.333095542,-0.292885473,-0.077511016,0.003181119,-0.303462241,0.000624613,-0.059584811
1.087164467,-0.057181476,-0.020667926,1.332024762,-0.291222187,-0.077971576,0.004491322,-0.303109158,0.000881871,-0.059515483
1.086097833,-0.056913894,-0.020413224,1.330954103,-0.289859402,-0.077010693,0.001757797,-0.299012848,0.000345143,-0.058711173
1.085211233,-0.056485668,-0.020409954,1.33006106,-0.287678472,-0.076998354,0.001722695,-0.296796816,0.000338251,-0.058276055
1.0842299,-0.056122242,-0.020330951,1.329074259,-0.285827565,-0.076700308,0.000874813,-0.294098027,0.00017177,-0.057746148
1.0831212,-0.055715036,-0.020515742,1.327959433,-0.283753683,-0.077397448,0.002858041,-0.294007373,0.000561176,-0.057728348
1.082115433,-0.055378256,-0.020279391,1.326948599,-0.282038481,-0.076505796,0.000321464,-0.289755593,6.31194E-05,-0.056893511
1.0812529,-0.055045114,-0.020262754,1.326081054,-0.28034181,-0.07644303,0.000142907,-0.287880366,2.80599E-05,-0.05652531
1.0802319,-0.054568805,-0.020175832,1.325052888,-0.277915992,-0.076115108,0.000789967,-0.286101608,0.00015511,-0.056176051
1.079127133,-0.054255371,-0.020061675,1.323943405,-0.276319691,-0.075684442,0.002015128,-0.285730468,0.00039567,-0.056103177
1.078173733,-0.053982833,-0.020128008,1.322985905,-0.274931666,-0.075934688,0.001303228,-0.283630543,0.000255889,-0.055690857
1.077183867,-0.053558275,-0.0200421,1.321989651,-0.272769419,-0.075610595,0.002225209,-0.282390276,0.00043692,-0.055447331
1.076208533,-0.053284257,-0.019970056,1.321010195,-0.271373856,-0.075338801,0.002998409,-0.281767914,0.000588738,-0.05532513
1.075179233,-0.052956068,-0.019941279,1.319975957,-0.269702411,-0.075230236,0.003307255,-0.280405315,0.00064938,-0.055057584
1.074156433,-0.05258439,-0.020033624,1.318947565,-0.267809473,-0.075578617,0.002316179,-0.277521301,0.000454782,-0.054491307
1.0731949,-0.052312213,-0.01964517,1.317981937,-0.266423288,-0.07411314,0.006485175,-0.280304113,0.001273364,-0.055037713
1.0722314,-0.05193454,-0.019795707,1.317012755,-0.264499823,-0.074681053,0.004869574,-0.276765046,0.000956141,-0.054342817
1.0712122,-0.051627202,-0.019750962,1.315988931,-0.262934568,-0.074512248,0.00534979,-0.275680006,0.001050431,-0.054129769
1.070178833,-0.051306157,-0.019786397,1.314950734,-0.261299501,-0.074645931,0.004969488,-0.273664638,0.000975759,-0.053734052
1.069158933,-0.050966383,-0.019780925,1.313925723,-0.259569052,-0.074625289,0.005028211,-0.271992912,0.000987289,-0.053405808
1.068221467,-0.050651448,-0.019567192,1.312983518,-0.257965105,-0.073818962,0.007322053,-0.272682807,0.001437685,-0.053541269
1.067215967,-0.050253503,-0.019443866,1.311972031,-0.255938391,-0.073353704,0.008645622,-0.271979662,0.001697568,-0.053403207
1.0661706,-0.049988192,-0.019512175,1.310922672,-0.254587174,-0.073611406,0.007912511,-0.269895334,0.001553622,-0.052993949
1.065179667,-0.049757437,-0.019382135,1.309928267,-0.253411955,-0.073120817,0.00930814,-0.270115744,0.001827653,-0.053037226
1.064243933,-0.049431767,-0.019469214,1.308987634,-0.251753335,-0.07344933,0.008373584,-0.267522568,0.001644153,-0.052528056
1.063194933,-0.049163178,-0.019414882,1.307934593,-0.250385422,-0.073244358,0.00895669,-0.266737761,0.001758646,-0.052373959
1.062176533,-0.048926525,-0.019222235,1.306912633,-0.249180163,-0.072517579,0.011024235,-0.267600047,0.002164608,-0.052543269
1.061255267,-0.048619884,-0.019335553,1.305986753,-0.247618457,-0.072945082,0.009808071,-0.264822177,0.001925815,-0.051997834
1.060179067,-0.048417942,-0.01921742,1.304907515,-0.246589977,-0.072499415,0.011075907,-0.265061533,0.002174754,-0.052044832
1.059137267,-0.048111475,-0.019140974,1.303861104,-0.245029157,-0.072211017,0.011896343,-0.264321149,0.002335847,-0.051899458
1.058226533,-0.047761101,-0.019246066,1.302945099,-0.243244723,-0.072607485,0.01076847,-0.261408842,0.002114389,-0.051327626
1.057236367,-0.047592519,-0.01904526,1.301952396,-0.242386144,-0.071849925,0.012923579,-0.262705372,0.002537545,-0.0515822
1.056125933,-0.047249521,-0.019149596,1.300836802,-0.240639272,-0.072243542,0.011803817,-0.259838737,0.002317679,-0.051019336
1.055139567,-0.046968253,-0.019148585,1.299846204,-0.239206789,-0.072239728,0.011814667,-0.258417105,0.00231981,-0.050740199
1.054241067,-0.046618054,-0.01901841,1.298942435,-0.237423246,-0.071748632,0.013211738,-0.258030632,0.002594125,-0.050664315
1.053266,-0.046444221,-0.019038098,1.297964753,-0.236537924,-0.071822908,0.013000437,-0.25693401,0.002552636,-0.050448993
1.052132533,-0.046292408,-0.018839934,1.296829003,-0.235764748,-0.071075316,0.015127191,-0.258287589,0.002970224,-0.050714768
1.0511643,-0.045999367,-0.018730156,1.29585636,-0.234272303,-0.07066117,0.016305356,-0.257973308,0.003201557,-0.050653059
1.050186433,-0.045729155,-0.018691736,1.294874428,-0.232896131,-0.070516225,0.016717697,-0.257009477,0.00328252,-0.050463811
1.0492627,-0.04560728,-0.018820761,1.293948862,-0.232275425,-0.071002984,0.015332961,-0.255004035,0.003010627,-0.050070042
1.048223367,-0.045371976,-0.018826485,1.292905988,-0.231077034,-0.071024577,0.015271533,-0.253744217,0.002998566,-0.049822677
1.0471698,-0.045151207,-0.018499061,1.2918491,-0.229952673,-0.069789342,0.018785535,-0.256133857,0.00368854,-0.050291883
1.0461425,-0.044918643,-0.018582401,1.290818301,-0.228768235,-0.070103751,0.017891103,-0.254054988,0.003512918,-0.049883697
1.045276067,-0.044625065,-0.018605836,1.289947451,-0.227273058,-0.070192161,0.017639596,-0.252308303,0.003463535,-0.049540735
1.044248767,-0.04439368,-0.018477026,1.28891667,-0.226094625,-0.069706215,0.019022017,-0.252512291,0.003734973,-0.049580788
1.043124467,-0.044239457,-0.018550077,1.287790049,-0.225309176,-0.069981806,0.018238014,-0.250942838,0.003581034,-0.049272626
1.0421347,-0.043935502,-0.018474635,1.28679571,-0.223761153,-0.069697192,0.019047685,-0.250204487,0.003740013,-0.049127651
1.041256133,-0.043711183,-0.018413276,1.285913768,-0.222618706,-0.069465711,0.019706203,-0.249720559,0.003869313,-0.049032632
1.040256467,-0.043565347,-0.018347002,1.284911907,-0.22187597,-0.069215686,0.020417474,-0.249689093,0.004008971,-0.049026453
1.039191267,-0.043373637,-0.018442202,1.283843823,-0.220899604,-0.069574837,0.019395762,-0.247691015,0.003808358,-0.048634131
1.038194133,-0.04318469,-0.018345274,1.282843847,-0.219937306,-0.069209167,0.02043602,-0.247768975,0.004012612,-0.048649438
1.037191567,-0.042978365,-0.018402092,1.281838176,-0.218886502,-0.069423517,0.019826237,-0.246108388,0.003892882,-0.048323382
1.036169667,-0.042894565,-0.018125499,1.280815015,-0.218459713,-0.068380048,0.022794702,-0.248650064,0.00447574,-0.04882244
1.035226533,-0.042710981,-0.018205284,1.27986912,-0.217524733,-0.068681043,0.021938431,-0.246858813,0.004307611,-0.048470728
1.034243733,-0.042518329,-0.018179934,1.278883422,-0.216543565,-0.068585406,0.022210498,-0.246149712,0.004361031,-0.048331496
1.033153667,-0.042331304,-0.018362185,1.277790541,-0.215591058,-0.069272966,0.020254526,-0.243241234,0.003976976,-0.047760416
1.032190033,-0.042092395,-0.018108222,1.276823313,-0.214374308,-0.068314867,0.022980131,-0.244750088,0.004512149,-0.04805668
1.031279433,-0.04197207,-0.018189132,1.275910903,-0.213761497,-0.068620109,0.022111775,-0.243268922,0.004341647,-0.047765853
1.0302107,-0.041783128,-0.017922908,1.274839327,-0.212799224,-0.067615753,0.024968972,-0.245163846,0.004902658,-0.048137921
1.029190867,-0.041502019,-0.017940633,1.273815265,-0.211367551,-0.067682622,0.024778743,-0.243541943,0.004865306,-0.04781946
1.028178233,-0.041334299,-0.017842206,1.272800108,-0.210513362,-0.067311299,0.025835085,-0.243744096,0.005072719,-0.047859153
1.027231933,-0.041303199,-0.017825254,1.27185334,-0.210354973,-0.067247347,0.026017015,-0.243767637,0.005108441,-0.047863776
1.0262297,-0.041061774,-0.017813877,1.270847474,-0.209125407,-0.067204427,0.026139116,-0.242660172,0.005132415,-0.047646325
1.025225667,-0.040972065,-0.017774103,1.269842091,-0.208668526,-0.067054376,0.026565982,-0.242630156,0.005216231,-0.047640431
1.024176767,-0.040805655,-0.01776566,1.268790688,-0.20782101,-0.067022521,0.026656602,-0.241873261,0.005234024,-0.047491815
1.023151933,-0.040687473,-0.017757779,1.267764076,-0.207219114,-0.066992789,0.026741183,-0.241355945,0.005250631,-0.04739024
1.022223633,-0.040631998,-0.017707692,1.266834942,-0.206936584,-0.066803834,0.027278723,-0.241610956,0.005356177,-0.047440311
1.0212355,-0.040372241,-0.017728115,1.2658429,-0.205613656,-0.066880879,0.027059545,-0.24006885,0.005313142,-0.047137519
1.0201643,-0.040248615,-0.017471634,1.26476984,-0.204984034,-0.065913285,0.029812163,-0.242191846,0.005853618,-0.047554369
1.0191387,-0.040061578,-0.017454998,1.263741426,-0.204031464,-0.065850524,0.029990705,-0.241417818,0.005888675,-0.047402389
1.018215,-0.039958784,-0.017669589,1.26281618,-0.203507938,-0.066660086,0.027687659,-0.238591246,0.005436472,-0.046847391
1.017287333,-0.039802772,-0.017585006,1.261886166,-0.202713381,-0.066340989,0.028595427,-0.238704457,0.005614712,-0.04686962
1.016141233,-0.039503882,-0.017175037,1.260735569,-0.201191148,-0.064794345,0.032995328,-0.241582125,0.006478633,-0.04743465
1.0152129,-0.039473627,-0.017465917,1.259806781,-0.20103706,-0.065891714,0.029873527,-0.238306235,0.005865667,-0.046791429
1.014261333,-0.039456047,-0.017384616,1.25885495,-0.200947527,-0.065584999,0.030746071,-0.239089248,0.006036991,-0.046945174
1.013229333,-0.039270606,-0.017301916,1.25782016,-0.200003086,-0.065273008,0.031633624,-0.239032359,0.006211262,-0.046934004
1.012214,-0.039130821,-0.01742764,1.256802723,-0.199291167,-0.065747311,0.030284326,-0.236971142,0.005946327,-0.046529284
1.011256967,-0.039065082,-0.017219093,1.255844701,-0.198956362,-0.064960549,0.03252251,-0.238874521,0.006385795,-0.046903012
1.0101664,-0.038946439,-0.017440885,1.254752349,-0.19835212,-0.065797279,0.030142177,-0.235889945,0.005918416,-0.046316991
1.009170433,-0.038892881,-0.017348073,1.253755577,-0.198079353,-0.065447138,0.031138257,-0.23661326,0.006113997,-0.046459014
1.008217167,-0.038679999,-0.017325948,1.252799107,-0.196995155,-0.065363671,0.031375706,-0.235766509,0.00616062,-0.046292754
1.0072715,-0.038571357,-0.017267844,1.251851806,-0.196441847,-0.065144467,0.031999297,-0.235836793,0.006283062,-0.046306554
1.006208633,-0.038452067,-0.017192683,1.250787145,-0.195834309,-0.064860915,0.03280595,-0.236035908,0.006441448,-0.046345651
1.005177933,-0.03834948,-0.017016139,1.249754901,-0.195311839,-0.064194887,0.034700669,-0.237408157,0.006813476,-0.046615092
1.0041989,-0.038181281,-0.017106878,1.248773337,-0.194455213,-0.064537208,0.033726833,-0.235577694,0.006622264,-0.04625568
1.003247233,-0.038000838,-0.016797055,1.247818956,-0.193536228,-0.063368373,0.037051939,-0.237983816,0.007275148,-0.046728122
1.002194433,-0.03794417,-0.016977341,1.246765303,-0.193247621,-0.064048521,0.035117053,-0.235760322,0.006895233,-0.046291539
1.001201733,-0.037911026,-0.016980815,1.245772105,-0.19307882,-0.064061624,0.035079776,-0.235554245,0.006887914,-0.046251076
1.00020027,-0.037761033,-0.016966371,1.244768385,-0.19231491,-0.064007134,0.035234789,-0.234945349,0.006918351,-0.046131519
0.999237317,-0.037681522,-0.016850007,1.243804235,-0.191909969,-0.06356814,0.03648364,-0.235789257,0.007163563,-0.046297221
0.998271883,-0.037602503,-0.016896772,1.242837613,-0.191507526,-0.063744567,0.035981741,-0.234884916,0.007065015,-0.046119653
0.997164943,-0.037488807,-0.016803228,1.241728962,-0.19092848,-0.063391661,0.036985689,-0.235309817,0.00726214,-0.046203083
0.99613343,-0.037465796,-0.016778602,1.240697103,-0.190811286,-0.063298759,0.037249978,-0.235456913,0.007314033,-0.046231965
0.995193423,-0.037324699,-0.016924736,1.239754973,-0.190092687,-0.063850062,0.035681628,-0.233169963,0.007006088,-0.045782922
0.99426474,-0.037183194,-0.01666238,1.238824161,-0.189372009,-0.062860301,0.038497305,-0.235264963,0.007558946,-0.046194275
0.993174093,-0.03708993,-0.01668413,1.237732111,-0.188897022,-0.062942355,0.038263878,-0.234556549,0.007513112,-0.046055178
0.99215911,-0.037023549,-0.01664295,1.236716129,-0.188558947,-0.062787001,0.03870583,-0.234660426,0.00759989,-0.046075575
0.991244157,-0.036816507,-0.016510908,1.235798061,-0.187504494,-0.062288861,0.040122941,-0.235023083,0.007878139,-0.046146782
0.99027558,-0.036684428,-0.016506639,1.234827497,-0.186831819,-0.062272753,0.040168764,-0.234396232,0.007887137,-0.0460237
0.989180287,-0.036660676,-0.01653904,1.233731847,-0.186710853,-0.06239499,0.039821024,-0.233927526,0.007818858,-0.04593167
0.988213797,-0.036638795,-0.016649316,1.232765027,-0.186599414,-0.062811015,0.038637515,-0.232632578,0.007586476,-0.045677407
0.987204473,-0.036497831,-0.016511229,1.231753583,-0.185881494,-0.062290072,0.040119496,-0.233396639,0.007877463,-0.04582743
0.98622946,-0.036401409,-0.01641702,1.230777119,-0.185390422,-0.06193466,0.041130573,-0.233916644,0.008075988,-0.045929533
0.985203227,-0.03644962,-0.016470802,1.229751611,-0.185635956,-0.062137556,0.040553373,-0.233584978,0.007962655,-0.04586441
0.984179677,-0.036304275,-0.016439764,1.228725874,-0.184895724,-0.062020464,0.040886478,-0.233177851,0.00802806,-0.045784471
0.983158787,-0.036241824,-0.016284214,1.227704045,-0.184577664,-0.061433635,0.042555891,-0.234529204,0.008355849,-0.046049809
0.98219472,-0.03613272,-0.016392171,1.226738337,-0.184022,-0.061840915,0.041397259,-0.232814908,0.008128352,-0.045713207
0.981227893,-0.035977216,-0.016334318,1.225769171,-0.183230028,-0.061622658,0.042018157,-0.232643834,0.008250265,-0.045679617
0.980202997,-0.035950178,-0.016303093,1.224743867,-0.183092323,-0.061504858,0.042353276,-0.232841248,0.008316066,-0.045718379
0.979148053,-0.035877349,-0.016292302,1.223687828,-0.182721412,-0.06146415,0.042469081,-0.232586142,0.008338804,-0.045668289
0.978203633,-0.035698596,-0.016174697,1.222740719,-0.181811031,-0.061020475,0.043731251,-0.232937931,0.008586631,-0.045737363
0.977201143,-0.035681592,-0.016254965,1.221737973,-0.181724429,-0.061323291,0.042869799,-0.231989877,0.008417485,-0.045551212
0.976229447,-0.035509496,-0.015765952,1.220763687,-0.180847953,-0.059478447,0.048118019,-0.236361621,0.009447973,-0.046409604
0.975256203,-0.035528718,-0.016116629,1.219790733,-0.180945853,-0.060801406,0.04435446,-0.232695962,0.008708998,-0.045689852
0.974212547,-0.035431246,-0.016007699,1.21874561,-0.180449432,-0.06039046,0.045523519,-0.233368601,0.008938543,-0.045821925
0.9731852,-0.035385043,-0.015848242,1.217717568,-0.180214121,-0.059788893,0.04723486,-0.23484463,0.009274565,-0.046111743
0.972255113,-0.035312553,-0.015942982,1.216786391,-0.179844937,-0.06014631,0.04621808,-0.233458666,0.00907492,-0.045839609
0.971326113,-0.035234945,-0.015918761,1.215856223,-0.179449683,-0.060054931,0.046478034,-0.233323366,0.009125962,-0.045813043
0.97021395,-0.035144636,-0.016034802,1.214742701,-0.178989743,-0.060492708,0.045232646,-0.231618038,0.00888143,-0.045478202
0.96914907,-0.035124749,-0.015983634,1.213677522,-0.178888461,-0.060299672,0.045781795,-0.232065905,0.008989256,-0.045566141
0.96822395,-0.035016285,-0.015934127,1.21275077,-0.178336058,-0.060112901,0.046313122,-0.232044829,0.009093581,-0.045562002
0.967324593,-0.034942151,-0.015881954,1.211850298,-0.177958499,-0.059916076,0.04687305,-0.232227198,0.009203523,-0.04559781
0.96617945,-0.034907336,-0.016021037,1.210704631,-0.177781187,-0.060440778,0.045380376,-0.230557211,0.008910437,-0.045269908
0.965167303,-0.034731402,-0.015705107,1.209689837,-0.176885163,-0.059248903,0.048771028,-0.233051839,0.009576191,-0.045759729
0.96423586,-0.034669626,-0.015820452,1.208757465,-0.176570544,-0.059684053,0.04753311,-0.231499303,0.009333126,-0.045454888
0.963254513,-0.034656712,-0.015667924,1.207775924,-0.176504772,-0.059108628,0.049170083,-0.233070504,0.009654546,-0.045763393
0.962218307,-0.034593862,-0.01568688,1.206738771,-0.176184679,-0.059180141,0.048966642,-0.232546969,0.0096146,-0.045660597
0.961169003,-0.034583614,-0.015662803,1.205689314,-0.17613249,-0.05908931,0.049225039,-0.232753178,0.009665336,-0.045701086
0.96019681,-0.034472319,-0.015586854,1.204715446,-0.175565668,-0.058802785,0.050040145,-0.233001462,0.009825382,-0.045749837
0.959252973,-0.034456688,-0.015445388,1.203771374,-0.175486059,-0.058269092,0.051558397,-0.234440105,0.010123491,-0.046032315
0.95822491,-0.034460459,-0.015500618,1.202743368,-0.175505264,-0.058477451,0.050965657,-0.23386657,0.010007107,-0.045919701
0.95723965,-0.034290309,-0.015621029,1.201755548,-0.1746387,-0.058931714,0.049673369,-0.231707718,0.009753366,-0.04549581
0.956297597,-0.034234479,-0.015516991,1.200812654,-0.174354362,-0.058539219,0.050789941,-0.232539952,0.009972605,-0.04565922
0.95602258,-0.034559359,-0.016107424,1.200542526,-0.176008958,-0.060766682,0.044453243,-0.227857851,0.008728394,-0.044739889
0.95527617,-0.034800986,-0.023152668,1.199799751,-0.177239552,-0.087345485,0.031158262,-0.215793463,0.006117925,-0.042371046
0.954586487,-0.036318427,-0.027410768,1.199132897,-0.184967799,-0.103409545,0.076857376,-0.269220824,0.015090946,-0.052861509
0.95493671,-0.0339386,-0.026809851,1.199447316,-0.172847466,-0.10114253,0.070408163,-0.250651278,0.013824643,-0.049215378
