Edisk/V,Idisk/mA,Iring/mA,E-iR vs RHE,jdisk mAcm-2,jring mAcm-2,jCER,jOER,I cer,I OER
0.958708763,0.031329924,-0.019306221,1.203316408,0.159561621,-0.072834424,0.109234729,-0.068422073,0.021448239,-0.013434674
0.959729057,0.028560818,-0.016108042,1.20437138,0.14545871,-0.06076901,0.07549751,-0.048787765,0.014823936,-0.009579478
0.960763497,0.026690462,-0.013913611,1.205429243,0.135933091,-0.052490329,0.052348723,-0.035164597,0.010278672,-0.006904569
0.961709103,0.025491967,-0.012363552,1.206389859,0.129829218,-0.046642591,0.035997324,-0.024917071,0.007068074,-0.004892467
0.96274493,0.024772844,-0.01133982,1.207434691,0.126166762,-0.042780474,0.025198101,-0.017780305,0.004947647,-0.003491163
0.963729083,0.024236427,-0.010316073,1.208425562,0.123434819,-0.038918297,0.014398709,-0.009712855,0.002827186,-0.001907119
0.964797853,0.023611742,-0.009608608,1.209502156,0.120253335,-0.036249322,0.006935741,-0.005431371,0.001361833,-0.00106645
0.965855637,0.023316359,-0.008951122,1.210563638,0.118748965,-0.033768898,0,0,0,0
0.96677508,0.023204398,-0.008248632,1.211484484,0.118178754,-0.031118692,0.007410489,-0.0079807,0.001455049,-0.00156701
0.967855793,0.023221279,-0.007720534,1.212564986,0.118264728,-0.029126396,0.012981332,-0.013465569,0.002548884,-0.002643964
0.968830847,0.023222996,-0.007242918,1.213540017,0.118273471,-0.027324549,0.018019642,-0.018495137,0.003538157,-0.00363152
0.969860277,0.02323886,-0.007069432,1.214569249,0.118354267,-0.026670058,0.019849725,-0.020244424,0.003897494,-0.003974993
0.970848043,0.023339308,-0.006728439,1.215555757,0.11886584,-0.025383632,0.02344682,-0.023329945,0.004603783,-0.004580835
0.971795103,0.023354639,-0.006520595,1.216502625,0.118943922,-0.024599522,0.025639342,-0.025444386,0.005034285,-0.004996005
0.97284466,0.023406253,-0.006154156,1.217551536,0.119206791,-0.023217098,0.029504866,-0.029047041,0.00579328,-0.005703386
0.973861553,0.023503839,-0.005931058,1.218567207,0.119703789,-0.022375439,0.031858305,-0.030903481,0.006255378,-0.006067898
0.974841117,0.023526597,-0.005844006,1.219546485,0.119819693,-0.02204703,0.032776601,-0.031705873,0.006435686,-0.006225448
0.975818177,0.023649849,-0.005609634,1.220522002,0.120447412,-0.021162839,0.035248969,-0.033550523,0.006921135,-0.006587645
0.97682961,0.023678667,-0.005461791,1.221533074,0.120594177,-0.020605088,0.036808548,-0.034963336,0.007227358,-0.006865051
0.97783214,0.023737729,-0.005404791,1.222534865,0.120894978,-0.020390052,0.037409831,-0.035263818,0.00734542,-0.006924051
0.97883463,0.0237585,-0.005078775,1.223537094,0.121000766,-0.019160126,0.040848939,-0.038597139,0.008020689,-0.007578548
0.979831337,0.02386754,-0.005029811,1.224532436,0.121556099,-0.018975406,0.041365454,-0.03855832,0.008122107,-0.007570926
0.98082723,0.023971397,-0.004969593,1.225527028,0.122085035,-0.018748227,0.042000689,-0.038664619,0.008246835,-0.007591798
0.981796563,0.024080647,-0.004578339,1.226494993,0.122641441,-0.01727219,0.046127972,-0.042235496,0.009057227,-0.00829294
0.98282079,0.024085031,-0.004547895,1.227519165,0.122663769,-0.017157334,0.046449131,-0.042534328,0.009120287,-0.008351615
0.98380176,0.024287653,-0.004518457,1.228497598,0.123695713,-0.017046276,0.04675967,-0.041812922,0.009181261,-0.008209967
0.98483018,0.024368695,-0.004318696,1.229525003,0.124108453,-0.016292663,0.04886692,-0.043507432,0.00959502,-0.008542684
0.985876243,0.024343541,-0.004224814,1.230571381,0.123980348,-0.015938484,0.049857271,-0.044625888,0.009789475,-0.008762293
0.98682795,0.024476237,-0.004237237,1.231521426,0.12465616,-0.015985353,0.049726218,-0.043819023,0.009763743,-0.008603865
0.987847863,0.024482023,-0.004050982,1.232541267,0.124685628,-0.015282687,0.051691006,-0.045754344,0.010149529,-0.008983865
0.988815803,0.024583611,-0.004037584,1.233507935,0.12520301,-0.015232142,0.051832338,-0.045378293,0.01017728,-0.008910028
0.989862223,0.02462905,-0.003906236,1.234553786,0.12543443,-0.014736619,0.053217917,-0.046532453,0.010449338,-0.009136647
0.99079587,0.024638501,-0.003903962,1.235487314,0.12548256,-0.014728041,0.053241904,-0.046508309,0.010454048,-0.009131906
0.991800943,0.02474615,-0.00389626,1.236491039,0.126030812,-0.014698986,0.053323147,-0.0460413,0.01047,-0.009040209
0.99281661,0.024862821,-0.003813915,1.237505245,0.126625011,-0.014388331,0.054191797,-0.04631575,0.010640559,-0.009094098
0.993834377,0.024925277,-0.003638714,1.238522229,0.126943095,-0.013727369,0.056039973,-0.047845843,0.011003449,-0.009394531
0.994813263,0.025018537,-0.003688066,1.239499948,0.127418063,-0.013913557,0.055519358,-0.04685026,0.010901226,-0.009199049
0.9958265,0.025083895,-0.003611582,1.240512366,0.127750928,-0.013625011,0.056326186,-0.047324224,0.011059647,-0.009292111
0.996827683,0.025203817,-0.003480008,1.241512048,0.128361684,-0.013128637,0.057714145,-0.048101427,0.011332172,-0.009444715
0.997796973,0.025312968,-0.003435744,1.242479971,0.128917586,-0.012961647,0.058181081,-0.04801246,0.011423855,-0.009427247
0.998834193,0.025308314,-0.003417502,1.243517249,0.128893882,-0.012892829,0.058373508,-0.048228591,0.011461638,-0.009469684
0.999864407,0.02540991,-0.003460268,1.24454619,0.129411305,-0.013054166,0.05792238,-0.047260041,0.011373059,-0.009279509
1.0007738,0.025438039,-0.003156477,1.245455231,0.129554564,-0.01190809,0.061127029,-0.05032143,0.012002292,-0.009880613
1.0018462,0.025495882,-0.003252184,1.246526907,0.129849157,-0.01226915,0.060117436,-0.049017244,0.011804059,-0.009624536
1.0028477,0.025625214,-0.003212884,1.247526787,0.130507838,-0.012120887,0.060532007,-0.048773134,0.01188546,-0.009576605
1.003831533,0.025616658,-0.003176442,1.248510727,0.130464263,-0.011983409,0.060916424,-0.049201126,0.01196094,-0.009660641
1.004843633,0.025653887,-0.003088928,1.249522361,0.130653866,-0.011653253,0.061839603,-0.049934702,0.012142206,-0.009804679
1.005797167,0.025845593,-0.003043907,1.250473494,0.131630218,-0.011483409,0.06231452,-0.049433267,0.012235456,-0.009706222
1.006790133,0.025867911,-0.003019947,1.251466181,0.131743883,-0.011393016,0.062567275,-0.049572357,0.012285084,-0.009733532
1.0078194,0.026014882,-0.003011296,1.252493607,0.132492398,-0.011360379,0.062658533,-0.048915101,0.012303003,-0.00960448
1.008825633,0.026097376,-0.002955823,1.253498807,0.132912534,-0.011151105,0.063243705,-0.049080137,0.012417902,-0.009636885
1.0097923,0.026134651,-0.002924084,1.254465007,0.133102375,-0.011031365,0.063578521,-0.049225111,0.012483643,-0.009665351
1.010837233,0.026356774,-0.002905283,1.255507159,0.134233636,-0.010960435,0.063776854,-0.048292184,0.012522585,-0.00948217
1.0118134,0.026308192,-0.00293856,1.256483934,0.133986208,-0.011085977,0.063425815,-0.048188572,0.012453659,-0.009461826
1.012834,0.026362426,-0.002862722,1.257503855,0.134262421,-0.010799871,0.064225823,-0.048712367,0.01261074,-0.009564673
1.013842233,0.026452675,-0.002829472,1.258510958,0.134722052,-0.010674433,0.064576571,-0.048603484,0.01267961,-0.009543294
1.014848767,0.026473112,-0.002795407,1.259517235,0.134826137,-0.010545922,0.064935913,-0.048858742,0.012750167,-0.009593414
1.015838167,0.026533822,-0.002804593,1.260505875,0.135135331,-0.010580574,0.064839018,-0.048452652,0.012731141,-0.009513678
1.016786333,0.026537707,-0.002775737,1.261453993,0.135155114,-0.010471714,0.065143411,-0.048737263,0.012790909,-0.009569561
1.0177779,0.026652579,-0.00277035,1.262444121,0.135740154,-0.01045139,0.065200241,-0.048209052,0.012802067,-0.009465847
1.018860933,0.026819084,-0.002690305,1.263525069,0.136588156,-0.010149413,0.066044629,-0.048205438,0.012967863,-0.009465138
1.0198072,0.026844266,-0.002725122,1.26447102,0.136716406,-0.010280764,0.065677345,-0.047709904,0.012895747,-0.00936784
1.020821833,0.026899932,-0.002635816,1.265484957,0.13699991,-0.00994385,0.066619423,-0.048368478,0.013080724,-0.009497151
1.021809867,0.027042983,-0.002624462,1.266471198,0.137728459,-0.009901014,0.066739199,-0.047759705,0.013104242,-0.009377618
1.0228068,0.027051263,-0.002604582,1.267468028,0.137770627,-0.009826014,0.066948914,-0.047927252,0.013145419,-0.009410516
1.023829967,0.027230734,-0.002606182,1.268488947,0.138684665,-0.009832051,0.066932033,-0.046996333,0.013142105,-0.00922773
1.024850567,0.027221106,-0.002596357,1.269509668,0.13863563,-0.009794987,0.067035673,-0.047149008,0.013162454,-0.009257708
1.025847567,0.027257237,-0.002577724,1.270506215,0.138819643,-0.009724691,0.067232233,-0.047161555,0.013201049,-0.009260171
1.026796367,0.027356369,-0.002570961,1.271453774,0.139324519,-0.009699176,0.067303577,-0.046728023,0.013215057,-0.009175047
1.027835367,0.027380559,-0.00251187,1.272492471,0.139447718,-0.009476253,0.067926914,-0.047228162,0.01333745,-0.00927325
1.028809967,0.027425836,-0.002549474,1.273466504,0.139678311,-0.009618117,0.067530234,-0.046600889,0.013259562,-0.009150085
1.029816467,0.027450204,-0.002522341,1.274472699,0.139802414,-0.009515755,0.067816458,-0.04676301,0.013315762,-0.009181917
1.030845567,0.02755892,-0.002467082,1.275500437,0.140356097,-0.009307286,0.068399377,-0.046792245,0.013430218,-0.009187657
1.031809,0.027674894,-0.002486257,1.276462418,0.140946748,-0.009379626,0.068197101,-0.045999319,0.013390501,-0.009031966
1.032844667,0.02776161,-0.002483911,1.277496999,0.141388386,-0.009370775,0.068221849,-0.045582428,0.01339536,-0.00895011
1.033826467,0.027768318,-0.002518855,1.278478715,0.14142255,-0.009502602,0.067853235,-0.045179651,0.013322983,-0.008871024
1.034769233,0.027974535,-0.002452214,1.279418899,0.142472805,-0.009251193,0.068556225,-0.044832385,0.013461015,-0.008802839
1.0358196,0.028016053,-0.0025104,1.280468746,0.142684253,-0.009470705,0.067942426,-0.044007139,0.013340495,-0.008640802
1.036825,0.02804916,-0.002464601,1.281473731,0.142852866,-0.009297926,0.06842555,-0.044321649,0.013435357,-0.008702556
1.037829433,0.028166997,-0.002452281,1.282476689,0.143453002,-0.009251446,0.068555516,-0.043851479,0.013460875,-0.008610238
1.038824133,0.028169586,-0.002444824,1.283471356,0.14346619,-0.009223314,0.06863418,-0.043916956,0.013476321,-0.008623094
1.039791433,0.028261079,-0.002435669,1.28443751,0.143932157,-0.009188776,0.068730755,-0.043547563,0.013495284,-0.008550564
1.040824367,0.02830826,-0.002431416,1.285469853,0.144172449,-0.009172732,0.068775617,-0.043352133,0.013504092,-0.008512191
1.041783667,0.02833887,-0.002408932,1.28642877,0.144328342,-0.00908791,0.069012794,-0.043433417,0.013550662,-0.008528151
1.0428276,0.02838333,-0.00238824,1.287472146,0.144554773,-0.009009848,0.069231071,-0.043425263,0.013593521,-0.00852655
1.0438288,0.028494881,-0.002379632,1.288471949,0.1451229,-0.008977372,0.069321879,-0.042947945,0.013611351,-0.008432829
1.044807867,0.02858248,-0.002374032,1.289449919,0.145569037,-0.008956244,0.069380959,-0.042560888,0.013622951,-0.00835683
1.045827833,0.028704064,-0.002359891,1.290468363,0.146188254,-0.008902896,0.069530129,-0.04209084,0.013652241,-0.008264536
1.0468152,0.028727481,-0.002391211,1.291455436,0.146307515,-0.009021055,0.069199736,-0.041641185,0.013587368,-0.008176247
1.047810333,0.028894223,-0.002406802,1.292448481,0.147156727,-0.009079874,0.069035266,-0.040627504,0.013555074,-0.00797721
1.048810467,0.029021645,-0.002371101,1.293447019,0.147805679,-0.008945187,0.069411875,-0.040355162,0.013629022,-0.007923736
1.049833967,0.02901565,-0.002380486,1.294470594,0.147775148,-0.008980595,0.069312868,-0.040286685,0.013609582,-0.007910291
1.0508333,0.029110998,-0.00240135,1.295468733,0.148260749,-0.009059303,0.069092785,-0.039581002,0.013566368,-0.00777173
1.051796667,0.02913272,-0.002408245,1.296431828,0.148371379,-0.009085319,0.069020041,-0.039397627,0.013552085,-0.007735724
1.052825467,0.029212143,-0.002404703,1.297459633,0.148775873,-0.009071955,0.069057408,-0.0390305,0.013559422,-0.007663639
1.053836167,0.029280723,-0.002388023,1.298469474,0.149125147,-0.009009027,0.069233367,-0.038857185,0.013593972,-0.007629608
1.054809433,0.02929133,-0.002389274,1.299442608,0.14917917,-0.009013748,0.069220166,-0.038789962,0.01359138,-0.007616409
1.055820133,0.029369666,-0.002379472,1.300452327,0.149578133,-0.00897677,0.069323563,-0.038494396,0.013611682,-0.007558375
1.0568127,0.029515862,-0.002427691,1.301443063,0.150322699,-0.009158678,0.068814913,-0.037241179,0.013511808,-0.007312306
1.057794567,0.02956869,-0.0024355,1.302424268,0.150591751,-0.009188138,0.068732537,-0.036889752,0.013495634,-0.007243303
1.058870733,0.029712592,-0.002418621,1.303498633,0.151324635,-0.00912446,0.068910595,-0.036334926,0.013530595,-0.007134363
1.059792867,0.029750656,-0.00244185,1.304420289,0.151518491,-0.009212093,0.068665555,-0.03589603,0.013482482,-0.007048185
1.0607863,0.02985824,-0.002455774,1.305412375,0.152066414,-0.009264626,0.068518662,-0.035201214,0.013453639,-0.006911758
1.0618487,0.03005032,-0.002490287,1.30647237,0.153044665,-0.009394826,0.068154599,-0.033858899,0.013382156,-0.006648195
1.062802733,0.030021141,-0.002493794,1.307426769,0.15289606,-0.009408057,0.068117601,-0.033970507,0.013374891,-0.006670109
1.063827433,0.030111208,-0.002433919,1.308450341,0.153354763,-0.009182174,0.068749216,-0.034143418,0.013498909,-0.00670406
1.064815733,0.030180487,-0.00258576,1.309437773,0.1537076,-0.009755008,0.06714746,-0.032188825,0.013184404,-0.006320276
1.065799333,0.030245784,-0.002509379,1.310420555,0.154040153,-0.009466854,0.067953193,-0.032662006,0.01334261,-0.006413185
1.066825867,0.030401652,-0.002501061,1.311445137,0.15483398,-0.009435475,0.068040936,-0.031955921,0.013359838,-0.006274545
1.0678077,0.030391014,-0.002505472,1.312427103,0.1547798,-0.009452114,0.067994411,-0.031963577,0.013350703,-0.006276048
1.068853733,0.030488817,-0.002532536,1.313471912,0.155277905,-0.009554215,0.067708915,-0.031179975,0.013294645,-0.006122188
1.069811467,0.030677532,-0.002558412,1.314427282,0.15623902,-0.009651837,0.067435946,-0.029945891,0.013241048,-0.005879876
1.0707871,0.030702033,-0.002563633,1.315402608,0.156363803,-0.009671532,0.067380875,-0.029766037,0.013230235,-0.005844561
1.071840267,0.030888754,-0.002565188,1.316453437,0.157314763,-0.009677397,0.067364477,-0.02879868,0.013227015,-0.005654621
1.072807833,0.030974777,-0.002578407,1.317419926,0.157752873,-0.009727269,0.067225024,-0.028221116,0.013199633,-0.005541216
1.073798467,0.031034693,-0.002612584,1.318409809,0.158058024,-0.009856203,0.066864501,-0.027555442,0.013128845,-0.005410511
1.074833933,0.03124004,-0.002624069,1.319442704,0.159103847,-0.009899531,0.066743347,-0.026388466,0.013105056,-0.005181375
1.075835867,0.031252067,-0.002694993,1.320444487,0.159165098,-0.010167099,0.065995176,-0.025579043,0.012958153,-0.005022445
1.076822933,0.031319336,-0.002667064,1.321430711,0.159507697,-0.010061733,0.066289799,-0.025531067,0.013016002,-0.005013025
1.077774467,0.031513705,-0.002733981,1.32237981,0.160497605,-0.010314184,0.065583897,-0.023835258,0.012877398,-0.004680053
1.0788256,0.031575549,-0.002723747,1.323430169,0.160812573,-0.010275574,0.065691857,-0.023628249,0.012898596,-0.004639407
1.079793833,0.03165492,-0.00272793,1.324397408,0.161216808,-0.010291356,0.065647729,-0.023179886,0.012889932,-0.004551371
1.0808039,0.031751396,-0.002829653,1.325406267,0.161708152,-0.010675118,0.064574656,-0.02161547,0.012679234,-0.004244197
1.081805367,0.031902987,-0.002800894,1.326405835,0.162480199,-0.01056662,0.064878038,-0.021146805,0.012738803,-0.004152175
1.082770833,0.032131142,-0.002845192,1.327368444,0.163642181,-0.01073374,0.064410738,-0.019517522,0.012647048,-0.003832265
1.0838205,0.032185656,-0.00283749,1.328417428,0.163919815,-0.010704682,0.064491988,-0.019321139,0.012663002,-0.003793706
1.084807867,0.032301933,-0.002888237,1.329403339,0.164512011,-0.010896129,0.063956666,-0.01819362,0.012557891,-0.003572317
1.0857819,0.032550759,-0.002900818,1.330374256,0.165779265,-0.010943591,0.063823954,-0.016793654,0.012531833,-0.003297434
1.086805933,0.032638437,-0.002937001,1.331397191,0.166225806,-0.011080096,0.06344226,-0.015965419,0.012456888,-0.00313481
1.087784133,0.032867185,-0.002964228,1.332372527,0.167390807,-0.01118281,0.06315505,-0.014513208,0.012400494,-0.002849668
1.088802633,0.032906563,-0.002996922,1.333390533,0.167591359,-0.011306154,0.062810157,-0.013967764,0.012332774,-0.00274257
1.089793233,0.033026408,-0.00307305,1.334379633,0.168201723,-0.011593353,0.062007095,-0.012554337,0.012175093,-0.002465044
1.0907753,0.033222755,-0.00307061,1.33535924,0.169201704,-0.011584146,0.062032839,-0.011580099,0.012180148,-0.002273753
1.09179,0.033316031,-0.003115607,1.336372772,0.169676754,-0.011753901,0.06155817,-0.010630381,0.012086947,-0.002087275
1.092771367,0.033489293,-0.003196125,1.337351969,0.170559168,-0.012057666,0.060708787,-0.008898584,0.01192017,-0.001747237
1.0937785,0.033543099,-0.00319115,1.338358429,0.170833199,-0.012038894,0.060761275,-0.008677041,0.011930476,-0.001703737
1.094811033,0.033738472,-0.003232304,1.339388515,0.171828223,-0.012194151,0.060327148,-0.00724789,0.011845235,-0.001423123
1.0957546,0.033983925,-0.003268491,1.340329008,0.173078306,-0.012330672,0.059945407,-0.005616066,0.011770281,-0.001102715
1.096780233,0.034157478,-0.003311817,1.341352468,0.1739622,-0.012494122,0.059488369,-0.004275134,0.011680541,-0.000839423
1.097808233,0.034292097,-0.003342863,1.342378782,0.174647807,-0.012611247,0.059160866,-0.003262024,0.011616236,-0.000640498
1.098802533,0.034629311,-0.003382024,1.343368859,0.176365219,-0.012758984,0.058747765,-0.001131512,0.011535124,-0.000222172
1.099764967,0.034716788,-0.003403852,1.344330197,0.176810734,-0.012841332,0.058517506,-0.000455737,0.011489912,-8.94839E-05
1.1008254,0.034902618,-0.003493701,1.345388303,0.17775716,-0.013180296,0.057569695,0.0014385,0.01130381,0.000282449
1.1018175,0.035099564,-0.003523368,1.346377936,0.178760192,-0.013292217,0.057256744,0.002754482,0.011242362,0.000540843
1.102770633,0.035241896,-0.003567497,1.347329287,0.179485083,-0.013458698,0.056791231,0.003944886,0.011150958,0.000774578
1.1038065,0.035452358,-0.003654269,1.348362518,0.180556956,-0.013786054,0.055875879,0.005932111,0.010971229,0.00116477
1.104825733,0.03563967,-0.003677866,1.349379406,0.181510923,-0.013875075,0.05562696,0.007134998,0.010922354,0.001400957
1.1058113,0.03577673,-0.003781329,1.350363256,0.182208962,-0.014265397,0.054535545,0.008924452,0.010708054,0.001752316
1.106827033,0.035956025,-0.003822037,1.351376744,0.183122103,-0.014418973,0.054106117,0.010267022,0.010623736,0.00201593
1.107780433,0.036270722,-0.00383457,1.352326203,0.18472484,-0.014466254,0.053973908,0.012001966,0.010597777,0.002356586
1.108802067,0.03648691,-0.003886906,1.353345129,0.185825872,-0.014663697,0.053421822,0.013655084,0.010489375,0.002681176
1.109815,0.036726278,-0.003949256,1.354355065,0.187044962,-0.014898918,0.052764098,0.015531898,0.010360231,0.003049688
1.110784967,0.036928572,-0.00399436,1.355322498,0.188075231,-0.015069076,0.052288303,0.017037963,0.010266808,0.003345404
1.111830667,0.037242465,-0.004026856,1.356364267,0.189673871,-0.01519167,0.051945506,0.0189794,0.0101995,0.003726605
1.112842267,0.037484821,-0.004141735,1.357372832,0.190908181,-0.015625062,0.05073366,0.021425556,0.009961554,0.004206908
1.113775433,0.037668767,-0.004183773,1.358303695,0.191845008,-0.015783652,0.050290212,0.022805831,0.009874483,0.004477925
1.114831033,0.037936637,-0.004220155,1.35935594,0.193209252,-0.015920907,0.04990642,0.024553867,0.009799126,0.004821152
1.1157799,0.038130202,-0.00431647,1.360302383,0.194195068,-0.016284266,0.048890399,0.026555704,0.00959963,0.005214212
1.116797,0.038389007,-0.004406837,1.361316242,0.195513152,-0.016625184,0.047937127,0.02882706,0.009412455,0.005660193
1.1177925,0.038651065,-0.00443571,1.36230846,0.196847797,-0.016734106,0.047632558,0.030466274,0.009352653,0.005982053
1.1187799,0.038843011,-0.004530188,1.363293456,0.197825368,-0.017090535,0.046635916,0.032440487,0.009156962,0.00636969
1.1198129,0.039128071,-0.004603853,1.364322886,0.199277165,-0.017368442,0.045858833,0.034669367,0.009004382,0.00680733
1.120769867,0.039444224,-0.004675155,1.365275893,0.200887315,-0.017637437,0.045106671,0.037031678,0.008856695,0.00727117
1.121779533,0.0396618,-0.004716937,1.366282835,0.201995415,-0.017795061,0.044665925,0.038580524,0.008770154,0.007575286
1.122810433,0.040022807,-0.004795765,1.367309214,0.203834004,-0.018092446,0.043834379,0.04125066,0.00860688,0.008099567
1.123817233,0.040379008,-0.0049153,1.368311554,0.205648116,-0.018543403,0.042573416,0.044325735,0.00835929,0.008703358
1.1248019,0.040681529,-0.005007063,1.369292432,0.20718884,-0.018889586,0.041605422,0.046834453,0.008169225,0.009195945
1.125788367,0.041159003,-0.005063755,1.370272919,0.209620589,-0.019103464,0.041007379,0.049864245,0.008051799,0.009790845
1.126808233,0.041252152,-0.005184602,1.371291619,0.210094995,-0.019559368,0.039732583,0.051613447,0.007801493,0.0101343
1.1278272,0.041580074,-0.005257135,1.372306479,0.211765081,-0.019833007,0.038967435,0.05404868,0.007651256,0.010612458
1.128827967,0.04186926,-0.005344744,1.373303624,0.213237893,-0.020163519,0.038043261,0.056445667,0.007469794,0.011083107
1.129839867,0.042161438,-0.00545164,1.374311865,0.214725937,-0.020566795,0.036915621,0.05906135,0.007248382,0.011596696
1.130765733,0.042526783,-0.005503042,1.375233156,0.216586619,-0.020760714,0.036373388,0.061464265,0.007141915,0.012068509
1.131852067,0.042772987,-0.005657788,1.376316406,0.217840526,-0.021344507,0.034740991,0.06435057,0.006821394,0.012635234
1.132788933,0.043153089,-0.005869977,1.377248513,0.219776362,-0.022145008,0.032502635,0.068524762,0.006381892,0.013454837
1.133803533,0.043588924,-0.006011995,1.378257655,0.221996048,-0.022680781,0.03100451,0.072242572,0.006087736,0.014184829
1.134842833,0.043937355,-0.006067738,1.379292591,0.22377059,-0.022891077,0.030416483,0.074605141,0.005972276,0.01464872
1.135765967,0.044360139,-0.00619924,1.38021043,0.225923803,-0.023387181,0.029029281,0.078145557,0.005699899,0.01534388
1.136769267,0.04476193,-0.006315653,1.381208698,0.227970103,-0.02382636,0.027801253,0.081419885,0.005458776,0.015986794
1.1378334,0.045145785,-0.0065146,1.382268024,0.229925056,-0.024576903,0.025702587,0.085473503,0.005046703,0.016782722
1.138822867,0.045689795,-0.006588163,1.383250678,0.232695673,-0.024854427,0.024926578,0.08902013,0.004894334,0.017479102
1.1398377,0.045990498,-0.006732482,1.384261746,0.234227135,-0.025398884,0.023404172,0.092073997,0.004595409,0.018078729
1.140758067,0.046435924,-0.006904171,1.385176534,0.236495664,-0.026046593,0.021593052,0.096153647,0.004239796,0.018879769
1.1418179,0.046907025,-0.007060379,1.386230468,0.238894958,-0.026635905,0.019945224,0.100200769,0.003916245,0.019674421
1.142836733,0.047308182,-0.007104298,1.387244277,0.240938027,-0.026801594,0.019481926,0.102707136,0.003825276,0.020166546
1.1437916,0.047744326,-0.007263522,1.388193682,0.243159289,-0.02740228,0.01780229,0.106608033,0.00349548,0.020932487
1.1448702,0.048209478,-0.007411767,1.389266457,0.245528283,-0.027961546,0.016238475,0.110540843,0.003188425,0.021704694
1.145785133,0.048708353,-0.007603717,1.390175142,0.248069026,-0.028685693,0.014213621,0.11510644,0.002790844,0.02260115
1.146783533,0.049345929,-0.007723773,1.391165558,0.251316165,-0.029138616,0.012947161,0.119620039,0.002542175,0.023487395
1.147844933,0.049828888,-0.007940021,1.39222091,0.253775851,-0.029954431,0.010665985,0.124360901,0.002094266,0.024418263
1.148859667,0.050396396,-0.008148647,1.393228536,0.256666139,-0.030741491,0.008465213,0.129451961,0.001662145,0.025417892
1.149821967,0.051106632,-0.008378934,1.394181941,0.260283329,-0.031610268,0.006035946,0.135498418,0.001185158,0.026605114
1.1507803,0.051603624,-0.008510281,1.395134051,0.262814484,-0.032105785,0.004650384,0.139415135,0.000913103,0.027374162
1.1517936,0.052349307,-0.008763477,1.396138012,0.266612206,-0.03306099,0.001979448,0.145883792,0.000388665,0.028644283
1.152828667,0.05290172,-0.008992227,1.397166161,0.269425618,-0.033923969,0.000433608,0.150243045,8.51389E-05,0.029500222
1.1538218,0.053509552,-0.009202125,1.398151682,0.272521273,-0.03471583,0.002647804,0.151124504,0.000519896,0.029673296
1.154806,0.054225077,-0.009528103,1.399126921,0.276165405,-0.035945609,0.006086502,0.151329938,0.001195085,0.029713633
1.155788367,0.054917611,-0.009734972,1.400100615,0.279692444,-0.036726043,0.008268746,0.152674732,0.001623568,0.029977684
1.156801233,0.055598994,-0.009960395,1.401104949,0.283162689,-0.037576468,0.010646699,0.153767025,0.002090479,0.030192155
1.157804767,0.056273695,-0.010275251,1.402100032,0.286598905,-0.038764291,0.013968078,0.153881862,0.002742632,0.030214704
1.158810633,0.057106726,-0.010564366,1.403095467,0.290841485,-0.039855004,0.017017923,0.155074597,0.003341469,0.030448897
1.159820967,0.058002456,-0.010897237,1.404094583,0.29540339,-0.041110789,0.020529338,0.156125087,0.004030936,0.030655161
1.160817967,0.058855169,-0.011198409,1.405080904,0.299746212,-0.042246988,0.023706371,0.157290875,0.004654746,0.030884063
1.161808067,0.059723879,-0.011605406,1.406060125,0.304170507,-0.043782418,0.027999729,0.157421813,0.005497747,0.030909773
1.162875867,0.060797846,-0.011841007,1.407114475,0.309640165,-0.044671246,0.030485063,0.160406136,0.005985742,0.031495745
1.1638264,0.061677846,-0.01221051,1.408053988,0.314121956,-0.046065228,0.034382906,0.160990085,0.006751084,0.031610403
1.164813,0.062708716,-0.012562713,1.409027678,0.31937212,-0.047393946,0.038098256,0.162524899,0.007480593,0.031911764
1.165822367,0.0638088,-0.013128314,1.410023268,0.32497479,-0.049527726,0.044064716,0.162161109,0.008652107,0.031840334
1.166823133,0.064783839,-0.013504161,1.411011824,0.329940611,-0.050945642,0.048029481,0.163162165,0.009430589,0.032036891
1.167875633,0.065950678,-0.013938272,1.412049711,0.335883259,-0.052583363,0.052608864,0.16452543,0.01032975,0.032304568
1.168840033,0.067113312,-0.014408391,1.412999551,0.341804494,-0.054356927,0.057568092,0.165487437,0.011303495,0.032493458
1.169834867,0.068374527,-0.014802526,1.41397859,0.348227792,-0.055843838,0.061725781,0.167753046,0.012119857,0.032938311
1.170797133,0.069596976,-0.015776338,1.414925547,0.354453659,-0.059517631,0.071998412,0.163706282,0.014136888,0.032143728
1.1717676,0.070955501,-0.01633204,1.415879001,0.361372554,-0.061614065,0.077860448,0.164763141,0.015287899,0.032351243
1.1728044,0.072457741,-0.016923639,1.416896988,0.36902338,-0.063845925,0.084101156,0.166173258,0.016513262,0.032628119
1.1738809,0.074030671,-0.017405942,1.417953789,0.377034231,-0.065665453,0.089188907,0.169096359,0.017512242,0.03320207
1.174776033,0.075514722,-0.018182623,1.418830337,0.38459242,-0.068595551,0.097382025,0.16846143,0.019120961,0.033077402
1.175806167,0.07725132,-0.018956312,1.419838723,0.393436824,-0.071514364,0.105543587,0.169144272,0.020723483,0.033211478
1.176782567,0.078975193,-0.019695641,1.420793534,0.402216416,-0.074303546,0.113342679,0.170124772,0.022254835,0.033403999
1.177804633,0.080776786,-0.020504775,1.421793039,0.411391829,-0.077356077,0.121878142,0.170764722,0.023930773,0.033529653
1.178825667,0.082806344,-0.021386858,1.422788655,0.421728261,-0.080683813,0.131183133,0.171796163,0.025757808,0.033732177
1.179819667,0.084752465,-0.022334709,1.423758283,0.431639749,-0.084259662,0.141181896,0.171708888,0.027721065,0.03371504
1.180824533,0.086858345,-0.023191547,1.424736777,0.442364886,-0.087492159,0.15022058,0.173395341,0.029495811,0.034046175
1.181819033,0.089198593,-0.024200628,1.42570197,0.45428364,-0.091299009,0.160865264,0.17466941,0.031585895,0.034296339
1.182927933,0.091627085,-0.02501735,1.426780457,0.466651821,-0.094380164,0.169480766,0.178422089,0.033277548,0.035033177
1.183935467,0.094217878,-0.02619793,1.427755545,0.479846592,-0.098834005,0.181934563,0.179163063,0.035722851,0.035178668
1.184932667,0.096908966,-0.027748808,1.428719043,0.493552155,-0.104684829,0.198294594,0.176508596,0.038935144,0.034657463
1.1859046,0.099683917,-0.029006107,1.429656225,0.507684833,-0.109428103,0.211557702,0.177378166,0.041539355,0.034828203
1.186909933,0.102644827,-0.030595927,1.430624478,0.52276459,-0.115425838,0.228328524,0.175687101,0.044832306,0.034496162
1.187928267,0.105748906,-0.031693441,1.431603938,0.538573496,-0.119566307,0.239906071,0.17991846,0.047105557,0.03532699
1.188926433,0.109067568,-0.03325115,1.432560544,0.555475262,-0.125442902,0.256338162,0.180388135,0.050331998,0.03541921
1.1899987,0.112970333,-0.035155317,1.433583935,0.575351838,-0.13262654,0.276424997,0.180177875,0.054276048,0.035377926
1.191042367,0.116570608,-0.03607784,1.434582514,0.593687841,-0.136106841,0.286156588,0.188782288,0.056186846,0.037067402
1.192005033,0.120308567,-0.038556817,1.435498369,0.612725066,-0.145459001,0.312307027,0.181669073,0.061321485,0.035670722
1.193027367,0.124306017,-0.040184141,1.436470641,0.633083864,-0.151598224,0.329473479,0.18486142,0.064692118,0.03629754
1.194079467,0.128866187,-0.042588892,1.437465632,0.656308565,-0.160670359,0.354840913,0.182718687,0.069673013,0.035876814
1.195104733,0.13336379,-0.044640212,1.438434574,0.679214617,-0.168409143,0.376480045,0.183985607,0.073921857,0.036125574
1.196131367,0.1379875,-0.046539367,1.439403303,0.702762923,-0.175573876,0.396514016,0.187499942,0.077855527,0.036815614
1.197099,0.142829923,-0.049045745,1.440310293,0.727425125,-0.185029409,0.422953505,0.185722655,0.083046921,0.036466643
1.198088767,0.148116987,-0.051258256,1.441233848,0.754351855,-0.193376301,0.446293022,0.189309867,0.087629635,0.037170992
1.199101667,0.153484683,-0.053786541,1.442179527,0.781689245,-0.202914479,0.472963606,0.189976674,0.092866404,0.03730192
1.200082267,0.159168497,-0.05649441,1.443088947,0.810636601,-0.213130153,0.501528597,0.190359039,0.09847514,0.037376997
1.201091567,0.165283137,-0.058910937,1.444021671,0.841778134,-0.222246717,0.527020265,0.196008904,0.103480429,0.038486348
1.202128433,0.171439217,-0.06199036,1.444981443,0.873130719,-0.233864113,0.559504739,0.194877015,0.109858755,0.038264102
1.2030995,0.178089407,-0.065148223,1.445869227,0.906999779,-0.24577743,0.592816667,0.195434147,0.116399553,0.038373495
1.204125567,0.184925203,-0.068261706,1.446809687,0.941814124,-0.25752332,0.625660436,0.197404723,0.122848427,0.038760417
1.205122433,0.19199767,-0.071193854,1.447717983,0.977833817,-0.268585106,0.65659132,0.202493532,0.128921706,0.039759605
1.2061059,0.199545073,-0.07466907,1.448606931,1.016272337,-0.281695664,0.693250965,0.204272407,0.136119827,0.040108887
1.207107467,0.20731909,-0.078152341,1.449511141,1.055864986,-0.294836613,0.729995588,0.207120433,0.143334634,0.040668097
1.2081157,0.215447397,-0.082140017,1.45041758,1.097262015,-0.309880473,0.772061117,0.206451933,0.1515942,0.040536837
1.2090783,0.223899993,-0.086100979,1.451274326,1.140310636,-0.324823551,0.813844839,0.207716831,0.159798434,0.0407852
1.210108833,0.232786873,-0.089917191,1.452193566,1.185571038,-0.339220549,0.854101618,0.212720455,0.167702853,0.041767661
1.211104033,0.242243773,-0.094040848,1.453070334,1.233734522,-0.35477741,0.897601595,0.217383962,0.176244073,0.042683341
1.212082267,0.251825213,-0.098056551,1.453928576,1.282532281,-0.369927004,0.939962777,0.223820538,0.184561691,0.043947163
1.213110633,0.26190206,-0.103034635,1.454830747,1.333853119,-0.388707265,0.992476001,0.222628153,0.194872663,0.043713038
1.214116333,0.272452963,-0.107350171,1.455704314,1.387588303,-0.404988006,1.038000087,0.230839251,0.203811317,0.045325287
1.2150741,0.283442103,-0.112194358,1.45652446,1.443555403,-0.423263132,1.089100857,0.23570558,0.213844953,0.046280791
1.216112333,0.29463588,-0.116763986,1.45742251,1.500564706,-0.440502456,1.137305327,0.244510414,0.223309901,0.04800962
1.2170961,0.306414693,-0.12292103,1.458258767,1.560553569,-0.463730449,1.202255265,0.239549339,0.236062821,0.047035513
1.218113267,0.3184118,-0.128406563,1.45912569,1.621654189,-0.484425108,1.260121517,0.242783707,0.24742486,0.047670581
1.219114967,0.33108883,-0.13337679,1.459968631,1.686217622,-0.503175727,1.312551858,0.254916798,0.257719557,0.050052913
1.220069,0.343936087,-0.138765557,1.460761774,1.75164801,-0.523505326,1.369397329,0.263501715,0.268881166,0.051738562
1.221128033,0.357278087,-0.145141013,1.461653721,1.819598099,-0.547557299,1.436651278,0.264197856,0.282086478,0.051875249
1.222096867,0.371106117,-0.15152271,1.462449381,1.890023512,-0.571632814,1.503971051,0.267303496,0.295304716,0.052485041
1.223096967,0.385398907,-0.15800748,1.463270488,1.962815924,-0.596097182,1.572378134,0.271688825,0.308736447,0.053346101
1.224096,0.400162817,-0.165125893,1.464084628,2.038007724,-0.622952025,1.647469445,0.271789314,0.323480626,0.053365832
1.2250773,0.4151883,-0.17057545,1.464877759,2.114531704,-0.643510959,1.704956183,0.290826555,0.334768147,0.057103794
1.226100133,0.4311167,-0.178995207,1.465701115,2.195654189,-0.675275235,1.793775214,0.28313001,0.352207763,0.055592577
1.2270903,0.447155347,-0.185441503,1.466490425,2.277338155,-0.699594459,1.861776445,0.296812744,0.365559805,0.058279182
1.2281282,0.463853427,-0.192543333,1.467319209,2.362380579,-0.726386741,1.936692822,0.306938792,0.380269636,0.060267432
1.229107167,0.480909933,-0.200588397,1.468084571,2.449248451,-0.756737453,2.021559256,0.308940229,0.39693316,0.060660414
1.230098767,0.498341113,-0.208477637,1.468857875,2.538024514,-0.786500308,2.104781929,0.31449362,0.413273932,0.061750822
1.231117,0.516180723,-0.21669625,1.469652697,2.628880689,-0.817505753,2.191479122,0.318652602,0.430296926,0.062567438
1.2320972,0.534505287,-0.22461399,1.470403412,2.722206706,-0.847376127,2.275002438,0.328455303,0.446696729,0.064492199
1.233121367,0.553354193,-0.233586497,1.471191528,2.818203175,-0.881225701,2.369652364,0.329801846,0.465281242,0.064756592
1.234082267,0.57254207,-0.241236427,1.471912131,2.915925999,-0.910085738,2.450350583,0.346826451,0.481126337,0.068099374
1.235096133,0.592186767,-0.251417393,1.472679981,3.015975384,-0.948494335,2.557748413,0.339478006,0.502213901,0.066656507
1.236100167,0.612076283,-0.258271817,1.473434931,3.117271624,-0.974353253,2.630054925,0.368467734,0.516411284,0.07234864
1.237080833,0.632692753,-0.267942543,1.474157411,3.222270198,-1.010836924,2.732070292,0.37145094,0.536442002,0.072934392
1.238119467,0.653505287,-0.27643858,1.474935402,3.328267312,-1.042888973,2.821693992,0.387824355,0.554039615,0.076149312
1.239134067,0.675186177,-0.28742431,1.475678485,3.43868692,-1.08433361,2.937581176,0.382356778,0.576794064,0.075075753
1.2401056,0.697007057,-0.29648609,1.476376748,3.549819489,-1.118519976,3.033172836,0.397897687,0.595563486,0.078127211
1.241130833,0.719340563,-0.30648762,1.477122292,3.663562838,-1.156251632,3.13867781,0.406136064,0.616279388,0.079744816
1.2420853,0.74217085,-0.316688003,1.477790847,3.779836262,-1.194733479,3.246280463,0.414806833,0.637407169,0.081447322
1.243098533,0.765033903,-0.32635521,1.478517759,3.896276564,-1.231203871,3.348258699,0.4292689,0.657430596,0.084286948
1.2441361,0.788596533,-0.33649064,1.479260243,4.016279773,-1.269440676,3.455176168,0.44235464,0.678423841,0.086856333
1.245090267,0.812582553,-0.348296543,1.479914024,4.138439284,-1.31397949,3.579715265,0.439975054,0.702877092,0.086389102
1.2460861,0.836724997,-0.358560367,1.480607514,4.26139545,-1.35270067,3.68798714,0.454659345,0.724136275,0.089272362
1.247096133,0.860894303,-0.367891113,1.481314867,4.384488431,-1.387901737,3.786416098,0.479323367,0.743462801,0.094115143
1.2480976,0.886234187,-0.381762893,1.481998994,4.513543095,-1.440234253,3.932747887,0.462046243,0.772195048,0.09072278
1.249083533,0.911578993,-0.391232917,1.482667526,4.642622833,-1.475960753,4.032646058,0.49122781,0.791810054,0.09645258
1.250081967,0.937267347,-0.40159845,1.483344255,4.773452237,-1.515065643,4.14199086,0.512712411,0.813279905,0.100671082
1.251094333,0.96376814,-0.41443502,1.484024744,4.908419353,-1.563492738,4.27740234,0.512268048,0.839867949,0.100583831
1.252072133,0.990081273,-0.425015777,1.484673016,5.042430727,-1.603409577,4.389017507,0.534664255,0.861783588,0.104981326
1.2531067,1.016985523,-0.436821083,1.485370651,5.179452627,-1.64794614,4.51355031,0.547153351,0.886235603,0.107433561
1.254144933,1.047591603,-0.452528873,1.486025594,5.335327748,-1.707205166,4.679249955,0.537328828,0.918770729,0.105504515
1.255279833,1.078260153,-0.463736357,1.486776422,5.491521025,-1.749486387,4.797476389,0.575295671,0.941984489,0.112959305
1.256299733,1.106676647,-0.477476953,1.487440453,5.636244699,-1.801324002,4.94242434,0.575071394,0.970445019,0.112915268
1.257247133,1.13501668,-0.4903482,1.488032941,5.780578966,-1.849881918,5.07820162,0.583628381,0.997104888,0.114595433
1.258321267,1.1631491,-0.50148025,1.488754763,5.92385587,-1.89187856,5.195632317,0.609474588,1.020162405,0.119670335
1.2592697,1.1923102,-0.51308322,1.489338002,6.072371785,-1.93565179,5.318030694,0.635592126,1.044195327,0.124798514
1.260277233,1.221398967,-0.526127377,1.489981247,6.220519311,-1.984862024,5.455631981,0.646138365,1.071213339,0.126869268
1.261312633,1.252430367,-0.58994222,1.49062803,6.378560564,-2.22560916,6.128807319,0.13100428,1.203391317,0.02572269
1.262366833,1.283851133,-0.55389286,1.491288738,6.53858484,-2.089609763,5.748526825,0.671309049,1.128723242,0.131811532
1.2633661,1.3140961,-0.567207973,1.491909237,6.69262083,-2.139842205,5.888986403,0.684885462,1.15630248,0.13447726
1.2643272,1.3444697,-0.58060671,1.492489958,6.847311943,-2.190390123,6.030328113,0.698234865,1.184054925,0.137098416
1.265382133,1.375925567,-0.594733833,1.493150959,7.007514982,-2.243685945,6.179353489,0.709412528,1.213316058,0.13929315
1.266383333,1.4069916,-0.608032683,1.493763109,7.16573262,-2.293857031,6.319641506,0.727342149,1.24086161,0.142813631
1.2674054,1.437835033,-0.619526803,1.494398913,7.322816569,-2.337219615,6.440891637,0.763175967,1.264669073,0.149849601
1.268392333,1.469674667,-0.634016733,1.494987108,7.484974111,-2.391884156,6.593744219,0.772480927,1.294681677,0.15167663
1.269401767,1.501208267,-0.646668197,1.495601635,7.645573041,-2.43961292,6.727203029,0.799621047,1.320886315,0.157005593
1.270355767,1.533865667,-0.66264359,1.496146656,7.811895425,-2.499881503,6.89572559,0.79742087,1.35397572,0.156573588
1.271365833,1.565836967,-0.674945053,1.496756335,7.974723538,-2.546289861,7.025492292,0.830482281,1.379455411,0.163065196
1.272354267,1.5980855,-0.688463827,1.497340909,8.138963585,-2.597290628,7.168100255,0.852114366,1.407456485,0.167312656
1.273361433,1.631047067,-0.704211833,1.497935287,8.306835073,-2.656701374,7.33422414,0.853861968,1.44007491,0.167655797
1.274368267,1.663866867,-0.716922523,1.498531107,8.473984551,-2.704653576,7.468307726,0.88692786,1.466402222,0.174148285
1.275331667,1.697568367,-0.73256592,1.499072452,8.64562448,-2.763669672,7.633328092,0.893547422,1.498803971,0.175448036
1.276350833,1.7314495,-0.74860696,1.499667314,8.818179272,-2.824185913,7.802543152,0.896887154,1.532029348,0.176103793
1.2773534,1.764834833,-0.761293633,1.500251785,8.988208981,-2.872047509,7.936373389,0.933086626,1.558306915,0.183211559
1.278371233,1.798930567,-0.77559918,1.500842626,9.161856718,-2.926016448,8.087280932,0.955826821,1.587937611,0.187676596
1.2793511,1.8332492,-0.791624467,1.501392709,9.336639674,-2.986473259,8.256329812,0.961560897,1.621130359,0.188802482
1.280343167,1.867685933,-0.806016923,1.501953513,9.512024107,-3.040770073,8.408154158,0.985120983,1.650941069,0.193428505
1.281365267,1.902996867,-0.821637253,1.502533403,9.691860793,-3.099699149,8.572931197,1.00018063,1.683295041,0.196385467
1.282363967,1.9371906,-0.83603402,1.503103883,9.866007639,-3.154012223,8.724801009,1.022457665,1.713114678,0.200759562
1.283360133,1.972703067,-0.85194063,1.503655315,10.04687072,-3.214021315,8.892597983,1.035523776,1.746061614,0.203325093
1.284372933,2.0076231,-0.865015883,1.5042308,10.22471658,-3.263348864,9.030527305,1.075440307,1.773144036,0.211162704
1.2853066,2.0433462,-0.88165158,1.504717094,10.40665241,-3.3261085,9.206015328,1.081888113,1.80760111,0.212428731
1.2863751,2.078710233,-0.89599085,1.505342719,10.58675953,-3.380204663,9.357278615,1.110731948,1.837301656,0.218092218
1.287320333,2.113583967,-0.90585967,1.505851217,10.76436958,-3.417435659,9.461383646,1.184236967,1.857742679,0.232524928
1.2883529,2.150718133,-0.928675987,1.50641874,10.95349189,-3.503512229,9.702070309,1.13267262,1.905001505,0.222400269
1.289337133,2.186386033,-0.94006392,1.506956292,11.13514659,-3.546474214,9.822200289,1.194197338,1.928589027,0.234480647
1.290335433,2.2232425,-0.958031643,1.507493026,11.3228546,-3.614259038,10.01173971,1.192365925,1.965805091,0.234121049
1.2913412,2.260669333,-0.975557213,1.508030084,11.51346745,-3.6803758,10.1966149,1.198103582,2.002105336,0.235247638
1.292350133,2.296240033,-0.98471339,1.508593554,11.69462711,-3.714918286,10.29320234,1.282675807,2.021070279,0.251853395
1.2933652,2.3343896,-1.00708443,1.509130861,11.8889208,-3.799315011,10.52919183,1.240980009,2.067406816,0.243666425
1.294360033,2.370945267,-1.019396913,1.509667895,12.07509685,-3.845764943,10.65907478,1.297273104,2.092909333,0.254719574
1.2953034,2.408778267,-1.03681083,1.510137467,12.26777829,-3.911460482,10.84277216,1.306257165,2.128978313,0.256483594
1.296323,2.445500933,-1.050273313,1.510697177,12.45480486,-3.96224889,10.98478632,1.351269567,2.156862794,0.26532178
1.297374833,2.483126733,-1.06858651,1.51127781,12.64643103,-4.031337043,11.1779701,1.34971197,2.194794429,0.265015945
1.2983378,2.521163133,-1.084237783,1.511764434,12.84014837,-4.090382855,11.34307355,1.378325854,2.227212492,0.270634282
1.299361233,2.558792333,-1.09873536,1.512316624,13.03179187,-4.145076244,11.4960068,1.417036103,2.257240935,0.278235039
1.3003338,2.596727533,-1.116726673,1.512814116,13.2249938,-4.212950064,11.68579507,1.420449773,2.294505861,0.278905313
1.3013357,2.634873867,-1.13016327,1.513338296,13.41927103,-4.263640812,11.82753616,1.472985908,2.322336724,0.289220783
1.302327867,2.672596333,-1.147115473,1.513858052,13.61138953,-4.327594497,12.00636297,1.486277589,2.357449369,0.291830605
1.303352333,2.7111384,-1.162433967,1.514399843,13.8076822,-4.385384867,12.16795597,1.520977264,2.389178155,0.298643886
1.304359267,2.7499151,-1.178929667,1.514921163,14.00516985,-4.447616353,12.34196719,1.544453699,2.423345257,0.303253484
1.305355967,2.7901345,-1.200931633,1.515414182,14.21000509,-4.530620717,12.57406337,1.517192762,2.468917342,0.297900799
1.306350667,2.8283413,-1.213633767,1.515930406,14.40459027,-4.578540637,12.70805669,1.577784619,2.495226931,0.30979801
1.307314333,2.8681367,-1.2323249,1.516395701,14.60726611,-4.649054589,12.90522727,1.583289868,2.533941375,0.310878966
1.308375733,2.9066124,-1.247595567,1.516975257,14.80322078,-4.706664529,13.06631575,1.618156059,2.565571098,0.317724942
1.309381467,2.944728933,-1.258072267,1.517503645,14.99734624,-4.746188805,13.17683324,1.701764029,2.587271207,0.334141367
1.310332767,2.9862034,-1.2836159,1.517935546,15.20857347,-4.84255442,13.44629005,1.643534451,2.640179051,0.32270799
1.311363667,3.025166733,-1.2957614,1.518478495,15.40701163,-4.888374392,13.57441151,1.713851152,2.6653357,0.336514674
1.312375167,3.064267467,-1.313419433,1.519000324,15.60614956,-4.954990883,13.76068405,1.726716552,2.701910312,0.339040795
1.3133367,3.1033732,-1.325075,1.519472123,15.80531296,-4.998962538,13.88363726,1.802926738,2.726052176,0.354004665
1.314337467,3.1427521,-1.3408263,1.519979735,16.00586758,-5.058385709,14.04979588,1.837322733,2.758677422,0.360758319
1.3153125,3.1832219,-1.362256867,1.520447951,16.2119781,-5.139234416,14.27586443,1.817364702,2.803065981,0.356839559
1.316363567,3.223852933,-1.3781298,1.520990182,16.41890977,-5.19911646,14.44330615,1.85685465,2.835943164,0.36459341
1.317348067,3.264099667,-1.396223533,1.521470659,16.62388422,-5.267376668,14.63417484,1.870960418,2.873420229,0.367363078
1.318360933,3.303898,-1.4113487,1.521985117,16.82657499,-5.324437696,14.79372846,1.914097572,2.904748582,0.375833058
1.319361033,3.345128633,-1.4313764,1.522468872,17.03656039,-5.399993964,15.00499833,1.912813102,2.946231421,0.375580853
1.320314,3.385614867,-1.446374567,1.522914816,17.2427546,-5.456575873,15.16321224,1.960793402,2.977296723,0.385001785
1.3213618,3.425615267,-1.462625467,1.523461678,17.44647449,-5.517883829,15.33464109,1.993084442,3.010956777,0.39134213
1.3223564,3.4669033,-1.4841076,1.523939214,17.65675223,-5.598927076,15.5612536,1.976749659,3.055452145,0.388134795
1.323361467,3.508027,-1.4984843,1.524429275,17.86619302,-5.653164447,15.71291174,2.034532322,3.085230219,0.399480421
1.3243319,3.546734567,-1.5106065,1.524914961,18.06332858,-5.698896518,15.84078741,2.103792205,3.110338608,0.4130796
1.325329833,3.5885294,-1.533088567,1.525389483,18.27618742,-5.783712101,16.07794811,2.079490347,3.156905111,0.40830793
1.326317,3.630386533,-1.551667567,1.525852459,18.48936355,-5.853803021,16.27393581,2.096678775,3.195387297,0.411682877
1.327314867,3.670158067,-1.5613698,1.526352254,18.69191783,-5.890405553,16.37628354,2.196885329,3.215483273,0.431358434
1.328387133,3.712878867,-1.5840766,1.526889514,18.90949257,-5.976068963,16.61581492,2.174928684,3.26251526,0.427047247
1.329350167,3.754531567,-1.599800433,1.527330916,19.12162754,-6.035388514,16.78168381,2.221194763,3.295083616,0.436131592
1.3303372,3.795038833,-1.615319533,1.527810664,19.32792887,-6.09393569,16.94539298,2.263786921,3.327227912,0.444494562
1.331368067,3.837629333,-1.635468733,1.528308155,19.54484,-6.169950328,17.15794454,2.268146488,3.368962411,0.445350563
1.332344133,3.8786219,-1.6436462,1.528770858,19.75361294,-6.200800543,17.24420768,2.390656286,3.385900179,0.469405362
1.333363267,3.922186767,-1.673924867,1.529244414,19.97548646,-6.315029489,17.56361381,2.293123689,3.448615571,0.450254836
1.3343694,3.9609077,-1.6781993,1.529765633,20.17269009,-6.331155167,17.60870431,2.445236823,3.45746909,0.48012225
1.335372033,4.005303133,-1.703834167,1.530212287,20.39879365,-6.427864966,17.87912352,2.400921161,3.510565904,0.47142087
1.336364067,4.045934667,-1.719573367,1.530695478,20.60572787,-6.487242489,18.04515451,2.441824393,3.543166088,0.47945222
1.337336933,4.0880368,-1.7372469,1.531141086,20.82015177,-6.553917456,18.23159055,2.469812254,3.579772805,0.484947636
1.338367833,4.1296022,-1.750403833,1.531651448,21.03184212,-6.603553149,18.37038151,2.542711648,3.607024409,0.499261432
1.339365033,4.173155867,-1.775784933,1.532103211,21.2536586,-6.699305592,18.63812377,2.496785869,3.659595602,0.490243905
1.340321633,4.216117767,-1.7954585,1.532521785,21.47246125,-6.773525861,18.84565793,2.508054358,3.700344934,0.492456473
1.3413328,4.256152467,-1.802713967,1.533031584,21.67635583,-6.80089775,18.922195,2.635411862,3.715372988,0.517463119
1.342358,4.299320533,-1.824062633,1.533516176,21.89620847,-6.881437482,19.14739959,2.630059912,3.75959191,0.516412264
1.343351633,4.341879867,-1.840194633,1.533976824,22.11296087,-6.942296878,19.31757418,2.676637724,3.79300569,0.525557817
1.3443743,4.3840769,-1.855999867,1.534471044,22.32786809,-7.001923517,19.48430174,2.724817385,3.825742647,0.535017894
1.345366067,4.428119667,-1.8782022,1.534911248,22.55217554,-7.085683782,19.71851157,2.714915005,3.871729746,0.533073561
1.346368,4.470251833,-1.8944443,1.535385546,22.7667524,-7.146958539,19.88984759,2.758155847,3.905371573,0.541563901
1.347352233,4.513830467,-1.914725333,1.53582403,22.98869604,-7.22347053,20.10378984,2.766157231,3.947379135,0.543134972
1.348387333,4.554473867,-1.924689467,1.536350139,23.19569069,-7.261061103,20.20890032,2.868041403,3.968017578,0.563139929
1.349340133,4.595990033,-1.939956633,1.536783018,23.40713029,-7.318657839,20.36995188,2.918429449,3.999640052,0.573033622
1.3503749,4.640563833,-1.963896733,1.537259572,23.63414226,-7.408973982,20.6224932,2.892900095,4.04922654,0.568020934
1.351372433,4.683381267,-1.979074133,1.537720889,23.85220915,-7.466232064,20.78259782,2.95086236,4.080663083,0.579401824
1.352343233,4.7245137,-1.984937033,1.538176573,24.06169442,-7.488350373,20.84444487,3.098500585,4.092806751,0.60839059
1.353367333,4.769119433,-2.0127777,1.538642061,24.28886903,-7.593381748,21.13813282,3.031987243,4.150472379,0.595330695
1.354349733,4.8125904,-2.030274367,1.53908006,24.51026432,-7.659389469,21.32270311,3.068812245,4.186712756,0.602561284
1.355373167,4.8561106,-2.052083467,1.539558475,24.73191036,-7.741666227,21.55276477,3.060396634,4.231885362,0.600908879
1.356349067,4.899493067,-2.068370933,1.539991082,24.95285494,-7.803112134,21.72457935,3.10952662,4.265621156,0.610555552
1.3573795,4.942531267,-2.0878454,1.540482533,25.17204618,-7.87658128,21.93001323,3.123283983,4.305958097,0.61325681
1.358389467,4.985043833,-2.098400967,1.540960101,25.38856039,-7.916403088,22.04136267,3.228448759,4.32782156,0.633905914
1.359374433,5.028518233,-2.117131833,1.541400623,25.60997318,-7.987066938,22.2389524,3.252271815,4.366618303,0.638583571
1.360373033,5.0737114,-2.141158367,1.541833254,25.84013955,-8.077709159,22.49240549,3.228985087,4.416383819,0.634011222
1.3613704,5.115718833,-2.1530575,1.542304548,26.05408115,-8.122599691,22.61792806,3.317404119,4.441030175,0.651372299
1.362389333,5.158190067,-2.1688929,1.5427916,26.27038486,-8.182340137,22.78497385,3.366662041,4.473829616,0.661044092
1.363395433,5.201138033,-2.1857963,1.543259848,26.48911654,-8.246109707,22.96328585,3.407081733,4.508841176,0.668980498
1.3643704,5.246269867,-2.211607233,1.543669614,26.71897055,-8.343483734,23.23556237,3.36465921,4.562302671,0.660650836
1.365338667,5.2882137,-2.222225133,1.544112604,26.93258824,-8.3835407,23.34756936,3.466269911,4.584295244,0.680602097
1.3663193,5.3342166,-2.2451616,1.544517127,27.16687853,-8.470070547,23.58952347,3.458606098,4.631802933,0.679097307
1.367391867,5.376706433,-2.2557548,1.54505758,27.38327697,-8.510034331,23.7012699,3.563258105,4.653744345,0.699645729
1.368397033,5.4192926,-2.2732804,1.545529426,27.60016603,-8.576151205,23.88614541,3.595271654,4.690044651,0.705931589
1.369350667,5.464394733,-2.290102,1.54591823,27.82986877,-8.639612178,24.06359451,3.647525299,4.724886782,0.716191592
1.370317633,5.5092934,-2.316290133,1.546322916,28.05853527,-8.738409225,24.33985007,3.599936232,4.779129561,0.706847479
1.371335133,5.5515647,-2.320025733,1.546811038,28.27382073,-8.752502106,24.37925648,3.775815283,4.78686701,0.741381331
1.3723518,5.596392167,-2.339683767,1.547266315,28.50212461,-8.826663774,24.58662678,3.796748862,4.827584168,0.745491639
1.373363633,5.638983733,-2.3594981,1.54774476,28.71904117,-8.901415098,24.79564587,3.804646332,4.868625067,0.747042307
1.3743326,5.685172367,-2.383527767,1.548135291,28.9542774,-8.992069139,25.04913202,3.786396409,4.918397072,0.743458935
1.37537,5.7280407,-2.394872667,1.548635837,29.17260351,-9.034868777,25.16880805,3.885046501,4.94189546,0.76282888
1.3763587,5.7716276,-2.415934633,1.549078684,29.39458925,-9.114326907,25.39098828,3.884852011,4.985520548,0.762790692
1.3773185,5.816237133,-2.430824367,1.549479824,29.62178321,-9.170499742,25.54805834,3.954975908,5.016361255,0.776559519
1.378359567,5.857571733,-2.437515867,1.550003243,29.83229811,-9.195744017,25.61864619,4.094902951,5.030221179,0.804034195
1.3793756,5.904449633,-2.4699772,1.550432209,30.07104473,-9.318207266,25.96107701,3.991218759,5.097457471,0.783675803
1.380348467,5.945562533,-2.4671569,1.550890205,30.28043052,-9.307567435,25.93132599,4.230355565,5.091615859,0.830630315
1.381344033,5.991587833,-2.4993852,1.551309382,30.5148349,-9.429151545,26.27129857,4.124787368,5.158369474,0.809902
1.382364267,6.0346284,-2.509321067,1.551790604,30.7340382,-9.46663548,26.37611087,4.239178363,5.178949369,0.832362672
1.383354567,6.080903667,-2.532945067,1.552201383,30.96971564,-9.555759108,26.62531769,4.22564899,5.227881128,0.829706179
1.384356067,6.125055467,-2.551825767,1.552649955,31.19457839,-9.626988217,26.82448799,4.251341433,5.266988217,0.83475089
1.385368833,6.167704567,-2.563763667,1.553128613,31.41178796,-9.672025,26.95041951,4.342619493,5.29171487,0.852673337
1.3863831,6.2120563,-2.579802733,1.553587448,31.63766896,-9.732533796,27.11961375,4.399306245,5.32493616,0.863803781
1.3873812,6.2558535,-2.592491833,1.554037061,31.86072574,-9.780404547,27.25346958,4.488507195,5.351218753,0.881318388
1.388340467,6.302929567,-2.620062333,1.554406779,32.10048162,-9.884416695,27.54430757,4.437425085,5.408324792,0.871288415
1.389385933,6.345265233,-2.626547267,1.554922062,32.3160949,-9.908881679,27.61271638,4.584629556,5.421756861,0.900192013
1.390348967,6.391047333,-2.656520233,1.555311751,32.54926067,-10.02195734,27.92889771,4.501614002,5.483839065,0.883891909
1.3913267,6.433040167,-2.6618349,1.555763594,32.76312792,-10.04200739,27.98496151,4.659417447,5.494847192,0.914876616
1.3923375,6.478492567,-2.680265667,1.556205178,32.99461455,-10.11153909,28.17938551,4.696480071,5.533022345,0.922153862
1.393363033,6.524179167,-2.702088333,1.556658563,33.22729395,-10.19386703,28.40959028,4.698954705,5.578223051,0.922639756
1.3943673,6.5662624,-2.712766133,1.557135807,33.44162159,-10.23414997,28.52222914,4.800643484,5.600339692,0.942606348
1.3953728,6.6127367,-2.737740033,1.557559294,33.67831271,-10.32836622,28.7856759,4.773887839,5.652067463,0.937352877
1.396369767,6.657405233,-2.748727067,1.557996862,33.90580715,-10.36981577,28.90157684,4.885481347,5.674824612,0.959264262
1.397376233,6.699325067,-2.757572567,1.558478352,34.11930261,-10.4031862,28.99488698,5.005666658,5.693146059,0.982862648
1.398407467,6.744824733,-2.779772767,1.558939778,34.35102996,-10.48693842,29.2290743,5.003206695,5.739128739,0.982379635
1.39938,6.790245533,-2.7974711,1.559343492,34.58235566,-10.55370695,29.41577196,5.047834736,5.775786824,0.99114235
1.4003314,6.836825367,-2.821361733,1.559711557,34.81958425,-10.64383647,29.66779146,5.03304382,5.825270853,0.988238154
1.4013792,6.876673867,-2.817784633,1.560260321,35.02253052,-10.63034155,29.63005705,5.2737245,5.817861702,1.035495806
1.4023351,6.9220797,-2.846341367,1.560647589,35.25377998,-10.73807435,29.9312987,5.203732321,5.877010499,1.021752841
1.4033433,6.967364467,-2.867381867,1.561088672,35.48441287,-10.81745149,30.15325248,5.212411424,5.920591124,1.023456983
1.404367833,7.008986633,-2.872082,1.561591957,35.69639233,-10.83518316,30.20283364,5.374809724,5.930326385,1.055343889
1.405350233,7.058655733,-2.911774167,1.561952335,35.94935438,-10.98492537,30.62154167,5.209063746,6.012539707,1.022799667
1.406337867,7.1005373,-2.9156049,1.562415471,36.16265495,-10.99937715,30.66195163,5.381954356,6.020474203,1.056746738
1.407363133,7.1447134,-2.923739267,1.562887506,36.38764146,-11.03006476,30.74776012,5.521132374,6.037322699,1.084074342
1.408367967,7.191194367,-2.9495564,1.563310243,36.62436652,-11.12746218,31.02010204,5.485515512,6.090797037,1.077080971
1.409345,7.233278267,-2.955487233,1.563760245,36.83869756,-11.14983677,31.08266571,5.637282885,6.103081413,1.106880494
1.410348767,7.279349,-2.976612233,1.564187053,37.07333333,-11.2295327,31.30551087,5.649073494,6.14683706,1.10919558
1.4113502,7.325102,-2.998913133,1.564615506,37.3063509,-11.31366482,31.54076047,5.646841472,6.193028318,1.108757323
1.412364833,7.369106633,-3.007988733,1.565079055,37.53046414,-11.34790332,31.63649791,5.775217259,6.211826365,1.133963909
1.413319,7.415191,-3.0403885,1.565456091,37.76516934,-11.4701343,31.97827927,5.668141103,6.278935135,1.112939506
1.414338233,7.4591565,-3.051133167,1.56592473,37.98908327,-11.51066951,32.09162351,5.778710797,6.301190276,1.134649865
1.415360567,7.499633633,-3.047606367,1.566440155,38.19523113,-11.49736434,32.05441971,6.022062464,6.293885309,1.182431965
1.416349367,7.5469432,-3.063331367,1.566836481,38.43617622,-11.5566883,32.2203009,6.097126355,6.326456081,1.19717076
1.417340633,7.5918428,-3.083174267,1.567265455,38.66484747,-11.63154739,32.42962133,6.116477168,6.367556149,1.200970292
1.418350333,7.638033233,-3.103718133,1.567696697,38.90009286,-11.70905094,32.64633619,6.13500771,6.41010811,1.204608764
1.4193933,7.678677267,-3.115809667,1.568230665,39.10709074,-11.75466732,32.77388836,6.214453413,6.43515298,1.220207928
1.4203558,7.7257398,-3.1380764,1.568603785,39.34677769,-11.83867054,33.00877753,6.219251194,6.481273469,1.221149972
1.4213718,7.7703128,-3.151480767,1.569061583,39.57378559,-11.8892397,33.15017863,6.304857988,6.509037575,1.237958866
1.422353633,7.809311067,-3.1477671,1.569555028,39.77240166,-11.87522956,33.1110036,6.542649101,6.501345556,1.284649151
1.423378867,7.858188967,-3.181695467,1.569968147,40.02133418,-12.00322732,33.46890998,6.433675238,6.571620474,1.263252133
1.424417167,7.902445933,-3.195363767,1.570452202,40.24673254,-12.05479219,33.61309528,6.514888289,6.599931258,1.279198316
1.425338867,7.947020067,-3.205363833,1.570815685,40.4737462,-12.09251833,33.71858482,6.636412418,6.620644129,1.303059578
1.426367433,7.993352733,-3.2207534,1.571264013,40.70971598,-12.15057683,33.88092756,6.710039457,6.652520127,1.317516247
1.4273072,8.040061667,-3.245721033,1.571618828,40.94760207,-12.24476943,34.14430821,6.684544893,6.704234918,1.31251039
1.4283369,8.0815064,-3.258753767,1.572129502,41.15867787,-12.29393657,34.281789,6.758139909,6.731229269,1.326960771
1.429372667,8.127159267,-3.266663467,1.572593542,41.39118547,-12.32377661,34.3652275,6.907209004,6.747612419,1.356230488
1.430354167,8.1732084,-3.2928675,1.572998353,41.62571123,-12.42263364,34.64165079,6.865311475,6.801888133,1.348003908
1.4313335,8.217118267,-3.3037575,1.573427789,41.84934182,-12.46371713,34.75652813,6.974064727,6.824444298,1.369357609
1.4323491,8.261420567,-3.322982933,1.573888576,42.07497106,-12.53624678,34.95933498,6.996887107,6.864265424,1.373838783
1.433344233,8.3063283,-3.335592433,1.574321315,42.30368373,-12.58381723,35.09235113,7.092583635,6.890383144,1.392628797
1.4344321,8.350514733,-3.347239433,1.57485582,42.52872286,-12.62775657,35.21521397,7.194759921,6.914507263,1.412691111
1.435366333,8.399370833,-3.3773965,1.575178213,42.77754435,-12.74152677,35.53333735,7.125458035,6.976970789,1.399083685
1.436401933,8.442866833,-3.384975367,1.575669098,42.99906714,-12.77011871,35.61328593,7.267032246,6.992668693,1.426881781
1.437368733,8.482777767,-3.3885139,1.57613608,43.20233138,-12.78346814,35.65061351,7.43296891,6.999997962,1.459463445
1.438359833,8.531014467,-3.416298533,1.576523095,43.4479983,-12.88828813,35.94371036,7.385538975,7.05754753,1.450150578
1.439372867,8.570491167,-3.411254,1.577041749,43.64905101,-12.86925718,35.89049617,7.639805881,7.047098923,1.500075885
1.440370833,8.6142316,-3.426932333,1.57749194,43.87181869,-12.92840508,36.05588508,7.697184648,7.079573035,1.511342206
1.441352567,8.662005733,-3.4587384,1.577875382,44.11512979,-13.04839627,36.39140356,7.604977255,7.14545209,1.493237284
1.442358033,8.706767867,-3.4656562,1.578320277,44.34310093,-13.07449428,36.46437863,7.75997333,7.159780744,1.523670763
1.443369833,8.7487089,-3.4725214,1.578806836,44.55670435,-13.10039386,36.53679882,7.901156565,7.174000449,1.551392092
1.444383367,8.7937269,-3.491846067,1.579256593,44.78597861,-13.17329787,36.74065248,7.926577166,7.214027114,1.556383427
1.445343867,8.836048267,-3.4956976,1.579687089,45.00151906,-13.18782812,36.78128185,8.101488237,7.222004692,1.590727215
1.446367233,8.879545033,-3.5166954,1.580165731,45.22304575,-13.26704418,37.0027852,8.10151159,7.265496873,1.590731801
1.447335967,8.925505633,-3.528211033,1.580558884,45.45712062,-13.31048792,37.12426227,8.214109383,7.289348897,1.612840377
1.448352,8.975178067,-3.558620933,1.580952853,45.71009965,-13.42521196,37.44505276,8.14629793,7.352336109,1.599525598
1.449421767,9.012466433,-3.545065967,1.581555645,45.9000073,-13.37407465,37.30206299,8.47919534,7.324260069,1.664890005
1.4502871,9.061937,-3.5752921,1.581801442,46.15195824,-13.48810541,37.62091495,8.412294323,7.38686665,1.65175399
1.4513548,9.106005667,-3.585127267,1.582317256,46.37639759,-13.52520944,37.72466498,8.532983649,7.407237968,1.675451339
1.452345,9.146444333,-3.593084567,1.582801029,46.58234955,-13.55522906,37.8086056,8.654994976,7.42371971,1.699408264
1.4533476,9.1924152,-3.612115467,1.58322792,46.8164767,-13.62702481,38.00936035,8.688367386,7.463137904,1.705960936
1.454341333,9.233973867,-3.6151484,1.583701201,47.02813276,-13.63846682,38.04135441,8.868029382,7.469419938,1.741237569
1.455320533,9.279245,-3.642773933,1.584113455,47.25869621,-13.74268659,38.33277294,8.807174303,7.526639966,1.729288674
1.456331233,9.328417233,-3.666647833,1.584508355,47.50912775,-13.83275298,38.58461592,8.805762859,7.576089337,1.729011537
1.4573357,9.373565867,-3.668900467,1.58494741,47.73906731,-13.84125124,38.60837869,9.011939657,7.580755156,1.769494352
1.458337167,9.418897167,-3.680214233,1.585381178,47.96993719,-13.88393343,38.72772629,9.123461927,7.604189058,1.791391749
1.459411833,9.464622533,-3.7005213,1.58588321,48.20281402,-13.96054363,38.94194317,9.142121886,7.646250542,1.795055632
1.460354933,9.509180667,-3.718303667,1.586268294,48.4297462,-14.02762918,39.12952728,9.181469953,7.683082682,1.802781625
1.4613404,9.5540929,-3.719478467,1.58669131,48.65848179,-14.03206122,39.14192011,9.397812716,7.685516014,1.845260527
1.4623536,9.591788333,-3.716173567,1.587232437,48.85046261,-14.01959319,39.10705711,9.624656537,7.678670663,1.889801311
1.463335333,9.637338333,-3.745329767,1.587643733,49.08244631,-14.12958753,39.41462246,9.549074887,7.73906112,1.874960854
1.464369367,9.682703833,-3.759735267,1.588109639,49.31349037,-14.18393355,39.5665844,9.628157002,7.768898847,1.890488627
1.4653395,9.726519867,-3.775482967,1.58853105,49.53664307,-14.24334314,39.73270505,9.685189055,7.801516636,1.901686871
1.466348367,9.772462467,-3.797074867,1.588964562,49.77062626,-14.32480049,39.96047548,9.691401814,7.846239361,1.902906746
1.467307767,9.815133633,-3.795530567,1.589389576,49.98794822,-14.31897448,39.94418484,9.925014414,7.843040694,1.94877658
1.468371233,9.858861467,-3.814552233,1.589905425,50.21065173,-14.3907354,40.14484219,9.947060577,7.882439763,1.953105344
1.469370867,9.901613933,-3.816548533,1.590369655,50.42838774,-14.39826662,40.16590092,10.14373786,7.886574646,1.991722928
1.470353467,9.942590133,-3.8211798,1.590839096,50.63707733,-14.41573848,40.21475561,10.30357275,7.896167265,2.023106509
1.471329533,9.992568667,-3.858089667,1.591189265,50.89161531,-14.55498422,40.60411349,10.16875286,7.972617684,1.996634623
1.4723331,10.04080977,-3.8763501,1.591588692,51.13730464,-14.62387332,40.79674067,10.22181501,8.010440031,2.007053376
1.473329933,10.079397,-3.858948233,1.592102285,51.33382735,-14.55822324,40.61317041,10.60190797,7.97439601,2.081684631
1.474429967,10.1299372,-3.884676833,1.592569386,51.59122587,-14.65528665,40.88457841,10.5878985,8.027686971,2.07893387
1.475455133,10.18645143,-3.9020106,1.592886807,51.87904983,-14.72067982,41.06743029,10.69287057,8.063589938,2.099545136
1.4764199,10.23648477,-3.9320437,1.593224989,52.1338669,-14.83398234,41.38424596,10.63087198,8.125796695,2.087371713
1.477456767,10.27765567,-3.929462333,1.593746259,52.34354809,-14.82424391,41.35701543,10.8677837,8.120449979,2.133889329
1.478430733,10.3265014,-3.966462167,1.594108514,52.59231678,-14.96382905,41.74732235,10.72624546,8.197086744,2.106098297
1.479459733,10.3699414,-3.9710319,1.594593501,52.81355437,-14.98106877,41.79552793,10.89927747,8.20655191,2.140073131
1.480403333,10.41441407,-3.980066367,1.594980155,53.04005127,-15.0151521,41.89083147,11.03047083,8.225264759,2.165832948
1.481443,10.4623421,-3.997074833,1.595419602,53.28414617,-15.07931804,42.0702518,11.0951454,8.260493941,2.1785318
1.482425867,10.50702083,-4.009750833,1.595842942,53.51169256,-15.12713937,42.20396945,11.18897414,8.286749401,2.196955073
1.483415333,10.54918193,-4.023452833,1.596304412,53.72641677,-15.17883138,42.34851025,11.25915756,8.315129987,2.210735587
1.484490233,10.59000287,-4.038626967,1.596868097,53.93431559,-15.23607714,42.50858041,11.30698622,8.346559763,2.220126744
1.48541,10.6386839,-4.049289633,1.597178215,54.18224548,-15.27630299,42.62105963,11.44243688,8.368645059,2.246722481
1.486420633,10.67624807,-4.0428147,1.59771842,54.37355776,-15.25187573,42.55275632,11.70205248,8.355233703,2.297698004
1.487449033,10.7252497,-4.0746257,1.598133156,54.62312045,-15.37188554,42.88832685,11.61604464,8.421122976,2.280810364
1.488439533,10.78055673,-4.111535867,1.598431028,54.9047962,-15.51113241,43.27768789,11.50835934,8.497574017,2.259666357
1.489538733,10.83520893,-4.111365333,1.5988458,55.18313692,-15.51048905,43.27588895,11.788499,8.497220796,2.314671778
1.4905198,10.88319873,-4.137159733,1.599225875,55.42754639,-15.60780071,43.54799107,11.76080635,8.550648046,2.309234328
1.491500433,10.91400487,-4.1005632,1.599820712,55.58444037,-15.46973705,43.16193851,12.3037529,8.474846626,2.415841881
1.4925363,10.96272187,-4.1331409,1.60024648,55.83255343,-15.5926393,43.50559687,12.2082076,8.542323944,2.397081563
1.493487867,11.0078653,-4.1404652,1.6006327,56.06246651,-15.62027087,43.58286005,12.3608575,8.557494571,2.42705437
1.494506433,11.0602143,-4.185092267,1.600995683,56.32907716,-15.78863042,44.05362577,12.15670242,8.64992942,2.38696852
1.495539033,11.09717327,-4.1726714,1.601565433,56.51730719,-15.74177161,43.9225995,12.47595873,8.624202412,2.449654496
1.496525467,11.1428302,-4.191317967,1.60198009,56.7498355,-15.81211743,44.11929995,12.51178658,8.662824546,2.456689295
1.4975273,11.1874447,-4.2051863,1.602423201,56.97705475,-15.86443694,44.26559539,12.5927104,8.691549654,2.472578687
1.498529967,11.23248867,-4.2142063,1.602861767,57.20646125,-15.89846569,44.36074631,12.72696597,8.710232539,2.498939769
1.499539267,11.27972533,-4.235164333,1.603279506,57.44703506,-15.97753172,44.58183016,12.74645593,8.753642352,2.502766622
1.5005287,11.32247433,-4.236251933,1.60373358,57.66475342,-15.98163479,44.59330313,12.95270132,8.755895069,2.543262905
1.501522533,11.36248467,-4.2471622,1.60422635,57.86852389,-16.02279473,44.70839426,13.04138067,8.778493213,2.560675095
1.5025643,11.40540033,-4.252454133,1.60473067,58.08709108,-16.04275902,44.76421825,13.20412387,8.789454252,2.592629722
1.5035222,11.45626467,-4.261576467,1.605051579,58.3461404,-16.07717383,44.86044868,13.36694275,8.808349097,2.62459921
1.504569767,11.518559,-4.335416967,1.605319013,58.66340209,-16.35574364,45.6393835,12.90526963,8.961292949,2.533949691
1.505493267,11.56682967,-4.350451467,1.605638003,58.909242,-16.41246262,45.79798068,12.99251235,8.992433507,2.5510798
1.506532767,11.61458167,-4.372234033,1.606079489,59.15244037,-16.49463928,46.02776244,13.00592897,9.037551155,2.553714153
1.507531633,11.65935,-4.389074633,1.606517707,59.38044309,-16.55817193,46.20541196,13.05628216,9.072432639,2.563601002
1.508444,11.702883,-4.397905667,1.606884895,59.60215432,-16.59148778,46.2985695,13.18483585,9.090724122,2.588842519
1.509527233,11.75504333,-4.4218971,1.607314907,59.86780409,-16.68199759,46.55165233,13.19740279,9.140416936,2.591310038
1.510535467,11.79582067,-4.427930833,1.607812473,60.07548086,-16.70476038,46.61530148,13.34143041,9.152914446,2.619589861
1.5114844,11.83836967,-4.4396925,1.608228551,60.29218063,-16.7491323,46.73937393,13.43405773,9.177276072,2.637777236
1.5124872,11.88338533,-4.446310667,1.608667604,60.521443,-16.77409992,46.8091882,13.59350583,9.190984103,2.669084871
1.5135118,11.92924133,-4.466713567,1.609117934,60.75498515,-16.85107167,47.02441601,13.61182017,9.233244084,2.67268089
1.514549733,11.96626867,-4.4595542,1.609692162,60.94356336,-16.82406232,46.94889269,13.87592171,9.21841508,2.724537228
1.5155474,12.014924,-4.477457667,1.610080502,61.19136236,-16.89160473,47.13775427,13.93485913,9.255498051,2.73610959
1.516482467,12.055443,-4.475564167,1.610508135,61.39772345,-16.88446134,47.11777996,14.16119453,9.251576095,2.780550545
1.517542333,12.09964133,-4.4948319,1.611014492,61.62282319,-16.95715056,47.32103303,14.18304119,9.291484836,2.784840138
1.518496067,12.140661,-4.4961729,1.611454522,61.83173415,-16.96220961,47.33517908,14.3778061,9.294262413,2.823082228
1.5195054,12.18730667,-4.519037267,1.611879696,62.06929802,-17.04846745,47.57637262,14.37417644,9.341620764,2.822369543
1.520510433,12.228781,-4.527118367,1.612365333,62.28052457,-17.07895411,47.6616192,14.50015641,9.35835893,2.84710571
1.521524033,12.26915833,-4.520898333,1.612873274,62.48616416,-17.05548849,47.5960048,14.7714104,9.345475542,2.900366432
1.5225676,12.32160733,-4.535453,1.613260004,62.7532841,-17.11039725,47.74954028,14.88499486,9.375622233,2.922668741
1.523642,12.36933067,-4.540672933,1.613736749,62.99633647,-17.13008991,47.80460474,15.07298276,9.386434142,2.959580166
1.524575933,12.41705267,-4.56192,1.614073044,63.23938206,-17.21024635,48.02873757,15.09189552,9.430442622,2.963293685
1.5256069,12.458776,-4.568124767,1.614581495,63.45187675,-17.23365438,48.09419093,15.23893685,9.44329439,2.992165251
1.526615133,12.501625,-4.575355533,1.615053116,63.67010441,-17.26093309,48.17046745,15.38088799,9.458271283,3.020037358
1.5275827,12.54326433,-4.577137933,1.61549922,63.88217129,-17.26765735,48.18926978,15.57415255,9.46196312,3.057984854
1.528612867,12.59046233,-4.5944341,1.61593831,64.12254817,-17.33290867,48.37172502,15.63207419,9.497788208,3.069357766
1.529606133,12.63170667,-4.601593033,1.61641506,64.33260334,-17.35991637,48.44724377,15.76661061,9.512616315,3.095773993
1.530547233,12.671062,-4.602447,1.6168633,64.53303794,-17.36313804,48.45625217,15.95803681,9.514385113,3.133360528
1.531610567,12.71994467,-4.6305146,1.61731446,64.78199474,-17.46902554,48.75233401,15.91091177,9.572520782,3.124107525
1.532657,12.762588,-4.633959933,1.617826856,64.99917494,-17.48202336,48.78867843,16.09174755,9.579657009,3.159614632
1.533587967,12.81196367,-4.6552976,1.618139475,65.25064256,-17.5625216,49.01376698,16.11812661,9.623853147,3.16479416
1.534618833,12.85731067,-4.6623891,1.618602446,65.48159239,-17.58927491,49.08857439,16.27426904,9.638541581,3.195452726
1.535605567,12.904354,-4.677294733,1.61900004,65.72118156,-17.64550773,49.24581218,16.35662042,9.669415221,3.21162242
1.536627967,12.949896,-4.6955457,1.619452102,65.95312452,-17.71436111,49.43833949,16.39603606,9.70721796,3.219361681
1.537607533,12.99501167,-4.710211733,1.619866671,66.18289619,-17.76969002,49.59304977,16.47109746,9.737595322,3.234099985
1.538668433,13.04403467,-4.747538567,1.620313639,66.43256769,-17.9105088,49.98680618,16.32701255,9.814909393,3.205808914
1.539655867,13.08210133,-4.7236829,1.620824351,66.62643918,-17.82051119,49.73515553,16.77253468,9.765497789,3.293287185
1.5406319,13.12742333,-4.7470897,1.621232802,66.85726169,-17.90881541,49.98207114,16.75644159,9.813979668,3.290127306
1.541578233,13.16440667,-4.729948367,1.621715981,67.04561582,-17.84414821,49.80124921,17.12561765,9.778475283,3.362615025
1.5426131,13.209143,-4.740597267,1.622190599,67.27345556,-17.88432213,49.91358321,17.24112338,9.800532064,3.385294576
1.543645033,13.270512,-4.778881533,1.622453988,67.58600458,-18.02875291,50.31743948,17.14981614,9.879829242,3.367366399
1.544611133,13.31552933,-4.8034692,1.622856321,67.81527544,-18.12151205,50.57681191,17.11971457,9.930757018,3.361455956
1.545615733,13.350612,-4.792283033,1.623421569,67.99394958,-18.07931125,50.45881034,17.41639028,9.90758741,3.419708231
1.5466025,13.39936433,-4.829090433,1.623797794,68.24224259,-18.21817042,50.84708731,17.27640632,9.983825593,3.392222381
1.547610433,13.43704367,-4.815165833,1.624333856,68.43414141,-18.16563864,50.70019833,17.61519412,9.954983941,3.458743366
1.5486614,13.483384,-4.8382589,1.624804488,68.67015024,-18.25275927,50.94380439,17.60759688,10.00281599,3.457251648
1.549648533,13.522908,-4.8389694,1.625296649,68.87144385,-18.2554397,50.95129937,17.80139551,10.00428763,3.495304009
1.550604733,13.56125867,-4.828021533,1.625772571,69.06676173,-18.2141379,50.83581161,18.11220116,9.981611609,3.556330699
1.551633867,13.610753,-4.859219567,1.62618187,69.31883372,-18.33183524,51.16491602,18.03516873,10.04623126,3.54120538
1.552619833,13.66207433,-4.880363,1.626525122,69.58021051,-18.41160071,51.38795563,18.07350591,10.09002509,3.548732886
1.553630533,13.69423833,-4.8621712,1.627133022,69.74402003,-18.34297054,51.19605246,18.42921861,10.0523449,3.618577074
1.554636033,13.73879533,-4.8844665,1.62758052,69.97094644,-18.42708153,51.43124297,18.4209545,10.09852456,3.616954416
1.555592567,13.78804633,-4.908885,1.627920266,70.22177914,-18.51920247,51.68883088,18.41419929,10.14910194,3.61562803
1.5565902,13.82852167,-4.9017078,1.628411014,70.42791783,-18.49212585,51.61311944,18.69604943,10.134236,3.670969306
1.557614133,13.87333567,-4.908424833,1.628873726,70.65615313,-18.51746646,51.68397664,18.85342752,10.14814881,3.701870494
1.5586113,13.92148733,-4.931013433,1.629267874,70.90138698,-18.60268395,51.92226114,18.86037687,10.19493598,3.703234998
1.559593033,13.97073433,-4.944939967,1.62963287,71.1521993,-18.65522302,52.06917052,18.96427982,10.22378163,3.723636342
1.560584033,14.01111867,-4.949440467,1.630118124,71.35787454,-18.67220156,52.11664577,19.12247981,10.2331034,3.754698911
1.5616321,14.050048,-4.954475233,1.630678666,71.55613955,-18.69119566,52.16975694,19.26763365,10.24353177,3.783199866
1.562664567,14.09352367,-4.9651912,1.631166672,71.77755878,-18.73162259,52.28279842,19.3760114,10.26572747,3.804479838
1.563607233,14.13666,-4.959212433,1.631569128,71.99724981,-18.70906716,52.21972911,19.65877174,10.25334381,3.859999831
1.5646528,14.18453433,-4.9887667,1.632015148,72.24107122,-18.82056325,52.53149362,19.59082863,10.31455877,3.846659202
1.5656789,14.226245,-4.981651167,1.632518892,72.4535014,-18.79371927,52.45643269,19.87831975,10.29982056,3.903108083
1.566615633,14.271189,-5.000856233,1.632892776,72.68239878,-18.86617208,52.65902469,19.90462512,10.3395995,3.908273142
1.567619,14.31091167,-4.996314033,1.633398683,72.88470418,-18.84903623,52.61110956,20.15484566,10.33019136,3.957403946
1.5686099,14.34975033,-4.993218433,1.633903193,73.08250743,-18.8373578,52.57845443,20.38530403,10.32377953,4.002654446
1.569581,14.387104,-4.980632267,1.634406501,73.27274764,-18.78987538,52.44568443,20.70831425,10.29771014,4.066077503
1.5706148,14.43860467,-5.031269033,1.634795341,73.53503777,-18.98090706,52.97984577,20.43644303,10.40259272,4.01269559
1.571615867,14.482937,-5.0284039,1.635241219,73.76081996,-18.97009809,52.94962182,20.69244918,10.39665824,4.062962397
1.572615633,14.531515,-5.054702267,1.635632627,74.00822511,-19.069311,53.22704022,20.66243592,10.45112935,4.057069294
1.573658267,14.55921833,-5.025070167,1.636328322,74.1493167,-18.95752128,52.91445465,21.11611308,10.38975317,4.146148803
1.5746538,14.60001767,-5.0219531,1.636812912,74.35710551,-18.94576187,52.88157308,21.35678346,10.38329687,4.193404433
1.575585733,14.64815767,-5.046050533,1.637141972,74.60227994,-19.03667157,53.13577409,21.34775688,10.43320924,4.191632064
1.5766137,14.68107333,-5.020735233,1.637757725,74.76991766,-18.94116736,52.86872595,21.78244275,10.38077434,4.276982634
1.577663633,14.730916,-5.046668533,1.638183462,75.02376369,-19.03900303,53.1422933,21.76272142,10.43448929,4.273110351
1.578613167,14.76649,-5.040669767,1.63868749,75.20494016,-19.01637215,53.07901301,22.00717818,10.42206421,4.321109436
1.5796129,14.80809267,-5.0473639,1.63916622,75.4168203,-19.04162636,53.14962864,22.14844269,10.43592958,4.348846723
1.580619467,14.83780033,-5.0175322,1.639800747,75.56811985,-18.92908364,52.83493752,22.61443337,10.37413998,4.440343992
1.5816062,14.88577033,-5.035272133,1.640186736,75.81242849,-18.9960091,53.02207401,22.67160551,10.41088423,4.451569742
1.582621833,14.94033133,-5.076405067,1.640519084,76.09030473,-19.15118673,53.45598052,22.51557524,10.49608178,4.420933198
1.5836149,14.977241,-5.061803033,1.641049919,76.27828368,-19.09609927,53.30194538,22.85758933,10.46583697,4.488087666
1.584641133,15.01503967,-5.0608719,1.641602787,76.47079026,-19.09258649,53.29212296,23.05991833,10.46390834,4.527814964
1.585597367,15.059362,-5.0722977,1.642003957,76.69652152,-19.13569133,53.41265239,23.16512016,10.4875743,4.548471344
1.586567567,15.105882,-5.0896093,1.642391571,76.93344538,-19.20100087,53.59527044,23.21942597,10.52343135,4.55913429
1.5876436,15.13841533,-5.064178767,1.643060179,77.0991359,-19.10506193,53.32700671,23.65338022,10.47075777,4.644341206
1.5886125,15.17799133,-5.0738654,1.643533455,77.30069434,-19.14160561,53.42918988,23.7527555,10.49082143,4.663853542
1.589594967,15.22896967,-5.089384267,1.643877503,77.56032425,-19.20015191,53.59289659,23.8486787,10.52296525,4.682688062
1.5906283,15.26801233,-5.0867165,1.644421892,77.75916645,-19.19008752,53.56475463,24.07566286,10.51743957,4.727256402
1.5915948,15.34034133,-5.1770528,1.644482592,78.12753417,-19.5308892,54.51770172,23.49108348,10.70455073,4.612474241
1.5926067,15.39473667,-5.193143033,1.644813281,78.40456668,-19.59159103,54.68743572,23.59838199,10.737878,4.633542304
1.5935644,15.43966067,-5.212482167,1.645208383,78.63336219,-19.66454962,54.89144198,23.62317125,10.77793463,4.638409675
1.594627467,15.484262,-5.2285789,1.645712892,78.86051439,-19.72527596,55.06124454,23.68052088,10.81127537,4.649670275
1.595611867,15.52776667,-5.230699533,1.646152469,79.08208132,-19.73327624,55.08361485,23.8797175,10.81566778,4.688782531
1.596626867,15.565993,-5.231705333,1.646688748,79.27676598,-19.73707071,55.09422492,24.06379209,10.81775106,4.724925578
1.597606067,15.60865967,-5.2229239,1.647133619,79.49406502,-19.70394198,55.0015906,24.37372545,10.79956232,4.785780992
1.5985902,15.66299967,-5.272904233,1.647437234,79.77081572,-19.8924972,55.52882731,24.12323944,10.90308524,4.736598065
1.5996086,15.712845,-5.2947313,1.647831404,80.02467532,-19.97484174,55.75907849,24.14684787,10.94829506,4.741233579
1.600606167,15.75454633,-5.3014587,1.648306731,80.23705797,-20.00022145,55.83004505,24.28826396,10.96222935,4.769000629
1.6016094,15.798826,-5.308530933,1.648755436,80.46257194,-20.02690208,55.90464921,24.43917376,10.97687787,4.798631768
1.602637767,15.84146333,-5.303140633,1.649249841,80.67972159,-20.00656669,55.84778757,24.71318505,10.96571309,4.852433885
1.603589567,15.88475167,-5.322210967,1.649659527,80.90018674,-20.07851121,56.04895829,24.73247949,11.00521296,4.856222347
1.604605833,15.933082,-5.334671667,1.650070536,81.14633053,-20.1255203,56.18040476,24.84717681,11.03102247,4.878743166
1.6056126,15.97103467,-5.329256867,1.650602009,81.33962142,-20.10509249,56.12328467,25.09758779,11.01980694,4.927911363
1.606578167,16.01287433,-5.3259967,1.651043604,81.5527086,-20.09279322,56.08889355,25.34506609,11.01305425,4.976503726
1.607613,16.05936267,-5.353300233,1.651496248,81.78947118,-20.19579822,56.37691534,25.29380688,11.06960733,4.966438981
1.6085809,16.100294,-5.3517655,1.651951551,81.99793226,-20.1900083,56.36072561,25.51845769,11.06642847,5.010549167
1.6096223,16.14738267,-5.373850667,1.652403244,82.23775231,-20.27332654,56.59369946,25.52530389,11.11217289,5.011893418
1.610586,16.19127167,-5.3673606,1.652817308,82.46127663,-20.24884219,56.5252365,25.81729116,11.09873019,5.06922512
1.611611667,16.22851,-5.355780767,1.653376626,82.65092946,-20.20515625,56.40308219,26.1290983,11.07474519,5.130448452
1.612644767,16.26796667,-5.370819067,1.653915597,82.85188015,-20.26188956,56.56171947,26.17141172,11.10589362,5.13875669
1.613620033,16.31858167,-5.381149267,1.654256996,83.10965962,-20.30086116,56.67069154,26.32021912,11.12729028,5.167975023
1.614581467,16.35613933,-5.373132067,1.654748082,83.3009388,-20.27061556,56.58611903,26.5960708,11.11068447,5.222138502
1.6155969,16.399872,-5.398669067,1.655215836,83.52366692,-20.36695615,56.85550587,26.54941209,11.16357858,5.212977064
1.616638733,16.43331567,-5.373641467,1.655838843,83.69399372,-20.27253732,56.59149263,26.98375212,11.11173958,5.298259729
1.617602367,16.472871,-5.377433467,1.656307112,83.89544691,-20.28684297,56.631494,27.14520394,11.11959385,5.329960794
1.618591867,16.520494,-5.396219233,1.656700213,84.13798829,-20.35771394,56.82966286,27.18957646,11.1585043,5.338673338
1.619651367,16.55754867,-5.378279867,1.657295666,84.32670571,-20.29003609,56.64042257,27.56753417,11.12134697,5.412885335
1.6205825,16.59419033,-5.3571361,1.657767923,84.51331975,-20.21026936,56.41737945,27.97719134,11.07755245,5.49332152
1.621589433,16.640403,-5.391208933,1.65819612,84.74867838,-20.33881214,56.77680979,27.85311963,11.1481266,5.468960038
1.622619533,16.68149367,-5.387389333,1.658711628,84.95795094,-20.32440236,56.73651728,28.1026847,11.14021517,5.51796214
1.623579267,16.72374933,-5.393508267,1.659142179,85.17315678,-20.34748658,56.80106519,28.25334262,11.15288915,5.547543824
1.624626433,16.76228867,-5.404049733,1.659706705,85.36943553,-20.38725519,56.91226589,28.33842068,11.17472341,5.5642489
1.625584667,16.81363133,-5.415888,1.660021957,85.63092097,-20.4319161,57.03714639,28.47502562,11.19924369,5.591071281
1.626595333,16.84788133,-5.389188433,1.660603699,85.80535438,-20.33118962,56.75549577,28.93110965,11.14394159,5.680623379
1.6276263,16.89642867,-5.434294667,1.661026692,86.05260334,-20.50135687,57.23131616,28.70253821,11.23736893,5.635743378
1.628599967,16.94071367,-5.428937933,1.661445763,86.27814447,-20.48114812,57.17480861,28.98458689,11.22627367,5.691123637
1.6296077,16.98028667,-5.415260467,1.66195791,86.47968763,-20.42954867,57.03052661,29.33041206,11.1979439,5.759026408
1.6305916,17.017764,-5.424823267,1.662472469,86.67055768,-20.46562518,57.13140347,29.42040524,11.21775107,5.776696569
1.631603667,17.05183233,-5.4108367,1.663057886,86.84406587,-20.41285962,56.98386081,29.74145609,11.18878107,5.839734904
1.632609,17.0897,-5.390887433,1.66358899,87.03692386,-20.33759925,56.77341832,30.14475657,11.14746069,5.918922953
1.6335935,17.15006767,-5.454653733,1.663817486,87.34437314,-20.57816325,57.44608158,29.77954259,11.27953812,5.847213188
1.634595067,17.21905067,-5.523757,1.663955155,87.69569986,-20.83886143,58.17504388,29.40190701,11.42266987,5.773064441
1.6356102,17.25918733,-5.514754433,1.664467644,87.90011374,-20.80489845,58.08007686,29.70128792,11.40402309,5.831847883
1.636589233,17.29506767,-5.518440567,1.664997336,88.08285035,-20.81880472,58.11896145,29.84513994,11.41165808,5.860093227
1.637672133,17.34270733,-5.523673367,1.665483628,88.32547661,-20.83854592,58.17416164,30.032566,11.42249664,5.896894335
1.638690433,17.382312,-5.505520367,1.666005946,88.52718105,-20.77006212,57.98266777,30.42576432,11.38489682,5.974098825
1.639730467,17.41347633,-5.498455033,1.666655698,88.68589933,-20.74340753,57.90813639,30.65901398,11.37026258,6.019897394
1.640686267,17.45464233,-5.503346433,1.667095963,88.89555556,-20.76186077,57.9597352,30.81707139,11.38039401,6.050931968
1.641669933,17.50135733,-5.505867167,1.667494602,89.13347254,-20.77137046,57.98632612,31.02839746,11.38561513,6.092425841
1.642674533,17.55623867,-5.5343674,1.667811904,89.41298022,-20.8788901,58.28697175,31.0072595,11.4446469,6.088275403
1.6436566,17.61319867,-5.580186533,1.668080642,89.70307444,-21.05174683,58.77031245,30.81401303,11.53955085,6.050331458
1.6447077,17.65715033,-5.5695974,1.668581321,89.92691792,-21.01179839,58.65860892,31.14956004,11.51761786,6.116216114
1.645670967,17.71355233,-5.620025767,1.668838246,90.21417027,-21.20204386,59.19057187,30.90484944,11.62206879,6.068167187
1.646659767,17.76157567,-5.62968,1.669225634,90.45875053,-21.23846531,59.29241325,31.04758831,11.64206534,6.096193965
1.647691367,17.80011833,-5.621135567,1.669774551,90.65504626,-21.20623068,59.20227902,31.33401827,11.62436749,6.152434488
1.6486972,17.826133,-5.5952946,1.670454594,90.78753756,-21.10874335,58.92968568,31.73910291,11.57084378,6.231972857
1.6496944,17.866986,-5.592349067,1.670940179,90.99559969,-21.09763107,58.89861359,31.97823714,11.56474278,6.278926862
1.650682933,17.91773233,-5.6221304,1.671293199,91.25404804,-21.20998378,59.2127734,31.92252567,11.62642806,6.267987916
1.6516562,17.95826033,-5.629220333,1.67175892,91.46045497,-21.23673118,59.28756428,32.05414172,11.64111325,6.293830727
1.652685633,17.99396867,-5.611928633,1.672341166,91.64231559,-21.17149671,59.10515616,32.41841047,11.60529741,6.365354896
1.653680833,18.03994633,-5.61866,1.672760572,91.87647738,-21.19689139,59.17616456,32.58156385,11.61923991,6.397390063
1.654707,18.08031333,-5.637205267,1.673281209,92.08206434,-21.26685504,59.37179641,32.59151896,11.65765223,6.399344748
1.655680833,18.12516367,-5.639221533,1.673693367,92.31048468,-21.27446159,59.39306578,32.79866994,11.66182847,6.440018842
1.656641967,18.15708733,-5.606908967,1.67425471,92.4730702,-21.15255958,59.05220428,33.30211695,11.59490031,6.538870664
1.657687967,18.19940767,-5.628334967,1.674770718,92.68860538,-21.23339105,59.27822465,33.29163176,11.63927941,6.536811897
1.6586859,18.24238533,-5.6235978,1.675230428,92.90748833,-21.21551967,59.22825284,33.56048653,11.62946744,6.58960153
1.659687767,18.282297,-5.625106333,1.675732467,93.1107563,-21.22121075,59.24416618,33.74784116,11.63259203,6.626388612
1.660685467,18.32226,-5.639517633,1.676229697,93.31428571,-21.27557865,59.3961893,33.79934745,11.66244177,6.636501872
1.661659333,18.36476833,-5.6303053,1.676671218,93.53077837,-21.24082431,59.29900947,34.11301994,11.64336051,6.698091464
1.6626952,18.42431067,-5.6772895,1.676961416,93.83402428,-21.41807636,59.79464032,33.920635,11.74067763,6.660316681
1.6637,18.46832033,-5.676761633,1.677415068,94.05816314,-21.41608493,59.78907191,34.15034227,11.73958427,6.705419704
1.664643467,18.50286933,-5.665910233,1.677925866,94.23411934,-21.37514707,59.67460176,34.44076862,11.71710806,6.762444919
1.665658867,18.543619,-5.665722667,1.678430945,94.44165521,-21.37443946,59.67262314,34.6502831,11.71671955,6.803583087
1.666627433,18.57859567,-5.673284367,1.678961487,94.61978949,-21.40296664,59.75239063,34.7486499,11.7323819,6.822897407
1.667700767,18.64424433,-5.699253233,1.67921268,94.95413462,-21.50093648,60.02633318,34.80905248,11.78617052,6.834757455
1.668660533,18.69063767,-5.7208136,1.679591448,95.19041338,-21.58227487,60.25377097,34.81789344,11.83082793,6.836493378
1.669678433,18.72776233,-5.727084933,1.680144423,95.37948731,-21.60593403,60.31992653,34.94081181,11.84381757,6.860628399
1.670656233,18.77690867,-5.7302507,1.680506747,95.62978695,-21.61787716,60.35332184,35.15771614,11.85037474,6.903217565
1.671642933,18.804125,-5.687143333,1.681152608,95.76839827,-21.45525081,59.89858725,35.75106205,11.76108761,7.019721033
1.6726723,18.84800633,-5.711233767,1.681632434,95.99188354,-21.5461341,60.15271442,35.72042015,11.81098548,7.013704497
1.6737024,18.892284,-5.723087333,1.68210803,96.21738732,-21.59085273,60.27775632,35.82088204,11.83553745,7.033430188
1.674659067,18.938123,-5.737536433,1.68249064,96.45084288,-21.64536324,60.43017819,35.90191573,11.86546549,7.049341154
1.675710867,18.971466,-5.7082672,1.683124874,96.62065699,-21.53494247,60.12142046,36.38048757,11.80484091,7.143308734
1.6766289,19.02509133,-5.7456902,1.68337134,96.89376793,-21.67612404,60.51619132,36.25882765,11.88235417,7.119420808
1.677666467,19.076154,-5.7512512,1.683769431,97.15382735,-21.69710341,60.57485366,36.46022472,11.89387252,7.158965124
1.6786416,19.15239333,-5.851047233,1.683789794,97.54211018,-22.07359276,61.62759037,35.79577084,12.10057737,7.028499604
1.679704467,19.18168267,-5.8211969,1.684485861,97.69127918,-21.96097974,61.31270269,36.25982752,12.03874917,7.119617134
1.680704033,19.22214,-5.813961167,1.684978767,97.8973262,-21.9336823,61.23637378,36.54220345,12.02376199,7.175061648
1.6816232,19.256626,-5.796132567,1.685466054,98.07296155,-21.86642233,61.04830196,36.90591062,11.98683409,7.24647555
1.6826642,19.30197433,-5.816600967,1.685939141,98.30391817,-21.94364118,61.26422073,36.92094848,12.02922974,7.249428234
1.683654133,19.33901067,-5.7946003,1.686465256,98.49254223,-21.86064172,61.03213826,37.341655,11.98366035,7.33203396
1.6846822,19.38080667,-5.814391467,1.686969898,98.70540701,-21.93530564,61.24091297,37.34574508,12.02465326,7.332837046
1.685702733,19.42235,-5.812850633,1.68747017,98.91698498,-21.92949271,61.2246589,37.57357711,12.02146177,7.377571866
1.686648733,19.45623667,-5.791348933,1.687991796,99.08956795,-21.84837565,60.99783997,37.97297901,11.97692588,7.455994429
1.687632733,19.49736467,-5.814702367,1.688460736,99.29903064,-21.93647854,61.24419262,37.93608906,12.02529722,7.448751087
1.6886875,19.54029333,-5.8083312,1.688977893,99.51766404,-21.91244275,61.17698392,38.22193115,12.01210079,7.504876181
1.689635833,19.583391,-5.809217,1.6893865,99.73715814,-21.91578451,61.18632812,38.43208105,12.01393553,7.546139114
1.6907303,19.60970567,-5.759376067,1.690151419,99.87117732,-21.72775518,60.66056193,39.09186642,11.91070134,7.675687972
1.691606667,19.65805333,-5.78909,1.690422312,100.1174094,-21.83985362,60.97401075,39.02464967,11.97224701,7.662489964
1.692696533,19.703401,-5.7942476,1.690944275,100.3483626,-21.85931113,61.02841767,39.20119598,11.98292981,7.697154831
1.693686733,19.74138767,-5.801862567,1.691458755,100.5418267,-21.88803926,61.10874706,39.31433064,11.99870249,7.719368821
1.6946815,19.78102633,-5.779316733,1.691957114,100.7437043,-21.80298311,60.8709137,39.75404161,11.9520039,7.805706069
1.695660767,19.836634,-5.813163933,1.692239987,101.0269111,-21.93067466,61.22796386,39.6801983,12.0221107,7.791206936
1.696661633,19.877677,-5.827144467,1.692726858,101.2359409,-21.98341746,61.37544288,39.74174908,12.05106821,7.803292432
1.697669133,19.926141,-5.856156667,1.693127428,101.4827655,-22.09286855,61.68148919,39.68252731,12.1111604,7.791664238
1.698676,19.97036433,-5.847612233,1.693580471,101.7079925,-22.06063392,61.59135496,39.9978886,12.09346255,7.853585428
1.699652767,20.009295,-5.8509081,1.694069696,101.9062643,-22.07306787,61.62612267,40.16139269,12.10028919,7.885689454
1.7006582,20.04229133,-5.823383967,1.694661905,102.0743129,-21.96923064,61.3357738,40.61979011,12.04327919,7.975695788
1.701651833,20.096726,-5.854688333,1.694973835,102.3515457,-22.08732913,61.66599991,40.56679683,12.10811908,7.965290558
1.7026621,20.121563,-5.809637733,1.695673059,102.4780392,-21.91737176,61.19076639,41.16852386,12.01480698,8.08343966
1.7036901,20.16019267,-5.8146987,1.696217287,102.674778,-21.93646471,61.24415394,41.31187513,12.02528963,8.111586682
1.7046481,20.19851167,-5.80558,1.696695406,102.8699346,-21.90206361,61.14796183,41.60322384,12.00640231,8.168793001
1.705710767,20.24546767,-5.808079533,1.697170027,103.109079,-21.91149332,61.17432912,41.81600094,12.01157952,8.210571785
1.7066264,20.285394,-5.814038733,1.697585649,103.3124217,-21.93397492,61.23719203,41.95648071,12.02392265,8.238154986
1.707670633,20.32585367,-5.824431433,1.698123193,103.5184806,-21.9731823,61.34682341,42.05290823,12.04544878,8.257088532
1.708656033,20.365248,-5.8143608,1.698615244,103.7191138,-21.93518995,61.24058947,42.35977539,12.02458974,8.317341898
1.7096571,20.41110433,-5.808028267,1.699042037,103.9526577,-21.91129991,61.17378831,42.66012039,12.01147334,8.376314639
1.710661067,20.46035133,-5.831843533,1.699429267,104.20347,-22.00114511,61.42501278,42.65970825,12.06080126,8.376233714
1.711629067,20.50208233,-5.845458033,1.699874656,104.4160037,-22.05250701,61.56863056,42.72862421,12.08900061,8.389765364
1.712607133,20.54180667,-5.830647967,1.700355241,104.6183176,-21.99663473,61.41240089,43.08716777,12.05832491,8.460165393
1.7136668,20.60334633,-5.8672954,1.700644226,104.9317358,-22.13489041,61.79899039,43.01399649,12.13423176,8.445798211
1.7146319,20.641338,-5.8667774,1.701133544,105.1252254,-22.13293621,61.79352607,43.21295033,12.13315884,8.484862797
1.715687233,20.67908233,-5.8674528,1.701716192,105.3174552,-22.13548421,61.80065078,43.39805548,12.13455778,8.521208193
1.7166604,20.72104767,-5.852278067,1.702163813,105.5311824,-22.07823619,61.64057429,43.77185916,12.10312676,8.594604545
1.717625867,20.75893333,-5.8426552,1.702654825,105.7241321,-22.04193307,61.53906379,44.06631932,12.08319518,8.652421798
1.718684567,20.795372,-5.8353734,1.703257191,105.9097122,-22.01446184,61.46224894,44.32871435,12.06811258,8.703943062
1.719635633,20.83572833,-5.8470052,1.703702862,106.1152449,-22.05834383,61.58495144,44.41154448,12.09220521,8.720206759
1.720690233,20.89635667,-5.874699133,1.703998193,106.4240217,-22.16282164,61.87709151,44.42818126,12.14956692,8.72347339
1.721574267,20.940231,-5.899518333,1.704332774,106.6474714,-22.25645427,62.13890635,44.38981603,12.20097426,8.715940378
1.7226638,20.98019933,-5.887927533,1.70492177,106.8510279,-22.21272695,62.01663636,44.7156426,12.17696655,8.779916425
1.723641067,21.020061,-5.8821716,1.705399836,107.0540413,-22.19101219,61.95591769,44.9793746,12.16504444,8.831700203
1.724672833,21.063329,-5.8934167,1.705889743,107.2744029,-22.23343532,62.07454094,45.08111295,12.18833611,8.851676528
1.725650733,21.10755033,-5.898567067,1.706313845,107.4996197,-22.25286553,62.12887155,45.25199921,12.19900393,8.885230045
1.726625,21.14979167,-5.890053767,1.706759109,107.7147526,-22.22074836,62.03906574,45.55693786,12.18137056,8.945104748
1.727664033,21.19132933,-5.8947994,1.707277952,107.9263017,-22.23865168,62.08912688,45.71842583,12.19120006,8.976812912
1.728649733,21.23012667,-5.901781267,1.70777778,108.1238944,-22.26499139,62.16277777,45.84236767,12.20566142,9.001148891
1.729652933,21.26965767,-5.8901065,1.70828592,108.3252237,-22.2209473,62.03962202,46.16685268,12.18147978,9.064861523
1.7306761,21.31223167,-5.9004755,1.708775919,108.5420508,-22.26006527,62.14900339,46.2742984,12.20295682,9.085958491
1.7316398,21.358022,-5.900244233,1.709166171,108.7752585,-22.25919279,62.14656379,46.50994571,12.2024778,9.132227841
1.732652333,21.39112733,-5.8634728,1.709764115,108.9438622,-22.12046931,61.75866623,47.06644696,12.12631411,9.24149686
1.733657733,21.42293667,-5.848202833,1.710371156,109.1058654,-22.06286201,61.59758513,47.38953128,12.09468584,9.304934467
1.7346341,21.458003,-5.839887933,1.710908376,109.2844563,-22.03149332,61.50987222,47.65583514,12.07746341,9.35722323
1.735692533,21.491496,-5.822277733,1.711547365,109.4550344,-21.96505728,61.32410428,48.01218114,12.04098787,9.427191766
1.736597167,21.53993633,-5.864220467,1.711845364,109.7017384,-22.12328995,61.76655328,47.81643615,12.12786274,9.388757238
1.737691233,21.582844,-5.8427135,1.712402084,109.9202648,-22.04215302,61.53967879,48.26183707,12.08331593,9.476211709
1.738660733,21.65070467,-5.9025917,1.712521742,110.2658756,-22.26804882,62.17132694,47.97579966,12.20734004,9.420048263
1.7396905,21.671501,-5.862668667,1.713291069,110.3717902,-22.11743565,61.75018352,48.50285769,12.12464853,9.523536107
1.740666267,21.71095433,-5.854246433,1.713772749,110.5727239,-22.08566203,61.66133836,48.79263655,12.10720379,9.580434187
1.741689467,21.747174,-5.840313433,1.714342358,110.7571887,-22.03309855,61.51436077,49.12407896,12.07834474,9.645512903
1.742644267,21.78635767,-5.854733333,1.714806447,110.956749,-22.0874989,61.66647461,49.17152542,12.10821229,9.654829017
1.743676233,21.837447,-5.859409367,1.715198605,111.2169442,-22.10513965,61.71580154,49.38239372,12.11789763,9.696233008
1.744661333,21.877762,-5.8605258,1.715678827,111.4222664,-22.10935149,61.72757867,49.57593873,12.12021007,9.734235569
1.7456736,21.93714233,-5.928000933,1.715947454,111.7246872,-22.3639074,62.43936598,49.16657226,12.25996951,9.653856464
1.746675867,21.996049,-5.940225633,1.716212013,112.0246957,-22.41002616,62.56832291,49.33762382,12.2852902,9.687442437
1.747650367,22.05885067,-5.991880567,1.716400027,112.3445412,-22.60489896,63.11322478,49.11256747,12.39228169,9.643252622
1.7486517,22.08760533,-5.9634012,1.717041256,112.4909872,-22.49745803,62.81279926,49.55943895,12.33329314,9.730995839
1.749687933,22.128786,-5.954096,1.71756177,112.7007181,-22.46235334,62.71463979,49.86732935,12.31401952,9.791450117
1.750698967,22.17854,-5.9775189,1.717949717,112.9541126,-22.5507183,62.96172523,49.87363836,12.36253475,9.792688891
1.751601433,22.20105367,-5.925212233,1.718570238,113.0687734,-22.35338678,62.40994831,50.54007618,12.25419335,9.923543957
1.7526878,22.254264,-5.9690356,1.718990234,113.3397708,-22.5187143,62.87223589,50.34878596,12.34496352,9.885984124
1.7536426,22.289852,-5.960326,1.719499353,113.5210186,-22.48585657,62.78035934,50.62191029,12.32692356,9.939612085
1.754660133,22.330391,-5.948976067,1.720009203,113.7274815,-22.44303794,62.66063021,50.94810236,12.30341474,10.0036599
1.7556584,22.397501,-5.9928344,1.720167029,114.0692692,-22.60849738,63.12328666,50.82723354,12.39425733,9.979927306
1.756696767,22.46664933,-6.0566271,1.720339428,114.4214379,-22.84916098,63.79622841,50.50646054,12.52638945,9.916943526
1.757679533,22.48804467,-6.0011074,1.721054254,114.5304032,-22.639708,63.21055757,51.20109666,12.41139298,10.05333533
1.758673633,22.56929467,-6.116557133,1.721030833,114.9442051,-23.07525232,64.42842334,50.39703277,12.65052092,9.895457385
1.759639833,22.61467167,-6.076586067,1.721428762,115.1753077,-22.92445794,64.00677322,51.04978552,12.56772992,10.02362539
1.760712033,22.67669167,-6.161720467,1.721724265,115.4911722,-23.24563499,64.90484607,50.46757719,12.74406653,9.909308781
1.761640333,22.69784933,-6.085718667,1.7223876,115.5989271,-22.95891148,64.10311195,51.37706617,12.58664603,10.08788694
1.762684333,22.75281133,-6.138114967,1.722743293,115.8788456,-23.15658115,64.65583441,51.10426223,12.69517309,10.03432189
1.763660167,22.78983233,-6.127964933,1.7232555,116.0673916,-23.11828926,64.54876289,51.39987971,12.67414959,10.09236638
1.764639933,22.83615833,-6.1195035,1.72365511,116.3033274,-23.08636775,64.45950422,51.72507421,12.65662365,10.15621832
1.765662833,22.87126867,-6.107797467,1.724238312,116.4821424,-23.04220571,64.33601864,52.02737483,12.63237726,10.21557505
1.766654,22.89413333,-6.057248267,1.724943137,116.598591,-22.85150438,63.80278102,52.67706097,12.52767605,10.34314092
1.7676778,22.94291433,-6.084538,1.725356036,116.84703,-22.95445731,64.09065723,52.63762376,12.58420055,10.33539743
1.768631233,22.99075367,-6.095627767,1.725710362,117.0906731,-22.99629444,64.20764189,52.76428226,12.60717049,10.36026682
1.769715867,23.015609,-6.055462533,1.726483723,117.21726,-22.84476755,63.78394353,53.3145675,12.52397731,10.46831533
1.7706615,23.058351,-6.065741533,1.726894084,117.4349427,-22.88354598,63.8923755,53.42381824,12.54526793,10.48976671
1.771680467,23.100065,-6.067583233,1.727390653,117.6473899,-22.89049396,63.91180338,53.61683752,12.54908259,10.52766605
1.772662833,23.13279467,-6.041535533,1.727963135,117.8140803,-22.79222671,63.63702923,54.0583021,12.49513069,10.61434762
1.7736354,23.17627267,-6.043133733,1.728391212,118.0355114,-22.79825606,63.65388846,54.262874,12.498441,10.65451531
1.7746645,23.21251033,-6.0318726,1.728966496,118.2200679,-22.75577244,63.53509607,54.56622287,12.47511611,10.71407786
1.775734567,23.25793033,-6.034139333,1.729467752,118.4513895,-22.76432389,63.55900758,54.77363298,12.47981114,10.75480284
1.776655467,23.32689833,-6.095396233,1.729524943,118.8026398,-22.99542096,64.20519947,54.47869141,12.60669092,10.69689106
1.777677233,23.367731,-6.077892167,1.730035349,119.0105984,-22.92938532,64.02055111,54.87129834,12.57043521,10.77397943
1.778687267,23.39410067,-6.051536533,1.730715146,119.1448977,-22.82995636,63.74252861,55.28362014,12.51584549,10.85493881
1.7796921,23.44672267,-6.088493167,1.731060976,119.4128987,-22.96937853,64.13237983,55.16176994,12.59239278,10.83101353
1.780672067,23.47600667,-6.0416174,1.73167421,119.5620406,-22.79253556,63.63789283,55.80539878,12.49530026,10.95739005
1.781667533,23.51711167,-6.049848567,1.732154905,119.7713861,-22.82358836,63.72472245,55.92791472,12.51234925,10.98144605
1.782684233,23.555622,-6.024780467,1.732689327,119.9675172,-22.72901674,63.46028199,56.38848624,12.46042637,11.07187927
1.783660567,23.605893,-6.052664567,1.7330361,120.2235447,-22.83421197,63.7544281,56.35036762,12.51818196,11.06439468
1.7846713,23.64523133,-6.053122533,1.733554186,120.4238927,-22.83593969,63.75925914,56.5458846,12.51913053,11.10278444
1.7856816,23.682391,-6.026171567,1.734099123,120.6131449,-22.73426479,63.47495654,57.01943939,12.46330772,11.19576692
1.7866524,23.753565,-6.096344467,1.734178588,120.9756303,-22.99899825,64.21520227,56.64167901,12.60865497,11.12159367
1.787646467,23.78356433,-6.066945567,1.734796963,121.1284152,-22.8880883,63.90507671,57.10458957,12.54776181,11.21248616
1.788686933,23.814957,-6.0470279,1.735444289,121.2882964,-22.81294715,63.69496757,57.47457988,12.50650688,11.28513376
1.789650167,23.85414767,-6.025418933,1.735916724,121.4878924,-22.73142541,63.4670171,57.90212631,12.46174881,11.3690825
1.790640867,23.88654567,-6.015510533,1.736501693,121.6528936,-22.6940451,63.36249454,58.17165014,12.4412258,11.4220035
1.791651933,23.93768133,-5.995114667,1.736872371,121.9133248,-22.61709989,63.14734092,58.64723496,12.39898039,11.51538458
1.792673533,24.02140167,-6.114597033,1.736845513,122.339708,-23.06785767,64.40774647,57.81321257,12.64646102,11.35162429
1.793668033,24.05278,-6.107837333,1.737447052,122.4995162,-23.04235611,64.33643918,58.04432802,12.63245983,11.39700381
1.794679367,24.103303,-6.111293033,1.737825669,122.7568271,-23.05539304,64.37289296,58.26518517,12.63961753,11.44036911
1.795659033,24.14349467,-6.1069687,1.738302002,122.9615211,-23.03907911,64.32727607,58.51549606,12.63066066,11.48951765
1.796675333,24.18196433,-6.065145633,1.738836533,123.157445,-22.8812979,63.88608942,59.15260665,12.54403366,11.61461432
1.797644067,24.246603,-6.141918033,1.738995775,123.4866463,-23.17092856,64.69595251,58.67194482,12.70305028,11.52023636
1.798613833,24.28995033,-6.147876267,1.739422689,123.7074119,-23.19340652,64.75880522,58.82985775,12.71539141,11.55124257
1.799648867,24.33458467,-6.1379056,1.739898751,123.9347322,-23.1557913,64.65362582,59.16235741,12.69473943,11.61652888
1.800647233,24.36414567,-6.112204267,1.740526916,124.0852848,-23.05883075,64.38250545,59.58403036,12.64150495,11.69932436
1.801618633,24.41106267,-6.135338633,1.740910759,124.3242305,-23.14610719,64.62654719,59.57893439,12.68942254,11.69832377
1.802634233,24.45276367,-6.116686033,1.741404123,124.5366115,-23.07573861,64.42978309,59.98807944,12.65078791,11.7786594
1.8036571,24.50150167,-6.138996267,1.741816627,124.7848315,-23.15990594,64.66513114,60.00095141,12.6969985,11.78118681
1.804641733,24.54087,-6.1146083,1.742308238,124.9853323,-23.06790018,64.40786532,60.45871803,12.64648436,11.87106928
1.805671133,24.580062,-6.102849633,1.742846824,125.1849351,-23.02353957,64.28382452,60.78236158,12.62212894,11.9346167
1.806631567,24.63087833,-6.1327335,1.743170867,125.4437399,-23.1362791,64.59906594,60.72592501,12.6840266,11.92353538
1.807656133,24.66243433,-6.100492967,1.743800247,125.6044529,-23.01464883,64.25896432,61.22673965,12.61724764,12.02187033
1.8086432,24.70105867,-6.0904239,1.744303609,125.8011646,-22.97666239,64.15274691,61.52966871,12.59639186,12.08135045
1.809640133,24.745482,-6.116634667,1.744744214,126.0274102,-23.07554482,64.42924123,61.47942004,12.65068151,12.07148413
1.8106396,24.768605,-6.033045,1.745454103,126.1451744,-22.76019542,63.54746358,62.47896188,12.47754447,12.26774417
1.811640567,24.81258567,-6.036953133,1.745904286,126.3691656,-22.7749392,63.58869003,62.66172661,12.48563929,12.30363002
1.8126263,24.86571267,-6.0642308,1.746224692,126.6397386,-22.87784661,63.87643895,62.64455065,12.54213879,12.30025752
1.813661067,24.90252067,-6.043843933,1.7467985,126.8271997,-22.80093535,63.66138027,63.04707049,12.49991202,12.37929229
1.814644233,24.94304167,-6.0650363,1.747274208,127.033571,-22.88088543,63.88493608,63.02988596,12.5438072,12.37591811
1.815650267,24.99411533,-6.0807179,1.747640629,127.2936864,-22.94004565,64.05035945,63.12457803,12.57628808,12.3945109
1.816660433,25.043752,-6.060821833,1.748029179,127.5464833,-22.86498598,63.84047816,63.5872562,12.53507789,12.48535775
1.817651,25.106783,-6.113222767,1.748230388,127.8674968,-23.06267313,64.39324949,63.35549836,12.64361454,12.4398521
1.818626033,25.14316067,-6.105038,1.748749851,128.0527663,-23.03179537,64.30690934,63.62710801,12.62666165,12.49318266
1.8196822,25.22285033,-6.1768411,1.748808038,128.4586215,-23.30267892,65.06435187,63.27552067,12.77538549,12.42414848
1.8206605,25.264024,-6.154853033,1.749270706,128.6683168,-23.21972699,64.83240232,63.7171655,12.7298422,12.51086545
1.821675433,25.30623867,-6.1829944,1.749756971,128.8833138,-23.32589278,65.12926231,63.63530253,12.78813066,12.49479165
1.8226631,25.35486967,-6.1722873,1.750135616,129.1309889,-23.2854993,65.01631436,63.99592555,12.76595333,12.56559998
1.8236467,25.40053067,-6.154519733,1.750547388,129.3635379,-23.21846959,64.82888638,64.41590256,12.72915184,12.64806247
1.824625833,25.461532,-6.199432233,1.750762581,129.6742144,-23.38790596,65.3026631,64.25280235,12.8221779,12.61603774
1.825677233,25.496415,-6.1617042,1.751377129,129.8518717,-23.24557362,64.90467448,64.82844822,12.74403283,12.72906581
1.8266594,25.53405667,-6.145337267,1.751887897,130.0435786,-23.18382792,64.73202161,65.19280807,12.71013244,12.80060786
1.8276707,25.59623267,-6.163994767,1.752120546,130.3602377,-23.25421499,64.9288374,65.31265131,12.74877722,12.82413908
1.828623233,25.64505833,-6.162471433,1.752461619,130.6089042,-23.24846808,64.91276793,65.57738727,12.74562198,12.87611999
1.8296532,25.69076267,-6.1502914,1.752919216,130.8416739,-23.20251783,64.78428218,65.93864274,12.72039381,12.9470525
1.830673167,25.74733367,-6.170591967,1.753230725,131.1297869,-23.27910351,64.99843049,66.01260749,12.76244183,12.96157548
1.831642067,25.80132733,-6.164991233,1.753523444,131.4047738,-23.25797425,64.93934901,66.34667582,12.75084118,13.0271698
1.832643767,25.85175833,-6.1549616,1.75389358,131.6616162,-23.22013657,64.83354758,66.70931962,12.73006707,13.09837491
1.833662,25.90075433,-6.170903367,1.75429822,131.9111502,-23.28027829,65.00171541,66.79068578,12.76308682,13.11435115
1.834646567,25.941574,-6.133679233,1.754771588,132.1190425,-23.13984696,64.60904237,67.39125119,12.68598547,13.23227217
1.8356823,25.98762367,-6.158861633,1.755230626,132.353571,-23.23484979,64.87468857,67.36013347,12.7381451,13.22616221
1.836665433,26.02289667,-6.130661633,1.755772024,132.5332145,-23.1284628,64.57721006,67.83725547,12.6797352,13.31984511
1.837645367,26.070203,-6.1125604,1.756159524,132.7741431,-23.06017429,64.38626226,68.26913188,12.6422426,13.40464405
1.838640167,26.125776,-6.145783133,1.756458365,133.0571734,-23.18550999,64.736725,68.20169945,12.71105595,13.39140369
1.8396438,26.195522,-6.183491367,1.756588546,133.412386,-23.32776763,65.13450476,68.15913232,12.78916001,13.38304563
1.8406086,26.24246133,-6.1973335,1.756965509,133.6514455,-23.3799883,65.28052381,68.25217278,12.81783085,13.40131412
1.8416437,26.27314767,-6.149218067,1.757616314,133.8077294,-23.19846858,64.77295971,68.91602072,12.71817064,13.53166067
1.8426689,26.30766533,-6.1376875,1.758209238,133.983526,-23.1549685,64.65132511,69.21345194,12.69428769,13.59006129
1.843611433,26.35231567,-6.127519133,1.7585926,134.2109278,-23.11660744,64.5440602,69.5481186,12.67322622,13.65577309
1.844660733,26.39627467,-6.1256512,1.759091387,134.4348086,-23.10956049,64.52435559,69.79170404,12.66935722,13.70360109
1.845668367,26.443036,-6.123080767,1.759513412,134.6729615,-23.09986331,64.49724038,70.0569722,12.66403315,13.75568649
1.8466532,26.493149,-6.148205467,1.759870664,134.9281844,-23.19464846,64.76227791,70.04715749,12.71607327,13.75375937
1.847641633,26.52808567,-6.119049567,1.760421574,135.1061149,-23.08465525,64.45471573,70.53265024,12.65568343,13.84908587
1.8486417,26.57085767,-6.121114733,1.760885992,135.3239504,-23.09244627,64.47650093,70.72870054,12.65996096,13.88758035
1.849684233,26.62146,-6.128244233,1.761294816,135.5816654,-23.11934294,64.55170919,70.91120724,12.6747281,13.92341554
1.8506335,26.66034,-6.1039025,1.761757175,135.7796791,-23.0275116,64.29493109,71.36599909,12.62430972,14.01271392
1.851583033,26.707897,-6.106314167,1.762111137,136.0218844,-23.03660983,64.32037148,71.58276395,12.62930494,14.0552757
1.852666333,26.741865,-6.076937367,1.762769044,136.1948816,-22.92578325,64.01047904,72.06565358,12.56845756,14.15009108
1.853658167,26.78373233,-6.094377867,1.763236559,136.4081097,-22.99157908,64.19445684,72.09490386,12.6045816,14.15583437
1.854642067,26.82897067,-6.0942742,1.763653924,136.6385061,-22.99118799,64.19336327,72.32639383,12.60436688,14.20128743
1.855698333,26.880352,-6.107843067,1.764066725,136.9001884,-23.04237774,64.33649966,72.44493981,12.63247171,14.22456393
1.856679067,26.916164,-6.072813867,1.764598973,137.082577,-22.91022698,63.96698072,72.99684735,12.55991666,14.33293098
1.857632133,26.95865867,-6.0903673,1.765019865,137.2990001,-22.97644886,64.15214984,73.02810128,12.59627462,14.33906769
1.8586029,26.98838767,-6.030785567,1.765618325,137.4504083,-22.75167151,63.52362909,73.80803023,12.47286457,14.49220674
1.859639833,27.04781233,-6.1098194,1.765911064,137.7530549,-23.04983363,64.35734777,73.27695818,12.63656524,14.38793074
1.860639267,27.09049467,-6.065108,1.766375972,137.9704337,-22.88115592,63.88569243,73.96599235,12.54395571,14.5232226
1.861638667,27.123977,-6.0503926,1.766956061,138.1409575,-22.82564077,63.73046139,74.29174712,12.51347609,14.58718455
1.8626341,27.160692,-6.046538333,1.767491701,138.327945,-22.81110021,63.68980318,74.51939285,12.50549286,14.63188279
1.8636441,27.20183567,-6.0158901,1.767986445,138.5374875,-22.69547704,63.36649855,75.05223997,12.44201199,14.73650732
1.864624067,27.25553967,-6.0406067,1.768293858,138.8109991,-22.7887226,63.62723108,75.06501903,12.49320682,14.73901649
1.865654167,27.29655933,-6.033387033,1.768810255,139.01991,-22.76148577,63.55107165,75.35008941,12.47825292,14.79499005
1.8666299,27.358626,-6.076436533,1.769008707,139.3360122,-22.92389381,64.00519581,75.21206745,12.5674202,14.76788944
1.867655633,27.39307733,-6.0476931,1.769602995,139.511471,-22.81545667,63.70198468,75.69073736,12.50788469,14.86187628
1.868653533,27.43173633,-6.0257117,1.770116755,139.7083592,-22.7325299,63.47010546,76.1195048,12.46235521,14.94606477
1.8696473,27.47549433,-6.050809533,1.770562526,139.9312164,-22.82721369,63.73485957,76.07760783,12.51433968,14.9378383
1.870642267,27.52061733,-6.043290933,1.770992402,140.1610254,-22.79884911,63.65554674,76.38672967,12.4987666,14.99853437
1.8716395,27.55564833,-6.033362867,1.771550931,140.3394364,-22.7613946,63.55081672,76.66987069,12.47820286,15.05412911
1.872678433,27.60395633,-6.0524467,1.771984887,140.5854664,-22.83339005,63.75212985,76.71458761,12.5177307,15.06290928
1.873640333,27.63764267,-6.0199663,1.772524922,140.7570291,-22.71085487,63.4094979,77.22878225,12.45045491,15.16387139
1.874626033,27.68344533,-6.029862867,1.77293702,140.9902996,-22.74819054,63.51389563,77.35765504,12.47095341,15.18917557
1.8756585,27.73283267,-6.0121813,1.773350992,141.2418267,-22.68148527,63.32737485,77.79570286,12.43433005,15.27518626
1.876602333,27.78202533,-6.017791933,1.773678769,141.4923623,-22.70265188,63.38656076,77.98705255,12.44595121,15.31275777
1.877650233,27.859369,-6.1086939,1.773758069,141.8862694,-23.04558758,64.34547501,77.42204545,12.63423402,15.20181862
1.878638433,27.89287,-6.082784967,1.774326725,142.0568882,-22.94784384,64.07216469,77.86597455,12.58056954,15.2889841
1.879609867,27.93645133,-6.080827067,1.774752374,142.2788456,-22.94045749,64.05151103,78.1085856,12.57651419,15.33662078
1.880658,28.00612833,-6.130324067,1.77492792,142.6337068,-23.1271893,64.57364911,77.94130874,12.679036,15.30377597
1.8816244,28.044666,-6.1213452,1.775411699,142.8299771,-23.09331573,64.47893209,78.23229602,12.66043832,15.36091132
1.882655467,28.088419,-6.1145212,1.775894833,143.0528088,-23.06757158,64.40694651,78.52711328,12.64630395,15.41879869
1.883625933,28.12961467,-6.1051456,1.776349392,143.2626161,-23.03220131,64.3080444,78.83582271,12.62688452,15.47941379
1.884656467,28.171865,-6.0776302,1.776850811,143.4777948,-22.92839703,64.01778766,79.34125813,12.56989261,15.57865603
1.885668233,28.258475,-6.176150633,1.776777931,143.9188948,-23.30007407,65.05706822,78.74307765,12.77395534,15.4612033
1.8866127,28.30032233,-6.183461033,1.77719833,144.1320211,-23.3276532,65.13418477,78.87908731,12.78909718,15.48790879
1.887607667,28.343267,-6.174577367,1.777655486,144.3507359,-23.29413878,65.04047201,79.19151496,12.77069668,15.54925396
1.888622967,28.37320633,-6.1336433,1.778295846,144.5032153,-23.1397114,64.60866332,79.77580307,12.68591104,15.66397893
1.889644633,28.41679667,-6.133929267,1.778771616,144.7252186,-23.14079023,64.61167994,79.99478966,12.68650336,15.70697695
1.890657533,28.46502433,-6.116984033,1.779180545,144.9708395,-23.07686284,64.43292666,80.41916387,12.65140515,15.79030283
1.891620933,28.52278833,-6.1290164,1.779420547,145.2650284,-23.12225601,64.55985469,80.58642478,12.67632747,15.82314451
1.892656933,28.57011033,-6.124025667,1.779863918,145.5060368,-23.10342803,64.50720802,80.88007985,12.6659903,15.88080368
1.893601233,28.60983567,-6.074841033,1.780310725,145.7083558,-22.91787465,63.98836506,81.6012418,12.56411548,16.02240383
1.894616567,28.65163233,-6.044645133,1.780802624,145.921224,-22.80395795,63.66983204,82.132643,12.50157152,16.12674445
1.8956418,28.728824,-6.120755367,1.780861161,146.314357,-23.09109053,64.47271001,81.72289804,12.65921661,16.04629103
1.8965694,28.77713333,-6.103510567,1.781183767,146.5603939,-23.026033,64.29079663,82.15084826,12.62349792,16.13031906
1.8976225,28.81926233,-6.0862171,1.781709271,146.7749546,-22.96079187,64.10836986,82.54783576,12.58767842,16.20826755
1.898580633,28.85609767,-6.077844467,1.782206104,146.962555,-22.92920537,64.02004793,82.82375806,12.57033641,16.2624449
1.899607133,28.90500367,-6.093690733,1.782620137,147.2116306,-22.98898681,64.18720835,82.90567328,12.60315836,16.27852895
1.9006608,28.934895,-6.0528164,1.783299465,147.3638655,-22.83478477,63.75602978,83.4890868,12.51849645,16.39308219
1.901591833,28.97826767,-6.024769933,1.783687328,147.5847602,-22.728977,63.46017087,84.00584037,12.46040455,16.49454676
1.902607933,29.030259,-6.059763267,1.784052323,147.8495493,-22.86099244,63.82931146,83.90148885,12.53288531,16.47405733
1.903592833,29.05509767,-5.988043933,1.78472616,147.9760513,-22.59042492,63.07275258,84.78454972,12.38433497,16.64744634
1.9046042,29.084188,-5.990340067,1.785373219,148.1242068,-22.59908729,63.09697422,84.90848358,12.38909089,16.67178075
1.9056249,29.131732,-5.980619767,1.78579851,148.3663458,-22.56241659,62.99443591,85.25316093,12.36895749,16.73945815
1.9066044,29.19699233,-6.023879667,1.785960733,148.6987132,-22.72561839,63.45077955,85.12918466,12.45856057,16.71511541
1.907642533,29.24254033,-6.031929633,1.786428453,148.9306867,-22.7559876,63.53569771,85.27624002,12.47523425,16.74398973
1.908596967,29.29469033,-6.067686067,1.786729795,149.1962838,-22.89088191,63.91288816,85.16464673,12.54929559,16.72207838
1.909612267,29.319701,-5.9889059,1.787431878,149.3236618,-22.59367676,63.08184537,86.1230675,12.38612034,16.9102643
1.910696133,29.3587,-6.010568167,1.788027347,149.5222816,-22.67539958,63.31035809,86.09317458,12.43098881,16.90439483
1.9116386,29.40227067,-6.012958367,1.788424164,149.7441847,-22.68441682,63.33557203,86.28986371,12.43593957,16.94301474
1.9126072,29.464264,-6.0183069,1.788616401,150.0599134,-22.70459464,63.39199309,86.54917137,12.44701784,16.9939298
1.913610633,29.50545433,-6.039295833,1.789103994,150.2696936,-22.78377724,63.6134029,86.53754171,12.49049166,16.99164632
1.914615967,29.55020533,-6.0330235,1.789548895,150.497608,-22.76011431,63.54723678,86.83162226,12.47749994,17.04938903
1.915611867,29.607483,-5.998552,1.789827488,150.7893201,-22.63006753,63.18360095,87.48697018,12.40610005,17.17806659
1.916613367,29.699411,-6.134107633,1.789677743,151.2575045,-23.14146314,64.61356151,86.52519398,12.6868728,16.98922184
1.917611067,29.74131033,-6.1189127,1.790150724,151.4708955,-23.08413891,64.45327193,86.89887461,12.65539994,17.06259403
1.918569133,29.76735333,-6.0505298,1.790782645,151.6035311,-22.82615837,63.7319087,87.75287344,12.51376027,17.2302767
1.9196226,29.80877867,-6.084083567,1.791317328,151.8145081,-22.95274292,64.08586347,87.60989567,12.58325929,17.20220301
1.920666967,29.86021567,-6.106496967,1.791717532,152.076474,-23.03729946,64.32229981,87.63542521,12.62968357,17.20721574
1.9215806,29.91041967,-6.1228015,1.792002444,152.3321603,-23.09880975,64.49429443,87.71911686,12.66345471,17.2236486
1.922655367,29.95819733,-6.147197733,1.792478875,152.5754893,-23.19084669,64.75164745,87.70509293,12.71398598,17.220895
1.923590067,29.98894133,-6.112143367,1.793028558,152.7320669,-23.058601,64.38186303,88.23145489,12.64137881,17.32424617
1.924562767,30.019661,-6.096909033,1.793616545,152.8885205,-23.00112813,64.22115782,88.54861371,12.60982434,17.3865203
1.9256399,30.05372167,-6.072008467,1.794267126,153.0619896,-22.90718854,63.95848465,88.98475603,12.55824846,17.47215685
1.926578767,30.08797733,-6.0368139,1.794776997,153.2364519,-22.77441393,63.58722127,89.53048168,12.4853509,17.57931008
1.9276171,30.12977333,-6.035360467,1.795291905,153.4493167,-22.76893072,63.57188917,89.75867856,12.48234044,17.62411654
1.928570533,30.184543,-6.058741133,1.79555944,153.7282557,-22.85713635,63.8185291,89.7909776,12.53076819,17.63045845
1.929596067,30.234364,-6.068572033,1.795961048,153.9819913,-22.89422429,63.92223411,89.94100826,12.55113067,17.65991697
1.9306126,30.270916,-6.080169167,1.796519829,154.1681487,-22.9379755,64.04457092,90.00482883,12.5751515,17.67244814
1.931602067,30.28950433,-6.0158906,1.797276507,154.2628181,-22.69547893,63.36650382,90.77756531,12.44201303,17.82417495
1.932592867,30.33817067,-6.0292311,1.797657843,154.5106731,-22.74580715,63.5072312,90.88469295,12.46964485,17.84520946
1.9335901,30.37499933,-6.0065328,1.798193858,154.6982395,-22.6601758,63.26778948,91.31170109,12.42263046,17.92905251
1.9345652,30.403913,-5.9966825,1.798806863,154.8454953,-22.62301468,63.16387981,91.56286651,12.4022278,17.97836884
1.9356262,30.439085,-5.9843977,1.799427392,155.0246244,-22.57666918,63.03428889,91.87158654,12.37678262,18.03898602
1.9366148,30.49176,-5.9865098,1.799756326,155.2928953,-22.58463727,63.05656919,92.11757719,12.38115736,18.08728628
1.937655267,30.52516433,-5.975571167,1.800378459,155.4630218,-22.5433703,62.94117882,92.40309403,12.35850046,18.14334751
1.938559433,30.57778567,-5.978515467,1.800623631,155.7310194,-22.55447794,62.9722379,92.64003257,12.36459891,18.1898704
1.939616467,30.65413167,-6.048531533,1.800724558,156.1198455,-22.81861974,63.71082922,92.29026733,12.50962132,18.12119399
1.9406373,30.705073,-6.059085067,1.801107436,156.379287,-22.85843387,63.82215721,92.43838081,12.53148057,18.15027607
1.941594333,30.750857,-6.076958333,1.801491101,156.6124624,-22.92586235,64.01070022,92.48301326,12.56850099,18.15903965
1.942571367,30.79667033,-6.078638233,1.801894399,156.8457873,-22.93219992,64.02842128,92.69861704,12.57198052,18.20137345
1.943583933,30.850881,-6.115241833,1.802228067,157.1218793,-23.07029024,64.41454839,92.58858194,12.64779658,18.17976806
1.9446098,30.89239133,-6.0962003,1.802734086,157.3332892,-22.99845437,64.21368148,93.00085875,12.60835636,18.26071862
1.945623633,30.93149467,-6.108795967,1.803258215,157.5324404,-23.04597264,64.3465517,93.06713971,12.63444543,18.27373288
1.9466139,30.96404767,-6.100641733,1.80384081,157.698231,-23.01521007,64.26053364,93.31894845,12.61755578,18.32317553
1.947639167,30.98395433,-6.044467767,1.804616779,157.7996146,-22.80328882,63.66796102,94.01290465,12.50120415,18.45943383
1.9486142,31.01051333,-6.0170568,1.805259205,157.9348782,-22.69987852,63.37880593,94.4373233,12.44442854,18.54276843
1.9495701,31.05292567,-6.0352858,1.805683961,158.1508819,-22.76864904,63.57110152,94.46103144,12.48218578,18.54742352
1.950654133,31.09676867,-6.0300546,1.806218934,158.374172,-22.74891387,63.5159182,94.7395048,12.47135054,18.60210177
1.951594067,31.14426467,-6.030353533,1.806564059,158.6160665,-22.75004162,63.51907162,94.97824597,12.47196971,18.6489786
1.952675367,31.17100133,-5.984334933,1.807310527,158.752235,-22.57643239,63.03362677,95.59985922,12.37665262,18.77103236
1.9535028,31.20875233,-5.9617524,1.807665192,158.9444988,-22.49123779,62.79540626,96.03034354,12.32987802,18.85555795
1.954244367,31.23224467,-5.956551233,1.808112556,159.064144,-22.47161593,62.74053976,96.20485523,12.31910498,18.88982332
1.954653033,31.26594167,-5.976041633,1.808099224,159.235761,-22.54514518,62.94614172,96.17087029,12.35947493,18.88315038
1.954636933,31.26541033,-5.992921333,1.808089778,159.2330549,-22.60882534,63.12420371,95.99010225,12.3944374,18.84765658
1.954053333,31.55990933,-5.629062967,1.803818069,160.7329225,-21.2361375,59.28590424,101.3282693,11.6407873,19.89580568
1.9529818,31.19867833,-6.013577,1.807270352,158.8931924,-22.68675067,63.34209792,95.43234554,12.43722093,18.73814105
1.952028,31.15951667,-6.043017833,1.806806986,158.6937442,-22.79781882,63.65266584,94.92232936,12.49820094,18.63799937
1.950985633,31.10435867,-6.060732067,1.806455382,158.4128274,-22.86464733,63.83953122,94.45454725,12.53489196,18.54615035
1.949998667,31.02396767,-5.960211267,1.806475178,158.0034004,-22.48542372,62.77914903,95.1055024,12.32668591,18.6739654
1.9490258,30.99341,-6.0094684,1.805884995,157.8477718,-22.67125061,63.29875678,94.43026609,12.42871089,18.54138275
1.948097067,30.95419167,-6.0418849,1.805447406,157.648035,-22.79354472,63.64071466,93.88857135,12.49585432,18.43502098
1.9470136,30.89775967,-6.034968533,1.805070656,157.3606298,-22.76745212,63.56775471,93.67412615,12.48152864,18.39291467
1.946021767,30.84048667,-6.0445666,1.804796072,157.0689415,-22.80366167,63.6690036,93.28118895,12.50140886,18.31576145
1.945002533,30.78112967,-6.015625167,1.804520186,156.7666395,-22.69447756,63.36370379,93.28418674,12.44146324,18.31635007
1.944012967,30.722557,-6.0253666,1.804264145,156.4683321,-22.73122798,63.46646504,92.88311806,12.46164041,18.23760023
1.94301,30.68654633,-6.069919733,1.803712151,156.2849317,-22.89930861,63.93645084,92.22973186,12.55392212,18.10930785
1.941950833,30.62430167,-6.0490484,1.803432495,155.9679229,-22.82056966,63.71628158,92.13289238,12.51069189,18.09029342
1.941004167,30.56016567,-6.015823367,1.803289025,155.6412817,-22.69522529,63.36579458,92.15673818,12.44187377,18.09497554
1.9399781,30.51311433,-6.048701767,1.802852198,155.4016518,-22.81926196,63.71262499,91.57027786,12.50997392,17.97982406
1.938975767,30.44167633,-5.987764333,1.802744507,155.0378219,-22.5893701,63.06980311,91.84926984,12.38375584,18.03460413
1.9380108,30.39788133,-5.996223267,1.802327999,154.8147763,-22.62128218,63.15903541,91.53699195,12.4012766,17.97328837
1.937025433,30.346387,-5.9958876,1.801987513,154.5525185,-22.62001584,63.15549451,91.27827499,12.40058135,17.92248929
1.935984367,30.32280467,-6.053454233,1.801241776,154.4324149,-22.83719106,63.76275821,90.55090773,12.51981757,17.77967073
1.934989567,30.28718933,-6.063176467,1.800692999,154.2510279,-22.87386904,63.86531691,90.26696205,12.53995498,17.723918
1.934062267,30.25233567,-6.123528333,1.800202183,154.0735201,-23.10155179,64.50196171,89.4528094,12.66496018,17.56405913
1.933050533,30.186735,-6.070573633,1.800011989,153.7394194,-22.90177551,63.94334876,89.67732168,12.55527653,17.60814211
1.932037367,30.13907533,-6.069248833,1.79959568,153.4966913,-22.89677758,63.9293736,89.44856872,12.55253251,17.56322647
1.930994133,30.09884833,-6.0855665,1.799056223,153.2918173,-22.95833742,64.10150676,89.07156161,12.58633085,17.48920112
1.929997533,30.04422767,-6.086163667,1.798743656,153.0136372,-22.96059028,64.1078062,88.78708204,12.58756775,17.43334356
1.929057567,29.98306967,-6.065772833,1.798569591,152.7021628,-22.88366406,63.89270568,88.69070816,12.54533276,17.41442055
1.927975067,29.92496233,-6.045971533,1.798214788,152.4062253,-22.80896191,63.68382408,88.60365224,12.50431886,17.39732712
1.927032233,29.86849467,-6.039196133,1.797979118,152.1186385,-22.78340111,63.61235117,88.38753835,12.49028515,17.35489315
1.926017633,29.81123733,-5.9966502,1.797681571,151.82703,-22.62289282,63.16353908,88.54474191,12.4021609,17.38576007
1.924941367,29.77744067,-6.034884933,1.797028551,151.6549054,-22.76713673,63.56687283,87.96928356,12.48135548,17.27276883
1.9239996,29.75766367,-6.093954233,1.796334459,151.5541822,-22.98998089,64.18998798,87.24544521,12.60370414,17.13064317
1.923025667,29.69740467,-6.051644133,1.796115169,151.2472863,-22.83036229,63.74366367,87.38487367,12.51606836,17.15801995
1.9220185,29.67213467,-6.118046933,1.795424467,151.1185876,-23.08087273,64.44413906,86.55569953,12.65360671,16.9952116
1.921009133,29.603997,-6.052589733,1.795268411,150.7715661,-22.83392965,63.7536387,86.89917842,12.51802696,17.06265368
1.919977667,29.562097,-6.047345,1.794761672,150.5581716,-22.81414343,63.69831262,86.74111005,12.50716368,17.03161696
1.918985267,29.502115,-6.040483167,1.794520446,150.2526865,-22.78825656,63.62592794,86.50800963,12.49295095,16.98584769
1.9180043,29.44696767,-6.058603933,1.794230108,149.9718241,-22.85661875,63.81708179,86.03599337,12.53048401,16.8931673
1.916989533,29.397079,-6.0620858,1.793840114,149.7177438,-22.8697544,63.8538116,85.74518326,12.53769591,16.83606673
1.916004433,29.35170133,-6.0424757,1.793423294,149.4866378,-22.79577357,63.64694694,85.7209419,12.49707803,16.83130694
1.914956633,29.29601567,-6.021496433,1.793072864,149.2030337,-22.71662743,63.4256391,85.65864563,12.45362424,16.81907507
1.9140261,29.25792,-6.051812167,1.792619415,149.0090145,-22.83099621,63.74543624,85.14482931,12.51641641,16.71818724
1.912989533,29.209254,-6.070179133,1.792192309,148.7611612,-22.90028722,63.93918723,84.703225,12.55445941,16.63147823
1.9119974,29.146089,-6.011386233,1.791991212,148.4394652,-22.67848581,63.31898778,85.00172849,12.43268325,16.69008939
1.910973767,29.12621767,-6.0771381,1.791216434,148.3382616,-22.92654054,64.01259655,84.20691609,12.56887333,16.53402797
1.910017167,29.09009033,-6.112072167,1.790712269,148.154267,-23.05833239,64.38111195,83.65440613,12.64123133,16.42554264
1.9089997,29.03894267,-6.1077919,1.790335341,147.8937747,-23.04218471,64.33595991,83.43906584,12.63236573,16.38326058
1.9080156,28.98326867,-6.093569267,1.790048465,147.61023,-22.98852856,64.18592701,83.30555405,12.60290677,16.35704554
1.907039333,28.9376,-6.096528533,1.789644123,147.377642,-22.99969266,64.21714397,83.04174903,12.60903622,16.30524742
1.905992667,28.88053333,-6.075221867,1.789312121,147.0870045,-22.91931138,63.99238243,82.9758731,12.56490429,16.29231268
1.904963333,28.84056233,-6.087400467,1.788783358,146.8834343,-22.96525622,64.12085306,82.64383232,12.5901295,16.22711648
1.904027533,28.81826,-6.140866133,1.788126857,146.7698498,-23.16696017,64.68485614,81.96624465,12.7008715,16.09407214
1.903001867,28.762835,-6.147522433,1.787795296,146.4875732,-23.19207165,64.75507267,81.61375157,12.71465852,16.02486012
1.901986633,28.70836267,-6.1231052,1.787462238,146.2101485,-23.09995548,64.49749813,81.59390145,12.66408376,16.02096255
1.900992067,28.66910433,-6.160802667,1.786959317,146.010208,-23.24217251,64.89516431,80.99629469,12.74216551,15.90362246
1.8999827,28.613671,-6.132721433,1.78664416,145.727889,-23.13623357,64.59893865,81.01020136,12.6840016,15.90635304
1.8989801,28.567409,-6.1372468,1.786220915,145.4922791,-23.15330592,64.64667622,80.72685391,12.69337488,15.85071777
1.8979808,28.51974833,-6.126424333,1.785818485,145.2495459,-23.11247721,64.53251128,80.59828563,12.67095859,15.82547338
1.897059467,28.47586067,-6.154677533,1.785446772,145.0260284,-23.2190649,64.83055099,80.0767284,12.72947869,15.72306562
1.896017367,28.40837733,-6.102915767,1.785249788,144.6823394,-23.02378906,64.28452215,80.27906824,12.62226592,15.76279505
1.8950166,28.380562,-6.1608246,1.784597362,144.5406774,-23.24225525,64.89539568,79.52653272,12.74221094,15.6150347
1.8940075,28.335748,-6.143859367,1.784149483,144.3124421,-23.17825241,64.71643141,79.47726169,12.70707131,15.60536033
1.893067267,28.28427467,-6.1634658,1.783853867,144.0502911,-23.25221941,64.92325739,79.00828479,12.74768159,15.51327672
1.8920434,28.234707,-6.158294233,1.783450753,143.7978457,-23.23270922,64.86870314,78.81039358,12.73696986,15.47442078
1.890977967,28.187946,-6.155329067,1.782970923,143.5596944,-23.22152287,64.83742394,78.60352152,12.73082819,15.43380145
1.890009967,28.13900167,-6.1390721,1.782615869,143.3104236,-23.16019202,64.66593109,78.5257435,12.69715557,15.41852974
1.8890269,28.10587967,-6.1811374,1.7820476,143.141735,-23.31888709,65.10967304,77.913313,12.7842843,15.29827901
1.8879874,28.04241133,-6.146418433,1.781802935,142.8184942,-23.18790672,64.74342671,77.95631851,12.71237183,15.30672314
1.887052,27.98229033,-6.122779533,1.781620451,142.5123012,-23.09872688,64.49406271,77.89948949,12.66340921,15.29556476
1.8860388,27.92996033,-6.121425767,1.781262597,142.2457873,-23.09361967,64.47978198,77.64725634,12.66060519,15.24603878
1.8850639,27.86947,-6.085582867,1.781045237,141.9377133,-22.95839917,64.10167941,77.71728489,12.58636475,15.25978889
1.884026967,27.82493133,-6.091695133,1.780566077,141.7108802,-22.98145823,64.166157,77.42597427,12.59902493,15.20259005
1.883003133,27.78516433,-6.115726167,1.780040259,141.508349,-23.07211743,64.41965757,76.9699425,12.64879976,15.11304821
1.88206,27.73308233,-6.0900548,1.779749366,141.2430982,-22.97526993,64.14885331,76.97549593,12.59562735,15.11413863
1.881052633,27.685147,-6.103226533,1.779342309,140.9989661,-23.02496146,64.28780039,76.59241677,12.62290961,15.03892103
1.879983667,27.63914233,-6.110556767,1.778849474,140.7646668,-23.05261541,64.36512617,76.2807917,12.63809252,14.97773345
1.879056667,27.59235633,-6.110510367,1.778508391,140.5263883,-23.05244036,64.3646367,76.04300259,12.63799642,14.93104356
1.877982667,27.548276,-6.120680667,1.777986424,140.3018895,-23.09080872,64.47192201,75.71121851,12.65906189,14.86589775
1.8770455,27.532057,-6.174202733,1.777252373,140.219287,-23.29272544,65.03652005,75.06401798,12.76992071,14.73881993
1.876049333,27.49294833,-6.181026133,1.776745977,140.0201086,-23.31846732,65.1084993,74.79286039,12.78405384,14.68557814
1.8750774,27.44238933,-6.184114,1.776407211,139.7626144,-23.33011657,65.14107284,74.50279257,12.79044965,14.62862332
1.8740368,27.39778133,-6.210277733,1.775925252,139.5354282,-23.42882157,65.41707101,73.99960825,12.84464189,14.52982308
1.873023867,27.351319,-6.220005033,1.775494182,139.2987981,-23.46551867,65.51968317,73.66036593,12.86478979,14.46321285
1.872046333,27.28266167,-6.160696367,1.775376467,138.94913,-23.24177148,64.89404296,73.93633803,12.74194534,14.51739997
1.871016867,27.26178933,-6.212017233,1.774608392,138.8428283,-23.43538399,65.4354208,73.28865852,12.84824487,14.3902281
1.870105167,27.21990633,-6.234005767,1.774221206,138.6295204,-23.51833767,65.66737527,72.84339618,12.89378913,14.30280084
1.869040167,27.164828,-6.195958767,1.773845971,138.3490094,-23.374802,65.2660219,72.96423855,12.8149834,14.32652824
1.868067167,27.11443167,-6.198316267,1.773504101,138.0923436,-23.38369588,65.2908909,72.68270374,12.81986643,14.27124888
1.867080533,27.06539833,-6.199909033,1.773131528,137.8426195,-23.38970473,65.30769281,72.4161777,12.82316548,14.21891649
1.866011867,27.009952,-6.169535633,1.772757234,137.5602343,-23.2751184,64.98728735,72.45419796,12.76025387,14.22638177
1.865024767,26.94895433,-6.151668533,1.772534029,137.2495764,-23.20771318,64.7988094,72.33201807,12.72324623,14.20239175
1.8640254,26.89645367,-6.135689733,1.772192145,136.9821934,-23.14743175,64.6302509,72.23319349,12.69014976,14.18298754
1.8630701,26.86230633,-6.152359033,1.771664484,136.8082828,-23.21031815,64.8060934,71.88344046,12.72467644,14.11431353
1.8620888,26.831219,-6.207826467,1.771072501,136.6499567,-23.41957395,65.39121289,71.13999486,12.83956465,13.96833799
1.861005567,26.81130433,-6.2576375,1.770238665,136.5485324,-23.60749047,65.91666367,70.51311975,12.94273691,13.84525106
1.860039633,26.75093667,-6.203704367,1.770028736,136.2410831,-23.40402296,65.34772934,70.7746048,12.83102665,13.89659365
1.859088067,26.698724,-6.216434167,1.769731046,135.9751668,-23.45204726,65.48201451,70.37440332,12.85739355,13.81801409
1.858021167,26.648479,-6.209490167,1.769293381,135.7192717,-23.4258504,65.40876306,70.19175968,12.84301063,13.78215201
1.857074333,26.60587,-6.2131993,1.768880155,135.5022664,-23.43984344,65.44789028,69.93562712,12.85069326,13.73186038
1.8560305,26.54863433,-6.1951806,1.768553103,135.2107682,-23.3718663,65.25781312,69.83420611,12.81337161,13.71194637
1.855055167,26.509852,-6.212976767,1.768063453,135.0132518,-23.43900391,65.4455428,69.44896008,12.85023233,13.63630331
1.8540077,26.45880567,-6.185630933,1.767655257,134.7532756,-23.33583934,65.1570748,69.47745185,12.79359164,13.64189767
1.8530475,26.40521333,-6.200305633,1.767366212,134.4803327,-23.39120094,65.31187649,69.04970728,12.82398695,13.55791002
1.8520633,26.35413233,-6.182958133,1.767021716,134.22018,-23.32575596,65.12887974,68.97255125,12.78805554,13.54276044
1.851059433,26.305794,-6.188586233,1.766623206,133.9739954,-23.34698847,65.18824991,68.66699654,12.79971287,13.48276477
1.850024567,26.25182367,-6.178371767,1.766264228,133.6991274,-23.30845349,65.08049869,68.49987975,12.77855592,13.44995139
1.849030367,26.21033967,-6.175437767,1.765789546,133.4878516,-23.29738472,65.04954827,68.31955439,12.7724788,13.4145445
1.848042967,26.16152,-6.154634333,1.765413531,133.2392157,-23.21890193,64.83009528,68.29037144,12.72938921,13.40881443
1.847073633,26.10731433,-6.136331233,1.765123033,132.9631491,-23.14985186,64.63701801,68.20738216,12.69147849,13.39251949
1.846051,26.063785,-6.142274667,1.764645533,132.7414566,-23.17227399,64.6997146,67.92299302,12.70378896,13.33667968
1.845077,26.02892567,-6.157721833,1.764108088,132.5639199,-23.23054979,64.86266496,67.58250595,12.73578426,13.26982504
1.8440312,25.97688633,-6.1831897,1.763713993,132.2988863,-23.32662957,65.13132251,67.04881487,12.78853517,13.1650348
1.843053833,25.933045,-6.1867515,1.763285666,132.0756048,-23.34006677,65.16889552,66.7879603,12.79591264,13.113816
1.842103467,25.897258,-6.2025544,1.762783472,131.8933435,-23.39968461,65.33559847,66.43899608,12.82864476,13.04529688
1.8409897,25.85638833,-6.215301667,1.76218153,131.6851965,-23.4477748,65.4700679,66.09637964,12.85504783,12.97802414
1.840038867,25.80775467,-6.207362633,1.761839752,131.4375079,-23.4178241,65.38631996,65.93243892,12.83860392,12.94583438
1.838998433,25.75655033,-6.193950667,1.761440568,131.1767269,-23.36722627,65.24483869,65.81313928,12.81082408,12.9224099
1.838085667,25.71771167,-6.246250633,1.761014191,130.9789237,-23.56453251,65.79654494,65.06362979,12.9191516,12.77524371
1.837082033,25.66860533,-6.242835033,1.760625533,130.7288278,-23.55164686,65.76051417,64.84956464,12.91207696,12.73321202
1.836052567,25.60975,-6.1669534,1.760333131,130.4290807,-23.26537669,64.96004768,65.35028408,12.75490536,12.83152828
1.835033033,25.57559967,-6.226159767,1.759741274,130.2551549,-23.48873794,65.58460873,64.55179721,12.87753792,12.67474538
1.834119567,25.52617067,-6.199263567,1.759446823,130.0034157,-23.38726965,65.30088385,64.58378285,12.82182854,12.68102576
1.833071667,25.47497567,-6.1795233,1.759040055,129.7426823,-23.31279775,65.09264608,64.53128724,12.78094106,12.67071825
1.832077233,25.44508033,-6.187296867,1.758420011,129.590427,-23.34212422,65.17464853,64.29702946,12.79704224,12.62472173
1.831052133,25.42012433,-6.243982467,1.757707443,129.4633274,-23.55597565,65.77261831,63.57196011,12.91445361,12.48235437
1.830069733,25.37413333,-6.251510467,1.757301004,129.2290977,-23.5843757,65.85203031,63.25831843,12.93004615,12.42077082
1.8290708,25.32780367,-6.275632233,1.756882272,128.9931432,-23.6753772,66.10648801,62.76790622,12.98000892,12.32447839
1.828086267,25.268271,-6.2291708,1.756643286,128.6899465,-23.50009733,65.61637177,62.95482579,12.8837746,12.36118004
1.827039133,25.228283,-6.264362167,1.756096936,128.4862898,-23.63285987,65.98760139,62.37993943,12.95666553,12.24830111
1.826068167,25.20294767,-6.298326,1.755443252,128.3572583,-23.76099144,66.34588191,61.89262742,13.02701391,12.15261739
1.825069767,25.14969633,-6.2572713,1.755111736,128.0860521,-23.60610895,65.91280067,62.05450249,12.94197841,12.18440156
1.824037833,25.09793867,-6.266383,1.754727981,127.8224531,-23.64048365,66.00891893,61.69478521,12.96085123,12.11377108
1.823079467,25.05570333,-6.294104733,1.754298542,127.6073508,-23.74506633,66.30135226,61.1872496,13.01827052,12.01411646
1.822106467,24.99791333,-6.252468767,1.754049265,127.3130295,-23.58799097,65.8621393,61.33214119,12.93203105,12.04256592
1.821048433,24.94015967,-6.222399533,1.7537145,127.0188931,-23.47455213,65.54494247,61.3552017,12.86974945,12.04709385
1.820072967,24.87887633,-6.196263667,1.753506505,126.7067804,-23.37595226,65.26923826,61.31879318,12.81561493,12.03994504
1.819057433,24.82362433,-6.167203133,1.753182911,126.4253849,-23.26631883,64.96268208,61.34395389,12.75542263,12.04488535
1.8180686,24.78089967,-6.187315633,1.752729133,126.2077905,-23.34219502,65.1748465,60.91419505,12.79708111,11.9605022
1.817105367,24.72400833,-6.152473767,1.752478369,125.918046,-23.210751,64.80730371,60.99199333,12.72491408,11.97577789
1.816061633,24.664159,-6.145339167,1.752184149,125.6132366,-23.18383509,64.73204165,60.76244595,12.71013638,11.93070626
1.815087233,24.619778,-6.1198829,1.751765547,125.3872065,-23.08779907,64.46350646,60.80495109,12.65740949,11.93905215
1.814005467,24.573092,-6.1051992,1.751268445,125.1494372,-23.03240352,64.30860982,60.72207844,12.62699554,11.9227801
1.813081433,24.53396233,-6.139515233,1.750834445,124.9501519,-23.16186378,64.67060566,60.16079732,12.69807342,11.81257255
1.812057267,24.490932,-6.143127267,1.750349162,124.7310008,-23.1754905,64.70870857,59.90354322,12.70555493,11.76206071
1.811049633,24.426125,-6.1049266,1.750153128,124.4009422,-23.03137511,64.3057342,59.97645903,12.62643091,11.77637773
1.8100051,24.41385633,-6.184180133,1.749262239,124.3384585,-23.33036607,65.14177048,59.07793909,12.79058663,11.59995334
1.809084267,24.375102,-6.189929033,1.748826739,124.1410848,-23.3520543,65.20241495,58.81992088,12.80249418,11.54929147
1.808078033,24.312147,-6.148764433,1.748608912,123.8204584,-23.19675721,64.76817439,58.93353501,12.71723104,11.5715996
1.807089933,24.28288067,-6.170432867,1.747987324,123.6714065,-23.27850329,64.99675216,58.55590537,12.76211229,11.49745202
1.8060612,24.24124467,-6.189293533,1.747480013,123.4593566,-23.34965682,65.19571114,58.14489649,12.80117788,11.41675043
1.805078767,24.19013533,-6.193036533,1.747137639,123.1990595,-23.36377762,65.23519561,57.84511493,12.80893066,11.35788832
1.804051833,24.143074,-6.177432033,1.74670007,122.9593787,-23.30490826,65.07058556,57.77004414,12.77660947,11.34314817
1.803064033,24.10184733,-6.194165533,1.746228565,122.7494135,-23.36803687,65.2471053,57.3835592,12.81126912,11.26726185
1.802092567,24.057743,-6.200132367,1.745809432,122.5247925,-23.39054728,65.31004872,57.09599477,12.82362807,11.21079857
1.8010137,24.01593133,-6.223108767,1.745254187,122.3118479,-23.47722778,65.55242409,56.64067484,12.87121847,11.1213965
1.8000736,23.95846767,-6.178618,1.745033723,122.0191885,-23.30938243,65.08309618,56.81734338,12.77906593,11.15608537
1.799008133,23.91339533,-6.177692433,1.744532712,121.7896376,-23.30589065,65.07333248,56.5975561,12.77714883,11.11293014
1.7980706,23.88054533,-6.183710433,1.744006571,121.6223343,-23.32859408,65.13681566,56.36676964,12.78961376,11.06761522
1.797030533,23.84186433,-6.1975689,1.743450919,121.425334,-23.38087637,65.28300701,56.02357803,12.81831843,11.00022955
1.7960643,23.82358167,-6.2651518,1.742713646,121.3322214,-23.63583884,65.99593114,55.21754127,12.95830108,10.84196423
1.795068033,23.78668233,-6.300255167,1.742179482,121.1442951,-23.76826939,66.36623246,54.65931362,13.03100974,10.73235623
1.7940369,23.74064,-6.2899553,1.741724952,120.9098039,-23.72941223,66.25758037,54.53347459,13.00967591,10.70764774
1.7930393,23.68684333,-6.2673117,1.741401065,120.6358204,-23.64398725,66.01871567,54.49835575,12.96277482,10.70075215
1.792132767,23.643697,-6.282127367,1.741034868,120.4160784,-23.69988066,66.17500441,54.12232505,12.99346212,10.62691852
1.791089933,23.578679,-6.209328467,1.740806277,120.0849453,-23.42524038,65.40705731,54.55913898,12.8426757,10.71268694
1.790090467,23.537489,-6.2442517,1.740322646,119.8751668,-23.55699136,65.77545842,53.9809594,12.91501126,10.59916138
1.7890433,23.490907,-6.262984133,1.739858841,119.6379272,-23.62766112,65.97306468,53.54611353,12.95381125,10.51377939
1.788062967,23.436786,-6.2278487,1.739556283,119.3622918,-23.49510959,65.60242509,53.64111777,12.88103617,10.53243347
1.7871277,23.390132,-6.241838767,1.73920528,119.1246855,-23.54788836,65.75000467,53.25593187,12.91001342,10.45680222
1.786043833,23.35420667,-6.267292033,1.738571319,118.9417197,-23.64391305,66.01850821,52.80446254,12.96273409,10.36815622
1.785100967,23.30843433,-6.243537733,1.738201674,118.7086037,-23.55429786,65.76792687,52.82192785,12.91353244,10.37158553
1.784020567,23.32447367,-6.362184067,1.736920408,118.7902911,-24.00190164,67.0195132,51.65202898,13.15928142,10.14187589
1.783093933,23.268241,-6.3427342,1.736697995,118.5039012,-23.9285253,66.81433883,51.5708134,13.11899543,10.12592921
1.782060233,23.22943233,-6.3643206,1.736150309,118.3062507,-24.0099619,67.04205124,51.14545053,13.16370676,10.04240921
1.781064433,23.17304867,-6.336065467,1.735860621,118.0190918,-23.90336691,66.74399114,51.15635165,13.10518266,10.04454965
1.780050133,23.13058533,-6.357096367,1.735378103,117.8028283,-23.98270784,66.96584365,50.71823567,13.1487434,9.958525573
1.779046467,23.07981067,-6.326152933,1.735010304,117.5442356,-23.865971,66.63942498,50.78606169,13.0846511,9.971843212
1.778042033,23.03271367,-6.341978233,1.734595683,117.3043731,-23.92567334,66.80636422,50.37925995,13.11742962,9.891967692
1.7771272,22.978592,-6.322986633,1.734358633,117.0287344,-23.85402585,66.60602405,50.30396139,13.07809282,9.877182818
1.7760522,22.925296,-6.2866861,1.733951076,116.7573007,-23.71707888,66.22309396,50.41545781,13.0029045,9.899075142
1.775104033,22.87176067,-6.280916667,1.733673351,116.4846482,-23.69531319,66.16223288,50.20366632,12.99095443,9.857489881
1.774053867,22.83174633,-6.297965033,1.733124297,116.2808573,-23.75962966,66.34207411,49.82003424,13.02626625,9.782163722
1.7730653,22.777112,-6.278581767,1.732819934,116.0026076,-23.68650457,66.13760229,49.74625633,12.98611821,9.76767743
1.772076267,22.714325,-6.2356429,1.732617203,115.6828368,-23.5245139,65.6846452,49.87944261,12.89718008,9.793828556
1.771062867,22.67071133,-6.2437636,1.732149992,115.4607147,-23.55514996,65.77030951,49.57165623,12.91400027,9.733394701
1.770112033,22.61383533,-6.221012567,1.731911436,115.1710483,-23.46931968,65.53031152,49.52198781,12.86687667,9.723642307
1.7690185,22.57278767,-6.211484733,1.731331956,114.9619947,-23.43337508,65.42980352,49.41344226,12.84714192,9.702329387
1.768062833,22.51757033,-6.186989633,1.731067794,114.6807758,-23.34096515,65.17140756,49.3906193,12.79640588,9.697848099
1.7671028,22.48333867,-6.238261567,1.730536455,114.5064358,-23.53439305,65.71226921,48.67541761,12.90260406,9.557418249
1.766066233,22.43047267,-6.187013167,1.730161947,114.2371921,-23.34105394,65.17165581,48.94678731,12.79645462,9.610701688
1.7650438,22.38524633,-6.1838447,1.729705898,114.0068568,-23.32910061,65.13823203,48.74987581,12.78989186,9.572038115
1.764060033,22.33762133,-6.1850009,1.729318556,113.7643052,-23.33346248,65.15042865,48.49512762,12.79228666,9.522018309
1.763043667,22.280586,-6.1581817,1.729016461,113.4738273,-23.23228468,64.86751604,48.48756235,12.73673677,9.520532867
1.7620693,22.237659,-6.164319867,1.728579684,113.2552024,-23.25544146,64.93226684,48.20418664,12.74945059,9.464892047
1.761059433,22.19232933,-6.162934633,1.728137496,113.0243409,-23.25021554,64.91765417,47.98793775,12.7465814,9.422431577
1.760108033,22.13264833,-6.118347167,1.727933501,112.7203888,-23.08200538,64.44730619,48.15433361,12.65422857,9.455103404
1.7590163,22.07717433,-6.0989728,1.727536487,112.4378627,-23.00891387,64.24292826,48.07618544,12.61409896,9.439759011
1.758048033,22.03943367,-6.104586933,1.727040859,112.2456515,-23.03009369,64.30215109,47.82475141,12.62572737,9.39038994
1.757099533,21.99856967,-6.1010947,1.726604113,112.0375333,-23.01691893,64.26531193,47.65347242,12.618494,9.35675931
1.7560898,21.95379233,-6.1072162,1.726155141,111.8094848,-23.04001283,64.32988692,47.36084888,12.6311733,9.299302677
1.755096033,21.926002,-6.154888467,1.725509402,111.6679501,-23.21986067,64.8327761,46.71642502,12.72991559,9.172770053
1.7540186,21.89063467,-6.1673762,1.724874885,111.4878262,-23.26697174,64.96450774,46.40456945,12.7557811,9.111537212
1.753056667,21.833174,-6.147847333,1.724632551,111.1951821,-23.19329737,64.75850001,46.3179331,12.71533148,9.094526164
1.752086133,21.78747833,-6.148967933,1.72423428,110.9624565,-23.19752493,64.77032109,46.07338645,12.71765255,9.046509429
1.751067233,21.74753067,-6.146400433,1.723715658,110.7590052,-23.18783881,64.74323683,45.89701939,12.71233455,9.011879756
1.7500434,21.70879633,-6.153064233,1.723176907,110.5617333,-23.21297858,64.81353248,45.62945186,12.7261371,8.959342872
1.749024133,21.66193067,-6.1495166,1.722744555,110.323049,-23.19959482,64.77610891,45.42819111,12.71878898,8.919825324
1.7480464,21.610544,-6.1268684,1.722410354,110.0613394,-23.11415249,64.53719569,45.40539479,12.67187837,8.915349268
1.747097133,21.57221733,-6.146826867,1.721941065,109.8661438,-23.18944757,64.74773522,44.9996596,12.71321781,8.835683163
1.746045167,21.53034533,-6.144627567,1.721413475,109.6528919,-23.18115051,64.72453506,44.80960792,12.70866246,8.798366514
1.7451134,21.49275767,-6.1561818,1.720952431,109.46146,-23.22473988,64.84641932,44.49629169,12.73259443,8.736846873
1.744042933,21.43959933,-6.139569267,1.720547684,109.1907274,-23.16206763,64.67117565,44.40080283,12.69818534,8.718097636
1.743050633,21.39505067,-6.128212767,1.720113282,108.9638435,-23.11922423,64.55137725,44.29371726,12.67466292,8.697071384
1.742056167,21.33129033,-6.107438067,1.719917307,108.6391155,-23.04084984,64.33222737,44.18813919,12.63163284,8.676341131
1.741091367,21.28807367,-6.1183605,1.719493724,108.4190154,-23.08205568,64.44744684,43.85281956,12.65425619,8.61050112
1.740127067,21.23612467,-6.088726033,1.719179999,108.1544419,-22.97025704,64.13483631,43.90085662,12.59287511,8.619933198
1.739041533,21.19014867,-6.088062933,1.718670238,107.9202886,-22.96775544,64.12784135,43.67369829,12.59150165,8.575330659
1.7380391,21.15095633,-6.108305133,1.718158624,107.7206842,-23.04412092,64.34137395,43.26056124,12.63342878,8.494211199
1.7370638,21.12178567,-6.116382933,1.717548638,107.5721195,-23.07459514,64.42658572,43.02678483,12.65016011,8.448309201
1.736025667,21.07939033,-6.126849467,1.717041435,107.3562024,-23.11408106,64.53699596,42.70045743,12.67183916,8.384234817
1.7350913,21.03087967,-6.141253,1.716714584,107.1091401,-23.16841966,64.68893715,42.30145402,12.70167281,8.305890497
1.734012433,20.990399,-6.1312084,1.71614267,106.9029743,-23.13052552,64.58297784,42.20124748,12.6808677,8.286214942
1.733021733,20.93585733,-6.1099785,1.715835013,106.6251965,-23.05043385,64.3590261,42.14742144,12.63689477,8.275646199
1.732101667,20.89437867,-6.122501533,1.715434398,106.4139479,-23.0976781,64.49113012,41.8040688,12.6628334,8.208228908
1.7310576,20.85705667,-6.134023167,1.714857727,106.2238689,-23.14114448,64.61267049,41.49244949,12.68669785,8.147042458
1.730097567,20.80553867,-6.108497133,1.714542871,105.9614905,-23.04484526,64.34339934,41.49934223,12.63382646,8.148395847
1.729045833,20.76203633,-6.102529533,1.714035932,105.7399355,-23.02233196,64.28044782,41.3407387,12.62146593,8.117254044
1.728069033,20.704292,-6.068018433,1.713782283,105.4458467,-22.89213579,63.91639425,41.41070348,12.54998401,8.130991629
1.727048033,20.65292967,-6.065760433,1.713404511,105.1842611,-22.88361728,63.89257487,41.17293726,12.54530708,8.084306231
1.7260465,20.60863,-6.054284733,1.712957757,104.9586453,-22.84032419,63.77151905,41.06837726,12.52153777,8.063775874
1.725068967,20.55615633,-6.0384059,1.712637369,104.6913997,-22.78041989,63.60401509,40.96863565,12.48864836,8.04419161
1.7240321,20.50815367,-6.036730467,1.712201656,104.4469247,-22.77409917,63.58634114,40.7418346,12.48517808,7.999659224
1.723034867,20.468032,-6.029148133,1.711706879,104.2425872,-22.74549415,63.50635599,40.61748226,12.469473,7.975242642
1.7220587,20.42807967,-6.030888433,1.711231049,104.0391121,-22.75205958,63.52471421,40.39564895,12.47307764,7.931685671
1.7210451,20.39345367,-6.038268867,1.710651082,103.8627638,-22.77990292,63.60256954,40.14144526,12.48836453,7.881772777
1.720079067,20.41603433,-6.217033067,1.709402263,103.9777659,-23.45430666,65.48833224,38.37068469,12.85863403,7.534083939
1.719029733,20.38183033,-6.235493667,1.708781278,103.8035668,-23.52395091,65.68307095,38.00174684,12.89687098,7.461642992
1.718056167,20.33991267,-6.245204,1.70833266,103.5900823,-23.560584,65.78550413,37.68582924,12.91698374,7.399612572
1.717034067,20.28377233,-6.224158133,1.708013624,103.3041626,-23.4811866,65.56349373,37.62191994,12.87339199,7.387063979
1.7160665,20.22597767,-6.179787,1.70776984,103.0098175,-23.31379258,65.09542782,37.79564071,12.78148725,7.421174054
1.715116333,20.17436267,-6.165177033,1.707466065,102.7469451,-23.25867519,64.94130899,37.68688713,12.75122602,7.399820287
1.714055333,20.132843,-6.176376167,1.706925029,102.5354876,-23.30092491,65.05944734,37.35729134,12.77442249,7.335104155
1.713041533,20.090091,-6.1689116,1.706446627,102.317754,-23.27276418,64.9807045,37.21830055,12.75896133,7.307813312
1.712054867,20.05677033,-6.197505467,1.705877246,102.1480536,-23.38063706,65.28233786,36.74696682,12.81818704,7.215266935
1.711058567,20.00485233,-6.1757606,1.705531133,101.8836381,-23.29860263,65.0529538,36.7119353,12.77314748,7.208388495
1.710045367,19.94976567,-6.151931467,1.705207801,101.6030846,-23.20870512,64.80158305,36.68275261,12.72379083,7.202658475
1.7090329,19.90434367,-6.147385433,1.704764169,101.3717528,-23.19155481,64.75362748,36.49937638,12.71437476,7.166652552
1.708060267,19.86701567,-6.169049733,1.704259007,101.1816433,-23.2732853,64.98216165,36.08073271,12.75924744,7.084451867
1.7070762,19.81017167,-6.1079453,1.703986817,100.8921399,-23.04276342,64.33757811,36.43581281,12.63268346,7.154171845
1.706046733,19.771043,-6.1315206,1.703447371,100.6928597,-23.13170332,64.5862712,35.98783952,12.68151435,7.06621229
1.705085833,19.72872933,-6.133680667,1.70301638,100.4773585,-23.13985237,64.60905749,35.749552,12.68598844,7.019424535
1.7040496,19.68168967,-6.128736633,1.70256924,100.237788,-23.12120056,64.55690346,35.56213554,12.67574799,6.982625313
1.703094467,19.63192967,-6.0983853,1.702237267,99.98436296,-23.00669748,64.23673079,35.62888321,12.61288209,6.995731217
1.702050467,19.59114967,-6.128244533,1.701703969,99.77667261,-23.11934407,64.55171236,35.10621129,12.67472872,6.893104586
1.701071267,19.52978033,-6.0764319,1.701493318,99.46412189,-22.92387633,64.00514693,35.34022599,12.5674106,6.939053374
1.7000432,19.49055167,-6.0921194,1.700956525,99.2643324,-22.98305881,64.17063254,34.9749509,12.5999037,6.867331608
1.6990518,19.45078667,-6.084397,1.700463115,99.06181139,-22.95392538,64.08916984,34.85389258,12.5839085,6.843561809
1.698055667,19.406831,-6.095776067,1.700017453,98.83794754,-22.99685391,64.20920629,34.50999229,12.60747765,6.776036986
1.6970672,19.363805,-6.087313333,1.699567815,98.61881844,-22.9649275,64.1199339,34.38013557,12.58994902,6.750539619
1.696037767,19.31575167,-6.082913067,1.69914017,98.37408539,-22.94832711,64.073516,34.18182042,12.58083487,6.71160044
1.6951017,19.27400067,-6.075260167,1.698726965,98.16144979,-22.91945587,63.99278645,34.04991437,12.56498362,6.685700687
1.694029167,19.23108633,-6.080985867,1.698191862,97.9428894,-22.94105658,64.05318619,33.77095424,12.57684311,6.630926865
1.693084433,19.18302333,-6.073340433,1.697849038,97.69810712,-22.9122135,63.97253541,33.60682275,12.56100733,6.598699646
1.6920861,19.13383933,-6.057448867,1.697466652,97.44761565,-22.85226116,63.80489713,33.52396956,12.52809155,6.582431423
1.691020667,19.08610167,-6.016523333,1.696999053,97.20449028,-22.69786597,63.37317845,33.71256287,12.44332359,6.619461719
1.690097867,19.070886,-6.1070976,1.696266804,97.12699771,-23.0395654,64.32863582,32.67961292,12.63092764,6.416641997
1.6890541,19.02164967,-6.070775367,1.695839641,96.87623971,-22.90253656,63.94547682,32.81201392,12.55569437,6.442638934
1.688037667,18.99635033,-6.142671267,1.695140039,96.74739156,-23.1737702,64.70389828,31.92474431,12.70461043,6.268423546
1.687046667,18.93343933,-6.0799858,1.694936895,96.42698922,-22.93728374,64.04263661,32.26560365,12.5747717,6.335351276
1.6860773,18.89610567,-6.1070439,1.69443507,96.23685086,-23.03936281,64.32806935,31.79003255,12.63081642,6.241972891
1.685072933,18.851576,-6.0919905,1.693988363,96.01006366,-22.98257253,64.16927279,31.72204191,12.59963671,6.228622929
1.684039933,18.79864467,-6.055651033,1.69361824,95.74048723,-22.84547868,63.78593199,31.83580627,12.52436775,6.250960561
1.683067133,18.742796,-6.028590367,1.693344851,95.45605297,-22.74338992,63.50047218,31.83683182,12.46831771,6.251161929
1.682078967,18.709527,-6.0492072,1.692773324,95.28661574,-22.82116875,63.71795675,31.44991003,12.51102081,6.175189833
1.681075667,18.67416,-6.081933967,1.692212936,95.10649351,-22.94463337,64.06318759,30.92455695,12.57880688,6.072036757
1.680090833,18.61243633,-6.027132867,1.692001089,94.79213819,-22.73789137,63.48509718,31.18829204,12.46529883,6.123821143
1.679058367,18.57163567,-6.0269238,1.691479583,94.58434259,-22.73710265,63.48289176,30.98270186,12.4648658,6.08345351
1.6781227,18.51578767,-5.9997382,1.691243319,94.29991172,-22.63454257,63.19611404,30.98504872,12.40855699,6.083914316
1.677085133,18.470626,-5.978387033,1.690771327,94.06990578,-22.55399341,62.97088307,30.98027375,12.36433289,6.08297675
1.6761097,18.420424,-5.9652826,1.69042459,93.81422969,-22.50455578,62.83264593,30.86283479,12.33719003,6.059917612
1.675082833,18.37939067,-5.9672802,1.689911598,93.60524913,-22.5120919,62.85371838,30.63278178,12.3413276,6.014746703
1.674056133,18.346835,-6.010451133,1.689292603,93.43944487,-22.67495806,63.30912352,30.01157238,12.4307464,5.892772237
1.6730953,18.29444067,-5.9635846,1.688987921,93.17260334,-22.49814992,62.81473393,30.23912045,12.33367301,5.937451301
1.672041833,18.255857,-5.9788413,1.688417651,92.9760988,-22.55570717,62.97567508,29.88167476,12.3652738,5.867266839
1.671059033,18.21260533,-5.987707433,1.687976506,92.75582039,-22.58915544,63.06920288,29.56786854,12.38363799,5.805650988
1.6700964,18.18961167,-6.017042967,1.68730183,92.63871488,-22.69982634,63.37866,29.14130591,12.44439989,5.721895416
1.669082667,18.144167,-6.005967767,1.686857215,92.40726763,-22.65804416,63.26182901,29.02668966,12.42146013,5.699390515
1.6681105,18.10398233,-6.003097533,1.686388295,92.20260929,-22.64721596,63.23155125,28.85230907,12.41551509,5.665150886
1.667071433,18.05262767,-5.977519367,1.68599236,91.94106273,-22.55072006,62.96173016,28.86058361,12.36253572,5.666775591
1.666035867,18.00494533,-5.97155,1.685553935,91.69821917,-22.5282001,62.89876,28.6807102,12.35017153,5.631457447
1.665078133,17.963575,-5.9788877,1.685114296,91.48752228,-22.55588222,62.97616454,28.39260877,12.36536991,5.574888732
1.664084667,17.91371467,-5.957157933,1.684745247,91.23358628,-22.47390475,62.74693977,28.36789755,12.32036162,5.570036683
1.663102833,17.87130467,-5.960327467,1.684294528,91.01759443,-22.4858621,62.78037481,28.11847066,12.32692659,5.521061714
1.6620463,17.814485,-5.905223367,1.683949566,90.72821492,-22.27797701,62.19908809,28.41037787,12.21279095,5.578377695
1.661109933,17.77200967,-5.906718567,1.683545132,90.51189033,-22.28361779,62.21486078,28.17828059,12.21588791,5.532805394
1.66008,17.72495967,-5.9169898,1.683104422,90.27226721,-22.32236692,62.32321082,27.83030743,12.23716244,5.464480863
1.659075033,17.675694,-5.902005833,1.682716425,90.02135982,-22.26583858,62.1651467,27.73746415,12.20612655,5.446251086
1.6580819,17.641091,-5.9106784,1.682156637,89.8451286,-22.29855661,62.2566326,27.46974704,12.22408981,5.393684831
1.6570556,17.59774767,-5.8946112,1.68167314,89.62438333,-22.23794168,62.08714158,27.41849279,12.19081025,5.383621059
1.656123667,17.55734067,-5.887719933,1.681247237,89.41859265,-22.21194376,62.01444641,27.28539727,12.17653655,5.357487755
1.6551024,17.52047233,-5.9206273,1.680687685,89.23082421,-22.33608971,62.36158238,26.75049286,12.2446967,5.252459273
1.654090567,17.46679833,-5.8955919,1.680348029,88.95746541,-22.24164145,62.09748687,26.74122958,12.19284155,5.250640428
1.6531068,17.427707,-5.9058102,1.679853816,88.75837535,-22.28019089,62.20527852,26.43434786,12.21400644,5.190384203
1.652089633,17.38119833,-5.879825433,1.679419093,88.52150921,-22.18216106,61.93116825,26.471592,12.16018489,5.197697088
1.651104433,17.35300967,-5.905828467,1.678786909,88.37794585,-22.28025981,62.20547121,26.05372567,12.21404427,5.115649034
1.650084433,17.307466,-5.892029933,1.678337267,88.1459944,-22.22820362,62.0599121,25.96733334,12.18546374,5.098685901
1.649080133,17.2469,-5.849901233,1.678091456,87.83753501,-22.06926938,61.61550135,26.10328469,12.09820369,5.12537995
1.648115033,17.212731,-5.871530067,1.677554265,87.66351413,-22.15086606,61.84366139,25.70110377,12.14300291,5.046411726
1.647057033,17.16576633,-5.852742967,1.67708442,87.42432561,-22.07999007,61.64547847,25.66009818,12.1040897,5.038360277
1.646099,17.12349433,-5.8632962,1.676655773,87.20903658,-22.11980307,61.7568033,25.33348432,12.12594833,4.974229647
1.645085367,17.07491,-5.8295568,1.676250577,86.96159919,-21.9925182,61.4008903,25.44195992,12.05606481,4.99552883
1.644092567,17.03190333,-5.835583867,1.675796364,86.74256854,-22.01525584,61.46446912,25.15935045,12.06854851,4.940038462
1.643054067,16.98335233,-5.812237567,1.675365884,86.49530091,-21.92717986,61.21819173,25.15836021,12.02019195,4.939844028
1.642102367,16.93408133,-5.786154733,1.675031221,86.24436635,-21.82878007,60.94304696,25.18257043,11.96616727,4.944597703
1.641114967,16.901367,-5.815110367,1.674453514,86.07775401,-21.93801776,61.24849656,24.71050849,12.0261423,4.851908341
1.640076033,16.84337633,-5.767179333,1.674140817,85.78241066,-21.7571937,60.74287768,24.92078401,11.92686403,4.893195941
1.639107733,16.79975767,-5.7700041,1.673718768,85.56026314,-21.76785038,60.77267582,24.66883836,11.9327149,4.843726411
1.638099067,16.758214,-5.773265533,1.673230367,85.34868347,-21.78015442,60.80708029,24.42285421,11.93947022,4.795427425
1.63703,16.72512167,-5.797970767,1.672575726,85.180146,-21.8733571,61.06769292,23.99370411,11.9906415,4.711163803
1.6360125,16.68274733,-5.784587533,1.672088894,84.96433579,-21.82286767,60.92651475,23.91907208,11.96292117,4.696509802
1.6349877,16.63779933,-5.771315267,1.671626993,84.73541805,-21.77279687,60.78650716,23.83016192,11.93543068,4.679052293
1.634013133,16.592446,-5.761206167,1.671220401,84.50443596,-21.7346594,60.67986744,23.70581955,11.91449197,4.654637668
1.633030233,16.54293367,-5.757863967,1.670857561,84.2522723,-21.72205065,60.64461096,23.48891237,11.90756936,4.612047944
1.631982067,16.50228067,-5.755414467,1.670318505,84.04522876,-21.7128097,60.61877148,23.30770832,11.90249578,4.576468528
1.630989733,16.45145533,-5.716869633,1.669962674,83.78637807,-21.56739591,60.21216652,23.45546258,11.8226589,4.605480077
1.629992733,16.41585533,-5.745116733,1.669411505,83.60506918,-21.67396059,60.51014189,22.97617833,11.88116636,4.511372614
1.6290262,16.36456833,-5.7069122,1.669087256,83.34386724,-21.52983061,60.10712672,23.11799156,11.80203433,4.539217642
1.628048833,16.32487933,-5.705222733,1.668606928,83.1417333,-21.52345695,60.08930474,22.9336796,11.79853498,4.503027989
1.626990433,16.28281267,-5.7154673,1.668075343,82.92749003,-21.56210548,60.19737347,22.61136759,11.81975428,4.439742026
1.626030867,16.25808,-5.757528,1.667425511,82.80152788,-21.72078319,60.64106689,22.04171203,11.90687348,4.327890156
1.6249855,16.22780233,-5.794240933,1.666759322,82.64732535,-21.85928597,61.02834734,21.50022905,11.982916,4.221569973
1.6239999,16.18120467,-5.7665793,1.66635728,82.41000594,-21.75493002,60.736548,21.55470898,11.9256212,4.232267108
1.6230175,16.130268,-5.7409207,1.666012777,82.15058824,-21.65813068,60.46587842,21.56596085,11.87247523,4.234476413
1.622028667,16.08362767,-5.7116677,1.665608036,81.91305152,-21.54777115,60.15729194,21.63701062,11.81188427,4.248427036
1.621011933,16.038775,-5.711637333,1.665153008,81.6846193,-21.54765659,60.1569716,21.40889873,11.81182137,4.203637267
1.619998367,15.99323867,-5.6888701,1.664709708,81.4527052,-21.46176519,59.91680271,21.41715352,11.76466421,4.205258094
1.6190007,15.955528,-5.708991367,1.664184304,81.2606468,-21.53767445,60.12905961,21.01283823,11.80634085,4.125870787
1.6180091,15.90195567,-5.6679867,1.663863609,80.98780579,-21.38298072,59.69650616,21.17255066,11.72140899,4.157230322
1.617061733,15.85816933,-5.6723345,1.663464593,80.76480435,-21.39938318,59.7423706,20.90368478,11.73041447,4.104438507
1.616032867,15.80631467,-5.639955533,1.663085119,80.50071131,-21.27723067,59.40080866,20.98115369,11.66334878,4.119649528
1.615014333,15.759862,-5.6346817,1.662648328,80.26413038,-21.25733467,59.3451756,20.80020581,11.65242523,4.084120411
1.614016433,15.71289333,-5.605019267,1.662238632,80.02492148,-21.14543052,59.03227005,20.87390246,11.59098623,4.098590749
1.613031133,15.66919367,-5.608300233,1.661800598,79.80236143,-21.15780825,59.06688059,20.61673188,11.597782,4.048095304
1.612010867,15.625994,-5.5804769,1.661321335,79.58234785,-21.05284227,58.77337549,20.69022339,11.54015228,4.062525363
1.611025133,15.57619033,-5.5594891,1.66095931,79.32870045,-20.97366394,58.55197764,20.65797385,11.49668081,4.056193165
1.6099978,15.52714867,-5.547044733,1.660546142,79.07893388,-20.92671646,58.42070347,20.53948145,11.47090513,4.032927182
1.609041667,15.49697833,-5.5844318,1.659967841,78.92527799,-21.06776248,58.81509527,19.99143375,11.54834396,3.925318018
1.607992367,15.454257,-5.559847833,1.659453555,78.70770053,-20.97501729,58.55576187,20.0331897,11.49742384,3.933516797
1.606965767,15.396033,-5.505979867,1.659156113,78.41116883,-20.77179563,57.98751498,20.30490489,11.38584857,3.986868075
1.606005267,15.35617867,-5.526832267,1.658694722,78.20819285,-20.85046315,58.20748451,19.88195938,11.42903958,3.903822723
1.604990267,15.313559,-5.5103211,1.658213463,77.99113318,-20.78817331,58.03331014,19.83907407,11.39484045,3.895402194
1.604016033,15.272986,-5.515960567,1.657747339,77.78449707,-20.8094487,58.09280022,19.57294789,11.40652132,3.843148318
1.603041067,15.22864933,-5.502891533,1.657327615,77.55869281,-20.76014462,57.95493651,19.48500734,11.37945178,3.82588119
1.601988967,15.18433867,-5.486659367,1.656830432,77.33302097,-20.69890733,57.78370528,19.43056672,11.34583053,3.815191776
1.601010367,15.14243233,-5.4856583,1.656376639,77.11959426,-20.69513072,57.77314514,19.22770016,11.34375705,3.775358926
1.600029367,15.10124167,-5.462149933,1.655911484,76.90981241,-20.60644333,57.52515812,19.26590532,11.2950648,3.78286051
1.599015667,15.06193567,-5.4692993,1.655390026,76.70962906,-20.63341495,57.60057596,18.99030414,11.30987309,3.728746218
1.5980134,15.007064,-5.432868,1.655074935,76.43017061,-20.49597465,57.21626642,19.09515522,11.23441391,3.749333728
1.5970075,14.969119,-5.456618133,1.654544233,76.23691877,-20.58557413,57.46680381,18.65136599,11.28360693,3.662195712
1.596001933,14.92625233,-5.438028333,1.6540755,76.01860114,-20.51544246,57.27070218,18.62914999,11.24510237,3.657833601
1.594981367,14.88182567,-5.4363289,1.653611303,75.79233851,-20.5090312,57.25277505,18.42081449,11.24158238,3.616926925
1.594037833,14.83874033,-5.416663,1.653207342,75.57290722,-20.43483985,57.04532177,18.40883649,11.20084893,3.614575044
1.592986133,14.79276067,-5.413701533,1.652731461,75.33873525,-20.42366746,57.0140816,18.20590468,11.19471492,3.574729384
1.592034433,14.74956767,-5.402581833,1.652320681,75.11875562,-20.38171741,56.89678119,18.10322547,11.17168299,3.554568322
1.591027533,14.703611,-5.388399267,1.651889312,74.88470079,-20.32821242,56.74717094,18.01878088,11.14230701,3.537987626
1.5900003,14.660673,-5.3675602,1.651399805,74.66601986,-20.2495952,56.52734206,18.01992884,11.09914361,3.538213027
1.5890299,14.61325533,-5.3449462,1.651023232,74.42452423,-20.16428189,56.28878961,18.01698566,11.05230384,3.537635134
1.588037233,14.59625233,-5.406624767,1.6502435,74.33792887,-20.39696973,56.93942962,17.27975029,11.18005701,3.392878969
1.5869933,14.56023967,-5.402734567,1.649650565,74.15451829,-20.38229361,56.89839235,17.13737698,11.17199934,3.364923969
1.586030867,14.515746,-5.414942433,1.649245341,73.92791444,-20.42834886,57.02717171,16.78199376,11.19728517,3.295144475
1.5849901,14.47119533,-5.3955401,1.648762497,73.70102029,-20.35515185,56.82249876,16.75977256,11.15709763,3.290781342
1.5840255,14.42524233,-5.3677457,1.648373382,73.46698413,-20.25029502,56.52929888,16.81893628,11.09952783,3.302398139
1.583027033,14.380113,-5.3570781,1.647940085,73.23714286,-20.21005055,56.41676761,16.70162628,11.07743232,3.27936432
1.5819817,14.342972,-5.3838121,1.647359881,73.04798574,-20.31090693,56.69878146,16.23045532,11.13280574,3.186849901
1.581065,14.29771833,-5.346655533,1.647009907,72.81751125,-20.1707305,56.30682117,16.39194111,11.05584434,3.218557637
1.579982333,14.25719233,-5.339725667,1.646434761,72.61111451,-20.14458696,56.23371882,16.25864673,11.04149069,3.192385285
1.579039633,14.22284433,-5.3554306,1.645922213,72.43618199,-20.20383521,56.39938833,15.9180447,11.0740199,3.125508076
1.578048033,14.17129733,-5.305518933,1.645576153,72.17365589,-20.01553904,55.87287598,16.18203095,10.9706392,3.177341776
1.577034467,14.12908733,-5.315201633,1.645091196,71.95868262,-20.05206788,55.97501765,15.86491601,10.99069472,3.115076259
1.576004967,14.08182767,-5.290451833,1.644653545,71.71799168,-19.95869707,55.7139349,15.88530782,10.93943112,3.119080191
1.5750007,14.03568533,-5.275732033,1.644227134,71.48299126,-19.90316533,55.55865744,15.80558485,10.90894239,3.103426585
1.574003067,13.993525,-5.2663142,1.643757489,71.26827094,-19.86763572,55.45930982,15.69021216,10.88943548,3.080773158
1.572996933,13.96004733,-5.3052826,1.643170607,71.09777099,-20.01464745,55.87038292,15.1086391,10.97014969,2.966581287
1.572045267,13.91650467,-5.273007067,1.64276424,70.87601053,-19.89288515,55.52991209,15.22734947,10.90329824,2.989890069
1.5710373,13.87444533,-5.2795472,1.642282996,70.6618046,-19.91755838,55.59890319,14.94415244,10.91684464,2.934284332
1.570029167,13.84437433,-5.309805867,1.641651452,70.50865461,-20.03171187,55.91809834,14.47180731,10.97951861,2.841539366
1.569023267,13.80150933,-5.287268133,1.641182365,70.29034547,-19.94668628,55.68035042,14.49124609,10.9328368,2.84535617
1.568001933,13.75952733,-5.276516433,1.640686786,70.0765334,-19.90612455,55.56693199,14.39085245,10.9105671,2.825643878
1.567044367,13.71301167,-5.254108567,1.640311751,69.83963161,-19.82158889,55.33055402,14.39032863,10.86415428,2.825541026
1.5660248,13.66976867,-5.244689933,1.63983373,69.61939733,-19.78605626,55.23119795,14.26945042,10.84464572,2.80180659
1.5649931,13.63096033,-5.259144933,1.63928804,69.42174858,-19.84058903,55.38368206,13.91931755,10.87458597,2.733058002
1.5640384,13.583371,-5.229518433,1.638929317,69.17937866,-19.72882044,55.07115557,13.98947413,10.8132214,2.746833245
1.563044133,13.534064,-5.196991767,1.638552539,68.92826076,-19.60611071,54.72803556,14.08147624,10.74584978,2.764897859
1.562044533,13.489032,-5.185024133,1.638116889,68.6989152,-19.56096176,54.60179039,13.97837585,10.72106154,2.744654098
1.561047633,13.45420067,-5.195718167,1.637556194,68.52152109,-19.60130594,54.7146005,13.68817163,10.74321181,2.6876725
1.5600061,13.40593167,-5.176192433,1.637119149,68.27568967,-19.52764339,54.50862581,13.64831489,10.70276868,2.679846629
1.559025133,13.360562,-5.149010667,1.636706362,68.0446244,-19.42509777,54.22188853,13.7039869,10.64646781,2.690777828
1.5580441,13.31841033,-5.145455033,1.636253208,67.82994822,-19.41168383,54.18438057,13.52681869,10.63910312,2.65599085
1.5569795,13.266255,-5.100847733,1.635841767,67.56432391,-19.24339885,53.71382336,13.73175158,10.54670922,2.696229423
1.556053767,13.22744433,-5.115698367,1.635402072,67.36666327,-19.29942418,53.87048096,13.37743334,10.57746894,2.626659037
1.554996733,13.20784433,-5.155236867,1.634590496,67.26684152,-19.44858666,54.28756799,12.86052457,10.65936397,2.525164
1.554039333,13.172211,-5.166802733,1.634079344,67.08536287,-19.49221992,54.40957496,12.55703894,10.68332004,2.465574596
1.5530594,13.12633767,-5.137932767,1.633673898,66.85173245,-19.38330542,54.10502905,12.62795443,10.62352245,2.479498853
1.552051533,13.085643,-5.1434703,1.633175664,66.6444767,-19.40419625,54.16344385,12.36228389,10.6349922,2.427334441
1.5510415,13.03743467,-5.120369767,1.63276936,66.39895425,-19.31704745,53.91975902,12.36044627,10.58714468,2.426973625
1.550004333,12.993677,-5.106550067,1.632280185,66.1760988,-19.26491141,53.77397661,12.28337323,10.55852031,2.411840333
1.5490699,12.95232933,-5.104781467,1.631863562,65.96551736,-19.25823921,53.75531986,12.09144854,10.55485705,2.37415592
1.548068767,12.91177633,-5.0878418,1.631370288,65.75898311,-19.19433282,53.57662529,12.06360885,10.51977038,2.368689598
1.547048533,12.872245,-5.0759837,1.630845118,65.55765215,-19.14959709,53.45153558,11.98736761,10.49520901,2.35371963
1.546003067,12.82371333,-5.053544367,1.63040743,65.31048298,-19.06494272,53.21482567,11.97690835,10.44873102,2.351665954
1.545028933,12.783958,-5.054812933,1.629931166,65.1080112,-19.0697285,53.22820763,11.76105461,10.45135857,2.309283073
1.543997567,12.74137967,-5.050153267,1.629433022,64.89116204,-19.0521495,53.17905335,11.59335973,10.44170712,2.276356182
1.543022933,12.69015033,-5.014929433,1.629099951,64.6302538,-18.91926447,52.80748124,11.70402359,10.36874894,2.298085033
1.5420218,12.65229033,-5.006853233,1.628572951,64.43743485,-18.88879629,52.72228635,11.59639954,10.35202092,2.27695305
1.541078533,12.60542533,-4.968805467,1.62821659,64.19875393,-18.74525773,52.3209249,11.75908007,10.2732136,2.308895371
1.5399872,12.56343667,-4.975717533,1.627651095,63.9849079,-18.77133411,52.39383948,11.47231946,10.28753038,2.252589925
1.539039167,12.52007767,-4.967344267,1.627246061,63.76408285,-18.73974522,52.30551087,11.33982301,10.27018706,2.226574249
1.538020567,12.46781267,-4.9238812,1.626881993,63.49790001,-18.57577696,51.84702405,11.532127,10.18016317,2.264333136
1.537033533,12.427437,-4.916923033,1.626400597,63.29226891,-18.54952667,51.77362316,11.39989678,10.16575091,2.238369734
1.536087933,12.382674,-4.916097333,1.626015579,63.06429335,-18.54641164,51.76491295,11.18063144,10.16404066,2.195316984
1.535003567,12.33635133,-4.879437433,1.625511327,62.8283745,-18.40810893,51.37819194,11.3314336,10.08810799,2.224926987
1.534000467,12.293881,-4.878669267,1.625040097,62.61207538,-18.40521095,51.37008864,11.12323777,10.0865169,2.184047737
1.533075467,12.25526533,-4.871726033,1.624598694,62.41540786,-18.37901699,51.29684528,10.99981362,10.07213557,2.159813404
1.532000067,12.19807167,-4.816532467,1.624239549,62.12412359,-18.17079438,50.71461478,11.29075984,9.957814612,2.216940695
1.531016267,12.16699233,-4.8577957,1.623644966,61.96583821,-18.32646358,51.14989582,10.69719343,10.04328204,2.10039393
1.5300254,12.12077333,-4.827503533,1.623232915,61.73044733,-18.2121837,50.83034728,10.78135108,9.980538689,2.116918285
1.528982,12.07781133,-4.807323633,1.622727543,61.51164417,-18.13605324,50.61747187,10.77542333,9.938740602,2.115754372
1.528046,12.04012167,-4.812092933,1.622263543,61.31969273,-18.15404585,50.66778266,10.5331611,9.948619126,2.068186182
1.526992033,11.99392267,-4.785733067,1.621788142,61.0844037,-18.05460092,50.3897155,10.57593923,9.894020639,2.076585668
1.5260426,11.95252433,-4.774472533,1.621357154,60.87356421,-18.01211957,50.27092945,10.4838858,9.870696998,2.058510976
1.525038867,11.904899,-4.757682633,1.620949848,60.63101095,-17.94877818,50.09381475,10.41844723,9.835920527,2.045662114
1.524009867,11.85241533,-4.729855067,1.620578119,60.36371446,-17.84379623,49.800265,10.44470049,9.778282033,2.050816941
1.523036533,11.83197767,-4.766692167,1.619860733,60.25962652,-17.98276745,50.18885527,9.952022281,9.854581732,1.954079575
1.5220272,11.78540333,-4.7387465,1.619434666,60.02242594,-17.87733995,49.89405969,10.00961728,9.796698621,1.965388353
1.521009033,11.742626,-4.721105567,1.618952214,59.80456328,-17.81078797,49.70796755,9.977846769,9.760159428,1.959150213
1.5200264,11.689558,-4.673249733,1.618634169,59.53429081,-17.63024761,49.20314194,10.2123999,9.66103692,2.00520472
1.519061567,11.64870567,-4.682801567,1.618180943,59.32623207,-17.66628274,49.30390312,9.903579986,9.680821377,1.94456793
1.518038733,11.60345233,-4.663738567,1.617724832,59.09575927,-17.59436589,49.10280975,9.874200554,9.641336695,1.938799279
1.516979667,11.56000633,-4.638841133,1.617209854,58.87449113,-17.50043812,48.84016963,9.91557253,9.589767308,1.946922666
1.516035433,11.51934467,-4.639167467,1.61677484,58.66740345,-17.50166924,48.84361209,9.705042394,9.590443233,1.905585074
1.515052633,11.47901433,-4.643410067,1.61629711,58.46200323,-17.51767483,48.88836678,9.454887481,9.599230817,1.856467157
1.514047167,11.43739167,-4.615084967,1.615812898,58.25002122,-17.41081589,48.5895686,9.541703652,9.540561795,1.873513512
1.512996167,11.39445667,-4.6111957,1.615299588,58.03135557,-17.39614328,48.54854118,9.364065424,9.532506061,1.838634246
1.5120151,11.35036167,-4.584698667,1.614870737,57.80678211,-17.29618088,48.26902707,9.419006072,9.477623465,1.849421842
1.511071967,11.31401667,-4.5958387,1.614382765,57.62167897,-17.33820764,48.38654198,9.116388027,9.500697518,1.790002789
1.510021267,11.275286,-4.597093767,1.613817102,57.42442577,-17.34294249,48.39978153,8.905895271,9.503297104,1.748672537
1.509011567,11.230189,-4.567872833,1.613372166,57.19474917,-17.23270394,48.09153332,8.98446689,9.442772567,1.764100074
1.5080083,11.191022,-4.564022067,1.612859401,56.99527375,-17.21817658,48.05091203,8.825612752,9.434796577,1.732909064
1.507029767,11.142082,-4.538097867,1.61249376,56.74602496,-17.12037525,47.77744067,8.849835323,9.381100475,1.737665166
1.506010667,11.09749033,-4.527790733,1.612033096,56.51892199,-17.08149068,47.66871192,8.731461108,9.359751585,1.714422389
1.505052,11.04820867,-4.4882426,1.6116916,56.26793311,-16.93229185,47.25152327,8.897660873,9.277836595,1.747055712
1.5040203,11.00929067,-4.500666,1.611147283,56.06972583,-16.97916022,47.38257627,8.568400593,9.303568851,1.682405456
1.503041367,10.966491,-4.480856267,1.610704344,55.85174943,-16.90442625,47.17360571,8.559394756,9.26253748,1.68063716
1.5020029,10.917965,-4.4338563,1.610273585,55.60460912,-16.72711472,46.67780854,8.808051611,9.165187707,1.729460934
1.501090233,10.88181567,-4.442977333,1.609813628,55.4205025,-16.76152463,46.77402526,8.527728282,9.184079859,1.674419448
1.499995467,10.83877767,-4.437013467,1.609257841,55.20131228,-16.73902541,46.71111312,8.371450194,9.171727062,1.643734246
1.499013233,10.78891727,-4.393603,1.608900026,54.94737594,-16.57525559,46.25318117,8.575445805,9.081812124,1.683788784
1.498019333,10.7475945,-4.388157067,1.608423625,54.73692131,-16.55471033,46.19573266,8.42243969,9.070532108,1.653746033
1.4970258,10.70210623,-4.374249533,1.607999756,54.50525202,-16.50224293,46.04902371,8.337479339,9.041725806,1.637064068
1.496078,10.65595307,-4.340803933,1.607629948,54.27019642,-16.37606645,45.69620998,8.455237474,8.972450829,1.660185878
1.4950257,10.61555003,-4.3497203,1.607083628,54.06442594,-16.40970423,45.79026769,8.155409284,8.990919061,1.601314613
1.4940291,10.57335443,-4.327712133,1.606615458,53.84952602,-16.32667648,45.55810611,8.172670943,8.945334134,1.60470394
1.493022467,10.5303215,-4.310121933,1.60614774,53.6303616,-16.26031589,45.37254914,8.139063494,8.908900024,1.598105117
1.492020633,10.5059481,-4.346595467,1.605451143,53.50622918,-16.39791552,45.75730419,7.630176029,8.984446677,1.498185063
1.491007533,10.4620978,-4.3296875,1.604987195,53.28290196,-16.33412872,45.57894402,7.585208975,8.949425658,1.489355782
1.490025733,10.42281473,-4.3389758,1.60449735,53.08283541,-16.36916965,45.67692521,7.287161234,8.968664266,1.430834108
1.489000933,10.3756764,-4.300060533,1.604062879,52.84276241,-16.22235837,45.26641261,7.457600843,8.888060115,1.464299926
1.4880368,10.33149673,-4.2886437,1.603652023,52.61775775,-16.17928736,45.14597776,7.353031018,8.864412734,1.44376764
1.486976567,10.2890299,-4.2765753,1.603123616,52.40147645,-16.13375825,45.01866962,7.264057861,8.83941578,1.426297761
1.4860868,10.25537793,-4.2890945,1.602655284,52.23008879,-16.18098804,45.1507332,6.960606623,8.865346464,1.36671511
1.485025167,10.20966737,-4.270740533,1.602166099,51.99728733,-16.11174608,44.95711935,6.921419016,8.827330384,1.359020624
1.484009833,10.1729035,-4.2724477,1.601611172,51.81005093,-16.11818652,44.97512805,6.716173916,8.830866392,1.318720748
1.483018233,10.12903017,-4.243822167,1.601169012,51.5866064,-16.01019416,44.67316064,6.794696799,8.771575091,1.334138716
1.482008833,10.08000687,-4.219191833,1.600773547,51.33693337,-15.91727405,44.41333812,6.804846279,8.72055894,1.336131567
1.481033533,10.0450645,-4.218807167,1.600235842,51.15897377,-15.91582286,44.40928032,6.630944487,8.719762191,1.30198595
1.480046767,9.9987498,-4.194796233,1.59982909,50.92309549,-15.8252395,44.15599178,6.648354743,8.670028987,1.305404454
1.478981333,9.955696467,-4.1827405,1.599302828,50.70382718,-15.77975818,44.02881726,6.556260954,8.645058269,1.287321838
1.478029667,9.9088046,-4.156500733,1.598938404,50.46500942,-15.68076634,43.75201702,6.594243435,8.590708542,1.294779698
1.477015733,9.867299333,-4.156007267,1.598444255,50.25362533,-15.67890469,43.7468115,6.388064864,8.589686438,1.254296536
1.476061233,9.822442067,-4.1278615,1.598051517,50.02516968,-15.5727223,43.44990509,6.456515624,8.531388865,1.267736843
1.475059367,9.783885167,-4.1259603,1.597532511,49.82880146,-15.56554985,43.42984955,6.280202941,8.52745096,1.233117847
1.4740355,9.743321533,-4.114302233,1.597016637,49.62221305,-15.52156877,43.30686997,6.196594121,8.503303918,1.216701256
1.473042533,9.698108233,-4.096146167,1.596589891,49.39194415,-15.4530734,43.11534374,6.157851443,8.465697743,1.209094131
1.472027233,9.6542017,-4.077730733,1.596124447,49.16833053,-15.38359955,42.92108148,6.128500086,8.427554349,1.203330992
1.4710777,9.6102347,-4.054457033,1.595725527,48.94440896,-15.29579746,42.67556993,6.150090064,8.379348157,1.207570184
1.4700153,9.5700529,-4.0590787,1.595166338,48.73976522,-15.31323311,42.72432336,5.896692893,8.388920891,1.157815649
1.4690513,9.5205575,-4.011374967,1.594822185,48.4876878,-15.13326656,42.22110224,6.147836598,8.290113425,1.207127716
1.4680406,9.484561333,-4.014474067,1.594262277,48.30436126,-15.14495819,42.25379428,5.931818011,8.296532508,1.164712466
1.467016767,9.4365349,-3.993881067,1.593839895,48.05976522,-15.06726927,42.03656113,5.904455121,8.253878778,1.159339763
1.4660173,9.392091267,-3.9784124,1.59339701,47.83341618,-15.00891236,41.87338397,5.841283245,8.221838942,1.146935965
1.465033433,9.352517733,-3.9782765,1.592908736,47.6318703,-15.00839967,41.87195038,5.641170959,8.221557456,1.107643918
1.464058367,9.314205833,-3.972076167,1.592413462,47.43674985,-14.98500836,41.80654378,5.511457104,8.208714872,1.082174602
1.4630866,9.268663433,-3.941240067,1.592012038,47.20480486,-14.86867645,41.48125736,5.60479853,8.144844883,1.100502191
1.4620056,9.2245741,-3.922958467,1.591483184,46.98026025,-14.7997075,41.28840689,5.57310439,8.106978694,1.094279047
1.461049233,9.183674167,-3.914065267,1.591039021,46.77195909,-14.76615712,41.19459357,5.458616556,8.088558447,1.071799361
1.460042433,9.1404877,-3.900348367,1.590573059,46.55201273,-14.7144089,41.04989559,5.38336818,8.060146999,1.057024342
1.459039467,9.0933876,-3.879407333,1.590159943,46.31213445,-14.635407,40.82899107,5.364394419,8.016772397,1.053298844
1.458059633,9.049981433,-3.8595268,1.589723699,46.09106918,-14.56040593,40.61927364,5.353046571,7.97559438,1.051070694
1.4569771,9.006447133,-3.848349967,1.58918636,45.86935133,-14.51824034,40.50137053,5.249231832,7.952444104,1.03068667
1.4560738,8.957523033,-3.8061261,1.588895753,45.62018352,-14.35894707,40.05595589,5.445478663,7.864986939,1.069219735
1.455032733,8.922003433,-3.824026667,1.58829951,45.4392841,-14.42647854,40.24478688,5.075748259,7.902063903,0.996623171
1.454041733,8.8772634,-3.799768067,1.587868805,45.21142552,-14.33496083,39.98888574,5.103790815,7.851817714,1.002129326
1.453041,8.837089233,-3.789816867,1.587371186,45.00682064,-14.29741905,39.88391169,5.00415999,7.83120606,0.982566814
1.452033533,8.794804567,-3.775452367,1.586893264,44.79146711,-14.2432277,39.73238225,4.94033589,7.801453255,0.970034952
1.451030867,8.749677333,-3.746519633,1.586455741,44.56163653,-14.13407641,39.42717422,5.015713344,7.741525659,0.984835315
1.450033567,8.708457967,-3.739408733,1.585974645,44.35170851,-14.10724991,39.35216217,4.880797379,7.726797042,0.958344565
1.449040533,8.664748,-3.726604,1.585529006,44.129096,-14.05894292,39.21708653,4.793260505,7.70027494,0.9411567
1.448064133,8.622780333,-3.715719633,1.585078181,43.91535693,-14.01788069,39.10226862,4.694339348,7.677730443,0.921733531
1.447022333,8.5815412,-3.6857009,1.584552832,43.70532824,-13.90463236,38.7856045,4.800974774,7.615553444,0.942671397
1.446083,8.531445667,-3.656580133,1.584240862,43.45019438,-13.7947717,38.47841293,4.853032485,7.555236379,0.952892928
1.4450645,8.4871216,-3.638646833,1.583777447,43.22445429,-13.72711674,38.28923664,4.816468685,7.518091614,0.945713626
1.4440534,8.444452933,-3.625222233,1.583300701,43.00714506,-13.67647125,38.1476221,4.740773997,7.4902856,0.930850974
1.443053967,8.403598333,-3.6162966,1.582812904,42.79907478,-13.64279851,38.05346664,4.62685918,7.471798174,0.9084838
1.4420192,8.362404467,-3.601022233,1.582294021,42.58927663,-13.58517461,37.89233912,4.578188542,7.440160787,0.89892732
1.441073267,8.314038133,-3.564100633,1.581953796,42.34294949,-13.44588461,37.50285747,4.721343057,7.363686065,0.927035709
1.440032967,8.268134933,-3.5526212,1.581488357,42.10916696,-13.40257743,37.38176227,4.608655728,7.339909022,0.904909552
1.439020733,8.2241502,-3.531208967,1.581026959,41.88515508,-13.32179789,37.15588712,4.610518997,7.295558436,0.905275405
1.4380477,8.184152433,-3.526175433,1.580554831,41.6814486,-13.30280844,37.10278896,4.459910676,7.285132613,0.875703461
1.4370401,8.141666867,-3.513975767,1.580079292,41.4650719,-13.25678412,36.9740961,4.372226828,7.25986377,0.858486738
1.4360811,8.100339867,-3.502637867,1.579637844,41.2545957,-13.21401089,36.85449392,4.281352822,7.236379881,0.840643627
1.4350435,8.0539209,-3.475058567,1.579181564,41.0181864,-13.10996554,36.5635631,4.335874338,7.179255614,0.851348926
1.4340625,8.009743233,-3.459822733,1.578753816,40.79319192,-13.05248702,36.40284207,4.271600883,7.147698041,0.838728833
1.433055333,7.969435067,-3.4514024,1.578251442,40.58790459,-13.02072056,36.31401696,4.15513867,7.130257229,0.815861478
1.431994767,7.923088067,-3.422314633,1.577771294,40.35186181,-12.91098439,36.0071735,4.225939347,7.070008517,0.829763191
1.431061567,7.877972433,-3.397093,1.577403092,40.12209031,-12.81583355,35.74111343,4.262227918,7.017767622,0.836888452
1.430055333,7.8352588,-3.373331867,1.576931776,39.90455208,-12.72619258,35.49046001,4.295343103,6.968551822,0.843390618
1.4290453,7.796833967,-3.385179467,1.576402949,39.70885646,-12.7708887,35.61543896,3.974668541,6.993091439,0.780426168
1.428038467,7.747999033,-3.356115567,1.576007692,39.46014277,-12.66124256,35.30884727,4.03254654,6.932892161,0.791790513
1.427030633,7.713670267,-3.361173167,1.575429769,39.28530821,-12.68032281,35.3621993,3.804359943,6.943367832,0.746986075
1.426045267,7.6673287,-3.3283039,1.575024754,39.0492931,-12.55632059,35.01546524,3.915078894,6.8752866,0.768725741
1.425043567,7.625933,-3.312018167,1.574541466,38.83846702,-12.49488123,34.84366894,3.876049119,6.841554396,0.761062245
1.424054633,7.579462033,-3.289806267,1.574134504,38.60179289,-12.41108487,34.6093582,3.873685725,6.795547482,0.760598192
1.423044267,7.537491133,-3.283870767,1.573649753,38.38803735,-12.38869267,34.5467453,3.722543083,6.78325344,0.730921334
1.422052333,7.4912747,-3.260418967,1.573236603,38.15265954,-12.30021868,34.299355,3.734555574,6.734678354,0.733279987
1.421076967,7.449208567,-3.2403624,1.572788045,37.93841898,-12.22455351,34.08778062,3.731889399,6.693135724,0.732756484
1.420035733,7.4060572,-3.217910367,1.57228721,37.71865139,-12.13985123,33.85093673,3.748965688,6.646631428,0.736109413
1.419035,7.360595533,-3.202069767,1.571855809,37.48711756,-12.08009117,33.68383609,3.684532504,6.613821217,0.723457957
1.4180512,7.315389933,-3.1780111,1.571438133,37.25688787,-11.98932772,33.43004402,3.70809488,6.563989144,0.72808443
1.417035133,7.277341533,-3.170299933,1.57089856,37.06310941,-11.96023667,33.34869983,3.595660621,6.548017211,0.706007963
1.416063633,7.2375142,-3.166754667,1.570425831,36.86027094,-11.94686184,33.31130122,3.430220757,6.540673995,0.673523846
1.4150331,7.189404833,-3.131025,1.569997787,36.61525253,-11.81206851,32.93439314,3.562110423,6.466668092,0.699420382
1.4140818,7.147592733,-3.123082,1.569570114,36.40230575,-11.78210284,32.85060336,3.432953425,6.450215969,0.674060405
1.4130396,7.102472933,-3.098634167,1.569092964,36.17251303,-11.68987123,32.59270601,3.461058049,6.399577826,0.679578748
1.412057867,7.0583388,-3.076115867,1.568663937,35.94774026,-11.60491895,32.3551631,3.473828199,6.352936274,0.682086167
1.411059967,7.022053233,-3.080398033,1.568120453,35.76293982,-11.6210738,32.40033517,3.243855681,6.361805811,0.636931063
1.410042033,6.979113433,-3.060890833,1.567640269,35.54424972,-11.54748117,32.19455599,3.230944764,6.32140107,0.634396004
1.409028233,6.929985867,-3.0295597,1.56724171,35.29404567,-11.4292817,31.86404752,3.311249178,6.256505731,0.650163776
1.4080569,6.889296833,-3.023829933,1.566779939,35.08681861,-11.40766565,31.80360488,3.164464757,6.244637819,0.621342655
1.4070531,6.846717067,-3.0065797,1.56630938,34.86996214,-11.34258762,31.62163418,3.129578993,6.208907872,0.614492835
1.4060502,6.801085933,-2.980565633,1.565877934,34.63756523,-11.24444725,31.34721483,3.171601437,6.155025632,0.622743942
1.405040133,6.760073167,-2.963729267,1.565381484,34.42868942,-11.18093057,31.16960996,3.140330488,6.120152916,0.616603891
1.404060533,6.719598767,-2.9629643,1.564908758,34.22255547,-11.17804467,31.16154042,2.942266088,6.118568461,0.577713946
1.403079767,6.672385833,-2.929843133,1.564519255,33.98210254,-11.05309214,30.81214909,3.051204478,6.049965475,0.599103999
1.402025333,6.634102533,-2.9288826,1.563944256,33.78712775,-11.04946844,30.80201654,2.866362242,6.047975948,0.562810226
1.401045733,6.5914814,-2.9154517,1.563498415,33.57006061,-10.99879919,30.66033554,2.790976098,6.020156884,0.548008157
1.400056167,6.543841067,-2.883218667,1.563105464,33.32743095,-10.87719722,30.32031303,2.888368948,5.953393464,0.567131243
1.399060733,6.503152667,-2.877531133,1.562619585,33.12020711,-10.8557405,30.26031591,2.741142239,5.941613029,0.538223279
1.398032967,6.459503667,-2.851800767,1.562138449,32.8979051,-10.75867041,29.98888927,2.790266864,5.888318409,0.547868899
1.3970661,6.417264633,-2.831964,1.561700556,32.68278397,-10.68383446,29.77963353,2.784401474,5.847231045,0.546717229
1.396072933,6.373581233,-2.815273833,1.561254451,32.46030677,-10.62086933,29.60357091,2.737986886,5.812661149,0.537603725
1.395046767,6.332079733,-2.804421267,1.560748021,32.24894186,-10.57992706,29.48908845,2.641104436,5.790182518,0.518580856
1.394030733,6.288966967,-2.783286967,1.560271904,32.02937085,-10.50019605,29.26614519,2.644476697,5.746407608,0.519243
1.393045833,6.245156933,-2.7664267,1.559835651,31.80624871,-10.4365892,29.0882882,2.599211538,5.711485389,0.510355185
1.392065467,6.1995648,-2.737051867,1.55942625,31.57405042,-10.32577005,28.77841651,2.676884943,5.650642082,0.525606358
1.391068533,6.160213633,-2.737499933,1.558922125,31.37363704,-10.32746042,28.78314312,2.471744962,5.651570151,0.485327123
1.390037767,6.112463633,-2.695998033,1.558489347,31.13044886,-10.17089083,28.34534441,2.66635548,5.565608376,0.523538898
1.3890537,6.0735634,-2.697132267,1.557992441,30.93233206,-10.17516983,28.35730931,2.456273786,5.567957683,0.482289358
1.388031867,6.027778933,-2.6680935,1.557543982,30.69915423,-10.06561852,28.05098275,2.52942252,5.507810462,0.496652112
1.387043733,5.9875493,-2.660863133,1.557059658,30.49426687,-10.03834132,27.97471045,2.400807453,5.492834397,0.471398543
1.386092133,5.946645433,-2.6464761,1.55662031,30.28594568,-9.984064964,27.82294332,2.344253394,5.46303492,0.460294154
1.385052733,5.9011607,-2.615113033,1.556150531,30.05429437,-9.865745023,27.49209798,2.443447423,5.398073439,0.479770901
1.3840675,5.857996,-2.600306133,1.555705863,29.83445887,-9.809884685,27.33590172,2.379808186,5.367404303,0.467275337
1.383053467,5.8143827,-2.581182233,1.555238014,29.61233868,-9.737738082,27.13416593,2.359423783,5.327793481,0.46327286
1.382072967,5.772569667,-2.565758367,1.554781153,29.39938715,-9.679550182,26.97146136,2.309176821,5.295846439,0.453406869
1.3810742,5.732378167,-2.537355967,1.554285717,29.194694,-9.572399618,26.67184776,2.404097275,5.237017307,0.4720445
1.380072367,5.702020467,-2.5715854,1.553664064,29.04008386,-9.70153318,27.03293006,1.888404841,5.307915817,0.37078829
1.379014867,5.660324433,-2.556872267,1.553128737,28.82772821,-9.646026584,26.87772293,1.831256311,5.277440897,0.359567177
1.378052333,5.617011667,-2.533704433,1.552708624,28.60713861,-9.558623886,26.63332816,1.855061488,5.229453984,0.364241323
1.3770287,5.576839,-2.531162733,1.552188086,28.40254138,-9.549035098,26.60651606,1.677276352,5.224189429,0.329333212
1.376077133,5.532625033,-2.505913967,1.551790226,28.17736202,-9.453781894,26.34016977,1.71844329,5.171892334,0.33741634
1.375078467,5.490720433,-2.485039467,1.551316344,27.96394415,-9.375030998,26.1199671,1.725228079,5.128655541,0.338748533
1.374050467,5.4491504,-2.471818933,1.55080894,27.7522302,-9.325155368,25.98050524,1.652975997,5.101272204,0.324561837
1.373046433,5.401188833,-2.430167067,1.550405545,27.50796452,-9.16802002,25.54112456,1.848090997,5.014999807,0.362872667
1.3720378,5.363652567,-2.439890767,1.549866991,27.31679433,-9.204703537,25.64369873,1.554346631,5.035140246,0.305195961
1.371036567,5.322248633,-2.422611467,1.549384273,27.10592632,-9.139515851,25.46142141,1.525755943,4.999350095,0.299582179
1.370091,5.2747971,-2.3870504,1.549032958,26.86425821,-9.005358585,25.08629187,1.659217378,4.925693409,0.325787332
1.3690732,5.235961267,-2.381745633,1.548501512,26.6664694,-8.985345883,25.0303325,1.51738793,4.914705787,0.29793912
1.368032767,5.192116233,-2.3532926,1.548010164,26.443169,-8.878004301,24.73018478,1.59423526,4.855771781,0.313028093
1.367052033,5.1493222,-2.338144533,1.547565355,26.22522129,-8.820856881,24.57038959,1.536082736,4.824395995,0.301609845
1.366100067,5.1072593,-2.321673567,1.547140156,26.0109972,-8.758718703,24.39663928,1.495608952,4.790280123,0.293662818
1.3650823,5.066917867,-2.3062862,1.546627599,25.80554045,-8.700668503,24.23431975,1.452471736,4.758408682,0.285192825
1.364076467,5.022399267,-2.283564067,1.546179287,25.57880961,-8.614947247,23.99462661,1.465434032,4.711344935,0.287737972
1.363095167,4.979612533,-2.266052733,1.545733819,25.36089907,-8.548884194,23.8099016,1.432248511,4.675074179,0.281221995
1.3620356,4.935025033,-2.2367544,1.545232636,25.13381733,-8.438353642,23.5008369,1.51423147,4.614389325,0.297319349
1.361040767,4.8958775,-2.2328044,1.544728061,24.93444105,-8.423451918,23.45916881,1.356523275,4.606207796,0.266353345
1.359983433,4.841902433,-2.2107698,1.544346675,24.65954893,-8.340324443,23.22672838,1.314071585,4.560568118,0.258017956
1.3589967,4.798631667,-2.189672,1.543901836,24.43917325,-8.260731128,23.00417015,1.316254127,4.51686881,0.258446498
1.357982467,4.7567517,-2.175905467,1.54341208,24.22588083,-8.208795664,22.8589486,1.248183261,4.488354557,0.245080783
1.3569728,4.7141331,-2.152210233,1.54293614,24.00882659,-8.119403302,22.60899035,1.281087273,4.439275255,0.251541486
1.355970867,4.671775367,-2.1317589,1.542464666,23.79310093,-8.04224884,22.39325162,1.281100343,4.396914955,0.251544052
1.354990433,4.631527733,-2.121521533,1.541988268,23.58812189,-8.003627469,22.28525883,1.184114096,4.375710571,0.232500803
1.353965067,4.588800433,-2.099346267,1.541497989,23.37051405,-7.919969316,22.05133453,1.200430554,4.329779535,0.235704539
1.352939867,4.546689833,-2.0826818,1.541000154,23.15604702,-7.857101143,21.87554301,1.161755046,4.295262871,0.228110603
1.3519757,4.506432567,-2.070985333,1.540540143,22.95101893,-7.812975189,21.75215835,1.080111612,4.271036292,0.212079915
1.3508585,4.456387367,-2.0520452,1.540049676,22.69614141,-7.741521862,21.55236109,1.025031354,4.231806101,0.201264906
1.349872233,4.4064851,-2.017343533,1.539688352,22.44199185,-7.610606758,21.18629726,1.136945625,4.159929467,0.223239273
1.348885267,4.368999,-2.015424633,1.539170836,22.25107716,-7.603367538,21.16605501,0.966273184,4.155954901,0.18972774
1.347863233,4.3275292,-1.9979405,1.538668143,22.03987369,-7.5374071,20.98161693,0.939507804,4.119740483,0.184472357
1.346909367,4.285949133,-1.974416967,1.538234997,21.82810865,-7.448662492,20.73346992,0.975889768,4.071016818,0.191615956
1.345818233,4.245345967,-1.955718667,1.537652351,21.6213189,-7.378121502,20.53622373,0.966346207,4.03228753,0.189742078
1.344881,4.201187267,-1.932010033,1.537268131,21.39642102,-7.288678588,20.28612412,0.991547928,3.983180472,0.194690436
1.343894933,4.1608426,-1.9193163,1.536787315,21.1909478,-7.240790357,20.15221941,0.91997942,3.956888281,0.180637959
1.3427821,4.1156795,-1.8972888,1.536240074,20.96093456,-7.157689667,19.91985388,0.922331707,3.91126331,0.181099831
1.341784567,4.065766333,-1.8805543,1.53586762,20.70672948,-7.094557287,19.7433236,0.844656919,3.876601588,0.165848386
1.340778233,4.024119167,-1.861989033,1.535382848,20.4946227,-7.024518178,19.54748076,0.828392969,3.838147848,0.162654959
1.3398251,3.9820938,-1.838222867,1.534956012,20.28058976,-6.934858214,19.29677424,0.865066555,3.788921623,0.169855818
1.3387661,3.940694267,-1.819616933,1.534415472,20.06974416,-6.864665686,19.10050242,0.850492776,3.750383651,0.166994257
1.337753133,3.9019479,-1.8083015,1.533887739,19.872411,-6.821977214,18.98113724,0.772524799,3.726946296,0.151685244
1.336779267,3.861851867,-1.791128567,1.533416008,19.66820406,-6.757190805,18.79998197,0.749473126,3.691376459,0.147159048
1.335793367,3.819277767,-1.7652724,1.532963278,19.45137645,-6.659646131,18.52722828,0.805399208,3.637821273,0.158140134
1.334758067,3.780118133,-1.7548704,1.532418387,19.25193855,-6.620403667,18.4174988,0.715690784,3.616275889,0.140525885
1.333791933,3.739479933,-1.7377434,1.53196118,19.04497038,-6.555790546,18.23682807,0.68939334,3.580801192,0.135362382
1.332758567,3.699610533,-1.720853133,1.531427111,18.84191766,-6.492070522,18.05865462,0.664514081,3.545816834,0.13047734
1.3317949,3.657499,-1.698593067,1.530990821,18.62744589,-6.408092454,17.82383577,0.684861151,3.499710154,0.134472487
1.3307379,3.617623033,-1.680368633,1.530433201,18.42435973,-6.339339168,17.63158835,0.674022416,3.461962373,0.132344301
1.329793267,3.579068433,-1.667973967,1.5299714,18.22800323,-6.292579193,17.50083846,0.608415803,3.436289631,0.119462443
1.328748967,3.5384949,-1.6483321,1.529435216,18.0213644,-6.218478515,17.2936387,0.608976738,3.395605958,0.119572582
1.3277315,3.496841,-1.6253596,1.528939395,17.80922333,-6.131812729,17.05130447,0.639169886,3.348023634,0.125501007
1.3267601,3.4577268,-1.609021133,1.528457835,17.61001681,-6.070174419,16.8789519,0.612315946,3.314182205,0.120228236
1.3257359,3.419795333,-1.600251133,1.527908663,17.41683389,-6.037088819,16.78643819,0.511646731,3.296017138,0.100461836
1.3247335,3.3781077,-1.576363433,1.527428331,17.20452101,-5.94697036,16.53444963,0.551322415,3.246539184,0.108252156
1.323790067,3.3373739,-1.553660333,1.526995021,16.99706595,-5.861320909,16.29495727,0.583359714,3.199514861,0.11454268
1.322798467,3.2977577,-1.5393378,1.526499548,16.79530278,-5.807287886,16.14387054,0.532683269,3.169848981,0.10459236
1.321781733,3.2600313,-1.527346933,1.525955275,16.60316425,-5.762051282,16.01738029,0.467034995,3.145012619,0.091702321
1.3207299,3.219326967,-1.505115733,1.525413195,16.39585926,-5.678182115,15.78286595,0.494244347,3.09896573,0.097044878
1.3197616,3.1816718,-1.490729967,1.524916463,16.20408352,-5.623910539,15.63111218,0.454222381,3.069168876,0.089186565
1.3188068,3.142913833,-1.473089833,1.524447042,16.00669128,-5.557361577,15.44502847,0.442913848,3.03263134,0.086966134
1.317772133,3.102651033,-1.451256633,1.5239166,15.80163501,-5.474993901,15.21471259,0.468173451,2.987408817,0.091925857
1.3167752,3.0650018,-1.443184333,1.523391161,15.60988948,-5.444540436,15.12955884,0.36158168,2.970688878,0.070996563
1.315695333,3.025076633,-1.418805867,1.52281129,15.40655275,-5.352570516,14.87239324,0.415410552,2.920194412,0.081565862
1.314806233,2.984944267,-1.397822533,1.522424781,15.20216077,-5.273409037,14.6510425,0.4323693,2.876732195,0.084895712
1.3137638,2.948171067,-1.392815133,1.521842871,15.01487684,-5.254518178,14.59822002,0.297907847,2.866360502,0.058494206
1.312720933,2.909679033,-1.372449,1.521282053,14.81883898,-5.17768514,14.38338006,0.316709954,2.824176674,0.062186
1.3117835,2.8704373,-1.352021367,1.520836057,14.61898294,-5.100620088,14.16789134,0.332342636,2.781865464,0.065255477
1.310728533,2.831988667,-1.3346754,1.520262595,14.42316611,-5.035180896,13.98491076,0.319506391,2.745937227,0.06273508
1.309759133,2.795402867,-1.3244327,1.519751371,14.2368366,-4.996539405,13.87686171,0.241225925,2.724721797,0.04736471
1.308774233,2.7565251,-1.298091067,1.519253351,14.03883422,-4.897163265,13.59898689,0.321098366,2.670161077,0.063047664
1.307753233,2.719308633,-1.289193667,1.518698425,13.84929276,-4.863597037,13.50512926,0.225414535,2.65173213,0.044260144
1.306774067,2.681134867,-1.267120633,1.518197321,13.65487582,-4.780324568,13.27228341,0.263843446,2.606012847,0.051805661
1.3057782,2.6433959,-1.250473567,1.517674072,13.46267329,-4.717522038,13.09667544,0.247248881,2.571532223,0.048547318
1.3048039,2.606679433,-1.238029267,1.517159585,13.2756783,-4.670574817,12.96540197,0.191527358,2.545756677,0.037606397
1.303765167,2.5686412,-1.220331433,1.516597217,13.08195162,-4.603808176,12.77870959,0.184493059,2.509099629,0.036225212
1.302772767,2.532603267,-1.207895833,1.516056132,12.89841236,-4.556893776,12.6475279,0.132135495,2.483342103,0.025944804
1.3018044,2.4939433,-1.185707267,1.515571917,12.70151923,-4.473185448,12.4134633,0.169306963,2.437383518,0.033243422
1.300759533,2.457803733,-1.1736625,1.514979638,12.51746235,-4.427745501,12.28640446,0.11230893,2.412435516,0.022051858
1.299824467,2.4211652,-1.1556235,1.514503408,12.33086427,-4.35969178,12.09611315,0.116002155,2.375071817,0.022777023
1.2987452,2.383982233,-1.1382896,1.513889796,12.14149342,-4.29429811,11.91325986,0.109484593,2.339168574,0.0214973
1.297724167,2.347587967,-1.1207015,1.51332454,11.95613938,-4.227945448,11.72772505,0.109665363,2.302738813,0.021532794
1.296757933,2.312217967,-1.107688233,1.512801257,11.77600187,-4.17885175,11.59044962,0.066803286,2.275784782,0.013116825
1.2957629,2.275315767,-1.088309,1.512268362,11.58806095,-4.10574188,11.38602034,0.083291636,2.235645095,0.016354313
1.294784,2.239012567,-1.07305483,1.511744099,11.4031707,-4.048194175,11.22510588,0.059315849,2.20404954,0.011646667
1.293778167,2.2037204,-1.060615663,1.511180242,11.22342959,-4.00126632,11.09388657,0.010794058,2.178284627,0.002119413
1.292756167,2.168192933,-1.04534335,1.510603164,11.04249011,-3.943650168,10.93278071,-0.009039569,2.146651493,-0.001774919
1.291777267,2.1321,-1.027005857,1.510076268,10.85867074,-3.874470354,10.73934064,0.000581139,2.108669534,0.000114107
1.2907262,2.096896533,-1.009299493,1.509466066,10.67938138,-3.807671533,10.55255828,0.008074136,2.071994817,0.001585357
1.289739933,2.061784867,-0.99720857,1.508919514,10.50055955,-3.762057457,10.42501254,-0.043201956,2.046951211,-0.008482704
1.288824033,2.025230933,-0.973904617,1.508461391,10.31439233,-3.674141233,10.17918185,0.016461511,1.998682356,0.003232218
1.287733733,1.991754633,-0.96652231,1.507790326,10.14389933,-3.646290829,10.10130676,-0.076156394,1.983391582,-0.014953308
1.2867855,1.957056,-0.95020911,1.507276635,9.967181054,-3.58474784,9.929220715,-0.080788626,1.949602487,-0.015862847
1.285738833,1.9219139,-0.930222303,1.506670065,9.788204227,-3.509345846,9.718382223,-0.048926961,1.908204349,-0.009606809
1.284783533,1.8885884,-0.918650437,1.506132111,9.618479246,-3.465689956,9.596311951,-0.09658167,1.884235852,-0.018963811
1.2837632,1.854749633,-0.904480157,1.505535552,9.446140226,-3.412231323,9.446831321,-0.11944006,1.85488533,-0.023452056
1.282750867,1.820655667,-0.887296377,1.504950189,9.272501485,-3.347403994,9.26556163,-0.11180911,1.819293026,-0.021953719
1.2817709,1.786512633,-0.871751607,1.504397807,9.098612851,-3.288759975,9.101581665,-0.121717779,1.78709556,-0.023899286
1.2807605,1.7535608,-0.85860167,1.503800074,8.930790935,-3.239150677,8.962864517,-0.150822547,1.759858448,-0.029614007
1.279770667,1.720456767,-0.843455217,1.503224813,8.762193871,-3.182009343,8.803086347,-0.159641441,1.728486004,-0.031345597
1.278787433,1.687508133,-0.827969193,1.502654206,8.594388252,-3.123586952,8.639726094,-0.164086807,1.696410218,-0.032218444
1.277765833,1.654645667,-0.813631437,1.502044154,8.427021475,-3.069496498,8.488478771,-0.180206261,1.666712807,-0.035383499
1.276834333,1.6210169,-0.795599303,1.501533798,8.255751974,-3.001468681,8.2982599,-0.161256892,1.629363331,-0.031662791
1.275741533,1.588435167,-0.778223317,1.50084903,8.089814956,-2.935916236,8.114962644,-0.143896653,1.593372915,-0.028254108
1.274792333,1.5569909,-0.768866183,1.500293617,7.929670996,-2.900615624,8.016255336,-0.205333305,1.573991735,-0.040317195
1.273734167,1.525316967,-0.756744423,1.499632114,7.768357355,-2.854885213,7.888384304,-0.238775914,1.548884258,-0.046883651
1.272779667,1.493443733,-0.7402518,1.499076773,7.60602869,-2.792665334,7.714405544,-0.227125819,1.514723529,-0.044596155
1.271803933,1.462096233,-0.72717782,1.498493615,7.446377557,-2.743342589,7.576489654,-0.248861062,1.487643744,-0.04886387
1.270785133,1.431702767,-0.717789073,1.497855442,7.291585264,-2.707922712,7.477448861,-0.304612562,1.468197084,-0.059810676
1.269810233,1.3993215,-0.696886103,1.497286064,7.126669213,-2.629064411,7.256945869,-0.249025621,1.424901321,-0.048896181
1.2687694,1.3695385,-0.687221727,1.496618213,6.974985994,-2.592604696,7.154997487,-0.298760457,1.404883756,-0.058661616
1.2677537,1.338976933,-0.671933173,1.495985246,6.819337577,-2.534927277,6.993720321,-0.293131709,1.373216985,-0.057556411
1.266785067,1.308528567,-0.65669354,1.495397927,6.664265682,-2.477434414,6.832959207,-0.28744249,1.34165154,-0.056439333
1.2657877,1.277994433,-0.643446763,1.49478295,6.508756982,-2.427459778,6.693220505,-0.303212489,1.314213846,-0.059535772
1.264774167,1.2485583,-0.631958347,1.494138055,6.358840336,-2.384118711,6.572030538,-0.331939167,1.290418196,-0.065176255
1.2637907,1.2193286,-0.618065673,1.493520641,6.209975045,-2.331707373,6.425478347,-0.334252268,1.261642673,-0.065630433
1.262743767,1.190136233,-0.607345283,1.492839294,6.06129989,-2.291263754,6.312390204,-0.369839279,1.239437817,-0.072617943
1.261793467,1.1609653,-0.59042907,1.492254311,5.912733894,-2.227445844,6.133943043,-0.339958114,1.204399716,-0.066750776
1.260744167,1.132360933,-0.57741231,1.491563233,5.767053391,-2.178338967,5.99663076,-0.348326334,1.17743845,-0.068393876
1.2597846,1.104088833,-0.565935113,1.490957728,5.623065105,-2.135040228,5.875559151,-0.371243012,1.153666039,-0.072893565
1.2587855,1.076624533,-0.55344081,1.490302572,5.483190901,-2.087904365,5.743758203,-0.379316267,1.127786923,-0.074478749
1.257797467,1.04895687,-0.541734873,1.48966103,5.342280978,-2.043742684,5.620273642,-0.39674163,1.10354073,-0.077900219
1.256786,1.021125703,-0.528486033,1.488998102,5.200538341,-1.993760265,5.480513175,-0.398723799,1.076098762,-0.078289418
1.2558026,0.993842263,-0.515032737,1.488356382,5.061585247,-1.943006514,5.338595918,-0.395759635,1.048233308,-0.077707404
1.254813767,0.967316733,-0.505205453,1.487699737,4.926492148,-1.905932219,5.234929052,-0.427185869,1.027878319,-0.083877945
1.253760167,0.94122626,-0.494276337,1.486972876,4.79361477,-1.864701161,5.119639075,-0.444773271,1.005241132,-0.087331232
1.252743333,0.914482337,-0.479723443,1.486290966,4.657409405,-1.809799085,4.966122301,-0.427461862,0.975098114,-0.083932137
1.251787533,0.888828913,-0.468950173,1.485656433,4.526757898,-1.769155971,4.852476333,-0.4444674,0.952783728,-0.087271174
1.2507622,0.86344727,-0.45882389,1.484948962,4.397490553,-1.730953673,4.745655351,-0.466913764,0.931809428,-0.091678518
1.2497789,0.8378914,-0.444925407,1.484285707,4.26733588,-1.678520416,4.599041872,-0.450454957,0.903021872,-0.088446831
1.2487589,0.813506723,-0.436372887,1.483571084,4.143146032,-1.646255278,4.508822336,-0.48442527,0.885307266,-0.095116902
1.2477716,0.788797437,-0.42383293,1.482893227,4.017302962,-1.598947184,4.376539796,-0.477985799,0.859333589,-0.093852512
1.246818533,0.76509146,-0.41410964,1.482237038,3.896569697,-1.562265213,4.273969944,-0.496149212,0.839193999,-0.097418898
1.2457576,0.741268793,-0.403632373,1.481474444,3.775242136,-1.522738799,4.16344648,-0.50695331,0.817492716,-0.099540282
1.244837767,0.718237337,-0.394072307,1.480843041,3.657944164,-1.486672602,4.062598452,-0.523403253,0.797691206,-0.102770229
1.243768333,0.694992323,-0.382366557,1.480064713,3.53955856,-1.442511626,3.939115861,-0.518306266,0.773445399,-0.101769435
1.242784833,0.6722398,-0.372055053,1.47936615,3.423681182,-1.403610568,3.830341015,-0.525408799,0.752087458,-0.103164018
1.2417872,0.64975192,-0.360627127,1.47865014,3.309151617,-1.360497705,3.70978915,-0.519386498,0.7284171,-0.101981539
1.2407726,0.628383737,-0.354091087,1.477903141,3.200324607,-1.335839917,3.640841226,-0.559265584,0.714879175,-0.109811797
1.2397989,0.6064108,-0.342162393,1.477204615,3.088417622,-1.290837867,3.515006832,-0.545338176,0.690171591,-0.107077151
1.2388338,0.58516234,-0.332036737,1.476505617,2.980200357,-1.252637932,3.408192461,-0.54674107,0.66919859,-0.107352609
1.237746433,0.564403953,-0.322921913,1.475678214,2.874479009,-1.218251456,3.312041253,-0.55631121,0.6503193,-0.109231706
1.236828667,0.54412238,-0.31398022,1.475014441,2.771186045,-1.184518127,3.217716373,-0.565279293,0.63179861,-0.110992589
1.235785467,0.52422442,-0.30584391,1.47422043,2.669846804,-1.153823179,3.131887388,-0.580789549,0.614946089,-0.114038028
1.234797633,0.504274977,-0.29525401,1.47348243,2.568245361,-1.113871845,3.020175768,-0.570679372,0.593011512,-0.112052895
1.233795533,0.48537762,-0.286558567,1.472716988,2.472002139,-1.081067517,2.928448551,-0.575195377,0.575000873,-0.112939612
1.232744067,0.465823283,-0.278897653,1.471910406,2.372412953,-1.052166044,2.84763447,-0.593970482,0.559133028,-0.116626104
1.2316173,0.4448283,-0.26756887,1.471046567,2.265486631,-1.009427208,2.728128456,-0.58139079,0.535668022,-0.114156082
1.2306207,0.425821613,-0.258603167,1.470287994,2.168686597,-0.9756033,2.633550297,-0.583612666,0.517097601,-0.114592347
1.229613233,0.408522757,-0.252069397,1.469497167,2.08058445,-0.950954075,2.56462632,-0.602790836,0.503564378,-0.118357981
1.2285956,0.390212047,-0.243495613,1.468708844,1.987328987,-0.91860872,2.47418248,-0.605602457,0.48580573,-0.118910043
1.227515067,0.372177303,-0.235058477,1.467854166,1.895479009,-0.886778876,2.385180109,-0.608450066,0.468330114,-0.11946917
1.226476767,0.355828217,-0.227610383,1.467020611,1.812213989,-0.858680286,2.306611041,-0.613146018,0.452903078,-0.120391221
1.225504967,0.33994907,-0.220406643,1.466247671,1.731342348,-0.83150354,2.230619628,-0.618026246,0.437982164,-0.121349453
1.224489967,0.324658383,-0.214366153,1.465424162,1.653467702,-0.808715258,2.166899204,-0.632180467,0.425470659,-0.124128635
1.223463367,0.309352557,-0.206225747,1.464589241,1.575515949,-0.778004854,2.081027004,-0.62426002,0.408609652,-0.122573455
1.222499933,0.294705867,-0.199613477,1.463809234,1.500921144,-0.753059481,2.011274939,-0.62910276,0.394913834,-0.123524327
1.221519367,0.28055222,-0.193646097,1.463005918,1.428837382,-0.730547013,1.948325743,-0.638237326,0.38255376,-0.125317899
1.220491733,0.26687742,-0.186632713,1.462149538,1.359192361,-0.704088404,1.874342381,-0.633898985,0.368027126,-0.124466066
1.2195046,0.25313384,-0.180332477,1.461334521,1.289197046,-0.680320205,1.807881919,-0.637433838,0.354977615,-0.125160134
1.218512933,0.240136017,-0.17508373,1.46050563,1.22299983,-0.660518844,1.752513503,-0.648262638,0.344106026,-0.127286369
1.2174902,0.227358097,-0.168546217,1.459642919,1.15792257,-0.635855497,1.683550037,-0.644376432,0.33056505,-0.126523312
1.216475767,0.215009503,-0.162529977,1.458783131,1.095031848,-0.6131587,1.620085423,-0.643802541,0.318103773,-0.126410629
1.215536333,0.203138323,-0.157583123,1.457992364,1.034572566,-0.594496259,1.567901645,-0.652078044,0.307857488,-0.128035524
1.214509333,0.191480013,-0.152627597,1.457111365,0.97519742,-0.575801097,1.515626372,-0.659177918,0.297593238,-0.129429584
1.213488,0.18022555,-0.1468921,1.456230975,0.917879043,-0.554163429,1.455123287,-0.655993209,0.285713457,-0.128804267
1.212440167,0.169457557,-0.141868953,1.455317993,0.863038231,-0.535213164,1.402134698,-0.657845433,0.275309148,-0.129167951
1.211474933,0.159066573,-0.13750364,1.45448289,0.810117511,-0.518744633,1.356085517,-0.664716971,0.266267391,-0.130517177
1.210517667,0.14900044,-0.13256409,1.453651684,0.758851235,-0.500109745,1.303978781,-0.663876511,0.256036234,-0.130352153
1.209503067,0.139222917,-0.128436083,1.452759532,0.709054834,-0.484536475,1.26043292,-0.670127051,0.247486004,-0.131579446
1.208473233,0.12995738,-0.12423384,1.451845734,0.661865954,-0.46868314,1.216103945,-0.672986957,0.23878201,-0.132140989
1.207537133,0.12099252,-0.11999556,1.451021904,0.616208403,-0.452693854,1.171394824,-0.673935386,0.230003374,-0.132327213
1.206460633,0.112219453,-0.115784857,1.450055272,0.571527646,-0.436808604,1.126976605,-0.674197925,0.221281856,-0.132378762
1.2055295,0.103719611,-0.111344433,1.449230585,0.528238404,-0.420056715,1.080135098,-0.670645659,0.212084526,-0.131681275
1.204482033,0.095773862,-0.108370976,1.448282625,0.487771133,-0.408839085,1.048768447,-0.679746279,0.205925685,-0.133468182
1.203471967,0.087992735,-0.104485662,1.447370004,0.448142273,-0.394181395,1.007782723,-0.678389415,0.197878138,-0.133201762
1.2025412,0.080449966,-0.100853696,1.446533698,0.409727354,-0.380479482,0.969469537,-0.678491148,0.190355344,-0.133221737
1.201457933,0.073272638,-0.097646283,1.445540316,0.373173608,-0.368379232,0.935634908,-0.681210265,0.183711914,-0.133755635
1.200513667,0.066325764,-0.094404873,1.444683047,0.337793552,-0.356150725,0.901441648,-0.682397061,0.176998068,-0.133988663
1.199516833,0.059775883,-0.091188009,1.44376824,0.304435359,-0.344014821,0.867507325,-0.681820932,0.170335063,-0.13387554
1.198539267,0.053579902,-0.088045212,1.442868268,0.27287956,-0.332158343,0.83435433,-0.680223735,0.163825473,-0.13356193
1.197375967,0.046910555,-0.085907435,1.44178849,0.238912938,-0.324093389,0.811803166,-0.691639194,0.159397552,-0.135803356
1.196303167,0.039474344,-0.082178096,1.440808816,0.201040715,-0.310024129,0.772462808,-0.690171058,0.151673072,-0.135515087
1.195197367,0.033152312,-0.079422141,1.439782189,0.168842945,-0.299627047,0.743390563,-0.693296583,0.145964737,-0.136128784
1.1941873,0.027947141,-0.07716197,1.438837309,0.142333287,-0.291100352,0.719548283,-0.695963961,0.141283305,-0.136652524
1.193201333,0.022782721,-0.074861907,1.437916018,0.116031172,-0.282423159,0.69528518,-0.698002973,0.136519245,-0.137052884
1.192206567,0.018034706,-0.072402805,1.436980712,0.091849789,-0.273145982,0.669344407,-0.696243583,0.131425774,-0.136707428
1.1911757,0.013519921,-0.070029885,1.436006386,0.06885623,-0.264193929,0.644312743,-0.694205479,0.126510807,-0.136307246
1.1902315,0.00909934,-0.068066606,1.435117546,0.046342449,-0.256787285,0.623602342,-0.696008858,0.12244432,-0.136661339
1.189185767,0.004948006,-0.065930955,1.434123801,0.025199929,-0.248730356,0.601073616,-0.694622652,0.118020804,-0.136389158
1.1882107,0.00102639,-0.06470776,1.433197846,0.005227352,-0.244115742,0.588170268,-0.701691881,0.115487232,-0.137777201
1.187154667,-0.002718409,-0.062581431,1.43218871,-0.013844712,-0.23609398,0.565739878,-0.698333555,0.111083025,-0.137117793
1.1862006,-0.006280503,-0.061349989,1.431279253,-0.031986263,-0.231448256,0.55274954,-0.703484768,0.108532372,-0.138129234
1.185205,-0.009739033,-0.059317732,1.430326965,-0.049600371,-0.223781385,0.531311491,-0.699660827,0.104323011,-0.137378403
1.184199233,-0.012934916,-0.057530558,1.429361222,-0.065876832,-0.217039115,0.512458808,-0.697084605,0.100621287,-0.136872562
1.183199233,-0.015973115,-0.05638167,1.42839927,-0.081350218,-0.212704834,0.500339322,-0.700438506,0.098241626,-0.137531101
1.1821849,-0.018737521,-0.054908205,1.427419556,-0.095429186,-0.207146055,0.484795905,-0.698974056,0.095189676,-0.137243556
1.181193733,-0.021609328,-0.053556799,1.426464354,-0.110055145,-0.202047756,0.470540081,-0.699344191,0.092390545,-0.137316232
1.180214733,-0.02432269,-0.052587823,1.425519334,-0.123874155,-0.198392211,0.460318473,-0.702941593,0.090383532,-0.138022582
1.1791943,-0.02682661,-0.050946527,1.424530259,-0.136626485,-0.192200277,0.443004633,-0.698380083,0.08698396,-0.137126929
1.178195433,-0.029153147,-0.04974055,1.423560528,-0.148475411,-0.187650622,0.430282922,-0.697507299,0.084486052,-0.136955558
1.1771939,-0.031487679,-0.048654768,1.422588231,-0.160365059,-0.183554413,0.418829135,-0.697943159,0.082237101,-0.137041139
1.176187733,-0.033534199,-0.048294125,1.421607693,-0.170787875,-0.182193853,0.415024747,-0.704561587,0.081490109,-0.138340668
1.175210333,-0.035560769,-0.047232613,1.420655673,-0.181109088,-0.178189207,0.403826984,-0.703685037,0.079291428,-0.138168557
1.1741596,-0.037551804,-0.046355156,1.419629874,-0.19124932,-0.174878921,0.394570789,-0.704569074,0.077473974,-0.138342138
1.173191633,-0.039270219,-0.045635632,1.418683427,-0.200001114,-0.172164453,0.386980614,-0.705730693,0.075983644,-0.138570222
1.172211733,-0.041005926,-0.044590559,1.417725264,-0.208840976,-0.168221823,0.375956261,-0.703546202,0.073819012,-0.138141297
1.171216933,-0.042688997,-0.043590439,1.416751542,-0.217412766,-0.164448783,0.365406115,-0.701567847,0.071747491,-0.137752847
1.1702019,-0.043966735,-0.04308404,1.41575251,-0.223920221,-0.16253835,0.360064175,-0.702733361,0.070698601,-0.137981695
1.169209567,-0.045306639,-0.042227402,1.414776957,-0.230744278,-0.159306607,0.3510276,-0.700520844,0.068924269,-0.137547268
1.168187267,-0.046785752,-0.041573507,1.41377318,-0.238277321,-0.15683973,0.344129738,-0.701156025,0.067569874,-0.137671985
1.167197,-0.048040438,-0.040913485,1.412798626,-0.244667371,-0.154349738,0.33716724,-0.700583576,0.066202788,-0.137559585
1.166187,-0.049209664,-0.040395677,1.411803269,-0.250622176,-0.152396263,0.331704947,-0.701076089,0.065130266,-0.13765629
1.165224367,-0.050424617,-0.039219639,1.410855851,-0.256809863,-0.147959554,0.319299056,-0.694857885,0.06269437,-0.136435346
1.164211233,-0.051427034,-0.039060672,1.409855271,-0.261915123,-0.147359838,0.317622135,-0.698286223,0.062365106,-0.1371085
1.1632192,-0.052436206,-0.03849292,1.408875876,-0.267054781,-0.145217944,0.311632985,-0.697436732,0.061189137,-0.136941702
1.162208467,-0.053306083,-0.038131129,1.407876037,-0.271485017,-0.143853054,0.307816491,-0.698050473,0.060439768,-0.13706221
1.1612101,-0.054192494,-0.037791874,1.406888771,-0.275999458,-0.142573186,0.304237733,-0.698986157,0.059737079,-0.137245932
1.160229433,-0.054924197,-0.037207838,1.405917267,-0.279725986,-0.140369858,0.298076805,-0.696551757,0.058527381,-0.136767937
1.159191333,-0.055626575,-0.03689219,1.404887963,-0.283303158,-0.139179048,0.294747071,-0.696799194,0.057873587,-0.136816522
1.158218967,-0.056357875,-0.036418351,1.403924755,-0.287027631,-0.137391448,0.289748596,-0.695525192,0.056892137,-0.136566371
1.1571612,-0.056870182,-0.035973399,1.402873404,-0.289636783,-0.135712826,0.285054845,-0.693440594,0.055970519,-0.136157061
1.156214167,-0.057410897,-0.035571098,1.401933142,-0.292390615,-0.134195112,0.280811026,-0.691950607,0.055137245,-0.135864502
1.1552236,-0.058038538,-0.035267233,1.400950436,-0.295587154,-0.133048752,0.277605583,-6.92E-01,0.054507856,-0.135862753
1.154223467,-0.05852894,-0.034611399,1.399956444,-0.298084745,-0.130574561,0.27068727,-0.68752098,0.053149445,-0.134994744
1.1531968,-0.058959644,-0.034512651,1.398935171,-0.300278301,-0.130202027,0.269645592,-0.688672858,0.052944912,-0.135220916
1.152238133,-0.059419053,-0.034173688,1.397982258,-0.302618046,-0.128923259,0.266069911,-0.687436922,0.052242827,-0.13497824
1.151186333,-0.059873751,-0.033796332,1.396936152,-0.304933798,-0.127499649,0.262089223,-0.685771987,0.051461219,-0.13465133
1.150242767,-0.060254713,-0.0334609,1.395997357,-0.306874016,-0.126234201,0.258550786,-0.684173768,0.050766447,-0.134337519
1.149175767,-0.060559167,-0.03287003,1.394934169,-0.308424585,-0.124005093,0.252317771,-0.679491322,0.049542594,-0.133418121
1.148205833,-0.060767673,-0.032806922,1.393966847,-0.309486494,-0.123767012,0.251652052,-0.679887511,0.04941188,-0.133495913
1.147195233,-0.061003449,-0.032667227,1.3929592,-0.31068729,-0.123240002,0.25017843,-0.679614685,0.049122535,-0.133442343
1.1462162,-0.061217548,-0.03261005,1.391982848,-0.311777683,-0.123024295,0.249575273,-0.680101921,0.049004105,-0.133538012
1.145182033,-0.061522288,-0.032092128,1.390952497,-0.313329705,-0.121070388,0.24411177,-0.676190441,0.047931346,-0.132769993
1.144228333,-0.061530658,-0.031945983,1.389998902,-0.313372337,-0.120519043,0.242570104,-0.674691406,0.04762864,-0.132475658
1.1432208,-0.061672652,-0.031624892,1.388993147,-0.314095501,-0.1193077,0.239182956,-0.672027422,0.046963573,-0.131952584
1.142233067,-0.06185626,-0.03138758,1.388007713,-0.315030609,-0.118412418,0.236679576,-0.67045915,0.046472035,-0.131644654
1.1412443,-0.061998793,-0.031283044,1.387020732,-0.315756522,-0.118018049,0.235576845,-0.670082331,0.046255513,-0.131570666
1.140181267,-0.062081682,-0.030794907,1.385958736,-0.316178671,-0.116176507,0.230427537,-0.665355173,0.045244447,-0.130642488
1.139220033,-0.06217491,-0.030578164,1.38499867,-0.316653476,-0.115358826,0.228141144,-0.663543585,0.044795514,-0.130286783
1.138222467,-0.062295101,-0.030344911,1.384002609,-0.317265604,-0.114478858,0.225680586,-0.661695155,0.044312383,-0.129923844
1.137178767,-0.062360731,-0.030067718,1.382959731,-0.317599854,-0.113433122,0.222756505,-0.659105325,0.04373824,-0.129415331
1.136185733,-0.062274478,-0.029975423,1.381965617,-0.317160572,-0.113084932,0.2217829,-0.657692437,0.043547072,-0.12913791
1.135196933,-0.062294541,-0.029866199,1.380977069,-0.317262752,-0.112672876,0.220630712,-0.656642429,0.04332084,-0.128931741
1.134178667,-0.062239005,-0.02966517,1.379958106,-0.316979908,-0.111914475,0.218510077,-0.654238951,0.042904454,-0.128459818
1.133205167,-0.062235316,-0.029404206,1.37898456,-0.316961119,-0.110929967,0.215757202,-0.651467286,0.042363927,-0.127915602
1.132201467,-0.062188437,-0.029391014,1.377980273,-0.316722367,-0.110880199,0.215618041,-0.651089373,0.042336602,-0.127841398
1.131218067,-0.061997602,-0.029174362,1.376994483,-0.315750458,-0.110062859,0.213332601,-0.647832023,0.041887856,-0.127201818
1.130191367,-0.062008262,-0.029118266,1.375967917,-0.315804745,-0.109851232,0.212740851,-0.647294561,0.041771666,-0.127096287
1.1292029,-0.061976776,-0.029023168,1.37E+00,-0.315644388,-0.109492467,0.211737676,-0.64613103,0.041574693,-0.126867828
1.1282482,-0.061862186,-0.028982889,1.374022921,-0.315060788,-0.109340509,0.211312771,-0.645122524,0.041491263,-0.126669808
1.127174167,-0.061840473,-0.028877696,1.37E+00,-0.314950208,-0.108943659,0.210203102,-0.643902275,0.041273379,-0.126430212
1.1261885,-0.061748364,-0.028571884,1.371961795,-0.314481102,-0.107789956,0.206977127,-0.640207194,0.040639959,-0.125704683
1.125255533,-0.061729209,-0.028663868,1.371028589,-0.314383543,-0.108136975,0.207947459,-0.641079967,0.040830484,-0.125876052
1.1242038,-0.061729827,-0.0283944,1.369976863,-0.314386694,-0.107120383,0.205104873,-0.638240532,0.040272342,-0.125318528
1.123152733,-0.061405831,-0.028285985,1.368921739,-0.3127366,-0.106711377,0.203961212,-0.635446777,0.040047784,-0.124769975
1.1221735,-0.061266087,-0.027952636,1.367940756,-0.312024889,-0.105453788,0.200444752,-0.631218607,0.039357327,-0.123939773
1.121173033,-0.061078999,-0.027961587,1.366937946,-0.31107206,-0.105487558,0.200539179,-0.630360204,0.039375868,-0.123771226
1.120187033,-0.060885544,-0.027809143,1.365949523,-0.310086802,-0.104912451,0.198931068,-0.627766836,0.039060115,-0.123262018
1.119175533,-0.060639806,-0.027942453,1.364934946,-0.308835275,-0.105415375,0.20033734,-0.627921581,0.039336237,-0.123292402
1.118184367,-0.060408466,-0.02773369,1.363940882,-0.30765707,-0.104627795,0.198135116,-0.624541151,0.03890383,-0.122628655
1.1171948,-0.060350021,-0.02731881,1.362950583,-0.307359413,-0.103062624,0.193758596,-0.619866973,0.0380445,-0.12171088
1.116211,-0.060071282,-0.027401733,1.361963293,-0.305939812,-0.103375459,0.194633344,-0.619322121,0.038216257,-0.121603898
1.115181167,-0.059891086,-0.027409087,1.360931203,-0.305022083,-0.103403204,0.194710924,-0.618481972,0.03823149,-0.121438935
1.114193833,-0.059702885,-0.027344587,1.359941512,-0.304063587,-0.103159871,0.194030518,-0.61684307,0.038097892,-0.121117137
1.113233967,-0.059541182,-0.027362314,1.358979621,-0.303240039,-0.103226746,0.194217514,-0.616206519,0.038134609,-0.12099215
1.112176033,-0.059289573,-0.027195163,1.357918536,-0.301958611,-0.102596157,0.192454265,-0.613161841,0.037788395,-0.120394328
1.111200833,-0.059091521,-0.02719156,1.356940856,-0.30094994,-0.102582564,0.192416257,-0.612115162,0.037780932,-0.120188812
1.110169333,-0.058903266,-0.027258336,1.355906999,-0.299991167,-0.10283448,0.193120662,-0.611860795,0.037919242,-0.120138867
1.109174867,-0.058601291,-0.026752513,1.35490875,-0.298453226,-0.100926219,0.187784798,-0.60498699,0.036871545,-0.118789195
1.108188867,-0.058325318,-0.026722496,1.353919294,-0.297047711,-0.100812978,0.187468152,-0.603264828,0.036809372,-0.118451049
1.1071374,-0.058024257,-0.026770895,1.352864057,-0.295514425,-0.100995568,0.187978711,-0.602242101,0.03690962,-0.118250237
1.106195733,-0.057722247,-0.026686957,1.351918608,-0.293976303,-0.100678902,0.187093252,-0.59981852,0.03673576,-0.117774366
1.105204167,-0.057416856,-0.026693708,1.350923217,-0.292420964,-0.100704371,0.187164468,-0.598334397,0.036749743,-0.117482959
1.104196167,-0.057217049,-0.026174977,1.349912715,-0.291403358,-0.098747415,0.181692442,-0.591844765,0.035675311,-0.11620872
1.103212367,-0.056927779,-0.026359974,1.348925292,-0.289930118,-0.09944533,0.183643946,-0.59232303,0.036058489,-0.116302627
1.102197033,-0.056613224,-0.026201373,1.34790602,-0.28832811,-0.098846996,0.18197089,-0.589047965,0.035729984,-0.115659568
1.101161867,-0.056319492,-0.026312719,1.346867174,-0.286832145,-0.099267058,0.183145463,-0.588726573,0.035960612,-0.115596463
1.100157067,-0.056184158,-0.026318941,1.34586068,-0.286142896,-0.09929053,0.183211094,-0.588102956,0.035973498,-0.115474015
1.099168033,-0.055914515,-0.026178375,1.344868269,-0.284769621,-0.098760234,0.181728287,-0.585246873,0.035682349,-0.114913223
1.0981933,-0.055532329,-0.026334108,1.34388875,-0.282823166,-0.09934775,0.183371093,-0.584943224,0.036004914,-0.114853602
1.097143433,-0.055329125,-0.02612328,1.342836338,-0.281788262,-0.098552384,0.181147096,-0.581684324,0.035568232,-0.114213717
1.0961808,-0.054942047,-0.026097664,1.341868858,-0.279816892,-0.098455744,0.180876872,-0.579442729,0.035515174,-0.11377358
1.0951736,-0.054667228,-0.025774674,1.340858216,-0.278417255,-0.097237237,0.177469692,-0.574635912,0.034846174,-0.112829761
1.094180567,-0.054317251,-0.025710953,1.3398608,-0.276634839,-0.096996844,0.176797507,-0.572181311,0.03471419,-0.1123478
1.093171333,-0.053921536,-0.0259595,1.338846611,-0.274619484,-0.097934509,0.1794194,-0.572787849,0.035228999,-0.112466894
1.09214,-0.053664214,-0.025652755,1.337812055,-0.273308957,-0.096777284,0.176183576,-0.568241498,0.034593645,-0.111574218
1.0912028,-0.053411481,-0.025375367,1.33687169,-0.272021805,-0.095730816,0.173257449,-0.564028219,0.0340191,-0.110746941
1.0902077,-0.053053175,-0.025526987,1.335872103,-0.270196971,-0.096302816,0.174856871,-0.563802807,0.034333147,-0.110702681
1.0891843,-0.052811141,-0.02555363,1.334845672,-0.268964302,-0.096403327,0.175137921,-0.562851188,0.034388331,-0.110515831
1.088173433,-0.052542986,-0.02547414,1.333831447,-0.267598603,-0.096103443,0.174299387,-0.560646955,0.034223685,-0.11008303
1.087164867,-0.052273015,-0.025518255,1.332819499,-0.266223657,-0.096269873,0.174764758,-0.55973738,0.03431506,-0.109904435
1.086163367,-0.051982711,-0.025366059,1.331814363,-0.264745152,-0.095695698,0.173159253,-0.556653371,0.033999819,-0.109298889
1.085177767,-0.051668782,-0.025298445,1.330824832,-0.263146329,-0.095440618,0.172446001,-0.554341295,0.033859772,-0.108844913
1.084201733,-0.051378204,-0.025141057,1.32984516,-0.261666434,-0.094846861,0.17078574,-0.55120114,0.03353378,-0.108228344
1.083173333,-0.051016308,-0.024997744,1.328812228,-0.259823317,-0.094306198,0.169273945,-0.547846227,0.033236939,-0.107569607
1.082114733,-0.050717506,-0.024936723,1.327749886,-0.258301535,-0.09407599,0.168630238,-0.545680738,0.033110547,-0.107144413
1.081197867,-0.050442172,-0.025011477,1.326829571,-0.25689927,-0.094358006,0.169418809,-0.545067044,0.033265383,-0.107023914
1.080169,-0.049984542,-0.025223716,1.325794973,-0.254568587,-0.095158696,0.171657693,-0.544975245,0.033704988,-0.107005889
1.0791831,-0.049775204,-0.024961604,1.324806451,-0.253502441,-0.094169858,0.168892711,-0.541144118,0.033162084,-0.106253648
1.0781879,-0.049525734,-0.024909476,1.323808127,-0.252231902,-0.093973198,0.168342812,-0.53932368,0.033054111,-0.105896205
1.077188833,-0.049234137,-0.025043017,1.322805409,-0.250746814,-0.094476995,0.169751524,-0.539247304,0.033330712,-0.105881208
1.0761807,-0.048963354,-0.025173994,1.321793884,-0.249367733,-0.094971117,0.171133185,-0.539249883,0.033602001,-0.105881715
1.0751522,-0.048726403,-0.024844296,1.320762417,-0.248160954,-0.093727303,0.167655243,-0.534565162,0.032919107,-0.10496187
1.074209767,-0.048447705,-0.024742405,1.319816493,-0.246741557,-0.093342908,0.1665804,-0.532070922,0.032708061,-0.104472125
1.0731895,-0.048161163,-0.024680217,1.318792638,-0.245282214,-0.093108301,0.165924393,-0.529955572,0.032579255,-0.104056777
1.072191167,-0.047872727,-0.024698889,1.317790693,-0.243813228,-0.093178741,0.166121358,-0.528683551,0.032617929,-0.103807015
1.0712176,-0.047565903,-0.024849402,1.316813284,-0.24225059,-0.093746564,0.167709099,-0.528708654,0.032929682,-0.103811944
1.0701541,-0.047353072,-0.024569867,1.315747118,-0.24116665,-0.092691995,0.16476032,-0.524675935,0.032350689,-0.10302012
1.069213767,-0.047091469,-0.02438972,1.314803509,-0.239834321,-0.092012373,0.162859967,-0.521443254,0.031977554,-0.102385383
1.068211967,-0.046746736,-0.024066967,1.313797392,-0.238078613,-0.090794761,0.15945529,-0.516282868,0.031309046,-0.101372141
1.067191633,-0.046329872,-0.024483866,1.312771838,-0.23595555,-0.092367549,0.163853109,-0.518557625,0.032172558,-0.10181879
1.066244467,-0.046210245,-0.024498011,1.311823173,-0.235346297,-0.09242091,0.164002316,-0.518097578,0.032201855,-0.101728459
1.065170333,-0.046073849,-0.024440923,1.310747332,-0.234651637,-0.092205542,0.163400105,-0.516800708,0.032083611,-0.101473819
1.064194767,-0.045748864,-0.024152169,1.309767695,-0.232996505,-0.091116193,0.160354076,-0.512099546,0.031485523,-0.100550746
1.063171733,-0.045481914,-0.024305749,1.308741319,-0.231636944,-0.091695587,0.161974174,-0.512360083,0.031803629,-0.100601902
1.062187733,-0.045304742,-0.024306764,1.3077551,-0.230734617,-0.091699417,0.161984881,-0.511468463,0.031805731,-0.100426833
1.0612051,-0.045074891,-0.024357473,1.306769588,-0.229564,-0.091890719,0.162519801,-0.510832765,0.031910763,-0.100302014
1.060167467,-0.044898855,-0.024332414,1.30572975,-0.228667458,-0.091796181,0.162255453,-0.509671876,0.031858858,-0.100074073
1.059176933,-0.044627165,-0.024170082,1.304735814,-0.227283754,-0.09118377,0.160543035,-0.506575754,0.031522625,-0.099466149
1.0581963,-0.044356768,-0.024182133,1.303751795,-0.225906638,-0.091229233,0.160670156,-0.505325759,0.031547585,-0.099220713
1.0572124,-0.044115389,-0.024070855,1.302764872,-0.224677308,-0.090809426,0.159496297,-0.50292257,0.031317098,-0.098748847
1.056136633,-0.043924431,-0.023870679,1.301686714,-0.223704765,-0.090054246,0.157384667,-0.499838398,0.030902479,-0.098143269
1.0551549,-0.043599627,-0.024048956,1.300700913,-0.222050556,-0.090726813,0.159265294,-0.500064815,0.031271741,-0.098187727
1.054180633,-0.043328385,-0.02395626,1.299723249,-0.220669135,-0.090377109,0.158287455,-0.497705555,0.031079742,-0.097724486
1.053171967,-0.043185757,-0.023764962,1.298712796,-0.21994274,-0.089655418,0.156269468,-0.494961173,0.03068351,-0.097185626
1.052179667,-0.043031874,-0.023849588,1.297718569,-0.21915902,-0.089974678,0.157162181,-0.495070167,0.030858794,-0.097207027
1.0511986,-0.04280354,-0.023784917,1.296734643,-0.217996128,-0.0897307,0.156479971,-0.493225064,0.030724842,-0.096844741
1.0501869,-0.042612863,-0.023796958,1.295720555,-0.217025022,-0.089776128,0.156606997,-0.492380984,0.030749784,-0.096679006
1.049236967,-0.042447822,-0.023819602,1.294768555,-0.216184475,-0.089861555,0.156845866,-0.491779306,0.030796686,-0.096560867
1.048199333,-0.042307629,-0.023672477,1.293729166,-0.215470481,-0.089306511,0.155293858,-0.489513304,0.030491949,-0.096115937
1.0472021,-0.04208532,-0.02337856,1.292729148,-0.214338272,-0.088197682,0.152193358,-0.485280595,0.029883166,-0.095284845
1.0461977,-0.041824972,-0.023720871,1.291721488,-0.213012333,-0.089489081,0.155804357,-0.487565655,0.030592185,-0.095733516
1.045171867,-0.041619014,-0.023586853,1.290693075,-0.211963402,-0.088983487,0.15439062,-0.485102987,0.030314598,-0.095249972
1.0441834,-0.041497866,-0.023491144,1.289703092,-0.211346402,-0.088622415,0.153380993,-0.483476361,0.030116358,-0.094930583
1.043163367,-0.04125335,-0.023589267,1.288679996,-0.210101093,-0.088992594,0.154416085,-0.483266144,0.030319598,-0.094889307
1.042180067,-0.040995902,-0.02358274,1.287693472,-0.208789926,-0.088967972,0.154347236,-0.481886127,0.03030608,-0.094618341
1.0411923,-0.040790092,-0.023421615,1.286703128,-0.207741749,-0.088360111,0.15264754,-0.479138254,0.029972345,-0.094078796
1.040136933,-0.040702838,-0.023356041,1.285646669,-0.207297369,-0.08811273,0.151955815,-0.478002149,0.029836524,-0.093855722
1.039183167,-0.040550726,-0.023322834,1.284690997,-0.20652267,-0.087987454,0.151605518,-0.476877154,0.029767743,-0.093634829
1.038236867,-0.040327946,-0.023263754,1.283741907,-0.205388064,-0.087764569,0.15098229,-0.475119319,0.029645373,-0.093289678
1.037156767,-0.040159346,-0.023279784,1.282659696,-0.204529391,-0.087825042,0.151151385,-0.474429742,0.029678574,-0.09315428
1.036230267,-0.040068556,-0.02336048,1.281732059,-0.204067001,-0.088129475,0.152002638,-0.474818604,0.029845718,-0.093230633
1.035170267,-0.039947224,-0.023398716,1.280670539,-0.203449067,-0.088273724,0.152405985,-0.474604017,0.029924915,-0.093188499
1.034179033,-0.039785086,-0.023120291,1.279677275,-0.202623305,-0.087223342,0.149468915,-0.470841186,0.029348222,-0.092449667
1.0331746,-0.039617814,-0.023275774,1.278670747,-0.2017714,-0.087809914,0.151109084,-0.471629449,0.029670269,-0.092604442
1.032219867,-0.039379671,-0.022965692,1.277713031,-0.20055855,-0.086640103,0.147838065,-0.467145581,0.029028004,-0.091724035
1.031178,-0.039249419,-0.022954407,1.276669534,-0.199895182,-0.086597529,0.147719021,-0.466363168,0.02900463,-0.091570408
1.0301899,-0.039130302,-0.02268755,1.275679942,-0.199288524,-0.085590787,0.144903978,-0.462941467,0.028451896,-0.090898557
1.029202167,-0.038847578,-0.022784975,1.274688668,-0.197848627,-0.085958332,0.145931703,-0.462529295,0.02865369,-0.090817627
1.0281908,-0.038684875,-0.022998156,1.273675264,-0.19701999,-0.086762577,0.148180528,-0.463949483,0.029095247,-0.091096481
1.027251467,-0.038628339,-0.023040058,1.272735222,-0.196732053,-0.086920655,0.148622543,-0.464103562,0.029182036,-0.091126734
1.026198333,-0.038470256,-0.023025627,1.271680109,-0.195926945,-0.086866211,0.148470309,-0.463146219,0.029152145,-0.09093876
1.0251664,-0.038388574,-0.022903946,1.270647153,-0.195510945,-0.086407159,0.14718671,-0.46144662,0.028900111,-0.090605044
1.024195667,-0.038279381,-0.022791695,1.269675052,-0.194954829,-0.085983682,0.146002588,-0.459706382,0.028667608,-0.090263348
1.023208667,-0.038105404,-0.022647098,1.268685873,-0.194068773,-0.08543818,0.144477258,-0.457294996,0.02836811,-0.089789873
1.022182567,-0.038064091,-0.0223356,1.267659256,-0.193858372,-0.084263024,0.141191295,-0.453798632,0.027722911,-0.089103361
1.0212232,-0.037804848,-0.022693572,1.266696643,-0.192538061,-0.085613506,0.144967503,-0.45625453,0.028464369,-0.089585577
1.020140767,-0.037698716,-0.022930184,1.26561288,-0.191997533,-0.086506144,0.147463492,-0.45820999,0.028954457,-0.089969532
1.019224367,-0.037545908,-0.022850501,1.264694567,-0.191219294,-0.086205533,0.146622925,-0.456591184,0.028789411,-0.089651679
1.018172533,-0.037481372,-0.022725818,1.263641925,-0.190890615,-0.085735155,0.145307659,-0.454947239,0.028531159,-0.08932889
1.017182367,-0.037358758,-0.022595199,1.262650223,-0.190266149,-0.085242384,0.143929774,-0.452944888,0.028260611,-0.088935729
1.016225067,-0.037081002,-0.022663819,1.261689444,-0.188851551,-0.085501261,0.144653646,-0.452254162,0.028402743,-0.088800105
1.0152006,-0.03705762,-0.022634096,1.260664685,-0.188732466,-0.085389129,0.144340101,-0.451821532,0.028341179,-0.088715158
1.014212533,-0.03701311,-0.022401185,1.259676061,-0.188505779,-0.084510451,0.14188315,-0.449137894,0.027858757,-0.088188226
1.013228633,-0.036821286,-0.022302108,1.258689759,-0.187528831,-0.084136675,0.140837998,-0.447115795,0.027653541,-0.087791186
1.0122271,-0.03672807,-0.022293985,1.257687058,-0.187054089,-0.08410603,0.14075231,-0.446555364,0.027636716,-0.087681146
1.0112122,-0.036617487,-0.022230353,1.256670773,-0.186490892,-0.08386597,0.140081056,-0.445320914,0.027504915,-0.087438761
1.010186933,-0.036491391,-0.022608546,1.255643927,-0.185848695,-0.085292737,0.14407057,-0.448668231,0.028288256,-0.088096007
1.009194367,-0.036492217,-0.022231246,1.254651371,-0.185852902,-0.08386934,0.14009048,-0.444692347,0.027506766,-0.087315342
1.0082038,-0.036314733,-0.022203573,1.253658582,-0.184948986,-0.083764943,0.139798564,-0.443496515,0.027449448,-0.087080541
1.007203233,-0.036181431,-0.022469514,1.252656345,-0.184270086,-0.084768226,0.142603938,-0.445622989,0.028000283,-0.087498074
1.006237,-0.036071983,-0.022456549,1.251688741,-0.183712673,-0.084719314,0.142467171,-0.44492881,0.027973429,-0.087361772
1.005189533,-0.035976932,-0.022242309,1.250640084,-0.18322858,-0.083911076,0.140207182,-0.442184727,0.02752968,-0.086822971
1.0042428,-0.035842288,-0.022206122,1.249691665,-0.182542849,-0.083774558,0.13982545,-0.441117264,0.027454727,-0.086613375
1.003170567,-0.035641186,-0.022022603,1.248616913,-0.181518645,-0.083082216,0.137889529,-0.43815714,0.027074609,-0.086032154
1.002242633,-0.035591414,-0.022093265,1.247688356,-0.181265157,-0.083348795,0.138634934,-0.438649057,0.027220969,-0.086128742
1.001198633,-0.03556616,-0.022254081,1.24664404,-0.18113654,-0.083955487,0.140331364,-0.440216869,0.027554063,-0.086436582
1.00022364,-0.035449731,-0.021841827,1.245667589,-0.180543575,-0.082400223,0.135982544,-0.435275085,0.026700173,-0.085466263
0.999214113,-0.035299499,-0.022012767,1.244656181,-0.17977845,-0.083045109,0.13778577,-0.436313186,0.027054236,-0.085670094
0.998163717,-0.035273876,-0.022087358,1.243605463,-0.179647955,-0.083326509,0.138572619,-0.436969539,0.027208734,-0.085798969
0.997240007,-0.035191625,-0.022207444,1.242680723,-0.179229057,-0.083779546,0.139839399,-0.437817421,0.027457466,-0.085965451
0.996205887,-0.0351627,-0.022004614,1.241646241,-0.179081742,-0.08301435,0.137699762,-0.435530469,0.027037348,-0.085516408
0.995190247,-0.035013687,-0.02193069,1.240628735,-0.178322825,-0.082735467,0.136919953,-0.433991743,0.026884233,-0.085214279
0.99423365,-0.034856565,-0.02195299,1.23967017,-0.177522613,-0.082819596,0.137155193,-0.433426771,0.026930422,-0.085103347
0.993229287,-0.034802727,-0.022102127,1.238665133,-0.17724842,-0.083382229,0.138728422,-0.434725808,0.027239326,-0.085358412
0.992195943,-0.03473469,-0.021788689,1.237630937,-0.17690191,-0.082199754,0.135421994,-0.431072869,0.026590109,-0.084641158
0.991229397,-0.034566484,-0.021555595,1.236662284,-0.176045247,-0.081320387,0.132963116,-0.427757329,0.026107308,-0.083990152
0.990217607,-0.03436928,-0.021786412,1.235648025,-0.175040898,-0.082191166,0.135397981,-0.429187845,0.026585394,-0.084271033
0.989253957,-0.034415432,-0.021726318,1.234684953,-0.175275948,-0.081964456,0.134764057,-0.42878897,0.026460923,-0.084192714
0.98820225,-0.034322911,-0.021557328,1.233632087,-0.174804742,-0.081326925,0.132981398,-0.426535104,0.026110897,-0.083750168
0.987247703,-0.034199371,-0.021725405,1.232675993,-0.174175557,-0.081961009,0.134754419,-0.427678941,0.02645903,-0.08397476
0.98620939,-0.034153479,-0.021711358,1.231637105,-0.173941832,-0.081908017,0.134606242,-0.427297039,0.026429936,-0.083899774
0.985211747,-0.034099469,-0.021601024,1.230638786,-0.173666763,-0.081491773,0.133442345,-0.425858074,0.026201404,-0.083617233
0.984208507,-0.034012216,-0.021709485,1.229634453,-0.173222389,-0.081900951,0.134586484,-0.426557838,0.026426056,-0.083754631
0.98320021,-0.03395298,-0.021867233,1.228625414,-0.172920701,-0.08249607,0.136250553,-0.427920219,0.026752796,-0.084022135
0.982218143,-0.033871465,-0.021376453,1.227642327,-0.172505551,-0.080644558,0.131073368,-0.422327885,0.025736256,-0.08292408
0.981193603,-0.033728569,-0.021306857,1.226615997,-0.171777788,-0.080382,0.130339205,-0.420865958,0.025592103,-0.082637031
0.980237367,-0.033623232,-0.021301982,1.225658442,-0.171241314,-0.08036361,0.130287782,-0.420278062,0.025582006,-0.082521597
0.979192713,-0.033574428,-0.021436676,1.224613177,-0.170992758,-0.080871756,0.131708657,-0.42145038,0.025860995,-0.082751782
0.97819545,-0.033424729,-0.021280852,1.223614039,-0.170230349,-0.080283895,0.130064885,-0.419044199,0.02553824,-0.082279328
0.97723045,-0.033303119,-0.02099178,1.222647516,-0.169610994,-0.079193344,0.127015494,-0.415375453,0.024939492,-0.08155897
0.976203323,-0.033283586,-0.020973919,1.221620145,-0.169511517,-0.079125964,0.126827088,-0.41508757,0.024902499,-0.081502444
0.97519046,-0.033195992,-0.021272736,1.220606184,-0.169065405,-0.080253275,0.129979266,-0.417793637,0.025521429,-0.082033781
0.97426041,-0.033145466,-0.021124293,1.219675502,-0.168808076,-0.079693262,0.128413362,-0.415970403,0.025213964,-0.081675789
0.973176777,-0.033077657,-0.020992185,1.218591019,-1.68E-01,-0.079194873,0.12701977,-0.414231463,0.024940332,-0.081334348
0.972251337,-0.032992417,-0.02098796,1.217664512,-0.168028607,-0.079178935,0.126975204,-0.413752777,0.024931581,-0.081240358
0.9712167,-0.032868389,-0.021273978,1.216628322,-0.167396939,-0.080257962,0.129992371,-0.416138276,0.025524002,-0.08170875
0.970219293,-0.032872645,-0.021249545,1.215630968,-0.167418616,-0.080165786,0.129734631,-0.415902212,0.025473395,-0.081662399
0.969214497,-0.032838554,-0.021219246,1.214625745,-1.67E-01,-0.080051479,0.129415006,-0.415408965,0.025410637,-0.08156555
0.968226813,-0.032708416,-0.021282177,1.213636432,-0.166582207,-0.080288892,0.130078858,-0.41541003,0.025540984,-0.081565759
0.96726662,-0.032639594,-0.021055138,1.212675377,-0.166231697,-0.079432368,0.12768385,-0.412664512,0.025070724,-0.081026677
0.966241757,-0.03259429,-0.021239529,1.211649946,-1.66E-01,-0.080128,0.129628973,-0.414378904,0.025452649,-0.081363298
0.965183653,-0.032432729,-0.021200761,1.210589819,-0.165178144,-0.079981743,0.12922001,-0.41314712,0.025372349,-0.081121437
0.964247883,-0.032373437,-0.021170144,1.209653307,-0.164876175,-0.079866238,0.128897035,-0.412522176,0.025308933,-0.080998729
0.963194783,-0.032363578,-0.020965363,1.208600083,-0.164825964,-0.079093685,0.126736828,-0.410311757,0.024884776,-0.080564713
0.962224403,-0.032269132,-0.020881318,1.20762852,-0.164344955,-0.078776619,0.12585025,-0.408944171,0.024710697,-0.080296188
0.96123274,-0.032206591,-0.021152249,1.206636074,-0.164026436,-0.07979873,0.12870827,-0.411483671,0.025271869,-0.080794819
0.960224427,-0.032161583,-0.020911385,1.21E+00,-1.64E-01,-0.078890048,0.12616742,-0.408713601,0.024772973,-0.080250916
0.959230383,-0.032123233,-0.020482849,1.20E+00,-1.64E-01,-0.077273359,0.121646847,-0.403997714,0.023885359,-0.079324951
0.95820729,-0.032039296,-0.020574692,1.203608529,-0.163174415,-0.077619843,0.122615682,-0.404539062,0.024075589,-0.079431245
0.957276443,-0.031933808,-0.020674349,1.202676361,-0.162637167,-0.077995807,0.123666952,-0.405053084,0.024282006,-0.079532173
0.95621697,-0.031843743,-0.020825718,1.20161576,-0.162178472,-0.07856686,0.125263726,-0.406191163,0.024595533,-0.079755635
0.95529153,-0.031812996,-0.020740195,1.200689935,-0.162021881,-0.078244217,0.124361553,-0.4051324,0.024418391,-0.079547747
0.955029963,-0.032042393,-0.020461093,1.200431241,-0.163190188,-0.07719128,0.121417339,-0.403356492,0.023840294,-0.079199047
0.9547967,-0.031788176,-0.022945401,1.200194794,-0.161895472,-0.086563551,0.147624012,-0.42826845,0.028985975,-0.08409051
0.956000295,-0.033359949,-0.018958088,1.201418073,-0.169900425,-0.07152106,0.105562313,-0.394211703,0.02072716,-0.077403468
0.956913025,-0.031583912,-0.013510501,1.202308561,-0.160855167,-0.050969559,0.048096358,-0.32770049,0.00944372,-0.064343991
