Edisk/V,Idisk/mA,Iring/mA,E-iR vs RHE,jdisk mAcm-2,jring mAcm-2,jCER,jOER,I cer,I OER
0.96121631,-0.009181038,-0.03576441,1.204061462,-0.046758534,-0.134924396,0.158284512,-0.271187691,0.031079164,-0.053247703
0.962414403,0.000783915,-0.030594738,1.20510201,0.003992436,-0.115421352,0.10193207,-0.164084279,0.020014362,-0.032217948
0.96350175,0.005041913,-0.027623169,1.206122037,0.02567819,-0.104210846,0.069540237,-0.110006692,0.013654226,-0.021599814
0.964482027,0.008459361,-0.02498674,1.207048284,0.043083073,-0.094264686,0.040801626,-0.063863198,0.008011399,-0.012539539
0.965413573,0.010327741,-0.023305315,1.207950292,0.052598632,-0.08792136,0.022473108,-0.036019121,0.004412595,-0.007072354
0.966398437,0.011696626,-0.02236973,1.208913513,0.059570289,-0.084391782,0.012274682,-0.018849037,0.002410134,-0.003701009
0.96747281,0.012987501,-0.021243672,1.209967478,0.066144645,-0.080143631,0,0,0,0
0.96849644,0.013985538,-0.020515922,1.210975329,0.071227595,-0.07739813,0.0079329,-0.002849949,0.001557625,-0.000559588
0.96943724,0.01477769,-0.019807019,1.211903605,0.075261983,-0.074723728,0.015660363,-0.006543025,0.003074912,-0.001284723
0.97041913,0.015453893,-0.019097115,1.212874804,0.078705845,-0.072045555,0.023398724,-0.010837524,0.004594339,-0.002127948
0.971444847,0.016110993,-0.018621756,1.213890132,0.082052423,-0.070252221,0.028580415,-0.012672636,0.005611764,-0.002488272
0.97244243,0.01663721,-0.018146121,1.214879396,0.084732415,-0.068457846,0.033765114,-0.015177344,0.00662978,-0.002980071
0.973457697,0.017089318,-0.017754831,1.215887515,0.087034978,-0.066981669,0.038030407,-0.017140073,0.00746727,-0.003365453
0.974457163,0.017587345,-0.017389258,1.216879107,0.089571405,-0.065602511,0.042015369,-0.018588609,0.008249718,-0.003649873
0.975422163,0.017945314,-0.016966342,1.217838448,0.09139452,-0.064007023,0.046625401,-0.021375525,0.009154897,-0.004197084
0.97639827,0.018169134,-0.016813664,1.218811016,0.092534422,-0.063431035,0.048289673,-0.021899896,0.009481677,-0.004300045
0.977457723,0.018607242,-0.01638037,1.219863543,0.094765684,-0.061796395,0.05301283,-0.024391791,0.010409069,-0.004789328
0.97847283,0.018812196,-0.016045567,1.220875409,0.095809505,-0.060533321,0.056662378,-0.026997518,0.011125658,-0.005300963
0.979435623,0.019137949,-0.016048876,1.221833052,0.097468548,-0.060545803,0.056626312,-0.025302409,0.011118576,-0.004968128
0.98039935,0.019501935,-0.015808181,1.222791024,0.099322309,-0.059637761,0.059250024,-0.02607236,0.011633742,-0.005119308
0.9814171,0.019700745,-0.01554131,1.223805631,0.100334836,-0.058630967,0.062159074,-0.027968883,0.012204934,-0.00549169
0.98244081,0.01986577,-0.015344691,1.224826732,0.101175299,-0.057889202,0.064302343,-0.029271689,0.012625765,-0.005747496
0.983437003,0.020111307,-0.015158857,1.225819044,0.102425808,-0.057188128,0.066328038,-0.030046876,0.01302351,-0.005899704
0.984419463,0.020381168,-0.015030466,1.226797237,0.103800195,-0.056703763,0.067727572,-0.030072021,0.013298309,-0.005904641
0.98546481,0.020640755,-0.014790209,1.22783848,0.105122256,-0.055797372,0.070346513,-0.031368902,0.013812538,-0.006159284
0.986401243,0.020814533,-0.014779688,1.228772166,0.106007298,-0.055757678,0.070461206,-0.030598552,0.013835058,-0.006008026
0.98741865,0.020941283,-0.01463025,1.229787568,0.106652831,-0.055193912,0.07209016,-0.031581974,0.014154903,-0.006201121
0.988467537,0.021081557,-0.01452622,1.230834237,0.107367239,-0.05480145,0.073224147,-0.032001553,0.014377561,-0.006283505
0.989474713,0.021162952,-0.014453076,1.231840127,0.107781777,-0.054525506,0.074021463,-0.032384331,0.014534114,-0.006358663
0.990416787,0.021409406,-0.014289045,1.232778304,0.109036954,-0.053906684,0.075809501,-0.032917191,0.014885195,-0.00646329
0.991374073,0.021458024,-0.014267135,1.233734822,0.109284562,-0.053824026,0.076048332,-0.032908416,0.01493209,-0.006461567
0.992488383,0.021680013,-0.014017617,1.234845622,0.110415141,-0.0528827,0.078768217,-0.03449772,0.015466139,-0.006773627
0.993499117,0.021883052,-0.013978545,1.235853146,0.111449206,-0.052735298,0.079194125,-0.033889563,0.015549766,-0.006654216
0.99444264,0.021968841,-0.013793241,1.236795313,0.111886127,-0.052036222,0.081214046,-0.035472564,0.015946378,-0.006965038
0.995359977,0.022059433,-0.013786776,1.237711217,0.112347509,-0.052011832,0.081284519,-0.035081655,0.015960215,-0.006888283
0.996413787,0.022270444,-0.013725192,1.238761691,0.113422176,-0.051779501,0.08195582,-0.034678288,0.016092025,-0.006809082
0.997544327,0.022424621,-0.013601556,1.239889793,0.114207392,-0.051313073,0.083303525,-0.035240778,0.016356647,-0.006919527
0.998500563,0.022589668,-0.013645881,1.240843421,0.115047965,-0.051480292,0.08282036,-0.033917039,0.016261778,-0.006659611
0.999384323,0.022678075,-0.013546772,1.241725783,0.115498217,-0.051106393,0.083900709,-0.034547137,0.016473904,-0.00678333
1.000431787,0.022799402,-0.013417343,1.242771328,0.116116131,-0.050618112,0.085311557,-0.035340071,0.016750924,-0.006939023
1.001492433,0.022847228,-0.013385586,1.243831219,0.116359705,-0.050498307,0.085657724,-0.035442664,0.016818894,-0.006959167
1.002490867,0.02296407,-0.013264565,1.244827805,0.116954773,-0.050041744,0.086976927,-0.036166799,0.01707792,-0.007101351
1.0033843,0.023092743,-0.013286372,1.245719204,0.117610101,-0.050124014,0.086739214,-0.035273758,0.017031245,-0.006926002
1.004367767,0.023093053,-0.013254608,1.246702665,0.11761168,-0.05000418,0.087085464,-0.035618429,0.017099231,-0.006993679
1.005460467,0.02333515,-0.011155471,1.247791538,0.118844663,-0.042085001,0.109967281,-0.057267262,0.021592076,-0.011244427
1.0064986,0.023447644,-0.013069662,1.248827893,0.119417591,-0.049306456,0.08910148,-0.035828533,0.017495076,-0.007034933
1.007447,0.023579176,-0.013084272,1.249774213,0.120087476,-0.049361574,0.088942222,-0.03499939,0.017463805,-0.00687213
1.008425733,0.02357061,-0.00662858,1.250753082,0.120043852,-0.025006903,0.159313039,-0.105413832,0.031281115,-0.020698006
1.0094096,0.023794702,-0.012866813,1.251733406,0.121185139,-0.048541188,0.091312659,-0.036272165,0.017929241,-0.00712204
1.0103944,0.023968078,-0.012877094,1.252715465,0.122068132,-0.048579975,0.091200587,-0.0352771,0.017907235,-0.006926659
1.011474333,0.024044334,-0.012845265,1.253794192,0.122456499,-0.048459897,0.091547542,-0.035235687,0.01797536,-0.006918527
1.012457833,0.024154413,-0.012813689,1.254775952,0.123017129,-0.048340775,0.091891735,-0.03501925,0.018042942,-0.00687603
1.013417867,0.024220545,-0.012615765,1.25573494,0.123353934,-0.04759409,0.094049222,-0.036839932,0.018466565,-0.007233521
1.0144107,0.024226241,-0.012651968,1.256727683,0.123382942,-0.047730669,0.093654588,-0.036416291,0.018389078,-0.007150339
1.015453167,0.024376089,-0.012620396,1.257767781,0.124146112,-0.047611559,0.093998745,-0.035997278,0.018456654,-0.007068066
1.016470867,0.024510702,-0.012605923,1.258783352,0.124831688,-0.047556959,0.094156509,-0.035469466,0.018487631,-0.00696443
1.017435233,0.024518022,-0.012567403,1.259747603,0.124868967,-0.04741164,0.094576396,-0.035852074,0.018570075,-0.007039555
1.018385567,0.024728783,-0.012439338,1.260694605,0.125942363,-0.046928501,0.095972386,-0.036174668,0.018844178,-0.007102896
1.019441533,0.02483603,-0.012430964,1.261748876,0.126488565,-0.046896912,0.096063661,-0.035719741,0.0188621,-0.007013571
1.0204345,0.0249273,-0.012314064,1.262740399,0.126953401,-0.046455896,0.097337939,-0.036529182,0.019112304,-0.007172505
1.0214448,0.024941695,-0.012370377,1.263750472,0.127026711,-0.046668342,0.096724094,-0.035842028,0.018991776,-0.007037582
1.022410933,0.02516565,-0.012219836,1.264713064,0.128167305,-0.046100411,0.098365083,-0.036342422,0.019313984,-0.007135835
1.023463733,0.025314486,-0.012220351,1.265763511,0.128925319,-0.046102355,0.098359465,-0.035578791,0.019312881,-0.006985896
1.024446567,0.025756174,-0.01235386,1.266739362,0.131174812,-0.046606027,0.096904147,-0.031873979,0.019027129,-0.006258456
1.025409833,0.025575878,-0.012161934,1.267705479,0.130256572,-0.045881971,0.098996248,-0.034884321,0.019437913,-0.006849536
1.026433533,0.025600862,-0.012191235,1.268728784,0.130383815,-0.04599251,0.098676854,-0.034437684,0.0193752,-0.006761839
1.027513967,0.025625713,-0.012213054,1.269808824,0.130510379,-0.046074826,0.09843901,-0.034073276,0.0193285,-0.006690288
1.028476867,0.025793215,-0.012284929,1.270769076,0.13136346,-0.046345982,0.097655527,-0.032436712,0.019174663,-0.006368948
1.02939,0.025897777,-0.012120032,1.271680556,0.131895985,-0.045723893,0.099453001,-0.033701661,0.019527597,-0.006617321
1.0304138,0.02594717,-0.011938318,1.272703575,0.132147544,-0.045038358,0.101433797,-0.035430897,0.019916526,-0.006956857
1.031527267,0.026139472,-0.012022041,1.273814002,0.133126928,-0.045354211,0.100521167,-0.033538884,0.019737331,-0.00658536
1.0324908,0.02627694,-0.011981495,1.274775362,0.133827045,-0.045201249,0.100963139,-0.033280738,0.019824112,-0.006534673
1.0333942,0.026330967,-0.012016518,1.275677907,0.134102202,-0.045333376,0.100581368,-0.03262381,0.019749152,-0.006405685
1.034361867,0.026458183,-0.012013286,1.276643563,0.134750106,-0.045321184,0.100616595,-0.032011133,0.019756068,-0.006285386
1.035521433,0.026592163,-0.011908235,1.277801011,0.135432459,-0.04492487,0.101761712,-0.032473898,0.019980912,-0.00637625
1.036521167,0.026798552,-0.011752236,1.278797482,0.136483585,-0.04433635,0.103462192,-0.033123251,0.020314801,-0.00650375
1.0374441,0.0269467,-0.01183637,1.279718073,0.137238097,-0.044653751,0.10254509,-0.031451637,0.020134728,-0.006175529
1.0383961,0.026986369,-0.01166664,1.280669446,0.137440127,-0.044013429,0.104395246,-0.033099763,0.020498006,-0.006499138
1.0394944,0.027068613,-0.011870622,1.281766445,0.137858992,-0.044782972,0.102171715,-0.030457369,0.020061416,-0.005980304
1.040490067,0.027098155,-0.011788748,1.282761645,0.138009449,-0.044474094,0.103064194,-0.031199389,0.020236654,-0.006126
1.0414553,0.027356086,-0.011691194,1.2837228,0.139323074,-0.044106064,0.104127585,-0.030949156,0.020445451,-0.006076867
1.042397067,0.027359918,-0.011756766,1.284664506,0.139342594,-0.044353437,0.10341282,-0.03021487,0.020305107,-0.00593269
1.043449133,0.027481822,-0.011683657,1.285714646,0.139963441,-0.044077629,0.104209747,-0.03039095,0.020461584,-0.005967263
1.044465833,0.027749244,-0.011707718,1.286727118,0.141325407,-0.044168402,0.103947464,-0.028766702,0.020410085,-0.005648342
1.0454942,0.027864453,-0.011609761,1.287753663,0.14191216,-0.043798851,0.105015253,-0.029247737,0.020619745,-0.005742793
1.046446567,0.027890176,-0.011741892,1.288705623,0.142043168,-0.044297324,0.103574955,-0.027676432,0.020336942,-0.005434267
1.047429367,0.028083905,-0.011654004,1.28968536,0.143029818,-0.04396576,0.104532982,-0.027647809,0.020525051,-0.005428647
1.048379533,0.028252356,-0.01164793,1.290632864,0.143887731,-0.043942844,0.104599196,-0.026856109,0.020538052,-0.005273197
1.049481833,0.028482865,-0.011681269,1.291731519,0.145061703,-0.04406862,0.104235777,-0.025318719,0.020466695,-0.004971331
1.0504876,0.028617145,-0.011650922,1.292735163,0.14574558,-0.043954134,0.104566574,-0.024965638,0.020531647,-0.004902003
1.051471767,0.028714006,-0.011546198,1.293717798,0.146238891,-0.043559052,0.10570813,-0.025613883,0.020755791,-0.005029286
1.052381,0.02883707,-0.011562227,1.294625086,0.146865648,-0.043619523,0.105533405,-0.024812401,0.020721484,-0.004871915
1.053440833,0.028915202,-0.011531764,1.295683684,0.147263572,-0.0435046,0.105865465,-0.024746538,0.020786684,-0.004858983
1.0544812,0.029123369,-0.01144968,1.29672076,0.148323754,-0.043194928,0.106760236,-0.024581128,0.020962372,-0.004826504
1.055500067,0.029213012,-0.011308964,1.297738209,0.148780299,-0.042664067,0.108294116,-0.025658461,0.02126355,-0.005038039
1.056422367,0.029348197,-0.01157161,1.298658372,0.149468789,-0.04365492,0.105431128,-0.022106984,0.020701402,-0.004340706
1.057433067,0.029611334,-0.011445481,1.299664911,0.150808931,-0.043179089,0.106806004,-0.022141718,0.020971359,-0.004347526
1.0584837,0.029773525,-0.011358117,1.300712981,0.151634963,-0.042849499,0.107758326,-0.022268008,0.021158347,-0.004372323
1.0594636,0.02985333,-0.011379216,1.301691619,0.152041404,-0.042929099,0.107528328,-0.021631569,0.021113187,-0.004247358
1.0604403,0.030119999,-0.011354302,1.302664103,0.153399538,-0.042835108,0.107799908,-0.020545015,0.021166512,-0.004034014
1.0614345,0.030336428,-0.011314447,1.303654881,0.1545018,-0.042684752,0.108234348,-0.019877193,0.021251814,-0.003902887
1.062473467,0.030516764,-0.011267841,1.304690997,0.155420238,-0.042508925,0.108742387,-0.019466795,0.021351568,-0.003822305
1.063429367,0.030688559,-0.011195769,1.305644181,0.156295182,-0.042237027,0.109528014,-0.019377477,0.021505826,-0.003804768
1.0644175,0.030844034,-0.011286323,1.306629856,0.157087008,-0.042578652,0.108540916,-0.017598552,0.021312009,-0.003455476
1.065496,0.030988188,-0.011164269,1.307706077,0.157821176,-0.042118193,0.109871375,-0.018194844,0.021573245,-0.003572558
1.0664925,0.031129691,-0.011112039,1.30870034,0.158541842,-0.04192115,0.110440713,-0.018043516,0.021685034,-0.003542844
1.067412,0.031378628,-0.011283058,1.309615904,0.159809665,-0.042566332,0.108576513,-0.014911493,0.021318998,-0.002927872
1.068402533,0.031454004,-0.011178765,1.310605246,0.160193551,-0.042172878,0.109713368,-0.015664462,0.02154222,-0.003075717
1.069515033,0.031793064,-0.011133162,1.311712385,0.161920365,-0.042000836,0.110210467,-0.014434747,0.021639825,-0.002834263
1.070503833,0.032001504,-0.011225194,1.31269789,0.162981939,-0.042348035,0.109207265,-0.012369971,0.021442846,-0.002428844
1.071386433,0.032208171,-0.011080534,1.313577222,0.164034486,-0.041802292,0.110784143,-0.012894302,0.021752466,-0.002531796
1.072372433,0.032303313,-0.010951295,1.314561718,0.164519036,-0.041314729,0.112192917,-0.013818526,0.022029079,-0.002713268
1.073452433,0.032595204,-0.01102836,1.315637103,0.166005621,-0.041605461,0.11135287,-0.011491894,0.021864136,-0.002256433
1.074517167,0.032862297,-0.011048644,1.316697614,0.167365913,-0.041681986,0.111131759,-0.009910491,0.021820721,-0.001945925
1.075431433,0.033036773,-0.011154332,1.317609122,0.168254512,-0.042080702,0.109979702,-0.007869835,0.021594514,-0.001545242
1.076376,0.03330413,-0.011101889,1.318549462,0.169616145,-0.041882857,0.110551357,-0.007079858,0.021706759,-0.00139013
1.077455767,0.033533967,-0.01122075,1.319625595,0.17078669,-0.04233127,0.109255707,-0.004613661,0.021452358,-0.000905892
1.078490733,0.033664064,-0.011115655,1.320658504,0.171449269,-0.04193479,0.110401304,-0.005096679,0.021677296,-0.001000733
1.079462867,0.033934671,-0.011147537,1.32162636,0.172827458,-0.042055068,0.110053768,-0.003370955,0.021609057,-0.000661887
1.0803996,0.034236794,-0.011061641,1.322558316,0.174366151,-0.041731019,0.110990081,-0.002768575,0.021792902,-0.00054361
1.0814104,0.034377612,-0.01107869,1.32356689,0.175083331,-0.041795337,0.11080424,-0.001865554,0.021756413,-0.000366302
1.0824444,0.034703478,-0.010917691,1.324595738,0.176742949,-0.041187955,0.112559222,-0.001960918,0.022101003,-0.000385026
1.0834356,0.034994139,-0.011101129,1.325582343,0.17822327,-0.04187999,0.110559642,0.001518983,0.021708386,0.000298252
1.084445533,0.035281313,-0.010988252,1.326587736,0.179685831,-0.041454151,0.11179007,0.001751116,0.02194998,0.000343832
1.085440767,0.035422347,-0.010939805,1.327580739,0.180404112,-0.04127138,0.11231817,0.001941297,0.022053673,0.000381174
1.086409033,0.035805158,-0.011018403,1.328542954,0.182353748,-0.041567899,0.111461404,0.004747699,0.021885447,0.000932211
1.0874482,0.036126129,-0.010936271,1.329577046,0.183988436,-0.04125805,0.112356687,0.005487104,0.022061235,0.001077393
1.088437867,0.036394134,-0.010915505,1.330562475,0.185353371,-0.041179709,0.112583048,0.006625678,0.022105682,0.001300952
1.089497667,0.036718375,-0.011032995,1.331617149,0.187004709,-0.04162295,0.111302339,0.009557726,0.021854214,0.001876659
1.090375033,0.036922132,-0.011042518,1.332491294,0.188042434,-0.041658874,0.11119854,0.01069925,0.021833833,0.002100798
1.091412067,0.037206789,-0.01062201,1.333523827,0.189492177,-0.040072471,0.11578232,0.007565212,0.022733859,0.001485429
1.0924661,0.037489061,-0.01072826,1.334573398,0.190929772,-0.040473308,0.114624135,0.010160992,0.022506449,0.001995111
1.093487067,0.03777557,-0.010855735,1.335589835,0.192388947,-0.040954219,0.113234581,0.013009721,0.02223361,0.002554459
1.094401567,0.038022592,-0.010874833,1.336500429,0.19364702,-0.041026269,0.113026398,0.014475977,0.022192733,0.002842358
1.0953957,0.038415617,-0.010960451,1.337488349,0.195648675,-0.041349268,0.112093119,0.017410911,0.022009484,0.003418632
1.096447033,0.038732348,-0.010918105,1.338534675,0.197261766,-0.041189515,0.112554714,0.018562407,0.022100118,0.003644729
1.097438633,0.039116823,-0.010933194,1.339520196,0.199219879,-0.041246441,0.112390231,0.020685003,0.022067822,0.0040615
1.098392733,0.039339845,-0.010683622,1.34047077,0.200355719,-0.040304908,0.115110713,0.019100361,0.022601988,0.003750356
1.099419633,0.039710538,-0.010821096,1.34149181,0.202243635,-0.040823542,0.113612161,0.022486829,0.022307748,0.004415289
1.100497167,0.040160527,-0.010902958,1.342562229,0.204535406,-0.041132372,0.112719824,0.025670938,0.022132537,0.005040489
1.101438567,0.040502088,-0.010903554,1.343498229,0.206274956,-0.041134621,0.112713325,0.027416987,0.022131261,0.005383325
1.102403367,0.040733796,-0.010879278,1.344459365,0.207455033,-0.041043038,0.112977947,0.028332441,0.02218322,0.005563075
1.1034458,0.041051204,-0.010996825,1.34549678,0.209071576,-0.041486494,0.111696616,0.031230315,0.021931631,0.006132072
1.104474933,0.041300656,-0.010963596,1.34652197,0.21034202,-0.041361136,0.112058828,0.032138547,0.022002751,0.006310404
1.105429767,0.041704611,-0.010889571,1.347470417,0.212399345,-0.041081868,0.112865751,0.033388949,0.02216119,0.00655592
1.106378933,0.041990534,-0.010873855,1.348415063,0.213855532,-0.041022577,0.113037066,0.034673821,0.022194828,0.006808205
1.107445767,0.042329003,-0.010947574,1.349476545,0.21557934,-0.041300692,0.112233477,0.037201217,0.022037043,0.007304459
1.108511567,0.042760675,-0.010885438,1.35053552,0.217777822,-0.041066275,0.112910804,0.038722373,0.022170036,0.007603138
1.109430333,0.043107941,-0.010872831,1.351448797,0.219546426,-0.041018717,0.113048219,0.040353561,0.022197018,0.007923422
1.110353633,0.043382072,-0.010971903,1.352367763,0.220942563,-0.041392472,0.111968284,0.042829634,0.021984973,0.008409599
1.111409067,0.043792745,-0.010858713,1.353416703,0.223034096,-0.040965453,0.113202121,0.043687329,0.022227237,0.008578007
1.112497867,0.044113367,-0.010973647,1.354500434,0.224667006,-0.041399053,0.11194927,0.046573091,0.021981239,0.009144626
1.113475633,0.04460203,-0.010900321,1.355470475,0.227155744,-0.041122423,0.11274857,0.04826253,0.022138182,0.009476348
1.114402867,0.044925948,-0.010935785,1.356392587,0.228805439,-0.041256214,0.112361992,0.050298803,0.022062277,0.00987617
1.115382967,0.045240918,-0.011017369,1.357367708,0.230409563,-0.041563999,0.111472671,0.052792247,0.021887659,0.010365758
1.116446233,0.045543372,-0.010975663,1.358426193,0.231949945,-0.04140666,0.111927291,0.053878009,0.021976924,0.010578947
1.1174993,0.04579025,-0.011047629,1.359475356,0.233207283,-0.041678158,0.11114282,0.055919819,0.021822893,0.010979856
1.1184216,0.046213164,-0.010873096,1.36039097,0.235361159,-0.041019716,0.113045335,0.05617118,0.022196451,0.011029211
1.119406933,0.046469085,-0.010886267,1.361372257,0.236664553,-0.041069404,0.112901763,0.057618145,0.022168261,0.011313323
1.1204173,0.046864815,-0.011046288,1.362376367,0.238679985,-0.041673098,0.111157441,0.061377899,0.021825764,0.01205155
1.121414833,0.047311912,-0.011048261,1.363366832,0.240957026,-0.04168054,0.111135938,0.063676443,0.021821541,0.01250287
1.122463367,0.04759151,-0.010994666,1.364410945,0.242381005,-0.041478348,0.111720154,0.064516206,0.021936252,0.012667757
1.123491267,0.047839972,-0.01112471,1.365434917,0.243646405,-0.04196895,0.110302599,0.067199162,0.021657915,0.013194555
1.124419433,0.048299998,-0.01102592,1.36635581,0.245989295,-0.041596258,0.111379464,0.068465186,0.021869358,0.013443139
1.125373,0.048704332,-0.011178208,1.367302985,0.248048548,-0.042170776,0.109719439,0.072184463,0.021543412,0.014173419
1.1264609,0.049191109,-0.011138899,1.368383189,0.250527673,-0.042022481,0.110147927,0.074235102,0.021627545,0.014576062
1.127510167,0.049544192,-0.011266636,1.369426873,0.252325906,-0.042504381,0.108755515,0.077425746,0.021354145,0.015202545
1.1284593,0.049758427,-0.011198648,1.370372619,0.253416993,-0.04224789,0.109496624,0.077775724,0.021499662,0.015271263
1.129400433,0.050070993,-0.011171861,1.371308811,0.255008875,-0.042146834,0.109788618,0.079075612,0.021556995,0.015526496
1.130456367,0.050337219,-0.011421393,1.372360535,0.256364753,-0.043088214,0.107068577,0.083151531,0.021022915,0.016326803
1.1314642,0.050728589,-0.011309538,1.373362181,0.25835798,-0.042666232,0.108287862,0.083925473,0.021262322,0.016478767
1.132477967,0.050951846,-0.01136375,1.374372418,0.259495014,-0.042870751,0.10769692,0.085653449,0.02114629,0.016818055
1.133419133,0.051439115,-0.011477715,1.375305881,0.261976649,-0.043300693,0.106454638,0.089377366,0.020902368,0.017549246
1.13444,0.051797677,-0.011369907,1.376321079,0.263802784,-0.042893979,0.107629805,0.090028335,0.021133112,0.017677063
1.135447867,0.052166174,-0.011387575,1.377323119,0.265679521,-0.042960634,0.10743721,0.092097667,0.021095296,0.018083377
1.136413633,0.052436096,-0.011540137,1.378284619,0.26705422,-0.043536188,0.105774195,0.09513538,0.020768763,0.018679832
1.137438067,0.052851166,-0.011734234,1.37930249,0.26916815,-0.044268436,0.103658424,0.099365081,0.020353332,0.019510334
1.138464467,0.053347865,-0.011748762,1.380321037,0.271697808,-0.044323244,0.103500061,0.102053103,0.020322237,0.020038127
1.139449667,0.05374418,-0.011642608,1.381299971,0.273716219,-0.043922768,0.104657205,0.10291437,0.020549442,0.020207237
1.140400467,0.054126682,-0.011857583,1.382244724,0.275664285,-0.04473378,0.102313852,0.107205788,0.020089325,0.021049857
1.141439633,0.05449411,-0.01179632,1.383278081,0.277535576,-0.044502658,0.102981658,0.108409273,0.020220449,0.021286161
1.142491467,0.054812599,-0.011920834,1.384324879,0.27915762,-0.044972401,0.101624375,0.1113886,0.019953946,0.021871152
1.1434656,0.05524335,-0.011975834,1.385292203,0.281351412,-0.045179893,0.101024843,0.114181924,0.019836228,0.022419621
1.144387867,0.05563925,-0.011952175,1.38620821,0.283367709,-0.045090635,0.101282747,0.115940317,0.019886867,0.022764881
1.1454378,0.055932631,-0.012163662,1.387253505,0.284861886,-0.045888489,0.098977416,0.119739826,0.019434216,0.023510915
1.146465433,0.056508474,-0.012189925,1.388272034,0.287794622,-0.045987568,0.098691134,0.122958843,0.019378004,0.024142969
1.1475189,0.056958006,-0.012375373,1.389318394,0.290084064,-0.046687188,0.096669639,0.127269781,0.018981084,0.024989421
1.148405533,0.057414001,-0.012395407,1.390197818,0.292406424,-0.04676277,0.096451253,0.129810526,0.018938203,0.025488297
1.1494201,0.057787775,-0.012628475,1.391206475,0.294310031,-0.047642038,0.093910679,0.134254708,0.018439362,0.026360912
1.150439367,0.058367003,-0.012771413,1.392216584,0.297260008,-0.048181284,0.092352571,0.138762792,0.018133427,0.027246074
1.151489567,0.058950151,-0.012884755,1.393257565,0.300229952,-0.048608876,0.091117081,0.142968226,0.017890839,0.028071811
1.1524664,0.059457401,-0.01287152,1.394226378,0.30281335,-0.048558948,0.091261343,0.145407362,0.017919165,0.028550736
1.1534578,0.059962245,-0.013125615,1.395209797,0.305384494,-0.049517543,0.088491563,0.150748286,0.017375318,0.029599426
1.154478567,0.060456757,-0.013379806,1.396222745,0.307903013,-0.050476501,0.085720733,0.156037636,0.016831266,0.03063799
1.155468733,0.060906773,-0.013428691,1.397205797,0.310194921,-0.050660925,0.085187854,0.158862422,0.016726635,0.031192637
1.156434833,0.061552984,-0.013590455,1.398161681,0.31348604,-0.051271191,0.083424539,0.163916856,0.016380408,0.032185075
1.157415133,0.062139298,-0.013841695,1.399132711,0.316472104,-0.052219018,0.080685873,0.169641586,0.015842671,0.033309125
1.1584555,0.062672793,-0.013983998,1.400164643,0.319189166,-0.052755867,0.079134691,0.17390983,0.015538097,0.034147195
1.1594062,0.063387932,-0.01412075,1.401104037,0.32283133,-0.053271776,0.077644014,0.179042671,0.015245402,0.035155028
1.160447267,0.064112703,-0.014524093,1.402133645,0.326522552,-0.054793423,0.07324734,0.187130567,0.014382115,0.036743087
1.161490733,0.064791767,-0.014802365,1.403166375,0.32998099,-0.055843229,0.070214013,0.193622332,0.013786521,0.038017745
1.162455533,0.065433058,-0.015151715,1.404121037,0.333247047,-0.057161185,0.066405887,0.200696515,0.013038796,0.039406761
1.1634118,0.066299709,-0.015380943,1.405063602,0.337660856,-0.058025968,0.063907168,0.207609043,0.012548172,0.040764036
1.164428633,0.067191546,-0.01571302,1.406066335,0.342202934,-0.059278755,0.060287342,0.215770947,0.01183742,0.042366625
1.165473433,0.067996477,-0.015959563,1.407098409,0.346302404,-0.060208863,0.057599872,0.222557887,0.011309735,0.043699241
1.1665141,0.068853418,-0.016202049,1.408125527,0.350666758,-0.061123662,0.054956637,0.229565477,0.010790736,0.045075181
1.1674319,0.069738763,-0.016656435,1.40902933,0.355175775,-0.062837872,0.050003568,0.239027562,0.009818201,0.046933062
1.168439467,0.070565231,-0.017138183,1.41002383,0.359384932,-0.064655309,0.044752233,0.248488053,0.008787101,0.048790629
1.169443767,0.07164898,-0.017439529,1.411010996,0.364904405,-0.065792164,0.041467383,0.257292378,0.008142121,0.050519358
1.170444533,0.072652357,-0.017809984,1.4119959,0.370014552,-0.067189737,0.037429211,0.266440697,0.007349225,0.052315631
1.171439,0.07374569,-0.018433692,1.412973081,0.375582838,-0.069542732,0.030630426,0.278807768,0.006014284,0.054743905
1.172457133,0.074964024,-0.018979041,1.413971952,0.381787746,-0.071600109,0.024685803,0.290957298,0.004847057,0.057129466
1.173464667,0.076219886,-0.01942379,1.41495963,0.388183786,-0.073277964,0.01983778,0.302201361,0.003895148,0.059337237
1.174409533,0.077413892,-0.019938242,1.41588562,0.394264791,-0.075218779,0.014229956,0.31389019,0.002794052,0.061632339
1.175404667,0.078835614,-0.020627063,1.416858276,0.401505546,-0.077817418,0.006721402,0.3286395,0.001319747,0.064528366
1.1764846,0.080280329,-0.021109649,1.417915368,0.408863402,-0.079638018,0.001460929,0.341257828,0.000286853,0.067005975
1.177498267,0.081784087,-0.02186733,1.41890526,0.416521961,-0.082496434,0.006798229,0.343579087,0.001334832,0.067461754
1.178380233,0.083391709,-0.02263745,1.41976181,0.424709492,-0.085401782,0.015192994,0.343371853,0.002983144,0.067421063
1.179389433,0.085102613,-0.023374897,1.420743961,0.433423034,-0.088183866,0.023231596,0.344046793,0.004561524,0.067553588
1.180474133,0.086855953,-0.024163773,1.421800941,0.442352702,-0.091159968,0.031830798,0.344377259,0.006249977,0.067618475
1.181514767,0.088625312,-0.025136826,1.4228136,0.45136395,-0.094830897,0.042437647,0.342781658,0.008332632,0.067305179
1.182425567,0.090666024,-0.025948852,1.423692137,0.461757187,-0.097894339,0.051289208,0.344323334,0.010070636,0.067607887
1.1833639,0.092658542,-0.026907585,1.424598968,0.471904978,-0.101511241,0.06173995,0.344020383,0.012122639,0.067548402
1.1844617,0.094866691,-0.027846853,1.425661858,0.483150958,-0.105054714,0.071978523,0.34502779,0.014132983,0.067746207
1.185518733,0.097291041,-0.028877444,1.426680562,0.495498046,-0.108942708,0.083212563,0.346140838,0.016338787,0.067964754
1.186452933,0.099751863,-0.030054202,1.427575856,0.508030877,-0.113382132,0.096039912,0.34584632,0.018857437,0.067906925
1.187438733,0.102517564,-0.031273021,1.428517931,0.522116445,-0.117980235,0.109325754,0.346646046,0.021466112,0.068063951
1.188550667,0.105481469,-0.032644327,1.429583005,0.537211456,-0.123153608,0.12427379,0.346793021,0.024401159,0.06809281
1.189651867,0.109582487,-0.034249152,1.430619368,0.558097717,-0.129207953,0.141767319,0.350185753,0.027836013,0.068758973
1.190660067,0.113282253,-0.03395406,1.431569074,0.57694043,-0.128094692,0.138550644,0.372245141,0.027204419,0.073090333
1.191647567,0.11652023,-0.03740925,1.432505382,0.593431271,-0.1411297,0.176214228,0.351072398,0.034599664,0.068933065
1.192721133,0.12031198,-0.039137978,1.433519001,0.61274245,-0.147651482,0.195058379,0.351539426,0.038299713,0.069024766
1.193745267,0.12382979,-0.040586633,1.434487518,0.630658467,-0.153116658,0.210849557,0.353664265,0.041400311,0.069441978
1.1947188,0.12765598,-0.042500974,1.435400559,0.650145047,-0.16033868,0.231716995,0.352283408,0.045497632,0.069170847
1.195724467,0.131683887,-0.044134105,1.436342544,0.670658959,-0.166499813,0.249519079,0.354995235,0.048993071,0.069703314
1.196746567,0.135714183,-0.046316554,1.437300925,0.691185044,-0.174733293,0.273309044,0.351731355,0.053664231,0.069062452
1.197708167,0.140228493,-0.048379549,1.438191154,0.714176182,-0.182516124,0.295796893,0.352234644,0.05807972,0.069161272
1.198690567,0.144927667,-0.050449321,1.43909926,0.738108819,-0.190324521,0.318358612,0.353605562,0.062509714,0.069430452
1.1997405,0.149798627,-0.052644802,1.440072184,0.762916357,-0.198607167,0.342290637,0.354481075,0.067208767,0.069602359
1.200784767,0.154863887,-0.055040124,1.441036369,0.788713454,-0.207643731,0.368401045,0.354167765,0.072335545,0.069540841
1.201714433,0.16025814,-0.057476742,1.441880752,0.816186096,-0.216836087,0.394961603,0.355079849,0.077550711,0.069719928
1.2027072,0.16598485,-0.060049977,1.44278298,0.845351923,-0.226543845,0.42301137,0.356195908,0.083058282,0.069939067
1.203750867,0.17189359,-0.062759516,1.443733229,0.875444818,-0.23676582,0.452546926,0.356753247,0.088857589,0.0700485
1.204753533,0.17811753,-0.065640517,1.444637495,0.90714301,-0.24763465,0.483951515,0.35704685,0.09502388,0.070106149
1.2057485,0.18457574,-0.068298308,1.445530358,0.940034326,-0.257661401,0.512922988,0.360966694,0.100712429,0.07087581
1.2066886,0.191258017,-0.071581272,1.446364811,0.974066802,-0.270046673,0.548709212,0.359212946,0.107739054,0.070531462
1.2077151,0.198394433,-0.074865773,1.447278484,1.010412189,-0.282437746,0.584512197,0.359755347,0.11476897,0.070637962
1.208737067,0.205721097,-0.077772729,1.448184616,1.047726492,-0.293404493,0.61619971,0.365382137,0.120990813,0.071742783
1.2097223,0.213394383,-0.081638716,1.449048535,1.086806129,-0.307989272,0.658341229,0.362320255,0.1292653,0.071141582
1.2107628,0.22155647,-0.085043207,1.449959992,1.128375197,-0.320833013,0.69545216,0.366778392,0.136552032,0.072016937
1.211758933,0.230018723,-0.089243861,1.450822337,1.171472999,-0.336680354,0.741241748,0.364086606,0.145542817,0.071488405
1.212720367,0.2386671,-0.093045918,1.45164704,1.215518717,-0.351023947,0.782686381,0.366687691,0.153680471,0.071999128
1.213716967,0.247722143,-0.097143326,1.45250048,1.261635566,-0.366481782,0.827350523,0.368140398,0.162450275,0.072284367
1.214766467,0.25723968,-0.101109854,1.453399507,1.310107869,-0.38144586,0.870587993,0.373375231,0.170939952,0.073312227
1.215786767,0.26735009,-0.105529227,1.454259962,1.361599643,-0.398118336,0.918761742,0.376693257,0.180398868,0.073963721
1.216715733,0.277572603,-0.107616393,1.45502731,1.413662355,-0.405992354,0.94151307,0.40600464,0.184866091,0.079719011
1.2176582,0.28820155,-0.11289119,1.455801733,1.467795009,-0.425891991,0.999011432,0.402638932,0.196155895,0.079058154
1.2187513,0.29916554,-0.11747464,1.456721493,1.523634021,-0.443183461,1.048973712,0.408515664,0.205965988,0.080212051
1.2198206,0.310495107,-0.12175375,1.457611672,1.581334895,-0.459326782,1.095618508,0.419571742,0.215124694,0.082382912
1.220733833,0.322476527,-0.127385443,1.458335479,1.642355623,-0.480572842,1.157007253,0.419203726,0.227178374,0.082310652
1.221664967,0.334528367,-0.13294942,1.459076073,1.703734997,-0.501563436,1.217657846,0.419932507,0.239087118,0.082453748
1.222741033,0.347158393,-0.138122233,1.459952459,1.768059044,-0.521078332,1.27404453,0.427869869,0.250158643,0.084012249
1.2238027,0.360316067,-0.143955033,1.460806103,1.835070368,-0.543083085,1.337625454,0.431300269,0.262642758,0.084685808
1.224770867,0.37385401,-0.149560327,1.461560235,1.904018386,-0.564229549,1.398726423,0.439147318,0.274639933,0.086226576
1.2256932,0.387551933,-0.155837617,1.462266004,1.973781173,-0.587911181,1.467152548,0.440483981,0.288075403,0.08648903
1.226714833,0.401927927,-0.16221864,1.463060353,2.046997335,-0.611984155,1.536709426,0.444143264,0.301732896,0.08720753
1.22778,0.416775873,-0.16775929,1.463890773,2.122617129,-0.632886747,1.597105745,0.459366739,0.313591713,0.090196659
1.2287412,0.432100297,-0.174989567,1.464609694,2.200663594,-0.660163605,1.675919981,0.458598969,0.329066888,0.090045907
1.229733467,0.447708507,-0.180821973,1.465355195,2.280155369,-0.682166874,1.739496617,0.474514107,0.341550161,0.093170845
1.2307587,0.463818987,-0.188279943,1.466125722,2.362205178,-0.710302725,1.820792843,0.47526769,0.357512675,0.093318811
1.231722067,0.480154147,-0.194983007,1.46683083,2.44539927,-0.735590624,1.893860146,0.48539448,0.37185944,0.095307206
1.232710433,0.49690803,-0.20217464,1.467554317,2.530725898,-0.762721696,1.972253146,0.492328107,0.387251905,0.096668624
1.233705567,0.514349223,-0.209472507,1.468273705,2.619552958,-0.790253543,2.051804152,0.501604161,0.402871745,0.098489977
1.2347383,0.531959017,-0.21651436,1.469028028,2.709238689,-0.816819557,2.128564463,0.514529581,0.417943632,0.101027883
1.235736467,0.5501739,-0.225376583,1.469738217,2.802006112,-0.850253078,2.22516787,0.510693597,0.436911711,0.100274688
1.2367073,0.568905077,-0.232599133,1.470412911,2.897402988,-0.877500786,2.303897881,0.527360463,0.452370349,0.103547227
1.237711733,0.587844593,-0.240778993,1.47111791,2.993860929,-0.908360031,2.393063129,0.534653155,0.469877945,0.104979147
1.2387258,0.60725192,-0.24788412,1.471825147,3.092701401,-0.935164749,2.470513156,0.5560436,0.485085258,0.109179161
1.2397442,0.627107997,-0.257089067,1.472529623,3.193827332,-0.969891224,2.570852447,0.55683024,0.504786878,0.109333618
1.2407238,0.647377013,-0.264478623,1.473188769,3.297056345,-0.997768979,2.651402928,0.579508772,0.520602965,0.113786547
1.2417165,0.668272057,-0.27393937,1.473851119,3.403473678,-1.033460482,2.754530588,0.582798445,0.540852081,0.114432475
1.242761367,0.689393323,-0.282671747,1.474562058,3.511043154,-1.066404145,2.84971859,0.595179919,0.559542245,0.116863577
1.243727633,0.710997003,-0.292959947,1.475186771,3.621069536,-1.105217289,2.961865975,0.593058916,0.581562384,0.116447118
1.244783233,0.73268819,-0.30088052,1.475899433,3.731541584,-1.135098351,3.048204847,0.617192092,0.598515022,0.121185667
1.245742667,0.754872383,-0.308700967,1.476508134,3.844524489,-1.164601678,3.13345228,0.644927564,0.615253355,0.126631527
1.246720133,0.777710297,-0.319024257,1.477124534,3.960836754,-1.203547201,3.245982166,0.648709943,0.637348598,0.127374197
1.247706833,0.800682983,-0.330239603,1.477748035,4.077835413,-1.245858088,3.368235991,0.643454778,0.661353137,0.126342346
1.248742167,0.82403954,-0.338917343,1.478414102,4.196789101,-1.278595629,3.462828421,0.667816035,0.679926361,0.131125678
1.249796467,0.84770717,-0.347358863,1.479094216,4.317327069,-1.310442009,3.554845916,0.696336508,0.697993996,0.136725673
1.250747433,0.872276563,-0.35841738,1.479656741,4.442457669,-1.35216124,3.675390202,0.700922822,0.721662866,0.137626196
1.251661467,0.896362403,-0.36701568,1.480189977,4.565125558,-1.384599087,3.76911669,0.729864223,0.740066062,0.14330884
1.2527206,0.921360337,-0.377413687,1.480853893,4.692438689,-1.423826486,3.882461032,0.743833013,0.762321224,0.146051612
1.253837033,0.94680524,-0.387893987,1.481568042,4.822028215,-1.463364344,3.996702418,0.759181152,0.78475252,0.149065219
1.2547469,0.972441397,-0.39909803,1.482072602,4.952591783,-1.505632588,4.11883303,0.767614109,0.808732865,0.15072103
1.2556587,0.998489943,-0.40821457,1.482572574,5.085255632,-1.54002554,4.218208637,0.800902351,0.828245266,0.157257177
1.256723167,1.02516571,-0.42045233,1.483215297,5.221113878,-1.586193572,4.351607363,0.803361871,0.854438106,0.157740103
1.2578721,1.052944923,-0.433034063,1.483925041,5.362591919,-1.633659272,4.4887556,0.807691675,0.881367162,0.15859026
1.258841633,1.081547433,-0.44477739,1.484442368,5.508262966,-1.67796201,4.616764714,0.825353607,0.906501752,0.162058181
1.259797167,1.1104185,-0.468144667,1.48494145,5.655301757,-1.766117126,4.871481668,0.717675444,0.956515425,0.140915574
1.260902267,1.139050067,-0.466717163,1.485593885,5.801120788,-1.760731744,4.855921048,0.879055095,0.953460098,0.172602468
1.262015633,1.1687202,-0.4791771,1.486238167,5.952229183,-1.807737956,4.99174163,0.894342908,0.980128469,0.17560423
1.263051333,1.198840567,-0.491580557,1.486797664,6.105630592,-1.854531092,5.126946547,0.9125394,1.006675955,0.179177111
1.263964033,1.2271097,-0.50141375,1.487263429,6.249603769,-1.891627683,5.234134093,0.949325031,1.027722229,0.18639997
1.2650049,1.256027433,-0.51341281,1.487847106,6.396880231,-1.936895197,5.364930851,0.965804736,1.053404172,0.18963576
1.266033333,1.2853484,-0.525925647,1.488411975,6.546210339,-1.98410098,5.501328073,0.978737621,1.080185767,0.192175132
1.267017033,1.314948433,-0.53765446,1.488927699,6.696961718,-2.028348964,5.629178984,1.001638089,1.105289293,0.196671639
1.268018567,1.344775567,-0.5489496,1.489457665,6.848869705,-2.070960878,5.752302602,1.030422458,1.129464616,0.20232345
1.269023333,1.375145033,-0.561321417,1.48998229,7.003539767,-2.11763465,5.887162625,1.050232498,1.155944381,0.206213151
1.270054467,1.405395967,-0.572961867,1.490535156,7.157606145,-2.161549276,6.014050323,1.077411177,1.180858781,0.211549685
1.2710001,1.4359435,-0.586627343,1.490997833,7.313183091,-2.213103495,6.163011995,1.084026452,1.210107405,0.212848594
1.271977833,1.466672433,-0.599397107,1.491489742,7.469683898,-2.261278555,6.302209868,1.101329385,1.237438908,0.216246025
1.2730716,1.497441567,-0.608093463,1.492097049,7.626389441,-2.294086329,6.397005231,1.163239565,1.256051977,0.228402088
1.274022467,1.529140933,-0.621186453,1.492546749,7.787832612,-2.343480791,6.539726464,1.181961503,1.284075291,0.232078141
1.275005333,1.5609402,-0.634130003,1.493026869,7.949784568,-2.392311477,6.680818713,1.20282121,1.311778754,0.236173945
1.2759807,1.592623267,-0.646517277,1.493501326,8.111144725,-2.439043561,6.815847222,1.229152857,1.338291602,0.241344164
1.2770026,1.624752833,-0.658232827,1.494015258,8.274778881,-2.483241509,6.943553555,1.265080681,1.363366741,0.248398592
1.2780381,1.6570903,-0.673760553,1.494539502,8.439471861,-2.54182123,7.112814838,1.260512378,1.396601194,0.247501605
1.279025033,1.689582833,-0.683332047,1.495012729,8.604954588,-2.577930534,7.217149702,1.321660241,1.417087344,0.259507988
1.280016333,1.7227127,-0.697573343,1.495480246,8.773683219,-2.631657084,7.372388147,1.335150427,1.447568413,0.262156786
1.280987567,1.755808267,-0.709451973,1.495928238,8.942237162,-2.676470266,7.501872147,1.374220369,1.472992596,0.26982817
1.282006633,1.788483,-0.722629763,1.496430717,9.108647823,-2.726184643,7.645517749,1.396985429,1.50119741,0.274298089
1.283019467,1.822071633,-0.73411264,1.496912514,9.279712928,-2.76950481,7.770687807,1.442880476,1.525774551,0.283309581
1.284018133,1.856002167,-0.74827397,1.497374739,9.452519311,-2.822929679,7.925054569,1.461320097,1.556084465,0.286930201
1.285000233,1.889728167,-0.760780313,1.497823631,9.624284017,-2.870110964,8.061381011,1.496758361,1.582852161,0.293888504
1.285952933,1.9241969,-0.77549819,1.49823138,9.799831423,-2.925635455,8.221814456,1.511872322,1.614353268,0.296856131
1.286983667,1.957716633,-0.78851686,1.498732167,9.970545624,-2.974749538,8.363725557,1.540675422,1.642217513,0.302511619
1.2880422,1.992636167,-0.802603683,1.499238622,10.14838893,-3.027893324,8.517280153,1.564964133,1.672367958,0.307280708
1.289034,2.027473933,-0.81650915,1.499679637,10.32581581,-3.080352926,8.668857856,1.590813304,1.70213024,0.312356192
1.289955367,2.061985133,-0.82872818,1.500055382,10.50157949,-3.126450296,8.802052414,1.633382433,1.728282992,0.320714641
1.290966533,2.096927833,-0.842136383,1.500514104,10.67954079,-3.177033928,8.948209656,1.665186485,1.756980966,0.326959366
1.2920351,2.132342967,-0.85575523,1.501022758,10.85990816,-3.228412231,9.096663033,1.697100479,1.786129787,0.333225679
1.2930341,2.168659367,-0.869036513,1.501447595,11.04486563,-3.278517046,9.241436773,1.737284213,1.81455611,0.341115755
1.293960567,2.2041425,-0.881206513,1.501813074,11.22557932,-3.324429446,9.374096876,1.785337802,1.840603922,0.350551077
1.294958267,2.239829533,-0.89616378,1.502246562,11.40733147,-3.380857057,9.537139813,1.804047009,1.872617402,0.35422463
1.296010333,2.275483767,-0.90812442,1.502734935,11.58891656,-3.425979628,9.667517769,1.855254147,1.898217114,0.364279152
1.297015933,2.3117632,-0.922713997,1.503166957,11.77368577,-3.481020095,9.82655267,1.88098845,1.929443617,0.369332082
1.297946367,2.348008133,-0.937755647,1.503524358,11.95827926,-3.537766049,9.990515434,1.901619185,1.961637705,0.373382927
1.298985567,2.3841892,-0.95338342,1.503991535,12.14254749,-3.596723205,10.16086728,1.915535563,1.995086291,0.376115408
1.3000082,2.4211088,-0.96507106,1.50443047,12.33057703,-3.64081586,10.28826938,1.976163004,2.020101693,0.388019606
1.3009793,2.457433867,-0.975996943,1.504827271,12.51557864,-3.68203472,10.40736789,2.042066112,2.043486685,0.400959681
1.3019812,2.4929623,-0.993454323,1.505267466,12.69652305,-3.747894229,10.59766352,2.032714883,2.080851232,0.399123567
1.3030307,2.529588767,-1.00589131,1.505737902,12.88305967,-3.79481386,10.73323393,2.083681097,2.107470482,0.409130783
1.3040092,2.567608667,-1.021611833,1.506115307,13.07669298,-3.854120924,10.90459681,2.105951525,2.141117584,0.413503582
1.3049885,2.6045695,-1.032219943,1.506510256,13.26493252,-3.894140956,11.0202314,2.178556473,2.163822436,0.427759563
1.3059486,2.6420168,-1.046110317,1.506878314,13.45564961,-3.946543617,11.17164458,2.217860383,2.193552413,0.435476886
1.3070151,2.679864833,-1.061858823,1.507346437,13.64840761,-4.005956251,11.34331249,2.238950469,2.227259408,0.439617925
1.3080262,2.718516733,-1.07762119,1.50774645,13.84525966,-4.065421172,11.51513149,2.263983523,2.260996068,0.444533165
1.3090041,2.756026367,-1.091970817,1.508131323,14.0362942,-4.119556406,11.67155079,2.298598765,2.291708998,0.451329867
1.309938267,2.794309533,-1.105756233,1.508460233,14.23126831,-4.171563109,11.82181988,2.343303788,2.321214334,0.460107699
1.3109975,2.8316942,-1.116978933,1.508928415,14.42166641,-4.213901737,11.94415386,2.411367907,2.345234611,0.473472088
1.312062933,2.8704241,-1.132663433,1.509381528,14.61891571,-4.273072899,12.11512406,2.437647002,2.37880461,0.478631989
1.313045533,2.908829067,-1.1483911,1.509756946,14.81451014,-4.332406911,12.28656481,2.461800688,2.412467001,0.483374565
1.313935767,2.9471624,-1.160500133,1.510041129,15.00973975,-4.37808931,12.41856034,2.525034764,2.438384323,0.495790576
1.314989667,2.986838233,-1.1811665,1.510467754,15.21180664,-4.456055004,12.6438358,2.501826193,2.482617159,0.491233573
1.3160283,3.024795333,-1.185894433,1.510906286,15.40512011,-4.473891551,12.69537303,2.643602431,2.492736495,0.519071337
1.317027333,3.063552467,-1.2008069,1.511292569,15.60250811,-4.530150149,12.85792762,2.678435839,2.524654089,0.525910877
1.317989233,3.103496467,-1.219949,1.511622954,15.80594075,-4.602365413,13.06658768,2.673208422,2.565624492,0.524884474
1.318981533,3.1426792,-1.233220667,1.511995775,16.00549631,-4.652433948,13.2112566,2.728095065,2.594030233,0.535661466
1.319981633,3.182222867,-1.247348667,1.51237069,16.20689008,-4.705733077,13.36526004,2.775485389,2.624268809,0.544966556
1.321008167,3.2211376,-1.260987233,1.512781981,16.40508072,-4.757185775,13.51392838,2.825007699,2.653459837,0.554690262
1.3220338,3.2612669,-1.278716667,1.51317317,16.60945709,-4.824071629,13.70718955,2.836122896,2.691406668,0.556872731
1.323008067,3.300426133,-1.2887994,1.513528329,16.80889296,-4.862109631,13.81709723,2.92565109,2.712987041,0.574451591
1.3239632,3.341393167,-1.3099924,1.513835774,17.01753586,-4.942062097,14.0481133,2.90327792,2.758347046,0.57005862
1.3249386,3.379494333,-1.319425967,1.514208795,17.21158306,-4.977651061,14.15094468,2.994493732,2.778537988,0.587968844
1.3260278,3.420317233,-1.3354362,1.514652585,17.41949189,-5.038051081,14.32546557,3.027881681,2.812805164,0.594524568
1.3270221,3.459736267,-1.347273767,1.51502367,17.62025091,-5.082709347,14.45450195,3.099604314,2.838141459,0.608607307
1.3279519,3.5006109,-1.3669582,1.515307242,17.82842322,-5.156970612,14.66907377,3.093204814,2.880272634,0.607350765
1.3289343,3.5402205,-1.377938133,1.515663414,18.03015279,-5.19839338,14.78876145,3.175246697,2.90377331,0.623459689
1.329990633,3.580809367,-1.396047933,1.516078037,18.23686971,-5.266714201,14.98616884,3.184556224,2.942534251,0.625287615
1.3310225,3.6212659,-1.404899733,1.516470286,18.44291266,-5.300108399,15.08265862,3.294109388,2.961480021,0.646798378
1.331974533,3.662483933,-1.427088267,1.516770662,18.65283389,-5.383816602,15.32452659,3.262162654,3.008970795,0.640525637
1.3329619,3.702993367,-1.437211267,1.517117575,18.85914625,-5.422006514,15.43487319,3.358128413,3.030637352,0.659368514
1.333995833,3.744020533,-1.451683167,1.517502869,19.06809541,-5.476603036,15.59262535,3.409325412,3.061611988,0.669421045
1.335024333,3.784681867,-1.4714196,1.517888513,19.27518139,-5.551060475,15.80776399,3.401272756,3.10385446,0.667839906
1.3360261,3.825493,-1.4785344,1.518245056,19.4830303,-5.577901686,15.88531947,3.531566192,3.119082477,0.693423022
1.337012733,3.866803333,-1.495713167,1.518578573,19.69342161,-5.642710102,16.07257805,3.554698918,3.1558507,0.697965132
1.338008967,3.907272733,-1.511721767,1.518934985,19.89953009,-5.70310396,16.24708113,3.586304314,3.19011438,0.704170852
1.3390148,3.948639733,-1.527448667,1.519286806,20.11021,-5.76243508,16.41851352,3.625551834,3.22377513,0.711877103
1.3399993,3.9895401,-1.540895233,1.519624671,20.31851337,-5.813163441,16.56508895,3.687279779,3.252555214,0.723997385
1.341005667,4.031512267,-1.559508733,1.519967458,20.53227536,-5.883384515,16.76798696,3.698143755,3.292394239,0.726130526
1.3420195,4.072590367,-1.5683096,1.520331846,20.74148391,-5.916586562,16.86392154,3.811417728,3.311230995,0.748371871
1.3430529,4.113861567,-1.585005667,1.520712749,20.95167592,-5.979573949,17.04591841,3.839612861,3.34696608,0.753907985
1.3439688,4.155552867,-1.599819367,1.520969509,21.16400747,-6.035459941,17.20739639,3.890466436,3.378672281,0.763893085
1.344992933,4.1970942,-1.613805667,1.521336874,21.37557525,-6.088224494,17.35985522,3.949575381,3.408607573,0.775499126
1.346062667,4.239358333,-1.631114767,1.521738411,21.59082421,-6.153524604,17.54853451,3.976145049,3.445654752,0.78071608
1.347051067,4.280058833,-1.642638367,1.522083337,21.79810967,-6.196998403,17.67414848,4.057816543,3.470319054,0.796752278
1.3479731,4.322723067,-1.659734233,1.522330848,22.01539632,-6.261494071,17.8605034,4.088748267,3.506909844,0.802825722
1.348974567,4.364548833,-1.674482067,1.52267105,22.2284127,-6.317131575,18.0212634,4.141004658,3.538475068,0.813086265
1.3500213,4.4059089,-1.687368467,1.52306388,22.4390573,-6.365746658,18.16173268,4.211179974,3.566056211,0.826865188
1.3510193,4.4491771,-1.707250033,1.52337781,22.65941991,-6.440751625,18.37845336,4.214821912,3.608609317,0.827580282
1.351963667,4.4910973,-1.7186112,1.523659418,22.87291724,-6.483612631,18.5022967,4.30447589,3.632925958,0.845183841
1.352983033,4.531843533,-1.728791333,1.524034587,23.08043562,-6.522018083,18.6132661,4.401024873,3.654714799,0.864141234
1.3540108,4.575197533,-1.7545948,1.524376927,23.30123521,-6.619363942,18.89453895,4.340551619,3.709942722,0.85226731
1.355036567,4.615976333,-1.759326,1.524757981,23.50891945,-6.637212812,18.94611179,4.496663015,3.720069049,0.882919783
1.3560119,4.661289533,-1.779768867,1.525016912,23.73969714,-6.714335333,19.16895097,4.50460153,3.763823522,0.88447851
1.3569804,4.701248933,-1.787766167,1.525353654,23.94320822,-6.744505854,19.2561262,4.620937369,3.78094038,0.907321052
1.3579693,4.745351633,-1.8052101,1.525645291,24.1678209,-6.810314634,19.44627526,4.655400996,3.818276147,0.914087986
1.3589886,4.7868546,-1.816087467,1.526008429,24.37919328,-6.851350461,19.5648449,4.74820373,3.841557297,0.932309802
1.360036633,4.829833667,-1.828990967,1.526376963,24.59808335,-6.900030055,19.70550058,4.826438127,3.86917504,0.947671126
1.361013033,4.8732899,-1.8459653,1.52666632,24.81940362,-6.964067228,19.89053072,4.862728248,3.905505708,0.954796691
1.361973233,4.914888833,-1.8646115,1.526968841,25.03126475,-7.034411665,20.09378519,4.871334917,3.945414721,0.956486611
1.362930533,4.9590726,-1.882913333,1.527227596,25.2562903,-7.103456948,20.29328585,4.896859802,3.984586677,0.961498422
1.364037333,5.000122067,-1.890585167,1.527685403,25.46535303,-7.132399618,20.37691331,5.022295069,4.001006929,0.986127637
1.365055767,5.0441502,-1.9107054,1.528007752,25.68958594,-7.208304976,20.5962356,5.0272057,4.04407086,0.987091839
1.365984233,5.087019433,-1.9240931,1.528258456,25.90791665,-7.258811257,20.74216934,5.099602659,4.07272495,1.001306982
1.366940567,5.1297358,-1.9378818,1.528539444,26.12546881,-7.310830347,20.89247422,5.166849941,4.102237313,1.014510986
1.368024367,5.1729334,-1.9484177,1.52894029,26.34547186,-7.350577961,21.00732168,5.272005538,4.124787612,1.035158287
1.369018033,5.215717,-1.9663204,1.529257548,26.56336644,-7.418117478,21.20247156,5.294750235,4.16310529,1.039624209
1.3700046,5.259208867,-1.980119233,1.529556508,26.78486818,-7.470174797,21.35288689,5.365836638,4.192639342,1.053582024
1.3709421,5.302555067,-1.993467233,1.529808704,27.00562805,-7.520531306,21.49838788,5.441095515,4.221208461,1.068359104
1.3719872,5.3457915,-2.006066467,1.530170236,27.22582888,-7.568063027,21.63572688,5.523957351,4.248174973,1.084629026
1.3730294,5.389462933,-2.0229374,1.530521991,27.44824514,-7.631710114,21.8196299,5.562470594,4.284284331,1.092191101
1.374004233,5.432450467,-2.038843333,1.530817191,27.66717834,-7.691716653,21.99301386,5.608019835,4.318328271,1.101134695
1.375015,5.474595533,-2.047212,1.531161645,27.8818209,-7.723288188,22.08423721,5.731439044,4.336239976,1.125368056
1.3760066,5.518840633,-2.0633657,1.53145373,28.10715882,-7.784229449,22.26032197,5.780692203,4.370814218,1.135038914
1.377026867,5.563000033,-2.080710267,1.531775836,28.33206027,-7.849663359,22.44938787,5.816527755,4.407937308,1.142075225
1.3779368,5.6050563,-2.089353833,1.53202086,28.54625057,-7.882271978,22.54360779,5.93649814,4.426437389,1.16563141
1.378984533,5.649200133,-2.110951933,1.532370679,28.77107274,-7.963752719,22.77903968,5.925888416,4.472664442,1.16354819
1.380037,5.692537,-2.122235733,1.53273799,28.99178508,-8.006321852,22.90203969,6.023600743,4.496815493,1.182734006
1.381032167,5.735537867,-2.138361833,1.533053313,29.21078618,-8.067158989,23.07782359,6.066817945,4.531330662,1.191219704
1.381943533,5.780982033,-2.1604041,1.533246207,29.44223088,-8.150315388,23.31809716,6.057989073,4.578508378,1.189486154
1.382933867,5.823027933,-2.163329833,1.533571795,29.65636839,-8.161352976,23.34998936,6.240234381,4.584770412,1.225270021
1.384016467,5.866915267,-2.180702267,1.533960536,29.87988422,-8.226892016,23.53935903,6.274380549,4.621953145,1.231974621
1.3850957,5.9125099,-2.2007946,1.534318918,30.11209524,-8.302692119,23.75837719,6.287573407,4.664957361,1.234565038
1.385970533,5.954374933,-2.210353367,1.534531866,30.3253116,-8.338753411,23.86257332,6.396593637,4.685416272,1.255971161
1.386903467,5.999200967,-2.222608867,1.534756099,30.55360818,-8.384988368,23.99616542,6.491298113,4.711647081,1.274566385
1.387993867,6.041849267,-2.232770433,1.53517223,30.77081368,-8.423323776,24.10693243,6.597736606,4.733396183,1.295465583
1.3890518,6.0863652,-2.2521264,1.535526366,30.99753094,-8.496345871,24.31792377,6.613462529,4.774824331,1.298553368
1.389997367,6.1304261,-2.2641685,1.53577533,31.22193074,-8.541775757,24.44918968,6.706596407,4.800598394,1.316840205
1.390940567,6.176499067,-2.283854733,1.535990116,31.45657788,-8.616043812,24.66378112,6.726652118,4.842733422,1.320778143
1.3919634,6.2173244,-2.290880767,1.536367501,31.66449911,-8.642550144,24.74036898,6.857985483,4.857771449,1.34656545
1.3929921,6.261590833,-2.306984733,1.536696349,31.88994568,-8.703303781,24.91591162,6.907889414,4.892239246,1.356364086
1.394038467,6.306214967,-2.317409533,1.537037208,32.11721399,-8.742632261,25.02954802,7.021521323,4.914551754,1.378675712
1.394984867,6.3517933,-2.3383975,1.537263015,32.34934199,-8.82181122,25.25832911,7.02486824,4.95947292,1.379332879
1.395971133,6.394575467,-2.351677433,1.537572895,32.56722927,-8.871910942,25.40308813,7.097996492,4.987896355,1.393691611
1.3969553,6.440019,-2.365449467,1.5378386,32.79867074,-8.923867155,25.55321133,7.179314764,5.017373045,1.409658454
1.398046033,6.483005867,-2.370781333,1.538249711,33.01760054,-8.943982093,25.61133179,7.340124108,5.028784997,1.441233369
1.3990134,6.526888967,-2.389259267,1.538523285,33.24109481,-9.013691729,25.81275205,7.36219812,5.068333865,1.445567601
1.400014733,6.572005433,-2.4079632,1.538811327,33.47087055,-9.084253971,26.01663584,7.388090071,5.108366447,1.450651485
1.400920833,6.617955233,-2.421979233,1.538990961,33.70489042,-9.137130695,26.16941878,7.46932699,5.138365378,1.466602354
1.402011433,6.6601513,-2.429673167,1.539414441,33.91979272,-9.166156738,26.25328715,7.600360927,5.154832931,1.492330868
1.403000667,6.7059186,-2.4479323,1.539680094,34.15288312,-9.235040933,26.45232236,7.634416116,5.193913495,1.499017604
1.4040271,6.75082,-2.4640593,1.539996636,34.38156353,-9.295881465,26.62811607,7.687302821,5.22843059,1.509401909
1.404946533,6.793483567,-2.4796583,1.540241558,34.59884679,-9.354730071,26.79815427,7.73454787,5.261817591,1.518678474
1.405971267,6.837255967,-2.4906393,1.54057425,34.82177727,-9.396156864,26.91785358,7.837779042,5.285320551,1.538947915
1.4070018,6.884973533,-2.5088473,1.540850368,35.06480027,-9.464848153,27.11633141,7.882324218,5.324291672,1.54769436
1.408005767,6.927241,-2.517229067,1.541186086,35.28006621,-9.496469109,27.20769756,8.006224007,5.342231415,1.572022084
1.408971933,6.9717485,-2.5315105,1.54144859,35.50674051,-9.550347078,27.36337352,8.077222354,5.37279839,1.585962609
1.409981933,7.0168182,-2.551066533,1.541746038,35.73627807,-9.624123942,27.57654569,8.093587738,5.414654747,1.589175952
1.411010933,7.062154967,-2.558169767,1.542058263,35.96717579,-9.650921518,27.65397508,8.247056065,5.429858007,1.619309458
1.411974667,7.106090367,-2.572774167,1.542327378,36.19093642,-9.706017907,27.81317157,8.311620213,5.461116237,1.631986629
1.412941467,7.150825167,-2.585956633,1.542586921,36.41876836,-9.755749928,27.95686815,8.395755565,5.48933106,1.648506605
1.413997567,7.195834,-2.601731567,1.542931431,36.64799593,-9.815262258,28.12882413,8.453027155,5.523094617,1.659751882
1.415009133,7.240221633,-2.609893433,1.543241229,36.87405976,-9.846053621,28.21779324,8.590121876,5.540563702,1.68667043
1.41594,7.2866672,-2.6321326,1.543437792,37.11060453,-9.929952843,28.46021313,8.584246755,5.588162849,1.68551685
1.4169535,7.329901033,-2.6451733,1.543767765,37.33079212,-9.979150036,28.60236437,8.662283104,5.616074245,1.700839288
1.4180024,7.372184267,-2.6456004,1.544148167,37.54613836,-9.980761308,28.60702001,8.872973701,5.61698838,1.742208386
1.419073867,7.4195954,-2.671018933,1.544470063,37.78760071,-10.07665497,28.88409686,8.837359207,5.671392419,1.73521548
1.4199627,7.465028133,-2.686963233,1.544640605,38.01898718,-10.13680625,29.05789904,8.894943501,5.705518476,1.746522156
1.420943067,7.5085473,-2.697079967,1.544932934,38.24062796,-10.17497252,29.16817734,9.00630598,5.72717162,1.768388179
1.421961,7.5533072,-2.703962567,1.545243213,38.46858773,-10.20093774,29.24320169,9.159241389,5.741902652,1.798417047
1.423073233,7.600251033,-2.717916333,1.545613264,38.70767015,-10.25357956,29.39530589,9.246219609,5.771768312,1.81549522
1.424039967,7.6425476,-2.7298917,1.545911289,38.92308429,-10.29875769,29.52584438,9.331095265,5.797399544,1.832160555
1.424955233,7.690337467,-2.755217133,1.546070998,39.16647551,-10.39430012,29.80190638,9.298424483,5.851604318,1.825745647
1.425911867,7.733515267,-2.770301267,1.54634499,39.38637773,-10.45120635,29.96633224,9.353900842,5.883889335,1.83663843
1.4270329,7.778047233,-2.7729261,1.546761973,39.61317664,-10.46110876,29.99494446,9.55208754,5.889507344,1.875552388
1.428052333,7.823350467,-2.793571967,1.547065162,39.84390357,-10.53899712,30.21999645,9.557762477,5.933696303,1.876666662
1.428962833,7.867847567,-2.8044672,1.547272163,40.07052491,-10.58010035,30.33876085,9.665619414,5.957015694,1.897844372
1.4299191,7.9119379,-2.808414067,1.547531362,40.29507461,-10.59499025,30.381784,9.847145963,5.965463289,1.93348711
1.430957067,7.9581453,-2.831000567,1.547838789,40.53040642,-10.68019982,30.62799004,9.836271736,6.013805844,1.931351955
1.4320319,8.003802767,-2.843243933,1.548191778,40.76293744,-10.726389,30.76144988,9.935342918,6.040010684,1.950804582
1.4330086,8.0479277,-2.846300767,1.548470863,40.98766336,-10.73792118,30.79477115,10.12674756,6.046553315,1.988386884
1.4339786,8.095491567,-2.866322533,1.548688878,41.22990357,-10.81345506,31.01302009,10.15073884,6.089406494,1.993097571
1.434974867,8.1419903,-2.8825771,1.54895,41.46671912,-10.87477685,31.19020435,10.21037013,6.124196625,2.004806174
1.436003267,8.1854288,-2.897275367,1.549291637,41.68794907,-10.93022736,31.35042404,10.27138039,6.15565576,2.016785539
1.4370064,8.230742267,-2.909159267,1.549578365,41.91872812,-10.97506042,31.47996548,10.37261799,6.181091223,2.036663543
1.4380296,8.273413033,-2.913251733,1.54992694,42.13604804,-10.99049962,31.52457576,10.54532764,6.18985045,2.070575082
1.439007767,8.319503133,-2.928754967,1.550176422,42.37078245,-11.04898693,31.69357005,10.61106775,6.223032479,2.083483153
1.4399873,8.365054967,-2.945200367,1.550435781,42.60277549,-11.11102866,31.87283451,10.66379633,6.258231056,2.09383641
1.4410266,8.4119819,-2.961528467,1.550733166,42.84177184,-11.17262786,32.05082033,10.72480686,6.293178571,2.105815828
1.442051567,8.4555397,-2.969953067,1.551069484,43.06360937,-11.20441041,32.14265339,10.85481134,6.311209992,2.131342207
1.4429585,8.5009977,-2.988384767,1.551257726,43.29512452,-11.27394562,32.34356967,10.88541021,6.350659905,2.137350294
1.443987033,8.544894533,-2.998054167,1.551592251,43.51868874,-11.31042429,32.44897178,11.00357232,6.371355608,2.160551424
1.445012833,8.591540367,-3.006682867,1.55188058,43.75625346,-11.34297682,32.54302964,11.14707917,6.38982387,2.188728995
1.446012933,8.638118433,-3.021077467,1.552144281,43.99347305,-11.39728172,32.69993918,11.22738922,6.420633059,2.204497874
1.446985767,8.683465333,-3.035772733,1.55240018,44.22442238,-11.45272092,32.86012617,11.29815156,6.452085773,2.218392059
1.447990067,8.728417067,-3.050323267,1.552693793,44.45335914,-11.50761409,33.01873547,11.36847902,6.48322871,2.232200856
1.449009667,8.772078533,-3.058824933,1.553023105,44.67572464,-11.53968738,33.1114086,11.4981714,6.501425079,2.257665954
1.450006933,8.818024967,-3.064320733,1.553293959,44.90972736,-11.56042077,33.17131603,11.67226668,6.513187902,2.291849563
1.450936567,8.8623387,-3.073032067,1.553522992,45.13541482,-11.59328504,33.26627465,11.80299553,6.531833027,2.317518172
1.451976967,8.906231567,-3.086508133,1.553869446,45.35895883,-11.6441247,33.41317164,11.87964255,6.560676251,2.332567815
1.453026667,8.953146633,-3.1026852,1.554177418,45.59789475,-11.70515411,33.58951111,11.94223899,6.595300506,2.344858627
1.454044067,8.998474767,-3.112528267,1.554478181,45.82874849,-11.74228795,33.69680628,12.06579757,6.616367913,2.369119353
1.4549597,9.042619067,-3.122686467,1.554695893,46.05357304,-11.78061066,33.80753659,12.17989181,6.638109809,2.391521757
1.4559711,9.089158267,-3.1421021,1.554971508,46.29059469,-11.85385785,34.01917832,12.20527172,6.679665663,2.396505102
1.4570544,9.134956233,-3.153169633,1.555330742,46.52384127,-11.8956111,34.13982089,12.31787573,6.703353833,2.4186149
1.458016767,9.1783316,-3.163147833,1.555607344,46.74474968,-11.93325474,34.2485891,12.43001594,6.724710469,2.44063363
1.458958533,9.2239857,-3.181185967,1.555827319,46.97726356,-12.00130519,34.44521528,12.46590364,6.76331802,2.447680179
1.4599628,9.270722533,-3.1906824,1.556092677,47.21529174,-12.03713132,34.54873195,12.60041515,6.783643517,2.474091515
1.461049667,9.315914333,-3.208703767,1.556465061,47.44545115,-12.10511852,34.74517536,12.63413115,6.822215182,2.48071165
1.462097967,9.3622049,-3.217632933,1.556781507,47.68120652,-12.13880459,34.84250849,12.77255339,6.841326542,2.507890857
1.463012833,9.406646867,-3.223726733,1.556993746,47.90754707,-12.16179399,34.90893446,12.93246796,6.854369282,2.539290084
1.4639244,9.454340567,-3.2442357,1.557151276,48.15044852,-12.23916588,35.13249417,12.9518097,6.89826523,2.543087835
1.465019533,9.498591567,-3.243493767,1.557546801,48.37581648,-12.23636687,35.12440666,13.18526517,6.896677249,2.588926817
1.466057467,9.5441158,-3.2674907,1.557864996,48.60766896,-12.32689742,35.38598724,13.15553707,6.948038595,2.583089704
1.4670136,9.5900722,-3.276570167,1.558094559,48.84172243,-12.36115051,35.48495873,13.29061906,6.967471647,2.609613052
1.4679377,9.636847767,-3.292108933,1.558279137,49.07994788,-12.41977188,35.65434036,13.35946288,7.000729729,2.623130537
1.468951633,9.677747533,-3.287350733,1.558646445,49.2882482,-12.40182115,35.6024732,13.61963035,6.990545612,2.67421442
1.470012533,9.7275461,-3.312408133,1.558920029,49.54186962,-12.49635241,35.87561348,13.60011149,7.044176707,2.670381892
1.471024267,9.771192367,-3.326922567,1.559241715,49.76415771,-12.55110939,36.03382928,13.66418379,7.075242379,2.682962487
1.4720051,9.824215867,-3.338916867,1.559384247,50.03420355,-12.59635895,36.16457415,13.80348476,7.100914134,2.710314232
1.473113067,9.873893333,-3.347674067,1.559706813,50.28720822,-12.62939626,36.26003274,13.96103083,7.119657428,2.741248404
1.474097167,9.9192364,-3.3500611,1.559974039,50.51813802,-12.63840155,36.28605279,14.16594058,7.124766466,2.781482433
1.475142567,9.965884833,-3.367946133,1.560281927,50.75571598,-12.70587442,36.4810101,14.20856124,7.163046332,2.789851
1.4761485,10.00920707,-3.371855967,1.560602936,50.97635379,-12.72062461,36.52362956,14.38657958,7.171414665,2.824804901
1.4770866,10.0546001,-3.392687067,1.560823372,51.20753807,-12.79921178,36.75070071,14.39069272,7.216000084,2.825612515
1.478096633,10.10107157,-3.411329067,1.561098692,51.44421475,-12.86954037,36.95390939,14.42416072,7.255900109,2.832183957
1.4791168,10.14385417,-3.412069167,1.561442466,51.66210424,-12.87233247,36.96197691,14.63398268,7.257484167,2.873382499
1.480097067,10.1898605,-3.4284615,1.561695372,51.89641202,-12.93417399,37.14066291,14.68960446,7.292569163,2.884303836
1.481145167,10.23527087,-3.436849333,1.562025534,52.12768458,-12.96581783,37.23209519,14.82944474,7.310521891,2.911761475
1.482108933,10.28235923,-3.454935867,1.562244834,52.3675031,-13.03405088,37.42924896,14.87210949,7.349233033,2.920138699
1.4831147,10.3273954,-3.456399433,1.562538579,52.59686988,-13.03957231,37.44520269,15.08552254,7.352365549,2.96204235
1.484104267,10.3712368,-3.471380733,1.562835013,52.82015177,-13.09609059,37.60850761,15.14549952,7.384430468,2.973818831
1.485049133,10.41893423,-3.485983,1.563025783,53.06307223,-13.15117893,37.76768083,15.22924676,7.415684132,2.9902626
1.4861149,10.46307977,-3.4982312,1.563393609,53.28790306,-13.19738635,37.90119336,15.32056506,7.441899317,3.008192949
1.487114967,10.50749583,-3.5048948,1.563691458,53.51411171,-13.22252537,37.97383049,15.47413657,7.456161617,3.038346715
1.488073833,10.55527783,-3.515648533,1.563894891,53.75746286,-13.26309478,38.09105246,15.60026576,7.479178151,3.063112181
1.489066433,10.60010077,-3.5268384,1.56417884,53.98574366,-13.30530954,38.21302854,15.70657047,7.503128154,3.083985112
1.490094067,10.64673583,-3.535423033,1.564469173,54.22325354,-13.33769583,38.30660605,15.85050285,7.521502099,3.112246234
1.4911181,10.69057867,-3.5388709,1.564800051,54.44654274,-13.35070321,38.34418981,16.03620828,7.52888167,3.148709496
1.492106367,10.73623833,-3.557511333,1.565066439,54.67908497,-13.42102589,38.54738141,16.06555891,7.568778341,3.154472492
1.493074867,10.78399833,-3.5749197,1.565279853,54.92232408,-13.48670049,38.73714277,16.11903666,7.606037983,3.164972849
1.494035967,10.82874833,-3.576607067,1.565533456,55.15023343,-13.49306623,38.75553605,16.32855273,7.609649504,3.206111328
1.4951052,10.87632567,-3.593332233,1.565850491,55.39254223,-13.5561634,38.93785013,16.38854745,7.645446873,3.217891292
1.496113033,10.921443,-3.6080208,1.56614502,55.62232238,-13.61157732,39.09796408,16.45821366,7.676885247,3.231570252
1.497104467,10.96676533,-3.622642133,1.566419907,55.85314659,-13.66673759,39.25734515,16.5296568,7.70817972,3.245598113
1.498053033,11.01436067,-3.627187033,1.566615991,56.09554707,-13.68388363,39.30688721,16.72251521,7.717907304,3.283465862
1.499112033,11.05530467,-3.627781867,1.567027667,56.30407266,-13.68612769,39.31337124,16.92455677,7.719180443,3.323136723
1.5001271,11.10191233,-3.6446651,1.567305866,56.541443,-13.74982118,39.49740834,16.97789002,7.755316127,3.333608705
1.501081167,11.14773633,-3.654100333,1.567535455,56.77482217,-13.78541643,39.60025789,17.10841964,7.775510636,3.359238196
1.502045267,11.192332,-3.663246933,1.567794498,57.00194551,-13.81992279,39.69996117,17.23583969,7.795087375,3.384257124
1.5030958,11.23654933,-3.670794867,1.568145955,57.22714201,-13.84839803,39.78223804,17.37875932,7.81124244,3.412319392
1.504118367,11.285816,-3.6833756,1.568389616,57.47805449,-13.89585996,39.91937538,17.49253447,7.838169356,3.434659143
1.505108433,11.330057,-3.6941674,1.568680232,57.70337153,-13.93657298,40.0370123,17.60021459,7.861267365,3.455802134
1.5060785,11.37741133,-3.707754533,1.568901627,57.94454461,-13.98783164,40.18511998,17.69327998,7.890348309,3.474075524
1.507061267,11.4204,-3.712243967,1.569204743,58.16348358,-14.00476843,40.23405743,17.8632815,7.899957176,3.507455323
1.5081068,11.46537967,-3.7274073,1.569539147,58.3925626,-14.06197344,40.39934661,17.92707135,7.932411707,3.519980459
1.509084833,11.51087033,-3.7357002,1.569797973,58.62424412,-14.09325914,40.48974406,18.06835542,7.950161246,3.547721586
1.510089133,11.55832567,-3.745036933,1.570052005,58.86593158,-14.12848279,40.5915199,18.20826704,7.970144933,3.575193233
1.511095133,11.60743867,-3.767531633,1.570281528,59.11606145,-14.21334603,40.83672526,18.21319155,8.018291005,3.576160161
1.512073333,11.64989033,-3.771039733,1.570588567,59.33226551,-14.22658065,40.8749656,18.39115527,8.025799495,3.611103337
1.513157,11.70074367,-3.777809633,1.570868243,59.59125881,-14.2521207,40.94876146,18.5763527,8.040289313,3.647466853
1.5142615,11.769113,-3.7871468,1.570891823,59.93946015,-14.28734598,41.05054203,18.82277348,8.060273927,3.695851572
1.5153047,11.81782533,-3.8049925,1.571164881,60.18754944,-14.35467046,41.24507057,18.87633423,8.098469607,3.706368226
1.516231067,11.86396133,-3.806114833,1.571361838,60.42251761,-14.35890457,41.25730466,19.09906831,8.10087177,3.750102062
1.5172517,11.90906933,-3.810594867,1.571669314,60.65225023,-14.37580589,41.30613964,19.27996595,8.110460518,3.785621314
1.518300533,11.95847567,-3.834911,1.571937033,60.90387403,-14.46754065,41.57119968,19.26652971,8.162505058,3.782983108
1.519314767,12.00293733,-3.840306433,1.572248327,61.13031491,-14.4878954,41.63001306,19.43415721,8.174053063,3.815896769
1.5202688,12.04821567,-3.848275967,1.57248651,61.36091503,-14.51796117,41.71688562,19.57788477,8.191110492,3.844117674
1.521268967,12.09255533,-3.856911967,1.572785667,61.58673457,-14.55054124,41.81102306,19.70956687,8.209594378,3.869973454
1.5222774,12.136138,-3.864881067,1.573105058,61.80869875,-14.58060537,41.8978909,19.84466321,8.226650879,3.89649962
1.5232897,12.182165,-3.8699421,1.573389671,62.04311179,-14.59969857,41.95305912,20.02390803,8.237483158,3.931694341
1.5242884,12.22914533,-3.8776733,1.573645612,62.2823801,-14.62886521,42.03733371,20.17890175,8.254030474,3.962127358
1.5253093,12.272669,-3.8859925,1.573978403,62.5040438,-14.66025012,42.12801785,20.30988131,8.271836304,3.987845195
1.5262864,12.32367033,-3.913771167,1.574149172,62.76379085,-14.7650476,42.43082153,20.26682468,8.331291807,3.979391026
1.527252167,12.36584133,-3.903278167,1.574448215,62.97856549,-14.72546183,42.3164417,20.59597914,8.308833328,4.044020504
1.528250367,12.41021633,-3.913811067,1.574744846,63.20456498,-14.76519812,42.43125646,20.70716387,8.331377206,4.065851627
1.5293142,12.455389,-3.925802567,1.5750945,63.43462694,-14.81043712,42.56197081,20.80651149,8.357042968,4.085358531
1.530316267,12.510802,-3.958517,1.575220487,63.71684237,-14.93385521,42.91857722,20.7321205,8.427062638,4.070751861
1.531258267,12.55416267,-3.967694367,1.575476955,63.93767592,-14.96847763,43.01861588,20.8529154,8.446705228,4.094469938
1.5322197,12.599245,-3.963615,1.575725637,64.16727782,-14.95308786,42.9741484,21.12698478,8.437974038,4.148283461
1.5332923,12.64667967,-3.985043767,1.576048294,64.40886003,-15.03392978,43.20773446,21.13498092,8.483838662,4.149853504
1.5343239,12.69164333,-3.992308067,1.576369019,64.63785757,-15.06133499,43.28691957,21.28479335,8.499386658,4.179269174
1.535276867,12.73509167,-3.998782167,1.576635067,64.85913759,-15.08575911,43.35749104,21.43550191,8.513243366,4.2088608
1.536219,12.786797,-4.017466367,1.576759739,65.12247008,-15.1562469,43.56115973,21.49516571,8.553233712,4.220575787
1.537273933,12.82881333,-4.021236533,1.577150395,65.33645701,-15.17047019,43.60225674,21.66805562,8.561303112,4.254522721
1.538323,12.879407,-4.044918467,1.577399575,65.59412783,-15.25981238,43.86040364,21.66757955,8.611990254,4.254429245
1.5393597,12.92561933,-4.049037033,1.577705658,65.82948476,-15.27535003,43.90529842,21.8580417,8.620805345,4.291826488
1.5402635,12.974771,-4.056523467,1.57783237,66.07981156,-15.30359326,43.98690491,22.026762,8.636828779,4.32495472
1.541260467,13.01549933,-4.068724533,1.578185422,66.28723877,-15.34962287,44.11990366,22.10119047,8.662943084,4.339568749
1.542309733,13.06215267,-4.068757467,1.5784971,66.52484169,-15.34974711,44.12026265,22.3384344,8.663013572,4.386151594
1.543334133,13.10739667,-4.0795454,1.578806192,66.75526696,-15.39044554,44.23785742,22.45126489,8.686103305,4.408305861
1.544265733,13.15472767,-4.090807833,1.578989489,66.9963212,-15.43293407,44.36062452,22.56955203,8.710208624,4.431531542
1.545256167,13.20007133,-4.105915533,1.579263039,67.22725405,-15.4899292,44.52530727,22.63580214,8.742544082,4.444539751
1.5462888,13.245636,-4.113555833,1.579575295,67.45931245,-15.51875291,44.60859099,22.78457681,8.758896842,4.473751657
1.547305233,13.286336,-4.102824533,1.579948261,67.66659537,-15.47826813,44.49161356,23.10883716,8.735928323,4.537420176
1.548268433,13.33722067,-4.129106367,1.580106975,67.92574824,-15.57741867,44.77810088,23.08150271,8.792180109,4.532053057
1.549293967,13.38246467,-4.135122433,1.5804172,68.1561735,-15.60011481,44.84367952,23.24634933,8.805056474,4.564420692
1.550292,13.42690833,-4.134797967,1.580712579,68.38252271,-15.59889073,44.84014265,23.47623542,8.804362009,4.609558824
1.551333833,13.47394233,-4.156638867,1.581010805,68.62206434,-15.68128746,45.0782212,23.47769849,8.851108733,4.609846099
1.5523106,13.51655867,-4.152135667,1.581313807,68.83910704,-15.66429874,45.0291337,23.7438287,8.841470401,4.662100765
1.553277667,13.55981467,-4.1627949,1.581596997,69.05940752,-15.70451164,45.14532556,23.84793732,8.864284674,4.682542492
1.554294533,13.60762433,-4.1772279,1.581857993,69.30289958,-15.75896141,45.30265368,23.93410126,8.895176051,4.699460782
1.555282433,13.65304767,-4.1834251,1.58212775,69.53423818,-15.78234089,45.37020678,24.09788676,8.908440101,4.731620064
1.556319,13.69898967,-4.1848891,1.582437973,69.76821832,-15.78786396,45.38616523,24.31590844,8.911573544,4.774428622
1.557271067,13.74560267,-4.1900633,1.582653089,70.00561582,-15.80738409,45.44256703,24.49690414,8.922648037,4.809967128
1.558275333,13.79270733,-4.206783767,1.58291263,70.24551736,-15.87046353,45.62482988,24.55454283,8.958435347,4.821284485
1.5592605,13.83809567,-4.222141233,1.583180208,70.4766777,-15.92840093,45.79223523,24.61829783,8.991305387,4.833802778
1.560300267,13.885378,-4.229139333,1.58347244,70.71748408,-15.95480188,45.8685186,24.78282084,9.006283628,4.866106871
1.5612686,13.93215133,-4.233987067,1.583701287,70.95569816,-15.97309038,45.92136173,24.96819179,9.016659375,4.902504457
1.5623034,13.97743533,-4.243036533,1.584020147,71.18632714,-16.00723029,46.0200062,25.1001763,9.036028216,4.928419616
1.563323767,14.02315367,-4.252352867,1.584317707,71.41916815,-16.04237698,46.12155967,25.23146384,9.05596824,4.954197925
1.5643221,14.070939,-4.2561882,1.584560554,71.66253629,-16.05684612,46.16336704,25.4330246,9.064177118,4.993774381
1.5652826,14.12228833,-4.2808769,1.584709221,71.92405568,-16.14998642,46.43248828,25.42542276,9.117019073,4.992281759
1.566270333,14.170695,-4.2919759,1.584931645,72.17058824,-16.19185838,46.55347385,25.55096974,9.140774591,5.016932908
1.567277433,14.21484567,-4.300903633,1.585240723,72.39544521,-16.22553904,46.65079136,25.6785092,9.159882883,5.041975282
1.5683129,14.26182667,-4.309935567,1.58553342,72.63471692,-16.25961281,46.7492447,25.81932757,9.179214198,5.069624968
1.569289433,14.30830033,-4.3137374,1.585775205,72.8714048,-16.27395556,46.79068691,26.01457325,9.187351374,5.107961458
1.5702591,14.355933,-4.323739133,1.585991799,73.11399542,-16.31168798,46.89971164,26.14813914,9.20875838,5.134187119
1.571276433,14.40527767,-4.358707033,1.586228993,73.36530515,-16.44360747,47.28088216,26.01827835,9.283601211,5.108688954
1.5722838,14.45024167,-4.361315433,1.586525479,73.59430439,-16.45344789,47.30931524,26.21884451,9.289184047,5.148070119
1.573323533,14.49598433,-4.364242933,1.586842021,73.82726933,-16.46449215,47.3412267,26.41989799,9.295449862,5.187546971
1.574267833,14.541643,-4.364982767,1.587064458,74.05980647,-16.46728323,47.34929131,26.64437051,9.297033349,5.23162215
1.5752591,14.58435867,-4.365490667,1.587380389,74.27735506,-16.46919933,47.35482772,26.8563827,9.298120422,5.273250743
1.576269,14.62917267,-4.384961933,1.58768178,74.50559036,-16.54265641,47.56707589,26.87236982,9.339795351,5.276389815
1.5773283,14.67793133,-4.391406433,1.587970206,74.75391563,-16.56696885,47.6373247,27.05044628,9.353588705,5.311355128
1.5782597,14.721433,-4.391514533,1.588213844,74.97546728,-16.56737667,47.63850305,27.27081958,9.353820074,5.354625425
1.579252333,14.76945533,-4.4109063,1.588447245,75.22004244,-16.64053382,47.84988463,27.30401317,9.395324847,5.361142986
1.5802768,14.81665733,-4.421694767,1.588725448,75.46043969,-16.68123427,47.96748521,27.42680984,9.418415721,5.385254111
1.581294333,14.86246267,-4.428334233,1.589018799,75.69372379,-16.70628224,48.03985927,27.58771988,9.432626368,5.416848798
1.582289667,14.904956,-4.4266812,1.589342312,75.91014006,-16.70004603,48.02184024,27.82215517,9.429088332,5.462880167
1.583270567,14.952674,-4.4415469,1.589568791,76.15316527,-16.75612819,48.18388505,27.90313557,9.46090583,5.478780669
1.584303967,15.00045267,-4.457900833,1.58984681,76.39649945,-16.81782485,48.36215247,27.96820233,9.495908637,5.491556528
1.5852688,15.04526133,-4.4544142,1.590103218,76.62470758,-16.80467122,48.32414613,28.2344168,9.488446093,5.54382774
1.5862773,15.08934767,-4.458941,1.590414713,76.84923691,-16.82174897,48.37349089,28.40960137,9.498134937,5.578225229
1.587253,15.13619567,-4.473271867,1.590649747,77.08783125,-16.87581343,48.5297057,28.49198091,9.528807715,5.594400451
1.588288467,15.17668067,-4.461143533,1.591045145,77.29401918,-16.83005822,48.39749979,28.83037475,9.502849084,5.660844082
1.589219533,15.222179,-4.4691623,1.591256883,77.52573975,-16.86030973,48.48490903,28.97468608,9.520011888,5.689179611
1.5902595,15.26630667,-4.4839719,1.591599192,77.75047959,-16.91618025,48.64634231,29.03799263,9.551709313,5.701609853
1.5912681,15.31213333,-4.4926761,1.591883272,77.98387234,-16.94901762,48.74122317,29.17650452,9.57033917,5.728806663
1.592311133,15.357453,-4.4891491,1.592209801,78.21468296,-16.9357117,48.70277681,29.44576151,9.562790227,5.781675272
1.593242133,15.40180867,-4.477441,1.592439538,78.44058399,-16.89154186,48.57515169,29.79928766,9.537731034,5.851090131
1.594283367,15.45220967,-4.495827833,1.592683932,78.69727358,-16.96090781,48.7755789,29.85555003,9.577084918,5.862137248
1.595240333,15.49607033,-4.5023548,1.592947461,78.92065359,-16.98553137,48.84672665,30.0077823,9.591054778,5.892028055
1.596258333,15.54334333,-4.519971533,1.593218075,79.16141244,-17.05199205,49.03875933,30.05650847,9.628760394,5.901595439
1.5972758,15.59369,-4.542150667,1.593439561,79.41782531,-17.13566479,49.28052482,30.07115584,9.676231049,5.90447145
1.5982695,15.632588,-4.536274133,1.593818284,79.61593074,-17.11349505,49.21646718,30.33331891,9.663653331,5.955947168
1.599261867,15.68264333,-4.5512209,1.594019276,79.87085986,-17.16988305,49.37939566,30.42531955,9.695644338,5.974011494
1.6002438,15.72694767,-4.544615567,1.594300757,80.09649945,-17.14496385,49.30739367,30.72296113,9.681506748,6.032453418
1.601250667,15.77341967,-4.567492167,1.594572902,80.33317885,-17.23126784,49.55676196,30.71027224,9.730470212,6.029961954
1.6023187,15.81400533,-4.556147567,1.594999276,80.53987947,-17.18846934,49.4330992,31.04063562,9.706189028,6.094828804
1.603304867,15.86232433,-4.566908867,1.595221519,80.78596554,-17.22906729,49.55040365,31.16941724,9.729221757,6.120115075
1.604240933,15.90697167,-4.572713533,1.595451711,81.01335201,-17.25096591,49.61367791,31.33352945,9.741645657,6.152338508
1.605219267,15.95173133,-4.5850444,1.595722394,81.24131058,-17.29748519,49.74809155,31.42707439,9.768037776,6.170706056
1.6062617,15.99489633,-4.5796469,1.596082389,81.46114761,-17.27712265,49.68925565,31.70574731,9.756485347,6.225423485
1.607297233,16.04017633,-4.5869875,1.596402046,81.69175622,-17.30481571,49.76927248,31.8563391,9.772196651,6.254992182
1.6082166,16.08594633,-4.5861551,1.596597788,81.92486037,-17.30167541,49.76019883,32.09851689,9.77041504,6.302543792
1.609267,16.136324,-4.609086833,1.596851718,82.18143112,-17.3881874,50.01016811,32.10511837,9.819496508,6.303839991
1.610274,16.17920367,-4.614273867,1.59718079,82.39981496,-17.40775594,50.0667098,32.26696051,9.830598469,6.335617697
1.611311633,16.22880167,-4.623845067,1.597434279,82.65241491,-17.44386414,50.17104146,32.4152288,9.851083991,6.364730174
1.612287633,16.27379933,-4.631595433,1.597698866,82.8815856,-17.47310308,50.25552498,32.55991598,9.867672331,6.393139502
1.6132429,16.313848,-4.627834467,1.598020963,83.08555131,-17.4589145,50.21452825,32.80487841,9.859622622,6.441237877
1.614267733,16.36290967,-4.6409618,1.598270132,83.33541974,-17.50843853,50.35762385,32.91165125,9.887719442,6.462202723
1.615332133,16.40882067,-4.645544533,1.598608679,83.569242,-17.52572729,50.40757832,33.09551904,9.897528002,6.498305163
1.6162628,16.45302667,-4.650565467,1.598840448,83.79438078,-17.54466921,50.46230942,33.26592672,9.908274454,6.531764711
1.617274733,16.49785767,-4.6478467,1.599143604,84.02270266,-17.53441242,50.43267328,33.52388474,9.902455398,6.582414768
1.618305133,16.54684267,-4.667663433,1.599399551,84.27218063,-17.6091728,50.64868723,33.55734875,9.944869739,6.588985427
1.6193127,16.59033867,-4.660933333,1.599719446,84.49370342,-17.5837829,50.57532522,33.85223356,9.930465106,6.646886059
1.620238033,16.63850667,-4.684638167,1.599883243,84.73902046,-17.67321148,50.83372174,33.83915408,9.981201263,6.644317903
1.621229133,16.682888,-4.6779394,1.600172674,84.9650522,-17.64793979,50.76070127,34.13820629,9.966863694,6.703036805
1.6222959,16.73356167,-4.703455767,1.60043829,85.22313046,-17.74420254,51.03884456,34.11814126,10.02147713,6.699097037
1.623299667,16.78351767,-4.7052331,1.600652252,85.47755369,-17.75090768,51.05821853,34.35319051,10.02528121,6.745248958
1.624261933,16.82824333,-4.721363567,1.600907406,85.70533911,-17.8117613,51.23405003,34.40514443,10.05980572,6.755450109
1.6252121,16.87604167,-4.725698,1.601101881,85.94877345,-17.82811333,51.28129788,34.60133092,10.06908284,6.793971326
1.626330967,16.919557,-4.7371151,1.60153277,86.1703947,-17.87118535,51.40575094,34.69849912,10.0935192,6.813050303
1.627234467,16.96482733,-4.739664533,1.601720547,86.40095408,-17.88080331,51.43354125,34.90126819,10.09897582,6.852864008
1.628292933,17.01700767,-4.7579214,1.601954042,86.66670571,-17.94967895,51.63255175,34.96800932,10.13805154,6.86596863
1.629253833,17.06195667,-4.756968667,1.602204298,86.89562855,-17.94608468,51.6221664,35.20731751,10.13601237,6.912956793
1.6302995,17.10784967,-4.752459233,1.602524397,87.12935914,-17.92907245,51.57301094,35.49020355,10.1263607,6.968501467
1.631307667,17.15429167,-4.7796148,1.602798315,87.36588575,-18.03151922,51.86902247,35.43071863,10.18448256,6.956821604
1.6323132,17.197534,-4.778941633,1.603120187,87.58611663,-18.02897964,51.86168456,35.65828742,10.18304176,7.001504735
1.633222,17.23995967,-4.7804373,1.603358238,87.80218827,-18.03462218,51.8779882,35.85805542,10.18624298,7.040729182
1.634287767,17.29045367,-4.775786233,1.603625694,88.0593515,-18.01707562,51.82728886,36.16591799,10.17628817,7.101177998
1.635266,17.333331,-4.7777001,1.603926037,88.27772345,-18.02429585,51.84815112,36.36342768,10.18038447,7.139959026
1.636362533,17.37792967,-4.7846963,1.604317465,88.50486207,-18.05068963,51.92441379,36.51430363,10.19535865,7.169583519
1.637294433,17.42247033,-4.796338867,1.604545177,88.73170529,-18.09461224,52.05132456,36.61423609,10.22027758,7.189205255
1.638309067,17.46918367,-4.789284867,1.604821273,88.96961378,-18.0680004,51.97443184,36.9290373,10.20517969,7.251016474
1.639319867,17.51388367,-4.807821133,1.605125366,89.19726848,-18.13793011,52.17648797,36.95463587,10.24485341,7.256042753
1.6403934,17.55791033,-4.8113098,1.605502838,89.42149393,-18.15109141,52.21451647,37.14083282,10.25232031,7.292602524
1.641404733,17.60124433,-4.800769933,1.60582906,89.64219166,-18.11132883,52.09962577,37.47642125,10.22976152,7.358495312
1.642346933,17.65019,-4.810818833,1.605997429,89.89146931,-18.14923919,52.20916465,37.61616002,10.25126948,7.385933021
1.6432918,17.700592,-4.831232833,1.60614544,90.14816399,-18.22625281,52.43168916,37.65033019,10.29496217,7.392642332
1.6443347,17.744922,-4.8260061,1.606487483,90.3739343,-18.2065345,52.37471472,37.93307494,10.28377523,7.448159264
1.645398433,17.789524,-4.835275967,1.606846059,90.60108989,-18.24150589,52.47576167,38.05918357,10.3036158,7.472920694
1.646355367,17.83402933,-4.841726333,1.607099363,90.82775316,-18.26584047,52.54607443,38.21553408,10.31742172,7.503620117
1.6473163,17.87701233,-4.839120067,1.607380735,91.04666327,-18.2560081,52.51766461,38.46285402,10.31184345,7.552181387
1.6483085,17.924163,-4.845359633,1.607627483,91.28679908,-18.27954742,52.58567953,38.63497491,10.32519817,7.585977324
1.649372367,17.96785367,-4.852104033,1.6080006,91.5093133,-18.30499126,52.65919742,38.78397123,10.33963341,7.615232752
1.650338333,18.01550367,-4.860739567,1.60821322,91.75199219,-18.33756957,52.75332978,38.93251777,10.3581163,7.644399864
1.6512984,18.06043667,-4.857180933,1.608462896,91.98083355,-18.32414431,52.71453859,39.20015031,10.35049965,7.696949513
1.6523137,18.11099133,-4.8813262,1.608678927,92.23830575,-18.41523447,52.97773609,39.19442501,10.40217848,7.69582535
1.653338267,18.15861833,-4.8784531,1.608950511,92.4808675,-18.40439544,52.94641763,39.46830523,10.3960291,7.749601731
1.654370867,18.205233,-4.888988033,1.609246133,92.71827349,-18.44413941,53.06125455,39.5908743,10.41857733,7.773668168
1.655330967,18.25024933,-4.903027233,1.609494525,92.94753926,-18.49710353,53.21429002,39.66710459,10.44862585,7.788635986
1.6563421,18.29190333,-4.8961587,1.609847108,93.15968084,-18.47119138,53.139419,39.9541172,10.43392492,7.844990912
1.6574079,18.33723,-4.8990952,1.610196294,93.39052712,-18.48226959,53.17142856,40.15295391,10.44021,7.8840325
1.6583302,18.38190533,-4.9122936,1.610412277,93.61805619,-18.53206172,53.31529883,40.23661272,10.46845892,7.900458908
1.659307267,18.432299,-4.92487,1.610592619,93.87470843,-18.5795073,53.45238893,40.35617486,10.49537657,7.923934933
1.660382633,18.470985,-4.922687533,1.61105636,94.07173415,-18.57127375,53.42859877,40.57699074,10.49070537,7.967292131
1.661335733,18.52906233,-4.943262433,1.611091258,94.36751889,-18.64889438,53.65287719,40.64849706,10.53474244,7.981332397
1.662347833,18.57637333,-4.9546722,1.611355371,94.60847127,-18.69193873,53.7772503,40.76507632,10.5591631,8.004222736
1.663297333,18.62371367,-4.964133267,1.61155642,94.84957304,-18.72763144,53.88038145,40.90304695,10.5794129,8.031313268
1.664365667,18.666328,-4.960808433,1.611951021,95.06660555,-18.71508822,53.84413883,41.15632208,10.57229666,8.081043841
1.665366567,18.71443233,-4.971198067,1.612191391,95.31159834,-18.75428403,53.95739189,41.2880618,10.5945339,8.106910934
1.666340767,18.758712,-4.966307767,1.61246553,95.5371123,-18.73583494,53.90408477,41.56688289,10.58406704,8.161657455
1.667280467,18.80112233,-4.971541433,1.612734723,95.75310585,-18.75557941,53.96113479,41.72582641,10.59526882,8.192866016
1.6683764,18.84744333,-4.9760704,1.613098321,95.98901621,-18.77266533,54.01050317,41.9123684,10.6049623,8.229493535
1.669339933,18.89730933,-4.978205533,1.613273473,96.24298107,-18.78072031,54.03377737,42.14305906,10.60953219,8.274789646
1.6703594,18.93498233,-4.9787283,1.613697329,96.43484764,-18.7826925,54.03947583,42.32922716,10.61065108,8.311343753
1.671351533,18.98230667,-4.992647967,1.613941265,96.67586792,-18.83520567,54.19120832,42.41851496,10.64044375,8.328875412
1.672346267,19.02288233,-4.9817565,1.614294497,96.88251761,-18.79411665,54.07248498,42.74388799,10.61713243,8.392762407
1.673307467,19.07631367,-4.993064567,1.614410948,97.15464052,-18.83677733,54.19574951,42.89274637,10.64133542,8.42199075
1.674349933,19.12076367,-5.002727533,1.61475066,97.38102198,-18.87323172,54.30108148,43.01379586,10.66201735,8.445758817
1.675383667,19.16676067,-4.9965458,1.615057181,97.61528223,-18.84991059,54.23369698,43.31544061,10.6487864,8.504986764
1.676360867,19.21025933,-5.010270767,1.615346667,97.83681861,-18.90168924,54.38330713,43.38736683,10.67816235,8.519109478
1.677293033,19.255633,-5.012876533,1.615561476,98.06790425,-18.91151972,54.41171151,43.5900481,10.68373955,8.558905945
1.678338733,19.300595,-5.009183567,1.615896326,98.2968933,-18.89758768,54.37145601,43.85929264,10.67583539,8.611772111
1.6794079,19.351836,-5.036713267,1.616155373,98.55786096,-19.00144591,54.67154581,43.82017051,10.73475802,8.604090479
1.680370567,19.398188,-5.0411682,1.616385214,98.79392921,-19.01825254,54.72010718,44.00767738,10.74429305,8.640907453
1.681317733,19.44911367,-5.0505479,1.616527246,99.05329089,-19.05363828,54.82235139,44.16479486,10.7643687,8.671757471
1.682287367,19.493364,-5.057192167,1.616797282,99.27865546,-19.07870437,54.89477777,44.31773304,10.77858962,8.701786883
1.6834052,19.53597333,-5.0597792,1.617241462,99.49566251,-19.08846418,54.92297795,44.50653992,10.78412672,8.738859113
1.684379067,19.58044067,-5.0625731,1.6175123,99.72213225,-19.09900441,54.95343309,44.70255452,10.79010659,8.777346579
1.685306367,19.62394,-5.060022067,1.617751875,99.94367201,-19.08938042,54.92562533,44.95190203,10.78464653,8.826305965
1.686291867,19.66805533,-5.069283967,1.618039912,100.168349,-19.12432175,55.02658545,45.07561894,10.80447005,8.850597779
1.687366033,19.71531933,-5.076035333,1.618366835,100.409062,-19.14979188,55.10017929,45.24273812,10.8189202,8.883411629
1.688350433,19.75738433,-5.0694545,1.618686187,100.6232968,-19.1249651,55.02844436,45.52870783,10.80483505,8.939561782
1.689351567,19.80290933,-5.077807767,1.61896757,100.8551532,-19.15647854,55.11949984,45.66950872,10.82271379,8.967208038
1.690280333,19.84221,-5.057319967,1.619274993,101.0553094,-19.0791865,54.89617087,46.09299388,10.77886315,9.050359349
1.691365967,19.89358067,-5.089082233,1.619548456,101.3169374,-19.19901246,55.24239811,46.00839468,10.84684487,9.033748296
1.692310233,19.937882,-5.075415767,1.619792319,101.5425618,-19.14745451,55.09342565,46.38299146,10.81759413,9.107300373
1.693296067,19.993211,-5.104313533,1.619903401,101.8243494,-19.25647389,55.40842817,46.34977656,10.87944487,9.100778628
1.694340033,20.03918267,-5.106097867,1.620220555,102.0584806,-19.26320544,55.42787845,46.56445751,10.88326393,9.142931233
1.6953589,20.080862,-5.100773667,1.620580472,102.2707512,-19.24311943,55.36984156,46.83476501,10.87186839,9.196006109
1.696309533,20.12700533,-5.1088767,1.620801579,102.5057567,-19.27368884,55.45816935,46.98144273,10.88921155,9.22480628
1.697250467,20.173404,-5.119310367,1.621008949,102.7420626,-19.31305077,55.57190241,47.10401559,10.91154304,9.248873461
1.6983534,20.21874233,-5.120532667,1.621395084,102.9729683,-19.317662,55.58522619,47.3215975,10.91415916,9.29159567
1.6993709,20.26442633,-5.120937967,1.62169032,103.2056345,-19.31919103,55.5896442,47.54984565,10.91502664,9.336412194
1.700336733,20.31055367,-5.107313967,1.62192688,103.4405585,-19.26779329,55.44113465,47.93327924,10.88586679,9.411699378
1.701288067,20.35760267,-5.140159,1.622134369,103.6801766,-19.39170408,55.79916468,47.81486723,10.95616598,9.388449181
1.702344,20.39581167,-5.1261802,1.622586218,103.8747729,-19.33896782,55.6467876,48.16184069,10.92624675,9.45657742
1.703336633,20.442253,-5.122360733,1.622844613,104.1112962,-19.32455854,55.60515318,48.43999833,10.91807183,9.511193671
1.704338,20.486273,-5.1333526,1.623150024,104.3354876,-19.36602633,55.72497095,48.54437206,10.94159805,9.531687454
1.705346933,20.53129133,-5.128107233,1.623447217,104.5647636,-19.34623772,55.66779339,48.83082557,10.93037123,9.587932601
1.7063524,20.573993,-5.131149933,1.623777571,104.7822409,-19.35771658,55.70096059,49.01513566,10.93688361,9.624121886
1.707292267,20.61597967,-5.125100133,1.624053628,104.9960767,-19.33489317,55.63501424,49.29491785,10.92393505,9.679057119
1.708340133,20.66161533,-5.1316835,1.624379995,105.2284967,-19.35972951,55.70677678,49.4555753,10.93802562,9.710602211
1.7093501,20.71280733,-5.138073633,1.624580616,105.4892148,-19.38383685,55.77643297,49.64663723,10.95170261,9.74811722
1.710348833,20.74707533,-5.127512633,1.625037572,105.6637399,-19.34399454,55.6613119,49.93628337,10.92909859,9.80498924
1.7113048,20.79656433,-5.134989133,1.625211118,105.9157847,-19.3722003,55.74281012,50.10682998,10.94510077,9.838476066
1.712271533,20.845729,-5.156977967,1.625400558,106.1661777,-19.45515512,55.98250123,50.11753187,10.99216412,9.840577382
1.713396133,20.89117633,-5.1684025,1.625806636,106.3976386,-19.49825518,56.10703531,50.22445861,11.01661638,9.861572449
1.714348433,20.93211367,-5.153881533,1.626111716,106.6061302,-19.44347355,55.9487483,50.59123726,10.98553673,9.933589437
1.715328067,20.97402,-5.146019767,1.62642881,106.8195569,-19.41381434,55.86305046,50.89036181,10.96870996,9.992322542
1.7162796,21.02500033,-5.1603069,1.626574345,107.079197,-19.46771381,56.01878855,50.99426382,10.99928913,10.0127237
1.717377967,21.06485533,-5.1546977,1.627042604,107.2821764,-19.44655261,55.95764499,51.25838675,10.98728359,10.06458424
1.718391133,21.11853133,-5.176852233,1.627207153,107.5555454,-19.53013254,56.19914234,51.29025839,11.0347016,10.07084223
1.7193574,21.167348,-5.1827361,1.627401628,107.804166,-19.55232995,56.26327992,51.47474147,11.04729501,10.10706549
1.720277933,21.21684533,-5.209051267,1.627539609,108.0562533,-19.65160624,56.55013059,51.43997805,11.10361814,10.10023969
1.721300233,21.26072667,-5.1980589,1.627868145,108.2797386,-19.61013657,56.43030738,51.78328654,11.08009085,10.16764831
1.7223735,21.31592667,-5.2066981,1.628068699,108.5608692,-19.64272871,56.5244797,51.97024485,11.09858159,10.20435758
1.723356967,21.36334667,-5.223725933,1.628302456,108.8023767,-19.70696772,56.71009303,52.02613904,11.13502677,10.2153324
1.7243229,21.40624433,-5.230156733,1.628590177,109.0208522,-19.73122848,56.7801925,52.17451508,11.1487908,10.24446604
1.725312833,21.448679,-5.230045167,1.628909218,109.2369697,-19.73080759,56.77897636,52.3918487,11.14855201,10.28713949
1.726357333,21.49640367,-5.243844833,1.629199191,109.4800289,-19.78286805,56.92940078,52.48448344,11.17808784,10.30532832
1.727334067,21.537848,-5.2211752,1.62952069,109.6911026,-19.69734485,56.68228854,52.94266943,11.12956736,10.39529314
1.728334467,21.581202,-5.232308533,1.629835663,109.9119022,-19.73934634,56.80364837,53.0421092,11.15339636,10.41481814
1.729362167,21.627013,-5.229632833,1.630139091,110.1452152,-19.72925202,56.77448168,53.30458885,11.14766948,10.46635602
1.730303833,21.672566,-5.226204867,1.630360565,110.3772142,-19.71631971,56.73711485,53.57395467,11.1403325,10.519246
1.7312923,21.70994133,-5.2175015,1.630758128,110.5675647,-19.68348549,56.64224307,53.85917701,11.12170443,10.57524941
1.732333,21.75489967,-5.222520667,1.631088036,110.7965351,-19.70242074,56.69695492,54.03343554,11.1324471,10.60946507
1.7333801,21.80840433,-5.265307933,1.631289227,111.0690315,-19.86383949,57.16336109,53.83952575,11.22402595,10.57139088
1.7342851,21.84509533,-5.2184507,1.631614143,111.2558968,-19.68706644,56.6525899,54.53716223,11.12373603,10.7083718
1.7352442,21.898356,-5.2650164,1.631731192,111.5271505,-19.86273965,57.16018321,54.30082264,11.22340197,10.66196653
1.7363214,21.938003,-5.246530867,1.632181573,111.7290705,-19.79300135,56.95868011,54.70424578,11.18383684,10.74117866
1.737360033,21.981469,-5.232523933,1.632533008,111.9504405,-19.74015895,56.80599636,55.07829953,11.15385739,10.81462411
1.7382967,22.02436067,-5.239154033,1.632791558,112.1688855,-19.76517159,56.87826832,55.22447253,11.16804798,10.84332518
1.739280267,22.069948,-5.242603433,1.633054389,112.4010593,-19.77818476,56.91586879,55.41904589,11.17543084,10.88152966
1.7403108,22.11532067,-5.237028567,1.63336758,112.6321399,-19.75715308,56.85509949,55.71089575,11.16349879,10.93883438
1.741353067,22.16005433,-5.225823867,1.633702608,112.859966,-19.71488236,56.73296172,56.06085968,11.13951703,11.0075498
1.742362433,22.209455,-5.242952333,1.63393095,113.111561,-19.77950101,56.91967201,56.12574434,11.1761776,11.0202899
1.7433215,22.25792367,-5.2520485,1.634123727,113.3584093,-19.8138171,57.01882553,56.27343913,11.19564639,11.04928977
1.7443345,22.31271167,-5.2734394,1.634270529,113.6374416,-19.89451617,57.25199883,56.31929817,11.24142997,11.0582942
1.745334433,22.35375533,-5.270023333,1.634621562,113.8464748,-19.88162875,57.21476171,56.56556848,11.23411846,11.10664937
1.7462862,22.39771167,-5.275237267,1.634878379,114.0703421,-19.90129878,57.27159662,56.73260081,11.245278,11.13944617
1.747314467,22.444125,-5.278448267,1.63517285,114.3067227,-19.91341256,57.3065984,56.93397965,11.2521506,11.1789869
1.7483754,22.49218033,-5.2955437,1.635474029,114.5514659,-19.97790659,57.4929486,56.99237268,11.28874046,11.19045238
1.7493062,22.53923133,-5.2971212,1.635660953,114.7910941,-19.98385785,57.51014427,57.21480522,11.29211683,11.23412701
1.7502416,22.582641,-5.293324333,1.635910046,115.0121772,-19.96953383,57.46875621,57.47727638,11.28399028,11.28566322
1.751349833,22.62361633,-5.292291333,1.636370459,115.2208624,-19.96563675,57.4574959,57.69722186,11.28177932,11.32884951
1.752370167,22.67273,-5.289930967,1.636614305,115.4709957,-19.95673206,57.43176653,57.9730845,11.27672736,11.38301514
1.753297733,22.717488,-5.289008633,1.636834248,115.6989458,-19.95325247,57.42171256,58.21108856,11.27475326,11.42974724
1.754262467,22.76556967,-5.300619267,1.63703881,115.9438231,-19.99705461,57.54827524,58.32940322,11.29960384,11.45297832
1.7553548,22.80798867,-5.3090903,1.637460499,116.1598608,-20.02901234,57.64061444,58.4531017,11.31773465,11.47726652
1.756356067,22.85441267,-5.327140133,1.637727802,116.3962957,-20.09710693,57.83736816,58.49278292,11.35636724,11.48505793
1.757346133,22.89178133,-5.2950101,1.63812707,116.5866123,-19.97589354,57.48713205,59.03333565,11.28759838,11.59119546
1.758284367,22.93701433,-5.310503967,1.63835017,116.8169816,-20.03434552,57.65602424,59.0948127,11.32076036,11.60326647
1.7593404,22.97480933,-5.2949152,1.638808664,117.0094695,-19.97553552,57.48609758,59.45722726,11.28739526,11.67442657
1.760381833,23.027154,-5.301865267,1.639022529,117.2760581,-20.00175526,57.56185736,59.64805605,11.30227069,11.71189581
1.761383933,23.06872167,-5.293911933,1.639367444,117.48776,-19.97175061,57.47516139,59.94645392,11.28524794,11.77048623
1.762253267,23.107551,-5.288441833,1.639622885,117.6855157,-19.95111417,57.41553411,60.20383691,11.27354012,11.82102338
1.763367167,23.15142767,-5.2850442,1.640043095,117.9089772,-19.9382963,57.37849792,60.4643346,11.26626807,11.8721721
1.764297933,23.20101433,-5.305014467,1.640189897,118.1615194,-20.01363589,57.59618548,60.49918927,11.30901102,11.87901581
1.765334967,23.25568067,-5.322814933,1.640362655,118.4399321,-20.08078973,57.79022096,60.58356649,11.34710989,11.89558328
1.766304133,23.28902933,-5.277286867,1.64080458,118.6097751,-19.90903107,57.29393846,61.24969196,11.24966482,12.02637702
1.767364033,23.349475,-5.329700133,1.640908834,118.9176216,-20.10676475,57.86527366,60.98620329,11.36184648,11.97464102
1.768349233,23.39118567,-5.327074833,1.641234588,119.1300518,-20.09686058,57.83665635,61.22725078,11.35622748,12.02197069
1.769291333,23.43650433,-5.329742267,1.6414602,119.3608573,-20.10692371,57.86573293,61.42897973,11.36193666,12.06158017
1.770330233,23.47653567,-5.328517133,1.641866204,119.5647347,-20.10230178,57.85237827,61.64621183,11.35931447,12.10423369
1.771343567,23.517774,-5.3054274,1.64222756,119.7747594,-20.01519372,57.6006867,62.10792802,11.30989483,12.19489167
1.772339633,23.570055,-5.333375933,1.642397064,120.0410237,-20.12063203,57.90534202,62.06953702,11.36971391,12.18735359
1.773285333,23.616296,-5.348380067,1.642611694,120.2765266,-20.17723645,58.06889583,62.14148613,11.4018277,12.2014808
1.774318267,23.65867367,-5.3319146,1.642974636,120.4923538,-20.11511903,57.88941264,62.53679651,11.36658617,12.27909999
1.7753711,23.70271033,-5.3321401,1.64333125,120.7166302,-20.11596974,57.89187072,62.75861481,11.36706882,12.32265402
1.776311733,23.74899567,-5.342055167,1.643540112,120.9523589,-20.15337521,57.99995073,62.88626351,11.38829033,12.34771784
1.7773118,23.79823433,-5.346547433,1.643761715,121.2031288,-20.17032268,58.04891906,63.08806506,11.39790526,12.38734158
1.778322633,23.84265,-5.345255533,1.644070337,121.4293354,-20.16544888,58.0348366,63.32835413,11.39514017,12.43452233
1.779348133,23.885463,-5.3481275,1.644418963,121.6473797,-20.17628362,58.06614271,63.51509233,11.40128712,12.47118838
1.780339933,23.927214,-5.3371466,1.64475068,121.8600153,-20.13485721,57.94644449,63.84742615,11.37778438,12.53644212
1.781340033,23.97359267,-5.343021067,1.645017533,122.0962193,-20.15701915,58.0104796,64.01959509,11.39035767,12.5702475
1.7823762,24.019493,-5.3642667,1.645328016,122.3299873,-20.23717018,58.24206941,64.02177322,11.43583033,12.57067517
1.783304967,24.05668767,-5.3287956,1.645668735,122.5194177,-20.10335232,57.85541372,64.59785935,11.35991048,12.68378968
1.784299233,24.10346267,-5.348280733,1.645923489,122.7576403,-20.17686171,58.06781304,64.62368258,11.40161509,12.68886008
1.7853036,24.13741567,-5.3122503,1.646391058,122.9305611,-20.04093372,57.67506029,65.18935614,11.32449809,12.79993008
1.7863996,24.18835933,-5.339523333,1.646681639,123.1900144,-20.14382364,57.97235227,65.15151752,11.38287137,12.79250046
1.787319567,24.24263067,-5.359920367,1.646743576,123.4664154,-20.22077325,58.19469184,65.20557893,11.42652774,12.80311542
1.7882682,24.28995767,-5.363165833,1.646943969,123.7074493,-20.23301706,58.23006932,65.41123532,11.43347411,12.84349606
1.789320267,24.33275367,-5.366331133,1.647319431,123.925407,-20.24495844,58.26457294,65.59468943,11.4402489,12.87951727
1.7903741,24.38684333,-5.367108333,1.647518107,124.2008828,-20.24789049,58.27304487,65.86169326,11.44191236,12.93194347
1.7913172,24.42113533,-5.349503867,1.64791905,124.3755301,-20.18147609,58.08114591,66.22823954,11.404233,13.00391483
1.792282333,24.47338667,-5.384860867,1.64805809,124.6416433,-20.3148635,58.46655784,66.10894084,11.47990863,12.98049053
1.7933122,24.52438767,-5.3853132,1.648281631,124.9013887,-20.31656996,58.47148854,66.36375549,11.48087678,13.03052339
1.794340433,24.57007567,-5.3885441,1.648587537,125.1340752,-20.32875882,58.50670724,66.56122332,11.48779197,13.0692962
1.7953635,24.613376,-5.380066567,1.648926025,125.3546015,-20.29677657,58.41429718,66.87415966,11.46964725,13.13074125
1.7962976,24.66246033,-5.396390267,1.649084102,125.6045853,-20.35835918,58.59223503,66.94620567,11.50458535,13.14488748
1.797294433,24.69736167,-5.372611833,1.649529145,125.782336,-20.26865293,58.33303623,67.38315509,11.45369166,13.2306825
1.798323267,24.746837,-5.3825092,1.649775774,126.0343112,-20.30599162,58.4409233,67.52724323,11.47487529,13.25897421
1.7993162,24.79295333,-5.374875533,1.650039608,126.2691792,-20.27719294,58.35771188,67.84532266,11.45853673,13.3214291
1.800301933,24.84503867,-5.400060333,1.650201872,126.534447,-20.37220483,58.6322409,67.83606144,11.5124405,13.31961066
1.8013333,24.87822667,-5.381274533,1.650708536,126.7034717,-20.30133374,58.42746472,68.20986233,11.4722327,13.39300647
1.802282467,24.92372767,-5.389073067,1.650938332,126.9352058,-20.33075439,58.51247328,68.35658791,11.48892413,13.42181604
1.8032675,24.97654267,-5.405040267,1.65108836,127.2041898,-20.39099206,58.68652508,68.45152007,11.5230992,13.44045597
1.804316867,25.022324,-5.405667167,1.651413924,127.4373517,-20.3933571,58.69335866,68.67784837,11.52444097,13.48489553
1.805362633,25.062336,-5.395195167,1.651827101,127.6411306,-20.35385056,58.57920775,68.99577824,11.50202744,13.54732106
1.806312833,25.10767033,-5.408888667,1.652060565,127.872016,-20.40551049,58.72847489,69.07739643,11.53133604,13.56334679
1.8073133,25.15419533,-5.3968388,1.652325472,128.1089653,-20.36005131,58.59712431,69.44569633,11.50554536,13.63566247
1.8083095,25.199601,-5.410076267,1.652603808,128.3402139,-20.40999082,58.74142042,69.53264884,11.5338779,13.6527356
1.809322967,25.24710833,-5.402927233,1.652866184,128.5821662,-20.38302046,58.66349178,69.85252977,11.51857661,13.71554422
1.8103622,25.29337067,-5.419631167,1.65317401,128.8177778,-20.44603752,58.84557441,69.90605873,11.55432853,13.72605463
1.811322433,25.33398633,-5.414623733,1.653492109,129.0246312,-20.42714654,58.79099046,70.16749608,11.54361098,13.77738786
1.812365733,25.36987233,-5.398859,1.653968052,129.2073967,-20.36767269,58.61914567,70.52210634,11.50986925,13.84701558
1.8133,25.42539067,-5.4279102,1.654024574,129.4901485,-20.47727091,58.9358207,70.4881832,11.57204839,13.84035477
1.814274967,25.45985467,-5.3944462,1.654454664,129.6656718,-20.35102501,58.57104357,71.02848363,11.50042441,13.94644276
1.815301933,25.509425,-5.411883667,1.654697924,129.9181309,-20.4168094,58.76112214,71.09086411,11.53774633,13.95869117
1.816335733,25.54809567,-5.414837533,1.655120341,130.1150785,-20.42795312,58.79332101,71.25561287,11.54406858,13.99103959
1.817359567,25.59832967,-5.394400433,1.655349975,130.3709176,-20.35085235,58.57054469,71.73422825,11.50032645,14.08501572
1.818309367,25.656318,-5.4390928,1.655382979,130.666249,-20.51945826,59.05771757,71.54238683,11.59598284,14.04734765
1.819272167,25.69877633,-5.4415946,1.655674513,130.8824871,-20.52889652,59.08498865,71.73135376,11.60133752,14.08445131
1.820382933,25.742093,-5.4282185,1.656100443,131.1030965,-20.478434,58.93918135,72.09777051,11.57270826,14.15639724
1.8213358,25.79298933,-5.449990267,1.656248639,131.3623088,-20.56056991,59.17650632,72.11965784,11.61930702,14.16069482
1.8222668,25.83741133,-5.446248867,1.656477327,131.5885477,-20.54645515,59.13572287,72.38668014,11.61129919,14.21312465
1.823288467,25.881171,-5.4489231,1.656807153,131.8114133,-20.55654393,59.16487358,72.58039507,11.61702293,14.25116057
1.8243642,25.93329,-5.461154633,1.657058885,132.0768526,-20.60268847,59.29820443,72.71250349,11.64320244,14.27710006
1.825402933,25.96681467,-5.4272445,1.657567593,132.2475919,-20.4747595,58.92856418,73.25288306,11.57062358,14.38320359
1.826268933,26.013007,-5.4386827,1.657703293,132.482847,-20.51791112,59.05324724,73.36345507,11.5951051,14.4049144
1.8273129,26.068256,-5.472706167,1.657873773,132.7642271,-20.64626765,59.42412288,73.27395962,11.66792653,14.38734197
1.828345167,26.10066633,-5.435319267,1.658393632,132.9292912,-20.50522227,59.01658385,73.84656273,11.58790624,14.49977259
1.829399767,26.150784,-5.458340833,1.658655872,133.1845378,-20.59207316,59.26753237,73.8508608,11.63717998,14.50061652
1.8302972,26.18791767,-5.423613567,1.658966222,133.3736576,-20.46106148,58.88898489,74.41852805,11.56285218,14.61207798
1.8312921,26.23930867,-5.447589567,1.65914863,133.6353892,-20.55151306,59.15033728,74.41890726,11.61416873,14.61215244
1.832337767,26.280918,-5.441104233,1.659536453,133.8473033,-20.52704657,59.07964337,74.70151527,11.60028797,14.66764252
1.833373533,26.32744267,-5.451400467,1.659836665,134.0842509,-20.56589002,59.19187832,74.82622795,11.62232531,14.69212986
1.834317567,26.372784,-5.451055367,1.660063852,134.3151719,-20.5645881,59.18811653,75.06091071,11.62158668,14.73820982
1.8353264,26.413838,-5.4216094,1.660423621,134.5242577,-20.45350058,58.8671383,75.59097475,11.55856261,14.84228789
1.836348767,26.467295,-5.441500333,1.660600833,134.7965113,-20.52854089,59.08396109,75.6464056,11.60113576,14.85317174
1.837337467,26.50493867,-5.447004133,1.660994386,134.9882285,-20.54930446,59.14395572,75.77812814,11.61291571,14.87903546
1.838278433,26.542198,-5.427903667,1.661346283,135.1779883,-20.47724626,58.93574949,76.17609416,11.57203441,14.95717609
1.839330533,26.594478,-5.442782867,1.661571836,135.4442475,-20.53337936,59.09794145,76.28016142,11.6038808,14.9776097
1.840328533,26.63457867,-5.436925267,1.661935845,135.6484781,-20.51128105,59.03409019,76.54824322,11.59134361,15.03024756
1.8413467,26.685604,-5.444500433,1.662147301,135.9083473,-20.53985903,59.11666393,76.72553877,11.60755696,15.06505954
1.842259933,26.728936,-5.457124867,1.662375455,136.1290349,-20.58748582,59.25427762,76.80861262,11.63457741,15.08137109
1.843294133,26.77885067,-5.459380767,1.662620504,136.3832476,-20.5959964,59.27886825,77.03823471,11.63940578,15.12645739
1.844363167,26.81830567,-5.432118567,1.663065754,136.5841898,-20.49314734,58.98169436,77.5363508,11.58105569,15.22426248
1.8453413,26.866616,-5.457729333,1.663280101,136.8302317,-20.58976623,59.26086666,77.50322042,11.63587117,15.21775733
1.846318933,26.90587867,-5.4273386,1.663636992,137.0301944,-20.4751145,58.92958993,78.03445981,11.57082498,15.32206618
1.847312867,26.949745,-5.448316733,1.663937398,137.2536033,-20.55425636,59.15826383,78.02919479,11.6157251,15.3210324
1.848311733,26.99846633,-5.4392597,1.664165981,137.5017384,-20.5200879,59.05953688,78.37605687,11.59634007,15.38913877
1.849357233,27.04259933,-5.4685766,1.664513738,137.7265054,-20.6306885,59.3791082,78.28125255,11.65908789,15.37052394
1.850363533,27.08123567,-5.437755133,1.664909197,137.9232782,-20.51441179,59.04313622,78.81399729,11.5931198,15.47512837
1.8513097,27.126234,-5.4446074,1.66514394,138.1524523,-20.54026257,59.11782993,78.96847768,11.60778591,15.50546059
1.852294567,27.18074767,-5.458875033,1.665266946,138.4300874,-20.59408848,59.27335546,79.09058733,11.63832334,15.52943682
1.8533342,27.22803533,-5.4593622,1.665558961,138.670921,-20.59592636,59.27866586,79.32611047,11.63936604,15.57568179
1.8544003,27.26759733,-5.455559567,1.665999586,138.8724081,-20.58158059,59.23721494,79.56904853,11.63122715,15.62338268
1.8553589,27.30702033,-5.44606,1.666334909,139.0731873,-20.54574263,59.13366412,79.87337858,11.61089495,15.68313788
1.856298833,27.35279333,-5.456574133,1.666551171,139.3063068,-20.58540813,59.24827431,79.99188782,11.63339866,15.70640717
1.857295033,27.39718433,-5.4463601,1.666845549,139.5323877,-20.54687479,59.13693538,80.32930772,11.61153726,15.77265957
1.858359467,27.44198733,-5.4441309,1.667201647,139.760567,-20.53846493,59.1126358,80.58178657,11.60676604,15.82223379
1.859355933,27.48727633,-5.455334367,1.667482095,139.9912215,-20.580731,59.23476012,80.69031669,11.63074515,15.84354368
1.860299133,27.540914,-5.4782392,1.667577283,140.2643952,-20.66714151,59.48443618,80.71381439,11.67976904,15.84815746
1.861301267,27.58144533,-5.4530058,1.667938616,140.4708191,-20.57194628,59.20937739,81.19529708,11.62576125,15.94269658
1.862297567,27.628159,-5.4704358,1.668196373,140.7087293,-20.63770249,59.39937456,81.2432101,11.6630672,15.9521043
1.863433433,27.67299767,-5.4651394,1.66862334,140.9370902,-20.61772136,59.34164071,81.52930487,11.65173115,16.00827901
1.864290633,27.709962,-5.433887333,1.668896134,141.1253476,-20.49982017,59.00097494,82.058228,11.58484143,16.11213307
1.865276567,27.76222233,-5.466931667,1.669055832,141.3915067,-20.62448284,59.36117746,81.96418455,11.65556719,16.09366764
1.8662569,27.80726467,-5.4681929,1.669324046,141.6209048,-20.62924096,59.37492564,82.17983456,11.65826665,16.13601052
1.867392067,27.84732133,-5.470254433,1.669825916,141.8249113,-20.63701827,59.39739756,82.36136909,11.66267901,16.17165482
1.8682836,27.894545,-5.462067733,1.669970844,142.0654189,-20.60613322,59.30815775,82.6911165,11.64515677,16.23640072
1.869289167,27.94289267,-5.455479433,1.670212034,142.311651,-20.58127828,59.23634144,83.00916488,11.63105564,16.29884952
1.870329267,27.984228,-5.447966733,1.670598622,142.5221696,-20.55293595,59.15444862,83.30157633,11.61497599,16.35626451
1.871336533,28.02840667,-5.463552467,1.670907424,142.7471692,-20.61173451,59.32434221,83.35668231,11.64833459,16.36708457
1.872362,28.07171067,-5.4733025,1.671248254,142.9677141,-20.64851737,59.43062327,83.47094621,11.66920288,16.38952029
1.873285933,28.11005033,-5.446724567,1.671566038,143.162976,-20.54824977,59.14090828,83.95592305,11.61231734,16.48474549
1.874332133,28.15233667,-5.4562993,1.671943691,143.378338,-20.5843713,59.24527846,84.0669149,11.63281043,16.50653874
1.8753619,28.206053,-5.464094033,1.672124202,143.6519124,-20.61377762,59.3302456,84.25552215,11.64949372,16.54357177
1.8763479,28.25054333,-5.460386933,1.67240681,143.8784993,-20.59979226,59.28983605,84.52251858,11.64155931,16.59599652
1.8773228,28.29797933,-5.477032,1.672631747,144.1200883,-20.66258724,59.47127699,84.58266664,11.67718524,16.60780659
1.878342667,28.340407,-5.460880767,1.672980832,144.3361701,-20.60165529,59.29521912,84.97480634,11.64261627,16.68480322
1.8793323,28.386066,-5.442427933,1.673248597,144.5687089,-20.53204034,59.09407247,85.40849182,11.60312113,16.76995737
1.880365433,28.424976,-5.452204567,1.673666563,144.7668755,-20.56892355,59.20064348,85.50008735,11.62404635,16.78794215
1.8812952,28.469956,-5.454710333,1.673885196,144.9959562,-20.57837678,59.2279578,85.70185376,11.62940951,16.82755899
1.882351767,28.515185,-5.4605473,1.674226692,145.2263051,-20.60039725,59.29158414,85.86857628,11.64190255,16.86029495
1.883359867,28.56801533,-5.472078967,1.674399544,145.4953671,-20.64390149,59.41728604,86.01193643,11.66658411,16.88844372
1.8843245,28.61215433,-5.4676587,1.67466634,145.7201647,-20.62722564,59.36910255,86.28491748,11.65712329,16.94204355
1.8853021,28.65706467,-5.454236367,1.674933908,145.9488906,-20.5765887,59.22279128,86.65995466,11.62839507,17.0156821
1.886361833,28.70471433,-5.477766033,1.6752403,146.1915678,-20.66535645,59.47927838,86.64614475,11.67875631,17.01297052
1.8873177,28.750649,-5.484121,1.675469939,146.4255106,-20.68933112,59.54855123,86.81081469,11.69235803,17.04530347
1.888383833,28.79300067,-5.4754993,1.675866493,146.6412053,-20.65680499,59.45456967,87.12049102,11.67390475,17.10610841
1.889319,28.833821,-5.462852133,1.67615629,146.8491011,-20.60909244,59.31670817,87.46624828,11.64683565,17.17399785
1.890337767,28.88633967,-5.4843521,1.676344737,147.1165758,-20.69020297,59.55107035,87.49936084,11.69285266,17.1804995
1.891278833,28.92392033,-5.4684758,1.676691653,147.3079722,-20.63030822,59.37800942,87.8638181,11.65887215,17.25206068
1.8923121,28.969443,-5.469224967,1.677005206,147.5398167,-20.63313452,59.38617577,88.08749624,11.66047561,17.29597989
1.893362367,29.01784633,-5.479554167,1.677290216,147.7863322,-20.67210234,59.49877008,88.2214175,11.68258351,17.32227533
1.8943406,29.055996,-5.451113533,1.677665303,147.9806264,-20.56480754,59.18875058,88.72573121,11.62171118,17.42129732
1.895261433,29.10658633,-5.487393833,1.677786303,148.2382803,-20.70167817,59.58422702,88.58790861,11.69936298,17.39423586
1.896292433,29.14132967,-5.4574779,1.678268011,148.4152262,-20.58881767,59.25812589,89.09095568,11.63533302,17.49300915
1.897337967,29.18707733,-5.454525467,1.678590274,148.6482166,-20.57767936,59.22594264,89.35612933,11.62901384,17.54507599
1.898344167,29.22564833,-5.429286633,1.678986667,148.8446567,-20.48246363,58.95082463,89.82768738,11.57499442,17.63766642
1.899288067,29.28281667,-5.471093633,1.679026735,149.1358119,-20.64018423,59.40654533,89.66312193,11.66447518,17.60535399
1.900295233,29.31920633,-5.4560995,1.679458581,149.3211425,-20.58361753,59.24310052,90.01189735,11.63238279,17.67383604
1.901320067,29.36441533,-5.4667473,1.67976866,149.5513895,-20.6237873,59.35916776,90.12607712,11.65517259,17.69625524
1.902345767,29.40712833,-5.444395067,1.680119068,149.7689245,-20.53946153,59.11551537,90.58726452,11.60733144,17.78680939
1.9032555,29.448092,-5.465474933,1.680381165,149.9775503,-20.61898719,59.34529822,90.56610743,11.65244931,17.78265519
1.904298133,29.492058,-5.445502133,1.680728696,150.2014668,-20.54363803,59.12758304,91.00773908,11.60970093,17.86936957
1.905353933,29.54568267,-5.469906633,1.68093669,150.4745743,-20.63570617,59.39360634,91.01482333,11.6619346,17.87076056
1.906278667,29.58752,-5.4635906,1.681199975,150.6876496,-20.61187837,59.32475789,91.29674707,11.64841621,17.92611629
1.907322933,29.63883467,-5.471821467,1.681432957,150.9489924,-20.64293004,59.41447914,91.46836866,11.66603298,17.95981419
1.908320533,29.68325833,-5.453349933,1.681728219,151.1752398,-20.57324455,59.21312864,91.8959665,11.62649781,18.04377302
1.909316833,29.728006,-5.4582672,1.682017058,151.4031373,-20.59179537,59.26672972,92.07026289,11.63702238,18.07799612
1.9103115,29.775249,-5.468523833,1.682264813,151.6437433,-20.63048943,59.37853301,92.19906566,11.65897496,18.10328654
1.911275367,29.82061467,-5.483160833,1.682511449,151.8747882,-20.68570881,59.53808485,92.27055872,11.69030296,18.1173242
1.9123335,29.86296467,-5.469675367,1.682900029,152.0904745,-20.63483369,59.39108539,92.63324445,11.66143962,18.18853755
1.913366633,29.90892167,-5.469289467,1.683206582,152.324531,-20.63337785,59.38687886,92.87150752,11.66061366,18.2353205
1.914332733,29.95517667,-5.474023967,1.68344139,152.5601053,-20.65123917,59.43848767,93.05547294,11.67074705,18.27144211
1.9152586,30.003056,-5.483921867,1.683610285,152.8039521,-20.68857987,59.54638056,93.19142692,11.69193182,18.29813668
1.9163032,30.047585,-5.486633167,1.683950881,153.0307359,-20.69880849,59.57593531,93.38865597,11.6977349,18.3368626
1.917391333,30.081297,-5.444736633,1.684506028,153.2024293,-20.54075012,59.11923865,94.01704604,11.60806251,18.46024699
1.918336333,30.128861,-5.4699321,1.684699041,153.4446702,-20.63580224,59.39388394,93.98464165,11.66198911,18.45388439
1.919240233,30.17313967,-5.466958067,1.684902895,153.6701791,-20.62458244,59.36146524,94.24256922,11.6556237,18.50452847
1.9202566,30.21074167,-5.449341967,1.685324774,153.8616841,-20.55812414,59.16943947,94.62609996,11.61791944,18.57983473
1.9213504,30.26987267,-5.474107267,1.685483713,154.1628351,-20.65155343,59.43939569,94.65729474,11.67092534,18.58595982
1.922371167,30.316042,-5.471678267,1.685774543,154.397973,-20.64238981,59.41291817,94.91891019,11.66572648,18.63732802
1.923268133,30.360567,-5.475331467,1.685967569,154.6247364,-20.65617183,59.45274019,95.10585161,11.67354554,18.67403396
1.924223033,30.406801,-5.477246433,1.68619151,154.8602037,-20.66339621,59.47361444,95.32044463,11.6776442,18.7161693
1.9253086,30.44783567,-5.486034533,1.686628318,155.0691911,-20.69655009,59.56940986,95.43363657,11.69645363,18.73839454
1.926353567,30.489637,-5.473257067,1.687012406,155.282083,-20.64834597,59.43012802,95.78581035,11.66910564,18.80754386
1.9272709,30.52929333,-5.457938033,1.687302772,155.4840506,-20.59055356,59.26314161,96.15476433,11.63631786,18.87998798
1.928304333,30.58073667,-5.4761955,1.687522887,155.7460487,-20.65943147,59.46215865,96.21774542,11.67539485,18.89235431
1.929264367,30.62747833,-5.4629952,1.687743934,155.9841015,-20.60963217,59.31826768,96.5996892,11.64714186,18.96734897
1.9303034,30.671587,-5.4649528,1.68808561,156.2087446,-20.61701739,59.33960666,96.80299328,11.65133177,19.00726773
1.9313572,30.708783,-5.458911933,1.688551341,156.3981818,-20.59422769,59.27375769,97.05827948,11.63840232,19.05739318
1.932326467,30.75686633,-5.478298033,1.68876041,156.6430677,-20.66736346,59.48507749,97.09184551,11.67989497,19.06398387
1.933295833,30.80255267,-5.4680893,1.689007476,156.8757457,-20.62885012,59.37379634,97.4358047,11.65804491,19.13152025
1.934256,30.847042,-5.4648857,1.689264266,157.1023275,-20.61676425,59.33887523,97.6973076,11.65118815,19.18286635
1.935368633,30.887084,-5.441030833,1.689743835,157.3062592,-20.52676966,59.07884326,98.16127132,11.60013087,19.27396562
1.936335367,30.93809433,-5.476433267,1.689904095,157.5660521,-20.66032847,59.46475045,98.03515702,11.67590375,19.24920308
1.9372659,30.97599333,-5.455042667,1.690235445,157.7590697,-20.57963054,59.23158042,98.46134462,11.63012082,19.33288502
1.938307533,31.02341967,-5.446159367,1.690527268,158.0006095,-20.5461175,59.13474727,98.79971754,11.61110763,19.39932454
1.939300733,31.07335567,-5.472857,1.69073098,158.2549308,-20.64683668,59.42576706,98.76301912,11.66824936,19.3921188
1.940320467,31.11598767,-5.4747747,1.691076702,158.4720533,-20.65407138,59.4466711,98.95923756,11.67235387,19.43064629
1.9413369,31.16177933,-5.484668867,1.691369169,158.7052678,-20.691398,59.5545233,99.08459986,11.69353065,19.45526118
1.942287,31.193104,-5.444152067,1.691824026,158.8648026,-20.53854479,59.11286653,99.68579148,11.60681134,19.57330516
1.943306533,31.242403,-5.4696536,1.692064142,159.1158798,-20.63475158,59.39084813,99.65888704,11.66139303,19.56802247
1.944302567,31.28778333,-5.4600242,1.692342712,159.3469994,-20.59842381,59.28588205,99.99497272,11.64078294,19.63401289
1.945306033,31.33493367,-5.463948433,1.692600732,159.5871335,-20.61322833,59.32865848,100.1923304,11.64918209,19.67276407
1.946335167,31.38238,-5.4685599,1.692879739,159.8287751,-20.6306255,59.37892616,100.3837043,11.65905215,19.71034035
1.947261033,31.42678833,-5.464136467,1.69310351,160.0549444,-20.6139377,59.33070815,100.6580916,11.64958455,19.76421629
1.9483039,31.47431633,-5.4618025,1.693394959,160.297002,-20.60513261,59.30526655,100.9255908,11.64458909,19.81673974
1.9492998,31.52094833,-5.472595533,1.693653607,160.5344962,-20.64585028,59.42291692,101.0454347,11.66768974,19.8402711
1.950327633,31.56606033,-5.465189433,1.693968219,160.7642492,-20.61791011,59.3421861,101.3559185,11.65183824,19.90123459
1.951350367,31.60513967,-5.4699074,1.694373109,160.9632782,-20.63570906,59.39361469,101.5035188,11.66193625,19.93021592
1.952305733,31.65565167,-5.480577633,1.69452988,161.2205331,-20.67596346,59.50992646,101.644462,11.68477406,19.9578901
1.9532626,31.69438433,-5.472912767,1.694874384,161.4177965,-20.64704707,59.42637494,101.9252769,11.66836872,20.01302811
1.954269367,31.73908767,-5.493883433,1.695174391,161.6454681,-20.72616076,59.65496745,101.924356,11.71325286,20.01284731
1.955345433,31.77944533,-5.4565614,1.695612403,161.8510076,-20.58536009,59.2481355,102.5367274,11.63337141,20.13308643
1.9563381,31.813598,-5.433948667,1.696065116,162.0249453,-20.50005156,59.00164351,102.9571571,11.5849727,20.2156378
1.9568669,31.855821,-5.473840067,1.69592637,162.2399847,-20.65054539,59.43648306,102.737357,11.67035345,20.17248005
1.957057033,31.88465867,-5.489915067,1.69566058,162.3868534,-20.71118975,59.61170994,102.7089988,11.70475925,20.16691192
1.9576364,31.894104,-5.4793684,1.696090616,162.434958,-20.67140152,59.49674512,102.8720682,11.6821859,20.1989306
1.956897833,31.855131,-5.452935533,1.695968212,162.2364706,-20.57168119,59.20861144,102.9617145,11.62561086,20.21653264
1.955854333,31.81503067,-5.4965895,1.695558698,162.0322417,-20.73636964,59.68446516,102.2816319,11.71904473,20.08299843
1.954885633,31.75995367,-5.4717317,1.695460766,161.7517375,-20.64259139,59.41350063,102.2720923,11.66584085,20.08112532
1.953937233,31.71077867,-5.456257633,1.695289823,161.5012919,-20.58421411,59.24482427,102.190323,11.63272125,20.06506992
1.952945333,31.65507467,-5.457133467,1.695178603,161.2175944,-20.58751827,59.25437136,101.8970784,11.63459582,20.00749135
1.951908333,31.60774633,-5.44813,1.694889864,160.9765538,-20.55355189,59.15622832,101.7541808,11.61532543,19.9794334
1.950876767,31.568236,-5.4746553,1.694482956,160.7753298,-20.65362093,59.44536957,101.2638155,11.67209832,19.88315018
1.9499414,31.52202733,-5.4621981,1.694278148,160.5399915,-20.60662504,59.30957882,101.164268,11.6454358,19.86360403
1.948937133,31.47321567,-5.473937367,1.694045594,160.2913963,-20.65091246,59.43754368,100.787708,11.6705617,19.78966646
1.9479604,31.416625,-5.4666929,1.693963559,160.0031831,-20.62358207,59.35857477,100.5784637,11.65505616,19.74858134
1.9468702,31.37200667,-5.482488633,1.693578775,159.7759443,-20.68317287,59.53075748,100.1790422,11.68886423,19.67015493
1.9458852,31.32409167,-5.469718933,1.693351311,159.5319158,-20.63499805,59.3915603,100.0742109,11.66153286,19.6495713
1.944922533,31.28015367,-5.479720767,1.693083304,159.3081419,-20.67273085,59.50058612,99.74141116,11.68294008,19.58422608
1.943941833,31.23168867,-5.494992267,1.692868836,159.0613123,-20.73034393,59.66705438,99.32811326,11.71562613,19.50307504
1.942930667,31.182047,-5.474141133,1.692642504,158.8084899,-20.65168119,59.43976486,99.30258044,11.67099783,19.49806167
1.941878467,31.12512333,-5.448847933,1.692490267,158.5185808,-20.55626036,59.16405422,99.28838191,11.61686205,19.49527379
1.940824067,31.07581433,-5.448181967,1.692215442,158.2674527,-20.55374794,59.15679479,99.04451324,11.61543666,19.44739018
1.939915467,31.01905467,-5.436998833,1.692204212,157.9783787,-20.51155858,59.03489211,98.87734199,11.59150107,19.4145661
1.938972667,30.98531333,-5.445673967,1.691794863,157.8065359,-20.54428629,59.12945613,98.61093518,11.61006871,19.36225712
1.9378376,30.94148433,-5.462277567,1.691352733,157.5833172,-20.60692484,59.31044506,98.2067275,11.64560589,19.28289095
1.936858933,30.89498433,-5.4663321,1.691109231,157.3464952,-20.62222092,59.35464184,97.92570872,11.65428392,19.22771291
1.9359085,30.842126,-5.465606867,1.690994488,157.0772906,-20.61948492,59.34673637,97.66440954,11.65273169,19.17640681
1.934973433,30.787753,-5.447214933,1.690919058,156.8003718,-20.55009972,59.14625356,97.58797358,11.61336689,19.16139861
1.933914633,30.73817567,-5.4361609,1.690644076,156.5478771,-20.5083974,59.02575815,97.4559743,11.58970761,19.13548055
1.932822967,30.690819,-5.421939867,1.690301118,156.3066921,-20.4547473,58.87074058,97.3698069,11.55926991,19.11856159
1.931845133,30.649442,-5.4639999,1.689977455,156.0959613,-20.61342249,59.3292195,96.70059715,11.64929225,18.98716225
1.930937967,30.60166033,-5.4434085,1.689825717,155.8526118,-20.53573962,59.10476122,96.68170597,11.60521987,18.98345297
1.929923767,30.55891567,-5.4486321,1.68948731,155.6349155,-20.55544611,59.16170151,96.40706939,11.61640009,18.92952807
1.928837867,30.518206,-5.479277633,1.68904503,155.4275834,-20.67105909,59.49575571,95.86568305,11.68199163,18.82322687
1.927839633,30.46274,-5.460408033,1.688923714,155.145098,-20.59987186,59.29006605,95.78888734,11.64160447,18.80814803
1.9269389,30.41700433,-5.463694933,1.688746061,154.9121687,-20.61227198,59.32589518,95.52012892,11.64863952,18.75537731
1.925936133,30.37409767,-5.476992267,1.688421649,154.6936474,-20.66243734,59.47084388,95.15665888,11.67710019,18.68400997
1.9248877,30.32308233,-5.467541567,1.688179768,154.433829,-20.62678374,59.36782573,94.99985867,11.65687258,18.65322225
1.9238402,30.27300133,-5.483151267,1.687924049,154.1787692,-20.68567272,59.53798057,94.57464399,11.69028248,18.56973135
1.9229024,30.22466967,-5.4585794,1.687750373,153.9326186,-20.59297318,59.27013288,94.5963411,11.63769059,18.57399157
1.921942567,30.17078833,-5.445918433,1.687642403,153.6582039,-20.54520856,59.13212096,94.45993829,11.61059195,18.54720888
1.920920167,30.127654,-5.468071433,1.687301957,153.438523,-20.62878271,59.37360159,93.99877682,11.65800667,18.45665983
1.919899467,30.08032867,-5.46595,1.68702947,153.1974977,-20.62077942,59.35047672,93.7808763,11.6534661,18.41387506
1.918876933,30.03204067,-5.464116267,1.68677037,152.9515695,-20.6138615,59.33048796,93.55493687,11.64954131,18.36951185
1.917931233,29.97589167,-5.439207567,1.686712386,152.6656056,-20.51989122,59.05896859,93.5404924,11.59622848,18.36667568
1.9168743,29.932562,-5.4497657,1.686340495,152.44493,-20.55972271,59.17405841,93.20472692,11.61882637,18.30074813
1.915936367,29.89309,-5.455277767,1.686026614,152.2439012,-20.58051747,59.23414315,92.9436134,11.63062401,18.24947849
1.914974333,29.84204,-5.454538333,1.685871681,151.9839063,-20.5777279,59.2260829,92.69167875,11.62904138,18.20001112
1.913931167,29.793923,-5.458978367,1.685589244,151.738849,-20.59447831,59.27448185,92.3982225,11.63854451,18.14239099
1.912828533,29.750386,-5.455311733,1.685174931,151.5171174,-20.58064562,59.23451341,92.21645934,11.63069671,18.10670179
1.911894933,29.703583,-5.465803467,1.684981286,151.2787522,-20.62022661,59.34887943,91.86372816,11.65315248,18.03744302
1.910936567,29.65478333,-5.466578967,1.684794442,151.0302181,-20.62315225,59.35733283,91.60674068,11.6548123,17.98698353
1.909901967,29.608647,-5.4668061,1.684489258,150.7952483,-20.62400913,59.35980871,91.36929492,11.65529844,17.94036106
1.908869967,29.55935233,-5.459035867,1.684236606,150.5441932,-20.59469524,59.27510864,91.20293991,11.63866758,17.90769725
1.907889767,29.51277167,-5.463278467,1.683992847,150.3069604,-20.61070082,59.32135545,90.91946026,11.64774814,17.85203602
1.9068772,29.46794067,-5.469727367,1.683689058,150.0786385,-20.63502987,59.39165223,90.62084162,11.66155091,17.79340225
1.905928433,29.41498133,-5.460969267,1.683577578,149.8089194,-20.60198916,59.29618382,90.44659098,11.64280569,17.75918814
1.9048917,29.360687,-5.437410633,1.683399239,149.5324013,-20.51311213,59.03938097,90.42687571,11.59238245,17.75531705
1.903862233,29.30651667,-5.4244143,1.683226205,149.2565147,-20.46408232,58.89771335,90.29265673,11.56456602,17.72896315
1.902811433,29.262208,-5.440661733,1.682875925,149.0308531,-20.5253772,59.07481986,89.88988857,11.59934088,17.64987962
1.9019143,29.21844933,-5.443101867,1.682670616,148.8079925,-20.53458281,59.10141874,89.64042915,11.60456357,17.60089826
1.900953467,29.17856933,-5.460795567,1.682340286,148.6048858,-20.60133386,59.29429039,89.2444508,11.64243392,17.52314791
1.899966533,29.13159333,-5.4698895,1.682096043,148.3656396,-20.63564153,59.39341957,88.90607537,11.66189793,17.4567079
1.898854033,29.08322533,-5.455024233,1.681748241,148.119304,-20.579561,59.23137949,88.82177983,11.63008136,17.44015647
1.897839333,29.038078,-5.4615369,1.68144732,147.889371,-20.60413061,59.30237136,88.52085502,11.64402062,17.38106988
1.8969726,28.98820367,-5.453619167,1.6813691,147.6353637,-20.57426026,59.21606344,88.35315563,11.62707406,17.34814211
1.896022933,28.94254433,-5.464267567,1.681141307,147.4028232,-20.61443229,59.33213722,88.00454133,11.64986514,17.27969169
1.894868033,28.891423,-5.429768067,1.680794636,147.142465,-20.48427988,58.95607253,88.12024781,11.57602484,17.30241066
1.893918833,28.84324567,-5.4488117,1.680607119,146.8971004,-20.55612367,59.16365925,87.66729652,11.61678449,17.21347367
1.8928326,28.79753367,-5.472360133,1.680243593,146.6642917,-20.64496221,59.42035092,87.17779609,11.6671859,17.11736026
1.891981367,28.749203,-5.449614367,1.680156467,146.4181462,-20.5591518,59.17240879,87.17959274,11.61850247,17.11771303
1.8909272,28.69884367,-5.4372344,1.679898482,146.1616688,-20.51244728,59.03745992,87.05806422,11.59200526,17.09385091
1.889869033,28.65017233,-5.458996467,1.679609809,145.9137883,-20.5945466,59.27467915,86.57296451,11.63858325,16.99860158
1.888924733,28.603677,-5.454851633,1.6794006,145.6769901,-20.57890985,59.22949805,86.38134737,11.62971194,16.96097756
1.887883433,28.56132,-5.4439136,1.679028964,145.4612681,-20.53764515,59.1102671,86.2848564,11.60630095,16.94203155
1.886926733,28.51581933,-5.453886333,1.67879163,145.2295357,-20.57526817,59.21897572,85.94441533,11.62764588,16.87518595
1.8858916,28.46650633,-5.462153733,1.678536135,144.9783872,-20.60645767,59.3090952,85.60314739,11.64534084,16.80817799
1.884960967,28.41882467,-5.4576222,1.678359349,144.7355471,-20.58936206,59.25969884,85.40970358,11.63564187,16.7701953
1.8839125,28.370174,-5.4724536,1.678080049,144.4877718,-20.64531482,59.42136976,85.00025743,11.66738595,16.68980055
1.882882967,28.31406067,-5.454896633,1.677937668,144.2019896,-20.57907961,59.22998858,84.90585642,11.62980826,16.67126491
1.881932767,28.266384,-5.433700733,1.677741236,143.9591749,-20.49911621,58.9989409,84.8940894,11.58444204,16.66895445
1.880978533,28.226911,-5.4478432,1.67741107,143.7581411,-20.55246991,59.15310204,84.53889439,11.61471158,16.59921191
1.879902867,28.18041133,-5.4487341,1.677070563,143.5213208,-20.55583091,59.16281337,84.29236276,11.6166184,16.55080543
1.878913467,28.135333,-5.4584009,1.676793852,143.2917392,-20.59229977,59.26818713,83.95740747,11.63730854,16.48503696
1.877909433,28.08318833,-5.4481139,1.676614226,143.0261693,-20.55349115,59.15605282,83.80397179,11.61529097,16.45490986
1.876969767,28.041883,-5.448963,1.676327596,142.8158034,-20.55669446,59.16530851,83.58435026,11.61710833,16.41178717
1.875964367,27.98710267,-5.4490528,1.676188274,142.5368101,-20.55703324,59.16628738,83.30437809,11.61730053,16.35681464
1.874914433,27.92952667,-5.431129767,1.676048617,142.2435786,-20.48941701,58.97091586,83.20651814,11.57893933,16.33759984
1.873888767,27.88731633,-5.436285967,1.675690295,142.0286037,-20.50886923,59.02712145,82.93533759,11.5899753,16.28435354
1.8728938,27.847019,-5.446260767,1.67533243,141.8233715,-20.54650004,59.13585259,82.6213743,11.61132466,16.22270684
1.8719811,27.81602467,-5.476116333,1.67490975,141.6655191,-20.65913281,59.46129569,82.13807872,11.67522541,16.12781176
1.870977367,27.76074267,-5.4609281,1.674780025,141.3839708,-20.60183386,59.29573508,82.02209107,11.64271758,16.10503758
1.869920067,27.716952,-5.460616433,1.674415056,141.1609473,-20.60065807,59.29233773,81.80246491,11.64205051,16.06191398
1.8688857,27.661143,-5.454926,1.674263029,140.876715,-20.5791904,59.23030869,81.58026172,11.62987111,16.01828439
1.867936167,27.61095233,-5.451862967,1.67410701,140.6210967,-20.56763484,59.19691984,81.3580322,11.62331521,15.97464962
1.866935233,27.56042067,-5.441257333,1.673904983,140.3637416,-20.52762415,59.08131225,81.21628473,11.60061566,15.94681751
1.8659179,27.50980633,-5.441134467,1.673687862,140.1059655,-20.52716062,59.07997293,80.95984797,11.60035268,15.89646615
1.864870567,27.46541667,-5.444089067,1.673342329,139.8798914,-20.53830711,59.11217979,80.70156691,11.6066765,15.84575266
1.863913933,27.42050933,-5.449181533,1.673095681,139.6511807,-20.55751889,59.16769065,80.41734542,11.61757606,15.78994577
1.862947,27.36683767,-5.439077367,1.672977296,139.3778338,-20.51940003,59.05754934,80.25413982,11.59594981,15.75790035
1.861996167,27.31623967,-5.430021933,1.672826418,139.1201409,-20.48523761,58.95883983,80.09515643,11.5765682,15.72668397
1.860935733,27.27113967,-5.4188126,1.672479015,138.890449,-20.44294941,58.83665155,79.98765283,11.55257653,15.70557563
1.8599097,27.23104467,-5.434002733,1.672086884,138.6862473,-20.50025553,59.00223287,79.61786983,11.58508842,15.63296874
1.858924367,27.177388,-5.430868633,1.671949862,138.4129768,-20.48843186,58.96806935,79.37876283,11.57838042,15.58602008
1.857988133,27.14228933,-5.455299367,1.671568539,138.2342212,-20.58059896,59.2343786,78.93369795,11.63067024,15.49863159
1.856930833,27.09001133,-5.424028533,1.671337754,137.9679722,-20.46262698,58.89350827,79.00831924,11.56374035,15.51328348
1.855891633,27.05679333,-5.471714967,1.670823731,137.7987947,-20.64252826,59.41331823,78.3193318,11.66580503,15.3780008
1.8548962,26.99682033,-5.4415264,1.670776471,137.4933554,-20.52863923,59.08424523,78.34296553,11.60119155,15.38264128
1.853987867,26.96050467,-5.4753642,1.670442288,137.3084017,-20.65629532,59.453097,77.78916002,11.6736156,15.27390157
1.852951533,26.91306567,-5.473696567,1.670155965,137.0667974,-20.65000402,59.43491882,77.56573392,11.67004631,15.23003186
1.851916733,26.87064933,-5.478317133,1.669791767,136.8507733,-20.66743552,59.4852857,77.29934294,11.67993585,15.17772599
1.850893667,26.81801033,-5.473874233,1.669600923,136.5826857,-20.65067429,59.43685549,77.07968554,11.67042658,15.13459626
1.8499349,26.76194033,-5.4372241,1.669528623,136.2971242,-20.51240842,59.03734765,77.19363189,11.59198321,15.15696962
1.8489168,26.716489,-5.457253,1.669229109,136.065643,-20.58796922,59.25567435,76.74382399,11.63485166,15.06864984
1.8478932,26.66829833,-5.445024167,1.668967403,135.8202105,-20.54183486,59.12237293,76.63169294,11.60867792,15.04663291
1.846970067,26.62950433,-5.461701233,1.668657603,135.6226348,-20.60475057,59.30416269,76.25232742,11.64437234,14.97214449
1.8459482,26.579017,-5.461129833,1.668433941,135.3655055,-20.60259491,59.29793409,76.00142674,11.64314936,14.92288014
1.844929967,26.533233,-5.460943867,1.668139553,135.13233,-20.60189334,59.29590695,75.77027843,11.64275133,14.87749417
1.843909633,26.49380133,-5.475682267,1.667742634,134.9315067,-20.65749525,59.45656411,75.40879791,11.67429636,14.80651747
1.8428834,26.445187,-5.480204267,1.667484994,134.6839165,-20.6745549,59.50585655,75.11191528,11.68397493,14.74822457
1.841913067,26.38932333,-5.461050667,1.667397865,134.3994058,-20.60229625,59.29707113,75.03619005,11.64297992,14.73335592
1.840946333,26.34516467,-5.460021833,1.66712928,134.1745081,-20.59841488,59.28585625,74.82250721,11.64077787,14.69139929
1.8398471,26.29573067,-5.4570975,1.666811598,133.9227434,-20.58738258,59.25397931,74.60261945,11.63451884,14.64822433
1.838857233,26.24602467,-5.4493853,1.666607583,133.6695934,-20.55828762,59.16991183,74.43353694,11.61801219,14.61502498
1.837948767,26.19253033,-5.444794367,1.666544862,133.3971496,-20.54096792,59.11986797,74.21113703,11.60818608,14.57135676
1.836924767,26.15263133,-5.462608167,1.666151665,133.1939462,-20.60817206,59.31404879,73.81375275,11.64631348,14.49333035
1.835870767,26.112903,-5.4586134,1.66572577,132.9916119,-20.59310144,59.2705035,73.65496377,11.63776336,14.46215214
1.8349029,26.06789067,-5.471348433,1.665469549,132.7623665,-20.64114548,59.4093228,73.28689908,11.66502053,14.38988263
1.833948733,26.01809167,-5.460974533,1.665302704,132.5087429,-20.60200903,59.29624123,73.14635701,11.64281697,14.3622872
1.832968567,25.96893967,-5.459669133,1.665099631,132.2584144,-20.59708429,59.28201161,72.91025814,11.64002298,14.31592919
1.831906833,25.91889233,-5.448860167,1.664829146,132.003526,-20.55630651,59.16418757,72.77319381,11.61688823,14.2890166
1.830905267,25.86743167,-5.432728267,1.664641172,131.7414396,-20.49544749,58.98834044,72.68695452,11.58236065,14.27208352
1.829946967,25.826298,-5.436571933,1.664333195,131.5319481,-20.50994806,59.03023865,72.43556476,11.59058736,14.22272314
1.8288991,25.77749967,-5.440377867,1.66405683,131.2834208,-20.52430628,59.07172555,72.14555057,11.59873331,14.16577885
1.8279316,25.73017267,-5.4446079,1.66383757,131.0423869,-20.54026446,59.11783538,71.85840687,11.60778698,14.10939819
1.826874133,25.68617233,-5.4409272,1.663475749,130.8182956,-20.52637869,59.0777136,71.67443732,11.59990907,14.07327577
1.825891267,25.627815,-5.422994133,1.663415512,130.5210848,-20.45872461,58.88223271,71.57270745,11.56152639,14.05330111
1.824927933,25.59101033,-5.4414387,1.66303406,130.3336406,-20.52830837,59.08328925,71.18420671,11.60100384,13.97701899
1.823910967,25.539233,-5.441866567,1.662835693,130.0699414,-20.52992254,59.08795324,70.91584354,11.60191962,13.92432588
1.822927567,25.48837467,-5.421322533,1.662656363,129.8109227,-20.45241835,58.86401129,70.88076674,11.55794862,13.91743855
1.821900067,25.44384,-5.424153967,1.662332956,129.58411,-20.46310019,58.89487557,70.6230898,11.56400882,13.86684368
1.820914133,25.408298,-5.44803,1.661908942,129.4030965,-20.55317463,59.15513827,70.1818136,11.6151114,13.7801991
1.819935267,25.355609,-5.4467465,1.661763088,129.1347543,-20.54833252,59.14114737,69.92746225,11.61236429,13.73025721
1.818987667,25.31330867,-5.441342033,1.661484257,128.9193209,-20.52794369,59.08223553,69.77094077,11.60079695,13.69952422
1.817941667,25.260925,-5.433559267,1.661266442,128.6525337,-20.49858251,58.99739883,69.58899027,11.58413926,13.66379824
1.816897133,25.21842267,-5.451490867,1.660893871,128.4360716,-20.56623106,59.19286373,69.17706326,11.62251879,13.58291637
1.815946567,25.16789933,-5.4303131,1.660742078,128.178759,-20.48633606,58.96201371,69.15060066,11.57719139,13.57772044
1.814963033,25.11495367,-5.416111933,1.660595616,127.9091096,-20.43276091,58.80721271,69.03575223,11.54679622,13.55516995
1.8139428,25.069058,-5.424257133,1.660300993,127.6753654,-20.46348939,58.89600014,68.71322063,11.56422963,13.49184087
1.8129339,25.02039267,-5.418331767,1.660061492,127.4275155,-20.44113542,58.83141019,68.52996066,11.55154739,13.45585778
1.811903767,24.98146067,-5.446425433,1.659646874,127.2292369,-20.54712126,59.13764755,68.02544471,11.6116771,13.35679607
1.8109553,24.93367,-5.444864133,1.659453977,126.9858416,-20.54123112,59.12062847,67.79906849,11.6083354,13.3123471
1.809880933,24.884512,-5.418257233,1.659156799,126.7354826,-20.44085424,58.83059773,67.83874018,11.55138786,13.32013663
1.8089575,24.84314667,-5.446264433,1.658887351,126.5248111,-20.54651388,59.13589256,67.32277393,11.6113325,13.21882666
1.807919933,24.792966,-5.424828533,1.658643141,126.2692437,-20.46564505,58.90222874,67.30087032,11.56545261,13.21452589
1.806960933,24.73781433,-5.4209509,1.658556089,125.9883592,-20.45101634,58.85996027,67.06225431,11.5571532,13.16767363
1.8058824,24.68630867,-5.4015457,1.65829186,125.7260436,-20.3778085,58.64843226,67.01146672,11.51561968,13.15770149
1.8049506,24.64266567,-5.4250245,1.658050056,125.5037722,-20.46638435,58.90436489,66.53326264,11.56587205,13.06380612
1.8039371,24.59783233,-5.4339598,1.657745371,125.2754384,-20.50009356,59.00176487,66.2075289,11.58499653,12.9998483
1.802887833,24.54877133,-5.416697667,1.657471759,125.0255734,-20.43497064,58.81359754,66.14583119,11.54804988,12.98773395
1.801877867,24.511967,-5.437674533,1.657043668,124.8381309,-20.51410772,59.04225763,65.72972861,11.59294729,12.90603221
1.8008827,24.46615633,-5.42508,1.656772768,124.6048196,-20.46659373,58.90496987,65.63370511,11.56599083,12.887178
1.799961333,24.40828533,-5.409767167,1.656766342,124.3100857,-20.40882471,58.73805105,65.50589004,11.53321632,12.86208151
1.798951767,24.368958,-5.418798767,1.656378541,124.1097937,-20.44289722,58.83650076,65.20714833,11.55254692,12.80342357
1.797854767,24.32078367,-5.4028751,1.656043177,123.8644444,-20.38282378,58.6629235,65.1353763,11.51846503,12.78933114
1.7968639,24.27443467,-5.4093744,1.655785088,123.6283915,-20.40734297,58.73376966,64.82847717,11.53237567,12.72907149
1.795957,24.229976,-5.421678533,1.655581079,123.4019659,-20.4537614,58.8678919,64.46792933,11.55871057,12.65827792
1.794921767,24.17505667,-5.3888041,1.655414121,123.1222647,-20.32973969,58.50954139,64.54657863,11.48834845,12.67372071
1.7939322,24.13272333,-5.409607867,1.655093844,122.9066633,-20.40822374,58.73631459,64.10420404,11.53287537,12.58686046
1.792930733,24.08554533,-5.4075351,1.654838262,122.6663883,-20.40040404,58.71372022,63.88652339,11.52843897,12.54411887
1.7919724,24.03620367,-5.400244267,1.65466002,122.4150938,-20.37289873,58.63424588,63.71470327,11.51283418,12.51038199
1.7909411,23.98780733,-5.390283433,1.654393866,122.1686139,-20.33532061,58.52566699,63.57680224,11.49151471,12.48330512
1.7899305,23.93993333,-5.389339433,1.654140154,121.9247942,-20.33175928,58.51537683,63.34327268,11.48949424,12.43745159
1.788963933,23.89539667,-5.391974633,1.653877712,121.6979713,-20.34170081,58.54410205,63.08772461,11.49513444,12.38727473
1.787907867,23.84885967,-5.382320867,1.653557395,121.4609609,-20.30528112,58.43887036,62.95594586,11.4744722,12.36139997
1.7869147,23.796283,-5.376390767,1.653395466,121.1931907,-20.28290929,58.37422881,62.75281728,11.46177983,12.32151567
1.7859228,23.74780433,-5.376970267,1.653170013,120.9462915,-20.28509551,58.3805457,62.49960114,11.46302015,12.27179668
1.784994,23.69760533,-5.377511667,1.65303486,120.6906307,-20.28713799,58.38644727,62.23803876,11.46417892,12.22043891
1.7839136,23.652176,-5.378807233,1.652672697,120.4592615,-20.29202563,58.40056971,61.99254717,11.46695186,12.17223664
1.782933867,23.61360533,-5.3878409,1.652302766,120.2628232,-20.32610593,58.49904195,61.6976366,11.48628689,12.11433095
1.7818941,23.57223367,-5.374238367,1.651917086,120.0521195,-20.27478918,58.35076639,61.63520848,11.45717298,12.10207318
1.7809701,23.51804033,-5.3846305,1.651849882,119.7761158,-20.31399442,58.46404671,61.24592442,11.47941557,12.02563726
1.7799238,23.47704533,-5.3883716,1.651451713,119.5673304,-20.32810805,58.50482689,60.99635892,11.48742276,11.97663507
1.7789476,23.43199667,-5.3992092,1.651187733,119.3379,-20.36899385,58.62296305,60.64879231,11.5106188,11.90839037
1.777915,23.387314,-5.4010113,1.650861566,119.1103336,-20.37579243,58.64260699,60.40158195,11.51447588,11.85985062
1.777001533,23.33891933,-5.395661367,1.650713219,118.8638622,-20.35560934,58.5842896,60.21342791,11.50302526,11.82290657
1.775923567,23.29007,-5.388450467,1.65040756,118.6150751,-20.32840558,58.50568658,60.0432439,11.48759156,11.78949094
1.7749024,23.2331,-5.363331333,1.650287089,118.32493,-20.23364143,58.23187336,60.02691196,11.43382834,11.78628416
1.773916067,23.18817333,-5.3518737,1.650011046,118.0961209,-20.19041649,58.10697847,59.92299775,11.40930522,11.76588061
1.772985333,23.14528833,-5.369949667,1.649758325,117.8777099,-20.25860968,58.30401706,59.50754817,11.44799375,11.68430708
1.7718749,23.09714133,-5.364346667,1.649409096,117.6324998,-20.23747186,58.24294109,59.32341405,11.43600148,11.64815235
1.770913267,23.056654,-5.391739667,1.649087567,117.4263,-20.34081438,58.54154078,58.81861455,11.49463153,11.54903497
1.769983233,23.00547267,-5.359620433,1.64896671,117.1656362,-20.21964173,58.19142239,58.90806916,11.42588579,11.56659938
1.7689837,22.953724,-5.349912167,1.648785324,116.902083,-20.18301644,58.08559662,58.75034175,11.4051069,11.5356296
1.767901433,22.90771167,-5.353361933,1.648430512,116.6677447,-20.19603099,58.12320109,58.47839894,11.41249053,11.48223363
1.766928567,22.859322,-5.349456167,1.648222686,116.4212987,-20.18129614,58.08062595,58.27452811,11.40413091,11.44220359
1.7659248,22.80810167,-5.333590367,1.648028713,116.1604363,-20.121441,57.90767947,58.18661218,11.37017286,11.4249413
1.7649954,22.767088,-5.3502329,1.647747739,115.9515559,-20.18422643,58.0890928,57.79631845,11.40579337,11.34830713
1.763932567,22.71675067,-5.340473933,1.647480739,115.6951906,-20.14740987,57.98271436,57.64633155,11.38490597,11.3188572
1.762849667,22.668815,-5.338933333,1.647155702,115.4510568,-20.14159782,57.96592093,57.41899122,11.38160857,11.27421893
1.761931033,22.62058133,-5.332405867,1.646999642,115.2054053,-20.11697237,57.89476773,57.24449294,11.36763764,11.23995619
1.7609697,22.58649233,-5.351851133,1.646577256,115.0317919,-20.19033136,58.10673248,56.85891474,11.40925692,11.16424791
1.759982667,22.541905,-5.355404233,1.646295149,114.804711,-20.20373574,58.14546335,56.59310298,11.41686173,11.11205577
1.758878967,22.49360233,-5.358226967,1.645955114,114.5587081,-20.21438475,58.17623279,56.31633066,11.42290331,11.05771152
1.7579017,22.45278667,-5.360466,1.645623143,114.3508361,-20.2228317,58.20063956,56.08405189,11.42769558,11.01210359
1.7569464,22.40667333,-5.371951567,1.645396895,114.1159834,-20.26616202,58.32583894,55.72399978,11.45227848,10.94140736
1.7559714,22.355879,-5.337345133,1.645224953,113.8572906,-20.13560619,57.94860862,55.84253729,11.3782093,10.9646822
1.7549537,22.30715,-5.330336567,1.644977659,113.6091164,-20.10916575,57.87221115,55.67076058,11.36320866,10.93095384
1.753934167,22.253694,-5.3216688,1.644803265,113.3368678,-20.07646584,57.77772744,55.49299576,11.34465678,10.89604972
1.752879233,22.20984767,-5.3344326,1.644441542,113.1135608,-20.1246184,57.91686031,55.13055587,11.37197552,10.82488464
1.751936867,22.15887833,-5.325940767,1.644305,112.8539767,-20.09258221,57.82429437,54.96353773,11.3538002,10.79209063
1.750961233,22.11704333,-5.341613933,1.643990778,112.6409133,-20.15171062,57.99514103,54.57962766,11.38734594,10.71670989
1.749947167,22.06401567,-5.3142864,1.643815079,112.3708463,-20.04861508,57.69725497,54.60744667,11.32885601,10.72217215
1.748892667,22.01854433,-5.312170967,1.643479481,112.1392632,-20.04063442,57.67419551,54.39892307,11.32432829,10.68122854
1.747897233,21.97338867,-5.314708367,1.643197959,111.9092878,-20.05020699,57.70185465,54.14128854,11.32975916,10.63064201
1.7469608,21.92508767,-5.308971267,1.643025164,111.6632934,-20.02856327,57.63931691,53.95783188,11.31747988,10.59462029
1.745959967,21.88095833,-5.319791967,1.642722015,111.4385451,-20.06938532,57.75726886,53.61513161,11.34063974,10.52733109
1.744920533,21.83208,-5.300798733,1.642455349,111.1896104,-19.99773167,57.55023153,53.57323422,11.29998796,10.51910454
1.743902867,21.784886,-5.311746267,1.642183819,110.9492539,-20.03903221,57.66956603,53.21354321,11.32341929,10.44847921
1.742961467,21.74776567,-5.311806533,1.641829291,110.760202,-20.03925957,57.67022297,53.0238344,11.32354828,10.41122988
1.7419408,21.695891,-5.306965633,1.641628763,110.4960071,-20.02099684,57.61745434,52.81240815,11.31318716,10.36971634
1.740917767,21.64709133,-5.2984878,1.641377253,110.247473,-19.98901347,57.52504101,52.6562874,11.2950418,10.33906203
1.7399082,21.60096733,-5.298535667,1.641096906,110.012566,-19.98919405,57.52556278,52.42085857,11.29514425,10.29283558
1.738980333,21.550227,-5.2818467,1.640971244,109.7541482,-19.92623345,57.3436433,52.34436026,11.25942436,10.27781514
1.7379244,21.505259,-5.291343667,1.640626255,109.5251286,-19.96206159,57.44716578,52.01181817,11.279751,10.2125205
1.736867133,21.462727,-5.300008467,1.640241419,109.3085154,-19.99475032,57.54161716,51.7007536,11.29829653,10.15144297
1.7359035,21.409888,-5.286779867,1.640113171,109.0394092,-19.94484425,57.3974177,51.57584687,11.26998297,10.12691753
1.734952067,21.36559233,-5.2942926,1.639862052,108.8138138,-19.97318671,57.47931088,51.26835825,11.28606269,10.06654214
1.733917967,21.31377267,-5.272734167,1.639647221,108.549899,-19.89185561,57.24431137,51.23944297,11.23992054,10.06086463
1.732884667,21.26933467,-5.274319,1.639316486,108.3235786,-19.89783453,57.26158698,50.99584702,11.2433126,10.01303456
1.731908767,21.23182367,-5.2990904,1.638933634,108.1325371,-19.99128683,57.5316097,50.53478279,11.29633156,9.922504601
1.730989133,21.194406,-5.3033579,1.638605574,107.941971,-20.00738635,57.57812794,50.29769839,11.30546542,9.875953078
1.729919067,21.13933567,-5.2881101,1.63840617,107.6615007,-19.94986268,57.41191802,50.18343806,11.2728301,9.853518063
1.728880367,21.09029367,-5.277551033,1.638142824,107.4117325,-19.91002767,57.29681803,50.04876978,11.25023022,9.827075945
1.727912533,21.043467,-5.293547133,1.63791532,107.1732468,-19.97037437,57.47118486,49.63591725,11.28446715,9.746012353
1.726952433,20.99139533,-5.2599899,1.637778473,106.9080486,-19.84377674,57.10539143,49.73651248,11.21264361,9.765764226
1.725920433,20.942401,-5.257657667,1.637521074,106.658523,-19.83497818,57.07996872,49.51240968,11.20765186,9.72176164
1.724916133,20.90180333,-5.2639534,1.637158623,106.4517613,-19.85872939,57.14859589,49.23702078,11.2211268,9.667689029
1.7238916,20.84839467,-5.251953133,1.63697848,106.1797538,-19.81345733,57.01778598,49.09582322,11.19544228,9.639964888
1.722929733,20.801698,-5.257517167,1.636754888,105.9419302,-19.83444813,57.07843719,48.79734839,11.20735114,9.581359357
1.7219511,20.74937533,-5.230329333,1.636603476,105.6754537,-19.73187963,56.78207394,48.82723511,11.14916022,9.587227614
1.7209314,20.702389,-5.234193,1.63632663,105.4361548,-19.74645565,56.82419016,48.54582002,11.15742974,9.531971761
1.7199435,20.656869,-5.2373732,1.636058401,105.2043239,-19.75845324,56.8588562,48.27932307,11.16423641,9.479645085
1.718955367,20.61313367,-5.235098033,1.635761723,104.9815822,-19.74986997,56.83405555,48.08138201,11.15936681,9.440779358
1.71793,20.55839933,-5.2210061,1.635601707,104.7028232,-19.69670691,56.68044525,47.95623329,11.12920543,9.416206407
1.716922033,20.52096433,-5.226267667,1.635185587,104.5121687,-19.71655663,56.7377994,47.7082247,11.14046691,9.36750992
1.7159863,20.47048067,-5.225059633,1.635048001,104.2550581,-19.71199922,56.72463113,47.46428237,11.13788132,9.319611843
1.714889033,20.42198833,-5.208138933,1.634717398,104.0080893,-19.64816438,56.54018563,47.40175902,11.10166545,9.307335384
1.713876567,20.384043,-5.226478733,1.634304847,103.8148358,-19.7173529,56.74010015,47.00859096,11.14091866,9.230136834
1.712917933,20.34595933,-5.239462233,1.633948316,103.6208777,-19.7663343,56.88162788,46.67310516,11.16870763,9.164264198
1.7119645,20.29515267,-5.229187167,1.633798136,103.3621221,-19.7275707,56.76962366,46.52635376,11.1467156,9.135449561
1.710899267,20.24856767,-5.221367333,1.633469412,103.1248672,-19.69806969,56.68438291,46.37433961,11.12997858,9.105601582
1.709875533,20.20161933,-5.227519333,1.633187932,102.8857618,-19.72127866,56.7514433,46.06817388,11.14314589,9.04548594
1.708931967,20.151296,-5.223765833,1.633039977,102.6294678,-19.70711825,56.71052796,45.85279518,11.13511216,9.003196334
1.707943233,20.10539367,-5.209651167,1.632776959,102.3956897,-19.65386942,56.55666985,45.77287517,11.10490213,8.98750404
1.7069312,20.06360167,-5.221747533,1.632425658,102.1828453,-19.69950403,56.68852731,45.4281733,11.13079234,8.919821828
1.7058978,20.01161567,-5.212800667,1.632214156,101.9180834,-19.66575119,56.59100124,45.26093747,11.11164309,8.886985072
1.7049247,19.970816,-5.207116267,1.631886099,101.7102928,-19.64430628,56.52903796,45.11511023,11.0994766,8.858351895
1.703949333,19.91996067,-5.209096133,1.631714755,101.4512894,-19.65177551,56.55061967,44.83452505,11.10371417,8.803258994
1.702951333,19.88519033,-5.2296912,1.631266474,101.2742059,-19.72947221,56.77511791,44.43294337,11.1477944,8.72440843
1.7018743,19.837166,-5.213270967,1.630948706,101.0296206,-19.66752543,56.59612779,44.36734814,11.11264969,8.711528808
1.700960367,19.786782,-5.211437067,1.630831343,100.7730176,-19.66060688,56.57613721,44.13073572,11.10872454,8.665069959
1.699970567,19.73899667,-5.2045393,1.630597029,100.5296494,-19.63458445,56.50094752,43.96255727,11.09396105,8.632048119
1.698931633,19.68451433,-5.188100467,1.630419462,100.2521738,-19.5725675,56.32175465,43.86427455,11.05877652,8.612750308
1.697848667,19.64253733,-5.2017245,1.630000151,100.0383872,-19.62396537,56.47026456,43.50197803,11.08793645,8.541613386
1.696941867,19.590132,-5.1726774,1.62992188,99.77148969,-19.51438262,56.15363422,43.55171082,11.02576608,8.55137842
1.695973967,19.546833,-5.183493467,1.629638537,99.55097021,-19.55518718,56.27153566,43.2132899,11.04891603,8.484929473
1.694911067,19.50478467,-5.188138967,1.629240421,99.3368203,-19.57271274,56.32217432,42.94850134,11.05885893,8.432938238
1.6938847,19.452933,-5.159032833,1.629033829,99.07274255,-19.46290728,56.00490048,43.00169743,10.99656221,8.44338329
1.692917533,19.405918,-5.163256,1.62880997,98.83329768,-19.47883955,56.05093546,42.71621758,11.00560118,8.387329322
1.692013667,19.35626567,-5.1465567,1.628691106,98.58042102,-19.41583997,55.86890334,42.64537303,10.96985917,8.373418994
1.690921967,19.31380467,-5.160433167,1.628270715,98.36416943,-19.46819016,56.02016493,42.27785985,10.99955938,8.301257782
1.689917233,19.26651567,-5.152644967,1.628013621,98.12332909,-19.43880849,55.935269,42.12191544,10.98289007,8.270638097
1.688906567,19.23017733,-5.171292933,1.627577463,97.93825991,-19.50915959,56.13854272,41.73357254,11.02280286,8.194386969
1.687988133,19.17857733,-5.146883833,1.627474826,97.67546388,-19.41707411,55.87246929,41.73684995,10.97055934,8.195030488
1.6869628,19.129746,-5.1405514,1.627221516,97.42676853,-19.39318444,55.80344207,41.55718181,10.95700585,8.159752649
1.685943033,19.087091,-5.155777,1.626876125,97.2095289,-19.45062436,55.96940999,41.17397426,10.98959365,8.084509847
1.684928967,19.03998433,-5.148400133,1.626606814,96.96961718,-19.42279448,55.88899784,41.01447469,10.97380473,8.053192106
1.683906533,18.98845633,-5.1293718,1.626399039,96.70718784,-19.35100841,55.6815779,40.9594653,10.93307782,8.042391011
1.6829591,18.938561,-5.1283479,1.626240451,96.45307359,-19.34714566,55.6704168,40.71651215,10.93088634,7.994687161
1.681954867,18.90115233,-5.140490233,1.625827648,96.26255326,-19.39295369,55.80277532,40.3936333,10.95687493,7.931289899
1.680926333,18.85409267,-5.129910767,1.625543128,96.02288091,-19.35304171,55.68745295,40.26928331,10.93423139,7.906873778
1.6799398,18.805463,-5.132771667,1.62532543,95.77521263,-19.36383471,55.71863843,39.99042955,10.94035466,7.852120842
1.678943367,18.75468967,-5.1036091,1.625131723,95.51662677,-19.25381635,55.40074944,40.04973269,10.87793715,7.863765014
1.678012833,18.70858167,-5.119523833,1.624930157,95.28180121,-19.31385609,55.57422932,39.64142724,10.91199993,7.783594239
1.676972,18.661857,-5.098573067,1.624628041,95.04383499,-19.23481747,55.34585373,39.63183661,10.86715838,7.781711118
1.675895633,18.618212,-5.1024496,1.624241702,94.82155335,-19.24944203,55.38811021,39.36729849,10.87545544,7.729769059
1.674865067,18.56212433,-5.0796307,1.624097881,94.53590188,-19.16335572,55.13937088,39.33038635,10.82661547,7.72252136
1.673964033,18.52243267,-5.088286567,1.623824373,94.33375435,-19.19601074,55.23372488,39.03388482,10.84514188,7.664303285
1.672977067,18.47781,-5.0770294,1.623542891,94.10649351,-19.15354208,55.11101519,38.92933367,10.82104783,7.643774666
1.671898833,18.431289,-5.078094,1.623200154,93.86956455,-19.15755838,55.12261996,38.68079995,10.82332643,7.594975071
1.6708972,18.383534,-5.083268333,1.622953527,93.6263509,-19.17707901,55.17902321,38.38118305,10.83440121,7.536145292
1.6699237,18.33519233,-5.057994967,1.622744309,93.38014939,-19.081733,54.90352876,38.41047599,10.78030787,7.54189696
1.668991833,18.28915233,-5.063008133,1.622540335,93.14567015,-19.10064562,54.9581752,38.1213503,10.7910377,7.485127131
1.6679422,18.24323767,-5.051346467,1.622216612,92.91182922,-19.05665095,54.83105623,38.01462834,10.76607789,7.464172275
1.666914667,18.192849,-5.053076267,1.621985724,92.65520244,-19.06317677,54.84991206,37.73914574,10.76978023,7.410081266
1.665939333,18.14691867,-5.040954933,1.621736549,92.42128172,-19.01744797,54.71778245,37.63735463,10.74383658,7.390094581
1.6649619,18.10106267,-5.046844167,1.621484099,92.18773958,-19.03966562,54.78197853,37.3396164,10.75644149,7.331633681
1.663916133,18.052007,-5.032228133,1.621213903,91.93790171,-18.98452535,54.62265524,37.24910182,10.72515836,7.313861143
1.6629781,17.99902033,-5.022228067,1.621113589,91.66804346,-18.94679921,54.51364868,37.08825014,10.70375492,7.282277915
1.6619566,17.96398533,-5.0240617,1.620645992,91.48961209,-18.95371675,54.53363635,36.88983109,10.7076795,7.243318335
1.660912,17.91895167,-5.0338111,1.620313374,91.26025804,-18.99049723,54.6399105,36.5542029,10.72854643,7.177417739
1.659910733,17.87412267,-5.0337874,1.620020854,91.03194635,-18.99040782,54.63965216,36.32614955,10.7284957,7.132639465
1.658972,17.82546167,-5.011343467,1.619851451,90.7841185,-18.90573609,54.39500018,36.32297367,10.68045829,7.13201588
1.657982867,17.77747967,-5.001246133,1.619620913,90.53974875,-18.86764301,54.28493336,36.18867075,10.65884666,7.105645501
1.656948,17.73116067,-5.007568533,1.61931835,90.30384857,-18.89149483,54.35385121,35.88385272,10.67237868,7.045794481
1.655903867,17.68601733,-5.0141144,1.618987933,90.073936,-18.91618969,54.42520497,35.58258638,10.686389,6.986640836
1.6549261,17.64032967,-5.0026442,1.618732488,89.84125117,-18.87291734,54.3001731,35.47493342,10.66183899,6.965503178
1.6540217,17.59130967,-4.984111633,1.618603094,89.59159494,-18.8030016,54.09815731,35.42729299,10.62217319,6.956148978
1.652961867,17.54514167,-4.994271267,1.618273177,89.3564638,-18.84132971,54.20890324,35.08141591,10.64391815,6.888236015
1.6519127,17.50055167,-4.9854978,1.617928978,89.12936932,-18.80823103,54.11326733,34.94995735,10.62514004,6.862424125
1.650933733,17.45022467,-4.981250433,1.617745681,88.87305662,-18.79220747,54.06696856,34.73994341,10.61604928,6.82118789
1.6499525,17.40410733,-4.967449333,1.617493563,88.63818352,-18.7401416,53.91652851,34.65551036,10.58651037,6.804609459
1.648951433,17.354958,-4.974566133,1.617269547,88.3878686,-18.76699035,53.99410579,34.32761817,10.60174267,6.740227828
1.647945067,17.309398,-4.964686233,1.616983484,88.15583397,-18.72971756,53.88640911,34.20328022,10.58059643,6.71581407
1.6469341,17.262343,-4.9493313,1.616716457,87.91618538,-18.67178972,53.71903137,34.13100936,10.54773181,6.701623689
1.6459199,17.21296767,-4.936743867,1.616482881,87.66471946,-18.62430251,53.581821,34.01675381,10.52079055,6.679189611
1.6449353,17.157477,-4.9120385,1.616375589,87.38210848,-18.53109933,53.31251809,34.00344575,10.46791293,6.676576572
1.6439868,17.11468967,-4.922654167,1.616103556,87.16419489,-18.57114787,53.42823505,33.66981519,10.49063395,6.611068213
1.642954267,17.068805,-4.9160315,1.61579646,86.93050675,-18.54616328,53.35604412,33.50831798,10.47645926,6.579358236
1.641957333,17.02313467,-4.907763167,1.615521574,86.69791019,-18.51497026,53.26591446,33.36585109,10.4587623,6.551384861
1.640922267,16.968913,-4.884268933,1.615343752,86.42176216,-18.42633619,53.0098136,33.34580391,10.4084769,6.547448598
1.639991467,16.920847,-4.876287633,1.615172876,86.1769646,-18.39622603,52.92281278,33.18800718,10.39139429,6.51646521
1.6389876,16.878827,-4.880833767,1.614833345,85.962959,-18.41337672,52.97236828,32.92444607,10.40112451,6.464714987
1.637899633,16.83973533,-4.897394967,1.614363418,85.76386724,-18.47585531,53.15289503,32.54482757,10.43657094,6.390176893
1.636837467,16.79658533,-4.898039167,1.613983453,85.54410661,-18.47828561,53.15991718,32.31804478,10.43794974,6.345648093
1.635870933,16.750546,-4.8984723,1.613744801,85.30963076,-18.47991964,53.16463859,32.07884753,10.43887679,6.298681712
1.634885633,16.70015367,-4.891852533,1.613556204,85.05298532,-18.45494599,53.09247927,31.8943614,10.4247083,6.262457861
1.633874567,16.65649533,-4.893858733,1.613235375,84.83063577,-18.46251456,53.11434802,31.6501431,10.42900223,6.214505598
1.632837433,16.61339467,-4.878057167,1.612879664,84.61112639,-18.40290175,52.94210172,31.60288002,10.39518167,6.205225492
1.631888033,16.56599733,-4.8699627,1.612679615,84.36973432,-18.37236466,52.85386731,31.44972236,10.37785685,6.175152986
1.630885767,16.52232767,-4.877737667,1.612367766,84.14732705,-18.40169641,52.93861899,31.14256342,10.39449784,6.114842328
1.629867567,16.476271,-4.8759481,1.612077722,83.91276292,-18.39494511,52.91911166,30.92750661,10.39066758,6.072615924
1.628866367,16.42910967,-4.8625204,1.611822143,83.67257279,-18.34428792,52.7727419,30.83368624,10.36192787,6.054194294
1.627927133,16.38189133,-4.858564867,1.611629431,83.43209235,-18.32936532,52.72962428,30.63632343,10.35346173,6.015442106
1.626885033,16.33237067,-4.838748,1.611370253,83.17988626,-18.25460444,52.51360886,30.60013275,10.3110471,6.008336065
1.625848533,16.28895167,-4.835402967,1.611020207,82.95875562,-18.24198501,52.47714605,30.41546493,10.30388763,5.972076539
1.624879167,16.23365333,-4.814746533,1.610925107,82.67712418,-18.16405679,52.25197887,30.35900067,10.25967605,5.960989782
1.623921567,16.18964867,-4.8116595,1.610663221,82.45301078,-18.15241068,52.2183284,30.16853773,10.25306878,5.923592384
1.6228827,16.14728667,-4.821211833,1.610294098,82.23726339,-18.18844771,52.32245441,29.84866433,10.27351392,5.860785242
1.621845033,16.099678,-4.8056531,1.610009124,81.99479501,-18.12975101,52.15285514,29.77579523,10.24021311,5.846477393
1.620854133,16.056343,-4.8160545,1.609703351,81.77409218,-18.16899121,52.26623647,29.44171107,10.26247553,5.780879968
1.619873267,16.005991,-4.796555033,1.609518549,81.51765215,-18.09542775,52.0536809,29.39782661,10.22074024,5.772263254
1.618913267,15.96097833,-4.7867975,1.609270199,81.28840506,-18.05861659,51.94731809,29.27494232,10.19985591,5.748134925
1.617857033,15.908221,-4.774563,1.609048059,81.0197148,-18.01246086,51.8139549,29.13961525,10.17367005,5.721563454
1.6168152,15.865715,-4.778381333,1.608678246,80.80323402,-18.02686586,51.85557696,28.88151241,10.18184254,5.670884962
1.6158805,15.81825267,-4.759099167,1.608493925,80.56151091,-17.95412218,51.64539009,28.84997617,10.14057234,5.664692821
1.614901267,15.771755,-4.758983433,1.60824982,80.32470079,-17.95368557,51.64412853,28.61442761,10.14032464,5.618442862
1.6139027,15.72597567,-4.754257967,1.607975025,80.0915491,-17.93585833,51.59261819,28.43278627,10.13021058,5.582777584
1.612816267,15.683902,-4.753892567,1.607553776,79.87727018,-17.93447982,51.58863511,28.22249042,10.1294285,5.541485994
1.611846933,15.635431,-4.751429533,1.607350769,79.63040998,-17.92518781,51.56178661,28.00247872,10.1241568,5.498286697
1.610875033,15.58907167,-4.734487867,1.60711181,79.39430439,-17.86127388,51.37711256,27.95104718,10.08789605,5.488188115
1.609949967,15.54857167,-4.7465795,1.606827049,79.18804006,-17.90689063,51.50891842,27.612977,10.11377613,5.421808034
1.608842433,15.49053333,-4.706966567,1.606637101,78.89245395,-17.75744734,51.07711433,27.74919498,10.0289914,5.448554434
1.6078201,15.448961,-4.716890033,1.606272027,78.68072829,-17.7948845,51.18528591,27.42929774,10.05023089,5.385742611
1.6068684,15.40667133,-4.726897067,1.605988926,78.46534929,-17.83263691,51.29436841,27.10483624,10.07164924,5.322034595
1.605932033,15.35618267,-4.7137715,1.605850785,78.20821322,-17.78311955,51.15129207,26.99077651,10.0435562,5.299638967
1.604903233,15.311133,-4.7003719,1.605534221,77.97877769,-17.73256838,51.00522861,26.90740444,10.01487664,5.283268861
1.6038611,15.25939733,-4.678627,1.605310028,77.71529072,-17.65053382,50.76819651,26.88094957,9.968335385,5.278074448
1.6028362,15.21277,-4.683047467,1.605022306,77.47782022,-17.66721042,50.81638218,26.5952934,9.97779664,5.221985859
1.601900167,15.16639667,-4.673011633,1.604819435,77.24164332,-17.62934935,50.70698574,26.46851294,9.956316649,5.197092516
1.600935767,15.12434033,-4.675272467,1.604519946,77.02745268,-17.63787855,50.73163014,26.22967789,9.961155578,5.150197255
1.599914467,15.072988,-4.658172767,1.604310526,76.765918,-17.57336842,50.54523343,26.15453993,9.924556584,5.135443915
1.598833133,15.02614567,-4.631953267,1.60396977,76.52735252,-17.47445304,50.25942558,26.2017823,9.868438212,5.144719954
1.5978648,14.98330067,-4.643696167,1.603678816,76.30914523,-17.51875417,50.38743004,25.85557055,9.893571888,5.076741277
1.5968973,14.93834767,-4.631595,1.603422023,76.08020202,-17.47310144,50.25552026,25.75853712,9.867671403,5.057688763
1.595916667,14.88760233,-4.615265033,1.603243674,75.82175876,-17.4114952,50.07751409,25.67810003,9.832719892,5.04189494
1.5948667,14.84273533,-4.623843033,1.602903054,75.59325354,-17.44385647,50.1710193,25.3560896,9.851079639,4.978668193
1.5939133,14.799609,-4.615034233,1.602631482,75.37361345,-17.41062449,50.07499824,25.23247056,9.832225904,4.954395595
1.592894467,14.75707733,-4.627309033,1.602285074,75.15700195,-17.45693226,50.20880072,24.88205659,9.858498022,4.885591811
1.591855067,14.70866567,-4.6060179,1.602011062,74.91044394,-17.37660957,49.97671494,24.86758435,9.812927979,4.882750187
1.590899033,14.662098,-4.599494133,1.601791264,74.67327731,-17.35199809,49.90560208,24.70153059,9.798964968,4.850145531
1.5898881,14.612391,-4.585840367,1.601566198,74.42012223,-17.30048805,49.75676805,24.59720953,9.769741407,4.829662092
1.588896633,14.56829,-4.590021767,1.601271968,74.19551821,-17.31626275,49.80234775,24.32702581,9.778690981,4.776611518
1.587838233,14.524028,-4.5765306,1.600913351,73.97009422,-17.26536613,49.65528616,24.24866341,9.749815438,4.761225061
1.5868553,14.47715633,-4.5611566,1.600671458,73.73137934,-17.20736636,49.48770059,24.17753411,9.716910011,4.747258822
1.585906333,14.43098767,-4.5699528,1.600452418,73.4962448,-17.2405508,49.5835843,23.84651585,9.735736778,4.682263388
1.584952767,14.38392933,-4.554396633,1.600242844,73.25657924,-17.18186378,49.41401301,23.77642159,9.702441454,4.668500378
1.5838618,14.33519867,-4.546539633,1.599922309,73.00839657,-17.15222256,49.32836712,23.6138848,9.685624884,4.636586281
1.5828812,14.29175767,-4.539550633,1.599628511,72.78715389,-17.12585594,49.25218294,23.4688263,9.670666121,4.608104045
1.5818814,14.244574,-4.531306267,1.599374685,72.54685001,-17.09475334,49.16231453,23.31839083,9.653020459,4.57856604
1.5809429,14.19900233,-4.524798067,1.599156673,72.31475596,-17.07020058,49.09137136,23.15723996,9.639090766,4.546924067
1.579895033,14.15675,-4.512597567,1.598776816,72.0995671,-17.02417311,48.95837879,23.07504367,9.612977674,4.530784825
1.578846333,14.109451,-4.4918858,1.598475913,71.85867583,-16.94603614,48.73260844,23.05992275,9.568647667,4.527815832
1.577909067,14.068213,-4.505386667,1.598190619,71.64865292,-16.99696935,48.87977577,22.7027325,9.597543972,4.457681527
1.576924567,14.01622667,-4.4814137,1.598028023,71.38388931,-16.90652922,48.61845644,22.69928823,9.546233922,4.457005244
1.575898267,13.97015767,-4.486098767,1.597730074,71.14926237,-16.92420405,48.6695264,22.41359133,9.556261509,4.400908657
1.5748926,13.922296,-4.464665267,1.5974811,70.90550547,-16.84334427,48.43588874,22.40347209,9.510386754,4.398921745
1.573888,13.87438433,-4.453422233,1.597233984,70.66149393,-16.80092894,48.31333311,22.28201617,9.486322957,4.375073875
1.572893033,13.82613533,-4.444626033,1.597001834,70.41576437,-16.7677445,48.2174494,22.13217032,9.46749619,4.345651642
1.571908467,13.78869867,-4.462908833,1.596609141,70.22510143,-16.83671797,48.41674259,21.7422142,9.506627408,4.269083758
1.570888633,13.743252,-4.450808933,1.596307819,69.993644,-16.79107003,48.28484662,21.64265274,9.480729634,4.249534865
1.5699154,13.70031233,-4.442680067,1.596013462,69.77495459,-16.76040316,48.19623723,21.51257271,9.46333118,4.223993653
1.5688125,13.657897,-4.4492878,1.595581148,69.55893557,-16.78533142,48.26826538,21.22452555,9.477473907,4.167435592
1.567936533,13.60878367,-4.4293491,1.595481664,69.30880401,-16.71011091,48.05092191,21.19173745,9.434798517,4.160997648
1.566892133,13.56117867,-4.425247367,1.595189899,69.0663543,-16.69463676,48.00621062,20.99399903,9.426019456,4.12217171
1.565932,13.51768167,-4.413524933,1.594917453,68.84482642,-16.65041285,47.87842926,20.90025251,9.400929585,4.103764581
1.5648527,13.474331,-4.418345367,1.594523527,68.6240438,-16.66859836,47.9309748,20.62692436,9.411246901,4.050096598
1.563869933,13.42606767,-4.412209367,1.594303804,68.37824124,-16.64544976,47.86408881,20.44800778,9.398113839,4.014966327
1.562944867,13.37745067,-4.395963733,1.594147372,68.13063747,-16.58416167,47.68700193,20.37749089,9.363342829,4.001120337
1.561942467,13.33035267,-4.376984367,1.593889591,67.89076988,-16.51256033,47.48011576,20.34450948,9.322720729,3.994644437
1.560872,13.28554467,-4.3742051,1.593527539,67.66256515,-16.5020753,47.44982013,20.14660038,9.316772182,3.955784984
1.559845167,13.24144067,-4.378484333,1.59319799,67.43794585,-16.51821909,47.49646627,19.87533493,9.325931152,3.902522014
1.558952233,13.195284,-4.366853167,1.593034793,67.20287242,-16.47433948,47.36967976,19.76704801,9.301036621,3.881259878
1.557894333,13.14999467,-4.3528871,1.592692918,66.97221628,-16.42165126,47.21744149,19.68863015,9.271144636,3.86586253
1.5569083,13.10021,-4.326844467,1.59249398,66.71866565,-16.32340313,46.93356158,19.71895942,9.215404817,3.871817682
1.555869767,13.05255033,-4.320096733,1.592208946,66.47593753,-16.29794671,46.86000735,19.54978553,9.200962443,3.838600389
1.554928033,13.00970133,-4.324456933,1.591944655,66.25770987,-16.31439595,46.90753608,19.28402915,9.210294708,3.786419124
1.553911667,12.960289,-4.309485733,1.591709498,66.00605551,-16.25791577,46.74434126,19.19556961,9.178251406,3.769050093
1.5528822,12.91295367,-4.2940166,1.591428403,65.7649792,-16.1995571,46.57571868,19.12311588,9.145142362,3.754823804
1.551906167,12.86585867,-4.282317667,1.591196941,65.5251269,-16.15542184,46.44819347,19.01078878,9.120102789,3.732768377
1.5509677,12.819934,-4.2832754,1.590984543,65.29123504,-16.15903497,46.45863333,18.76645707,9.122152654,3.684793845
1.5498665,12.77664133,-4.261459267,1.590567801,65.07074781,-16.07673168,46.22082474,18.78377843,9.075458938,3.688194894
1.548875167,12.72827833,-4.2485187,1.590341086,64.82443765,-16.02791225,46.07976501,18.678528,9.04776186,3.667528972
1.547864467,12.68112533,-4.2351718,1.590075875,64.58428996,-15.97755989,45.93427601,18.5838693,9.019195095,3.648942737
1.546964833,12.63623433,-4.2346136,1.589885969,64.35566251,-15.97545403,45.92819131,18.36132656,9.018000363,3.605246469
1.545909467,12.58785933,-4.214646333,1.589595411,64.10929123,-15.90012575,45.71053645,18.33261014,8.975263831,3.599608001
1.5448489,12.54422767,-4.2104099,1.589224661,63.8870775,-15.88414343,45.66435685,18.156576,8.966196467,3.565043698
1.543845033,12.49496,-4.2034111,1.588999716,63.63615992,-15.85773984,45.58806584,17.98194943,8.951216729,3.53075577
1.542928467,12.45018367,-4.186588067,1.588791063,63.40811646,-15.79427346,45.40468496,17.93728685,8.915209892,3.521986273
1.5419906,12.40632933,-4.179225067,1.588546533,63.1847687,-15.76649589,45.32442397,17.79420009,8.899450646,3.493891187
1.540896433,12.36172467,-4.177510433,1.588157566,62.95759952,-15.76002729,45.30573346,17.58572142,8.895780765,3.452956401
1.539852533,12.31737833,-4.1691587,1.587814782,62.73174603,-15.72851964,45.21469469,17.45090669,8.877905303,3.426485529
1.538910133,12.27326733,-4.163040867,1.587569777,62.50709108,-15.70543957,45.14800674,17.29293969,8.864811123,3.395468709
1.537967167,12.22958033,-4.1569178,1.587317502,62.28459554,-15.68233976,45.08126174,17.13718915,8.851705743,3.36488709
1.536943533,12.18365067,-4.141552433,1.587020016,62.05067821,-15.62437256,44.91377027,17.07076329,8.818818793,3.351844372
1.5358557,12.13791267,-4.142353933,1.586655301,61.81773703,-15.62739629,44.92250709,16.8290853,8.820534268,3.304390898
1.5348514,12.09165633,-4.1329127,1.586382313,61.58215601,-15.5917784,44.81959214,16.69641923,8.800326917,3.278341916
1.5339057,12.042725,-4.112393933,1.586210218,61.33295136,-15.51436954,44.59592561,16.67088111,8.756409993,3.273327506
1.532935633,12.00224733,-4.124136967,1.585880103,61.12680078,-15.55867117,44.72393152,16.33672461,8.781543955,3.207715878
1.5318944,11.95292867,-4.1005343,1.585618598,60.87562346,-15.46962802,44.46664868,16.34283014,8.731026469,3.208914697
1.530833667,11.90831567,-4.086792933,1.585263196,60.64841185,-15.4177875,44.31685977,16.26540744,8.701615415,3.193712751
1.5298785,11.86249833,-4.075420133,1.585032401,60.41506663,-15.37488261,44.19288961,16.15603238,8.677273874,3.172236958
1.528895033,11.818386,-4.078815633,1.584746351,60.19040489,-15.38769243,44.22990254,15.89435771,8.684541364,3.120857135
1.527904033,11.77653067,-4.072947733,1.584417083,59.97723793,-15.36555526,44.165939,15.74515428,8.671982124,3.091561042
1.526883033,11.73056267,-4.053101667,1.584122838,59.74312537,-15.29068422,43.94960529,15.72737543,8.629505,3.088070166
1.525886067,11.681503,-4.0413309,1.583901504,59.49326713,-15.24627796,43.82129707,15.60582541,8.604311679,3.06420382
1.524907733,11.63889433,-4.047300333,1.583596814,59.27626348,-15.26879818,43.88636738,15.32375145,8.617088234,3.008818598
1.523914733,11.58950733,-4.010718433,1.583384622,59.02473814,-15.13078973,43.48760331,15.47099018,8.538790911,3.037728921
1.522890267,11.54957167,-4.028878933,1.582991539,58.82134793,-15.19930182,43.68556336,15.06963992,8.577660367,2.958923799
1.5218647,11.50187,-4.008212767,1.582720135,58.57840591,-15.12133688,43.46029009,15.05197118,8.533427958,2.955454541
1.520900733,11.45827567,-3.995074767,1.582445395,58.35638231,-15.07177261,43.31707822,14.97315945,8.505308308,2.939979858
1.519917967,11.412202,-3.9872187,1.582191053,58.1217316,-15.04213491,43.23144251,14.82414445,8.488493736,2.910720763
1.518871533,11.368379,-3.978896767,1.581837461,57.89854342,-15.01073968,43.14072858,14.6916702,8.470682056,2.884709443
1.517865767,11.32345667,-3.972192467,1.581541917,57.66975639,-14.98544711,43.06764779,14.53596395,8.456332644,2.854136522
1.5169063,11.27798367,-3.969176633,1.581301378,57.43816484,-14.97406962,43.03477345,14.33724675,8.449877767,2.815118399
1.5159483,11.23216333,-3.9465428,1.581067798,57.20480435,-14.88868148,42.78805146,14.35060825,8.401433903,2.817741929
1.514876733,11.188035,-3.940212,1.5806939,56.98006112,-14.86479798,42.71904204,14.19487443,8.387883905,2.787163594
1.513869233,11.14209867,-3.942948833,1.580412653,56.74610984,-14.87512292,42.74887512,13.93109007,8.39374163,2.735369536
1.512939567,11.094834,-3.919065233,1.580230241,56.50539343,-14.78501993,42.48852994,13.95071884,8.342622854,2.739223645
1.5119222,11.04971567,-3.917701567,1.579926195,56.27560818,-14.77987538,42.47366518,13.73579836,8.339704158,2.697024008
1.5108662,11.00773133,-3.908300867,1.579533968,56.06178423,-14.74441041,42.37119206,13.62444752,8.319583562,2.675160271
1.509831167,10.961249,-3.888966267,1.57923382,55.8250522,-14.67146892,42.16043364,13.59847392,8.278201145,2.670060354
1.508927633,10.911572,-3.876752133,1.57911568,55.57204991,-14.62539002,42.02729246,13.47861281,8.252058874,2.646525625
1.507936333,10.86989033,-3.874979867,1.578783367,55.35976742,-14.61870399,42.00797372,13.28564906,8.248265639,2.608637193
1.506880367,10.822744,-3.8484323,1.578472784,55.11965368,-14.51855095,41.71858974,13.33491929,8.191445096,2.618311403
1.5058634,10.77526633,-3.838192,1.578206439,54.87785247,-14.47991851,41.6069645,13.20474333,8.169527479,2.592751353
1.504881267,10.73364767,-3.837375667,1.577882297,54.66589084,-14.47683882,41.59806599,13.00168021,8.167780257,2.552879909
1.503936133,10.68895433,-3.8280622,1.577643765,54.4382701,-14.44170295,41.49654377,12.87558169,8.147846368,2.528120464
1.502924,10.64047807,-3.794644233,1.577398042,54.19138307,-14.31563071,41.13226843,12.99297,8.076320905,2.55116966
1.501859433,10.59899793,-3.7995641,1.576989276,53.98012698,-14.33419135,41.18589784,12.7280845,8.086851042,2.499159391
1.5008498,10.55130573,-3.784216633,1.576733656,53.73723317,-14.27629167,41.0186015,12.65248703,8.054002404,2.484315828
1.4999074,10.50763537,-3.781595533,1.576481685,53.51482234,-14.26640334,40.99002998,12.45864772,8.048392386,2.446255479
1.498913267,10.46181287,-3.7649193,1.576212005,53.28145081,-14.20349078,40.8082493,12.40705686,8.012699751,2.436125615
1.4978871,10.41874277,-3.7637602,1.575866777,53.06209711,-14.19911797,40.79561444,12.20033802,8.010218895,2.395536371
1.496876367,10.37293907,-3.751973833,1.5755802,52.82882132,-14.15465286,40.66713616,12.09554052,7.984992185,2.37495938
1.495889067,10.3266947,-3.732006867,1.575324023,52.59330125,-14.07932571,40.44948457,12.07767203,7.942256295,2.371450904
1.4948815,10.28006813,-3.726488233,1.575053623,52.35583465,-14.05850618,40.38932825,11.90036176,7.930444601,2.336636031
1.493858133,10.23550387,-3.712213733,1.574734817,52.12887123,-14.00465437,40.23372787,11.82899872,7.899892466,2.322623899
1.4929099,10.18949707,-3.696727767,1.574513951,51.89456107,-13.94623219,40.06492179,11.76349464,7.866747394,2.309762172
1.491893667,10.1446828,-3.677083467,1.574206232,51.66632442,-13.87212233,39.85078746,11.74939232,7.824702117,2.306993182
1.490853233,10.0985205,-3.6789524,1.573895624,51.43122231,-13.87917305,39.87115992,11.49391774,7.82870225,2.256830749
1.489881733,10.05217003,-3.658009533,1.573656925,51.19516187,-13.80016423,39.64287045,11.48614678,7.783877613,2.25530492
1.4889096,10.0087006,-3.650183833,1.573372044,50.97377438,-13.77064109,39.55756575,11.35006399,7.767128035,2.228585064
1.487937467,9.960337567,-3.6308875,1.57316453,50.72746405,-13.69784397,39.34722446,11.31409495,7.725827522,2.221522544
1.4868797,9.918065967,-3.6287725,1.572775077,50.51217706,-13.68986494,39.32416972,11.1218627,7.721300725,2.183777741
1.485873967,9.871789167,-3.605216,1.57250098,50.27649181,-13.60099596,39.06739012,11.14295704,7.670882051,2.187919615
1.4848732,9.830810933,-3.610337033,1.572148079,50.06779187,-13.62031551,39.12321238,10.87843485,7.68184275,2.135980682
1.483929233,9.784080233,-3.589829933,1.571942925,49.82979492,-13.54295067,38.89967302,10.86397726,7.637950797,2.133141935
1.482921467,9.741154833,-3.588469033,1.571613809,49.61117817,-13.53781655,38.88483841,10.66019511,7.635038022,2.09312931
1.481907267,9.690833,-3.566022867,1.571395197,49.35489177,-13.4531364,38.6401621,10.64858503,7.586995827,2.090849672
1.480888433,9.650357033,-3.562733967,1.571016289,49.14874985,-13.44072874,38.60431117,10.47829404,7.579956497,2.057413035
1.479846567,9.603962033,-3.5385561,1.570707927,48.91246261,-13.3495156,38.34075831,10.50555966,7.528207894,2.062766638
1.478915933,9.560394733,-3.532771733,1.570466093,48.69057669,-13.32769357,38.27770534,10.34672671,7.515827443,2.03157979
1.477936267,9.5128625,-3.5101545,1.570237911,48.44849758,-13.24236805,38.03116429,10.35118864,7.467419109,2.03245589
1.476916133,9.4729178,-3.5129811,1.569849303,48.24506137,-13.25303165,38.06197588,10.11694084,7.473468964,1.986461335
1.4758632,9.4243279,-3.498906933,1.569564576,47.99759562,-13.19993561,37.90855925,10.02289172,7.443345609,1.96799479
1.4749157,9.380796167,-3.4942511,1.569305313,47.77589084,-13.18237107,37.85780795,9.851938246,7.433380591,1.934428075
1.473948667,9.3365925,-3.478028367,1.569037139,47.55076394,-13.12116938,37.68097069,9.803648609,7.398658595,1.924946404
1.472901533,9.293970467,-3.470597733,1.56866386,47.33369222,-13.09313666,37.59997245,9.667575123,7.38275459,1.898228375
1.471828933,9.251072433,-3.461441133,1.568269478,47.11521484,-13.05859257,37.50016016,9.548910028,7.363156448,1.874928484
1.470886833,9.206131333,-3.446858967,1.568037897,46.88633223,-13.00358006,37.34120604,9.478981548,7.331945805,1.861198027
1.469915367,9.1596492,-3.432682833,1.567801313,46.64960122,-12.95009934,37.18667791,9.396778668,7.301604208,1.845057491
1.468925133,9.114796233,-3.417447233,1.567520205,46.42116747,-12.8926217,37.02060098,9.334421851,7.268995002,1.83281373
1.467852333,9.071030733,-3.4154585,1.567139337,46.19827213,-12.88511903,36.99892262,9.133204865,7.264738457,1.793304775
1.466887167,9.023692633,-3.395456367,1.566922586,45.95718173,-12.80965921,36.7808877,9.110149392,7.221927299,1.788777833
1.465895667,8.981061267,-3.385910367,1.566605088,45.74006247,-12.77364608,36.67683072,8.997087104,7.201495713,1.766578053
1.464918467,8.937060367,-3.3709879,1.566323542,45.51596825,-12.71734976,36.51416713,8.93565648,7.169556716,1.75451615
1.463882,8.894314133,-3.3611037,1.565962894,45.29826398,-12.68006074,36.40642358,8.82569576,7.14840127,1.732925362
1.462859,8.850266767,-3.3454671,1.565636282,45.07393311,-12.62107028,36.23597551,8.771812954,7.114933792,1.722345474
1.461915133,8.8051402,-3.3403197,1.565405867,44.84410593,-12.60165126,36.17986585,8.598095439,7.10391666,1.688236039
1.4609395,8.7597011,-3.324274633,1.565148626,44.61268704,-12.54111983,36.00496526,8.541577135,7.069574928,1.677138671
1.4598647,8.716378233,-3.319014867,1.56475876,44.39204601,-12.5212769,35.94763073,8.37827063,7.058317294,1.645073438
1.4588653,8.6704661,-3.305712867,1.564485231,44.15821798,-12.47109392,35.80263117,8.289442165,7.02984663,1.627631969
1.457884333,8.625363667,-3.2914946,1.564217334,43.92851371,-12.41745426,35.64764376,8.214725301,6.999414853,1.612961313
1.456881367,8.5816145,-3.276757733,1.563906041,43.70570155,-12.36185813,35.48700332,8.152553593,6.967873101,1.600753898
1.455893233,8.5353208,-3.2616168,1.563649811,43.46993023,-12.30473762,35.32195831,8.081827277,6.935466513,1.586866786
1.4549049,8.492652767,-3.263004633,1.56333606,43.25262423,-12.30997334,35.3370865,7.849393082,6.938436934,1.541228332
1.453922167,8.445989767,-3.238648233,1.563091068,43.01497207,-12.21808667,35.07158752,7.877239906,6.88630621,1.546696055
1.452904233,8.405274067,-3.2210691,1.56271685,42.8076092,-12.15176783,34.87996471,7.861499846,6.848681071,1.543605495
1.451860833,8.358384267,-3.2112832,1.562414778,42.56880197,-12.11484966,34.77329269,7.729364636,6.827736019,1.517660746
1.450886833,8.313721333,-3.1981727,1.562146899,42.34133605,-12.06538914,34.63038059,7.644810818,6.799675228,1.501058604
1.4499233,8.270314033,-3.185698833,1.561869635,42.120265,-12.01833038,34.49440816,7.559712198,6.772977042,1.48434949
1.448919133,8.2275386,-3.169314533,1.561541748,41.90241202,-11.95651916,34.31580973,7.520457647,6.73790924,1.476641859
1.4479082,8.181247567,-3.151153067,1.561262676,41.66665427,-11.88800342,34.11783914,7.482670488,6.699037715,1.46922235
1.4468805,8.1363392,-3.139389333,1.560944977,41.43793838,-11.8436237,33.98960758,7.382186149,6.673859449,1.44949225
1.445866633,8.093523967,-3.1306161,1.560608019,41.21988269,-11.8105259,33.89397422,7.25976383,6.655081838,1.425454628
1.444929167,8.0491031,-3.116724133,1.560372847,40.99364961,-11.75811723,33.74254367,7.184961287,6.62534845,1.410767149
1.443919133,8.004286467,-3.099716267,1.560071364,40.7654009,-11.69395355,33.557148,7.142108255,6.58894601,1.402352956
1.4428773,7.963088333,-3.0949088,1.559680873,40.55558102,-11.67581695,33.50474381,6.984692568,6.578656447,1.371444386
1.441862767,7.915754167,-3.075636,1.559414693,40.31451065,-11.60310861,33.29465904,6.953706969,6.537406302,1.365360363
1.440897,7.870344133,-3.061326833,1.559166859,40.08323979,-11.54912602,33.13868077,6.878414377,6.506779969,1.350576663
1.4398976,7.827625267,-3.049238933,1.558842845,39.8656749,-11.50352335,33.00691561,6.792614649,6.480907879,1.333729886
1.438889433,7.782635233,-3.0308513,1.55854597,39.63654308,-11.43415437,32.80647967,6.763918762,6.441552283,1.328095449
1.437843733,7.742089733,-3.017523433,1.558141295,39.43004702,-11.38387382,32.66119815,6.702704234,6.413026256,1.316075976
1.436891733,7.6974783,-3.0092914,1.557894601,39.20284339,-11.35281775,32.57146418,6.565234569,6.395406991,1.289083808
1.435925533,7.656542933,-3.0040672,1.55757559,38.99436177,-11.33310899,32.51451735,6.413699775,6.384225481,1.259329951
1.434946633,7.609866933,-2.981434033,1.557334637,38.75664341,-11.24772337,32.26780262,6.422696142,6.335783045,1.261096387
1.433870533,7.5657374,-2.9660387,1.556956225,38.53189407,-11.18964311,32.0999845,6.365764918,6.302831957,1.249917942
1.432838733,7.5205593,-2.9479141,1.556638691,38.30180443,-11.12126646,31.90241579,6.333244,6.26403934,1.243532459
1.4318835,7.4766526,-2.9459785,1.556377622,38.07818997,-11.11396424,31.88131662,6.130728706,6.259896518,1.203768581
1.430904933,7.432985133,-2.925188533,1.556089438,37.85579391,-11.03553225,31.65469385,6.134955415,6.215399137,1.204598496
1.4298763,7.3904799,-2.9130345,1.555732813,37.63931704,-10.98968008,31.52220779,6.050964603,6.189385499,1.1881069
1.428861733,7.345404267,-2.898849467,1.555430892,37.40974926,-10.93616579,31.36758265,5.976021966,6.159024853,1.173391913
1.427893733,7.302321267,-2.8861832,1.555144034,37.19032985,-10.88838118,31.22951295,5.894672261,6.131914867,1.157418899
1.426909633,7.257420533,-2.871821467,1.554869815,36.96165283,-10.83420027,31.07296167,5.822546515,6.101176024,1.143257008
1.4258776,7.2136607,-2.855428133,1.554529624,36.73878635,-10.77235498,30.89426477,5.778376936,6.066088888,1.134584311
1.424879367,7.171436633,-2.849894067,1.554198953,36.52374145,-10.75147722,30.83394021,5.62365659,6.054244161,1.104204971
1.423920267,7.1277359,-2.828347233,1.553930762,36.30117596,-10.67018989,30.59906715,5.635964162,6.008126836,1.106621563
1.422874333,7.084634933,-2.821017333,1.553566255,36.08166505,-10.64253719,30.51916697,5.496353442,5.992438434,1.079208998
1.42185,7.040679133,-2.801157967,1.553236863,35.85780053,-10.56761598,30.30268828,5.488967602,5.949932844,1.077758789
1.4208639,6.997638867,-2.795004467,1.55293123,35.63859876,-10.54440135,30.23561154,5.336842578,5.936762325,1.04788904
1.419914567,6.9538956,-2.780362733,1.552673477,35.41581665,-10.48916412,30.0760081,5.27366391,5.90542419,1.035483909
1.4188717,6.9099997,-2.762975933,1.552324605,35.19225719,-10.42357088,29.88648183,5.239630718,5.868210708,1.028801491
1.417851167,6.866192667,-2.744144833,1.551996661,34.96915033,-10.35252889,29.68121185,5.221793831,5.827905947,1.025299219
1.416858867,6.821730933,-2.736139367,1.551707301,34.74270911,-10.32232756,29.59394759,5.082616871,5.81077161,0.997971823
1.4159484,6.7799913,-2.7159307,1.551456738,34.5301314,-10.24608858,29.37366133,5.090325423,5.767518402,0.999485397
1.4148805,6.736824667,-2.7074015,1.551071302,34.31028605,-10.21391142,29.28068807,4.963453336,5.749263103,0.974574063
1.4138576,6.6922075,-2.690749733,1.550753799,34.08305322,-10.15109116,29.0991741,4.917734479,5.713622834,0.965597165
1.412845,6.650592333,-2.678075767,1.550399135,33.87110941,-10.1032775,28.96102046,4.843944305,5.686496368,0.951108464
1.4118981,6.6060171,-2.6623764,1.55015697,33.64409015,-10.04405025,28.7898882,4.788057296,5.652894549,0.94013505
1.410908933,6.562262067,-2.647652933,1.54985957,33.42124811,-9.988504672,28.62939382,4.725709642,5.621381477,0.927893088
1.4099142,6.5192477,-2.633151467,1.549544894,33.20217825,-9.933796607,28.47131937,4.664714234,5.590343559,0.91591664
1.4088841,6.4743937,-2.607738567,1.549223936,32.97373924,-9.837924196,28.19430393,4.713290664,5.535951577,0.925454622
1.407842233,6.432433767,-2.605587867,1.548845455,32.76003956,-9.82981049,28.17086005,4.523034864,5.53134837,0.888097895
1.406875233,6.389167167,-2.5814113,1.5485625,32.53968509,-9.738602256,27.90732136,4.566219082,5.479602549,0.896577117
1.405912,6.345755267,-2.579975133,1.548285609,32.31859061,-9.73318419,27.8916663,4.360779662,5.476528679,0.856239087
1.404892833,6.304518567,-2.562252967,1.547918395,32.10857431,-9.66632575,27.69848434,4.343945325,5.438597401,0.852933665
1.403849733,6.260136467,-2.538765967,1.547576976,31.88253866,-9.577718967,27.44246234,4.373931682,5.38832748,0.858821486
1.402824433,6.216762367,-2.524183333,1.54723742,31.6616367,-9.522704694,27.28350312,4.311988936,5.357115838,0.846659028
1.401915233,6.1751701,-2.5204677,1.546985794,31.44980952,-9.508687139,27.24300055,4.140664329,5.349163158,0.813019441
1.400930967,6.1316401,-2.4969275,1.546689737,31.22811357,-9.419879654,26.98639863,4.175570296,5.298779371,0.819873228
1.399872567,6.088817767,-2.479808267,1.546308358,31.01002173,-9.355295834,26.799789,4.144088088,5.262138569,0.813691696
1.398829967,6.0453464,-2.471504767,1.54595304,30.7886244,-9.323970146,26.709276,4.01320375,5.244366343,0.787992556
1.3979107,6.003756833,-2.455322733,1.545691304,30.57681097,-9.262921995,26.53288239,3.977783929,5.209731458,0.781037875
1.396962433,5.961010933,-2.445634867,1.54541885,30.35910839,-9.226373662,26.42727899,3.865684758,5.18899623,0.759027202
1.395899733,5.916834333,-2.420610833,1.545054583,30.13411934,-9.131968285,26.15450242,3.913472277,5.135436551,0.768410282
1.394848533,5.8753508,-2.410621867,1.544659237,29.92284594,-9.094284026,26.04561686,3.811084437,5.11405687,0.748306429
1.393872433,5.831654267,-2.394788267,1.544373979,29.70030184,-9.03455037,25.87302138,3.761135822,5.080167747,0.738499019
1.3929528,5.789705133,-2.374399667,1.544117562,29.48665716,-8.957632575,25.65077374,3.769738779,5.036529423,0.740188209
1.391936267,5.747147733,-2.3629618,1.543773861,29.26991461,-8.914482212,25.52609431,3.67767565,5.012048618,0.722111614
1.390896067,5.704232533,-2.348088767,1.54341215,29.0513498,-8.85837238,25.36396957,3.621235586,4.980215425,0.711029607
1.389842767,5.660668533,-2.333660267,1.543047597,28.82948069,-8.803939588,25.2066905,3.556645546,4.949333679,0.698347353
1.388878233,5.6188712,-2.318576967,1.54274388,28.61660912,-8.747036506,25.04227373,3.508190746,4.917050446,0.688833253
1.387876933,5.578574033,-2.305536567,1.542379678,28.41137781,-8.697840445,24.90012575,3.445107412,4.889139692,0.67644684
1.386891433,5.5344346,-2.284697033,1.542092022,28.18657805,-8.619221464,24.67296268,3.447470726,4.844536222,0.676910877
1.385895567,5.493178833,-2.270979567,1.541748409,27.97646465,-8.567471108,24.52343429,3.386885716,4.815176322,0.66501501
1.3849226,5.4512057,-2.256440333,1.541439038,27.76269773,-8.512620566,24.36494816,3.331604932,4.784057571,0.654160628
1.3838769,5.406795333,-2.238263367,1.541095466,27.53651812,-8.444046353,24.16680861,3.303564866,4.745152871,0.648654962
1.382916333,5.365533667,-2.2279899,1.540787246,27.32637467,-8.405288792,24.05482183,3.205408198,4.723164266,0.6293819
1.381984133,5.324880567,-2.217765333,1.540497772,27.11933062,-8.36671571,23.94336808,3.109817888,4.701280323,0.610612742
1.3809092,5.282033267,-2.200992833,1.540100254,26.90111162,-8.303439972,23.76053805,3.07442893,4.665381645,0.60366412
1.3798939,5.239381167,-2.180713967,1.539759284,26.68388677,-8.226936155,23.53948656,3.078255559,4.621978187,0.604415479
1.378851767,5.197239233,-2.1645634,1.539383414,26.46926016,-8.166006715,23.36343596,3.03967956,4.587410651,0.596841082
1.377939333,5.1562001,-2.158859767,1.53911981,26.26025006,-8.144489254,23.30126303,2.892842391,4.575202996,0.568009603
1.3769216,5.113249467,-2.134232933,1.538781126,26.0415048,-8.051582349,23.03281617,2.94254398,4.522493455,0.57776851
1.375891767,5.073582967,-2.126993567,1.53837842,25.83948544,-8.024271199,22.95390285,2.819437948,4.506998825,0.553596641
1.374868233,5.029539767,-2.1004223,1.53805121,25.61517579,-7.924028747,22.66426053,2.884770612,4.450127556,0.56642471
1.373866567,4.9892467,-2.092846833,1.537686576,25.40996537,-7.89544963,22.58168353,2.762137196,4.433913561,0.542345638
1.372915133,4.947406467,-2.074106033,1.537396637,25.19687531,-7.824748305,22.37739787,2.753332794,4.393802072,0.540616894
1.371946567,4.906650367,-2.056205633,1.537072424,24.98930668,-7.757217465,22.18227306,2.740888974,4.355489316,0.53817355
1.3709222,4.864164367,-2.043971867,1.536719761,24.77292777,-7.711064499,22.04891786,2.657865255,4.329305023,0.521871843
1.369890567,4.823797367,-2.028512833,1.53632633,24.5673408,-7.652743929,21.88040538,2.620790779,4.296217596,0.51459227
1.368860933,4.776689067,-2.010717833,1.536041479,24.32742076,-7.585610719,21.68642949,2.574846624,4.258130431,0.505571135
1.367812933,4.727813567,-1.995218,1.535766201,24.07850047,-7.527136228,21.51747226,2.494883559,4.224955679,0.489870387
1.366865067,4.685819467,-1.976883567,1.535482261,23.86462677,-7.457967958,21.31761624,2.480865888,4.185713949,0.487118017
1.365796067,4.646447,-1.9711728,1.53503574,23.66410491,-7.436423586,21.25536555,2.34259472,4.173491026,0.459968473
1.3646921,4.596301233,-1.951909167,1.534724578,23.40871522,-7.363749827,21.0453807,2.297189871,4.132260501,0.451053231
1.363707867,4.551447367,-1.9328221,1.534449484,23.18027689,-7.291742181,20.83732054,2.276811705,4.091407887,0.447051978
1.362782767,4.5114226,-1.9182547,1.534157175,22.9764329,-7.236785377,20.67852737,2.231760881,4.06022885,0.438206249
1.361714733,4.470807233,-1.897994567,1.533731271,22.76958102,-7.160352234,20.4576801,2.245756279,4.016865487,0.440954245
1.360708333,4.4294823,-1.8871479,1.533378218,22.55911536,-7.119432225,20.3394451,2.153525611,3.993650045,0.422844754
1.359681667,4.3881426,-1.869496533,1.533005132,22.34857448,-7.052840885,20.1470349,2.135394939,3.955870303,0.419284796
1.358766133,4.3486425,-1.8601895,1.532714095,22.1474026,-7.017729279,20.04558281,2.035675147,3.935950184,0.399704815
1.3577079,4.307471567,-1.842639167,1.532306775,21.93772125,-6.951519096,19.85427393,2.017302672,3.898386686,0.39609738
1.356662133,4.266838467,-1.826212133,1.531903417,21.73077905,-6.889546661,19.67520968,1.989424728,3.86322742,0.390623545
1.3557027,4.226362867,-1.811898,1.531583903,21.52463899,-6.835545328,19.51917727,1.93931708,3.832590457,0.380784909
1.354704733,4.185497833,-1.793138633,1.531232013,21.31651558,-6.764773959,19.31468922,1.935681706,3.792439229,0.380071103
1.3537328,4.1457375,-1.778736367,1.53088869,21.11401833,-6.710440135,19.15769611,1.890177577,3.761613632,0.371136367
1.352703033,4.105530267,-1.7614173,1.5304946,20.90924506,-6.645102426,18.96890818,1.874192233,3.724545121,0.367997645
1.3516801,4.064238233,-1.7514457,1.530124494,20.69894695,-6.607483684,18.86021192,1.772590386,3.70320261,0.348048122
1.350631967,4.017430867,-1.736919733,1.529816385,20.46055955,-6.552683191,18.7018704,1.692544497,3.672112254,0.332331112
1.349613733,3.978134167,-1.7220723,1.529419432,20.26042356,-6.496669936,18.54002471,1.654254204,3.640333853,0.324812813
1.3485929,3.9382229,-1.705261867,1.529029596,20.05715763,-6.433251091,18.35678118,1.634231802,3.604353985,0.320881414
1.3476769,3.8987449,-1.689044567,1.528737743,19.85609829,-6.372069893,18.18000314,1.609950504,3.569643617,0.316113782
1.346645433,3.858115433,-1.6673131,1.528348628,19.6491746,-6.290086015,17.94311747,1.639912484,3.523131116,0.321996816
1.345593333,3.818652067,-1.6587914,1.527920444,19.4481898,-6.257937149,17.85022597,1.531819181,3.504891869,0.300772696
1.344548933,3.778343667,-1.634356333,1.52751332,19.24290128,-6.1657537,17.58386948,1.592887154,3.452592773,0.312763393
1.343661,3.739667433,-1.6284488,1.527236858,19.0459253,-6.143467009,17.51947392,1.460306737,3.439948705,0.286731228
1.342657367,3.700817133,-1.6133986,1.526847448,18.84806281,-6.086688799,17.35541796,1.42650021,3.407736316,0.280093316
1.341573533,3.660345233,-1.588452067,1.526403475,18.6419416,-5.992575798,17.08348618,1.492310771,3.354342512,0.29301522
1.340607733,3.620989633,-1.580136067,1.526059887,18.44150564,-5.961202953,16.99283693,1.382524069,3.336543531,0.271458601
1.339615767,3.581567233,-1.564736,1.525691189,18.24072948,-5.90310484,16.82496722,1.349617618,3.303582313,0.264997419
1.338659533,3.5428428,-1.5479688,1.525347189,18.04350802,-5.839849096,16.64219495,1.335168426,3.267694979,0.26216032
1.337629367,3.503834033,-1.532675,1.524933751,17.84483847,-5.782151884,16.4754836,1.30321022,3.234961206,0.255885327
1.336605433,3.464816733,-1.516366867,1.524526681,17.64612546,-5.72062801,16.29771543,1.282265378,3.200056425,0.251772807
1.335577233,3.426187933,-1.503018133,1.524109202,17.44939105,-5.670268734,16.15220645,1.23103996,3.171485736,0.241714696
1.334603333,3.3872099,-1.484925467,1.523751545,17.25087802,-5.60201255,15.95498582,1.229747557,3.132761466,0.241460933
1.333622833,3.349214267,-1.471383533,1.523371756,17.0573683,-5.55092441,15.80737085,1.183852815,3.103777266,0.2324495
1.332644133,3.310158133,-1.453748467,1.523010533,16.85845752,-5.484394562,15.61513833,1.177174545,3.06603241,0.231138222
1.331579333,3.271428,-1.4401059,1.522558057,16.66120703,-5.432926774,15.46642639,1.128635996,3.036832821,0.221607678
1.330546867,3.233353533,-1.427196467,1.522127547,16.46729582,-5.384224796,15.32570603,1.075445141,3.009202379,0.211163653
1.329601067,3.194182967,-1.4111984,1.521801034,16.26780222,-5.323870676,15.15131777,1.050339813,2.974961243,0.206234222
1.328664433,3.156861567,-1.3960561,1.521454452,16.07772634,-5.266745011,14.98625786,1.025323836,2.94255173,0.201322335
1.3275997,3.1189308,-1.378279733,1.520989404,15.88454698,-5.199682097,14.79248509,1.025917251,2.904504447,0.201438852
1.326537633,3.080118033,-1.358457,1.520540967,15.68687565,-5.124899083,14.57640572,1.044325279,2.862077264,0.205053268
1.3255841,3.043485867,-1.354628867,1.520166588,15.50030999,-5.110457112,14.53467684,0.89948851,2.853883797,0.176614569
1.324653767,3.004917933,-1.3317426,1.519846014,15.30388558,-5.024116648,14.28520317,0.952537762,2.804899643,0.187030789
1.323643333,2.967545433,-1.314154967,1.51942644,15.11354944,-4.957765747,14.0934877,0.953917095,2.767256311,0.187301622
1.322558767,2.9303444,-1.301667667,1.518930022,14.92408658,-4.910656305,13.95736885,0.900573089,2.740529373,0.176827526
1.3215347,2.892866367,-1.2834199,1.518498483,14.73321297,-4.841814992,13.75845754,0.908610786,2.701473138,0.178405728
1.3206325,2.8560848,-1.270893733,1.518177799,14.54588643,-4.794558922,13.62191501,0.857826771,2.674663013,0.168434286
1.3196518,2.818704767,-1.255483167,1.517788078,14.35551193,-4.736421197,13.45393084,0.835436441,2.641679321,0.164037945
1.3185916,2.781607367,-1.242208533,1.517314388,14.16657686,-4.68634147,13.30922959,0.791202627,2.61326723,0.155352636
1.3175598,2.744764933,-1.2279606,1.516865066,13.97894033,-4.632589882,13.1539188,0.758876882,2.582771957,0.149005476
1.3166085,2.7079083,-1.212146733,1.51649647,13.79123147,-4.572930672,12.98153842,0.743548405,2.54892507,0.145995729
1.3155904,2.670676667,-1.195310033,1.516067002,13.60161277,-4.509412734,12.79800857,0.737459554,2.512888982,0.144800183
1.3145956,2.635335533,-1.183096,1.515630945,13.42162227,-4.463334214,12.66486848,0.690609152,2.486746925,0.135601107
1.3136004,2.5989185,-1.166721533,1.515211499,13.23615228,-4.401560091,12.48637723,0.683630402,2.45170017,0.134230829
1.312618367,2.5624642,-1.148995133,1.514805808,13.05049249,-4.334685681,12.29314913,0.691198717,2.413759831,0.135716868
1.311567067,2.526358133,-1.136087933,1.514325345,12.86660623,-4.285992128,12.15245311,0.648008472,2.386134169,0.127236464
1.310569067,2.490475733,-1.120418233,1.513894645,12.6838591,-4.2268768,11.98164424,0.636070212,2.352595846,0.124892386
1.3096142,2.455261967,-1.1074626,1.513496508,12.50451727,-4.178000528,11.84042027,0.597952356,2.324866521,0.117407945
1.3086442,2.419163233,-1.089498367,1.513097229,12.32066836,-4.11022887,11.64459965,0.609924074,2.28641714,0.119758592
1.3076078,2.384311167,-1.07699652,1.51261184,12.14316866,-4.063064549,11.50832222,0.568701797,2.259659068,0.111664598
1.306577567,2.3490181,-1.068839023,1.512139591,11.96342297,-4.032289672,11.41940075,0.477877579,2.242199336,0.093831263
1.305602567,2.313249667,-1.047834237,1.511730089,11.78125626,-3.953047258,11.19043631,0.524675304,2.19724217,0.103019996
1.304633233,2.277646,-1.030376353,1.51132365,11.5999287,-3.88718585,11.00013519,0.53364886,2.159876545,0.104781954
1.303617533,2.243232567,-1.016793783,1.510852026,11.42466293,-3.835944405,10.85207725,0.506441034,2.130805369,0.099439697
1.3025806,2.208691833,-1.006317197,1.510361182,11.24874883,-3.796420556,10.73787634,0.444727844,2.10838202,0.087322312
1.301573667,2.174713433,-0.990130973,1.509891447,11.07569867,-3.735356598,10.56143706,0.44811696,2.073738167,0.087987765
1.3005745,2.139873433,-0.976611857,1.509443101,10.89826042,-3.684354535,10.4140708,0.418044974,2.044802802,0.082083131
1.299612967,2.105442967,-0.96058329,1.509025913,10.7229079,-3.623885351,10.23935007,0.417413188,2.010496386,0.08195908
1.298610533,2.071545367,-0.948368853,1.508559401,10.55026925,-3.577805309,10.10620558,0.377919021,1.984353466,0.0742044
1.297599733,2.038031933,-0.933373993,1.508078448,10.37958713,-3.521235875,9.942752855,0.370689632,1.952259523,0.072784909
1.296567933,2.003767167,-0.917818503,1.507588374,10.20507852,-3.462551414,9.773188935,0.365744936,1.918965647,0.071814018
1.295608033,1.971019567,-0.90514586,1.507146214,10.03829675,-3.414742747,9.635049727,0.337102377,1.891842014,0.066190052
1.294647933,1.9373099,-0.890770653,1.506719064,9.866615228,-3.36051101,9.478351584,0.322118999,1.861074334,0.063248065
1.2936352,1.9048291,-0.876705947,1.506219852,9.701192259,-3.307450661,9.325038073,0.310009541,1.830971226,0.060870373
1.2925492,1.871193267,-0.859554963,1.505665634,9.529886767,-3.242747061,9.138082345,0.325659778,1.794262468,0.063943297
1.291537467,1.8381914,-0.848963857,1.505175661,9.361810033,-3.202791175,9.0226331,0.273032288,1.771594009,0.05360989
1.290635233,1.805734933,-0.835550807,1.504786564,9.196510992,-3.152189258,8.876423027,0.25394332,1.742885661,0.049861771
1.2896733,1.7734919,-0.819325843,1.504334393,9.032298956,-3.09097915,8.699561457,0.266592854,1.708158892,0.052345507
1.288572467,1.741483167,-0.80787303,1.503739618,8.869280197,-3.0477724,8.574719107,0.228416445,1.683646097,0.044849569
1.2875625,1.709624233,-0.795039297,1.503233341,8.707024361,-2.999356007,8.434823924,0.206055793,1.656177677,0.040459055
1.286581633,1.677412267,-0.77826025,1.502761745,8.542970546,-2.93605557,8.251922522,0.224903379,1.620264987,0.044159778
1.285646467,1.646510767,-0.766407887,1.502315131,8.385590867,-2.891341482,8.122724844,0.196721377,1.594897023,0.038626242
1.2846014,1.6147443,-0.75260935,1.501772293,8.223805959,-2.839285283,7.972312741,0.185348573,1.565363607,0.036393192
1.283551833,1.583646533,-0.73972704,1.501214382,8.065426704,-2.79068563,7.831888044,0.167394016,1.537791217,0.032867815
1.2826031,1.553140933,-0.72720377,1.500747942,7.910063322,-2.743440487,7.695377092,0.148541586,1.510987292,0.02916614
1.2816002,1.522457133,-0.71280833,1.500230153,7.753792378,-2.689132418,7.538458394,0.149189339,1.480176306,0.029293327
1.2805834,1.491574367,-0.69867112,1.499701609,7.596508106,-2.635798544,7.384354554,0.146008908,1.449918017,0.028668849
1.279611967,1.4616534,-0.688960133,1.499203226,7.444122231,-2.599162988,7.278499131,0.099478455,1.429133304,0.019532595
1.278606633,1.431695933,-0.674288573,1.498671521,7.291550463,-2.543813232,7.118570565,0.106835253,1.39773133,0.020977102
1.2776066,1.4019791,-0.66218086,1.49814131,7.140204227,-2.498135813,6.986589423,0.08747016,1.371816833,0.017174766
1.276573933,1.372489767,-0.649724347,1.49757487,6.990016637,-2.451142516,6.850806157,0.073065835,1.345155789,0.014346477
1.275609133,1.343207867,-0.63790514,1.497073017,6.840885494,-2.406553514,6.721969906,0.052770943,1.319858791,0.010361575
1.274684067,1.3140547,-0.62279759,1.496608862,6.692409982,-2.349558947,6.557288794,0.068976543,1.287523655,0.013543544
1.273580633,1.285204133,-0.61067762,1.495961556,6.545475596,-2.303835289,6.425174047,0.054156904,1.261582924,0.010633708
1.272558433,1.256638967,-0.59897284,1.495390971,6.399994737,-2.259677972,6.297585114,0.036264979,1.236530837,0.007120629
1.271598533,1.228915333,-0.588552413,1.494869382,6.258799762,-2.220365991,6.183996381,0.008658736,1.214227689,0.001700143
1.2706801,1.2003357,-0.574434617,1.494402793,6.113245225,-2.167105356,6.030104158,0.016996423,1.184010951,0.003337248
1.269648267,1.173261433,-0.562668363,1.493799003,5.97535744,-2.122716125,5.901845129,0.007367666,1.158827291,0.001446641
1.268586033,1.145482633,-0.55249689,1.493175953,5.833881504,-2.084343343,5.790970134,-0.023233274,1.137056986,-0.004561853
1.267590867,1.118175933,-0.53930521,1.492612505,5.694809948,-2.034576565,5.647173122,-0.018507819,1.108822443,-0.00363401
1.2666523,1.091318767,-0.52876658,1.49209855,5.558027841,-1.994818652,5.532295905,-0.040412708,1.086266301,-0.007935035
1.265601933,1.064418233,-0.5166515,1.491473481,5.421024871,-1.949113442,5.400234462,-0.045354236,1.060336037,-0.008905304
1.264599033,1.038134187,-0.5059961,1.490886132,5.287161633,-1.908915004,5.284084383,-0.063067394,1.037529969,-0.012383283
1.2636276,1.012142743,-0.494096093,1.490325623,5.154788609,-1.864021177,5.154367365,-0.065723401,1.012060032,-0.01290479
1.2625752,0.986230423,-0.4812599,1.489682897,5.022818555,-1.815595503,5.014445366,-0.057771455,0.984586348,-0.011343425
1.261574,0.960842353,-0.472390353,1.489083082,4.893518479,-1.782134354,4.91776213,-0.090388296,0.965602594,-0.017747742
1.2605986,0.93555947,-0.461610953,1.488507405,4.764754113,-1.741468115,4.800260379,-0.101650911,0.942531125,-0.019959156
1.259658033,0.910691977,-0.45075612,1.487959993,4.638105305,-1.700517297,4.681936361,-0.1099757,0.919298204,-0.021593729
1.258597433,0.886639793,-0.440483413,1.487279658,4.515608828,-1.661762604,4.569957862,-0.120493679,0.897311226,-0.023658934
1.257590733,0.862105527,-0.428838003,1.486660845,4.390657126,-1.617829265,4.443016097,-0.118503615,0.872386211,-0.023268185
1.256593467,0.84041989,-0.419200003,1.486006428,4.280213344,-1.581469058,4.337956271,-0.123887573,0.851757714,-0.024325325
1.2557089,0.81696141,-0.409950693,1.48549274,4.160740565,-1.546575219,4.237133394,-0.142537474,0.831961142,-0.027987233
1.254582667,0.793462557,-0.39906433,1.484738024,4.041062168,-1.505505451,4.11846568,-0.143548157,0.808660736,-0.028185681
1.2535344,0.770377257,-0.388219873,1.484054736,3.923489975,-1.46459378,4.000254773,-0.142909443,0.785450025,-0.028060269
1.252583567,0.747428837,-0.378258887,1.483466717,3.806614905,-1.427015078,3.891674205,-0.151203944,0.76413023,-0.029688894
1.251693067,0.725296817,-0.368541997,1.482926124,3.693897717,-1.390357252,3.785754433,-0.158001361,0.743332883,-0.031023567
1.2506261,0.70350049,-0.35968584,1.482203757,3.582890196,-1.356946618,3.689217156,-0.172471605,0.724377789,-0.0338648
1.2495667,0.681592007,-0.35060941,1.48149073,3.471311468,-1.322704984,3.590278772,-0.185111949,0.704951237,-0.036346731
1.2485843,0.66030441,-0.341950637,1.480844887,3.362894882,-1.290038996,3.495893089,-0.199142852,0.686418608,-0.039101699
1.247681033,0.639211237,-0.330948867,1.480275104,3.255468483,-1.248533846,3.375967375,-0.186643536,0.662871194,-0.036647458
1.2466035,0.61893725,-0.322720237,1.479518102,3.152214158,-1.217490613,3.286270505,-0.200200992,0.645259214,-0.039309465
1.2455925,0.598555007,-0.313833543,1.478829345,3.048408488,-1.183964777,3.189400361,-0.207136518,0.626238761,-0.040671255
1.244571867,0.578512787,-0.304753313,1.47812558,2.946334539,-1.149708806,3.090420555,-0.210230661,0.606804076,-0.04127879
1.243630533,0.558949767,-0.29590091,1.477493538,2.846701129,-1.116312333,2.993924192,-0.213367708,0.587857015,-0.041894749
1.2426298,0.539824703,-0.288266947,1.476795171,2.749298209,-1.087512531,2.910709536,-0.227555972,0.571517817,-0.044680615
1.241570367,0.52067097,-0.279271353,1.476038559,2.651749274,-1.05357586,2.812652318,-0.227047689,0.552264283,-0.044580814
1.240633867,0.502093523,-0.271437683,1.475395768,2.557135337,-1.024022648,2.727260743,-0.236270052,0.535497647,-0.046391625
1.239621433,0.483949007,-0.26355255,1.4746702,2.464726288,-0.994275286,2.641308188,-0.242726545,0.518620863,-0.047659357
1.2385409,0.465457183,-0.256431567,1.473882022,2.370548425,-0.967410747,2.563685313,-0.259281533,0.503379611,-0.050909929
1.237501367,0.44672645,-0.247275947,1.473138621,2.275153807,-0.932870361,2.463883712,-0.25487455,0.483783567,-0.050044618
1.236372567,0.426630953,-0.235934657,1.472327531,2.172808522,-0.890084343,2.340257032,-0.233593154,0.459509468,-0.045866016
1.235354933,0.40861992,-0.228356583,1.471594652,2.081079297,-0.861495391,2.257651609,-0.242716957,0.443289894,-0.047657475
1.234294633,0.392393927,-0.221877407,1.470790885,1.998441185,-0.837052125,2.187024802,-0.254728262,0.42942232,-0.050015894
1.233262733,0.37638226,-0.214361433,1.47001213,1.916894627,-0.808697451,2.105096306,-0.254346324,0.41333566,-0.049940901
1.232357033,0.361059547,-0.20886632,1.469348682,1.838856871,-0.78796665,2.045196364,-0.272484137,0.401574306,-0.05350226
1.231382633,0.34567971,-0.200686483,1.468617437,1.760528189,-0.757107494,1.95603137,-0.261647825,0.38406676,-0.051374551
1.230338467,0.330873807,-0.194965287,1.467807352,1.685122519,-0.735523774,1.893666987,-0.274689113,0.371821513,-0.053935207
1.229280067,0.31634779,-0.18830552,1.466978608,1.611142297,-0.710399215,1.821071644,-0.276073992,0.357567417,-0.054207128
1.2283266,0.30224331,-0.182031363,1.466248133,1.539308938,-0.686729405,1.752679674,-0.279515381,0.344138654,-0.054882845
1.2273267,0.288288703,-0.176140713,1.465468856,1.468238876,-0.664506407,1.688468151,-0.28637392,0.331530721,-0.056229519
1.226372333,0.274867643,-0.16990379,1.464726676,1.399886139,-0.640977063,1.620482047,-0.286740553,0.31818165,-0.056301508
1.225318933,0.262040767,-0.16448466,1.463876069,1.334559545,-0.620532916,1.561410367,-0.292995467,0.306582926,-0.05752966
1.224304033,0.249256107,-0.158581003,1.463063294,1.269447959,-0.598260849,1.497057064,-0.29375375,0.293947154,-0.057678549
1.223271067,0.236862157,-0.152996227,1.462226276,1.206326237,-0.577191786,1.436179738,-0.295998146,0.281993892,-0.058119236
1.222331667,0.22481255,-0.148025787,1.46147738,1.144958238,-0.558440362,1.381999041,-0.303185448,0.271355512,-0.059530463
1.2213731,0.213327293,-0.14321875,1.460700395,1.086464443,-0.540305391,1.329599536,-0.309279738,0.261066869,-0.060727077
1.2203153,0.202026373,-0.13824608,1.459821263,1.028909464,-0.521545554,1.275394531,-0.312629711,0.250423716,-0.061384844
1.2192328,0.191025553,-0.133095093,1.458912686,0.972882879,-0.502113002,1.21924577,-0.312507535,0.239398907,-0.061360855
1.218299233,0.18033248,-0.128780593,1.458148177,0.918423631,-0.485836169,1.172215202,-0.319936215,0.230164455,-0.062819476
1.2174247,0.170033887,-0.12430969,1.457436464,0.865973449,-0.468969291,1.123479746,-0.323650942,0.220595248,-0.063548862
1.2163312,0.159911547,-0.11983237,1.456502998,0.814420915,-0.452078206,1.074674345,-0.326398075,0.211012308,-0.064088262
1.2152537,0.15016058,-0.115571163,1.455579661,0.764759766,-0.436002427,1.028224705,-0.329609584,0.201891921,-0.064718842
1.214263933,0.140711977,-0.11164663,1.454739277,0.716638537,-0.421196778,0.985445001,-0.33495111,0.193492126,-0.06576765
1.213408733,0.13170946,-0.107061767,1.454026407,0.670789203,-0.403899976,0.935467315,-0.330822757,0.183679007,-0.064957048
1.2123455,0.12308206,-0.10321984,1.453099573,0.626850318,-0.389405969,0.893588076,-0.332882402,0.175456019,-0.06536146
1.211290433,0.114526693,-0.099892632,1.452179766,0.583278296,-0.376853783,0.857319567,-0.340185916,0.168334697,-0.066795505
1.210279067,0.106335475,-0.096190738,1.451297903,0.541560862,-0.36288806,0.816966758,-0.34155054,0.160411423,-0.067063449
1.2093745,0.098444534,-0.093163041,1.450518092,0.501372722,-0.351465805,0.783963094,-0.348735016,0.153931153,-0.06847412
1.208333367,0.090936976,-0.089652494,1.449595653,0.463137133,-0.338221955,0.745696079,-0.348703591,0.146417425,-0.06846795
1.207322633,0.083599935,-0.087034787,1.448700918,0.425769977,-0.328346424,0.717161545,-0.357536212,0.140814669,-0.070202235
1.2063373,0.076501263,-0.083355494,1.447827815,0.38961682,-0.314465966,0.677055104,-0.353582928,0.13293977,-0.069426008
1.2053462,0.06968793,-0.08076977,1.446944434,0.354916883,-0.304711095,0.648869206,-0.360096968,0.127405469,-0.07070504
1.204301967,0.063142077,-0.077584855,1.44600369,0.321579207,-0.292695722,0.614151774,-0.358717212,0.120588701,-0.070434125
1.203309233,0.056643135,-0.074928169,1.445113705,0.288480441,-0.28267314,0.58519235,-0.362856553,0.114902518,-0.071246884
1.2023045,0.050219652,-0.072175366,1.444210527,0.255765991,-0.272287948,0.55518519,-0.365563844,0.109010612,-0.071778461
1.201220633,0.043839808,-0.069459898,1.443227526,0.223273788,-0.262043602,0.525584997,-0.368455854,0.103198614,-0.072346307
1.200078933,0.036216347,-0.06698247,1.442206353,0.184447909,-0.252697289,0.498579593,-0.380276329,0.097896103,-0.074667257
1.1989829,0.029319107,-0.064361864,1.441219365,0.149320637,-0.24281082,0.470013455,-0.386837463,0.092287142,-0.075955536
1.198040133,0.02420279,-0.061986292,1.440357487,0.123263509,-0.233848766,0.444118337,-0.386999473,0.087202635,-0.075987346
1.1970612,0.019179558,-0.060076239,1.439457971,0.09768046,-0.226642922,0.423297645,-0.391761829,0.083114493,-0.076922435
1.1960123,0.014605287,-0.058295744,1.43848139,0.07438394,-0.219925846,0.403889206,-0.395649911,0.079303646,-0.07768586
1.194971667,0.010115073,-0.055941928,1.437511747,0.051515521,-0.211045868,0.378231242,-0.392860365,0.074265704,-0.077138133
1.194011533,0.005763594,-0.054259951,1.436620411,0.029353677,-0.20470046,0.359896707,-0.396687675,0.070665718,-0.077889625
1.1930563,0.00174175,-0.052370543,1.435728763,0.008870641,-0.197572503,0.339301061,-0.396575064,0.066621763,-0.077867514
1.192067867,-0.002303785,-0.050605112,1.43480429,-0.011733052,-0.190912257,0.320056829,-0.397934525,0.062843158,-0.078134444
1.191018033,-0.006146762,-0.049280261,1.433815214,-0.031305129,-0.18591414,0.30561518,-0.403064953,0.060007541,-0.079141804
1.190005967,-0.009821077,-0.047562723,1.432861238,-0.050018216,-0.179434577,0.286893017,-0.403055878,0.056331444,-0.079140022
1.189008933,-0.01337556,-0.046386613,1.431920401,-0.068121007,-0.174997598,0.274072731,-0.408338383,0.053814181,-0.080177241
1.1880971,-0.016576764,-0.044999901,1.431059179,-0.084424567,-0.169766105,0.258956761,-0.409525973,0.05084616,-0.080410425
1.187055167,-0.019712706,-0.045042949,1.430066825,-0.100395754,-0.169928507,0.25942601,-0.425966408,0.050938297,-0.083638504
1.1859747,-0.022786769,-0.043879724,1.429034959,-0.116051788,-0.165540137,0.246746174,-0.428942608,0.048448611,-0.084222881
1.184947133,-0.025649661,-0.042892147,1.428052654,-0.130632345,-0.161814414,0.235981005,-0.432757995,0.04633487,-0.084972032
1.183994733,-0.028477463,-0.04183457,1.427144962,-0.145034191,-0.157824614,0.224452806,-0.435631641,0.044071308,-0.085536273
1.1830961,-0.030941714,-0.040551151,1.426285288,-0.157584485,-0.1529828,0.210462782,-0.434191912,0.041324367,-0.085253582
1.1820263,-0.033444287,-0.039460099,1.425255054,-0.170329955,-0.148866711,0.198569683,-0.435044282,0.038989157,-0.085420945
1.180981767,-0.035830058,-0.03858255,1.42424824,-0.18248056,-0.145556078,0.189003883,-0.437629088,0.037110912,-0.085928471
1.1799887,-0.038095978,-0.03766022,1.423290997,-0.194020771,-0.142076509,0.178949955,-0.43911537,0.035136824,-0.086220303
1.1790608,-0.040297019,-0.036657681,1.422397896,-0.205230553,-0.138294341,0.168021691,-0.439396888,0.032991059,-0.086275579
1.1780627,-0.04239676,-0.035722104,1.421432993,-0.215924422,-0.134764795,0.157823359,-0.439892426,0.030988617,-0.086372878
1.176953533,-0.044320217,-0.035009077,1.420354236,-0.225720484,-0.132074838,0.150050949,-0.441916077,0.029462504,-0.086770222
1.175966967,-0.046231712,-0.034261078,1.41939789,-0.235455625,-0.129252943,0.141897316,-0.443497586,0.027861538,-0.087080751
1.1750827,-0.047977533,-0.033434078,1.418541225,-0.244346998,-0.126133014,0.132882537,-0.443374179,0.026091486,-0.08705652
1.1740295,-0.049487091,-0.032815265,1.417511891,-0.252035094,-0.123798486,0.12613711,-0.444316849,0.024767022,-0.087241613
1.1730185,-0.051186956,-0.032042074,1.416527766,-0.260692418,-0.120881557,0.117708884,-0.444545947,0.023112139,-0.087286597
1.172000733,-0.052663008,-0.031353683,1.415533335,-0.268209872,-0.118284541,0.110205021,-0.444559537,0.021638756,-0.087289265
1.171055567,-0.054141985,-0.030991753,1.414611551,-0.275742219,-0.116919128,0.106259772,-0.448146636,0.020864106,-0.087993592
1.1700494,-0.055317435,-0.030404642,1.413623969,-0.281728726,-0.114704198,0.099859912,-0.447733283,0.019607494,-0.08791243
1.169001567,-0.056615926,-0.029682259,1.412596664,-0.288341871,-0.111978945,0.09198552,-0.446472035,0.018061357,-0.087664784
1.168011367,-0.057798355,-0.029247473,1.411625159,-0.294363915,-0.110338675,0.087246095,-0.447754655,0.017130771,-0.087916626
1.167068567,-0.058970307,-0.028702209,1.410700887,-0.300332607,-0.108281619,0.081302399,-0.447779651,0.015963726,-0.087921534
1.166014033,-0.060055869,-0.028359704,1.409663517,-0.305861316,-0.106989488,0.077568895,-0.449574855,0.015230652,-0.088274023
1.1650275,-0.061193788,-0.027789927,1.408694974,-0.311656673,-0.104839957,0.071358,-0.449159318,0.014011143,-0.088192432
1.164008833,-0.062088141,-0.027345828,1.407690447,-0.316211564,-0.103164552,0.066517055,-0.448873264,0.013060624,-0.088136265
1.163058,-0.06300973,-0.026966673,1.406754184,-0.320905169,-0.101734157,0.062384047,-0.449433862,0.012249108,-0.088246339
1.162059667,-0.063792167,-0.026629611,1.405768221,-0.324890079,-0.100462562,0.058709879,-0.449744602,0.011527685,-0.088307353
1.161002967,-0.064458544,-0.026202011,1.404722056,-0.328283901,-0.098849402,0.054048785,-0.448477331,0.010612479,-0.088058524
1.159990267,-0.065265658,-0.025978677,1.403722117,-0.332394491,-0.098006855,0.051614314,-0.45015345,0.010134471,-0.08838763
1.159036133,-0.065954179,-0.025392387,1.402778869,-0.335901088,-0.095795025,0.045223415,-0.447269148,0.008879618,-0.087821297
1.158044833,-0.066517075,-0.025231053,1.401796468,-0.338767889,-0.095186378,0.04346478,-0.448377314,0.00853431,-0.088038886
1.157027133,-0.067018094,-0.02482769,1.400786689,-0.341319552,-0.093664653,0.039067881,-0.446532077,0.007670978,-0.087676573
1.156021667,-0.067595758,-0.024541664,1.399790356,-0.344261562,-0.092585596,0.035950034,-0.446356241,0.007058789,-0.087642048
1.155039267,-0.068035471,-0.024289582,1.398814907,-0.346500997,-0.091634595,0.033202193,-0.445847834,0.006519251,-0.087542222
1.1540703,-0.068607378,-0.024211639,1.397854983,-0.349413688,-0.091340549,0.032352573,-0.447910905,0.006352428,-0.087947306
1.1530561,-0.068987772,-0.023910877,1.396846797,-0.351351014,-0.090205898,0.029074091,-0.44656975,0.005708698,-0.08768397
1.152025233,-0.069460285,-0.023699178,1.3958234,-0.353757501,-0.089407243,0.026766445,-0.446668591,0.005255591,-0.087703378
1.1509798,-0.069940605,-0.023409383,1.394785561,-0.356203742,-0.088313967,0.023607514,-0.4459559,0.004635335,-0.087563441
1.1500144,-0.070146543,-0.023114726,1.393823417,-0.357252576,-0.087202347,0.020395577,-0.443792798,0.004004672,-0.087138716
1.149052567,-0.070373329,-0.022840715,1.392865169,-0.358407583,-0.086168616,0.017408697,-0.441960925,0.003418198,-0.086779028
1.148035833,-0.070629217,-0.022632253,1.391852481,-0.359710807,-0.085382176,0.015136343,-0.440991795,0.002972021,-0.086588739
1.146982,-0.070800215,-0.022687639,1.390801351,-0.360581693,-0.085591122,0.015740076,-0.442466413,0.003090564,-0.08687828
1.145989367,-0.071116087,-0.022497889,1.389813712,-0.36219041,-0.084875273,0.01367169,-0.442006745,0.002684436,-0.086788024
1.145072733,-0.071204292,-0.02232127,1.388898473,-0.362639635,-0.084208962,0.01174644,-0.44053072,0.002306413,-0.086498207
1.144060567,-0.071362528,-0.022038645,1.387888808,-0.363445519,-0.083142735,0.008665662,-0.438255826,0.001701503,-0.086051531
1.1429721,-0.071517785,-0.021922721,1.386802796,-0.364236238,-0.082705404,0.00740203,-0.437782913,0.001453389,-0.085958675
1.1419866,-0.071526942,-0.021706966,1.385817441,-0.364282874,-0.081891448,0.005050171,-0.43547769,0.000991601,-0.085506044
1.1410543,-0.071712228,-0.021642534,1.38488807,-0.365226524,-0.081648371,0.004347821,-0.43571899,0.000853695,-0.085553424
1.140106133,-0.071783833,-0.021387511,1.383941036,-0.365591206,-0.080686274,0.001567922,-0.433303773,0.000307861,-0.085079196
1.139014533,-0.071885153,-0.021345772,1.382851038,-0.366107223,-0.080528813,0.00111295,-0.433364818,0.000218528,-0.085091182
1.137976633,-0.072047599,-0.021238097,1.381815706,-0.366934551,-0.080122599,6.07708E-05,-0.433139966,1.19323E-05,-0.085047032
1.137019,-0.071950654,-0.02109226,1.38085654,-0.366440815,-0.079572416,0.001650479,-0.434235939,0.000324072,-0.085262227
1.136054933,-0.071866639,-0.02097351,1.379891145,-0.366012931,-0.079124421,0.002944923,-0.435102499,0.000578236,-0.085432376
1.135020867,-0.071929705,-0.020716437,1.378858075,-0.366334124,-0.078154588,0.005747176,-0.438225946,0.001128458,-0.086045664
1.134016767,-0.071850901,-0.020696293,1.377852729,-0.365932777,-0.078078594,0.005966754,-0.438044175,0.001171572,-0.086009974
1.133056833,-0.071852714,-0.020665465,1.376892825,-0.365942012,-0.077962293,0.006302797,-0.438389454,0.001237554,-0.086077769
1.1320369,-0.071664939,-0.020553884,1.375869923,-0.364985685,-0.077541345,0.007519092,-0.438649422,0.001476374,-0.086128814
1.1309959,-0.071612897,-0.020507564,1.3748281,-0.364720637,-0.077366598,0.00802401,-0.438889292,0.001575514,-0.086175912
1.130046367,-0.071561399,-0.02034195,1.373877752,-0.364458358,-0.076741803,0.009829303,-0.440432306,0.001929984,-0.086478883
1.129094967,-0.071433527,-0.020296938,1.372924331,-0.363807113,-0.076571994,0.010319953,-0.440271711,2.03E-03,-0.08644735
1.128009433,-0.07138742,-0.020185903,1.371838068,-0.363572294,-0.076153104,0.011530299,-0.441247239,0.002263974,-0.086638895
1.1269931,-0.071401308,-0.020176637,1.370821955,-0.363643025,-0.076118145,0.011631312,-0.441418982,2.28E-03,-0.086672617
1.126008333,-0.071170117,-0.020059183,1.369833533,-0.36246558,-0.075675039,0.012911629,-0.441521854,0.002535198,-0.086692816
1.125098933,-0.071321631,-0.019866628,1.368926528,-0.363237236,-0.074948611,0.015010583,-0.444392464,0.002947328,-0.08725646
1.124016867,-0.070936618,-0.020017846,1.367838375,-0.361276384,-0.075519094,0.013362219,-0.440783248,0.002623672,-0.086547791
1.122974167,-0.070683752,-0.019811685,1.366791677,-0.359988553,-0.074741332,0.015609498,-0.441742695,0.003064925,-0.086736178
1.1219771,-0.070541864,-0.01973575,1.365792367,-0.359265923,-0.074454862,0.01643723,-0.441847798,0.00322745,-0.086756815
1.1210519,-0.070317534,-0.019581035,1.36486362,-0.358123422,-0.073871186,0.018123714,-0.442391781,0.003558591,-0.086863626
1.120041167,-0.070155092,-0.019550206,1.363850319,-0.357296112,-0.073754879,0.018459775,-0.441900532,0.003624577,-0.086767169
1.1190206,-0.069817511,-0.01944383,1.362824415,-0.355576832,-0.073353567,0.019619332,-0.441340809,0.003852256,-0.086657268
1.117999867,-0.069552864,-0.019531628,1.361799497,-0.354228999,-0.073684791,0.018662286,-0.43903593,0.00366434,-0.086204705
1.117041667,-0.069354522,-0.019482328,1.360838162,-0.353218852,-0.073498803,0.019199685,-0.438563182,0.003769858,-0.086111881
1.116026033,-0.069147033,-0.019376892,1.359819248,-0.352162124,-0.073101036,0.020348999,-0.438655767,0.003995526,-0.08613006
1.115033967,-0.068924248,-0.019167141,1.358823659,-0.351027492,-0.072309733,0.022635403,-0.43980754,0.004444461,-0.08635621
1.114061233,-0.068728743,-0.01925036,1.357847835,-0.350031794,-0.072623686,0.021728264,-0.437904703,0.004266345,-0.085982588
1.113010233,-0.068413878,-0.019221692,1.356791857,-0.348428206,-0.072515533,0.022040762,-0.436613613,0.004327704,-0.085729083
1.112017933,-0.068269054,-0.018982746,1.355797267,-0.347690624,-0.071614088,0.024645413,-0.438480682,0.004839127,-0.086095682
1.111042533,-0.067866452,-0.018965222,1.354815502,-0.345640194,-0.071547976,0.024836438,-0.436621277,0.004876635,-0.085730588
1.1100843,-0.067456429,-0.018958554,1.353850786,-0.34355197,-0.071522822,0.02490912,-0.434605735,0.004890906,-0.085334836
1.108999033,-0.067251074,-0.01886978,1.352762273,-0.342506105,-0.071187914,0.025876808,-0.434527558,0.005080911,-0.085319486
1.107950733,-0.066889229,-0.018918174,1.351708252,-0.340663249,-0.071370482,0.025349293,-0.432157187,0.004977334,-0.084854064
1.1070115,-0.066573786,-0.01886503,1.350764032,-0.339056717,-0.071169993,0.02592859,-0.431129951,0.005091079,-0.084652366
1.1061054,-0.066182462,-0.018798045,1.349851745,-0.337063721,-0.070917286,0.026658765,-0.429867131,0.005234449,-0.084404411
1.1050254,-0.065884471,-0.018670673,1.348767033,-0.335546071,-0.070436765,0.028047191,-0.429737906,0.005507066,-0.084379038
1.103926633,-0.065494028,-0.01869246,1.347662094,-0.333557567,-0.070518956,0.027809707,-0.427511919,0.005460436,-0.083941965
1.1029803,-0.065203069,-0.018692855,1.346711161,-0.332075729,-0.070520449,0.027805394,-0.426025768,0.005459589,-0.083650159
1.102101233,-0.064845382,-0.018552925,1.345826439,-0.330254046,-0.069992548,0.02933072,-0.425729411,0.005759087,-0.08359197
1.101030033,-0.064635878,-0.018466296,1.344751927,-0.329187054,-0.069665732,0.030275027,-0.425606725,0.005944501,-0.08356788
1.099962,-0.064207825,-0.018402171,1.343677126,-0.327007003,-0.069423816,0.030974023,-0.424125671,0.006081749,-0.083277075
1.099008333,-0.063868796,-0.018497003,1.342718099,-0.325280346,-0.069781578,0.029940299,-0.42136529,0.005878778,-0.082735075
1.098058133,-0.063436512,-0.018339638,1.341761065,-0.323078747,-0.069187905,0.031655669,-0.420879061,0.006215591,-0.082639604
1.097002767,-0.0630096,-0.018525546,1.340698948,-0.320904507,-0.069889259,0.029629163,-0.416678315,0.005817686,-0.081814787
1.096015433,-0.062682023,-0.018501865,1.339706436,-0.319236173,-0.069799921,0.0298873,-0.415268118,0.005868371,-0.081537895
1.095023967,-0.062316058,-0.01849175,1.338709184,-0.317372333,-0.069761761,0.02999756,-0.413514538,0.005890021,-0.081193579
1.094047767,-0.061876486,-0.018174122,1.337726034,-0.315133619,-0.068563483,0.033459887,-0.41473815,0.006569849,-0.081433836
1.093011,-0.061466894,-0.018109612,1.336682792,-0.313047588,-0.068320112,0.034163087,-0.41335532,0.006707922,-0.081162317
1.091978367,-0.061071907,-0.018159695,1.335643914,-0.311035943,-0.068509054,0.033617153,-0.41079774,0.006600728,-0.080660136
1.091024567,-0.060610381,-0.018254292,1.334682817,-0.308685415,-0.068865931,0.032585987,-0.407416047,0.006398258,-0.079996141
1.090058367,-0.060337068,-0.018105462,1.333712296,-0.307293444,-0.068304455,0.034208324,-0.407646413,0.006716804,-0.080041373
1.089046967,-0.059909489,-0.01800401,1.332694136,-0.305115809,-0.06792172,0.035314207,-0.40657466,0.006933944,-0.079830934
1.087992467,-0.05960868,-0.018121657,1.33163488,-0.303583806,-0.068365554,0.034031786,-0.403760237,0.006682141,-0.079278322
1.087022833,-0.059218845,-0.017955765,1.330659083,-0.301598396,-0.06773971,0.035840109,-0.403583149,0.007037205,-0.079243551
1.086047133,-0.058792489,-0.018026368,1.329676643,-0.299426989,-0.068006065,0.035070499,-0.400642133,0.006886092,-0.078666083
1.085016633,-0.058334102,-0.01813331,1.328638895,-0.297092449,-0.068409513,0.033904768,-0.397141862,0.006657201,-0.077978805
1.083965933,-0.057944539,-0.017798002,1.327582036,-0.295108422,-0.067144535,0.037559818,-0.398812884,0.00737487,-0.07830691
1.082986367,-0.057564773,-0.017912396,1.326596466,-0.293174294,-0.067576096,0.03631286,-0.395631799,0.00713003,-0.077682304
1.0820178,-0.057246418,-0.017946338,1.325622866,-0.291552929,-0.067704146,0.035942869,-0.393640443,0.007057382,-0.077291301
1.081038133,-0.056740916,-0.017864728,1.324635207,-0.288978436,-0.067396264,0.036832469,-0.39195555,0.007232055,-0.076960472
1.0800251,-0.056366527,-0.01766756,1.323616255,-0.287071692,-0.066652433,0.038981708,-0.392198044,0.007654058,-0.077008086
1.0790076,-0.055995949,-0.017702499,1.322592896,-0.285184358,-0.066784241,0.03860086,-0.389929862,0.007579279,-0.076562728
1.0779802,-0.055575296,-0.017641175,1.321558845,-0.283041996,-0.06655289,0.039269327,-0.388455968,0.007710532,-0.076273329
1.077029367,-0.055306444,-0.017606803,1.320603762,-0.281672746,-0.066423222,0.039643995,-0.387461385,0.007784098,-0.076078043
1.076057967,-0.054920603,-0.017511544,1.319626261,-0.279707678,-0.066063846,0.040682381,-0.386534704,0.007987985,-0.075896089
1.075043667,-0.054497935,-0.017700743,1.318605279,-0.277555055,-0.066777617,0.038619998,-0.382319697,0.007583037,-0.075068473
1.073964033,-0.054192302,-0.017389072,1.317520814,-0.275998484,-0.065601812,0.04201739,-0.384160518,0.008250114,-0.075429918
1.0729791,-0.053819348,-0.017435284,1.316529984,-0.274099049,-0.065776151,0.041513652,-0.381757346,0.008151206,-0.074958055
1.072086,-0.053358845,-0.017498223,1.315629603,-0.271753732,-0.066013594,0.04082758,-0.378725957,0.008016495,-0.074362842
1.0710772,-0.053094595,-0.017517719,1.314616626,-0.270407921,-0.066087144,0.040615062,-0.377167628,0.007974767,-0.074056864
1.0699722,-0.052719763,-0.017429929,1.313505699,-0.26849892,-0.065755949,0.041572025,-0.37621559,0.008162667,-0.073869931
1.0689604,-0.052436665,-0.017342348,1.312489424,-0.267057116,-0.065425542,0.042526709,-0.375728469,0.008350119,-0.073774285
1.0680453,-0.05195963,-0.017306559,1.311566782,-0.264627604,-0.065290525,0.04291683,-0.373689078,0.008426719,-0.07337385
1.067081167,-0.051639789,-0.017263753,1.310597592,-0.262998671,-0.065129035,0.04338344,-0.372526755,0.008518338,-0.073145628
1.0660294,-0.05134362,-0.017305333,1.309541143,-0.261490296,-0.065285897,0.042930201,-0.370565142,0.008429345,-0.072760466
1.064971367,-0.051022551,-0.01716857,1.308478033,-0.259855109,-0.064769949,0.04442099,-0.370420744,0.008722061,-0.072732113
1.064023533,-0.050703425,-0.017281459,1.307525154,-0.258229819,-0.065195831,0.043190438,-0.367564902,0.008480442,-0.072171368
1.0630564,-0.050459433,-0.017169324,1.306554164,-0.256987183,-0.064772792,0.044412775,-0.367544602,0.008720448,-0.072167383
1.062007867,-0.05011041,-0.017066859,1.305500112,-0.255209624,-0.064386233,0.045529707,-0.366883975,0.008939758,-0.072037669
1.0609905,-0.049916994,-0.017055696,1.304479688,-0.254224568,-0.06434412,0.045651386,-0.366020599,0.00896365,-0.071868145
1.060018667,-0.049484035,-0.017257195,1.303501009,-0.25201953,-0.065104293,0.04345493,-0.361619104,0.008532375,-0.071003911
1.059023867,-0.049132763,-0.017107431,1.302500656,-0.250230524,-0.064539297,0.045087441,-0.361462609,0.008852919,-0.070973183
1.057974267,-0.048935395,-0.017094333,1.301447935,-0.249225336,-0.064489883,0.045230217,-0.360600197,0.008880953,-0.070803849
1.0570277,-0.048622035,-0.016998676,1.300496414,-0.24762941,-0.064129009,0.046272934,-0.360046989,0.009085691,-0.070695226
1.056051867,-0.048362363,-0.017053464,1.299516476,-0.246306916,-0.064335699,0.04567572,-0.358127281,0.008968428,-0.070318292
1.0549901,-0.047908006,-0.0171131,1.298447526,-0.243992899,-0.064560681,0.045025653,-0.355163196,0.008840787,-0.069736294
1.053953867,-0.047692544,-0.01691179,1.297407886,-0.242895562,-0.063801224,0.047220042,-0.356260249,0.009271655,-0.0699517
1.0530256,-0.047477069,-0.016842868,1.296476212,-0.241798163,-0.063541208,0.047971336,-0.355914144,0.009419172,-0.069883742
1.0520901,-0.047191743,-0.016742616,1.295536201,-0.24034501,-0.063162997,0.049064145,-0.355553799,0.009633745,-0.069812988
1.0510356,-0.046914122,-0.016853772,1.294477312,-0.238931103,-0.063582343,0.047852479,-0.352928227,0.009395834,-0.069297457
1.049999433,-0.046839795,-0.01686996,1.29343997,-0.238552558,-0.063643414,0.047676021,-0.352373223,0.009361187,-0.069188482
1.049005,-0.046469284,-0.016690276,1.292439679,-0.236665565,-0.062965541,0.049634678,-0.352444887,0.009745769,-0.069202554
1.048032967,-0.046277449,-0.016645118,1.291464613,-0.23568856,-0.062795179,0.050126926,-0.35196013,0.009842422,-0.069107372
1.047004867,-0.045961394,-0.016724911,1.290431516,-0.23407891,-0.063096206,0.049257132,-0.349480687,0.009671638,-0.068620533
1.0460292,-0.045636307,-0.016785521,1.28945071,-0.232423261,-0.06332486,0.048596455,-0.347164361,0.009541914,-0.068165722
1.045007033,-0.045505181,-0.016676993,1.28842647,-0.231755442,-0.062915429,0.049779474,-0.34767956,0.0097742,-0.068266882
1.0440258,-0.04529654,-0.01661805,1.287441938,-0.230692844,-0.062693061,0.050421987,-0.347259476,0.009900357,-0.068184398
1.042979433,-0.044959004,-0.016692013,1.286390235,-0.22897379,-0.062972095,0.04961574,-0.344734174,0.00974205,-0.067688555
1.042036933,-0.044712408,-0.016382027,1.285443837,-0.227717892,-0.061802645,0.052994772,-0.346857308,0.010405523,-0.068105432
1.041049033,-0.044507923,-0.016518745,1.284452704,-0.226676462,-0.062318424,0.051504469,-0.344325576,0.010112903,-0.067608327
1.039987633,-0.044262115,-0.016468354,1.283387417,-0.225424572,-0.062128322,0.052053753,-0.34362297,0.010220754,-0.06747037
1.038986167,-0.044120484,-0.016327282,1.282383712,-0.224703256,-0.061596114,0.053591524,-0.344439425,0.010522696,-0.067630681
1.038056033,-0.043878835,-0.016410663,1.281449758,-0.223472549,-0.061910675,0.052682626,-0.34229982,0.010344234,-0.06721057
1.037099133,-0.043776733,-0.016349515,1.280491243,-0.222952549,-0.061679991,0.053349168,-0.342446362,0.010475109,-0.067239343
1.035974667,-0.043553449,-0.01647294,1.279363247,-0.221815377,-0.062145622,0.052003767,-0.339963789,0.01021094,-0.06675189
1.034953733,-0.0433228,-0.016363737,1.278338667,-0.220640694,-0.061733644,0.053194143,-0.339979482,0.01044467,-0.066754971
1.0340232,-0.043112581,-0.016409075,1.27740481,-0.219570057,-0.061904684,0.052699936,-0.338414638,0.010347632,-0.066447714
1.0330907,-0.042906223,-0.016328115,1.276469047,-0.21851909,-0.061599257,0.053582444,-0.338246179,0.010520913,-0.066414637
1.032010733,-0.042736496,-0.016344589,1.275386397,-0.217654676,-0.061661406,0.053402868,-0.337202189,0.010485653,-0.06620965
1.030948733,-0.042563904,-0.016233067,1.274321669,-0.216775676,-0.061240679,0.054618526,-0.337538847,0.010724348,-0.066275753
1.030027133,-0.042317138,-0.016118133,1.273396167,-0.215518912,-0.06080708,0.055871374,-0.33753493,0.010970344,-0.066274984
1.029085733,-0.042114577,-0.016029238,1.272451565,-0.214487278,-0.060471718,0.056840374,-0.337472297,0.011160607,-0.066262685
1.028022333,-0.042004386,-0.01599039,1.271386423,-0.213926079,-0.060325158,0.057263847,-0.337334571,0.011243756,-0.066235643
1.027008833,-0.04173785,-0.015962244,1.270368709,-0.212568626,-0.060218977,0.057570648,-0.336283918,0.011303997,-0.066029347
1.026023633,-0.041642319,-0.016203549,1.269381998,-0.212082095,-0.061129322,0.054940282,-0.333167022,0.010787524,-0.065417345
1.025048967,-0.041476132,-0.015968717,1.268404704,-0.21123571,-0.060243397,0.057500088,-0.334880443,0.011290142,-0.065753775
1.0239722,-0.041735962,-0.015925921,1.267332046,-0.212559014,-0.060081944,0.057966593,-0.336670252,0.011381741,-0.066105204
1.023002433,-0.041334613,-0.016064368,1.266355934,-0.210514963,-0.060604249,0.056457436,-0.333117044,0.011085418,-0.065407532
1.022021133,-0.041045591,-0.016123953,1.265370064,-0.209042991,-0.060829038,0.055807929,-0.330995565,0.010957887,-0.064990979
1.020978633,-0.040848039,-0.015909231,1.264324441,-0.208036866,-0.060018981,0.05814852,-0.332330031,0.011417462,-0.065253002
1.019992367,-0.040682844,-0.015803227,1.263335562,-0.207195537,-0.059619072,0.059304026,-0.332644207,0.011644345,-0.06531469
1.018978133,-0.040563484,-0.015934964,1.262319442,-0.206587645,-0.060116061,0.057868016,-0.330600305,0.011362385,-0.06491337
1.0180282,-0.040492324,-0.015716513,1.261368384,-0.206225229,-0.059291934,0.060249263,-0.332619136,0.011829943,-0.065309767
1.0170068,-0.04021035,-0.015822023,1.260342526,-0.204789152,-0.059689981,0.059099138,-0.330032935,0.011604116,-0.064801967
1.015982833,-0.040048426,-0.015740068,1.259315999,-0.203964483,-0.059380799,0.059992496,-0.330101624,0.011779527,-0.064815454
1.014970333,-0.039933736,-0.015829316,1.258301686,-0.203380373,-0.059717495,0.05901964,-0.328544659,0.011588506,-0.064509744
1.014020767,-0.039797024,-0.015690975,1.257349958,-0.202684107,-0.05919559,0.060527642,-0.329356393,0.011884602,-0.064669128
1.013037067,-0.039746139,-0.015679331,1.256365453,-0.202424952,-0.059151662,0.060654568,-0.329224165,0.011909524,-0.064643165
1.012036533,-0.039595225,-0.015631355,1.255362534,-0.201656355,-0.058970668,0.061177535,-0.328978534,0.012012209,-0.064594935
1.010948067,-0.03947519,-0.015633289,1.254272169,-0.201045023,-0.058977966,0.061156449,-0.328346117,0.012008069,-0.06447076
1.009966,-0.039453065,-0.015570692,1.253289753,-0.200932339,-0.058741812,0.061838797,-0.32891578,0.012142048,-0.064582613
1.0089998,-0.039171645,-0.01562735,1.252319104,-0.199499082,-0.058955559,0.061221191,-0.326864918,0.012020781,-0.064179927
1.008025633,-0.038967797,-0.015389615,1.251341714,-0.198460898,-0.058058684,0.063812638,-0.328418181,0.012529611,-0.06448491
1.007008767,-0.038932384,-0.015518038,1.250324288,-0.198280542,-0.05854317,0.062412756,-0.326837942,0.012254745,-0.06417463
1.005969467,-0.038784402,-0.015568084,1.249282648,-0.197526877,-0.058731971,0.061867229,-0.325538751,0.01214763,-0.063919534
1.0049589,-0.038722718,-0.015604731,1.248271106,-0.19721272,-0.058870225,0.061467755,-0.324825121,0.012069194,-0.063779412
1.0040355,-0.038488278,-0.015525022,1.247344,-0.19601873,-0.058569517,0.062336626,-0.324500001,0.012239797,-0.063715575
1.003040367,-0.038388749,-0.015350293,1.246347293,-0.195511836,-0.057910338,0.064241271,-0.325897751,0.012613774,-0.063990024
1.001993933,-0.038333936,-0.015564144,1.245299993,-0.195232678,-0.058717107,0.061910177,-0.3232875,0.012156063,-0.063477501
1.0009635,-0.038134807,-0.015408633,1.244266411,-0.194218523,-0.058130431,0.063605331,-0.323968498,0.012488907,-0.063611215
0.999989223,-0.038140389,-0.015341456,1.243292223,-0.19424695,-0.057876997,0.064337606,-0.324729201,0.012632689,-0.063760579
0.999076147,-0.03805637,-0.015155799,1.242377818,-0.193819046,-0.057176592,0.066361369,-0.32632506,0.013030055,-0.064073925
0.99802975,-0.037902927,-0.015175213,1.241328995,-0.193037569,-0.057249832,0.066149749,-0.325331962,0.012988503,-0.063878931
0.9969399,-0.037876362,-0.015151843,1.240238725,-0.192902278,-0.057161668,0.066404492,-0.325451415,0.013038522,-0.063902385
0.995968797,-0.037681362,-0.015106139,1.239264539,-0.191909152,-0.056989243,0.066902699,-0.324956496,0.013136345,-0.063805208
0.995013613,-0.037516549,-0.015148308,1.23830675,-0.191069768,-0.057148332,0.066443025,-0.323657438,0.013046088,-0.063550138
0.994038223,-0.037450129,-0.015186747,1.23733031,-0.190731493,-0.057293346,0.066024018,-0.322900155,0.012963816,-0.063401446
0.99298934,-0.03735467,-0.015262077,1.236279917,-0.190245329,-0.057577535,0.065202877,-0.32159285,0.012802585,-0.063144756
0.99200241,-0.037287839,-0.015139005,1.235291931,-0.189904959,-0.057113234,0.066544437,-0.32259404,0.013066,-0.06334134
0.991023857,-0.037047417,-0.015168045,1.234309576,-0.188680506,-0.057222791,0.06622788,-0.321053031,0.013003844,-0.063038763
0.990014907,-0.037005776,-0.01490236,1.233299968,-0.188468427,-0.056220469,0.069124009,-0.323737081,0.013572499,-0.063565776
0.989018677,-0.036886739,-0.014852813,1.232301856,-0.187862181,-0.056033548,0.0696641,-0.323670927,0.013678546,-0.063552786
0.988013327,-0.036799039,-0.014925433,1.231295119,-0.187415527,-0.056307516,0.068872493,-0.322432664,0.013523114,-0.063309654
0.987019303,-0.036713045,-0.014960988,1.230299737,-0.186977567,-0.056441648,0.06848493,-0.321607142,0.013447016,-0.063147562
0.98599716,-0.036752397,-0.014971485,1.229278215,-0.187177981,-0.056481249,0.068370506,-0.321693133,0.013424549,-0.063164447
0.98498229,-0.036591455,-0.014909865,1.228260801,-0.186358316,-0.056248782,0.0690422,-0.321545161,0.013556436,-0.063135392
0.984036327,-0.036560578,-0.014892546,1.227314349,-0.186201058,-0.056183446,0.069230984,-0.321576686,0.013593504,-0.063141582
0.983010827,-0.036395495,-0.014852647,1.226286239,-0.185360302,-0.056032925,0.069665903,-0.32117085,0.0136789,-0.063061896
0.981968443,-0.036241494,-0.014791862,1.225241421,-0.184575982,-0.055803607,0.070328498,-0.321049125,0.013809001,-0.063037996
0.980979283,-0.03624228,-0.014862502,1.224252274,-0.184579985,-0.056070103,0.069558477,-0.320283107,0.013657807,-0.062887588
0.980010153,-0.036137147,-0.014789628,1.223281482,-0.18404455,-0.055795179,0.07035285,-0.320542045,0.013813782,-0.06293843
0.9790591,-0.036019842,-0.014707753,1.222328574,-0.183447118,-0.055486298,0.071245335,-0.320837098,0.013989022,-0.062996364
0.978012103,-0.035824573,-0.014759333,1.22127849,-0.182452627,-0.055680889,0.07068308,-0.319280352,0.013878623,-0.062690697
0.97696503,-0.035843689,-0.014796358,1.220231719,-0.182549982,-0.055820567,0.070279493,-0.31897412,0.013799378,-0.062630568
0.975992183,-0.035696376,-0.014514987,1.219256543,-0.181799727,-0.054759071,0.073346597,-0.321290969,0.014401604,-0.063085482
0.9750154,-0.035743866,-0.014611989,1.218280511,-0.182041591,-0.05512502,0.072289219,-0.320475454,0.014193988,-0.062925355
0.97405209,-0.035579185,-0.014618827,1.217314597,-0.181202876,-0.055150818,0.072214677,-0.319562198,0.014179352,-0.062746038
0.973011317,-0.03556218,-0.014474837,1.216273555,-0.181116272,-0.054607602,0.073784256,-0.321045172,0.014487539,-0.06303722
0.972000657,-0.035441743,-0.014468173,1.215260991,-0.180502891,-0.054582462,0.073856894,-0.320504429,0.014501801,-0.062931045
0.97098595,-0.035350431,-0.01452742,1.21424484,-0.180037844,-0.054805977,0.073211067,-0.319393555,0.014374993,-0.062712925
0.9700011,-0.035280914,-0.014571203,1.213258891,-0.179683801,-0.054971152,0.072733806,-0.318562252,0.014281283,-0.062549698
0.96907558,-0.035178096,-0.014731743,1.212331746,-0.179160153,-0.055576801,0.070983834,-0.316288632,0.013937676,-0.062103273
0.96802578,-0.0351739,-0.014433659,1.211281879,-0.179138784,-0.054452254,0.07423312,-0.319516549,0.014575673,-0.062737074
0.966933033,-0.035121575,-0.01455239,1.210188305,-0.178872294,-0.054900176,0.072938886,-0.317955826,0.01432155,-0.062430626
0.965955497,-0.034984982,-0.014449578,1.209208609,-0.178176635,-0.054512311,0.07405959,-0.31838087,0.0145416,-0.062514084
0.96509157,-0.034852823,-0.014380166,1.208342593,-0.177503555,-0.054250446,0.074816228,-0.318464428,0.014690166,-0.06253049
0.96405186,-0.03486584,-0.014463353,1.207303089,-0.17756985,-0.054564276,0.073909442,-0.317623936,0.014512119,-0.06236546
0.96296074,-0.034665813,-0.014384141,1.206208807,-0.176551123,-0.054265443,0.074772895,-0.317468663,0.014681658,-0.062334972
0.96192205,-0.034757243,-0.01423556,1.205171562,-0.177016769,-0.053704909,0.076392511,-0.319553925,0.01499967,-0.062744413
0.961059393,-0.034651135,-0.014151202,1.204307228,-0.17647637,-0.05338666,0.077312066,-0.319933081,0.015180224,-0.062818861
0.960111657,-0.034647016,-0.014287564,1.203359426,-0.176455389,-0.053901099,0.075825637,-0.318425671,0.014888364,-0.062522881
0.958999873,-0.034634978,-0.014016886,1.202247452,-0.17639408,-0.05287994,0.078776193,-0.321314918,0.015467705,-0.063090184
0.95795572,-0.034471407,-0.014214762,1.201200713,-0.175561025,-0.053626446,0.076619225,-0.318324895,0.015044185,-0.062503093
0.957561533,-0.034530004,-0.015269121,1.200807453,-0.175859455,-0.05760411,0.065126093,-0.307130193,0.012787508,-0.060305013
0.956829927,-0.036803224,-0.016913737,1.200111786,-0.187436844,-0.063808568,0.047198822,-0.300780311,0.009267489,-0.059058214
0.956903437,-0.03202723,-0.015046454,1.200109787,-0.16311296,-0.056764079,0.067553293,-0.296810898,0.013264089,-0.05827882
0.957053363,-0.024070725,-0.012293288,1.200133921,-0.122590909,-0.046377515,0.097564413,-0.286299967,0.019156773,-0.056214999
