Edisk/V,Idisk/mA,Iring/mA,E-iR vs RHE,jdisk mAcm-2,jring mAcm-2,jCER,jOER,I cer,I OER
0.960343543,-0.047943818,-0.041175496,1.205053991,-0.244175289,-0.155338199,0.123534202,-0.374125401,0.024255941,-0.073459522
0.961460847,-0.021733791,-0.037135497,1.205782905,-0.110689032,-0.140096943,0.080637865,-0.197742807,0.015833245,-0.0388268
0.962533317,-0.011789623,-0.034293864,1.206708019,-0.060043916,-0.129376633,0.050465676,-0.116925502,0.009908935,-0.022958322
0.96355313,-0.00570774,-0.032160114,1.207637709,-0.029069213,-0.121326873,0.027809722,-0.063294845,0.005460439,-0.012427943
0.964572627,-0.001863915,-0.03080895,1.208600247,-0.009492818,-0.116229485,0.013463183,-0.02937191,0.002643496,-0.005767175
0.965527437,0.001259764,-0.02954098,1.209508769,0.00641591,-0.111445958,0,0,0,0
0.966581087,0.003839652,-0.028820389,1.210524189,0.01955514,-0.108727466,0.007651164,0.005488066,0.001502306,0.001077582
0.96755256,0.005598082,-0.028030782,1.211469606,0.028510731,-0.105748604,0.016035137,0.006059684,0.003148499,0.001189819
0.96852124,0.007112413,-0.028173075,1.212415846,0.036223137,-0.106285414,0.01452429,0.015282937,0.002851844,0.003000805
0.969477,0.008520098,-0.027645417,1.213350746,0.043392401,-0.104294779,0.02012691,0.016849582,0.003951919,0.003308415
0.970580897,0.009594728,-0.027115181,1.214438719,0.048865435,-0.102294415,0.02575691,0.016692616,0.005057369,0.003277595
0.97156715,0.010399079,-0.02675336,1.215413053,0.052961951,-0.100929415,0.029598687,0.016947354,0.005811702,0.003327613
0.97249945,0.01142608,-0.026419325,1.216330135,0.05819241,-0.099669237,0.033145443,0.018631057,0.006508108,0.003658208
0.973585563,0.012176292,-0.026104581,1.217405131,0.0620132,-0.098481839,0.036487362,0.019109928,0.007164294,0.003752234
0.97448959,0.012846018,-0.025677016,1.218299233,0.065424078,-0.096868811,0.04102721,0.017980958,0.008055693,0.003530561
0.97544189,0.013456546,-0.025427699,1.219242486,0.068533468,-0.095928242,0.043674431,0.018443127,0.008575475,0.003621308
0.976606887,0.014072035,-0.025069957,1.220398363,0.071668117,-0.094578628,0.047472902,0.017779305,0.009321304,0.003490967
0.977569263,0.014303151,-0.02482866,1.221357314,0.072845181,-0.093668313,0.050034975,0.016394296,0.009824367,0.00321902
0.978522537,0.014876497,-0.024720992,1.222302092,0.075765202,-0.093262128,0.051178176,0.018171116,0.010048835,0.003567899
0.97957343,0.015494982,-0.024537491,1.22334382,0.07891511,-0.092569852,0.05312658,0.01937262,0.010431404,0.003803814
0.98052404,0.015856925,-0.02427415,1.224289067,0.080758465,-0.091576377,0.055922703,0.018419853,0.010980423,0.003616738
0.98149999,0.016166356,-0.024113918,1.225260432,0.082334381,-0.090971888,0.057624031,0.01829444,0.011314479,0.003592113
0.982610263,0.01671039,-0.024007864,1.226362643,0.085105118,-0.090571787,0.05875011,0.019939099,0.011535584,0.003915042
0.983567837,0.016789435,-0.023959488,1.227319045,0.085507689,-0.090389287,0.059263754,0.019828025,0.011636438,0.003893233
0.98450212,0.017029997,-0.02368244,1.228249764,0.086732861,-0.089344099,0.062205424,0.018111528,0.012214035,0.003556198
0.985540073,0.017527867,-0.023713332,1.22928034,0.089268483,-0.089460642,0.061877416,0.020975158,0.012149631,0.004118472
0.98652321,0.017769061,-0.023558511,1.230259902,0.090496871,-0.088876566,0.063521291,0.020559671,0.012472405,0.004036891
0.98751998,0.018173764,-0.023421465,1.231250675,0.092558002,-0.088359545,0.064976439,0.021165653,0.012758124,0.004155876
0.988542937,0.018372157,-0.023258994,1.232270692,0.09356841,-0.087746612,0.066701534,0.020450967,0.013096846,0.004015547
0.98958083,0.018539378,-0.023190347,1.233306107,0.094420058,-0.087487635,0.067430421,0.020573727,0.013239963,0.004039651
0.990523617,0.018467028,-0.023034584,1.234249966,0.09405158,-0.086900005,0.069084298,0.018551372,0.013564702,0.003642562
0.991486907,0.018993139,-0.022756388,1.23520546,0.096731038,-0.085850485,0.072038159,0.018276969,0.014144693,0.003588683
0.992518683,0.019274203,-0.022320324,1.236233072,0.098162479,-0.084205395,0.076668247,0.015078322,0.01505381,0.002960628
0.993536097,0.019431552,-0.022826891,1.237248153,0.098963849,-0.086116464,0.071289567,0.021258372,0.013997706,0.004174081
0.994552133,0.01955964,-0.02265655,1.238262292,0.099616196,-0.085473837,0.073098231,0.020102055,0.014352838,0.003947038
0.995532573,0.019858437,-0.022595085,1.239238304,0.101137951,-0.085241955,0.073750861,0.02097118,0.014480982,0.004117691
0.996551353,0.019825489,-0.022478597,1.240257573,0.100970149,-0.084802492,0.074987723,0.019566516,0.014723839,0.003841885
0.997432687,0.020041144,-0.022592711,1.24113571,0.10206847,-0.085233,0.073776064,0.021876496,0.01448593,0.00429545
0.998524907,0.020466142,-0.022419655,1.242221633,0.10423296,-0.084580129,0.075613564,0.022203486,0.014846723,0.004359655
0.99956844,0.020661022,-0.02215517,1.243262278,0.105225475,-0.083582337,0.078421835,0.02038773,0.015398127,0.004003131
1.000532667,0.020773207,-0.021725374,1.244224842,0.105796827,-0.081960891,0.082985376,0.016395541,0.016294179,0.003219265
1.001581133,0.020953822,-0.02184657,1.245270633,0.106716691,-0.082418116,0.081698521,0.01860226,0.016041505,0.003652554
1.0025682,0.020957585,-0.022273999,1.246257644,0.106735853,-0.084030631,0.077160117,0.023159826,0.015150389,0.004547432
1.0034392,0.020967673,-0.021974056,1.247128494,0.10678723,-0.082899069,0.080344886,0.020026435,0.015775718,0.00393219
1.004536767,0.021323616,-0.022003605,1.248220786,0.108600031,-0.083010546,0.080031136,0.022152985,0.015714114,0.004349739
1.005562133,0.021490522,-0.021879206,1.24924368,0.109450076,-0.082541238,0.081351999,0.021682167,0.015973465,0.004257294
1.006536733,0.021690843,-0.021307084,1.250215311,0.110470298,-0.080382859,0.08742673,0.016627658,0.017166238,0.003264841
1.007550233,0.021808371,-0.021875504,1.25122707,0.11106886,-0.082527274,0.0813913,0.02326165,0.015981182,0.004567425
1.008558267,0.021894306,-0.018432656,1.25223383,0.111506524,-0.069538824,0.117947141,-0.012856527,0.023158921,-0.002524379
1.009484233,0.021861473,-0.021676927,1.253160283,0.111339307,-0.081778124,0.083499774,0.021423624,0.016395181,0.004206529
1.010514267,0.022038644,-0.021608987,1.254187691,0.112241628,-0.081521811,0.084221162,0.021604556,0.016536825,0.004242055
1.011523567,0.022395733,-0.021697151,1.255191699,0.114060263,-0.081854421,0.083285035,0.024359318,0.016353017,0.004782952
1.012570133,0.022559232,-0.021507485,1.256235843,0.114892958,-0.081138888,0.085298895,0.023178153,0.016748438,0.00455103
1.0135299,0.022631745,-0.021581376,1.257194535,0.115262261,-0.081417648,0.084514328,0.024332023,0.016594388,0.004777593
1.0145169,0.022886718,-0.021445352,1.258177757,0.116560827,-0.080904485,0.085958619,0.024186298,0.016877975,0.00474898
1.0155589,0.022722892,-0.021394162,1.259222185,0.11572647,-0.080711366,0.086502152,0.022808408,0.016984698,0.004478431
1.0164887,0.022823154,-0.021464997,1.260150499,0.116237095,-0.080978598,0.085750028,0.024071157,0.016837018,0.004726372
1.017557933,0.023175319,-0.021467275,1.261214514,0.118030654,-0.080987192,0.085725841,0.025888904,0.016832269,0.005083286
1.018602467,0.023195268,-0.021351255,1.262258751,0.118132252,-0.080549495,0.086957735,0.024758607,0.017074151,0.004861353
1.019502233,0.023409152,-0.021443604,1.263155349,0.119221552,-0.08089789,0.085977181,0.026828461,0.01688162,0.005267768
1.020519167,0.023493625,-0.021250501,1.26417103,0.119651771,-0.080169394,0.088027525,0.025208337,0.017284204,0.004949657
1.021582467,0.023588601,-0.021167226,1.265232923,0.120135476,-0.079855232,0.088911729,0.024807837,0.017457818,0.004871019
1.022464167,0.023439754,-0.021284015,1.266116829,0.119377409,-0.080295828,0.087671677,0.025289823,0.017214334,0.004965657
1.023563067,0.023811597,-0.021127426,1.267210218,0.121271186,-0.07970508,0.089334331,0.025520945,0.017540796,0.005011038
1.024621233,0.023979132,-0.021174517,1.268265903,0.122124429,-0.079882738,0.088834314,0.026874206,0.017442617,0.00527675
1.025514467,0.025240255,-0.02126713,1.269140448,0.128547263,-0.080232128,0.087850961,0.034280392,0.017249536,0.006730955
1.026560367,0.024456429,-0.021121041,1.270197963,0.124555281,-0.079680994,0.089402121,0.02873725,0.017554107,0.005642559
1.027632867,0.024431147,-0.021097475,1.271270838,0.124426517,-0.079592087,0.089652348,0.028358259,0.017603239,0.005568144
1.028550133,0.024286363,-0.021024419,1.27219025,0.12368914,-0.079316479,0.090428044,0.026845186,0.017755546,0.005271052
1.0296173,0.024394953,-0.020930872,1.273255807,0.124242187,-0.078963566,0.091421314,0.026404963,0.017950575,0.005184614
1.030606033,0.024745061,-0.020753695,1.274239353,0.126025264,-0.078295147,0.09330257,0.026306785,0.01831996,0.005165337
1.031542,0.024789237,-0.020867651,1.275174665,0.126250252,-0.078725058,0.09209259,0.027741752,0.01808238,0.005447093
1.032592567,0.024892586,-0.02093317,1.2762237,0.126776601,-0.078972234,0.091396917,0.028963775,0.017945785,0.005687037
1.0335987,0.025075781,-0.020679584,1.277227119,0.127709604,-0.078015559,0.094089469,0.027204225,0.018474467,0.00534155
1.0346033,0.025073669,-0.020808181,1.27823175,0.127698851,-0.078500702,0.092724038,0.028558903,0.018206365,0.005607541
1.035611433,0.024981403,-0.020741395,1.279241251,0.127228942,-0.078248747,0.093433162,0.02737987,0.018345601,0.005376037
1.0365309,0.025382874,-0.020797301,1.280154768,0.129273613,-0.078459654,0.092839568,0.030018136,0.018229049,0.005894061
1.0376041,0.025450079,-0.020732966,1.281226972,0.129615883,-0.078216948,0.093522661,0.029677313,0.018363174,0.00582714
1.0385748,0.025788082,-0.020805415,1.282192664,0.131337318,-0.078490265,0.092753414,0.032167995,0.018212133,0.006316186
1.039594667,0.025711774,-0.020634667,1.283213661,0.130948685,-0.077846106,0.094566392,0.029966383,0.018568111,0.005883899
1.0406728,0.025785329,-0.020572202,1.284290704,0.131323297,-0.07761045,0.095229644,0.029677743,0.018698341,0.005827225
1.0415908,0.025764905,-0.012356507,1.285209007,0.131219277,-0.046616013,0.182463124,-0.057659757,0.035826634,-0.011321493
1.042562567,0.025942441,-0.020111769,1.286178143,0.132123458,-0.075873427,0.100118474,0.025589075,0.019658262,0.005024415
1.043633333,0.026170169,-0.019932135,1.287245535,0.133283266,-0.075195741,0.102025813,0.024841543,0.020032768,0.004877637
1.044570367,0.026304852,-0.020464117,1.288180573,0.1339692,-0.077202691,0.096377276,0.031176014,0.018923678,0.00612141
1.045626233,0.026328867,-0.020388996,1.289236083,0.134091503,-0.076919291,0.097174903,0.03050069,0.019080292,0.005988811
1.046688033,0.026664277,-0.020521203,1.290292913,0.13579973,-0.077418051,0.095771148,0.033612673,0.018804665,0.006599848
1.047568467,0.026489587,-0.02031243,1.291175935,0.134910045,-0.076630435,0.097987883,0.030506253,0.019239921,0.005989903
1.048574767,0.026577453,-0.020375794,1.292180933,0.135357542,-0.076869485,0.097315079,0.031626553,0.019107816,0.006209874
1.049625633,0.026919567,-0.020492689,1.29322673,0.13709991,-0.077310482,0.0960739,0.0346101,0.01886411,0.006795693
1.050554033,0.026998152,-0.020506411,1.294153966,0.137500136,-0.077362249,0.095928202,0.035156024,0.018835502,0.006902885
1.051633133,0.027245162,-0.020490535,1.295229405,0.138758144,-0.077302353,0.096096777,0.036245458,0.018868602,0.007116796
1.052651867,0.027313171,-0.020487637,1.296247131,0.139104512,-0.077291419,0.096127551,0.036561052,0.018874645,0.007178763
1.053564333,0.02737397,-0.020384717,1.297158697,0.139414158,-0.076903148,0.097220337,0.035777911,0.019089213,0.007024993
1.054567133,0.02715055,-0.020495384,1.298164807,0.138276291,-0.077320646,0.096045294,0.035815087,0.018858493,0.007032292
1.0556007,0.027703309,-0.019022172,1.299190183,0.141091463,-0.071762824,0.111687719,0.022987834,0.021929884,0.004513661
1.056615133,0.027774231,-0.019571267,1.300203566,0.141452666,-0.073834334,0.105857478,0.029179278,0.020785116,0.005729351
1.057628733,0.027864335,-0.020373841,1.30121583,0.141911563,-0.076862115,0.097335823,0.03815983,0.019111889,0.007492683
1.058613267,0.028055038,-0.019732597,1.302197538,0.142882803,-0.074442965,0.104144491,0.032322402,0.020448771,0.006346504
1.059590333,0.028280585,-0.020231916,1.303171262,0.1440315,-0.07632669,0.098842772,0.038772819,0.019407778,0.007613043
1.060586833,0.028130332,-0.020287156,1.304169989,0.143266269,-0.076535089,0.098256233,0.038594126,0.019292611,0.007577957
1.061565267,0.028307112,-0.020278552,1.305145802,0.1441666,-0.076502631,0.098347586,0.039403105,0.019310549,0.0077368
1.062622833,0.028714353,-0.020207111,1.306197334,0.146240655,-0.076233113,0.099106142,0.040718604,0.019459491,0.007995098
1.063648,0.02887857,-0.020270311,1.307220068,0.147077004,-0.076471539,0.098435093,0.042226001,0.019327731,0.008291075
1.064568133,0.028967382,-0.020175754,1.308138885,0.147529322,-0.076114816,0.099439088,0.041674324,0.019524865,0.008182754
1.0656329,0.029211958,-0.020160618,1.309200027,0.148774934,-0.076057714,0.099599801,0.042759224,0.019556421,0.008395774
1.066563633,0.029251192,-0.020165459,1.310130179,0.148974751,-0.076075977,0.099548398,0.043010443,0.019546328,0.0084451
1.067569467,0.029238775,-0.020234775,1.311136197,0.148911508,-0.076337477,0.098812412,0.043683187,0.019401817,0.008577194
1.0686341,0.029596375,-0.020192872,1.312195531,0.150732749,-0.076179394,0.099257333,0.045059507,0.019489177,0.008847434
1.0696079,0.02977181,-0.020115348,1.313166731,0.15162623,-0.075886928,0.100080476,0.045129845,0.019650801,0.008861245
1.070553567,0.030018999,-0.020174094,1.314108735,0.152885149,-0.076108553,0.099456714,0.047012525,0.019528326,0.009230909
1.071617367,0.030209846,-0.020086203,1.315169707,0.153857124,-0.075776976,0.100389934,0.04705128,0.019711564,0.009238519
1.072554733,0.030387521,-0.020136446,1.316104441,0.154762013,-0.075966523,0.099856458,0.048489646,0.019606815,0.009520942
1.073558167,0.030280764,-0.020197288,1.317109456,0.154218304,-0.076196055,0.099210441,0.048591953,0.01947997,0.00954103
1.0746332,0.030598834,-0.020094253,1.318179776,0.155838217,-0.075807345,0.10030446,0.049117848,0.019694781,0.009644289
1.0756134,0.030972942,-0.02007833,1.319154433,0.157743531,-0.075747274,0.100473529,0.050854092,0.019727977,0.009985201
1.0765681,0.031109951,-0.0200774,1.320107102,0.158441309,-0.075743764,0.100483408,0.051541991,0.019729917,0.01012027
1.077576733,0.031278675,-0.019980165,1.321113235,0.159300613,-0.075376937,0.101515839,0.051368864,0.019932635,0.010086277
1.078589133,0.031675599,-0.020020867,1.322119754,0.161322124,-0.075530488,0.101083671,0.053822543,0.019847779,0.010568056
1.079588467,0.031648993,-0.020008861,1.323119481,0.161186619,-0.075485198,0.10121114,0.05355957,0.019872807,0.010516422
1.0806456,0.031816133,-0.020017066,1.324174138,0.162037858,-0.07551615,0.101124025,0.054497923,0.019855702,0.010700667
1.081618167,0.032324461,-0.020122795,1.325139172,0.164626741,-0.075915021,0.100001407,0.058209425,0.019635276,0.011429421
1.082598833,0.032456541,-0.020053949,1.326117881,0.165299419,-0.075655296,0.100732401,0.058151109,0.019778807,0.01141797
1.083548667,0.032795513,-0.020023659,1.327062692,0.167025784,-0.075541022,0.101054022,0.059555852,0.019841957,0.011693791
1.084592533,0.033076281,-0.019888792,1.328102398,0.168455724,-0.075032227,0.102486021,0.059553793,0.02012313,0.011693387
1.085626267,0.033199341,-0.019812633,1.329134308,0.16908246,-0.07474491,0.103294671,0.059371879,0.020281909,0.011657668
1.086599667,0.03329591,-0.019936368,1.330106277,0.169574279,-0.075211711,0.101980866,0.061177503,0.020023943,0.012012203
1.087615467,0.03377719,-0.019998351,1.331114945,0.172025415,-0.075445547,0.101322738,0.064286768,0.01989472,0.012622707
1.0885909,0.034042203,-0.019956972,1.332086451,0.173375109,-0.075289442,0.101762092,0.065197107,0.019980987,0.012801452
1.089513567,0.034468361,-0.02009739,1.333002803,0.175545511,-0.07581918,0.10027115,0.06885845,0.01968824,0.013520357
1.0906121,0.034733396,-0.019941025,1.334097409,0.17689532,-0.07522928,0.101931419,0.068547991,0.020014234,0.013459398
1.0916489,0.035072404,-0.019551201,1.335129185,0.178621871,-0.073758633,0.106070536,0.066135425,0.02082695,0.012985691
1.092599433,0.035058151,-0.020135747,1.33607993,0.178549278,-0.075963885,0.099863882,0.072269486,0.019608273,0.014190114
1.093572467,0.035428003,-0.019592386,1.337047483,0.180432914,-0.073914009,0.105633234,0.068383771,0.020741085,0.013427153
1.094565167,0.035928976,-0.019806354,1.338032759,0.182984343,-0.074721221,0.103361344,0.073207089,0.020295,0.014374212
1.095524467,0.036158852,-0.020065533,1.338988653,0.18415509,-0.075698995,0.10060941,0.07712977,0.019754658,0.01514443
1.0965974,0.036472481,-0.020066533,1.340056939,0.185752384,-0.075702769,0.100598788,0.078737687,0.019752572,0.015460145
1.097674467,0.036894477,-0.020186993,1.341127752,0.187901587,-0.076157215,0.099319755,0.082165923,0.019501434,0.016133279
1.0986028,0.03717229,-0.020173936,1.342051969,0.189316476,-0.076107955,0.099458396,0.08344217,0.019528656,0.01638387
1.0996004,0.037332126,-0.019972483,1.3430472,0.190130514,-0.075347959,0.101597398,0.082117206,0.019948649,0.016123713
1.100548433,0.037871471,-0.019521581,1.343987241,0.192877367,-0.073646888,0.106385043,0.080076414,0.020888703,0.015723004
1.101520067,0.0381701,-0.020151292,1.344954449,0.19439827,-0.076022529,0.099698827,0.088283533,0.019575865,0.017334472
1.102611733,0.038765441,-0.020066338,1.346037294,0.19743031,-0.075702035,0.100600854,0.090413546,0.019752978,0.0177527
1.103637067,0.03898433,-0.020180359,1.347059384,0.198545096,-0.076132187,0.099390197,0.09273899,0.019515265,0.018209301
1.104582067,0.039282919,-0.020116266,1.347999959,0.200065797,-0.075890391,0.100070728,0.09357916,0.019648887,0.018374268
1.105556433,0.039502742,-0.019689596,1.348971069,0.201185344,-0.074280742,0.104601066,0.090168368,0.020538419,0.017704559
1.106549733,0.039907439,-0.019527724,1.349958372,0.203246444,-0.073670065,0.10631981,0.090510725,0.020875895,0.017771781
1.107567,0.040431237,-0.020157869,1.350967876,0.205914119,-0.076047342,0.099628992,0.099869218,0.019562153,0.019609321
1.108605933,0.040763936,-0.020187828,1.35200188,0.207608534,-0.076160366,0.099310888,0.101881736,0.019499693,0.020004479
1.109630733,0.041121858,-0.020254148,1.353021376,0.209431412,-0.076410563,0.09860671,0.104408792,0.019361428,0.020500666
1.110596467,0.041639529,-0.020325745,1.353979438,0.212067884,-0.07668067,0.097846498,0.107805476,0.01921216,0.021167605
1.1115566,0.04178567,-0.01957196,1.354937406,0.212812172,-0.073836948,0.105850119,0.100546143,0.020783671,0.019742235
1.112518567,0.042030955,-0.020203954,1.355895738,0.214061397,-0.076221202,0.099139665,0.108505823,0.019466073,0.021305118
1.1136312,0.042699003,-0.020413065,1.356998472,0.217463726,-0.077010093,0.096919341,0.114128475,0.019030113,0.022409126
1.114594833,0.0430341,-0.020408652,1.35795714,0.219170361,-0.076993443,0.096966202,0.115788249,0.019039314,0.022735023
1.1156111,0.043590188,-0.020448056,1.358965166,0.222002485,-0.077142099,0.096547812,0.119038764,0.018957163,0.023373261
1.116640467,0.043975932,-0.02034053,1.359988817,0.223967059,-0.076736445,0.097689519,0.11986163,0.019181337,0.023534831
1.11756,0.044289267,-0.020466614,1.360903707,0.225562859,-0.077212108,0.09635077,0.122796179,0.018918474,0.02411103
1.118550267,0.044364162,-0.020555194,1.361892864,0.225944292,-0.077546286,0.095410233,0.124118149,0.018733799,0.024370599
1.119633833,0.044943579,-0.020631725,1.362967844,0.228895231,-0.077835005,0.094597636,0.127881685,0.018574246,0.025109569
1.120574433,0.045419282,-0.02040489,1.363901395,0.231317963,-0.076979251,0.097006145,0.127895908,0.019047157,0.025112361
1.1215911,0.045861922,-0.020716014,1.364911503,0.233572306,-0.078152994,0.093702659,0.133453738,0.018398517,0.026203641
1.1226293,0.046187125,-0.02080828,1.365944884,0.235228546,-0.078501075,0.092722988,0.136089648,0.018206159,0.026721202
1.123511067,0.046694912,-0.020848524,1.366819126,0.237814678,-0.078652899,0.092295681,0.139103087,0.018122257,0.027312891
1.1245506,0.046844915,-0.020704466,1.367856436,0.238578633,-0.078109426,0.093825281,0.138337442,0.018422594,0.027162557
1.1256263,0.047270442,-0.020895205,1.368925831,0.240745821,-0.078829007,0.091800029,0.142529883,0.018024936,0.027985743
1.126601067,0.047885687,-0.020873588,1.369891481,0.243879233,-0.078747456,0.092029552,0.145433771,0.018070003,0.028555921
1.127605333,0.048342653,-0.020887978,1.370888976,0.246206533,-0.078801743,0.091876762,0.147913861,0.018040002,0.029042887
1.128586,0.048836801,-0.021059236,1.37186232,0.248723205,-0.079447831,0.090058357,0.152248939,0.017682958,0.029894079
1.1295589,0.049251885,-0.021038367,1.372829069,0.250837206,-0.0793691,0.090279941,0.154141354,0.017726467,0.030265655
1.1306039,0.049515276,-0.021257273,1.373870166,0.25217864,-0.080194942,0.08795562,0.157807111,0.017270086,0.030985426
1.1315802,0.049740811,-0.021429745,1.374843124,0.25332728,-0.080845607,0.086124332,0.160787038,0.016910513,0.031570535
1.1326293,0.050331741,-0.021392206,1.375883467,0.256336854,-0.080703986,0.086522921,0.163398024,0.016988775,0.032083202
1.1336,0.050736694,-0.021335243,1.376848167,0.258399256,-0.08048909,0.087127745,0.164855602,0.017107533,0.032369397
1.1345576,0.051219133,-0.021392453,1.377798618,0.260856292,-0.080704918,0.086520298,0.167920085,0.01698826,0.032971109
1.135595533,0.051672527,-0.021590681,1.378829833,0.263165404,-0.081452754,0.084415524,0.17233397,0.016574988,0.033837775
1.136604667,0.052141065,-0.02158525,1.379832023,0.265551644,-0.081432265,0.084473189,0.174662545,0.016586311,0.034294991
1.1376023,0.05232276,-0.02161932,1.380826964,0.266477005,-0.081560796,0.084111439,0.175949657,0.016515281,0.034547715
1.1386599,0.05284448,-0.021814552,1.381876833,0.269134096,-0.082297325,0.082038487,0.180679699,0.016108257,0.035476459
1.139579467,0.053559609,-0.021980775,1.382785803,0.272776209,-0.082924416,0.080273549,0.186086751,0.015761711,0.036538134
1.140525033,0.054130764,-0.022145276,1.383722906,0.275685074,-0.08354501,0.078526892,0.190742272,0.015418755,0.037452245
1.1416112,0.054506322,-0.022270964,1.384803507,0.277597768,-0.084019178,0.077192352,0.193989506,0.015156718,0.038089839
1.142629967,0.055151014,-0.022371001,1.385812721,0.280881153,-0.084396577,0.076130169,0.198335074,0.014948159,0.038943092
1.143618667,0.055433738,-0.022414249,1.386797231,0.282321047,-0.084559736,0.075670958,0.20023418,0.014857993,0.039315981
1.1446141,0.055870435,-0.0226153,1.387786193,0.284545122,-0.085318217,0.073536223,0.204592989,0.014438837,0.040171833
1.145571333,0.056626888,-0.022854887,1.388732217,0.2883977,-0.08622208,0.07099231,0.21098948,0.01393934,0.041427784
1.146530867,0.056946075,-0.022728565,1.389687021,0.290023302,-0.08574552,0.072333584,0.211273808,0.014202699,0.041483612
1.147610067,0.057810406,-0.022563559,1.390753413,0.294425292,-0.085123022,0.074085597,0.213923785,0.014546707,0.042003935
1.1486061,0.058197333,-0.023416763,1.391743713,0.296395892,-0.088341809,0.065026358,0.224953625,0.012767925,0.044169644
1.149641533,0.05896379,-0.023010908,1.392767788,0.300299416,-0.086810685,0.069335688,0.224547818,0.013614062,0.044089964
1.150551767,0.059218405,-0.023121273,1.393674249,0.301596157,-0.087227045,0.068163847,0.2270164,0.013383971,0.04457467
1.151553167,0.060023248,-0.023912108,1.394663722,0.305695179,-0.090210542,0.059766831,0.239512438,0.011735217,0.047028267
1.152561033,0.060737318,-0.024079585,1.395661008,0.309331899,-0.090842361,0.057988583,0.244927406,0.011386058,0.048091496
1.153599233,0.061585302,-0.024416193,1.396686642,0.313650634,-0.092112245,0.054414511,0.252820214,0.010684289,0.049641249
1.154633833,0.062231906,-0.024720837,1.39771166,0.316943754,-0.093261542,0.051179826,0.259348018,0.010049159,0.050922983
1.1556261,0.062873147,-0.024899767,1.398694425,0.320209561,-0.09393657,0.049279967,0.264513684,0.009676122,0.051937262
1.156595067,0.063540628,-0.024757115,1.3996535,0.323609003,-0.093398405,0.050794628,0.266398465,0.009973525,0.052307339
1.157526833,0.064235655,-0.025427171,1.400574968,0.327148738,-0.09592625,0.043680038,0.27705279,0.008576575,0.054399315
1.1585839,0.065309676,-0.025797987,1.401616119,0.332618671,-0.097325185,0.039742752,0.286460009,0.007803489,0.056246423
1.159599,0.066052265,-0.0261535,1.402620216,0.336400638,-0.098666389,0.035967948,0.294016781,0.007062307,0.057730195
1.1606398,0.06693321,-0.026360311,1.403647961,0.340887242,-0.099446604,0.033772041,0.300699291,0.00663114,0.059042306
1.1616868,0.067974947,-0.026920236,1.404679525,0.346192753,-0.101558969,0.027826814,0.311950029,0.005463795,0.061251388
1.162558533,0.068770942,-0.027193762,1.405539463,0.350246714,-0.102590872,0.024922537,0.318908268,0.00489354,0.062617638
1.163569533,0.069569637,-0.027844726,1.406538627,0.354314423,-0.105046688,0.018010669,0.329887844,0.003536395,0.064773478
1.164629267,0.070877825,-0.023982222,1.407578975,0.360976956,-0.090475051,0.059022373,0.295538673,0.011589043,0.058029018
1.165558667,0.071921555,-0.028535655,1.408492909,0.366292615,-0.10765328,0.010674446,0.349202259,0.002095928,0.068565864
1.166610567,0.073321919,-0.028636535,1.409524058,0.373424592,-0.108033858,0.009603316,0.357405367,0.001885611,0.070176544
1.1676417,0.074348216,-0.029689413,1.410539983,0.378651471,-0.112005936,0.001576051,0.37065951,0.000309458,0.072778995
1.168546833,0.075596891,-0.03019926,1.411426613,0.385010904,-0.113929377,0.006989555,0.371605439,0.001372399,0.072964728
1.169579267,0.076605613,-0.030789289,1.412444099,0.390148271,-0.116155314,0.013254428,0.370477934,0.002602507,0.072743342
1.170631567,0.078075406,-0.031563767,1.413474619,0.397633849,-0.119077099,0.021477759,0.369740181,0.004217158,0.072598485
1.1715758,0.079732682,-0.032219337,1.414394295,0.406074264,-0.121550297,0.028438547,0.371219807,0.005583909,0.072889009
1.1726429,0.081226053,-0.032944994,1.415439265,0.413679925,-0.124287903,0.036143505,0.371120511,0.007096777,0.072869512
1.1736557,0.082821029,-0.033514239,1.41642843,0.421803049,-0.126435428,0.042187691,0.373199448,0.008283553,0.073277712
1.174550833,0.084663192,-0.034247738,1.417296266,0.43118509,-0.129202617,0.049975911,0.374793269,0.00981277,0.073590658
1.175633833,0.086177178,-0.035076392,1.418356831,0.438895736,-0.132328789,0.058774485,0.373705341,0.01154037,0.073377044
1.176617567,0.087908228,-0.036014788,1.419314913,0.447711884,-0.135868969,0.068738282,0.372557692,0.013496762,0.073151703
1.177639567,0.090148941,-0.036848622,1.42030371,0.459123711,-0.139014683,0.077591857,0.375115945,0.015235161,0.073654016
1.178631367,0.092130353,-0.03797788,1.421266148,0.469214938,-0.14327491,0.089582216,0.373216812,0.017589468,0.073281121
1.1795841,0.094344504,-0.039039466,1.422186072,0.480491491,-0.147279834,0.100854029,0.373221553,0.019802689,0.073282052
1.180597567,0.096712095,-0.040192263,1.423164455,0.492549503,-0.151628865,0.113094326,0.373039267,0.022206071,0.07324626
1.181609367,0.099106757,-0.041309535,1.42414077,0.504745387,-0.155843871,0.124957412,0.373372065,0.024535388,0.073311605
1.1825987,0.101305674,-0.042474449,1.425097519,0.515944356,-0.160238611,0.137326356,0.372202091,0.02696403,0.07308188
1.183682733,0.104417217,-0.044023917,1.426135444,0.531791274,-0.166084116,0.153778462,0.371596903,0.030194401,0.072963052
1.184745633,0.10842923,-0.045376351,1.427138893,0.552224242,-0.171186293,0.168138479,0.377669854,0.03301399,0.074155476
1.1858193,0.11274167,-0.045542387,1.428148656,0.574187268,-0.171812678,0.169901433,0.397869924,0.033360146,0.07812176
1.186864833,0.116474337,-0.048803956,1.429138878,0.593197538,-0.184117236,0.204532467,0.382249162,0.04015995,0.075054623
1.1878444,0.119872263,-0.05051491,1.430068093,0.610502996,-0.190571963,0.222699223,0.381387864,0.043726992,0.074885507
1.188934467,0.12313283,-0.052125902,1.431109843,0.627108887,-0.196649572,0.239804581,0.380888396,0.047085629,0.074787437
1.189961433,0.126955793,-0.053971386,1.43208016,0.646579034,-0.203611825,0.25939976,0.380763364,0.050933143,0.074762887
1.1908067,0.13099761,-0.055818964,1.432865534,0.667163789,-0.210581973,0.279017163,0.381730716,0.05478502,0.074952826
1.1918777,0.13523086,-0.057744042,1.433873804,0.688723504,-0.217844503,0.299457468,0.382850127,0.058798474,0.075172622
1.1928811,0.139449103,-0.059954508,1.434814697,0.710206791,-0.22618368,0.322927984,0.380862896,0.06340691,0.07478243
1.193844633,0.144099823,-0.062091132,1.435709314,0.733892658,-0.234244284,0.345614461,0.381862287,0.067861399,0.07497866
1.194928,0.14857688,-0.06439765,1.436726338,0.756694067,-0.242945827,0.370104853,0.380173304,0.072670088,0.074647028
1.195914633,0.153517163,-0.067002518,1.437639765,0.781854664,-0.252772919,0.397763089,0.377675665,0.078100783,0.074156617
1.1968167,0.15897054,-0.069011891,1.438461022,0.809628419,-0.260353456,0.419098423,0.384114086,0.082289975,0.075420801
1.197827667,0.164421927,-0.071851242,1.439391208,0.837392038,-0.271065161,0.449246393,0.381729736,0.088209529,0.074952634
1.198887767,0.170199247,-0.074498498,1.440365697,0.866815618,-0.281052166,0.477354701,0.383045008,0.093728596,0.075210887
1.199895667,0.176308317,-0.077377679,1.441283071,0.897928784,-0.291914133,0.507925582,0.383587292,0.099731188,0.075317365
1.200934833,0.18253942,-0.080315668,1.442229903,0.929663458,-0.302997954,0.539120866,0.384126683,0.105856382,0.075423274
1.201885033,0.188759657,-0.083468513,1.44308793,0.961342789,-0.314892342,0.572597482,0.382329398,0.112429516,0.075070377
1.202873567,0.195931957,-0.085964357,1.443970182,0.997870928,-0.324308134,0.599098119,0.392356899,0.117632916,0.077039277
1.2038732,0.20319707,-0.089319863,1.444862158,1.03487176,-0.336967075,0.634726563,0.393729287,0.124628561,0.077308746
1.204884133,0.210914213,-0.092974209,1.445758736,1.074174756,-0.35075342,0.673528069,0.394230777,0.132247236,0.077407213
1.2059809,0.21873809,-0.096438414,1.446739566,1.114021339,-0.363822439,0.710310673,0.397294757,0.139469501,0.078008826
1.2069327,0.226998983,-0.100341001,1.447568953,1.156093625,-0.378545295,0.751747978,0.397929737,0.147605716,0.078133504
1.2078808,0.23525562,-0.104454827,1.448394704,1.198144232,-0.394065065,0.79542819,0.396300133,0.156182325,0.077813531
1.208893767,0.244072613,-0.108504993,1.449277017,1.243048706,-0.409344676,0.838432479,0.398200317,0.164626217,0.078186632
1.209830433,0.253616397,-0.113166925,1.450072261,1.291654681,-0.426932227,0.887932435,0.397306336,0.174345534,0.078011099
1.210876167,0.26316287,-0.117695233,1.450976532,1.340274357,-0.444015669,0.936013584,0.397844863,0.183786267,0.078116839
1.2119695,0.27326266,-0.12045185,1.451920203,1.391712045,-0.454415249,0.965283081,0.420013054,0.189533333,0.082469563
1.212934167,0.283865737,-0.124648717,1.45272775,1.445712945,-0.470248299,1.009845017,0.429452018,0.198283069,0.084322904
1.2138667,0.294502767,-0.12972317,1.45350266,1.499886767,-0.489392123,1.063725086,0.429745771,0.208862421,0.084380582
1.214886667,0.30546387,-0.125945949,1.454360201,1.555711077,-0.475142224,1.023618912,0.525676255,0.200987573,0.103216533
1.215858667,0.31730937,-0.140057657,1.455156671,1.616039572,-0.528379887,1.173455695,0.436167967,0.230408026,0.08564158
1.216901533,0.329307577,-0.145942907,1.456021744,1.677145794,-0.550582513,1.235944727,0.434785157,0.242677747,0.085370066
1.217975167,0.341993917,-0.15170931,1.456907387,1.741756642,-0.572336779,1.297171856,0.438168876,0.254699694,0.086034459
1.2188771,0.35474651,-0.149606867,1.457620348,1.806704915,-0.564405126,1.27484831,0.525440695,0.250316466,0.10317028
1.219893767,0.36817515,-0.163019613,1.458438025,1.875096257,-0.615005898,1.417263595,0.451416752,0.278279707,0.088635679
1.220911467,0.38153535,-0.16949377,1.459257749,1.943139037,-0.639430226,1.486005583,0.450717545,0.291777196,0.08849839
1.221868767,0.39567412,-0.17621985,1.460005536,2.015147033,-0.664804957,1.557422469,0.451308655,0.305799902,0.088614454
1.2228781,0.41048178,-0.182766967,1.460795444,2.09056165,-0.689504533,1.626939139,0.457206602,0.3194495,0.089772516
1.223937667,0.42556538,-0.18939044,1.461631497,2.167381614,-0.714492172,1.697266556,0.463699148,0.333258288,0.091047328
1.224893567,0.44087736,-0.196532823,1.462360499,2.245364706,-0.741437444,1.773103712,0.465845084,0.348148914,0.091468682
1.225859667,0.457180033,-0.203953113,1.463085021,2.328393345,-0.769431144,1.851891654,0.470085781,0.363618926,0.092301343
1.226834967,0.473070293,-0.21088105,1.463824853,2.409321586,-0.795567397,1.925451835,0.47745384,0.378062468,0.093748062
1.227881967,0.48984659,-0.21946891,1.464623257,2.494762363,-0.827965858,2.016636927,0.471709527,0.395966661,0.092620166
1.2288954,0.507301343,-0.226023317,1.46537804,2.583658484,-0.852692936,2.086231001,0.491011573,0.409631457,0.096410122
1.229861867,0.524891437,-0.23401168,1.46608385,2.673243884,-0.882829743,2.171050693,0.495777282,0.426285804,0.097345869
1.230877567,0.54310872,-0.242532203,1.466829601,2.766023529,-0.91497417,2.26152081,0.49808681,0.444049611,0.097799345
1.2318533,0.561709563,-0.245060927,1.4675297,2.860756625,-0.924514003,2.288370556,0.565970159,0.449321559,0.111128241
1.2328267,0.580756467,-0.259122243,1.468220857,2.95776148,-0.977561562,2.437672296,0.513673274,0.478636955,0.100859747
1.2338875,0.59988451,-0.2680976,1.468998211,3.055179577,-1.011421889,2.532971791,0.515791877,0.497349011,0.101275735
1.234899433,0.61976526,-0.277362953,1.469715545,3.156431169,-1.046376253,2.631350442,0.518664817,0.516665659,0.101839837
1.235836733,0.64029034,-0.2866591,1.470348698,3.260964298,-1.081446788,2.730056055,0.524492334,0.536046506,0.10298407
1.236879833,0.661133787,-0.295530707,1.471082933,3.367118852,-1.114915708,2.824253941,0.536449001,0.554542261,0.105331761
1.237841767,0.682086587,-0.303784003,1.47173438,3.473830337,-1.146051999,2.91188667,0.555527757,0.571748948,0.109077875
1.238835667,0.704160373,-0.315805107,1.472401184,3.586250946,-1.191402674,3.039525617,0.54030942,0.596810855,0.106089755
1.239912367,0.72571687,-0.32491541,1.473158452,3.696037026,-1.225772098,3.136257962,0.553363154,0.615804251,0.108652855
1.240905367,0.748205007,-0.334330357,1.473818215,3.810567897,-1.261290816,3.236224982,0.567927006,0.635432775,0.111512468
1.241849267,0.771066207,-0.3443452,1.474423351,3.926998761,-1.299072698,3.342561648,0.578021203,0.65631198,0.113494463
1.242888033,0.7944509,-0.353780983,1.475115595,4.046095747,-1.334670024,3.442749909,0.596929928,0.675983945,0.117207191
1.243893767,0.818239927,-0.36447697,1.475768815,4.167251982,-1.375021579,3.556318891,0.604517181,0.698283214,0.118696948
1.244863433,0.842374863,-0.37674111,1.476380842,4.290169918,-1.421289131,3.686538378,0.59721563,0.723851811,0.117263289
1.245947167,0.866834283,-0.386069633,1.477102127,4.41474043,-1.45648181,3.785587763,0.622736757,0.743300157,0.122274362
1.246905267,0.891418,-0.39817524,1.477695938,4.539943978,-1.502151281,3.914123958,0.61940411,0.768538239,0.121619997
1.247823533,0.91702803,-0.40979398,1.478234706,4.670374484,-1.545984004,4.037490648,0.626467926,0.792761289,0.123006977
1.2488608,0.942249897,-0.419981817,1.478898227,4.798828096,-1.584418518,4.145664141,0.646748045,0.814001154,0.126988979
1.2498859,0.968462457,-0.431863417,1.4795349,4.932327256,-1.629242904,4.271821855,0.654089492,0.838772221,0.128430472
1.250882833,0.994940437,-0.44220366,1.480139474,5.067178185,-1.668252386,4.381613587,0.679148688,0.860329828,0.133350845
1.251916667,1.0216855,-0.454267233,1.48077699,5.203389356,-1.713763283,4.509703476,0.68726997,0.885480278,0.134945459
1.252925467,1.050038433,-0.46725925,1.481365647,5.347789322,-1.762776814,4.647651489,0.693721923,0.91256637,0.1362123
1.253964767,1.079287933,-0.478223267,1.481971518,5.496755454,-1.804139535,4.764066389,0.726273155,0.935424435,0.142603734
1.254967433,1.1090419,-0.49601525,1.482533281,5.648290807,-1.871261365,4.952979997,0.688894901,0.972517622,0.135264514
1.256118933,1.141015733,-0.507668723,1.483210982,5.811131822,-1.915225123,5.076715483,0.72800043,0.996813085,0.142942884
1.257214633,1.171081633,-0.520613847,1.483861155,5.964255836,-1.964061745,5.214165587,0.743674339,1.023801413,0.146020457
1.2581851,1.200275133,-0.535045543,1.484399023,6.112936763,-2.018506596,5.367399987,0.739120866,1.053888987,0.145126382
1.259141367,1.228974633,-0.54584845,1.484930011,6.259101774,-2.059261516,5.482104235,0.770581629,1.076411167,0.151303703
1.260141933,1.2585754,-0.560898223,1.485491944,6.409856888,-2.116038116,5.641901315,0.761539663,1.107787323,0.149528313
1.261093267,1.288820267,-0.572778047,1.485995098,6.563892369,-2.160855799,5.768040164,0.789436295,1.132554686,0.155005817
1.262147533,1.318657867,-0.584243817,1.486607222,6.715853663,-2.20411143,5.889782633,0.81965512,1.15645882,0.160939283
1.2632011,1.349499167,-0.597960333,1.487203772,6.872926746,-2.255858201,6.035423319,0.831087518,1.185055369,0.163184034
1.264185767,1.380014567,-0.61058684,1.487736251,7.028340039,-2.303492813,6.169490381,0.852433748,1.211379436,0.167375366
1.265152733,1.411144933,-0.626903793,1.488241917,7.186885324,-2.365049962,6.34274226,0.837727154,1.245397443,0.164487727
1.266129733,1.442788167,-0.63800822,1.488750017,7.348042611,-2.406942393,6.460648019,0.880978682,1.268548239,0.172980164
1.267085333,1.473997533,-0.65238575,1.489243147,7.506990239,-2.461182895,6.613307283,0.887267046,1.298522885,0.174214884
1.268164367,1.505877533,-0.665955247,1.489849771,7.669353366,-2.51237502,6.757386924,0.905550532,1.326812923,0.177804847
1.2692122,1.538779367,-0.67951993,1.490410054,7.836920635,-2.563548987,6.901415458,0.929089267,1.355092925,0.182426678
1.270150433,1.571237567,-0.69066419,1.490867311,8.002228504,-2.605591693,7.019744164,0.976068429,1.378326767,0.191651036
1.271195267,1.603773733,-0.706660947,1.491430013,8.167933452,-2.665940871,7.189596225,0.971921318,1.411677219,0.190836751
1.272129233,1.636603833,-0.7233814,1.491877492,8.335135387,-2.729020259,7.367132428,0.96158705,1.446536452,0.188807617
1.2731526,1.6698632,-0.734731373,1.49240801,8.504523555,-2.771839036,7.487645379,1.010462266,1.47019917,0.198404266
1.274153233,1.703439233,-0.748328567,1.492911103,8.675524489,-2.82313565,7.632019101,1.037089478,1.498546951,0.203632519
1.275200333,1.737457633,-0.762399913,1.493454107,8.848778372,-2.876221049,7.781427339,1.060935123,1.527883258,0.208314611
1.276153867,1.7707699,-0.776958287,1.493914008,9.018435956,-2.931143798,7.93600678,1.076013267,1.558234931,0.211275205
1.277181633,1.805690867,-0.793019157,1.494424304,9.196286563,-2.99173485,8.106539589,1.083331064,1.591719048,0.212712054
1.2781425,1.840343233,-0.808478613,1.494871681,9.372769205,-3.050057016,8.270686649,1.095666646,1.623949323,0.215134146
1.2791595,1.874089133,-0.821855147,1.495388623,9.54463526,-3.100521171,8.412717424,1.125501927,1.651837066,0.220992303
1.280155667,1.9094246,-0.83747526,1.495861176,9.724596893,-3.159449428,8.57857032,1.139610663,1.684402282,0.223762554
1.281186667,1.944580133,-0.854165353,1.49637123,9.903642136,-3.222414281,8.755784164,1.141442062,1.719198221,0.224122149
1.2821758,1.980034633,-0.86542195,1.496834987,10.08421,-3.264880786,8.87530565,1.202488439,1.742666264,0.236108605
1.283089633,2.0156904,-0.880696337,1.497220461,10.2658029,-3.32250476,9.037487654,1.22189934,1.774510701,0.239919935
1.284123967,2.051332367,-0.894964517,1.49772664,10.44732552,-3.37633273,9.188985849,1.251923765,1.804257371,0.245815231
1.2851787,2.086759233,-0.91348044,1.498256406,10.62775265,-3.446185687,9.385586185,1.235750558,1.842859847,0.242639622
1.2861387,2.123768667,-0.927970747,1.498667988,10.81623971,-3.500851649,9.5394429,1.270380898,1.873069613,0.249439289
1.287142467,2.1596965,-0.945482253,1.499139364,10.99921823,-3.566915356,9.725378434,1.267423889,1.909578055,0.248858681
1.288182233,2.196156333,-0.96030933,1.499638857,11.1849062,-3.622851813,9.882810941,1.295679354,1.940489928,0.254406641
1.289115267,2.233661567,-0.97698468,1.500016125,11.37591834,-3.685761044,10.05986824,1.309634192,1.975255129,0.257146674
1.290138533,2.270286867,-0.991221413,1.500496666,11.56244903,-3.739470379,10.21103254,1.345000579,2.004936239,0.264090864
1.291232867,2.3067084,-1.001716573,1.501051293,11.74794194,-3.779064297,10.32246916,1.419056868,2.02681682,0.278631816
1.292133733,2.3444682,-1.022107167,1.501392622,11.94025057,-3.855989613,10.53897457,1.394860095,2.069327656,0.27388078
1.293159833,2.382291233,-1.038962633,1.501858248,12.13288125,-3.91957835,10.71794433,1.408521009,2.104468369,0.2765631
1.294162867,2.420064933,-1.053436367,1.502301538,12.32526067,-3.974181788,10.87162507,1.447219692,2.134643583,0.284161587
1.295136233,2.457664467,-1.069504567,1.502717742,12.51675308,-4.034800493,11.04223571,1.468101456,2.168142982,0.288261721
1.296184833,2.494889167,-1.0860959,1.503214734,12.70633647,-4.097392764,11.21840093,1.481519634,2.202733023,0.29089638
1.2971848,2.530951667,-1.1021059,1.503680315,12.89000085,-4.157791904,11.38839361,1.495191332,2.236111085,0.293580818
1.2982014,2.567680067,-1.118304133,1.504152661,13.07705662,-4.218901171,11.56038493,1.510255779,2.269881581,0.296538722
1.299126933,2.6063413,-1.135223733,1.504505299,13.2739562,-4.282731857,11.74003565,1.527504639,2.305156,0.299925536
1.300107767,2.644998,-1.1522836,1.504913305,13.4708327,-4.347091712,11.92117571,1.543241073,2.340722851,0.303015385
1.301157367,2.6834215,-1.165139833,1.505393532,13.66652152,-4.395592988,12.05768199,1.602423616,2.367525859,0.314635877
1.302174867,2.7233412,-1.184386067,1.505819489,13.8698304,-4.468201104,12.26203669,1.601377805,2.407650904,0.314430532
1.303155267,2.7622493,-1.2030456,1.506223336,14.06798727,-4.538595843,12.46016186,1.601409495,2.446552782,0.314436754
1.304191333,2.800928833,-1.216778,1.506686236,14.26498005,-4.590402535,12.6059712,1.652592946,2.475182445,0.324486625
1.3051144,2.840176133,-1.2319151,1.507027723,14.46486444,-4.647508583,12.7666955,1.69175303,2.506740662,0.332175707
1.306077667,2.880400367,-1.247388533,1.507394934,14.6697243,-4.705883477,12.93099097,1.732317426,2.539000076,0.340140527
1.307179767,2.920778333,-1.2673343,1.5078987,14.87536712,-4.781130645,13.14277324,1.726177964,2.580583526,0.338935043
1.308174833,2.960301633,-1.2852788,1.508308097,15.07665716,-4.848827857,13.33330626,1.736934991,2.617994684,0.341047185
1.3091756,3.000582133,-1.3000302,1.508711974,15.28180358,-4.904478817,13.48993524,1.785452433,2.648748784,0.350573585
1.310208333,3.0398492,-1.313466833,1.509162835,15.48178864,-4.955169704,13.63260415,1.842768583,2.676761825,0.361827611
1.311127567,3.080687333,-1.331290833,1.509476915,15.68977506,-5.022412319,13.82185771,1.861501443,2.713921761,0.365505808
1.312121933,3.120470467,-1.356091067,1.509881762,15.89238842,-5.115973391,14.08518426,1.800788255,2.765625929,0.353584774
1.3131651,3.162485867,-1.371680067,1.51030233,16.1063706,-5.174784271,14.2507068,1.849247891,2.798126279,0.363099823
1.314184233,3.202312367,-1.381932233,1.510731301,16.30920482,-5.213461476,14.35956334,1.943225573,2.819500262,0.381552341
1.315164467,3.2433057,-1.398771433,1.511104082,16.51798167,-5.276988846,14.53836038,1.973205373,2.854607061,0.387438875
1.316176533,3.284925133,-1.4195295,1.511499418,16.7299472,-5.355300487,14.75876759,1.964763708,2.897884015,0.385781354
1.317122733,3.324600867,-1.4277279,1.511857689,16.93201358,-5.386229675,14.84581743,2.079780244,2.914976252,0.408364851
1.318110133,3.366620933,-1.454987367,1.512222422,17.14601952,-5.489068422,15.13525588,2.004347729,2.971807493,0.393553677
1.319197167,3.4071257,-1.467798267,1.512709242,17.35230812,-5.537398675,15.27128082,2.074611396,2.998515989,0.407349948
1.320199933,3.449181633,-1.481807967,1.51308881,17.56649673,-5.590251506,15.4200345,2.140046325,3.027723773,0.420198096
1.321187567,3.4911278,-1.500078933,1.513454871,17.78012631,-5.659180342,15.61403391,2.15967649,3.065815557,0.424052479
1.322155833,3.532551,-1.523783533,1.513809315,17.99109244,-5.748608041,15.86572712,2.118949405,3.11523552,0.416055716
1.323143267,3.574973167,-1.5441603,1.514168123,18.20714625,-5.825481194,16.08208572,2.118644625,3.157717531,0.415995872
1.324129733,3.615519233,-1.5550968,1.514553764,18.41364519,-5.866740106,16.19820845,2.209020834,3.180518229,0.433741241
1.3251632,3.658516633,-1.571365967,1.514950081,18.63262864,-5.928116975,16.37095293,2.255259798,3.214436608,0.442820261
1.326180367,3.698564133,-1.5861111,1.51537381,18.83658841,-5.983744294,16.52751537,2.302657123,3.245177643,0.452126726
1.3271585,3.7410799,-1.603457933,1.515721931,19.05311892,-6.049186756,16.71170242,2.335000591,3.28134277,0.458477366
1.328122833,3.785523033,-1.625455,1.516027691,19.27946541,-6.132172634,16.94526521,2.327784292,3.327202824,0.457060446
1.329133167,3.826693433,-1.645788633,1.516427948,19.48914405,-6.208883062,17.16116582,2.321562318,3.369594908,0.455838761
1.3301674,3.869744467,-1.6630077,1.516824237,19.70840065,-6.273843513,17.34399625,2.357988485,3.405493664,0.462991039
1.331133967,3.911789967,-1.678407967,1.517167759,19.92253612,-6.33194238,17.50751484,2.408605372,3.437600538,0.472929665
1.332186533,3.9549253,-1.693167533,1.517581132,20.14222205,-6.38762415,17.66423053,2.471575614,3.468371664,0.485293872
1.333185833,3.997779767,-1.7159858,1.5179454,20.36047755,-6.473708077,17.90651274,2.447548897,3.515943777,0.480576226
1.334131833,4.040452033,-1.7309361,1.518259068,20.57780511,-6.530109405,18.06525362,2.506135577,3.547112549,0.49207972
1.335158667,4.084101867,-1.749148433,1.518639084,20.80011137,-6.598817042,18.25863047,2.535064987,3.585082093,0.49776001
1.336196967,4.126138033,-1.7632704,1.519054478,21.0141993,-6.652093409,18.40857618,2.59920721,3.614523934,0.510354336
1.3371341,4.170225767,-1.786708467,1.519338305,21.23873576,-6.740515587,18.65743938,2.574880475,3.663388221,0.505577781
1.3381648,4.212330667,-1.806010133,1.51974508,21.45317375,-6.81333283,18.86238266,2.584375185,3.703628835,0.507442068
1.3392175,4.2573455,-1.828214333,1.520130735,21.68243188,-6.897100137,19.09814477,2.577871201,3.749920726,0.50616501
1.340116867,4.299658433,-1.831919867,1.520403095,21.89792938,-6.911079589,19.13748978,2.754023692,3.757646117,0.540752552
1.341119733,4.342738,-1.8529357,1.520767594,22.1173313,-6.990363678,19.36063392,2.750281466,3.80146047,0.540017766
1.342184367,4.387227833,-1.877844867,1.521172962,22.34391563,-7.08433571,19.62511711,2.712382604,3.853391745,0.532576324
1.343154433,4.4305296,-1.8967321,1.521501369,22.5644492,-7.155589467,19.82565998,2.732373305,3.892768338,0.536501498
1.3441531,4.473789067,-1.9098736,1.521859002,22.78476734,-7.205166937,19.9651952,2.813156231,3.920166077,0.552363226
1.3451594,4.518585833,-1.9352021,1.522201489,23.01291486,-7.300720942,20.23413083,2.772368122,3.972971589,0.544354481
1.3461439,4.560533067,-1.9369457,1.522564401,23.22654987,-7.307298827,20.25264421,2.967489747,3.976606691,0.582666612
1.347164833,4.606120733,-1.961331033,1.522909801,23.45872541,-7.399294652,20.51156539,2.940744104,4.027445865,0.577415105
1.3481415,4.649577633,-1.9803308,1.523242509,23.68004906,-7.470972951,20.71330313,2.960330022,4.06705707,0.5812608
1.349211967,4.693327767,-1.9966862,1.523664671,23.90286614,-7.532675142,20.88696323,3.009486999,4.10115523,0.590912772
1.350151567,4.737892333,-2.0240461,1.523943899,24.12983108,-7.635892783,21.17746808,2.945947094,4.158195858,0.578436712
1.351122867,4.782203667,-2.0307742,1.524258579,24.35550632,-7.661275135,21.24890641,3.100183999,4.172222775,0.608721128
1.352191033,4.825897367,-2.048143233,1.524679278,24.57803599,-7.726801348,21.43332918,3.138290901,4.208434184,0.616203418
1.353160333,4.869114867,-2.077186967,1.525008166,24.7981404,-7.836371399,21.74171281,3.050011673,4.268985311,0.598869792
1.354140233,4.914751067,-2.090291033,1.525311814,25.03056311,-7.885807648,21.88085056,3.143296638,4.296305008,0.617186295
1.3552187,4.959466933,-2.1098616,1.525727666,25.25829862,-7.959639341,22.088649,3.163233705,4.337106231,0.621100938
1.356149467,5.003131533,-2.130842833,1.526011396,25.48068008,-8.038792897,22.31142577,3.162838401,4.380848449,0.62102332
1.357092667,5.0488933,-2.144317167,1.526276483,25.7137423,-8.089626011,22.45449497,3.252831414,4.408940088,0.638693448
1.358206067,5.0921348,-2.1549289,1.526749116,25.93396893,-8.129659713,22.56716936,3.360383662,4.431063704,0.659811332
1.359161967,5.137601033,-2.178992733,1.527031282,26.16552602,-8.22044265,22.82267688,3.336433223,4.481232606,0.655108663
1.360112,5.1830176,-2.194950667,1.527308318,26.39683015,-8.280645364,22.99211672,3.398297519,4.514502118,0.667255718
1.361218933,5.228582533,-2.2177139,1.527740054,26.62888991,-8.366521674,23.2338146,3.388659402,4.561959496,0.665363274
1.3621547,5.2727294,-2.2315671,1.528021638,26.85372753,-8.418784095,23.38090657,3.466405045,4.590841005,0.680628631
1.363097067,5.316500033,-2.249625433,1.528315397,27.07664901,-8.486910753,23.57264826,3.497584841,4.628489486,0.686750784
1.3641893,5.361061267,-2.270023567,1.528747307,27.30359698,-8.563864514,23.78923372,3.507947344,4.671016042,0.688785461
1.365175467,5.409984267,-2.297345333,1.529008516,27.55275919,-8.666938293,24.07933368,3.467009601,4.727977168,0.680747335
1.366193267,5.451022,-2.3040606,1.529418206,27.76176216,-8.69227223,24.15063575,3.604710501,4.741977329,0.707784907
1.3671875,5.4998096,-2.331583567,1.529689488,28.01023478,-8.796105054,24.44287202,3.560946851,4.799357922,0.699191914
1.3681706,5.541496733,-2.347109867,1.530054854,28.22254512,-8.854679393,24.60772882,3.608400386,4.831727554,0.708509416
1.369145,5.587914767,-2.356773867,1.530341416,28.45894966,-8.891137687,24.71034026,3.742193491,4.851875311,0.734779692
1.3701446,5.6339752,-2.389947033,1.530658477,28.69353298,-9.01628639,25.06256983,3.624547234,4.921035587,0.711679849
1.371193033,5.679463367,-2.399387433,1.531032852,28.92520177,-9.051901133,25.16280711,3.755978742,4.940717177,0.737486426
1.372218533,5.723801933,-2.407163733,1.531401328,29.1510157,-9.081237912,25.24537514,3.899224657,4.956929408,0.765612761
1.3731539,5.771646033,-2.4425432,1.531627725,29.39468313,-9.214710077,25.62103099,3.767236233,5.030689435,0.739696834
1.374171633,5.816524333,-2.4448104,1.531980437,29.6232459,-9.223263289,25.64510391,3.971726086,5.035416152,0.779848417
1.375161367,5.861266633,-2.4692542,1.532307164,29.85111603,-9.315479685,25.90464588,3.940054243,5.086377219,0.773629651
1.376110133,5.908149733,-2.487881033,1.532561201,30.08988914,-9.385751059,26.10242385,3.981049385,5.125210923,0.781679047
1.3771735,5.951351,-2.501394833,1.532984397,30.30991087,-9.436733064,26.24591211,4.057582856,5.153384842,0.796706394
1.3782279,5.998530267,-2.521396967,1.533339679,30.55019234,-9.51219288,26.45829288,4.085483552,5.195085807,0.802184695
1.379130733,6.0446736,-2.546179033,1.533558745,30.78519786,-9.605685416,26.72142654,4.057355413,5.246752101,0.796661735
1.3801347,6.090294067,-2.564942367,1.533886692,31.01754045,-9.67647175,26.92065385,4.090470687,5.285870383,0.803163919
1.381188367,6.1358315,-2.587915133,1.53426557,31.24946015,-9.763138542,27.16457653,4.078467709,5.333764602,0.800807135
1.382107533,6.181038067,-2.5987501,1.534514851,31.47969476,-9.804014411,27.27962119,4.193657665,5.35635362,0.823424683
1.383147867,6.228330933,-2.616928567,1.534854383,31.72055479,-9.872594283,27.47263844,4.241500442,5.394252558,0.832818612
1.3842048,6.273587867,-2.6283926,1.535240684,31.95104592,-9.915843362,27.59436247,4.350267542,5.418153071,0.854175032
1.3851307,6.319568667,-2.6527082,1.535485225,32.18522367,-10.00757611,27.85254323,4.326264528,5.468846863,0.84946204
1.386144,6.367206933,-2.6748913,1.535792605,32.4278428,-10.09126382,28.0880813,4.333345588,5.515094763,0.850852406
1.3871656,6.411314167,-2.691458867,1.53616061,32.65247857,-10.15376643,28.26399417,4.38206849,5.549635255,0.860419148
1.388113033,6.457361067,-2.7121361,1.536425705,32.88699295,-10.23177312,28.48354309,4.397033956,5.592743686,0.863357617
1.389126167,6.5048938,-2.734799767,1.536734482,33.12907461,-10.3172738,28.72418377,4.398474928,5.639993484,0.863640552
1.390172433,6.5511166,-2.752161033,1.537095804,33.36448485,-10.38277071,28.90852407,4.449544866,5.676188702,0.873668134
1.391118733,6.596785533,-2.7628816,1.537365366,33.59707427,-10.423215,29.02235404,4.568304319,5.698539216,0.896986553
1.3921307,6.6439721,-2.778475033,1.537678107,33.83739292,-10.48204261,29.18792365,4.643053357,5.731048809,0.911663527
1.393152,6.688518667,-2.796111833,1.538039301,34.06426619,-10.54857899,29.37518954,4.682660741,5.767818466,0.919440437
1.3941499,6.735343133,-2.821487433,1.53834334,34.30274068,-10.64431069,29.64462528,4.651699496,5.820722173,0.913361196
1.395146367,6.7837469,-2.838483233,1.538622544,34.54925847,-10.70842884,29.82508509,4.717757471,5.856155457,0.926331679
1.3961652,6.827561733,-2.853325533,1.538992114,34.77240506,-10.76442273,29.98267923,4.783309915,5.887099068,0.939202902
1.397156733,6.875658833,-2.8798237,1.539270929,35.01736101,-10.86438941,30.26403428,4.746910815,5.942343131,0.932055939
1.398142967,6.921475733,-2.887779467,1.539578232,35.25070401,-10.89440324,30.34850786,4.895780242,5.958929519,0.96128645
1.3991568,6.968374567,-2.9104349,1.539897103,35.48955725,-10.97987286,30.58906113,4.894080216,6.006162152,0.96095265
1.400200367,7.014680067,-2.929940133,1.540254499,35.72538868,-11.05345808,30.79616586,4.922806904,6.046827167,0.966593136
1.401154033,7.062455,-2.943042833,1.540500221,35.96870385,-11.10288917,30.9352891,5.026998834,6.074144015,0.987051221
1.4021014,7.108062433,-2.965194167,1.540771762,36.20098005,-11.18645704,31.17048988,5.024074264,6.120325688,0.986476982
1.403169333,7.1547845,-2.9717284,1.541147352,36.43893303,-11.21110801,31.23986975,5.192647363,6.133948426,1.01957631
1.4041465,7.200718867,-2.999772933,1.541443848,36.67287429,-11.31690849,31.53764398,5.128814403,6.192416395,1.007042708
1.405099133,7.2487777,-3.015630567,1.541684329,36.91763535,-11.37673281,31.70601884,5.205200597,6.225476799,1.022041137
1.406240733,7.294429633,-3.0401473,1.542149444,37.15013819,-11.46922436,31.96633521,5.177387068,6.276589919,1.016579951
1.407164767,7.3409238,-3.047972133,1.542384511,37.38693048,-11.49874423,32.04941856,5.331096016,6.292903333,1.046760703
1.408098,7.386414067,-3.057892333,1.542643654,37.61860997,-11.53616906,32.15475031,5.457443747,6.313585223,1.07156908
1.409189033,7.435364867,-3.081856433,1.543009318,37.86791376,-11.62657575,32.40919887,5.452298978,6.363546198,1.070558904
1.4101437,7.482472733,-3.1109523,1.543265925,38.10783159,-11.73634248,32.71813605,5.383279632,6.424206014,1.057006956
1.411149333,7.529534167,-3.13285,1.543574186,38.34751294,-11.81895348,32.95064377,5.390453261,6.469858905,1.058415498
1.412238867,7.575617967,-3.140958733,1.543980834,38.58221526,-11.8495444,33.03674154,5.539057809,6.486764202,1.087594001
1.413125767,7.6224904,-3.1635502,1.544173163,38.82093405,-11.9347727,33.27661562,5.537902521,6.533863476,1.08736716
1.4141039,7.6724437,-3.187152867,1.544411072,39.07534352,-12.02381585,33.52722651,5.541701096,6.583070926,1.08811301
1.4151471,7.716728533,-3.193799167,1.544798044,39.3008838,-12.0488896,33.5977963,5.696671583,6.596927304,1.118541465
1.4161547,7.764216267,-3.207800133,1.545101955,39.54273627,-12.10170949,33.74645725,5.789863108,6.626116881,1.136839621
1.41718,7.8095131,-3.234018933,1.545456032,39.77343061,-12.20062223,34.02484601,5.74216869,6.680778514,1.127474822
1.418200767,7.858191367,-3.256973833,1.545755468,40.02134641,-12.28722161,34.26857898,5.746351514,6.728635483,1.12829612
1.419121033,7.904774333,-3.264621267,1.545985452,40.25859095,-12.31607223,34.34977871,5.902396331,6.74457905,1.15893552
1.4201201,7.952090567,-3.277070133,1.546283371,40.49956999,-12.36303668,34.48195961,6.011194468,6.770532769,1.180298034
1.421090367,8.000010933,-3.303922433,1.546543538,40.74362584,-12.46433936,34.76707481,5.970135121,6.826515139,1.172236031
1.4221175,8.046507533,-3.324630667,1.546881669,40.98043052,-12.542463,34.98695288,5.987061729,6.869688199,1.175559571
1.423195667,8.093117567,-3.333117733,1.547269153,41.21781292,-12.57448121,35.07706776,6.134329248,6.887382255,1.204475548
1.4241485,8.1414841,-3.359267333,1.547505275,41.46414107,-12.67313288,35.35472176,6.103003406,6.941899617,1.198324719
1.4251348,8.188350667,-3.375848167,1.54779709,41.70282998,-12.73568554,35.53077549,6.16563858,6.976467768,1.210623135
1.426125833,8.234254833,-3.397717367,1.5481079,41.93661743,-12.81818903,35.7629806,6.167220923,7.022061241,1.210933828
1.427106467,8.2831882,-3.410261533,1.548363423,42.18583244,-12.86551301,35.89617339,6.283243146,7.048213644,1.233714792
1.428163,8.3289321,-3.418954067,1.548742108,42.41880367,-12.89830636,35.98846989,6.423917868,7.066336063,1.261336273
1.429203767,8.3758799,-3.440340033,1.549087186,42.65790629,-12.97898681,36.21554408,6.435946305,7.110922079,1.263698057
1.430129867,8.424332,-3.455278967,1.549295307,42.90467023,-13.03534525,36.37416427,6.524090056,7.142067154,1.281005082
1.431170867,8.4719982,-3.4871235,1.549629973,43.14743163,-13.15548157,36.71228653,6.428729186,7.20845746,1.262280976
1.432163267,8.5186313,-3.503031733,1.549931349,43.3849315,-13.21549679,36.88119866,6.497316931,7.241623357,1.275748179
1.433090667,8.566918067,-3.530209833,1.550143219,43.63085341,-13.31802857,37.16977317,6.454664326,7.298284962,1.26737334
1.434160367,8.6125247,-3.529689867,1.550537105,43.86312554,-13.31606695,37.16425222,6.692457416,7.297200922,1.314064014
1.435243033,8.663198467,-3.553112967,1.550868871,44.12120431,-13.40443267,37.41295649,6.701831911,7.346034007,1.315904696
1.436169667,8.711404133,-3.5660413,1.551081176,44.36671318,-13.45320595,37.55022832,6.810068951,7.372987331,1.337157039
1.437212433,8.759897233,-3.588302367,1.551405356,44.61368593,-13.53718779,37.78659424,6.820675789,7.419397778,1.339239691
1.438190467,8.8039792,-3.5991649,1.551730168,44.83819302,-13.57816765,37.9019316,6.929845517,7.442044269,1.360675167
1.4391919,8.8536943,-3.6296427,1.551994907,45.09138936,-13.69314785,38.22554201,6.859431432,7.505585174,1.346849362
1.440215,8.899672533,-3.635982667,1.552336686,45.32555403,-13.71706593,38.29285918,7.026278933,7.518802901,1.379609869
1.4412189,8.949851667,-3.660104433,1.552597015,45.58111366,-13.80806743,38.54898184,7.02571591,7.569092584,1.379499319
1.4422133,8.999062867,-3.669618933,1.552862187,45.83174366,-13.84396172,38.65000591,7.175321839,7.58892866,1.408874443
1.443197767,9.042173367,-3.692655333,1.553207828,46.05130312,-13.93086858,38.89460424,7.150282967,7.636955542,1.403958061
1.444185467,9.091163633,-3.706383233,1.553469574,46.30080791,-13.98265829,39.04036579,7.25402621,7.665575823,1.424328046
1.445240467,9.136445667,-3.723813533,1.553853569,46.53142687,-14.04841564,39.22543908,7.299571884,7.701914963,1.433270939
1.446242,9.187201833,-3.7499938,1.554102981,46.7899253,-14.14718301,39.50341869,7.280090701,7.75649626,1.429445809
1.447187167,9.2338794,-3.762095833,1.554356464,47.02765164,-14.192839,39.63191695,7.389318786,7.781726892,1.450892744
1.4482284,9.2796049,-3.772266933,1.554720121,47.26052916,-14.23121037,39.73991273,7.514200516,7.802931865,1.475413271
1.449162567,9.329370833,-3.7936987,1.55491684,47.51398438,-14.31206361,39.96747322,7.540095255,7.847613366,1.480497703
1.4501882,9.373073233,-3.8140479,1.555294876,47.73655836,-14.38883276,40.18353911,7.546603335,7.890037905,1.481775565
1.451258333,9.425266267,-3.8370065,1.555591596,48.00237467,-14.47544611,40.42731137,7.56864739,7.937902588,1.486103915
1.452227033,9.471699067,-3.8453525,1.555872239,48.23885443,-14.50693213,40.51592842,7.716510101,7.955302544,1.515136758
1.453198767,9.518301033,-3.859387167,1.556153409,48.47619574,-14.55987915,40.66494719,7.804832641,7.98456238,1.532478889
1.4542404,9.567081133,-3.877821367,1.556472203,48.72463017,-14.6294238,40.86067979,7.857534465,8.022994477,1.542826892
1.455177633,9.6117576,-3.899946467,1.556747405,48.95216501,-14.7128927,41.09560203,7.850147075,8.069121458,1.541376378
1.4562003,9.662707633,-3.916672733,1.557015077,49.21165079,-14.77599401,41.27319996,7.932034928,8.103992811,1.557455058
1.4572674,9.705077833,-3.921632467,1.557454322,49.42743995,-14.79470505,41.32586194,8.095162097,8.114332992,1.589485078
1.458213167,9.758948833,-3.959360533,1.55760181,49.70180205,-14.93703751,41.72645501,7.968931136,8.192989441,1.564699629
1.4591428,9.801769933,-3.954216967,1.557896906,49.91988762,-14.91763295,41.6718411,8.241630606,8.182266,1.618244169
1.460162767,9.852801633,-3.985341167,1.558160668,50.17978932,-15.03505175,42.00231493,8.171058479,8.247154537,1.604387332
1.4611608,9.8961885,-3.994239,1.55851578,50.4007563,-15.06861961,42.09679129,8.297549101,8.26570497,1.629223766
1.462218833,9.9457998,-4.000236167,1.558838657,50.65342399,-15.09124445,42.16046864,8.486539433,8.278208018,1.666332018
1.463225867,9.993895833,-4.028684767,1.559132987,50.8983745,-15.19856931,42.46253321,8.429425384,8.337518395,1.655117674
1.4642354,10.04190187,-4.045918633,1.559431151,51.14286665,-15.26358559,42.64552079,8.490929954,8.373448006,1.667194096
1.4651755,10.09021083,-4.059395467,1.559655392,51.38890162,-15.31442814,42.78861654,8.593869175,8.401544857,1.687406212
1.4661671,10.13678933,-4.086413867,1.559956777,51.62612342,-15.41635744,43.07549537,8.544212138,8.457873516,1.677656053
1.467186467,10.1863487,-4.095317533,1.560241756,51.87852661,-15.44994731,43.17003367,8.702077033,8.476436111,1.708652825
1.468241567,10.23175267,-4.116915433,1.560624045,52.10976657,-15.5314273,43.39935814,8.703992522,8.521463971,1.709028932
1.469233067,10.27898067,-4.123105133,1.560915705,52.35029624,-15.55477849,43.4650798,8.878800535,8.534368418,1.743352485
1.4702223,10.33126533,-4.157000367,1.561130167,52.61657924,-15.68265125,43.8249762,8.785187128,8.605034077,1.724971493
1.4711979,10.37552433,-4.1652492,1.561449922,52.84198795,-15.7137707,43.91256154,8.923010499,8.622231458,1.752033112
1.472141133,10.42499467,-4.1923472,1.561660087,53.0939377,-15.8160003,44.20028556,8.887236229,8.678726069,1.745008834
1.473185233,10.471805,-4.191963033,1.562010536,53.33234021,-15.814551,44.19620651,9.129717787,8.677925149,1.792620088
1.4742908,10.52070067,-4.230244167,1.562391551,53.58136321,-15.95896996,44.60267199,8.972275311,8.757734645,1.761706257
1.475248067,10.567556,-4.2289478,1.562654499,53.81999491,-15.9540793,44.58890729,9.224671706,8.755031947,1.811264289
1.476214867,10.61204,-4.252737667,1.562962121,54.04654953,-16.04382867,44.84150586,9.198627757,8.804629676,1.80615056
1.477269167,10.66805033,-4.264919767,1.563186441,54.33180715,-16.08978672,44.97085426,9.354536982,8.830027233,1.836763336
1.478244067,10.72092867,-4.284590533,1.563377772,54.60111366,-16.16399643,45.17971661,9.414981139,8.871037356,1.848631547
1.4793034,10.76865367,-4.3061101,1.5637299,54.84417452,-16.2451809,45.40820935,9.429549261,8.915901905,1.851491997
1.480353433,10.81730767,-4.314478067,1.564058963,55.09196673,-16.27674979,45.49705963,9.588491185,8.933347659,1.882700244
1.481307367,10.86376533,-4.330839333,1.564324471,55.32857313,-16.33847411,45.67078202,9.651375192,8.967458051,1.895047519
1.482331733,10.911877,-4.337230067,1.564635903,55.57360326,-16.36258372,45.73863823,9.828549119,8.980781617,1.929835619
1.4832783,10.96020533,-4.379131467,1.564866324,55.81973686,-16.52066045,46.18354336,9.629777593,9.068138739,1.89080683
1.484287733,11.00722833,-4.3736388,1.565178955,56.05922248,-16.49993888,46.12522274,9.927583824,9.056687486,1.949281084
1.485315667,11.05667167,-4.4011369,1.56547422,56.31103472,-16.6036779,46.41719499,9.887423821,9.114016236,1.941395667
1.486352833,11.10605133,-4.4104282,1.565779663,56.56252271,-16.63873015,46.51584914,10.04025766,9.133386978,1.971404591
1.4874066,11.159889,-4.424524767,1.566035645,56.83671505,-16.69191069,46.66552516,10.16477398,9.162775865,1.995853371
1.488386367,11.206243,-4.442369767,1.566328522,57.07279348,-16.75923253,46.85500169,10.21137588,9.199979582,2.005003654
1.489433367,11.263279,-4.475851233,1.566530344,57.36327476,-16.88554432,47.21050476,10.14635409,9.26978261,1.992236626
1.490477133,11.30866233,-4.476973667,1.566901605,57.59440964,-16.8897788,47.22242265,10.36557108,9.272122688,2.035279881
1.491492567,11.363507,-4.498567733,1.567104332,57.87373058,-16.97124433,47.45170643,10.41560825,9.317142557,2.045104679
1.492504067,11.40906867,-4.521362,1.567440684,58.1057737,-17.05723771,47.69373381,10.40562398,9.364664633,2.043144269
1.4935316,11.45473167,-4.5270039,1.567791568,58.33833291,-17.07852228,47.75363897,10.57827803,9.376427013,2.07704489
1.494457467,11.505835,-4.547889567,1.567960168,58.59859944,-17.1573153,47.97540102,10.61678251,9.419969991,2.084605246
1.4954823,11.551949,-4.571711067,1.568301669,58.83345556,-17.24718401,48.22833547,10.59870418,9.46963367,2.081055566
1.496495367,11.59655067,-4.578550967,1.568653813,59.06060946,-17.27298814,48.30096089,10.75323266,9.48389367,2.111397233
1.4974662,11.64471667,-4.597031767,1.568910907,59.30591631,-17.34270859,48.49718829,10.80231211,9.52242292,2.121033983
1.498487333,11.69205867,-4.615924,1.569230511,59.54702657,-17.41398121,48.69778425,10.84282641,9.561809937,2.128988966
1.499504533,11.74557867,-4.6392633,1.569454633,59.81960105,-17.50203078,48.94559874,10.8675864,9.610468313,2.13385059
1.50045,11.789259,-4.631290567,1.56975283,60.04206264,-17.47195294,48.86094501,11.17470173,9.593846552,2.194152684
1.501448867,11.84120333,-4.667880733,1.569981969,60.30661234,-17.60999258,49.24945596,11.05074047,9.670130678,2.169812891
1.502555933,11.880532,-4.6740257,1.57050625,60.50691113,-17.63317501,49.31470264,11.18579258,9.682941864,2.196330373
1.503476567,11.934336,-4.696119,1.570629598,60.78093201,-17.71652394,49.54928723,11.22522887,9.729002547,2.204073689
1.504483,11.98269367,-4.709765133,1.570919451,61.02721501,-17.76800518,49.69418059,11.32661851,9.757452358,2.223981544
1.505509467,12.02917867,-4.711688667,1.571257087,61.26396061,-17.77526188,49.71460448,11.54294022,9.761462591,2.266456312
1.506464633,12.080135,-4.7613767,1.571457166,61.52347848,-17.96271438,50.24218736,11.27487522,9.865053487,2.213821749
1.507476567,12.12521833,-4.756851033,1.57180104,61.75308548,-17.9456409,50.19413425,11.55253531,9.855618261,2.268340309
1.5085207,12.17295333,-4.771071767,1.57213782,61.99619727,-17.99928987,50.34512866,11.64465269,9.885266013,2.286427556
1.509520867,12.22234633,-4.779117567,1.572406065,62.24775316,-18.02964336,50.43055821,11.81077904,9.902040105,2.319046464
1.510482067,12.26894633,-4.813493567,1.57267673,62.48508446,-18.15932986,50.79555935,11.6831092,9.973708079,2.29397849
1.511449867,12.31425833,-4.798704167,1.572973082,62.71585604,-18.10353554,50.63852689,12.07091324,9.942874755,2.370123814
1.5124977,12.36209367,-4.818772967,1.573312075,62.95947882,-18.17924687,50.85161553,12.10144739,9.984714709,2.376119194
1.5134995,12.40914967,-4.832225033,1.573616584,63.1991325,-18.22999598,50.99444831,12.19826828,10.01275993,2.395129978
1.51452,12.45925867,-4.848921467,1.573894552,63.45433495,-18.29298475,51.17172947,12.27618957,10.04756908,2.410429822
1.515529033,12.50613233,-4.8688836,1.574208996,63.69306001,-18.36829366,51.38368553,12.30295858,10.08918665,2.415685916
1.516475333,12.553367,-4.883787333,1.574455357,63.93362363,-18.42451931,51.54193197,12.38527575,10.12025834,2.431848894
1.517416967,12.59946833,-4.905066,1.574713845,64.16841524,-18.50479496,51.76786685,12.39413248,10.16462066,2.433587913
1.518493633,12.64500467,-4.912066933,1.575115739,64.40032934,-18.5312066,51.8422021,12.55171133,10.17921638,2.46452852
1.519527267,12.69717867,-4.934122067,1.575376241,64.66604872,-18.61441154,52.07638144,12.58325137,10.2251975,2.470721407
1.520512133,12.742225,-4.938603733,1.575693596,64.89546728,-18.63131902,52.12396735,12.76508401,10.23454099,2.506424246
1.521506433,12.79217433,-4.9502039,1.57594773,65.14985655,-18.67508168,52.24713684,12.8963038,10.25872532,2.532189252
1.522511333,12.83633333,-4.972756067,1.576298267,65.37475596,-18.76016172,52.48659362,12.88174643,10.30574266,2.529330912
1.523428833,12.88307833,-4.976897067,1.576523084,65.61282574,-18.77578401,52.53056237,13.07584745,10.31437592,2.567442648
1.5244971,12.93225667,-5.011108233,1.57686261,65.86328835,-18.90484866,52.89381333,12.96305911,10.38570025,2.545296656
1.5255577,12.98313467,-5.004260533,1.577169283,66.12240727,-18.8790151,52.82110509,13.29488626,10.37142398,2.610450918
1.526527133,13.027191,-5.015112233,1.577485875,66.3467838,-18.9199541,52.93632742,13.40404047,10.39404789,2.631883346
1.5275392,13.07454233,-5.0443201,1.577796274,66.5879416,-19.03014336,53.24645381,13.33507188,10.45494121,2.618341364
1.5285035,13.12117967,-5.0525697,1.578069486,66.82546303,-19.0612657,53.33404729,13.48499984,10.47214018,2.647779718
1.529445267,13.16822567,-5.066113933,1.578314109,67.06506578,-19.11236252,53.47785869,13.58079119,10.50037755,2.66658835
1.530498533,13.21559067,-5.092370067,1.578665506,67.30629318,-19.2114161,53.75664384,13.54323343,10.55511702,2.659213884
1.531531833,13.262735,-5.0960814,1.579000205,67.54639674,-19.22541744,53.79605043,13.7439304,10.5628545,2.698620734
1.532489,13.30583633,-5.088692367,1.579318682,67.76590952,-19.19754166,53.71759437,14.04189924,10.54744965,2.757126915
1.533493733,13.35629433,-5.117371567,1.579575712,68.0228894,-19.30573647,54.02210742,13.99436607,10.60724079,2.747793777
1.534469767,13.402217,-5.1257329,1.579871248,68.25677107,-19.33728034,54.11088728,14.13946789,10.62467272,2.77628452
1.535433333,13.45053833,-5.147993233,1.580118773,68.50286903,-19.42125942,54.3472454,14.14920771,10.67108164,2.778196934
1.536492467,13.497786,-5.1508948,1.580477774,68.74349885,-19.43220583,54.37805397,14.35902898,10.6771309,2.81939534
1.537500167,13.547957,-5.177457333,1.580742024,68.99901706,-19.53241534,54.66009245,14.3325087,10.73250915,2.814188083
1.5385359,13.59488133,-5.187481567,1.581082417,69.23800017,-19.57023264,54.76652882,14.46505544,10.75340793,2.840213636
1.5395108,13.64642433,-5.191841767,1.581293535,69.5005059,-19.58668188,54.81282501,14.68126498,10.76249819,2.882666378
1.540476633,13.692058,-5.229723733,1.581583154,69.73291571,-19.72959495,55.21505218,14.51144762,10.8414755,2.849322741
1.541468933,13.74422667,-5.251447367,1.581802401,69.99860793,-19.81154928,55.44571168,14.54648034,10.88676549,2.856201415
1.542493967,13.790085,-5.244885267,1.58214789,70.23216196,-19.78679317,55.37603592,14.84971013,10.87308465,2.915740584
1.543481633,13.83866433,-5.270597767,1.582415692,70.47957389,-19.88379585,55.64904883,14.82410915,10.92669074,2.910713832
1.544545567,13.884121,-5.265444267,1.582806034,70.71108225,-19.86435382,55.59432945,15.11033689,10.91594659,2.966914649
1.5455114,13.93311367,-5.296120933,1.583045877,70.96059927,-19.98008425,55.92005141,15.03413195,10.9799021,2.951951808
1.546471133,13.98081667,-5.320524233,1.583298732,71.20354809,-20.07214786,56.17916336,15.01796881,11.03077873,2.948778177
1.547491067,14.03048133,-5.340395433,1.583582717,71.45648756,-20.14711372,56.3901539,15.05991776,11.07220672,2.957014852
1.548506867,14.072904,-5.330572133,1.583969884,71.67254393,-20.11005445,56.28585102,15.380277,11.05172685,3.019917388
1.549509967,14.12465233,-5.343842833,1.58420616,71.93609541,-20.16011934,56.42675807,15.50292143,11.07939395,3.043998623
1.550547867,14.17292067,-5.379175033,1.584528804,72.18192344,-20.29341319,56.80191205,15.37359548,11.15305543,3.018605472
1.551467433,14.22068133,-5.390435033,1.584740637,72.42516595,-20.33589253,56.92146967,15.49728036,11.17653057,3.042890999
1.5524364,14.263376,-5.3734708,1.58507694,72.64260759,-20.27189346,56.74134503,15.89484664,11.1411631,3.120953139
1.5535007,14.30933767,-5.4055012,1.585460165,72.87668789,-20.39273098,57.08144081,15.78883116,11.2079409,3.100136999
1.5545181,14.354239,-5.415089133,1.585812202,73.10536797,-20.4289023,57.18324459,15.91570747,11.22793008,3.125049161
1.555515667,14.40390933,-5.433836633,1.586073737,73.3583363,-20.4996289,57.38230378,15.96961661,11.26701535,3.135634221
1.556478467,14.45167433,-5.4388973,1.586328739,73.60160088,-20.51872072,57.43603747,16.1591475,11.27756596,3.172848613
1.5574853,14.49766067,-5.464787167,1.586654132,73.83580681,-20.61639253,57.71093364,16.11845726,11.33154182,3.164859082
1.558480367,14.54836067,-5.461940633,1.586897909,74.09401918,-20.60565373,57.68070942,16.40689386,11.32560729,3.221493609
1.559485433,14.595939,-5.477649033,1.587197944,74.33633308,-20.66491505,57.84749973,16.48241743,11.35835657,3.236322663
1.5605126,14.638023,-5.479489467,1.587601496,74.55066463,-20.67185825,57.86704128,16.67720744,11.36219356,3.27456968
1.561509333,14.69501367,-5.519513933,1.587753722,74.84091503,-20.82285409,58.29201731,16.54248181,11.4456376,3.248116304
1.562427867,14.739487,-5.531689633,1.588013235,75.06741533,-20.86878799,58.42129775,16.63970167,11.47102181,3.267205423
1.563473333,14.78452433,-5.524133533,1.588391324,75.29678805,-20.84028194,58.34106779,16.94930435,11.45526866,3.327995909
1.564549367,14.83107767,-5.5478929,1.588777514,75.53388167,-20.92991625,58.59334251,16.93412325,11.5048028,3.3250151
1.565504567,14.884687,-5.5581902,1.588938313,75.80691113,-20.96876372,58.70267828,17.09781694,11.52627088,3.357156356
1.566513367,14.92855667,-5.571241667,1.589297038,76.03033698,-21.01800153,58.84125753,17.18266355,11.55348092,3.373815987
1.567542267,14.97964033,-5.5983028,1.589568963,76.29050335,-21.12009205,59.1285901,17.15549734,11.60989867,3.368481903
1.568444533,15.023118,-5.598142167,1.589826963,76.51193277,-21.11948605,59.12688451,17.37863235,11.60956377,3.412294463
1.5694322,15.06886733,-5.606622733,1.590136701,76.74493167,-21.15147973,59.21693037,17.52158539,11.62724428,3.440363291
1.570562667,15.11797433,-5.618619733,1.590539484,76.99503098,-21.19673948,59.34431339,17.64430168,11.65225593,3.464458635
1.5715176,15.16922433,-5.661253767,1.590734977,77.25604448,-21.35758014,59.79699755,17.45263102,11.74114047,3.4268241
1.5725118,15.219999,-5.6855693,1.590976781,77.51463713,-21.44931263,60.0551776,17.45304362,11.79183412,3.426905114
1.573508967,15.26639633,-5.682572667,1.591286417,77.75093625,-21.43800757,60.02335963,17.72116071,11.78558666,3.479549906
1.574463233,15.31611533,-5.694897333,1.591503931,78.00415245,-21.48450346,60.15422178,17.84351476,11.81128145,3.503574122
1.5754757,15.36609967,-5.711541667,1.591775713,78.25871997,-21.54729568,60.33094975,17.92135431,11.84598198,3.518857919
1.576526133,15.40794233,-5.7049249,1.592206108,78.47182243,-21.52233335,60.26069355,18.20471297,11.83218718,3.574495392
1.577515533,15.46173267,-5.7425774,1.592398425,78.7457737,-21.66438073,60.66048425,18.07887354,11.91068608,3.549786819
1.5785484,15.50355133,-5.741109233,1.592811608,78.95875393,-21.65884194,60.6448954,18.30744262,11.90762521,3.594666358
1.579499467,15.551386,-5.748448067,1.593053845,79.20237331,-21.68652834,60.72281844,18.47313896,11.9229254,3.627200835
1.5804575,15.59794833,-5.7632993,1.593321902,79.43951277,-21.74255593,60.88050744,18.55258942,11.95388764,3.642800933
1.581474667,15.64604233,-5.7765034,1.593626396,79.68445293,-21.79236956,61.02070734,18.65732969,11.98141589,3.663366684
1.5824793,15.69167467,-5.785006233,1.593954834,79.91685595,-21.82444725,61.11098962,18.79945042,11.99914281,3.69127209
1.5835296,15.73455033,-5.785127,1.594369788,80.13521942,-21.82490286,61.11227191,19.0165316,11.99939459,3.73389598
1.584552067,15.78992767,-5.817259767,1.594571655,80.4172532,-21.94612656,61.45345461,18.95738268,12.06638581,3.72228209
1.585478067,15.83081167,-5.797232133,1.594891822,80.62547322,-21.87057054,61.24080308,19.37825423,12.02463168,3.804920218
1.5864657,15.879063,-5.821007067,1.595164451,80.87121467,-21.96026358,61.49324309,19.37155567,12.07419828,3.803604955
1.587504033,15.92698133,-5.840205967,1.595492715,81.11526016,-22.03269313,61.69709521,19.41174905,12.11422464,3.811496925
1.588473833,15.967311,-5.8401216,1.595864896,81.32065699,-22.03237484,61.69619941,19.61804167,12.11404875,3.852002482
1.589527633,16.021801,-5.868983433,1.596111246,81.59817163,-22.14125866,62.00265165,19.58910408,12.17422065,3.846320585
1.5905031,16.06292867,-5.8661863,1.596477269,81.80763263,-22.13070623,61.97295195,19.82826477,12.16838912,3.893279788
1.591464067,16.11117533,-5.889869067,1.5967233,82.05335031,-22.22005156,62.22441334,19.82252106,12.21776356,3.89215201
1.592480333,16.15659133,-5.872547667,1.597066577,82.28465156,-22.15470505,62.04049634,20.23773931,12.18165146,3.973680113
1.593510633,16.20604667,-5.9105989,1.597364032,82.53652491,-22.29825669,62.44452076,20.08558824,12.26098165,3.943805251
1.594470133,16.26759033,-5.951401867,1.597411557,82.8499635,-22.45218948,62.87776283,19.96578476,12.34604873,3.920281837
1.595543267,16.31450133,-5.992535933,1.597789548,83.0888787,-22.60737139,63.31452049,19.7679423,12.4318061,3.881435471
1.596520233,16.36617767,-5.986967233,1.598000757,83.35206349,-22.58636297,63.25539256,20.09025503,12.42019633,3.944721574
1.597479867,16.409082,-5.9903156,1.59832462,83.57057296,-22.59899498,63.2909452,20.27321185,12.42717709,3.980645146
1.598464233,16.44897167,-5.9858818,1.598717888,83.77372889,-22.58226808,63.24386753,20.52344545,12.41793339,4.029778514
1.599530133,16.496125,-5.973132933,1.599085054,84.01387828,-22.53417185,63.10850126,20.89896111,12.39135422,4.103511014
1.600481333,16.54263133,-6.006513567,1.599347108,84.25073254,-22.66010324,63.46293369,20.78138294,12.46094703,4.08042454
1.601515867,16.585884,-5.995745367,1.599740709,84.47101604,-22.61947926,63.34859795,21.11600218,12.43849721,4.146127028
1.6025213,16.63080767,-6.008602,1.600080448,84.69980986,-22.66798204,63.48510848,21.20828548,12.46530105,4.164246853
1.6034541,16.67735867,-6.027765933,1.60032344,84.93689161,-22.74027967,63.68858932,21.24188637,12.50525451,4.170844389
1.604505767,16.73247033,-6.050163767,1.600558444,85.21757236,-22.82477748,63.92640741,21.28474904,12.5519501,4.179260474
1.6055153,16.77699867,-6.056147567,1.600908141,85.44435277,-22.84735189,63.98994284,21.44799402,12.56442528,4.211313626
1.606551033,16.82634933,-6.081459367,1.60121258,85.69569307,-22.9428429,64.25870116,21.430576,12.61719597,4.207893598
1.6075033,16.86656533,-6.084872567,1.601568913,85.90051099,-22.9557195,64.29494219,21.59915289,12.6243119,4.24099367
1.608438433,16.917029,-6.095396867,1.601756259,86.15751974,-22.99542335,64.40668822,21.7444156,12.64625323,4.269516004
1.6095147,16.96402033,-6.112379067,1.602136192,86.39684407,-23.0594902,64.58700363,21.80342453,12.68165816,4.281102407
1.610492067,17.01155633,-6.111518833,1.602409154,86.63894236,-23.05624489,64.57786975,22.0546567,12.67986473,4.330431844
1.611489767,17.059135,-6.121904233,1.602701818,86.88125796,-23.09542473,64.68814095,22.1867011,12.70151648,4.35635876
1.612529167,17.10260933,-6.130162867,1.603097001,87.1026704,-23.12658115,64.77583035,22.32042415,12.71873429,4.382615281
1.6134602,17.15453933,-6.135241667,1.603258518,87.3671471,-23.14574138,64.82975657,22.53097462,12.7293227,4.423956868
1.614455167,17.20460267,-6.1805312,1.603511629,87.62211697,-23.31660014,65.31063658,22.30506448,12.82374349,4.37959941
1.6154981,17.247561,-6.1592957,1.603917992,87.84090145,-23.23648734,65.08516003,22.74932551,12.77947117,4.466830063
1.6164995,17.29988067,-6.199617067,1.604144102,88.1073627,-23.38860326,65.51328852,22.58765827,12.8635342,4.435086702
1.617481667,17.34076967,-6.184604467,1.604520361,88.31560818,-23.3319669,65.35388614,22.95530613,12.83223554,4.507274359
1.618515833,17.383348,-6.1996452,1.604923588,88.53245735,-23.3887094,65.51358724,23.0124542,12.86359285,4.518495382
1.6194815,17.429091,-6.2088043,1.60521142,88.76542399,-23.42326291,65.6108377,23.14817038,12.88268798,4.545143254
1.620473867,17.47440767,-6.2087188,1.605532269,88.99621934,-23.42294036,65.60992987,23.37987356,12.88250973,4.590638173
1.6215126,17.52335633,-6.246027133,1.605845665,89.24551227,-23.56368934,66.00606625,23.23303011,12.96029111,4.561805461
1.6224868,17.566552,-6.211280833,1.606179777,89.46550547,-23.43260585,65.6371333,23.82195627,12.88785112,4.677441113
1.623485567,17.609412,-6.229926733,1.60654343,89.68378915,-23.50294916,65.83511371,23.84225953,12.92672458,4.681427658
1.624517067,17.655826,-6.2415681,1.606887152,89.92017316,-23.54686724,65.95872065,23.9550366,12.9509948,4.703571436
1.625455233,17.710151,-6.259525267,1.607020312,90.19684747,-23.61461224,66.14938816,24.04104339,12.98843237,4.720458871
1.626448067,17.75628833,-6.2690007,1.607329467,90.43182243,-23.65035915,66.24999742,24.17540909,13.00818699,4.746841575
1.6274786,17.80545767,-6.284411267,1.607631393,90.6822392,-23.70849688,66.41362537,24.26219792,13.04031534,4.763882561
1.6284952,17.85898,-6.297801967,1.607854881,90.95482557,-23.75901447,66.55580657,24.39260309,13.06823262,4.789487616
1.629515833,17.90351467,-6.320657867,1.608215585,91.18163823,-23.84524038,66.79848837,24.37673395,13.11588319,4.786371712
1.6304998,17.944441,-6.308146167,1.608593092,91.39007385,-23.79803888,66.66564031,24.71801763,13.08979848,4.853382761
1.631466667,17.99072067,-6.3092766,1.608874171,91.6257737,-23.80230354,66.67764315,24.94171465,13.09215523,4.897305671
1.6324848,18.03663633,-6.332463133,1.609211911,91.85961973,-23.88977679,66.92383558,24.92936824,13.14049512,4.894881453
1.633489067,18.08499267,-6.3274997,1.609499617,92.10589593,-23.8710518,66.87113431,25.22834571,13.13014722,4.953585681
1.6344917,18.130629,-6.3395227,1.609825996,92.33831933,-23.91640963,66.9987934,25.33311002,13.15521308,4.974156153
1.635589667,18.179618,-6.3630298,1.610198027,92.58781767,-24.00509224,67.24838958,25.33301219,13.20422129,4.974136943
1.636471767,18.22004433,-6.346137367,1.610481076,92.79370682,-23.94136404,67.06902731,25.7182636,13.16900351,5.049781058
1.637451967,18.27110367,-6.3741865,1.610704662,93.05374926,-24.04718188,67.36685037,25.68048298,13.22748107,5.042362833
1.638503933,18.318425,-6.3780737,1.611055406,93.29475427,-24.06184668,67.4081243,25.88021406,13.23558521,5.081580031
1.639431067,18.36413567,-6.398692133,1.611305183,93.52755623,-24.13963154,67.62704888,25.89409144,13.27857105,5.084304854
1.640556633,18.40686733,-6.388093633,1.611797538,93.74518632,-24.09964777,67.51451501,26.2242554,13.25647502,5.149132548
1.6416281,18.45319633,-6.387514767,1.612182486,93.98113742,-24.09746394,67.50836865,26.46635286,13.25526819,5.196668384
1.642528933,18.49969833,-6.3905136,1.612394237,94.21796961,-24.1087773,67.54020999,26.67134372,13.26152023,5.236918339
1.643548967,18.567703,-6.4650426,1.612406554,94.56431373,-24.38994454,68.33155191,26.22634591,13.41690022,5.149543019
1.6445839,18.608996,-6.469834,1.612829594,94.77461676,-24.40802052,68.38242654,26.3857743,13.42688945,5.180846784
1.645540267,18.65723867,-6.485243,1.613071085,95.02031407,-24.46615234,68.54603786,26.4678603,13.45901453,5.196964369
1.646549833,18.70415733,-6.514011033,1.613385395,95.25926831,-24.57468229,68.85149414,26.40135827,13.51899087,5.183906696
1.647602,18.74739767,-6.484420467,1.613796812,95.47948901,-24.46304926,68.53730428,26.93576882,13.45729969,5.288838208
1.648533567,18.791925,-6.490543367,1.614068558,95.70626432,-24.48614844,68.60231665,27.09753176,13.47006488,5.320600361
1.649517233,18.83907567,-6.504597467,1.61435353,95.94640014,-24.53916877,68.75154177,27.18844246,13.49936523,5.338450676
1.650570133,18.881765,-6.5036532,1.614773846,96.16381462,-24.53560644,68.74151563,27.41588307,13.49739659,5.383108641
1.651558067,18.928852,-6.496387467,1.615064028,96.40362618,-24.50819582,68.66436876,27.73284151,13.48224881,5.44534343
1.652536533,18.977096,-6.517472733,1.615327599,96.64933028,-24.58774185,68.88825014,27.75466423,13.52620792,5.449628321
1.653538067,19.018109,-6.489273833,1.615721388,96.85820728,-24.48135901,68.58883687,28.2629545,13.46741812,5.549431117
1.6545744,19.06471567,-6.501507133,1.616067088,97.09557253,-24.52751022,68.7187289,28.37042772,13.49292242,5.570533483
1.655550633,19.11548467,-6.560878267,1.61629101,97.35413632,-24.75149306,69.34912602,27.99859439,13.61670089,5.497524009
1.656498167,19.15150767,-6.540046533,1.616704742,97.53759952,-24.67290351,69.12793663,28.40324698,13.57327036,5.576977545
1.657581367,19.20264267,-6.561751833,1.617030207,97.79802733,-24.75478867,69.35840147,28.43320995,13.61852213,5.582860775
1.658548733,19.25054533,-6.555524667,1.617287736,98.04199304,-24.73129614,69.292282,28.74329513,13.60553957,5.643745999
1.659508833,19.30207133,-6.585543633,1.617484306,98.30441219,-24.84454534,69.61102057,28.68697571,13.66812389,5.632687681
1.660593233,19.358642,-6.635264733,1.617730423,98.59252355,-25.03212258,70.13895454,28.44715311,13.77178372,5.585598513
1.661555933,19.403448,-6.6209221,1.618029173,98.82071811,-24.97801373,69.9866658,28.82763639,13.74188183,5.660306406
1.662546,19.44514033,-6.621448533,1.618401429,99.03305492,-24.97999975,69.99225542,29.03438359,13.74297935,5.700901217
1.6635585,19.49048,-6.6342295,1.618742071,99.26396741,-25.02821707,70.12796253,29.12958897,13.76962544,5.719594794
1.664591333,19.54029467,-6.6188798,1.619036734,99.51767083,-24.97030897,69.96498085,29.54627406,13.73762399,5.801410912
1.665506967,19.58551233,-6.671655333,1.619282316,99.74796197,-25.16940934,70.52534651,29.21619955,13.84765179,5.736600782
1.666566133,19.63078067,-6.652490133,1.619670682,99.97851116,-25.09710693,70.32185222,29.65024304,13.80769568,5.82182522
1.667573433,19.68717333,-6.692804333,1.619842336,100.265716,-25.24919581,70.74990461,29.50939547,13.89174377,5.7941698
1.668515567,19.730275,-6.6944062,1.620145775,100.4852305,-25.25523899,70.76691308,29.71190147,13.89508338,5.833931854
1.669573433,19.77909033,-6.701331767,1.62048028,100.7338443,-25.28136631,70.84044809,29.88698032,13.90952198,5.868308586
1.6705791,19.828548,-6.738578967,1.620753066,100.9857296,-25.42188466,71.23593537,29.74337829,13.98717591,5.840112327
1.671502233,19.87833833,-6.733441333,1.62093839,101.2393091,-25.40250248,71.18138446,30.05150869,13.97646484,5.900613731
1.672534367,19.93032333,-6.753935633,1.621200192,101.5040659,-25.47981904,71.39899101,30.09865895,14.01919188,5.909871685
1.6735856,19.968598,-6.741757867,1.621684259,101.6989967,-25.43387734,71.26968863,30.42289215,13.99380336,5.973534874
1.674533,20.01152233,-6.725664467,1.621995592,101.917608,-25.37316357,71.09881042,30.81238169,13.96025143,6.050011144
1.675557833,20.06332667,-6.769970767,1.622252771,102.1814447,-25.540313,71.56925055,30.60577824,14.05262235,6.009444557
1.676559967,20.10565133,-6.758225133,1.622627723,102.397002,-25.49600156,71.44453652,30.94604952,14.02813475,6.076256824
1.6775257,20.15052033,-6.769097933,1.622928573,102.6255174,-25.53702016,71.55998289,31.05911856,14.05080264,6.098457929
1.678549367,20.20050433,-6.789018633,1.62321156,102.8800832,-25.61217276,71.77149901,31.10216827,14.09233383,6.106910739
1.679536067,20.23967467,-6.774910133,1.623617821,103.0795756,-25.5589472,71.62169628,31.4514634,14.06292006,6.175494838
1.6805992,20.288637,-6.789135467,1.623955414,103.3289381,-25.61261352,71.77273953,31.54978268,14.09257741,6.194799828
1.681568567,20.33931867,-6.818695267,1.624173763,103.5870571,-25.72413048,72.08660272,31.4940385,14.15420444,6.18385446
1.682539167,20.37979967,-6.821328967,1.624544502,103.7932247,-25.73406635,72.1145671,31.67224168,14.15969525,6.218844654
1.683603333,20.43252067,-6.834504433,1.624827431,104.0617299,-25.78377196,72.25446296,31.80085103,14.1871638,6.2440971
1.6845319,20.466813,-6.7638572,1.625247843,104.2363789,-25.51724903,71.50433727,32.72562573,14.03987662,6.425676613
1.685498033,20.52281,-6.8271068,1.625384194,104.5215686,-25.75586373,72.17591559,32.33923713,14.17174103,6.349809211
1.686639033,20.559834,-6.828483567,1.62597656,104.7101299,-25.76105771,72.19053397,32.51317999,14.17461134,6.383962892
1.687569833,20.60480367,-6.841996167,1.626240984,104.939158,-25.81203519,72.33400948,32.59873257,14.20278276,6.400761141
1.688517467,20.64666567,-6.819682567,1.626568293,105.1523589,-25.72785516,72.09708577,33.0488572,14.15626279,6.489143111
1.689591133,20.68879,-6.810441333,1.627017747,105.3668958,-25.69299179,71.99896323,33.36151671,14.13699643,6.550533807
1.6905395,20.74321733,-6.839458633,1.627159591,105.6440913,-25.80246212,72.30706619,33.33060923,14.19749245,6.544465122
1.691499567,20.799029,-6.8743588,1.627292622,105.9283372,-25.93412608,72.67763289,33.24428836,14.27025322,6.527516019
1.6926096,20.85164567,-6.9016986,1.627622964,106.196311,-26.03726789,72.96792432,33.22197078,14.32725194,6.523133964
1.6935682,20.89307067,-6.9001805,1.627967715,106.4072863,-26.03154073,72.95180527,33.44906513,14.32408697,6.567723938
1.694493133,20.939052,-6.917887667,1.628211281,106.6414668,-26.09834258,73.1398183,33.49523255,14.36100332,6.576788912
1.695530367,20.98706433,-6.905102567,1.628537052,106.885991,-26.05010966,73.00406731,33.87550778,14.33434862,6.651455952
1.6965065,21.032961,-6.921388133,1.628833073,107.1197403,-26.1115484,73.17698593,33.93633842,14.36830119,6.663400049
1.697494133,21.07708433,-6.921173733,1.629166872,107.344458,-26.11073955,73.17470945,34.16333266,14.3678542,6.707970369
1.698547333,21.11234867,-6.904657033,1.629697513,107.5240574,-26.04842884,72.99933668,34.51830479,14.33341976,6.777669145
1.699546133,21.16405167,-6.932086133,1.629930161,107.787378,-26.15190755,73.29057629,34.49038578,14.39060465,6.772187248
1.700541867,21.20234433,-6.9130885,1.630358461,107.9824005,-26.0802373,73.0888612,34.88712336,14.3509979,6.850086672
1.7015261,21.24998633,-6.915349967,1.630636719,108.2250386,-26.08876888,73.11287324,35.10574947,14.35571266,6.893013908
1.702520467,21.297997,-6.941635767,1.630919648,108.4695544,-26.18793438,73.3919734,35.07116506,14.41051398,6.886223259
1.703533467,21.34416767,-6.978542633,1.631248475,108.7046991,-26.3271688,73.78384705,34.91443614,14.48745837,6.855449535
1.704560533,21.393427,-6.964650333,1.631545601,108.9555742,-26.27475887,73.63633991,35.31281841,14.45849534,6.933671895
1.705552033,21.44188233,-6.971055167,1.631819074,109.2023546,-26.29892167,73.70434583,35.4915929,14.4718483,6.968774266
1.7065544,21.48618467,-6.976178333,1.632164954,109.427984,-26.31824927,73.75874313,35.662825,14.48252921,7.002395689
1.707508233,21.53843867,-6.983851767,1.63234447,109.6941109,-26.34719797,73.84021892,35.84747602,14.49852699,7.038651917
1.708517767,21.58146933,-7.0142808,1.63271636,109.9132637,-26.46199419,74.16331154,35.74353628,14.56196622,7.018243348
1.7095702,21.62948433,-7.000937,1.633057291,110.1578015,-26.41165353,74.02162833,36.12975731,14.53414672,7.094077847
1.710502967,21.66975333,-6.989974367,1.633393339,110.3628894,-26.37029602,73.90522812,36.45124537,14.51129154,7.157202029
1.711511933,21.711228,-6.9913147,1.63378772,110.5741176,-26.37535255,73.91945965,36.64824209,14.5140859,7.195882334
1.712584033,21.75906567,-7.025576467,1.634150945,110.8177523,-26.50460809,74.28324787,36.52808853,14.58551572,7.172290183
1.7134897,21.80485667,-7.009864167,1.634378066,111.0509634,-26.44533205,74.11641615,36.92813136,14.55275831,7.250838593
1.714507667,21.85364033,-7.028889033,1.63467314,111.299416,-26.51710504,74.31842039,36.97457971,14.59242184,7.259958725
1.7155668,21.909932,-7.065565767,1.634898124,111.5861064,-26.65547126,74.7078505,36.87184003,14.66888645,7.23978579
1.7165276,21.95175,-7.047640333,1.635239251,111.7990833,-26.58784598,74.51751994,37.27514742,14.63151504,7.318975197
1.717530067,21.99185533,-7.0601635,1.635647424,112.0033376,-26.63509073,74.65048974,37.34643192,14.65762366,7.332971908
1.7185566,22.04186267,-7.0714593,1.635932932,112.2580222,-26.67770513,74.77042749,37.48117884,14.68117344,7.359429466
1.719515967,22.08694233,-7.065570667,1.636224293,112.4876106,-26.65548974,74.70790253,37.77329212,14.66889666,7.416785907
1.7205259,22.12758133,-7.046868167,1.636632024,112.6945828,-26.58493291,74.50932114,38.17884575,14.62990521,7.496416363
1.721569467,22.169284,-7.0815921,1.637057627,112.9069722,-26.71593202,74.87801661,38.02253973,14.70229856,7.465725676
1.722545033,22.22366133,-7.107753767,1.637227412,113.1839131,-26.81462922,75.15579873,38.02169844,14.75684108,7.46556049
1.7235388,22.25988633,-7.0618442,1.637684384,113.3684051,-26.64143132,74.66833526,38.69365389,14.66112763,7.597498942
1.724566,22.311884,-7.082955667,1.637941066,113.6332264,-26.72107619,74.89249483,38.73431564,14.70514136,7.605482876
1.7255367,22.35540967,-7.084179867,1.638266788,113.8549003,-26.7256946,74.90549327,38.94299108,14.7076936,7.646456299
1.726522233,22.39700333,-7.0651307,1.638635972,114.0667346,-26.65382993,74.70323101,39.35708766,14.66797941,7.727764161
1.727548767,22.44795167,-7.1095039,1.638907536,114.3262117,-26.82123175,75.17438148,39.14541431,14.7604898,7.6862021
1.728571333,22.49094433,-7.073603967,1.639293023,114.545171,-26.68579608,74.79319936,39.74555577,14.68564469,7.804039876
1.729533033,22.54006,-7.1103128,1.639526911,114.7953145,-26.8242834,75.1829703,39.60592828,14.76217622,7.776624017
1.730479367,22.584556,-7.128881,1.639813888,115.0219302,-26.89433357,75.38012571,39.63538861,14.80088768,7.782408554
1.731547267,22.63181867,-7.144148633,1.640181434,115.2626364,-26.95193207,75.542236,39.71398454,14.83271804,7.797840864
1.732572567,22.667967,-7.0995369,1.640671076,115.446738,-26.78363036,75.06855281,40.37176925,14.73971034,7.926996892
1.733542633,22.72057633,-7.131533767,1.64086156,115.7146745,-26.90434137,75.40829253,40.29996603,14.80641824,7.912898331
1.734550833,22.76102333,-7.112431667,1.641270403,115.9206689,-26.83227701,75.20546823,40.70878473,14.76659369,7.993169883
1.735535033,22.80693067,-7.166698433,1.641574332,116.1544725,-27.03700318,75.78166766,40.36638888,14.87973045,7.925940457
1.736471733,22.860813,-7.163850767,1.641712586,116.4288923,-27.02626011,75.7514314,40.67104497,14.87379356,7.98575968
1.737560267,22.92063133,-7.176039567,1.641914711,116.7335438,-27.07224343,75.88085094,40.84627699,14.89920508,8.020166488
1.7385735,22.95535067,-7.175944367,1.642413462,116.9103675,-27.07188428,75.87984011,41.02411152,14.89900661,8.055084296
1.7395135,22.99695367,-7.172242167,1.642736975,117.1222494,-27.05791741,75.8405305,41.27530297,14.89128816,8.104405739
1.7405559,23.04593233,-7.180315833,1.643053593,117.3716951,-27.08837603,75.92625594,41.43902326,14.90812035,8.136552216
1.7415005,23.099342,-7.2094679,1.64320675,117.6437077,-27.19835477,76.23578984,41.40150191,14.96889734,8.1291849
1.742517833,23.15588567,-7.2434109,1.643386201,117.9316815,-27.32640774,76.59619343,41.32907218,15.03966258,8.114963323
1.743582767,23.193988,-7.205883667,1.643886521,118.1257347,-27.18483294,76.19773279,41.92158596,14.96142483,8.231303403
1.7445769,23.228447,-7.220320867,1.64437003,118.3012325,-27.23929855,76.35102562,41.94379096,14.99152388,8.235663355
1.745545967,23.28520833,-7.245128,1.644497988,118.5903149,-27.33288565,76.61442544,41.96947357,15.04324243,8.240706135
1.7465603,23.32305133,-7.236141867,1.644951551,118.7830473,-27.29898467,76.51901152,42.25761985,15.02450791,8.297283658
1.7475354,23.36914867,-7.238685733,1.645243565,119.0178185,-27.30858163,76.54602205,42.46538056,15.02981143,8.338077473
1.748536267,23.40529,-7.228580967,1.645708878,119.2018844,-27.27046051,76.43873059,42.75673789,15.00874475,8.395285485
1.749560367,23.450775,-7.212302033,1.646058966,119.4335371,-27.20904679,76.2658824,43.16123874,14.97480601,8.474709226
1.750574933,23.50090333,-7.210494367,1.646330714,119.688838,-27.20222721,76.24668877,43.43573328,14.97103734,8.52860623
1.751566633,23.54926867,-7.257415467,1.64660572,119.93516,-27.37924121,76.7448926,43.18385149,15.06885966,8.47914924
1.7525387,23.59282967,-7.260748067,1.646932286,120.1570138,-27.39181373,76.78027784,43.37032009,15.07580755,8.515762349
1.753527733,23.64139433,-7.2486402,1.647201672,120.4043511,-27.34613574,76.65171765,43.74621752,15.05056476,8.58956981
1.754559567,23.67649233,-7.249663033,1.647713411,120.5831033,-27.34999447,76.66257799,43.9141094,15.05269719,8.62253538
1.755559267,23.719039,-7.2561062,1.64808264,120.7997912,-27.37430188,76.73099093,44.06238435,15.06613007,8.651649166
1.756573267,23.766618,-7.2387241,1.648391599,121.0421085,-27.30872637,76.54642943,44.48926314,15.02989142,8.735466818
1.7575928,23.82935333,-7.292101567,1.648481499,121.3616162,-27.51009758,77.11318636,44.2420139,15.14117414,8.686919428
1.758518333,23.87896033,-7.343642233,1.648671939,121.6142619,-27.7045393,77.66044032,43.94740572,15.24862746,8.629073114
1.7595314,23.92398433,-7.3167726,1.649017825,121.8435668,-27.60317124,77.37514107,44.46200978,15.19260895,8.73011562
1.760595767,23.96962467,-7.329805533,1.649405878,122.0760105,-27.65233913,77.51352353,44.55607108,15.21978035,8.748584557
1.761531933,24.02155733,-7.326142133,1.64957249,122.3405008,-27.63851863,77.4746259,44.859459,15.21214279,8.808154775
1.76257,24.05680767,-7.329890067,1.650088205,122.5200289,-27.65265804,77.5144211,44.99919185,15.21995658,8.83559132
1.763590833,24.10772533,-7.3461607,1.650354523,122.7793498,-27.71404044,77.68718116,45.08575273,15.25387802,8.852587549
1.7645263,24.17249367,-7.3954749,1.650330231,123.1092114,-27.90008262,78.2107947,44.89200083,15.35668954,8.814544363
1.765528867,24.21147533,-7.3852348,1.650755155,123.307743,-27.86145094,78.10206628,45.19926078,15.33534071,8.874874855
1.766609033,24.25610567,-7.3946937,1.651173974,123.5350429,-27.89713547,78.20249999,45.32612696,15.35506087,8.899785029
1.767560733,24.303778,-7.385883967,1.65141925,123.7778355,-27.86389998,78.10895907,45.66246051,15.33669411,8.965824122
1.768572667,24.34539033,-7.3669872,1.651814558,123.9897649,-27.79261025,77.90831498,46.07503399,15.29729765,9.046832923
1.7695649,24.39138833,-7.411535567,1.652125177,124.2240302,-27.9606729,78.38132535,45.83628895,15.39017323,8.999955336
1.7705579,24.43598467,-7.3667461,1.652457334,124.4511569,-27.79170068,77.905755,46.53898604,15.29679499,9.137929908
1.771529667,24.47626433,-7.356277767,1.652832223,124.6562991,-27.75220797,77.79460322,46.85527999,15.27497034,9.200034227
1.772547367,24.52722067,-7.402617267,1.653094835,124.915817,-27.92702783,78.28663168,46.6227694,15.37158013,9.154380772
1.7735915,24.573063,-7.407021967,1.653459661,125.1492895,-27.94364495,78.33340037,46.80947325,15.38076316,9.191040073
1.774546733,24.61568933,-7.427739767,1.653783244,125.3663832,-28.02180468,78.55338003,46.80658722,15.42395617,9.190473401
1.7755012,24.66457033,-7.4243299,1.654013375,125.6153315,-28.00894066,78.51717438,47.09174117,15.41684719,9.246463379
1.776541133,24.713072,-7.431409367,1.654334595,125.8623478,-28.03564857,78.5923435,47.26358844,15.43160665,9.280205591
1.777547333,24.757178,-7.436725133,1.654687217,126.0869773,-28.05570277,78.64878581,47.43177562,15.44268909,9.313229143
1.7785285,24.802967,-7.4217645,1.654989867,126.3201783,-27.99926246,78.48993521,47.82382714,15.41149878,9.390208458
1.779584767,24.846673,-7.4421409,1.655398484,126.5427706,-28.07613423,78.70628991,47.83006474,15.45398002,9.391433212
1.780581533,24.89528667,-7.441810633,1.655674877,126.7903574,-28.07488827,78.70278317,48.08115828,15.45329148,9.440735428
1.7814852,24.93173333,-7.434348433,1.656038465,126.9759783,-28.04673646,78.62355023,48.34601213,15.43773409,9.492739482
1.782561833,24.98326533,-7.4478383,1.65635148,127.238428,-28.09762817,78.76678437,48.4652277,15.46585811,9.516147459
1.7835961,25.03028233,-7.462482133,1.656689033,127.477883,-28.15287333,78.92227121,48.54919591,15.49638795,9.532634616
1.7845403,25.068662,-7.4653001,1.65706451,127.6733486,-28.16350436,78.95219212,48.71474058,15.50226292,9.565139313
1.7855535,25.11673933,-7.452137767,1.657365284,127.9182039,-28.11384829,78.8124357,49.09935228,15.47482175,9.64065782
1.786556933,25.16169667,-7.456005233,1.657702525,128.1471692,-28.12843865,78.8535001,49.28725316,15.48288474,9.677552158
1.7874729,25.22798667,-7.513307567,1.657636184,128.4847806,-28.34461677,79.46193089,49.01643378,15.60235013,9.624376772
1.788528367,25.260892,-7.4901619,1.658204049,128.6523657,-28.25729769,79.21617238,49.42977739,15.55409545,9.70553679
1.789621267,25.310461,-7.500985967,1.658562419,128.9048179,-28.29813244,79.3311013,49.56730072,15.57666174,9.732539496
1.790587967,25.353598,-7.4932124,1.6588899,129.1245124,-28.26880598,79.2485623,49.86953414,15.56045521,9.791883028
1.791537233,25.39900633,-7.523603267,1.659166291,129.3557746,-28.38345821,79.57124967,49.77810897,15.62381487,9.773931697
1.792567633,25.44430067,-7.536538133,1.659525505,129.5864562,-28.43225613,79.70859087,49.87144938,15.65078182,9.792259086
1.793506733,25.49424933,-7.524410867,1.659724449,129.840842,-28.38650495,79.57982469,50.25460143,15.62549858,9.867490992
1.794561933,25.53342567,-7.490770967,1.660199121,130.040365,-28.25959545,79.22263939,50.81130969,15.55536524,9.976800658
1.7955894,25.583037,-7.512247867,1.66049143,130.2930328,-28.34061896,79.4506791,50.83593784,15.60014084,9.981636395
1.796568233,25.625326,-7.532676567,1.660843611,130.5084085,-28.41768803,79.66758912,50.83440343,15.64273112,9.981335113
1.797568967,25.67185567,-7.5418628,1.661154852,130.7453815,-28.45234391,79.76512768,50.97383796,15.66188282,10.00871308
1.798519633,25.70295667,-7.506741367,1.661644654,130.9037773,-28.3198452,79.3922116,51.50514976,15.58866075,10.11303616
1.7995072,25.74492833,-7.5100355,1.66201027,131.1175367,-28.33227261,79.4271884,51.68393241,15.59552844,10.14814013
1.800559233,25.78891167,-7.4810306,1.662410544,131.3415415,-28.22284906,79.11921709,52.21590846,15.53505828,10.25259363
1.8015629,25.849542,-7.558026833,1.66251577,131.6503285,-28.51332415,79.93675587,51.70715672,15.69558201,10.15270022
1.802601567,25.895598,-7.5529782,1.662871964,131.8848892,-28.49427774,79.88314995,51.99532337,15.68505649,10.20928174
1.8035675,25.929378,-7.529409733,1.663337334,132.056929,-28.40536361,79.63290219,52.41761086,15.63592034,10.29219789
1.804474133,25.973798,-7.548957033,1.663585737,132.2831576,-28.47910753,79.84045358,52.43628813,15.67667306,10.29586518
1.805539567,26.034928,-7.5664304,1.663745325,132.5944894,-28.54502735,80.02598415,52.56208937,15.71310199,10.32056625
1.8065548,26.08302433,-7.584706633,1.664047851,132.8394415,-28.61397606,80.22003948,52.61298609,15.75120475,10.33055982
1.80753,26.11826733,-7.5587185,1.664500809,133.0189322,-28.51593353,79.94409992,53.06841635,15.69702402,10.41998355
1.808549467,26.158965,-7.5389592,1.664917204,133.2262032,-28.44138982,79.73429753,53.48548977,15.65582932,10.50187592
1.809563167,26.20472967,-7.558877,1.665252748,133.4592802,-28.51653148,79.94578286,53.50708143,15.69735446,10.50611544
1.8105011,26.246347,-7.5509491,1.665573981,133.671235,-28.48662278,79.86160516,53.80321397,15.68082617,10.56426106
1.8115199,26.303217,-7.592766767,1.665750063,133.9608709,-28.64438362,80.30562122,53.64883377,15.76800873,10.53394851
1.8125697,26.33487633,-7.5497009,1.666330724,134.1221102,-28.48191383,79.84835189,54.26734238,15.67822389,10.65539268
1.813552867,26.37724,-7.556114033,1.666686132,134.3378661,-28.50610795,79.91644594,54.41500421,15.69159416,10.68438608
1.814558433,26.45187433,-7.615633967,1.666585742,134.7179747,-28.73065215,80.548423,54.1631358,15.81568286,10.63493171
1.815535,26.49591333,-7.616010533,1.666909724,134.942263,-28.73207279,80.55242135,54.38342571,15.81646793,10.67818564
1.816482933,26.53643733,-7.634274333,1.667257159,135.1486495,-28.80097459,80.74634466,54.39588895,15.85454477,10.68063279
1.817525433,26.56887933,-7.5850253,1.667818923,135.3138749,-28.61517825,80.22342305,55.08403592,15.75186912,10.81575045
1.8185579,26.61632267,-7.589381833,1.668148359,135.5555012,-28.63161366,80.26968031,55.27940501,15.76095173,10.85411117
1.819575967,26.66668833,-7.605037367,1.66842009,135.8120109,-28.69067554,80.4359093,55.36968566,15.79359079,10.87183778
1.820529333,26.718801,-7.6223025,1.668601234,136.0774179,-28.75580979,80.61922886,55.45177311,15.82958559,10.88795565
1.821556567,26.771047,-7.6483922,1.668854269,136.3435039,-28.85423548,80.89624685,55.44084119,15.88397807,10.88580917
1.8225104,26.81428533,-7.652363467,1.669167382,136.5637145,-28.86921744,80.93841338,55.61888516,15.89225747,10.9207681
1.823544467,26.85659433,-7.651336533,1.6695745,136.7791919,-28.86534324,80.9275095,55.84526651,15.89011649,10.96521808
1.8245667,26.89013733,-7.613332733,1.670099682,136.9500246,-28.72197055,80.52398872,56.41961999,15.81088519,11.07799238
1.825573867,26.94452033,-7.663462167,1.670300983,137.2269943,-28.91108827,81.05625834,56.16432007,15.91539632,11.02786425
1.826514767,26.97903567,-7.613407133,1.670730423,137.4027791,-28.72225123,80.52477869,56.87158445,15.8110403,11.16673561
1.827519367,27.03800633,-7.673792367,1.670861176,137.7031135,-28.95005986,81.16594343,56.53075415,15.93693299,11.09981358
1.828599233,27.073376,-7.6386455,1.671416923,137.8832493,-28.8174652,80.7927573,57.08407609,15.8636579,11.20845834
1.829580967,27.11701467,-7.6368564,1.671752004,138.1054987,-28.81071566,80.7737608,57.32532197,15.85992793,11.25582697
1.8305491,27.16127567,-7.664119733,1.672064263,138.3309176,-28.91356899,81.06324032,57.26126135,15.91676724,11.24324867
1.831565933,27.21202333,-7.675262933,1.672329101,138.5893727,-28.9556077,81.18155777,57.40139904,15.93999887,11.2707647
1.832540267,27.25480533,-7.663856667,1.672669476,138.8072591,-28.91257655,81.0604471,57.74039614,15.91621879,11.33732678
1.833485367,27.29328267,-7.649270533,1.673044406,139.0032221,-28.85754908,80.90557291,58.09123332,15.88580924,11.40621366
1.834574267,27.33868833,-7.667457733,1.67346047,139.2344708,-28.92616189,81.09868289,58.12937196,15.92372639,11.41370218
1.8355393,27.37837033,-7.6551318,1.673837482,139.4365691,-28.87966122,80.96780729,58.46234586,15.89802896,11.47908161
1.836557833,27.41954967,-7.640975633,1.674245807,139.6462932,-28.82625583,80.81749844,58.82237884,15.86851582,11.54977408
1.837540167,27.476472,-7.672401267,1.674384646,139.9361956,-28.94481181,81.15117286,58.7786068,15.93403279,11.54117944
1.8385511,27.52052567,-7.660461133,1.674742777,140.1605585,-28.8997666,81.02439365,59.12974897,15.90913969,11.61012621
1.8395176,27.56725867,-7.685239467,1.675016772,140.3985672,-28.99324505,81.28748766,59.10466361,15.9607982,11.6052007
1.840568567,27.624925,-7.707416233,1.67521322,140.6922587,-29.07690887,81.52295849,59.16288432,16.0070329,11.61663234
1.841573333,27.665044,-7.727434,1.67562349,140.8965826,-29.15242766,81.73550526,59.15466147,16.04876646,11.61501778
1.842587933,27.70879667,-7.697698433,1.675989748,141.1194126,-29.04024761,81.4197758,59.6932209,15.98677298,11.72076392
1.843563333,27.74983167,-7.6859765,1.676357078,141.3284017,-28.99602558,81.29531341,60.02667234,15.96233479,11.78623711
1.8445577,27.790655,-7.700901367,1.676746511,141.5363127,-29.05233096,81.45378425,60.07611255,15.99345054,11.7959447
1.845633267,27.82988067,-7.680997367,1.677240818,141.7360869,-28.97724136,81.24244544,60.48722557,15.95195416,11.87666674
1.8466048,27.881853,-7.687840467,1.677442208,142.0007792,-29.00305756,81.31510484,60.67925847,15.96622083,11.9143724
1.847623367,27.939173,-7.737124133,1.677611388,142.2927069,-29.18898454,81.83839418,60.44789681,16.0689687,11.86894454
1.848598533,27.98879333,-7.7629474,1.677851264,142.5454206,-29.2864051,82.1125832,60.42642148,16.12280571,11.86472786
1.849579267,28.025301,-7.728504,1.678291015,142.7313522,-29.15646433,81.74686642,60.97806985,16.05099722,11.97304402
1.8505456,28.06493267,-7.697259567,1.678670073,142.9331941,-29.03859194,81.41511596,61.51166226,15.98585802,12.07781488
1.851601633,28.10922133,-7.683493,1.679069822,143.1587539,-28.98665635,81.26894384,61.88339417,15.95715712,12.15080445
1.8526278,28.156135,-7.720199433,1.679400806,143.3976827,-29.12513462,81.65868931,61.73257749,16.03368365,12.12119159
1.853592267,28.21690367,-7.757184967,1.679464782,143.7071743,-29.26466581,82.05139823,61.64936013,16.11079204,12.10485186
1.8545905,28.258061,-7.7410455,1.679853133,143.9167864,-29.20377825,81.88003088,62.03033956,16.07714406,12.17965717
1.855584067,28.30022167,-7.7608501,1.680221949,144.1315084,-29.27849285,82.09031427,62.03477818,16.11843321,12.1805287
1.856563533,28.34022567,-7.752050567,1.680608623,144.3352466,-29.24529583,81.99688165,62.33194902,16.10008771,12.23887819
1.857652467,28.395538,-7.7755731,1.680877919,144.6169493,-29.33403667,82.2466417,62.36389172,16.1491281,12.24515014
1.858625833,28.434205,-7.751557033,1.681278306,144.8138783,-29.24343394,81.99164136,62.81582101,16.09905878,12.33388646
1.859609,28.46912033,-7.7272439,1.681744085,144.9917002,-29.15171049,81.73348679,63.25179749,16.04837013,12.41949044
1.8606168,28.516428,-7.750607167,1.682050864,145.2326356,-29.23985048,81.98155576,63.24466393,16.09707847,12.41808976
1.8615639,28.57305967,-7.773617133,1.682158778,145.5210576,-29.32665761,82.22587343,63.2887683,16.14505025,12.42674966
1.862585833,28.60811467,-7.742792733,1.682661254,145.6995909,-29.21036984,81.89858284,63.79459211,16.08078674,12.52606816
1.863607067,28.650607,-7.7566341,1.683052822,145.916002,-29.26258762,82.04554918,63.86403695,16.10964358,12.53970366
1.8645981,28.70142067,-7.7616566,1.683290881,146.1747933,-29.28153544,82.09887761,64.06949979,16.12011462,12.58004628
1.865590467,28.74482933,-7.7765578,1.683640004,146.3958713,-29.33775154,82.25709715,64.13235826,16.15118103,12.59238854
1.866598567,28.79348167,-7.770046867,1.683927158,146.643655,-29.31318847,82.18796467,64.44927446,16.13760686,12.65461504
1.8675757,28.84027833,-7.7678523,1.684210842,146.8819879,-29.30490927,82.16466297,64.71090907,16.13303157,12.705987
1.868607567,28.875598,-7.738351667,1.68471933,147.0618691,-29.19361552,81.85142802,65.20402519,16.07152789,12.80281035
1.8695652,28.921222,-7.760606733,1.685000892,147.2942297,-29.27757473,82.08773022,65.20008356,16.11792583,12.80203641
1.870608033,28.979685,-7.804092567,1.685177401,147.5919786,-29.44162888,82.54945872,65.03610398,16.20858622,12.76983902
1.871621767,29.02360033,-7.805844633,1.685540382,147.815637,-29.4482387,82.568062,65.24115914,16.21223897,12.8101016
1.8725663,29.06448233,-7.7967995,1.685879113,148.0238469,-29.41411514,82.47202162,65.54540934,16.19338145,12.86984112
1.873584,29.10313633,-7.795122467,1.686324025,148.2207096,-29.40778838,82.45421504,65.76007867,16.18988512,12.91199145
1.8746244,29.14705367,-7.754706533,1.686713643,148.4443782,-29.2553157,82.02508245,66.41287987,16.10562494,13.04016896
1.8755859,29.18510933,-7.755787233,1.687111222,148.6381937,-29.25939274,82.03655723,66.59522057,16.10787801,13.07597156
1.876610233,29.22955567,-7.744601533,1.687476934,148.8645565,-29.2171937,81.91778851,66.94035207,16.08455777,13.14373813
1.877603667,29.27492533,-7.762324933,1.687798065,149.0956218,-29.28405679,82.10597391,66.98323194,16.12150798,13.15215759
1.878557733,29.32868067,-7.761500667,1.687955567,149.3693948,-29.28094717,82.09722192,67.26575695,16.11978952,13.20763138
1.879584367,29.371294,-7.7864065,1.688350742,149.5864222,-29.37490663,82.36166972,67.21833657,16.17171385,13.19832039
1.8806169,29.40950033,-7.787855267,1.688817121,149.781005,-29.38037223,82.37705259,67.39753651,16.17473428,13.23350629
1.8815923,29.46466467,-7.806130533,1.688975077,150.061954,-29.44931729,82.57109766,67.48444043,16.21283503,13.25056988
1.882582533,29.50485133,-7.802799867,1.689369811,150.2666225,-29.43675205,82.53573295,67.72447367,16.20589116,13.2977004
1.883588233,29.55972667,-7.8221523,1.68956235,150.5460997,-29.50976082,82.74121527,67.79846847,16.24623762,13.31222928
1.884576967,29.58970467,-7.750712233,1.69010686,150.698776,-29.24024685,81.98267135,68.70968873,16.09729752,13.49114738
1.885580267,29.64808267,-7.7910722,1.690245095,150.996092,-29.39250839,82.41120969,68.57846641,16.18144102,13.46538188
1.886606967,29.68306033,-7.7997743,1.690753484,151.1742314,-29.42533784,82.50360777,68.66420771,16.19958339,13.48221718
1.8876131,29.71748633,-7.772752467,1.691249482,151.3495612,-29.32339558,82.21669248,69.12645277,16.14324757,13.572979
1.8886106,29.765829,-7.7814007,1.691530624,151.5957678,-29.35602181,82.30851861,69.28083324,16.16127763,13.60329161
1.889559067,29.81299633,-7.789533133,1.691780149,151.8359885,-29.38670213,82.39486802,69.43470452,16.17823234,13.63350423
1.8905697,29.868913,-7.829641333,1.691962191,152.120769,-29.53801386,82.82073312,69.29362,16.26185095,13.60580229
1.891583767,29.910307,-7.830675933,1.692362867,152.3315865,-29.54191698,82.83171841,69.49345213,16.26400791,13.64503933
1.892583233,29.96436933,-7.817370233,1.69256122,152.606923,-29.49172005,82.69043974,69.91006737,16.23626784,13.72684173
1.8936277,30.00414333,-7.818150867,1.693016303,152.8094899,-29.49466506,82.69872843,70.10434552,16.23789533,13.76498824
1.894594567,30.03206,-7.7864305,1.693569491,152.9516679,-29.37499717,82.36192455,70.58332748,16.17176389,13.85903635
1.8955657,30.079983,-7.816222367,1.693830485,153.1957372,-29.48738962,82.6782518,70.5110695,16.23387474,13.8448485
1.8965819,30.137636,-7.8647582,1.693992364,153.4893608,-29.67049534,83.19360072,70.28934421,16.3350635,13.80131274
1.897609067,30.18144733,-7.834647967,1.69437032,153.7124896,-29.55690182,82.87389309,70.83218061,16.27228891,13.90789866
1.898570367,30.22857167,-7.861581,1.694633316,153.9524913,-29.65850907,83.15986551,70.78620988,16.32843959,13.89887231
1.899604567,30.257997,-7.8140923,1.695231481,154.1023529,-29.47935376,82.65563495,71.44030208,16.22943392,14.02730331
1.900609467,30.30021,-7.815639167,1.695610855,154.3173415,-29.48518945,82.67205943,71.63886614,16.23265887,14.06629137
1.901516333,30.347114,-7.825828233,1.695822682,154.556221,-29.5236286,82.78024599,71.76955914,16.2539013,14.09195294
1.902560267,30.394526,-7.806275833,1.696164049,154.7976878,-29.44986544,82.57264044,72.21863145,16.21313795,14.18012829
1.903620667,30.44871467,-7.827838267,1.696421463,155.0736678,-29.53121163,82.80158833,72.26566353,16.25809187,14.18936303
1.904583733,30.48444533,-7.811264,1.696855061,155.2556421,-29.46868374,82.62560432,72.6236219,16.22353741,14.25964816
1.905607667,30.52268467,-7.8293896,1.697312351,155.450393,-29.53706417,82.81806024,72.62591685,16.26132613,14.26009877
1.906562067,30.57672967,-7.840588733,1.697465894,155.7256413,-29.57931389,82.93697159,72.78225379,16.28467437,14.29079553
1.907547767,30.62406867,-7.851750533,1.697750109,155.9667363,-29.62142277,83.05548653,72.90483383,16.30794478,14.31486412
1.908585467,30.66442933,-7.830688,1.698189731,156.172291,-29.5419625,82.83184653,73.33402853,16.26403307,14.3991365
1.9096042,30.70289733,-7.826086067,1.698638433,156.3682064,-29.5246013,82.78298364,73.57880689,16.25443884,14.44719873
1.9105849,30.77165667,-7.899711267,1.698600234,156.718394,-29.80235887,83.5647291,73.14724902,16.40793456,14.36246234
1.9116023,30.81239333,-7.856667367,1.699013985,156.9258637,-29.63997196,83.10769301,73.81175476,16.31819552,14.49293805
1.912570033,30.84646167,-7.8405385,1.699476882,157.0993719,-29.57912438,82.93643822,74.15651774,16.28456964,14.56063226
1.913554167,30.89291433,-7.846952267,1.699772664,157.3359528,-29.60332088,83.00453899,74.32499791,16.29794123,14.59371334
1.914582767,30.92956167,-7.830681933,1.700258212,157.5225957,-29.54193961,82.83178212,74.68439768,16.26402042,14.66428148
1.915542967,30.985782,-7.845546733,1.70038532,157.8089228,-29.59801839,82.98961517,74.81289176,16.29501094,14.6895113
1.916614867,31.02063133,-7.8359437,1.700940811,157.9864086,-29.56179009,82.88765106,75.09234165,16.27499029,14.74438128
1.917589633,31.06667067,-7.8522957,1.701233352,158.2208845,-29.62347946,83.06127506,75.1531935,16.30908136,14.75632954
1.918541167,31.10722067,-7.851787567,1.701584002,158.4274034,-29.62156248,83.05587975,75.36510779,16.30802199,14.79793891
1.919568467,31.13826367,-7.807389733,1.702151296,158.5855038,-29.45406773,82.58446772,75.99462014,16.21546024,14.92154367
1.920548433,31.189354,-7.830860133,1.702374189,158.8457041,-29.54261189,82.83367423,76.00561396,16.26439193,14.9237023
1.921528867,31.215041,-7.782318767,1.702973984,158.9765266,-29.35948529,82.31826655,76.65184415,16.16319164,15.0505896
1.922613467,31.259211,-7.820802567,1.703404058,159.201482,-29.50466883,82.72688393,76.46818221,16.24342366,15.01452758
1.923587433,31.314673,-7.821220533,1.703556171,159.483947,-29.50624565,82.73132186,76.74620926,16.24429505,15.06911819
1.924523333,31.359679,-7.8260013,1.703825157,159.7131602,-29.52428151,82.78208359,76.92466067,16.25426211,15.10415712
1.925571467,31.41915067,-7.846426033,1.703992019,160.0160462,-29.60133562,82.99895149,77.01067877,16.29684413,15.12104678
1.9265899,31.464702,-7.8358933,1.704335458,160.2480367,-29.56159995,82.88711592,77.35450484,16.27488521,15.18855703
1.927555167,31.524728,-7.901398367,1.704411239,160.5537459,-29.80872361,83.58264257,76.96468739,16.41145187,15.11201637
1.928619267,31.56510767,-7.884193733,1.70487698,160.7593973,-29.74381761,83.39996538,77.35301604,16.3755832,15.1882647
1.929571467,31.60405933,-7.8772343,1.705251981,160.9577761,-29.71756253,83.32607078,77.6252894,16.361074,15.24172557
1.930509133,31.633986,-7.831030833,1.705746184,161.110191,-29.54325587,82.8354867,78.26828837,16.26474781,15.36797842
1.9315462,31.68538033,-7.867836333,1.706021672,161.3719396,-29.68210787,83.22628405,78.13923961,16.34148087,15.3426397
1.932572433,31.72623733,-7.8495474,1.706442473,161.5800221,-29.61311125,83.03209387,78.54151229,16.30335163,15.42162594
1.933531867,31.76812467,-7.8445433,1.706781206,161.793352,-29.59423284,82.97896081,78.80797529,16.29291895,15.47394595
1.934555267,31.829633,-7.897175933,1.706893155,162.1066106,-29.7927941,83.53780917,78.56238557,16.40264883,15.42572441
1.9355802,31.85731233,-7.8677999,1.707507927,162.24758,-29.68197042,83.2258972,79.01526689,16.34140492,15.51464765
1.936540367,31.904389,-7.8678821,1.707770496,162.4873389,-29.68228053,83.22676999,79.25415303,16.34157629,15.56155295
1.937543267,31.94794767,-7.866312333,1.708127929,162.7091809,-29.67635845,83.21010236,79.49266262,16.3383036,15.6083843
1.938541167,31.99603033,-7.8736307,1.708413324,162.9540633,-29.70396763,83.28780809,79.65983932,16.35356112,15.64120945
1.9395916,32.04605333,-7.868200767,1.7087225,163.2088278,-29.68348273,83.23015357,79.9722583,16.34224065,15.70255292
1.9405702,32.085766,-7.866757433,1.709112624,163.4110823,-29.67803763,83.21482839,80.18983795,16.33923155,15.74527468
1.94153,32.13073267,-7.8902006,1.709406093,163.6400951,-29.76647904,83.46374573,80.16993343,16.38810647,15.74136643
1.942579333,32.16001133,-7.8275652,1.710021565,163.7892097,-29.53018146,82.79868894,80.9841049,16.25752257,15.901229
1.943564533,32.212419,-7.866191033,1.710230171,164.0561192,-29.67590083,83.20881441,80.84088886,16.33805071,15.87310853
1.944529633,32.26668167,-7.8781115,1.710391189,164.332476,-29.72087185,83.3353848,80.99067531,16.36290281,15.9025191
1.9456563,32.31261933,-7.903253233,1.710837136,164.5664341,-29.81572126,83.60233737,80.95768081,16.41531894,15.89604063
1.946545333,32.33873733,-7.8334751,1.711339144,164.6994517,-29.55247708,82.8614397,81.83159605,16.26984368,16.06763388
1.9475229,32.37981533,-7.8499077,1.711708003,164.9086597,-29.61447052,83.0359195,81.86632429,16.30410279,16.07445278
1.948603333,32.42124233,-7.8493476,1.712174557,165.1196452,-29.61235749,83.02997241,82.08325687,16.30293508,16.11704749
1.9495814,32.46145233,-7.7973412,1.712556779,165.3244326,-29.41615875,82.47777334,82.84024331,16.1945108,16.26568177
1.950540567,32.52977567,-7.875675867,1.712503508,165.6723996,-29.7116832,83.30952348,82.35646024,16.35782493,16.17069097
1.9515901,32.59070467,-7.9078056,1.712650175,165.9827077,-29.83289546,83.65067397,82.32561787,16.42480983,16.16463507
1.952562167,32.62930867,-7.894034667,1.713050194,166.1793158,-29.7809434,83.50445549,82.66844445,16.39609984,16.23194907
1.953522533,32.66991167,-7.889913233,1.713408892,166.3861047,-29.76539493,83.4606945,82.91899434,16.38750736,16.28114454
1.9545898,32.69550533,-7.868490867,1.714096903,166.5164519,-29.68457716,83.23323382,83.27680218,16.34284546,16.35140011
1.9555735,32.75425667,-7.8754026,1.714210007,166.8156693,-29.71065228,83.30662196,83.50263143,16.35725522,16.39574168
1.956548467,32.79676567,-7.8953217,1.714555061,167.0321654,-29.78579885,83.51812109,83.50762835,16.39878308,16.39672283
1.957568267,32.83892667,-7.878723933,1.714950105,167.2468891,-29.7231823,83.34188756,83.89858559,16.36417962,16.47348728
1.9585665,32.890173,-7.9073852,1.715188953,167.5078839,-29.83130947,83.6462102,83.85525777,16.42393337,16.46497986
1.959574867,32.93641,-7.898805133,1.715512164,167.7433664,-29.79894041,83.55510786,84.18184267,16.40604543,16.52910481
1.960536667,32.981111,-7.907060333,1.71581157,167.9710262,-29.83008388,83.6427608,84.32184952,16.42325608,16.55659515
1.961529667,33.02087367,-7.901426133,1.716215354,168.1735354,-29.80882836,83.58293739,84.58418205,16.41150976,16.60810415
1.962589667,33.065647,-7.878620967,1.716611888,168.4015635,-29.72279385,83.34079427,85.05435335,16.36396496,16.70042228
1.963540167,33.10711667,-7.9194533,1.716947876,168.6127663,-29.87683744,83.77434815,84.83200226,16.44909326,16.65676364
1.964527167,33.13639467,-7.843329433,1.717501025,168.7618776,-29.58965342,82.96607208,85.78938961,16.29038825,16.84474665
1.965569567,33.18119933,-7.880210233,1.717879495,168.9900654,-29.7287895,83.35766896,85.62598049,16.3672783,16.81266127
1.966516467,33.230667,-7.8696216,1.718093366,169.2420015,-29.68884295,83.24523984,85.99034578,16.34520284,16.88420439
1.9675132,33.28349033,-7.878242033,1.718307346,169.5110279,-29.72136429,83.33677079,86.16784122,16.36317495,16.91905562
1.968600067,33.335252,-7.888970033,1.718627191,169.7746473,-29.76183662,83.45067969,86.31755171,16.38554096,16.94845128
1.9695354,33.37857567,-7.8923478,1.71892054,169.9952924,-29.77457955,83.4865445,86.50233201,16.39258301,16.98473289
1.970544233,33.41826267,-7.900310033,1.719341278,170.1974162,-29.80461777,83.57108674,86.61991352,16.40918288,17.00782002
1.971607633,33.450953,-7.871439767,1.719920261,170.3639063,-29.69570214,83.26454496,87.09294542,16.3489934,17.10069983
1.972518533,33.49892667,-7.899047067,1.720120272,170.6082336,-29.79985312,83.55767668,87.044141,16.40654982,17.09111709
1.973539067,33.53524133,-7.8354171,1.720602682,170.7931822,-29.55980345,82.88205967,87.90470666,16.27389242,17.26008915
1.974605867,33.58254967,-7.852959933,1.720968452,171.034121,-29.62598534,83.06832783,87.9593773,16.31046617,17.27082373
1.975543767,33.62564733,-7.862855767,1.721267716,171.2536151,-29.66331824,83.17340086,88.07379838,16.33109726,17.29329031
1.9765141,33.66813033,-7.884414667,1.721608522,171.4699788,-29.7446511,83.40231123,88.06125164,16.37604381,17.29082676
1.977556867,33.714306,-7.8813939,1.721967042,171.705149,-29.73325499,83.37023702,88.32849604,16.36974604,17.3433002
1.978550267,33.75318133,-7.868760267,1.722384375,171.903139,-29.68559349,83.23609428,88.66062876,16.34340711,17.40851446
1.979524867,33.80000467,-7.886146567,1.722665131,172.1416077,-29.75118484,83.42070039,88.71449138,16.37965452,17.41909038
1.980580133,33.845099,-7.858867333,1.723052175,172.3712707,-29.64827153,83.13105205,89.23380273,16.32278207,17.52105717
1.981536133,33.89905433,-7.894758233,1.723208647,172.6460623,-29.78367312,83.51213825,89.12750814,16.39760835,17.50018622
1.982505333,33.93990967,-7.8623797,1.723572439,172.8541363,-29.66152224,83.16834603,89.67937438,16.33010474,17.60854516
1.983544667,33.98597333,-7.876180033,1.723929185,173.0887361,-29.71358522,83.31487667,89.76744352,16.35887603,17.62583754
1.9845545,34.033559,-7.891237533,1.724233878,173.3310873,-29.77039097,83.47475579,89.84991564,16.3902683,17.64203094
1.985585167,34.07865667,-7.885675133,1.724596273,173.5607673,-29.74940632,83.41569475,90.13865668,16.37867166,17.69872524
1.9865529,34.12311067,-7.902578033,1.724905272,173.7871692,-29.813174,83.59516816,90.18558511,16.41391127,17.70793964
1.987561367,34.17846433,-7.9445715,1.725093489,174.0690824,-29.97159807,84.04105084,90.02161567,16.50146033,17.67574424
1.988548167,34.19414933,-7.8830929,1.725847864,174.1489653,-29.73966462,83.38827684,90.75427253,16.37328816,17.81960141
1.989500767,34.24293533,-7.860125367,1.726077537,174.3974298,-29.65301757,83.14440973,91.24660412,16.32540485,17.91627072
1.990572133,34.30448033,-7.905716133,1.726236909,174.7108751,-29.82501276,83.62848821,91.07597102,16.42045366,17.88276691
1.991619333,34.32961133,-7.878914067,1.726911709,174.838866,-29.7238996,83.34390638,91.48854368,16.36457602,17.96377555
1.992526,34.38095567,-7.871730767,1.727057539,175.1003599,-29.69679996,83.26763477,91.82630922,16.34960009,18.03009581
1.993537333,34.424207,-7.8780772,1.727427959,175.3206366,-29.72074245,83.33502061,91.9792001,16.3628313,18.06011594
1.994576067,34.452604,-7.862671367,1.728045896,175.465261,-29.66262258,83.17144292,92.28740219,16.33071282,18.12063142
1.9954811,34.50776767,-7.877406433,1.728133496,175.7462066,-29.71821192,83.32789847,92.41189222,16.36143286,18.14507504
1.9965557,34.549301,-7.8793734,1.728592641,175.9577336,-29.72563247,83.34878354,92.60253419,16.36553365,18.18250759
1.997625033,34.59974433,-7.8839151,1.728914489,176.2146388,-29.74276644,83.39700688,92.81121603,16.3750023,18.22348227
1.998495033,34.649133,-7.8872474,1.729052631,176.4661727,-29.75533784,83.43238893,93.02736781,16.38194957,18.26592367
1.9995682,34.67946733,-7.856473,1.729676293,176.6206638,-29.63923869,83.10562924,93.50861863,16.3177903,18.36041727
2.0005547,34.72637067,-7.862781067,1.729967764,176.8595399,-29.66303643,83.1726077,93.68051633,16.33094152,18.39416938
2.001525,34.777631,-7.892683333,1.730178471,177.1206061,-29.77584537,83.49010716,93.62408299,16.39328254,18.3830887
2.002575867,34.81346933,-7.850070333,1.730698274,177.3031288,-29.61508407,83.03764633,94.25906653,16.30444186,18.50776771
2.0035669,34.877037,-7.906391467,1.73074734,177.6268755,-29.82756052,83.63565883,93.98480073,16.42186161,18.45391562
2.0045189,34.90087667,-7.874741233,1.731346076,177.7482896,-29.70815722,83.29959963,94.44227408,16.35587639,18.54374052
2.005526967,34.94243467,-7.848485767,1.731738322,177.9599423,-29.60910615,83.02082155,94.93270482,16.30113831,18.64003659
2.0062287,34.96922033,-7.864642467,1.732043137,178.0963602,-29.67005873,83.19237187,94.89757246,16.33482222,18.63313835
2.006384867,34.974781,-7.860728433,1.732116904,178.1246804,-29.65529269,83.15081303,94.96745148,16.32666214,18.6468591
2.006321333,34.98841333,-7.861701033,1.731851362,178.1941092,-29.65896191,83.16114001,95.02655324,16.32868984,18.65846373
2.0059465,35.155039,-7.7549994,1.729007414,179.0427247,-29.25642057,82.02819208,97.00811673,16.10623552,19.04754372
2.004912533,34.90591067,-7.8376832,1.731665114,177.7739275,-29.56835251,82.90612091,94.86139069,16.27861684,18.62603406
2.003969733,34.86596167,-7.866082033,1.731314291,177.5704694,-29.67548962,83.20765705,94.35639644,16.33782346,18.52687844
2.002910033,34.81384267,-7.869657833,1.731026908,177.3050301,-29.68897964,83.24562456,94.05298966,16.34527838,18.46730452
2.001928767,34.77997967,-7.896615167,1.730547435,177.1325677,-29.79067856,83.531855,93.59429679,16.40147973,18.37724017
2.000973233,34.72411233,-7.865469633,1.730419762,176.8480384,-29.67317929,83.20115465,93.64046781,16.33654672,18.38630585
1.999879667,34.67456933,-7.835539967,1.73006034,176.5957185,-29.56026697,82.88336426,93.70593836,16.27414857,18.399161
1.9989413,34.63975533,-7.909004333,1.729637859,176.4184127,-29.83741779,83.66340201,92.74859478,16.42730898,18.21118659
1.997966567,34.59002433,-7.8928895,1.729400056,176.1651354,-29.77662316,83.49229622,92.66642326,16.39371236,18.19505221
1.996928133,34.53436933,-7.865348033,1.729186337,175.8816875,-29.67272054,83.19986351,92.67540804,16.3362932,18.19681637
1.9959498,34.481341,-7.846802233,1.728993795,175.611617,-29.60275487,83.00294595,92.60225515,16.29762844,18.1824528
1.994988333,34.43861,-7.875174367,1.728665531,175.3939903,-29.70979125,83.3041986,92.08337582,16.35677939,18.08057084
1.993914767,34.39886467,-7.855888833,1.728180924,175.1915695,-29.63703487,83.09942661,92.08572695,16.31657242,18.08103249
1.992998133,34.341915,-7.880017433,1.72810819,174.9015279,-29.72806215,83.35562182,91.53949015,16.36687635,17.97377889
1.991985833,34.297685,-7.907747733,1.727751304,174.6762669,-29.83267715,83.65005955,91.01979142,16.42468919,17.87173604
1.990915733,34.24621067,-7.885269033,1.727443968,174.4141109,-29.74787427,83.41138282,90.99631213,16.37782502,17.86712589
1.989923967,34.22652967,-7.942796567,1.726743841,174.3138766,-29.96490198,84.02220477,90.2852559,16.49775991,17.72751
1.988962033,34.17911533,-7.9182213,1.726484509,174.0723979,-29.87218961,83.76126689,90.30471513,16.44652475,17.73133082
1.987912567,34.117897,-7.893703767,1.726342196,173.7606162,-29.77969505,83.50094203,90.25325831,16.39540997,17.72122727
1.9869547,34.07561367,-7.911269833,1.726010898,173.5452695,-29.84596459,83.68745687,89.85139672,16.43203216,17.64232175
1.9860209,34.01946167,-7.8940881,1.725909177,173.2592904,-29.78114498,83.50502284,89.74785163,16.39621123,17.62199067
1.984941467,33.971227,-7.886886733,1.725544501,173.0136338,-29.75397719,83.42855941,89.5786585,16.38119764,17.5887696
1.9839241,33.931315,-7.9050406,1.725118564,172.8103641,-29.82246425,83.62131546,89.18263278,16.41904529,17.51100995
1.982924667,33.88157,-7.904442633,1.724856269,172.5570155,-29.82020837,83.6149663,88.93563332,16.41779863,17.4625116
1.981937133,33.82214633,-7.9160072,1.724749295,172.254374,-29.86383672,83.73775779,88.5102003,16.44190874,17.37897783
1.9809669,33.77383167,-7.894957533,1.724495004,172.00831,-29.78442499,83.5142544,88.48763968,16.39802385,17.37454805
1.979944167,33.71962867,-7.879409167,1.724275469,171.732257,-29.72576741,83.34916331,88.37667781,16.36560821,17.35276069
1.9789618,33.68846367,-7.905685133,1.723754916,171.5735354,-29.82489581,83.62815905,87.93896039,16.42038903,17.26681487
1.977911367,33.631326,-7.861199867,1.723551168,171.2825363,-29.65707121,83.15581867,88.12030171,16.327645,17.30242124
1.976905567,33.59298967,-7.930276867,1.723113448,171.0872914,-29.9176703,83.88927177,87.19160372,16.47165851,17.12007139
1.976005133,33.54458967,-7.925803033,1.722930222,170.8407928,-29.90079237,83.84176903,86.99260787,16.46233135,17.08099855
1.974970233,33.494723,-7.930745433,1.722634263,170.5868245,-29.91943801,83.89424696,86.68616167,16.47263539,17.02082784
1.973944267,33.458588,-7.939712367,1.722143757,170.4027909,-29.95326656,83.98945702,86.406918,16.49132989,16.96599835
1.9729749,33.41175467,-7.921941767,1.721868382,170.1642713,-29.8862254,83.80077046,86.35708492,16.45428128,16.95621362
1.9719263,33.366783,-7.938681767,1.721486187,169.935233,-29.94937853,83.97851421,85.95030289,16.48918126,16.87634197
1.970886467,33.31097033,-7.906898667,1.721273405,169.6509821,-29.82947398,83.64104423,86.00352195,16.42291904,16.88679153
1.969946633,33.25644567,-7.907108767,1.721141536,169.3732909,-29.8302666,83.64327506,85.72359993,16.42335706,16.83182885
1.969006633,33.200657,-7.883805733,1.721028231,169.0891622,-29.74235384,83.39584564,85.68690066,16.37477429,16.82462295
1.967906533,33.148365,-7.836028433,1.720703011,168.8228419,-29.56210976,82.88855075,85.9278752,16.27516694,16.8719383
1.966978133,33.12619667,-7.928075633,1.720103109,168.7099397,-29.90936595,83.86589928,84.83762455,16.46706932,16.65786758
1.965933733,33.069725,-7.9278852,1.719895525,168.4223326,-29.90864753,83.86387728,84.55203938,16.4666723,16.60179293
1.9649236,33.019772,-7.905449567,1.719625612,168.1679246,-29.82400712,83.62565783,84.53585089,16.41989791,16.59861432
1.9639755,32.974351,-7.8912196,1.719350575,167.9365979,-29.77032331,83.47456538,84.45561662,16.39023091,16.58286032
1.962985,32.931674,-7.9194423,1.718992477,167.7192462,-29.87679594,83.77423136,83.93859898,16.44907033,16.48134391
1.961955167,32.87615767,-7.8979764,1.718785304,167.4365045,-29.79581394,83.54630845,83.88378019,16.40431766,16.47058024
1.960969367,32.81179033,-7.8647642,1.71875332,167.1086852,-29.67051798,83.19366442,83.90860484,16.33507601,16.47545456
1.959927067,32.766784,-7.852833933,1.718377939,166.8794703,-29.62550999,83.06698997,83.80606445,16.31020348,16.45532075
1.958980567,32.74263333,-7.904379667,1.717789312,166.7564723,-29.81997083,83.61429773,83.13575865,16.41766736,16.32370621
1.957962133,32.700771,-7.914753767,1.717391208,166.5432697,-29.85910803,83.72444895,82.81240481,16.43929555,16.26021568
1.9569881,32.645677,-7.918857433,1.717233576,166.2626789,-29.87458948,83.7680213,82.48824168,16.44785098,16.19656625
1.955984933,32.60705067,-7.938840267,1.716802788,166.065957,-29.94997648,83.98019714,82.079344,16.48951171,16.11627919
1.9549402,32.56509967,-7.943256367,1.716379698,165.8523029,-29.96663661,84.02708688,81.81880007,16.49871851,16.06512139
1.953931,32.51419333,-7.9456078,1.716124845,165.5930396,-29.9755076,84.05205418,81.53456955,16.50362084,16.00931273
1.953005533,32.457859,-7.9309125,1.716034159,165.3061319,-29.92006828,83.89602086,81.40369514,16.4729837,15.98361554
1.9519712,32.41045967,-7.9022444,1.715702205,165.0647296,-29.81191534,83.59162567,81.46668807,16.4132157,15.9959842
1.950976833,32.35557867,-7.901899833,1.715521083,164.7852237,-29.81061543,83.58796709,81.19084066,16.41249734,15.94182156
1.949976767,32.31818733,-7.9245221,1.715075094,164.5947916,-29.89595994,83.8281682,80.76020751,16.45966083,15.85726674
1.948929933,32.27054667,-7.935827733,1.714734216,164.3521603,-29.93861144,83.94821035,80.397534,16.4832311,15.7860558
1.947933233,32.222912,-7.929859333,1.714443382,164.1095595,-29.91609512,83.88483844,80.21830511,16.47078803,15.75086421
1.9469819,32.16247367,-7.8820122,1.714387644,163.8017503,-29.73558758,83.37680207,80.4185323,16.37103509,15.79017882
1.945973433,32.11823267,-7.901734367,1.714034756,163.5764332,-29.8099912,83.58621018,79.98380715,16.41215237,15.70482053
1.944924633,32.09318633,-7.9835345,1.713357101,163.4488736,-30.11858943,84.45475632,78.98770138,16.5826914,15.50923517
1.9439718,32.038709,-7.9454328,1.71321153,163.1714235,-29.9748474,84.05019604,79.11481152,16.50325599,15.53419324
1.942931667,31.97936167,-7.8985052,1.713050826,162.8691707,-29.79780888,83.55192319,79.31083159,16.40542012,15.57268178
1.941936933,31.93492133,-7.8921475,1.712714624,162.6428385,-29.7738239,83.48441773,79.15200483,16.39216542,15.54149615
1.9409856,31.89518667,-7.9360458,1.712352092,162.4404719,-29.93943411,83.95052576,78.48353028,16.48368573,15.41024117
1.9399581,31.842349,-7.9026165,1.712107558,162.1713725,-29.81331912,83.59557659,78.56938005,16.41399146,15.42709777
1.938924167,31.803467,-7.9285744,1.711649792,161.9733486,-29.91124759,83.87119514,78.09573757,16.46810916,15.33409807
1.937930467,31.76620367,-7.9330422,1.711208272,161.7835685,-29.92810277,83.91863382,77.85851873,16.47742375,15.28752015
1.9369566,31.709921,-7.916789833,1.711068421,161.4969239,-29.86678928,83.74606771,77.74444024,16.4435404,15.26512084
1.935971433,31.67052033,-7.984230367,1.710667106,161.2962584,-30.12121465,84.46214496,76.82769751,16.58414216,15.08511841
1.9350104,31.611315,-7.8880747,1.710583397,160.9947288,-29.7584589,83.44117312,77.54713977,16.38367434,15.22638089
1.933983367,31.56978333,-7.9287011,1.710171794,160.7832103,-29.91172558,83.87254042,76.90425392,16.46837331,15.10015026
1.9329621,31.52534867,-7.9625556,1.709808975,160.5569069,-30.03944467,84.23200433,76.31848665,16.53895405,14.98513485
1.931899067,31.46427667,-7.9006804,1.709650927,160.2458705,-29.80601501,83.57501926,76.6644353,16.40995503,15.05306187
1.930926133,31.431301,-7.939678867,1.709166638,160.0779272,-29.95314018,83.98910132,76.08240994,16.49126004,14.93878119
1.929968267,31.37445133,-7.9304182,1.709051189,159.7883949,-29.91820349,83.89077243,75.89120653,16.47195317,14.9012384
1.928963067,31.32839667,-7.922807567,1.708728442,159.5538409,-29.88949171,83.80996344,75.73746158,16.45608632,14.87105058
1.9279793,31.27789533,-7.9018779,1.708493021,159.2966404,-29.81053269,83.58773421,75.70249024,16.41245161,14.86418396
1.9269981,31.24271833,-7.9398715,1.708033085,159.1174858,-29.9538669,83.99114668,75.11992319,16.49166165,14.74979692
1.925866167,31.18625533,-7.9249218,1.70773784,158.8299228,-29.89746784,83.83241217,74.99109468,16.46049413,14.72450144
1.924934667,31.138975,-7.897004267,1.707506955,158.5891266,-29.79214648,83.53598642,75.04672423,16.40229093,14.7354243
1.924083067,31.08995133,-7.888992467,1.707381804,158.3394517,-29.76192125,83.45091788,74.88211787,16.38558773,14.70310384
1.922974667,31.05591367,-7.9413937,1.706777786,158.1660997,-29.95960954,84.00730926,74.15237448,16.49483517,14.55981873
1.921987533,30.992892,-7.9344837,1.706724529,157.8451337,-29.93354095,83.93393953,73.90477825,16.48042903,14.51120321
1.920971833,30.949899,-7.908557233,1.706345913,157.6261727,-29.83573106,83.65865474,73.961102,16.42637686,14.52226238
1.9199371,30.914516,-7.949220167,1.705835497,157.4459689,-29.98913557,84.09040995,73.34914308,16.51115199,14.40210424
1.9189436,30.85812567,-7.9173778,1.705677608,157.158776,-29.86900743,83.75231069,73.4000494,16.4447662,14.4120997
1.9179746,30.81274433,-7.9327485,1.705381084,156.9276513,-29.92699476,83.91551534,73.00572006,16.47681144,14.33467313
1.917012467,30.761132,-7.906681367,1.705183759,156.6647925,-29.82865419,83.63873696,73.01963959,16.422466,14.33740623
1.9159771,30.71569567,-7.927628333,1.704821683,156.4333877,-29.90767847,83.86114989,72.56582186,16.46613678,14.24829912
1.914955533,30.66406767,-7.895669133,1.704565157,156.170449,-29.78710957,83.5218101,72.64222301,16.39950741,14.26330049
1.913923433,30.615772,-7.8744046,1.704248719,155.9244818,-29.70688724,83.29602529,72.6220406,16.35517456,14.25933767
1.912961433,30.562134,-7.8765796,1.704081544,155.6513063,-29.71509262,83.31911923,72.3257712,16.35970906,14.20116517
1.911969767,30.52424567,-7.906947333,1.70365132,155.4583431,-29.82965757,83.64156097,71.81036621,16.4230205,14.09996541
1.910987967,30.48721467,-7.913604233,1.703218257,155.2697462,-29.85477132,83.71224331,71.55108698,16.43689897,14.04905593
1.909983967,30.434711,-7.891087233,1.702992274,155.0023478,-29.76982395,83.47315992,71.52277202,16.38995495,14.04349629
1.9089454,30.38458433,-7.883843233,1.702696501,154.7470554,-29.74249532,83.39624381,71.34439571,16.37485247,14.0084721
1.907946767,30.34233533,-7.8960436,1.702323928,154.5318835,-29.78852228,83.52578616,70.99968148,16.40028811,13.94078746
1.9069768,30.28942233,-7.856714733,1.702138043,154.2624005,-29.64015065,83.10819594,71.14778862,16.31829427,13.9698683
1.905941433,30.251282,-7.920223233,1.701667853,154.0681538,-29.87974208,83.78252323,70.27921466,16.45069844,13.7993238
1.904979733,30.211282,-7.909861867,1.701298886,153.864436,-29.84065291,83.67250721,70.18551283,16.42909679,13.78092544
1.904022233,30.164439,-7.9521432,1.701035521,153.6258671,-30.00016298,84.12144644,69.49800472,16.51724601,13.64593323
1.9029214,30.10854833,-7.922026633,1.700762895,153.3412189,-29.88654557,83.80167156,69.53313144,16.45445821,13.65283036
1.901939233,30.061304,-7.898389333,1.70048081,153.1006061,-29.79737176,83.55069293,69.54349722,16.40517856,13.65486568
1.901021467,30.01204867,-7.882164967,1.700292926,152.8497513,-29.73616391,83.37842413,69.46491125,16.37135358,13.63943532
1.8999659,29.96783433,-7.907084333,1.699892542,152.6245701,-29.83017442,83.64301563,68.97513853,16.42330612,13.54326845
1.8989755,29.922406,-7.8934075,1.699575314,152.393206,-29.77857736,83.49779629,68.88899381,16.3947923,13.52635393
1.8980164,29.878362,-7.9094707,1.699268872,152.1688923,-29.8391772,83.66835384,68.49412253,16.42828128,13.44882096
1.896928533,29.823349,-7.9039545,1.698996207,151.888714,-29.81836685,83.60978335,68.27251477,16.41678096,13.40530828
1.895984833,29.76804467,-7.898296033,1.698872025,151.607052,-29.79701978,83.54970228,68.05093384,16.40498404,13.36180086
1.895004467,29.720303,-7.8621596,1.69859911,151.3639063,-29.66069189,83.16600903,68.19148135,16.32964587,13.38939736
1.8939732,29.665846,-7.834089133,1.698374805,151.0865597,-29.55479358,82.86795945,68.21218436,16.27112384,13.3934624
1.893001133,29.63538033,-7.891349467,1.697854189,150.9313997,-29.77081324,83.47594429,67.44903951,16.39050166,13.24361891
1.891937133,29.59041667,-7.889611867,1.697456476,150.7024022,-29.76425799,83.45749462,67.23849165,16.38687907,13.20227784
1.8909647,29.537773,-7.876492033,1.697264134,150.4342908,-29.71476226,83.31818946,67.10968544,16.3595265,13.17698674
1.889999367,29.48776067,-7.866166267,1.6970399,150.1795807,-29.6758074,83.20855144,66.96461333,16.33799907,13.14850183
1.888985067,29.43859967,-7.840226,1.696754084,149.9292063,-29.57794545,82.93312012,66.98967032,16.28391814,13.15342177
1.8880136,29.391116,-7.905229267,1.696486246,149.6873746,-29.82317602,83.6233187,66.05763997,16.41943863,12.97041761
1.887001667,29.357063,-7.878073233,1.695978921,149.5139445,-29.72072748,83.33497849,66.17255009,16.36282303,12.99298021
1.885969467,29.31155333,-7.905532033,1.695621099,149.2821662,-29.82431823,83.62653345,65.64921684,16.42006984,12.89022373
1.884972233,29.254746,-7.869911367,1.695465656,148.9928495,-29.68993612,83.24831656,65.73811704,16.34580696,12.90767928
1.884040567,29.21034433,-7.839758867,1.695191948,148.7667142,-29.57618315,82.92816014,65.83213815,16.28294424,12.92614033
1.8829945,29.19182333,-7.934483333,1.694420331,148.6723877,-29.93353957,83.93393564,64.7320362,16.48042826,12.71013531
1.882019467,29.14490367,-7.9492477,1.694140569,148.4334284,-29.98923945,84.09070229,64.3363102,16.5112094,12.63243451
1.880983067,29.086265,-7.895023633,1.693973096,148.1347848,-29.78467436,83.51495625,64.61341267,16.39816166,12.68684358
1.879933933,29.04947867,-7.9243495,1.693469075,147.947434,-29.89530879,83.82633554,64.11468255,16.45930098,12.58891792
1.878961433,28.99617833,-7.8949763,1.693286397,147.6759783,-29.78449579,83.51445367,64.1551087,16.39806298,12.59685559
1.8780198,28.94914967,-7.891843667,1.693041651,147.4364638,-29.77267766,83.48119166,63.94885623,16.39153198,12.55635792
1.877019967,28.90244033,-7.908649467,1.692733972,147.1985757,-29.83607902,83.65963406,63.5325257,16.42656915,12.47461142
1.8759808,28.85172467,-7.8954784,1.692446327,146.9402835,-29.78639001,83.51978492,63.41408268,16.39910977,12.45135513
1.874999033,28.799457,-7.879640733,1.69223908,146.6740871,-29.72664101,83.35162206,63.31604912,16.36609099,12.43210624
1.873944,28.75603267,-7.893248733,1.691827523,146.4529293,-29.7779784,83.49611052,62.95040286,16.3944613,12.3603116
1.872980333,28.691902,-7.907749533,1.691814166,146.1263153,-29.83268395,83.65007866,62.46982069,16.42469294,12.26594929
1.872036133,28.64369267,-7.891382067,1.691584348,145.8807877,-29.77093623,83.47629043,62.39808137,16.39056963,12.25186328
1.871028767,28.60671367,-7.8972246,1.691124948,145.6924556,-29.7929777,83.5383259,62.14771384,16.40275029,12.20270361
1.869981,28.561533,-7.842214233,1.690746683,145.4623529,-29.58544623,82.954231,62.50170604,16.28806326,12.27220998
1.868966067,28.503175,-7.843054267,1.690596518,145.1651388,-29.58861533,82.96315039,62.19557248,16.28981458,12.21210066
1.867953,28.461999,-7.889122033,1.690193611,144.9554316,-29.76241006,83.45229361,61.49672211,16.38585785,12.07488139
1.867000867,28.421886,-7.862547533,1.689835886,144.7511383,-29.66215541,83.17012807,61.5745943,16.33045465,12.09017159
1.8660005,28.36151767,-7.846026267,1.689730077,144.4436856,-29.59982747,82.99470681,61.44256288,16.29601068,12.06424722
1.8649909,28.323387,-7.832221367,1.68928551,144.2494882,-29.54774726,82.84812768,61.39494457,16.26722987,12.05489737
1.863959167,28.27530567,-7.8385183,1.688966262,144.0046125,-29.571503,82.91498792,61.08320868,16.28035788,11.99368802
1.862927333,28.22190667,-7.848322233,1.688725713,143.7326543,-29.6084892,83.01908517,60.7071532,16.30079737,11.91984953
1.8619458,28.20068033,-7.8699533,1.688058719,143.6245497,-29.69009431,83.2487618,60.36937199,16.34589438,11.85352619
1.861017833,28.16384367,-7.9215943,1.68767661,143.4369425,-29.88491455,83.79708109,59.63344554,16.45355687,11.70902703
1.8600001,28.11954367,-7.8945726,1.687315329,143.211325,-29.7829728,83.51016722,59.69474189,16.39722133,11.72106257
1.858973133,28.070434,-7.890872033,1.687016086,142.9612121,-29.76901208,83.47087495,59.48392126,16.3895063,11.67966794
1.857993533,28.01558067,-7.889664167,1.68684932,142.681847,-29.7644553,83.45804993,59.2173812,16.3869881,11.6273328
1.8569543,27.96271267,-7.87744,1.686593503,142.4125932,-29.71833855,83.32825488,59.07792237,16.36150285,11.59995006
1.8559696,27.91587267,-7.854375067,1.686302894,142.1740396,-29.63132405,83.08335358,59.08427006,16.31341648,11.60119643
1.854979033,27.876487,-7.897638167,1.685895957,141.9734505,-29.79453792,83.54271712,58.42431745,16.40361251,11.47161473
1.8540009,27.80477067,-7.874432867,1.68598054,141.608203,-29.70699388,83.29632542,58.30546171,16.3552335,11.44827741
1.853005033,27.768281,-7.860224733,1.685525389,141.4223631,-29.65339244,83.14546479,58.27048242,16.32561201,11.44140922
1.8519719,27.72145133,-7.8465789,1.685186194,141.1838622,-29.60191233,83.00057462,58.17687162,16.29716283,11.42302874
1.850961933,27.675164,-7.847966867,1.684862128,140.9481232,-29.60714855,83.01531192,57.92639542,16.30005649,11.37384774
1.849982467,27.625198,-7.872118467,1.684623074,140.6936491,-29.6982626,83.27175134,57.41548185,16.35040838,11.27352986
1.848982033,27.575849,-7.833607367,1.684353911,140.4423173,-29.55297607,82.86284409,57.57305729,16.27011944,11.3044698
1.847984067,27.52479933,-7.810052533,1.684112415,140.1823241,-29.46411338,82.61274108,57.56316709,16.22101171,11.30252786
1.846966233,27.48292533,-7.806553333,1.683715085,139.969062,-29.45091234,82.57558691,57.38705923,16.21371649,11.26794908
1.845963533,27.45391833,-7.8734096,1.68314222,139.821331,-29.70313351,83.28546047,56.52945458,16.35310016,11.09955841
1.844975933,27.38916967,-7.814153533,1.683114087,139.4915695,-29.47958476,82.65628512,56.82886845,16.22956158,11.15834832
1.8439653,27.35427567,-7.880256667,1.682620525,139.3138562,-29.72896468,83.35816198,55.94927832,16.3673751,10.9856408
1.8429613,27.31154433,-7.879186467,1.682249732,139.0962278,-29.72492725,83.3467987,55.74301322,16.36514392,10.94514065
1.8419514,27.253795,-7.837701333,1.682095581,138.8021136,-29.56842092,82.90631345,55.88938422,16.27865465,10.97388059
1.8409438,27.21497967,-7.841122767,1.68166316,138.6044292,-29.58132858,82.94264191,55.65537135,16.28578774,10.92793216
1.839901633,27.15550533,-7.8054595,1.681502303,138.3015296,-29.44678575,82.56397269,55.73114098,16.21143604,10.94280953
1.8389301,27.125408,-7.842418833,1.680976762,138.1482455,-29.58621811,82.95640342,55.18542615,16.28848981,10.83565842
1.8379672,27.070935,-7.821997133,1.680821062,137.8708174,-29.50917544,82.73956773,55.12483378,16.24591412,10.82376111
1.836928367,27.017019,-7.789602767,1.680581173,137.5962261,-29.38696483,82.39560738,55.19420283,16.17837751,10.83738173
1.835956133,26.95582067,-7.762226567,1.680515797,137.2845463,-29.28368569,82.10492946,55.17320093,16.1213029,10.833258
1.834945467,26.91596867,-7.824783633,1.680095671,137.0815822,-29.51968776,82.76915452,54.30601178,16.25172349,10.66298541
1.833888033,26.87448533,-7.803025067,1.679652952,136.8703098,-29.43760164,82.5381241,54.32576981,16.20636067,10.6668649
1.832956767,26.816882,-7.7500356,1.67957527,136.5769391,-29.23769419,81.97548692,54.59503631,16.09588686,10.71973538
1.832001933,26.78683067,-7.8034784,1.679065748,136.4238893,-29.43931188,82.54293755,53.87453585,16.20730579,10.57826511
1.830937767,26.74992667,-7.823221667,1.678548437,136.2359392,-29.5137951,82.75256971,53.47695361,16.24846706,10.50019984
1.829929933,26.70429333,-7.833614033,1.678216813,136.0035311,-29.55300122,82.86291488,53.13420032,16.27013334,10.43290023
1.828937633,26.65539433,-7.828349267,1.677949115,135.7544911,-29.53313942,82.80701408,52.94106114,16.25915721,10.39497735
1.827881433,26.60697733,-7.824243533,1.677610374,135.507906,-29.51765018,82.76341979,52.73807025,16.25059748,10.35512009
1.826954533,26.55926333,-7.784021367,1.677390516,135.2649011,-29.3659085,82.3363446,52.9221406,16.16674126,10.39126231
1.825979933,26.51122967,-7.773471833,1.677127695,135.0202682,-29.32610946,82.22433065,52.78952167,16.14474732,10.36522258
1.824923133,26.465303,-7.790435467,1.676751452,134.7863662,-29.39010626,82.40444891,52.37550136,16.18011354,10.28392969
1.823897633,26.41278467,-7.7800889,1.676504186,134.5188931,-29.35107292,82.29459004,52.21788718,16.15854275,10.25298215
1.8229154,26.36722833,-7.7879834,1.676197021,134.2868772,-29.38085562,82.3784131,51.90204817,16.17500141,10.19096716
1.821926433,26.32267567,-7.7824195,1.675868251,134.0599728,-29.35986532,82.31933613,51.7342208,16.16340165,10.15801425
1.820938033,26.27315967,-7.775540667,1.675613596,133.8077905,-29.33391431,82.24629733,51.55507728,16.14906048,10.12283942
1.8199784,26.21880733,-7.758353567,1.675459373,133.530977,-29.26907446,82.06380631,51.46075478,16.11322837,10.1043192
1.8189945,26.17300833,-7.753450567,1.675154138,133.2977252,-29.25057746,82.01174672,51.27956252,16.10300647,10.0687421
1.817888867,26.13846733,-7.7735554,1.674560345,133.1218097,-29.32642472,82.22521795,50.89017583,16.14492154,9.992286025
1.816896733,26.086938,-7.772388467,1.67433179,132.8593736,-29.32202236,82.21282756,50.6401301,16.14248869,9.943189544
1.815941867,26.032304,-7.756336067,1.674186509,132.5811255,-29.26146326,82.04238469,50.53232495,16.10902223,9.922022003
1.814973833,25.98628567,-7.749878733,1.67390039,132.3467566,-29.2371024,81.97382133,50.36651941,16.09555982,9.889466085
1.8139287,25.92673433,-7.6857387,1.673737708,132.0434649,-28.99512846,81.29278848,50.74426052,15.96183902,9.963635552
1.8129464,25.89556367,-7.754632333,1.673217306,131.8847144,-29.25503578,82.02429461,49.85400386,16.10547025,9.788833657
1.8119367,25.84370433,-7.7108965,1.672976075,131.6205976,-29.09003848,81.55991163,50.05427003,16.01428865,9.82815592
1.8108781,25.807654,-7.742859833,1.67245168,131.4369952,-29.21062298,81.89929531,49.53128395,16.08092663,9.725467603
1.809944433,25.75622667,-7.760173167,1.672280081,131.1750785,-29.27593906,82.08312665,49.08553595,16.11702192,9.637944984
1.808990867,25.71158267,-7.728011133,1.671988064,130.947709,-29.15460495,81.7416332,49.19965991,16.04996968,9.660353223
1.807948933,25.65800967,-7.731028533,1.671739993,130.6748646,-29.16598836,81.77367167,48.89477703,16.05626043,9.60048947
1.806955267,25.60237,-7.7021999,1.671570814,130.3914948,-29.05722979,81.46757195,48.91750692,15.99615775,9.604952483
1.805954333,25.54150533,-7.6563735,1.671471793,130.0815143,-28.88434564,80.98099154,49.09410685,15.90061769,9.639627881
1.804907133,25.50738333,-7.695867533,1.670930225,129.9077328,-29.03334038,81.40033548,48.5009814,15.98295587,9.523167699
1.803931633,25.45516467,-7.6688393,1.670728518,129.6417859,-28.93137398,81.11335223,48.52201778,15.92660671,9.527298192
1.8029687,25.438709,-7.746023667,1.67000943,129.5579781,-29.22255882,81.93288859,47.6186736,16.08752267,9.349926561
1.8019558,25.38740433,-7.731414133,1.66975678,129.2966862,-29.16744307,81.77776594,47.51250434,16.05706434,9.329080228
1.8009671,25.337469,-7.703552533,1.669508039,129.0423682,-29.06233272,81.48193409,47.55401823,15.99897776,9.337231478
1.799957933,25.30417833,-7.7178577,1.668992184,128.8728206,-29.11630022,81.633825,47.23257973,16.02880154,9.27411703
1.798954833,25.244756,-7.693731,1.668869624,128.5701859,-29.02528011,81.37764997,47.18612002,15.97850157,9.264994665
1.797983467,25.19521833,-7.681419533,1.668632323,128.3178932,-28.97883402,81.24692797,47.06454934,15.95283431,9.241124263
1.796925333,25.14953867,-7.717276733,1.668251086,128.0852491,-29.11410847,81.62765635,46.45117687,16.02759032,9.120688578
1.7959861,25.10814433,-7.694752067,1.667925248,127.87443,-29.02913218,81.38849156,46.47952255,15.98063032,9.126254252
1.794952367,25.06471133,-7.6972569,1.667535119,127.6532281,-29.03858188,81.41508764,46.23172453,15.98585246,9.077599111
1.793940067,25.02188033,-7.717427567,1.667157503,127.4350921,-29.11467751,81.62925789,45.7994183,16.02790479,8.992715783
1.792958,24.97312733,-7.713055933,1.666897875,127.1867957,-29.09818513,81.58284029,45.59753948,16.01879069,8.953076878
1.791989,24.927487,-7.6958008,1.666605188,126.9543519,-29.03308862,81.39962691,45.5483091,15.98281674,8.943410493
1.790923433,24.88203733,-7.689244733,1.66621311,126.7228792,-29.00835528,81.33001521,45.38644809,15.96914849,8.911629083
1.7899801,24.82528433,-7.6896658,1.666110762,126.4338392,-29.00994379,81.33448605,45.09293727,15.97002634,8.853998233
1.7889721,24.77680633,-7.6661339,1.665821125,126.1869434,-28.92116762,81.08462655,45.09590092,15.92096642,8.854580146
1.787924,24.73357567,-7.648688333,1.665413631,125.9667719,-28.85535267,80.89939116,45.06096485,15.88459545,8.847720448
1.786962067,24.68909067,-7.6658271,1.665110891,125.7402122,-28.92001019,81.08136898,44.65242732,15.9203268,8.767504104
1.7859666,24.64921,-7.694043467,1.66470639,125.5371021,-29.02645892,81.38096771,44.1497185,15.97915301,8.668797227
1.7849379,24.60988733,-7.707639833,1.664260386,125.3368339,-29.07775242,81.52533265,43.80508532,16.00749907,8.601128503
1.783972067,24.55789,-7.669551233,1.664065067,125.0720143,-28.93405981,81.12091147,43.94468688,15.92809097,8.628539268
1.782974433,24.504071,-7.650033,1.663864941,124.797917,-28.86042555,80.91366871,43.87783237,15.88739885,8.615412386
1.7819156,24.45419067,-7.622205867,1.663545251,124.5438791,-28.75544523,80.61820282,43.9192604,15.82938412,8.62354678
1.780941833,24.40516867,-7.6596195,1.663297909,124.2942127,-28.89659147,81.01545726,43.27233954,15.90738503,8.496523869
1.779989067,24.367988,-7.652281267,1.662896098,124.1048536,-28.86890733,80.93754059,43.16089708,15.89208609,8.474642141
1.778944567,24.30706433,-7.605686333,1.662754385,123.7945726,-28.69312383,80.44279996,43.34535674,15.79494377,8.510860797
1.777920133,24.25687167,-7.6119868,1.662473723,123.5389441,-28.7168929,80.50969773,43.02283043,15.80807915,8.447532754
1.776942433,24.21893067,-7.601146233,1.662058246,123.3457126,-28.6759959,80.39459361,42.94470307,15.78547845,8.432192448
1.775938133,24.171439,-7.625594633,1.661757693,123.1038401,-28.76822965,80.65418442,42.44323975,15.83644911,8.333730125
1.774946533,24.12941267,-7.621078633,1.661388853,122.8898022,-28.75119264,80.60623396,42.27715235,15.82703404,8.301118865
1.7739575,24.07384633,-7.604536067,1.66122322,122.6068059,-28.68878435,80.43058654,42.16980342,15.79254567,8.280040902
1.772987733,24.01588967,-7.5482227,1.661112275,122.3116357,-28.47633719,79.8326565,42.47256327,15.6751421,8.339487799
1.771941833,23.98849233,-7.6268228,1.660472358,122.1721025,-28.77286302,80.66722498,41.49846165,15.83900963,8.148222944
1.770926633,23.934737,-7.559662867,1.660253722,121.8983295,-28.51949623,79.95412712,41.93778649,15.69899286,8.234484377
1.7699739,23.882191,-7.542825533,1.660079633,121.6307156,-28.45597591,79.77534989,41.84894976,15.66388995,8.217041285
1.768984833,23.832078,-7.553926467,1.659833158,121.3754927,-28.49785516,79.89321856,41.47585827,15.68703346,8.143784772
1.7679344,23.794045,-7.583059,1.65934631,121.1817927,-28.60776021,80.20254506,40.97283174,15.74776972,8.045015513
1.767003267,23.740488,-7.5549469,1.659208802,120.9090298,-28.50170483,79.90405342,40.99856046,15.68916089,8.050067346
1.765951567,23.68850567,-7.518389867,1.658927394,120.6442866,-28.36379019,79.51589428,41.12197638,15.61294584,8.074300061
1.764920333,23.65407367,-7.548105233,1.658406385,120.4689262,-28.47589404,79.83140925,40.63110108,15.67489721,7.977916696
1.763947567,23.61653,-7.588121267,1.657989953,120.2777184,-28.62685806,80.25629573,40.01500672,15.75832367,7.856946569
1.762972967,23.57385867,-7.6039928,1.657647671,120.0603956,-28.68673482,80.42481819,39.62916146,15.79141305,7.781185852
1.761949733,23.52554433,-7.562266167,1.657340376,119.8143332,-28.52931741,79.98176871,39.82614863,15.70442029,7.819864283
1.7609891,23.48001667,-7.5607233,1.657054386,119.5824633,-28.52349681,79.9653867,39.61066068,15.70120368,7.777553225
1.759964267,23.42887,-7.543071433,1.656787461,119.3219761,-28.45690359,79.77796083,39.53759932,15.66440261,7.763207626
1.7588903,23.37862467,-7.556763167,1.656458047,119.0660793,-28.50855686,79.92333837,39.136325,15.69294749,7.684417413
1.7579654,23.331551,-7.548786,1.6562307,118.8263356,-28.47846229,79.83863757,38.98128215,15.67631649,7.65397475
1.756996767,23.28735333,-7.514064,1.655917003,118.6012393,-28.34747048,79.46996263,39.12486074,15.60392716,7.682166407
1.755932167,23.23643767,-7.500740533,1.655606888,118.3419285,-28.29720652,79.32849531,39.00701731,15.57615005,7.659027848
1.754962633,23.194767,-7.535426133,1.655254844,118.1297021,-28.42806102,79.69678376,38.4265024,15.64846349,7.545043745
1.7539688,23.15372833,-7.521767767,1.654869136,117.9206943,-28.37653362,79.5517605,38.36251793,15.61998817,7.532480395
1.752929633,23.10090967,-7.5031789,1.654612654,117.6516917,-28.30640548,79.35438566,38.29089014,15.58123362,7.518416278
1.751955367,23.05517133,-7.505696467,1.654316153,117.4187488,-28.31590322,79.38111695,38.03121598,15.58648231,7.467429257
1.750939767,23.00840033,-7.501579133,1.653993621,117.1805466,-28.30037022,79.33739949,37.83673124,15.57789839,7.42924218
1.749958533,22.95737533,-7.485218667,1.653768493,116.9206791,-28.23864891,79.16368559,37.75057756,15.54378967,7.412325904
1.748972533,22.91564233,-7.487101733,1.653400907,116.7081351,-28.24575295,79.18367982,37.51803941,15.54771553,7.366667038
1.7479101,22.87078167,-7.476324267,1.653003234,116.4796622,-28.205094,79.06924569,37.40400057,15.52524639,7.344275512
1.746980633,22.82100733,-7.4902231,1.65281134,116.2261642,-28.25752858,79.21682219,37.00292606,15.55422304,7.265524532
1.745947233,22.771159,-7.451467833,1.652516609,115.9722893,-28.11132091,78.80532241,37.16055096,15.47342506,7.296474181
1.744912067,22.72773867,-7.472603633,1.652124859,115.7511519,-28.19105758,79.02974035,36.71499559,15.51748952,7.208989385
1.7439778,22.67152867,-7.417311967,1.652023531,115.4648773,-27.98246488,78.44265863,37.01580281,15.40221602,7.268052882
1.742967933,22.62338433,-7.4140919,1.651727083,115.2196808,-27.9703169,78.40846826,36.80479667,15.39550274,7.226621826
1.7418795,22.57589433,-7.43225,1.651342372,114.9778168,-28.03881993,78.60126926,36.37013165,15.43335922,7.14127535
1.740966833,22.52219267,-7.413160167,1.651225475,114.7043171,-27.96680185,78.3985752,36.29932601,15.39356024,7.127372662
1.739948,22.47893267,-7.4096918,1.650847683,114.4839963,-27.95371713,78.36174841,36.11583194,15.3863293,7.091343602
1.738903733,22.448022,-7.466455767,1.650261461,114.3265699,-28.16786421,78.96446288,35.35569111,15.50467229,6.94208995
1.737971533,22.40171867,-7.440031367,1.650015399,114.0907495,-28.06817583,78.68389108,35.40044252,15.44958201,6.950876889
1.736956067,22.35374633,-7.4599668,1.649710802,113.846429,-28.14338401,78.89556364,34.94444944,15.49114392,6.861342648
1.735896267,22.30392133,-7.437167333,1.649389326,113.5926729,-28.05737101,78.65348105,34.93277599,15.443611,6.859050566
1.734956333,22.26069533,-7.435924067,1.64908993,113.3725253,-28.05268068,78.64028016,34.72582919,15.44101901,6.818416561
1.7339591,22.19960367,-7.360769767,1.648997973,113.0613887,-27.76915444,77.84229886,35.21267391,15.28433538,6.914008522
1.732922333,22.15160933,-7.3528773,1.648672402,112.8169561,-27.73937941,77.75849739,35.05204282,15.26788096,6.882468608
1.731970533,22.090683,-7.346278033,1.648623429,112.5066616,-27.71448309,77.68842699,34.81181867,15.25412264,6.835300596
1.730941067,22.05728767,-7.355678533,1.648088826,112.3365809,-27.74994731,77.78824062,34.54192441,15.27372105,6.782306857
1.729947033,22.010006,-7.3562107,1.647795428,112.0957779,-27.75195496,77.79389111,34.29547092,15.27483052,6.733915716
1.728920767,21.96647267,-7.355982433,1.647414253,111.874065,-27.7510938,77.7914674,34.07618171,15.27435462,6.690858279
1.7279278,21.92409367,-7.334177167,1.647049272,111.658231,-27.6688315,77.55994113,34.09187401,15.22889444,6.693939463
1.7269812,21.891528,-7.391437533,1.646585241,111.4923759,-27.8848513,78.16792632,33.31803363,15.34827233,6.541995903
1.7258952,21.86429667,-7.431774933,1.645902764,111.3536881,-28.0370277,78.59622505,32.75104718,15.43236879,6.430668115
1.7249284,21.81170867,-7.3839914,1.64571523,111.0858603,-27.8567601,78.08886398,32.9905804,15.33274844,6.477700461
1.723960333,21.76333967,-7.386862133,1.645463912,110.8395196,-27.8675902,78.11934516,32.7137585,15.33873342,6.423346482
1.722943233,21.71045067,-7.357281367,1.645230539,110.5701587,-27.75599414,77.80525935,32.75848347,15.27706267,6.432128229
1.7219401,21.67436467,-7.389807233,1.64476214,110.3863747,-27.87870085,78.15061595,32.22934281,15.34487344,6.328231461
1.721005633,21.63013767,-7.398001667,1.644483043,110.1611289,-27.90961507,78.23762367,31.91708935,15.36195741,6.266920494
1.719928567,21.582704,-7.380915033,1.644108865,109.9195518,-27.84515424,78.05619941,31.85693651,15.32633475,6.255109483
1.718867867,21.52511467,-7.333383733,1.643901542,109.6262524,-27.66583821,77.55151653,32.06832001,15.22724027,6.296614633
1.7179681,21.48672733,-7.3406143,1.643570612,109.4307478,-27.69311616,77.62829,31.7960419,15.24231474,6.243152827
1.7169677,21.43769067,-7.3708431,1.643296854,109.1810067,-27.80715698,77.94925656,31.22533423,15.30533653,6.131094377
1.715923467,21.39463767,-7.354935167,1.642890594,108.9617401,-27.74714289,77.78034762,31.17497656,15.27217126,6.121206647
1.714965867,21.33728267,-7.3326089,1.6427829,108.6696342,-27.66291508,77.54328942,31.11992883,15.22562488,6.110398026
1.713947233,21.29030533,-7.319447067,1.642460392,108.4303811,-27.6132609,77.40353831,31.0204269,15.19818475,6.090860823
1.712862333,21.24568467,-7.301677233,1.642036696,108.2031305,-27.54622263,77.21485989,30.98185467,15.16113774,6.083287164
1.711963167,21.187319,-7.2594673,1.642002411,107.9058773,-27.38698193,76.76667878,31.13278257,15.07313738,6.112921858
1.710956833,21.146522,-7.2827406,1.641600621,107.6981003,-27.47478251,77.01379249,30.67789193,15.12165816,6.02360408
1.7099379,21.09748533,-7.292143633,1.64130833,107.4483592,-27.51025628,77.11363302,30.3283103,15.14126184,5.954963727
1.708936433,21.05462967,-7.2693141,1.640941913,107.2300976,-27.42412985,76.87123118,30.35245053,15.09366624,5.959703662
1.7079021,20.995137,-7.232584767,1.640789162,106.9271047,-27.2855652,76.48124256,30.43944619,15.01709198,5.976785259
1.706887467,20.95233367,-7.208597167,1.640408802,106.7091096,-27.19506986,76.22654448,30.4761492,14.96708201,5.983991894
1.705922067,20.90827033,-7.2420643,1.640096347,106.4846974,-27.32132757,76.58189536,29.89638613,15.03685515,5.870155416
1.7049677,20.861716,-7.210444,1.639831838,106.2475987,-27.2020372,76.24615398,29.99502878,14.97093233,5.889523902
1.703943267,20.81757567,-7.2366198,1.639461491,106.0227943,-27.30078772,76.52408617,29.49229225,15.02550432,5.790811584
1.702918433,20.784703,-7.261977667,1.638923776,105.8553756,-27.39645251,76.79333361,29.05562608,15.07837106,5.705072181
1.7018995,20.72121367,-7.212207167,1.638845649,105.5320278,-27.2086889,76.26487512,29.26073681,14.97460823,5.745345673
1.7009407,20.67182667,-7.184126533,1.638618682,105.2805025,-27.10275223,75.96671759,29.307369,14.916065,5.754501904
1.699901933,20.63321033,-7.1826156,1.638152145,105.0838316,-27.0970521,75.95067464,29.12674104,14.91291497,5.719035603
1.698936767,20.59534867,-7.225965633,1.637748025,104.8910042,-27.26059393,76.41096123,28.47362702,15.00329224,5.590796666
1.697949533,20.53912667,-7.183240233,1.637593908,104.6046685,-27.09940858,75.95730694,28.64094568,14.91421722,5.623649685
1.696905667,20.48508267,-7.1719945,1.637350883,104.3294253,-27.05698306,75.8379008,28.48510864,14.89077182,5.593051081
1.695873967,20.45657,-7.195428533,1.636741694,104.1842119,-27.14539002,76.08672117,28.09107479,14.9396277,5.515682535
1.694959,20.40121467,-7.169381633,1.636647001,103.9022901,-27.04712579,75.81015763,28.08571659,14.88532445,5.514630453
1.693932067,20.35160767,-7.169483967,1.63635516,103.6496443,-27.04751185,75.81124419,27.83198424,14.8855378,5.464810105
1.6929366,20.32389633,-7.209248867,1.63577033,103.508512,-27.19752845,76.23346417,27.26863193,14.96844069,5.35419588
1.691955367,20.284655,-7.187135233,1.635370587,103.308658,-27.11410282,75.99866369,27.30357841,14.92233761,5.361057622
1.690921967,20.226296,-7.163213233,1.63520197,103.0114388,-27.02385496,75.74466214,27.26036071,14.87246441,5.352571826
1.689881267,20.175506,-7.151343667,1.634913894,102.752768,-26.97907597,75.61863219,27.12771992,14.84771843,5.326527805
1.6889711,20.132679,-7.1554152,1.634638352,102.5346524,-26.99443619,75.66186335,26.86637315,14.85620687,5.275212367
1.687942367,20.076294,-7.100172533,1.63444515,102.2474866,-26.78602834,75.0753019,27.16576882,14.74103553,5.333998708
1.6869665,20.02713767,-7.090518467,1.634197698,101.9971361,-26.74960753,74.97279593,27.01792423,14.72090848,5.304969422
1.685987333,19.984478,-7.092941133,1.633850677,101.7798727,-26.75874725,74.99851958,26.77493719,14.72595932,5.257258917
1.684941033,19.93557733,-7.087513433,1.633529003,101.5308242,-26.73827077,74.94088877,26.58351953,14.71464351,5.21967406
1.6839237,19.88803433,-7.091773033,1.633216178,101.2886903,-26.75434049,74.9861168,26.29615755,14.72352403,5.163250536
1.682960333,19.83873167,-7.0757726,1.632983395,101.0375944,-26.69397744,74.8162257,26.21495282,14.69016592,5.147305986
1.681951667,19.78913067,-7.047553233,1.632709732,100.7849792,-26.58751739,74.51659512,26.26196818,14.63133345,5.156537452
1.6809981,19.75490633,-7.0664593,1.632263313,100.6106765,-26.65884219,74.71733796,25.88692265,14.67074931,5.082897262
1.679939367,19.70467167,-7.048425967,1.631948974,100.3548341,-26.59080985,74.52586172,25.82255643,14.63315295,5.070258955
1.678940767,19.655216,-7.057137533,1.631683224,100.102959,-26.623675,74.61836031,25.47818278,14.65131505,5.002641189
1.6779609,19.61114767,-7.023691033,1.631356377,99.87852135,-26.49749513,74.26322852,25.60887692,14.58158492,5.028302983
1.676934733,19.55757667,-7.011937333,1.631124043,99.60568712,-26.45315326,74.13842883,25.46084238,14.5570805,4.999236401
1.675950167,19.511425,-6.9949959,1.630823367,99.37063916,-26.3892402,73.95854629,25.40567697,14.52176056,4.988404673
1.674980233,19.46607933,-6.988584233,1.630525381,99.13969612,-26.36505162,73.89046781,25.2428124,14.50839335,4.956426215
1.673925367,19.41645433,-6.9708673,1.630205874,98.88695866,-26.29821292,73.70235108,25.17819168,14.47145663,4.943737936
1.6729226,19.36796667,-6.966400467,1.629921614,98.64001358,-26.2813614,73.65492266,24.97867501,14.46214406,4.904562839
1.671997367,19.31773633,-6.960713533,1.62974071,98.38419319,-26.25990694,73.59453934,24.78323795,14.4502878,4.866188771
1.670946533,19.27122,-6.953952767,1.629379172,98.14728801,-26.23440135,73.52275415,24.61811795,14.43619278,4.833767459
1.669950833,19.23304133,-6.947446833,1.628949216,97.95284611,-26.20985714,73.45367476,24.49275544,14.42262904,4.80915253
1.6689883,19.177084,-6.932063733,1.628815877,97.66785842,-26.15182304,73.29033845,24.37110406,14.39055795,4.785266282
1.667934533,19.12816733,-6.907188433,1.628486974,97.41872846,-26.05797877,73.02621485,24.3860977,14.33869729,4.788210284
1.6669133,19.08144467,-6.9076152,1.628158092,97.18077243,-26.05958879,73.03074622,24.1436103,14.33958702,4.740597883
1.665981833,19.032311,-6.883304267,1.627954705,96.93053731,-25.96787364,72.77261501,24.15150639,14.28890296,4.742148279
1.664986533,18.98716267,-6.8851021,1.627628428,96.70059927,-25.97465613,72.79170424,23.90247912,14.29265113,4.693251776
1.663956,18.944814,-6.8707908,1.627225431,96.48491979,-25.92066548,72.6397482,23.83875568,14.26281456,4.680739678
1.662948033,18.90634333,-6.890108267,1.626787536,96.28899075,-25.99354233,72.84485924,23.43771559,14.30308811,4.601995457
1.661931467,18.85741933,-6.887443867,1.626495941,96.03982344,-25.98349065,72.8165689,23.21683864,14.2975333,4.558626267
1.660919,18.819282,-6.911858233,1.626048606,95.84559206,-26.07559601,73.07579835,22.7633778,14.34843301,4.469589231
1.659941233,18.76540333,-6.872482133,1.625869232,95.5711909,-25.92704619,72.65770662,22.90706838,14.26634069,4.497802876
1.658987867,18.719203,-6.863101033,1.625600477,95.33589509,-25.89165516,72.55809898,22.7713802,14.24678273,4.471160502
1.6579661,18.67236267,-6.8532074,1.625272806,95.09733978,-25.85433055,72.45304931,22.63787457,14.22615623,4.444946671
1.656916833,18.62441067,-6.843101033,1.624934108,94.85312282,-25.81620339,72.34574085,22.50096606,14.20508622,4.418064686
1.655906167,18.57085967,-6.8246627,1.624716978,94.58039046,-25.74664315,72.14996436,22.42401019,14.1666455,4.4029544
1.6549386,18.522447,-6.811969433,1.624466806,94.33382735,-25.69875668,72.01518845,22.31222299,14.14018225,4.381004984
1.653949133,18.48035733,-6.801404467,1.624101038,94.11946694,-25.65889941,71.90301062,22.2100404,14.11815614,4.360941433
1.652973467,18.43114233,-6.7976842,1.623854656,93.86881759,-25.64486438,71.86350918,21.9988925,14.11040003,4.319482541
1.6519791,18.38528833,-6.7882088,1.623539769,93.63528563,-25.60911759,71.76290028,21.86596944,14.09064547,4.2933831
1.650908867,18.336868,-6.759235867,1.623187044,93.38868347,-25.49981464,71.45526839,21.92699917,14.03024195,4.305366288
1.6499031,18.28426933,-6.766616667,1.622960702,93.12080129,-25.52765936,71.53363703,21.58074835,14.04562963,4.237379938
1.649009333,18.22951433,-6.709056067,1.622878313,92.84193702,-25.31050691,70.92246399,21.91305712,13.9256258,4.302628766
1.647928633,18.198971,-6.743171233,1.622250215,92.68638146,-25.43920939,71.28469562,21.39526993,13.99674999,4.200961251
1.646967733,18.141909,-6.7103917,1.622134878,92.39576776,-25.3155457,70.93664561,21.45270624,13.92841037,4.21223887
1.6460069,18.09678333,-6.705071933,1.621842732,92.16594517,-25.29547642,70.88016083,21.27936842,13.91731958,4.17820399
1.644929733,18.052018,-6.712762333,1.621428913,91.93795773,-25.32448913,70.96181678,20.96972504,13.93335272,4.117405512
1.643936867,18.00715633,-6.696661,1.621100822,91.70947967,-25.26374543,70.79085433,20.91220943,13.89978425,4.106112322
1.642962667,17.95800333,-6.676930567,1.620854987,91.45914608,-25.18931062,70.58135844,20.87137173,13.85864973,4.098093839
1.641975233,17.91678267,-6.6970806,1.620478376,91.24921144,-25.2653284,70.7953096,20.44748593,13.90065904,4.014863862
1.640992833,17.869841,-6.663945867,1.620191573,91.01014006,-25.14032469,70.44348812,20.56023603,13.83157889,4.037002344
1.639964133,17.823746,-6.663258367,1.619845924,90.7753807,-25.13773104,70.43618831,20.33277648,13.83014557,3.992340662
1.6388642,17.76656233,-6.640336367,1.619593357,90.48414736,-25.05125577,70.19280466,20.28492678,13.7823572,3.982945374
1.637870267,17.72275433,-6.632418633,1.619248585,90.26103557,-25.02138542,70.10873491,20.14588474,13.7658501,3.955644469
1.636871667,17.68065733,-6.623877533,1.618873793,90.04663781,-24.98916337,70.01804632,20.02217558,13.74804339,3.931354175
1.635923533,17.63215367,-6.612930433,1.618644403,89.79961124,-24.94786446,69.90181104,19.89138429,13.7252206,3.905673306
1.634922933,17.59060367,-6.6354469,1.618259505,89.58799932,-25.03280982,70.14088877,19.44069465,13.77216351,3.817180394
1.6338724,17.54154133,-6.594206167,1.617935993,89.33812749,-24.87722551,69.70299853,19.62871305,13.68618376,3.854097808
1.6328718,17.49264533,-6.587817333,1.617659951,89.08910279,-24.85312307,69.6351625,19.44752438,13.67286416,3.818521413
1.631914033,17.44654067,-6.564029067,1.617385378,88.8542942,-24.76337974,69.38258092,19.46529738,13.62326976,3.82201114
1.630876067,17.39082467,-6.5436743,1.61717303,88.57053561,-24.68658958,69.16645592,19.39766378,13.58083362,3.808731284
1.629906067,17.346798,-6.540766233,1.616855432,88.34631016,-24.67561864,69.13557834,19.20431591,13.57477081,3.77076743
1.628934167,17.30635433,-6.558212133,1.616482839,88.14033274,-24.74143484,69.32081727,18.81309956,13.61114247,3.693952099
1.627862967,17.26125767,-6.5508995,1.616079897,87.91065784,-24.71384729,69.24317241,18.66106952,13.5958969,3.664101
1.626850133,17.20721,-6.4993275,1.61586796,87.63539598,-24.51928736,68.69558576,18.93339431,13.48837826,3.717571973
1.6259341,17.163919,-6.514325133,1.615593427,87.41491724,-24.57586726,68.85482922,18.55367211,13.51964572,3.643013519
1.624865833,17.119578,-6.4935627,1.61518222,87.18909091,-24.49753914,68.63437565,18.54829935,13.47635966,3.641958577
1.6238914,17.06973133,-6.491738967,1.614946431,86.93522451,-24.49065895,68.61501142,18.31379718,13.47255749,3.595914076
1.622932733,17.026355,-6.4781628,1.614630529,86.71431118,-24.43944166,68.47086096,18.23703431,13.44425355,3.580841687
1.621839433,16.98381433,-6.4709099,1.614167611,86.49765385,-24.41207945,68.39385035,18.09738759,13.42913252,3.553422053
1.6208347,16.93155367,-6.463681067,1.613937294,86.23149308,-24.38480804,68.31709528,17.9079819,13.41406166,3.516232245
1.619892667,16.88497133,-6.441950967,1.613685533,85.99425176,-24.30282932,68.08636711,17.90146874,13.36875818,3.514953387
1.618905667,16.83291633,-6.426958567,1.613469901,85.72913844,-24.24626916,67.92717922,17.79554331,13.33750164,3.49415493
1.617924633,16.78491767,-6.412073933,1.613200128,85.48468381,-24.19011557,67.76913558,17.70913232,13.30646977,3.477188132
1.616879867,16.74781933,-6.418421267,1.612705097,85.29574399,-24.21406144,67.83653097,17.45279712,13.31970286,3.426856714
1.615883433,16.697578,-6.392666833,1.612453157,85.03986758,-24.11690057,67.56307281,17.47037886,13.26600935,3.430308889
1.614872033,16.64529367,-6.3622562,1.612216523,84.77358628,-24.00217377,67.24017557,17.52699481,13.20260847,3.441425431
1.613882633,16.601542,-6.342236967,1.61187545,84.5507614,-23.92664944,67.02761323,17.51673226,13.16087186,3.439410379
1.612908367,16.55917633,-6.374484067,1.611528972,84.33499533,-24.04830447,67.37000991,16.95856952,13.22810144,3.329815125
1.611898833,16.515013,-6.359365633,1.611173866,84.11007385,-23.99126885,67.2094838,16.89417414,13.19658214,3.317171092
1.610868167,16.45746733,-6.3251969,1.61099593,83.81699686,-23.86236428,66.8466834,16.96389755,13.12534629,3.330861284
1.609857467,16.41604867,-6.329858633,1.610598986,83.60605382,-23.87995108,66.89618124,16.70345666,13.13506519,3.279723715
1.608917333,16.36531667,-6.298795233,1.610410616,83.34767847,-23.76276166,66.56635298,16.77490958,13.07030341,3.293753495
1.6078767,16.32055367,-6.297394433,1.610033296,83.11970291,-23.75747702,66.55147942,16.56180758,13.06738298,3.251910919
1.606898633,16.27034067,-6.270561233,1.609799302,82.8639708,-23.6562464,66.26656702,16.59098787,13.01144043,3.257640469
1.605924333,16.221537,-6.253178733,1.609548191,82.61541635,-23.59066938,66.08200127,16.52699917,12.97520095,3.245076287
1.604878367,16.18427233,-6.281026367,1.609054424,82.4256294,-23.69572704,66.37768482,16.04152867,13.03325841,3.149754155
1.603867133,16.13848367,-6.2466669,1.608721703,82.19243018,-23.56610292,66.01285923,16.17315504,12.96162491,3.175598993
1.602892333,16.08452567,-6.2359897,1.60854647,81.91762499,-23.52582224,65.89948972,16.01171935,12.93936481,3.143901095
1.601927767,16.042761,-6.2585384,1.608200787,81.70491979,-23.6108892,66.1389097,15.55959417,12.98637492,3.055126316
1.600889933,15.990535,-6.212813233,1.607936856,81.43893557,-23.43838697,65.65340418,15.77911549,12.89104591,3.098229326
1.5998917,15.94332867,-6.207069367,1.607638141,81.19851625,-23.41671772,65.59241634,15.599684,12.87907095,3.062997954
1.598847567,15.89491367,-6.190028367,1.607311438,80.95194126,-23.35242904,65.4114766,15.53404875,12.84354343,3.050110472
1.597836233,15.84692767,-6.1514325,1.607011177,80.70755114,-23.20682273,65.00166932,15.69946592,12.76307777,3.082590133
1.596922867,15.795094,-6.1545259,1.606865899,80.44356506,-23.21849285,65.03451475,15.40263441,12.76952697,3.024307266
1.595908533,15.75965667,-6.155829733,1.606376688,80.26308463,-23.22341168,65.04835873,15.20830999,12.77224524,2.986151667
1.594897133,15.70520767,-6.131469567,1.606172131,79.9857788,-23.1315108,64.78970476,15.18965812,12.72145853,2.982489372
1.5938582,15.65947767,-6.130196433,1.60581084,79.75287836,-23.12670779,64.77618675,14.9702757,12.71880427,2.939413634
1.592860367,15.61637033,-6.1296196,1.605451786,79.53333503,-23.12453163,64.77006199,14.75685713,12.71760167,2.897508898
1.591875333,15.56704133,-6.1099898,1.605197726,79.28210508,-23.05047648,64.56163462,14.71405456,12.67667696,2.889104612
1.590879333,15.527957,-6.1148162,1.604780891,79.08305067,-23.0686845,64.61288088,14.46375389,12.68673916,2.839958075
1.589904133,15.48027533,-6.102303333,1.604512253,78.84021051,-23.0214786,64.48002044,14.35377416,12.66065201,2.818363557
1.5889066,15.43763633,-6.094537733,1.604146559,78.62305237,-22.99218219,64.39756603,14.21907044,12.64446209,2.79191448
1.5878736,15.38737767,-6.063202533,1.603858309,78.36708768,-22.87396738,64.06485181,14.29581996,12.57913365,2.806984249
1.586834767,15.34099367,-6.045658267,1.603506809,78.13085646,-22.80778008,63.87856844,14.24587212,12.54255691,2.79717699
1.5859075,15.294911,-6.046011133,1.60326241,77.89615992,-22.8091113,63.88231514,14.00742887,12.54329258,2.750358658
1.5849329,15.24688833,-6.033932367,1.602999426,77.65158306,-22.76354309,63.75406393,13.89110322,12.51811045,2.727518116
1.583899567,15.20025033,-6.026907267,1.60265719,77.41405823,-22.73704028,63.67947208,13.72817024,12.50346434,2.695526226
1.582928467,15.14903167,-5.972938033,1.602445066,77.15320431,-22.53343658,63.10643183,14.04035657,12.39094789,2.756824013
1.5818798,15.09832933,-5.955077333,1.602147723,76.89498005,-22.46605551,62.91678859,13.97177555,12.35371144,2.743358129
1.5808586,15.05625967,-5.975090033,1.601749926,76.6807215,-22.54155519,63.12928156,13.54502403,12.39543443,2.659565468
1.5798999,14.999816,-5.9134984,1.601627627,76.39325694,-22.30919531,62.47530738,13.91153365,12.2670266,2.731529631
1.578893167,14.95698,-5.917699167,1.601255651,76.17509549,-22.32504307,62.51991073,13.64876885,12.27578447,2.679935764
1.5779234,14.910475,-5.9163906,1.600975011,75.93824803,-22.32010639,62.50601649,13.42581563,12.27305634,2.636158898
1.576918467,14.86522533,-5.919433433,1.600640603,75.70779391,-22.33158574,62.53832501,13.16305299,12.27940012,2.584565454
1.5758757,14.820713,-5.8931381,1.600257435,75.48109498,-22.23238428,62.25912363,13.21555544,12.22457892,2.594874311
1.574871833,14.77105533,-5.875424233,1.599989412,75.22819116,-22.16555715,62.07103946,13.15073579,12.1876486,2.582146972
1.573888067,14.728215,-5.8957529,1.599640467,75.01000764,-22.24224884,62.28688733,12.7167044,12.23003033,2.496924909
1.57293,14.68141833,-5.863267267,1.599375849,74.77167473,-22.11969392,61.94195793,12.82330089,12.16230344,2.517855131
1.571894767,14.636146,-5.8430284,1.599011477,74.54110517,-22.043341,61.72706354,12.80762572,12.12010893,2.51477731
1.570894967,14.59018433,-5.8493423,1.598692752,74.30702487,-22.06716075,61.79410394,12.50650502,12.13327231,2.455652261
1.569864233,14.542273,-5.8302166,1.598371985,74.06301502,-21.99500736,61.59102905,12.46557006,12.09339855,2.447614682
1.5689182,14.48870533,-5.784038233,1.598219735,73.79019778,-21.82079539,61.10071149,12.68307038,11.9971247,2.490320868
1.567923367,14.441527,-5.788176033,1.597924006,73.54992106,-21.8364056,61.14464626,12.39885889,12.00575129,2.434515943
1.5668886,14.398641,-5.773866167,1.597524738,73.33150497,-21.78242037,60.99270544,12.33238361,11.97591771,2.421463523
1.565933033,14.35546967,-5.780204133,1.597208899,73.11163568,-21.80633091,61.06000138,12.0452184,11.98913127,2.365078633
1.564873667,14.303151,-5.7345807,1.596924807,72.84517953,-21.63421247,60.57557604,12.26318757,11.89401436,2.40787688
1.563873567,14.25602067,-5.733309433,1.5966231,72.60514727,-21.62941651,60.56207785,12.03665351,11.89136399,2.363396916
1.562919133,14.210565,-5.724672933,1.596342244,72.373644,-21.59683455,60.47037631,11.89685178,11.87335839,2.335946848
1.561900467,14.166627,-5.713921267,1.595974666,72.14987013,-21.55627293,60.35621612,11.7872381,11.85094304,2.314424201
1.5608768,14.11356333,-5.6841957,1.595737314,71.87961973,-21.44413061,60.04059285,11.83261097,11.78897041,2.323333164
1.559925067,14.06431767,-5.657837867,1.595515319,71.62881419,-21.34469335,59.76072785,11.86167044,11.73401891,2.32903899
1.558885233,14.01821667,-5.6479168,1.595158626,71.39402428,-21.30726525,59.65538689,11.73222147,11.71333522,2.303621686
1.557844333,13.97045133,-5.635139633,1.594825529,71.150758,-21.25906226,59.51972014,11.62462195,11.68669705,2.282494521
1.556926367,13.92844233,-5.624131367,1.594530065,70.93680842,-21.2175326,59.40283539,11.52755712,11.66374673,2.26343584
1.555941733,13.892044,-5.641462633,1.594084795,70.75143366,-21.28291634,59.58685716,11.1581606,11.6998794,2.190904833
1.5549063,13.84191667,-5.643762133,1.593792165,70.49613785,-21.2915914,59.61127303,10.87844891,11.70467346,2.135983443
1.553886467,13.795881,-5.608425333,1.593454503,70.26168067,-21.1582802,59.23607021,11.01919455,11.63100239,2.163618851
1.552900467,13.745548,-5.596311267,1.593214355,70.00533741,-21.11257882,59.10744419,10.89147731,11.60574667,2.13854157
1.5518655,13.70873233,-5.6100437,1.592724935,69.8178372,-21.16438563,59.25325387,10.55816741,11.6343764,2.073096172
1.5508705,13.65415933,-5.565882367,1.592538616,69.53989984,-20.9977831,58.78435298,10.74913095,11.54230771,2.110591861
1.549957167,13.61133067,-5.5659588,1.592259932,69.32177574,-20.99807145,58.78516454,10.53019529,11.54246706,2.067603845
1.5488863,13.56526033,-5.573398733,1.591871751,69.08714201,-21.02613926,58.86416106,10.21656504,11.55797802,2.006022546
1.5478653,13.51487667,-5.530092733,1.591597353,68.8305407,-20.86276355,58.40434202,10.41978278,11.46769255,2.045924348
1.546879933,13.46817367,-5.520617,1.591304047,68.59268483,-20.82701551,58.30372957,10.28253935,11.4479373,2.018976602
1.5458784,13.41938,-5.4923698,1.591025554,68.34418131,-20.72045045,58.00380345,10.33396195,11.38904681,2.029073428
1.544866367,13.374345,-5.4735548,1.590680864,68.11482047,-20.6494692,57.80402755,10.30437701,11.34982081,2.023264427
1.543909333,13.321601,-5.4650105,1.590505409,67.84619812,-20.61723507,57.71330497,10.12647723,11.33200743,1.988333804
1.542909,13.272404,-5.454679833,1.590234093,67.59564044,-20.57826172,57.60361493,9.985609603,11.31046979,1.960674446
1.5418702,13.22919467,-5.428977167,1.589835584,67.37557762,-20.48129614,57.33070642,10.03845529,11.25688421,1.971050696
1.540883633,13.17905633,-5.422499633,1.589591984,67.12022579,-20.45685907,57.26192858,9.851881294,11.24337968,1.934416892
1.539914767,13.13216333,-5.3844703,1.589317993,66.88140226,-20.31339005,56.85813669,10.01684966,11.16409514,1.96680843
1.538915633,13.08638567,-5.3853221,1.588997208,66.64825906,-20.31660354,56.86718103,9.774662126,11.16587099,1.919254908
1.5379172,13.039925,-5.370258967,1.588687245,66.41163738,-20.25977654,56.70724209,9.697979382,11.13446698,1.904198252
1.536894467,12.989409,-5.344151467,1.588413074,66.15436211,-20.16128369,56.43003511,9.717911092,11.08003739,1.908111843
1.535892933,12.94591633,-5.343393,1.58805603,65.93285629,-20.1584223,56.42198178,9.504458606,11.07845612,1.866200447
1.5348463,12.89871233,-5.316640233,1.587708881,65.69244886,-20.05749513,56.13792341,9.548109534,11.02268126,1.874771307
1.533907,12.85266033,-5.302711033,1.587451995,65.4579085,-20.00494599,55.99002448,9.46146811,10.99364131,1.857759263
1.5329249,12.805537,-5.299661633,1.587168184,65.21791189,-19.99344186,55.95764623,9.253849748,10.98728384,1.816993398
1.531915333,12.75700533,-5.2720577,1.586877776,64.97074272,-19.88930358,55.66455026,9.29977655,10.92973444,1.826011126
1.5309079,12.71520567,-5.289344133,1.586489744,64.75785926,-19.95451818,55.84809599,8.903347367,10.96577365,1.748172256
1.529901867,12.66821833,-5.246140967,1.586179985,64.5185553,-19.79153041,55.38936882,9.12277057,10.87570257,1.791256001
1.528861333,12.621333,-5.234894733,1.585834214,64.27977082,-19.749103,55.26995737,9.003397536,10.85225613,1.767817106
1.527893533,12.57967667,-5.248550733,1.585483691,64.06761735,-19.80062147,55.4149555,8.646245943,10.88072651,1.697690391
1.5269228,12.52989033,-5.2189366,1.585250708,63.81405823,-19.68889954,55.10051541,8.70712691,10.8189862,1.709644369
1.525921633,12.482029,-5.200691067,1.584958767,63.57030303,-19.62006665,54.90678605,8.65710107,10.78094744,1.699821795
1.524893267,12.43677767,-5.174936767,1.58460095,63.33984042,-19.52290628,54.63332931,8.7000952,10.72725421,1.708263693
1.523915,12.38959233,-5.1752054,1.584321891,63.09952805,-19.52391972,54.63618163,8.456930509,10.72781426,1.660518305
1.5228702,12.34058967,-5.144084933,1.584003229,62.84996011,-19.40651501,54.30574744,8.537796754,10.66293351,1.676396393
1.5219232,12.295695,-5.1498928,1.583721493,62.62131398,-19.4284257,54.36741482,8.247483246,10.6750419,1.619393335
1.520915867,12.24818867,-5.1110525,1.583418124,62.37936678,-19.28189723,53.95501217,8.417938701,10.59406664,1.652862264
1.5199364,12.20294567,-5.111594033,1.583109083,62.14894661,-19.28394022,53.96076212,8.181768583,10.59519564,1.606490261
1.51892,12.15441467,-5.086459633,1.582811832,61.90178083,-19.18911847,53.69388742,8.201477506,10.54279479,1.610360108
1.517848333,12.11058233,-5.080704867,1.582389687,61.67854512,-19.16740811,53.63278385,8.03934536,10.53079711,1.578525461
1.516940367,12.05808833,-5.055657233,1.582259594,61.41119599,-19.0729137,53.36683043,8.037949657,10.47857715,1.578251415
1.515903133,12.014983,-5.0480207,1.58186111,61.19166285,-19.0441042,53.28574643,7.899500504,10.46265631,1.551066924
1.5148778,11.96572433,-5.0182355,1.581565708,60.9407911,-18.9317369,52.96948998,7.964885219,10.40055936,1.563905213
1.513953,11.91822067,-5.020507667,1.581344833,60.69885748,-18.94030885,52.99361563,7.698825944,10.40529643,1.511664474
1.5129205,11.87247833,-5.0021437,1.580990159,60.46589424,-18.87102916,52.79862875,7.660849572,10.36701076,1.504207813
1.511835333,11.827325,-4.9861606,1.580574089,60.23593074,-18.8107315,52.6289217,7.600593127,10.33368878,1.49237646
1.510924567,11.77675233,-4.9657661,1.580412725,59.97836686,-18.73379145,52.41237481,7.559576138,10.29116979,1.484322775
1.509911267,11.73092867,-4.932589067,1.580078455,59.74498939,-18.60862816,52.06010419,7.678469291,10.22200146,1.507667445
1.508903433,11.68214167,-4.932938233,1.579793564,59.49651982,-18.60994542,52.06381161,7.426292302,10.22272941,1.458152494
1.507911767,11.64799367,-4.950804233,1.579307914,59.32260589,-18.67734649,52.25351112,7.062678863,10.25997691,1.386756995
1.5069503,11.60031667,-4.9298137,1.579052941,59.07978949,-18.59815785,52.03063561,7.042737975,10.2162153,1.382841601
1.5058373,11.556234,-4.924991967,1.578593173,58.85527884,-18.57996743,51.97943889,6.869424034,10.20616283,1.348811409
1.504892333,11.51009467,-4.898071933,1.578331914,58.62029369,-18.47840923,51.69360451,6.920273275,10.15003925,1.358795658
1.503944233,11.46621333,-4.9108378,1.578034062,58.39680842,-18.52656959,51.82915128,6.561241229,10.17665385,1.288299715
1.502887033,11.41676733,-4.8681226,1.577709569,58.1449826,-18.36542272,51.3756053,6.76296139,10.0876001,1.327907469
1.501858333,11.369246,-4.8462809,1.577385056,57.902959,-18.28302298,51.14369218,6.752850912,10.04206396,1.325922277
1.500922233,11.32157333,-4.818963833,1.577155386,57.66016467,-18.17996693,50.85364213,6.800106631,9.985112632,1.335200937
1.499909167,11.27883333,-4.8228202,1.576775655,57.44249215,-18.19451541,50.89458867,6.541487569,9.993152485,1.284421084
1.498902033,11.22756133,-4.806461,1.576528287,57.18136661,-18.13279888,50.72088822,6.454062477,9.959046402,1.267255167
1.497878633,11.17967833,-4.780989933,1.576214433,56.93750106,-18.03670703,50.45043883,6.480646325,9.905943664,1.272474906
1.496927367,11.13411933,-4.770964633,1.575938275,56.70547152,-17.9988857,50.34399113,6.35506448,9.885042659,1.247816911
1.495902167,11.08701867,-4.758293967,1.575611028,56.46559036,-17.95108449,50.20945518,6.249719264,9.858626525,1.227132378
1.494862967,11.04048967,-4.7357602,1.575261311,56.22862066,-17.86607387,49.97019377,6.252010986,9.811647546,1.227582357
1.4939111,10.990264,-4.702619233,1.575053705,55.97282404,-17.74104664,49.61830609,6.348102036,9.742554401,1.246449835
1.492923833,10.94360933,-4.701505333,1.574757782,55.73521433,-17.73684436,49.60647881,6.122319611,9.740232114,1.202117456
1.491890033,10.90194333,-4.697302667,1.574341403,55.52301163,-17.72098942,49.56185529,5.954740432,9.731470286,1.169213284
1.490937733,10.85134467,-4.6646873,1.574138891,55.26531534,-17.59794507,49.21554839,6.043351042,9.663472926,1.186611977
1.489933967,10.80012833,-4.642342267,1.573894065,55.0044733,-17.51364646,48.97829092,6.019766474,9.616887422,1.181981147
1.488884367,10.75908467,-4.642658533,1.573452664,54.79544012,-17.5148396,48.98164901,5.807375195,9.617546783,1.14027812
1.487869067,10.71220133,-4.624568333,1.573132097,54.55666582,-17.44659272,48.78956897,5.760680943,9.579831866,1.131109703
1.486943733,10.66583833,-4.605981967,1.572893786,54.32054155,-17.37647401,48.59222067,5.721904971,9.541082528,1.123496041
1.485904467,10.61906467,-4.5823172,1.572547627,54.08232578,-17.28719659,48.3409504,5.73495947,9.491745611,1.126059292
1.484928467,10.57296833,-4.563405033,1.572254698,53.84755963,-17.21584877,48.14014279,5.701000931,9.452317037,1.119391533
1.4839507,10.524003,-4.5544939,1.572002516,53.59818182,-17.18223073,48.04552521,5.546240696,9.433738875,1.089004361
1.482880767,10.48033,-4.525195733,1.571579743,53.37575758,-17.07170081,47.73444003,5.634901636,9.3726573,1.106412936
1.481882433,10.43234733,-4.512079733,1.571292433,53.13138443,-17.02221954,47.59517557,5.529792949,9.345312724,1.085774846
1.480914867,10.38503367,-4.511985,1.571025976,52.89041847,-17.02186215,47.5941697,5.289832857,9.345115221,1.038658681
1.479929967,10.33627933,-4.486511233,1.570763534,52.64211527,-16.92576011,47.32369164,5.312007719,9.292006854,1.043012716
1.478907567,10.28909667,-4.455363767,1.570440303,52.40181648,-16.80825354,46.99297077,5.402429809,9.22706981,1.060767093
1.4779134,10.23943893,-4.4425848,1.570181981,52.14891232,-16.76004376,46.8572849,5.28521151,9.20042789,1.03775128
1.476905267,10.19683683,-4.441175767,1.56980514,51.93194211,-16.75472806,46.84232391,5.083202287,9.1974903,0.998086769
1.475907167,10.14702637,-4.407921967,1.569545148,51.67826008,-16.62927516,46.48923819,5.182605983,9.128161918,1.017604685
1.474885433,10.1010503,-4.385479133,1.569204703,51.44410644,-16.54460759,46.25094229,5.186748242,9.081372519,1.018418017
1.473939033,10.05502047,-4.381351633,1.568940388,51.20967897,-16.52903623,46.20711688,4.996146182,9.0727674,0.980993303
1.472924933,10.00704717,-4.369270967,1.568637173,50.96535354,-16.48346085,46.0788455,4.880092127,9.047581314,0.958206089
1.471856833,9.9602621,-4.342355567,1.568262349,50.7270797,-16.38192012,45.79306031,4.927603486,8.991467392,0.967534944
1.4708916,9.9145139,-4.336442933,1.567975028,50.49408658,-16.35961419,45.73028052,4.757390147,8.979140581,0.934113555
1.469950267,9.871400933,-4.322217933,1.567672557,50.27451456,-16.30594912,45.57924081,4.688857839,8.949483933,0.920657237
1.468863667,9.8214991,-4.306672567,1.567325419,50.0203672,-16.24730285,45.41418157,4.599769726,8.91707455,0.903164786
1.467934,9.771767167,-4.2602852,1.567132697,49.76708514,-16.07230241,44.92164486,4.839024365,8.820364969,0.950142434
1.466929433,9.725468067,-4.256851967,1.566814206,49.53128631,-16.05935023,44.88519111,4.639679286,8.813207275,0.911001028
1.465859667,9.680760467,-4.2483104,1.566406931,49.3035929,-16.02712642,44.79449756,4.502679434,8.795399596,0.884101107
1.464882233,9.632992167,-4.223743767,1.566137344,49.06031152,-15.93444662,44.53365135,4.520244255,8.744182443,0.887549959
1.463935267,9.585987433,-4.217313767,1.56588691,48.82091894,-15.91018888,44.46537822,4.34912481,8.730777013,0.853950656
1.462915133,9.544289933,-4.2058107,1.565484664,48.60855581,-15.86679255,44.34323974,4.258900164,8.706795122,0.836235047
1.461897733,9.493247033,-4.173938433,1.565223634,48.34859706,-15.7465516,44.004823,4.337358152,8.640346996,0.851640273
1.4609542,9.447478933,-4.1457785,1.564958308,48.11550259,-15.64031577,43.70582347,4.403263206,8.581638439,0.86458073
1.459854133,9.4032933,-4.1519462,1.564512999,47.89046753,-15.66358396,43.77131153,4.11274009,8.59449702,0.807536517
1.458881033,9.3508364,-4.1091868,1.564317223,47.62330736,-15.50227034,43.31729624,4.299595211,8.505351117,0.84422552
1.457941667,9.306815467,-4.1095442,1.564030173,47.39911111,-15.50361867,43.32109108,4.071604123,8.506096233,0.79945947
1.4568937,9.260142933,-4.0830079,1.563673815,47.16141041,-15.40350813,43.03933114,4.11566336,8.450772669,0.808110501
1.455899033,9.213614133,-4.067769033,1.563368628,46.92444173,-15.34601816,42.87752628,4.040499537,8.419002285,0.793352084
1.4549095,9.165435833,-4.033396333,1.563093017,46.67907223,-15.21634411,42.51256018,4.160096145,8.347341191,0.816834878
1.453888633,9.1208544,-4.022607667,1.562732773,46.45202139,-15.17564291,42.39800713,4.04759835,8.3248487,0.794745936
1.452902733,9.0751737,-4.011976,1.562423784,46.21937204,-15.13553401,42.28512109,3.927835037,8.302683527,0.77123041
1.451906233,9.026776633,-4.005194667,1.562144448,45.97288838,-15.10995083,42.21311753,3.753354938,8.288545627,0.736971242
1.4509426,8.981543233,-3.9785346,1.561851099,45.7425171,-15.00937337,41.93004345,3.806057747,8.232964031,0.747319439
1.4499321,8.9357529,-3.9542602,1.561519135,45.5093094,-14.91779605,41.67230015,3.830593339,8.182356134,0.752137002
1.448861267,8.888770433,-3.945808433,1.561144503,45.27003022,-14.88591102,41.58256008,3.681054226,8.164735672,0.722774997
1.447890667,8.840710933,-3.917932,1.560886065,45.02526577,-14.78074471,41.28657073,3.732279126,8.106618163,0.732833006
1.446950967,8.7948583,-3.906775567,1.560625825,44.79174077,-14.73865608,41.16811277,3.61721209,8.083358942,0.710239594
1.445902467,8.749023433,-3.881026933,1.560256521,44.55830626,-14.64151708,40.8947162,3.657174147,8.029677526,0.718086144
1.444901433,8.7019882,-3.861740667,1.559952472,44.31875834,-14.56875794,40.68993643,3.622406,7.989469018,0.711259418
1.4439509,8.653935433,-3.8508021,1.559714,44.07402818,-14.52749123,40.57379176,3.493820515,7.966664011,0.686011658
1.4428533,8.607490533,-3.825646967,1.559304636,43.8374868,-14.43259127,40.30669691,3.524373978,7.914219939,0.692010831
1.441876133,8.561460167,-3.810092767,1.559009563,43.60305662,-14.37391167,40.14154388,3.455096829,7.88179214,0.678408262
1.440956033,8.515722267,-3.801691933,1.558767222,43.37011595,-14.34221878,40.05234462,3.311355421,7.864277866,0.650184637
1.439907167,8.471850733,-3.774633233,1.558368459,43.14668059,-14.24013745,39.76503788,3.375226795,7.807865188,0.662725781
1.4388895,8.423621833,-3.752587867,1.558065464,42.90105339,-14.15696935,39.53096225,3.363675232,7.761904438,0.660457632
1.437970067,8.375486067,-3.7367838,1.557859322,42.65590052,-14.09734712,39.36315615,3.286328455,7.728955711,0.645270592
1.436886133,8.330651,-3.712436533,1.55743977,42.42755793,-14.0054949,39.10463916,3.31650286,7.6781959,0.651195337
1.435873233,8.285207733,-3.685563167,1.557100263,42.19611782,-13.90411275,38.81930028,3.370401629,7.62216961,0.66177836
1.4348877,8.234164233,-3.680170233,1.55687111,41.93615601,-13.88376743,38.76203862,3.167701486,7.610926283,0.621978187
1.4338452,8.187829367,-3.664110167,1.556515215,41.70017503,-13.82317941,38.59151434,3.102244779,7.57744384,0.609125762
1.432811033,8.140806367,-3.644735967,1.556177851,41.46068942,-13.75008853,38.3858009,3.068472603,7.537052007,0.602494596
1.4318401,8.095389367,-3.629624533,1.555879922,41.22938307,-13.69307931,38.22534912,2.997618043,7.5055473,0.588582303
1.430796067,8.049479,-3.6159085,1.555516204,40.99556404,-13.64133436,38.07971357,2.909434566,7.476951759,0.571267477
1.4298423,7.998787733,-3.572388633,1.555313597,40.73739615,-13.47715182,37.61762371,3.113356526,7.386220416,0.611307554
1.428862467,7.9565145,-3.567543833,1.554960183,40.52210084,-13.45887439,37.56618208,2.949502852,7.376119851,0.579134885
1.427853533,7.9077929,-3.545030867,1.554673222,40.27396435,-13.37394223,37.32714151,2.940406927,7.329184236,0.5773489
1.426847467,7.861710867,-3.534810633,1.554350014,40.03927103,-13.3353855,37.21862404,2.814231085,7.307876829,0.552574274
1.425815,7.8162268,-3.511014433,1.553991546,39.80762312,-13.24561223,36.96595822,2.835248994,7.258265896,0.55670114
1.4248086,7.769865967,-3.490788767,1.553672136,39.57150989,-13.16930911,36.75120399,2.813889991,7.216098903,0.5525073
1.423848733,7.722621767,-3.4738462,1.55341235,39.33089772,-13.10539178,36.57130941,2.753172401,7.180776602,0.540585401
1.422850933,7.679093533,-3.462181567,1.553059566,39.10921076,-13.06138592,36.44745543,2.655339428,7.156457873,0.521375897
1.421830033,7.630131067,-3.436105333,1.552764208,38.85984755,-12.96301103,36.17058043,2.682851213,7.102093467,0.526777836
1.420855667,7.583899167,-3.4159972,1.552474921,38.62439097,-12.88715132,35.95707416,2.660900902,7.060171511,0.522467892
1.419791533,7.538187833,-3.4003513,1.552088153,38.3915856,-12.82812578,35.79094746,2.594222235,7.027552534,0.509375536
1.418810967,7.4942662,-3.386248733,1.551758432,38.16789509,-12.7749226,35.64120773,2.520271445,6.998151138,0.494855298
1.417877233,7.447259567,-3.358364533,1.551521259,37.92849283,-12.66972699,35.34513591,2.576941004,6.940017437,0.505982366
1.416835933,7.399320433,-3.340319633,1.551190337,37.6843414,-12.60165101,35.15353686,2.524388628,6.902396962,0.495663707
1.4158591,7.355523733,-3.3312502,1.550862497,37.46128716,-12.56743577,35.05723847,2.397632779,6.883488773,0.470775196
1.414869767,7.3063917,-3.2995262,1.550601219,37.21106035,-12.44775418,34.72039602,2.484248427,6.817349758,0.487782179
1.413819567,7.2628689,-3.294793433,1.550195954,36.98940107,-12.4298994,34.67014394,2.312841217,6.807482763,0.454126373
1.412875767,7.216531133,-3.272921767,1.549938803,36.75340531,-12.3473866,34.43791264,2.309076764,6.761884147,0.453387223
1.4119011,7.169099,-3.235899467,1.549667001,36.51183601,-12.2077167,34.04481334,2.460606762,6.684699098,0.483140138
1.4109061,7.124241533,-3.223610033,1.549336714,36.28337934,-12.16135373,33.91432529,2.362638144,6.65907777,0.463904
1.409859433,7.0799915,-3.223621767,1.548945759,36.0580163,-12.161398,33.91444987,2.137150518,6.659102232,0.419629504
1.408870233,7.033387633,-3.1998129,1.548647151,35.82066531,-12.07157694,33.66164956,2.15259984,6.609464891,0.422662979
1.407834833,6.9851559,-3.166704433,1.548326465,35.57502368,-11.94667233,33.31010697,2.258500804,6.540439503,0.443456633
1.406830633,6.940645667,-3.159831667,1.547981832,35.34833546,-11.92074421,33.23713258,2.104786968,6.526110982,0.413274921
1.4058779,6.894664933,-3.131548633,1.547710457,35.11415805,-11.81404396,32.93682599,2.170916156,6.467145782,0.426259387
1.404868467,6.8512988,-3.124333267,1.547343637,34.89329666,-11.78682335,32.8602139,2.026666855,6.452102999,0.397936037
1.403854167,6.803050033,-3.094997333,1.547044304,34.64756829,-11.67615095,32.54872771,2.092424664,6.390942687,0.410847583
1.4028008,6.757032567,-3.0758563,1.546672839,34.4132038,-11.60393971,32.34549002,2.061297874,6.351036965,0.404735837
1.4018263,6.712533333,-3.0597987,1.546357744,34.1865716,-11.543361,32.17499193,2.005163758,6.317559666,0.393713904
1.400899367,6.6676507,-3.040806633,1.546095896,33.95798676,-11.47171175,31.97333595,1.978234899,6.277964514,0.388426422
1.399874833,6.617911333,-3.008631067,1.545808417,33.70466684,-11.35032658,31.6316988,2.066552122,6.21088406,0.405767509
1.398902133,6.576986433,-3.006462267,1.545442156,33.49623852,-11.34214459,31.60867069,1.88115192,6.20636249,0.36936418
1.397880533,6.529693433,-2.974892367,1.545121359,33.25537781,-11.22304435,31.27346446,1.975497446,6.140544746,0.387888924
1.396805467,6.4859562,-2.9701175,1.544694406,33.03262643,-11.20503075,31.22276537,1.803445153,6.13058998,0.354106456
1.395803167,6.438676667,-2.946525867,1.54439271,32.79183431,-11.11602922,30.97227162,1.813146777,6.081405533,0.35601137
1.3948999,6.392262933,-2.916960067,1.544177217,32.55545166,-11.00448963,30.65834473,1.890691016,6.019765989,0.371237181
1.393845,6.348171567,-2.904399233,1.543775678,32.3308967,-10.95710278,30.52497499,1.799505803,5.993578838,0.353332964
1.392848533,6.303720633,-2.8884609,1.5434379,32.10451048,-10.89697401,30.35574326,1.742351315,5.960350189,0.342110681
1.3918608,6.256793833,-2.866140433,1.543145543,31.86551481,-10.81276807,30.11874664,1.740352263,5.913815903,0.341718167
1.3908093,6.2126748,-2.8525385,1.542747814,31.64081895,-10.76145358,29.97432259,1.660080448,5.88545824,0.325956796
1.3897948,6.1662604,-2.826161767,1.542421098,31.4044329,-10.66194502,29.69425691,1.70376008,5.830467344,0.334533292
1.388874667,6.1202658,-2.808250667,1.542182528,31.17018487,-10.59437381,29.50407853,1.659690431,5.79312582,0.325880216
1.387870033,6.076334,-2.7917014,1.541828891,30.94644258,-10.53194024,29.32835997,1.611666694,5.758623481,0.316450755
1.386856933,6.032330667,-2.7722895,1.541467847,30.72233596,-10.45870713,29.12224624,1.593673813,5.71815305,0.312917853
1.385824433,5.9863175,-2.752880267,1.541117185,30.48799338,-10.38548409,28.91616082,1.565416645,5.677688178,0.307369558
1.3848162,5.940251033,-2.729798233,1.54079158,30.25337934,-10.29840508,28.67107796,1.575885468,5.629566158,0.309425112
1.383838433,5.895241733,-2.713774367,1.540480776,30.02414939,-10.23795362,28.50093805,1.516795433,5.596159186,0.297822783
1.382873333,5.8508056,-2.702514333,1.540174146,29.79783855,-10.19547415,28.38138007,1.41004257,5.572683978,0.276861859
1.381875433,5.8051678,-2.672856867,1.539852522,29.56540769,-10.08358874,28.06647988,1.492511903,5.510853324,0.293054712
1.3808754,5.760172667,-2.659547633,1.539519241,29.33624989,-10.03337848,27.92516369,1.404670296,5.48310589,0.275807013
1.379877533,5.717442833,-2.637157367,1.53915456,29.11862915,-9.948909219,27.68742594,1.4247873,5.436426083,0.279756986
1.378820267,5.6706036,-2.618118033,1.538791372,28.88007945,-9.877081651,27.48526809,1.388395455,5.396732389,0.272611448
1.3779033,5.626200333,-2.5958044,1.538532388,28.653936,-9.792901498,27.24834402,1.399176067,5.350212349,0.274728221
1.376883833,5.582212133,-2.575795733,1.538164753,28.42990646,-9.717417034,27.03589388,1.387596672,5.308497763,0.272454606
1.3758906,5.5378391,-2.557108267,1.537829054,28.20391698,-9.646916915,26.83747211,1.360028963,5.269537649,0.267041687
1.3749131,5.492362967,-2.534949867,1.537525435,27.97230948,-9.563322393,26.6021963,1.36369727,5.223341244,0.267761959
1.373845167,5.4506507,-2.531904767,1.537075608,27.75987115,-9.551834484,26.56986372,1.183591523,5.216992741,0.232398196
1.372845167,5.404066433,-2.494049067,1.536765909,27.52261998,-9.40902051,26.16791545,1.348288624,5.138070198,0.264736471
1.371890033,5.3611029,-2.484745,1.536447424,27.30380901,-9.373920097,26.06912574,1.228267364,5.118672839,0.241170297
1.370901233,5.314690133,-2.456541633,1.536146383,27.06743129,-9.267520403,25.76966504,1.291350336,5.059873731,0.253556638
1.3698715,5.271430667,-2.4400205,1.535757683,26.84711315,-9.205192968,25.5942452,1.246452039,5.025430045,0.244740858
1.368878233,5.226063433,-2.425260633,1.535436683,26.61606027,-9.149510067,25.43752632,1.172118035,4.994658293,0.230145376
1.3678616,5.181075133,-2.393612167,1.535086702,26.38693727,-9.030113429,25.10148587,1.279035488,4.928676751,0.251138618
1.366872633,5.138736533,-2.377883667,1.534725122,26.17130906,-8.970776273,24.93448214,1.230411009,4.895885568,0.241591202
1.365888067,5.094768333,-2.3671376,1.534392091,25.94738138,-8.930235787,24.82038141,1.120584056,4.87348189,0.220026679
1.364904967,5.052469267,-2.3480627,1.534035793,25.7319545,-8.858274041,24.61784591,1.107692679,4.833714045,0.217495458
1.363868167,5.008249433,-2.334858167,1.533654257,25.50674527,-8.808458772,24.47764142,1.022687939,4.806184893,0.200804777
1.362838467,4.964197967,-2.311311633,1.533277326,25.28239351,-8.719627394,24.22762654,1.048351066,4.757094471,0.205843732
1.361826867,4.9203817,-2.289052133,1.532915011,25.05923962,-8.635651463,23.99127726,1.061546455,4.71068729,0.208434646
1.360901067,4.876063333,-2.272526033,1.532645935,24.83352856,-8.57330529,23.81580468,1.011307973,4.676233249,0.19857032
1.359878767,4.8332286,-2.248788367,1.532258374,24.61537357,-8.483752845,23.56376036,1.045197293,4.626744348,0.205224489
1.358894633,4.789729467,-2.227213933,1.531918826,24.39383482,-8.402361389,23.33468506,1.052733852,4.581765411,0.206704292
1.357887467,4.7460599,-2.208899967,1.531558769,24.17142806,-8.333270331,23.14022908,1.024783073,4.54358398,0.201216156
1.356844333,4.701300633,-2.187966367,1.531178893,23.94347152,-8.254296475,22.91795808,1.019097532,4.499941069,0.2000998
1.355819567,4.658259567,-2.1726508,1.530791924,23.72426568,-8.196517146,22.75533883,0.962510941,4.46801078,0.188989023
1.354857633,4.613443367,-2.158138433,1.530494092,23.49601918,-8.141767961,22.60124788,0.888355389,4.437755022,0.174428581
1.353688867,4.562655933,-2.127246233,1.53007791,23.23736151,-8.025224406,22.27323741,0.957708199,4.373350165,0.188046005
1.352665067,4.518532267,-2.116341933,1.529707949,23.01264205,-7.984086971,22.15745657,0.848769569,4.350616598,0.166655905
1.3516994,4.475343533,-2.0911786,1.529382268,22.79268415,-7.889156072,21.89027466,0.895993581,4.29815543,0.17592834
1.3506306,4.433121033,-2.0806303,1.528939135,22.57764723,-7.849361678,21.7782738,0.792957516,4.276164061,0.155697208
1.349613567,4.3899922,-2.0628165,1.528561199,22.3579944,-7.782157543,21.58912855,0.762449941,4.23902539,0.149707046
1.3487498,4.345701233,-2.0359795,1.528353751,22.13242288,-7.680912589,21.3041758,0.821831173,4.183074919,0.161366551
1.347678033,4.305144633,-2.0230092,1.527882965,21.9258703,-7.631980986,21.16645837,0.752996016,4.156034102,0.147850768
1.3466406,4.263414567,-2.005253,1.527463902,21.71334131,-7.564994152,20.97792471,0.729000693,4.119015517,0.143139286
1.345602167,4.212766,-1.979833567,1.527175996,21.45539088,-7.469097094,20.70802355,0.740951421,4.066020425,0.145485811
1.344520067,4.167491267,-1.966556367,1.526764792,21.2248091,-7.419007684,20.56704749,0.651345699,4.038339775,0.127891728
1.343523567,4.1242226,-1.940698667,1.526409461,21.0044441,-7.321457225,20.29249286,0.705535335,3.984430973,0.138531863
1.342624867,4.081760233,-1.9242114,1.526139983,20.78818555,-7.259257555,20.11743261,0.664337033,3.950057893,0.130442576
1.3416245,4.0402956,-1.907600633,1.525754053,20.5770084,-7.196591969,19.94106105,0.629531444,3.915427337,0.123608499
1.3405485,3.998516633,-1.888283233,1.525297148,20.36423037,-7.123715371,19.73595071,0.621863751,3.875153922,0.122102947
1.339543833,3.956275233,-1.874165633,1.524918428,20.14909719,-7.070455477,19.58605136,0.556629921,3.845721184,0.109294285
1.3385265,3.914680467,-1.862678533,1.52451746,19.93725728,-7.027119377,19.46408241,0.466758959,3.821772581,0.091648122
1.337595733,3.872070567,-1.83266,1.524218101,19.72024735,-6.913871807,19.14534844,0.568482996,3.759189167,0.111621636
1.3365994,3.8302676,-1.8117138,1.523841218,19.50734708,-6.834850417,18.92294366,0.577987517,3.715519987,0.113487849
1.335589633,3.7895108,-1.794791167,1.523435399,19.29977489,-6.771008287,18.74326073,0.550098257,3.680239243,0.108011793
1.334603433,3.7478795,-1.778074133,1.523066106,19.08774892,-6.707941802,18.56576084,0.515572173,3.64538714,0.101232596
1.333526833,3.706530333,-1.757525867,1.522602231,18.87715983,-6.63042165,18.34758127,0.523162655,3.602547582,0.102722987
1.332529233,3.6641841,-1.7393681,1.522232132,18.66149274,-6.56191987,18.15478381,0.500293025,3.564691801,0.098232535
1.3315818,3.623072867,-1.718938433,1.521893899,18.45211544,-6.484847147,17.93786353,0.507836005,3.522099503,0.0997136
1.330542233,3.580408267,-1.6977907,1.52148655,18.23482692,-6.405065454,17.71331888,0.515092136,3.478010162,0.101138341
1.329538667,3.539564133,-1.681854567,1.521088225,18.02680995,-6.344944983,17.54411051,0.476283527,3.444786099,0.093518271
1.328593333,3.500949867,-1.6712536,1.520715091,17.83014956,-6.304951899,17.43155044,0.39218321,3.422684929,0.077005173
1.327523833,3.4586259,-1.651480833,1.520272762,17.61459587,-6.23035739,17.22160506,0.386574902,3.381462154,0.075903982
1.326508467,3.418425633,-1.6326051,1.519853096,17.40985808,-6.159147018,17.0211843,0.382257868,3.342109537,0.075056332
1.325580567,3.3774506,-1.615369467,1.519532378,17.20117443,-6.094124068,16.83817796,0.356580561,3.306176243,0.070014593
1.324579133,3.3372879,-1.596242167,1.519126089,16.99662796,-6.021964638,16.63508609,0.355125963,3.266299153,0.069728983
1.323554,3.295952467,-1.574515767,1.518713478,16.78610882,-5.939999874,16.40439721,0.375295698,3.221003393,0.07368931
1.3225596,3.2562608,-1.560515667,1.518307242,16.58396129,-5.88718326,16.25574546,0.321799919,3.191815622,0.063185414
1.3215263,3.216945333,-1.5500121,1.517856532,16.38372973,-5.847557626,16.14421958,0.233094244,3.169917515,0.045768055
1.320547533,3.175591533,-1.524143067,1.517490559,16.17311705,-5.749964412,15.86954461,0.29715653,3.115985085,0.058346685
1.319538967,3.1358866,-1.504373267,1.517070354,15.97090196,-5.675381094,15.65963073,0.304855318,3.074768495,0.059858342
1.3185506,3.0962225,-1.486213133,1.516669743,15.76889483,-5.606870386,15.46680814,0.295670778,3.036907779,0.058054957
1.3175709,3.0559854,-1.467403733,1.51628629,15.56396944,-5.535910263,15.2670917,0.290461833,2.997693455,0.057032181
1.316517367,3.017225533,-1.4511544,1.515807113,15.36656752,-5.474608217,15.0945578,0.26559381,2.963816425,0.052149345
1.315514533,2.9778911,-1.4328658,1.51538715,15.16623937,-5.405612857,14.90037117,0.259452292,2.925687879,0.050943458
1.314558633,2.938257367,-1.414986667,1.515018556,14.96438689,-5.338162246,14.71053221,0.247438776,2.888412999,0.048584604
1.313572067,2.898414267,-1.392770433,1.514622398,14.76146813,-5.254349543,14.47464233,0.280409888,2.842096021,0.055058482
1.312532367,2.860343533,-1.377326967,1.514146843,14.56757593,-5.1960877,14.31066505,0.250494968,2.809899082,0.049184687
1.311542367,2.821063433,-1.360273333,1.513738908,14.36752449,-5.131751361,14.12959117,0.231517407,2.774345227,0.045458443
1.310520367,2.7824602,-1.343065433,1.513288944,14.1709203,-5.066833038,13.94687931,0.21762508,2.738469752,0.042730684
1.3094919,2.7437385,-1.326516133,1.512834268,13.97371276,-5.004399341,13.77116039,0.196136456,2.703967343,0.038511393
1.3086051,2.7062196,-1.310832567,1.512503436,13.78263102,-4.9452317,13.60463375,0.171581352,2.671269838,0.033689998
1.307580233,2.666780433,-1.288296233,1.512062992,13.58176946,-4.860211391,13.36534508,0.210008467,2.624285507,0.041235162
1.306528733,2.628780633,-1.274830833,1.511574586,13.38823852,-4.809411979,13.22237073,0.15945188,2.596212493,0.031308377
1.3055563,2.590712767,-1.253967867,1.511166255,13.19436092,-4.730704594,13.00084971,0.187095301,2.55271684,0.036736162
1.3045216,2.552244433,-1.243444033,1.510701591,12.99844377,-4.691002502,12.88910864,0.102919221,2.53077648,0.020208189
1.303483733,2.515644767,-1.225666133,1.510206071,12.81204363,-4.623933804,12.70034456,0.105283158,2.493712655,0.020672348
1.3025777,2.477132933,-1.205303667,1.509870718,12.61590493,-4.547114599,12.4841378,0.125351219,2.451260458,0.024612712
1.3015883,2.4407075,-1.1946728,1.509421083,12.43039216,-4.507008715,12.37126026,0.052715988,2.429096952,0.010350784
1.300487233,2.402826867,-1.171880833,1.508881344,12.23746813,-4.421024006,12.1292573,0.10179492,2.38157967,0.019987432
1.299543033,2.366247967,-1.154816933,1.508479182,12.05117375,-4.356648936,11.94807441,0.096683435,2.34600441,0.018983793
1.298528467,2.329111067,-1.139983367,1.508014923,11.86203752,-4.300687994,11.79057299,0.065048617,2.315079007,0.012772296
1.297534,2.2919425,-1.119469567,1.507571232,11.67274001,-4.223297871,11.57275939,0.093564706,2.272311306,0.01837143
1.2965993,2.257127,-1.105627267,1.50715244,11.49542653,-4.171076571,11.42578315,0.063227477,2.243452521,0.012414715
1.295603267,2.219707967,-1.087105467,1.506710894,11.30485341,-4.101201444,11.22912041,0.069317084,2.204837793,0.013610409
1.294580267,2.1837818,-1.073144367,1.50622026,11.12188337,-4.04853196,11.08088277,0.034584696,2.175731331,0.006790705
1.293515567,2.147079233,-1.057985467,1.505699431,10.93495917,-3.99134367,10.91992699,0.008616273,2.144127664,0.001691805
1.292487033,2.111514333,-1.04185573,1.50519791,10.75382905,-3.930492813,10.74866296,-0.001249822,2.110499972,-0.000245403
1.291567467,2.0763847,-1.024455673,1.504798906,10.57491571,-3.864849562,10.56391079,0.004589011,2.074223884,0.000901052
1.2906247,2.0409661,-1.006482803,1.504380984,10.39453069,-3.797045321,10.37307655,0.01503823,2.03675358,0.002952756
1.289550133,2.0057788,-0.994577163,1.503827834,10.21532366,-3.752130242,10.24666358,-0.037755831,2.011932394,-0.007413357
1.288569633,1.9708823,-0.975109117,1.503364442,10.03759766,-3.678685316,10.03995369,-0.008771939,1.971344906,-0.00172237
1.2875504,1.935879233,-0.959417047,1.502863896,9.859328919,-3.619485595,9.873336761,-0.020423751,1.938629673,-0.004010203
1.2865006,1.9007215,-0.940016307,1.502335075,9.680272473,-3.546294589,9.667341525,0.006515038,1.898182508,0.001279228
1.2855742,1.866693567,-0.928504443,1.501912912,9.506970036,-3.502865067,9.545109641,-0.044555514,1.874182278,-0.008748475
1.284607533,1.833298733,-0.916490257,1.501441102,9.336891945,-3.457540486,9.417544135,-0.0870681,1.849134791,-0.017095822
1.283550967,1.798902067,-0.895483733,1.500894236,9.161711569,-3.37829152,9.194498843,-0.039203183,1.805339848,-0.007697545
1.282551267,1.7649538,-0.882408003,1.500397593,8.988814871,-3.328962174,9.05566197,-0.073263008,1.778079228,-0.014385192
1.2815601,1.732131267,-0.868481577,1.499892802,8.821651473,-3.276423498,8.907792479,-0.092556916,1.749045053,-0.01817355
1.280513033,1.698349467,-0.85013761,1.499346325,8.64960258,-3.207219263,8.713017963,-0.069831293,1.710801077,-0.013711374
1.2795621,1.6653507,-0.836861987,1.498884378,8.481541635,-3.157135801,8.572058642,-0.096932916,1.683123714,-0.019032778
1.278643633,1.632714667,-0.82142786,1.498449523,8.315328071,-3.098909194,8.408180534,-0.099268373,1.650946248,-0.019491345
1.277540533,1.600327267,-0.802095713,1.49782635,8.150380783,-3.025976962,8.202913616,-0.058948743,1.610642088,-0.011574586
1.276542267,1.5682185,-0.79055367,1.497303882,7.986852559,-2.982433584,8.080361283,-0.099924634,1.586578938,-0.019620202
1.2755613,1.5359293,-0.775479117,1.496801388,7.822405399,-2.925563499,7.920301092,-0.104311603,1.555151119,-0.020481583
1.274562433,1.504065933,-0.761440513,1.496274683,7.660126984,-2.872601627,7.77124052,-0.117529445,1.525883076,-0.023076907
1.273572633,1.4724336,-0.74413679,1.495753621,7.49902521,-2.807321802,7.58751121,-0.09490191,1.489807826,-0.01863399
1.2725941,1.440875067,-0.73317947,1.495242733,7.338299295,-2.765984344,7.471167415,-0.13928403,1.466963722,-0.027348419
1.271555867,1.410545567,-0.71926703,1.494653932,7.183832782,-2.713498434,7.323446434,-0.146029562,1.437958707,-0.028672904
1.270561633,1.379796967,-0.703625023,1.494115342,7.027231814,-2.654487582,7.157361076,-0.136545172,1.405347847,-0.026810644
1.2695106,1.349044633,-0.69335075,1.493520007,6.870611833,-2.615726978,7.048269806,-0.184073883,1.383927776,-0.036142907
1.2685631,1.3186047,-0.674727183,1.493023576,6.715582888,-2.545467927,6.850526524,-0.141359546,1.345100883,-0.027755947
1.267602333,1.288905133,-0.666588563,1.492502907,6.56432459,-2.514764264,6.764111421,-0.20620274,1.328133278,-0.040487908
1.266528167,1.259025333,-0.650873323,1.49187151,6.412148375,-2.455477132,6.597248479,-0.191516014,1.295369739,-0.037604169
1.265530967,1.229878367,-0.637621383,1.491306219,6.263704439,-2.405483017,6.456540624,-0.199252094,1.267741752,-0.039123149
1.264601,1.200804433,-0.622891367,1.49080708,6.115632459,-2.349912727,6.30013869,-0.190922141,1.237032232,-0.037487562
1.2635415,1.172005667,-0.610088287,1.490174329,5.968961888,-2.301611977,6.164196789,-0.201650811,1.21034004,-0.039594137
1.2625558,1.142982667,-0.596414667,1.489618702,5.821149308,-2.250027037,6.019011576,-0.204278177,1.181832923,-0.04011002
1.261611733,1.115443167,-0.585062187,1.489082725,5.680892114,-2.207198803,5.898472009,-0.223995804,1.158164979,-0.043981576
1.260540067,1.0871849,-0.57386132,1.488429798,5.536974281,-2.164942543,5.779542259,-0.248983888,1.134813122,-0.048887986
1.259537467,1.0597551,-0.56046639,1.487833662,5.397275783,-2.114408986,5.63731615,-0.246456276,1.106887026,-0.04839169
1.258571767,1.03234402,-0.547350127,1.487274149,5.257672625,-2.064926724,5.498048897,-0.246792181,1.079541901,-0.048457645
1.257565,1.005717123,-0.533233167,1.486661948,5.122063271,-2.011669245,5.348156341,-0.23250898,1.050110498,-0.045653138
1.256564333,0.978652497,-0.520034003,1.486062334,4.984224582,-1.961874234,5.208008865,-0.230200192,1.022592541,-0.045199808
1.2555992,0.952358627,-0.510260853,1.485486832,4.850311315,-1.925004162,5.104238476,-0.26034307,1.002217225,-0.051118362
1.2545453,0.92657395,-0.497846017,1.484815018,4.718991342,-1.878168094,4.972418906,-0.259843473,0.976334452,-0.051020266
1.253525267,0.900700727,-0.486833277,1.484178383,4.587220406,-1.836621559,4.855486666,-0.27468217,0.953374807,-0.053933844
1.252588533,0.876541133,-0.474130403,1.483599655,4.464176895,-1.788698847,4.72060875,-0.262847765,0.926891528,-0.051610159
1.251568667,0.85218072,-0.463847823,1.482940769,4.340110619,-1.749906905,4.611429281,-0.277734572,0.905454139,-0.054533183
1.250589067,0.827482007,-0.45266843,1.482327162,4.214321399,-1.707731656,4.492727533,-0.284822043,0.882147051,-0.055924808
1.2496114,0.80321131,-0.441287997,1.481709147,4.090712045,-1.664797965,4.37189116,-0.287595025,0.858420829,-0.056469283
1.248526167,0.780762553,-0.430292703,1.480956567,3.976381733,-1.62331725,4.255144168,-0.285178344,0.835497557,-0.055994768
1.247565733,0.75951006,-0.41941113,1.48031106,3.868143927,-1.582265552,4.139604644,-0.277876627,0.812811372,-0.054561076
1.246544833,0.736618897,-0.409763337,1.479629369,3.751560462,-1.5458684,4.03716528,-0.292020728,0.792697403,-0.05733827
1.245560433,0.713823237,-0.399708727,1.478982763,3.63546339,-1.507936495,3.930406375,-0.301358895,0.771735292,-0.059171819
1.244642033,0.691360633,-0.387343447,1.478397221,3.521062558,-1.461287383,3.799112993,-0.284466345,0.745955836,-0.055854967
1.243560433,0.669401487,-0.379710993,1.477641019,3.409225804,-1.432493279,3.718072321,-0.315262426,0.7300435,-0.061901777
1.242514567,0.647327283,-0.369082777,1.476922255,3.296803073,-1.392397392,3.605222914,-0.314835751,0.707885519,-0.061818
1.2415773,0.625924647,-0.35756446,1.47630214,3.187800594,-1.348943524,3.482922509,-0.301537825,0.683871835,-0.059206952
1.240510367,0.604888697,-0.348134377,1.475546924,3.080665631,-1.313367702,3.38279477,-0.308545049,0.664211753,-0.06058282
1.2395542,0.584355197,-0.339279263,1.47489503,2.976089619,-1.28E+00,3.288772008,-0.319098299,0.645750384,-0.062654951
1.238655467,0.564344207,-0.33012102,1.474292826,2.874174722,-1.245410722,3.19153064,-0.323771828,0.626657041,-0.063572598
1.237570733,0.54435428,-0.321517697,1.47350431,2.7723671,-1.212953924,3.100181361,-0.334230171,0.60872061,-0.065626094
1.236538967,0.524852257,-0.312244813,1.472761531,2.673044343,-1.177971152,3.001722757,-0.335094324,0.589388263,-0.06579577
1.2355976,0.50576837,-0.303007297,1.472102956,2.575851133,-1.143121804,2.903639672,-0.334204448,0.57012965,-0.065621043
1.234557867,0.486976743,-0.294703413,1.471341683,2.480146388,-1.111794671,2.815469818,-0.34173934,0.552817499,-0.067100519
1.233535167,0.467924777,-0.286167883,1.470601301,2.383115746,-1.079593629,2.724840362,-0.348140526,0.535022405,-0.068357392
1.232480333,0.447116147,-0.27611138,1.469854817,2.277138511,-1.041654582,2.618061354,-0.347338753,0.514056347,-0.068199964
1.231364333,0.428204723,-0.26745187,1.469019053,2.180823648,-1.008985815,2.52611549,-0.351707752,0.496002777,-0.069057817
1.230289867,0.409994433,-0.258870237,1.468214432,2.08807962,-0.976610845,2.434996513,-0.353332803,0.478111565,-0.069376896
1.2292113,0.39157073,-0.24898334,1.467408874,1.994248689,-0.939311654,2.330018373,-0.342185594,0.457499108,-0.067188141
1.228264867,0.37509325,-0.242031957,1.46670661,1.910329768,-0.913086946,2.256209237,-0.352295379,0.443006684,-0.069173198
1.227317833,0.35928787,-0.234042257,1.465993786,1.829833817,-0.882945096,2.171375353,-0.347957446,0.426349551,-0.068321444
1.2262959,0.343979327,-0.22715744,1.4651987,1.751868229,-0.856971517,2.098273016,-0.352820697,0.411995907,-0.069276344
1.225274633,0.328764557,-0.220545217,1.464402891,1.674380222,-0.83202632,2.02806505,-0.360100737,0.398210573,-0.07070578
1.224279567,0.313923877,-0.214027383,1.463627738,1.598797437,-0.807437218,1.958859307,-0.36647778,0.384622025,-0.071957912
1.223228033,0.29956747,-0.207453437,1.462788943,1.525681029,-0.782636423,1.889057759,-0.36979264,0.370916491,-0.072608785
1.222277667,0.285483163,-0.201479747,1.462047282,1.453950412,-0.76010015,1.825629679,-0.378095177,0.358462388,-0.074238988
1.2213064,0.271901897,-0.19490448,1.461277267,1.38478175,-0.735294375,1.755814115,-0.377448275,0.344754102,-0.074111969
1.220289733,0.259042323,-0.188783793,1.460451158,1.319288634,-0.712203544,1.690825239,-0.377952515,0.331993536,-0.074210976
1.219279133,0.246098893,-0.182732567,1.459632358,1.253368441,-0.689374756,1.626573883,-0.379621352,0.319377782,-0.074538652
1.218281167,0.23347643,-0.177733193,1.458821435,1.189082913,-0.670514179,1.573491006,-0.390824002,0.308954959,-0.076738293
1.217255,0.221105087,-0.171768357,1.457978591,1.126076326,-0.648011305,1.51015693,-0.390496514,0.296519313,-0.07667399
1.2162477,0.209478677,-0.166397877,1.457143575,1.066863645,-0.627750695,1.453133678,-0.392685943,0.285322798,-0.077103885
1.215320233,0.19795292,-0.160878303,1.456386901,1.008163585,-0.606927617,1.394527367,-0.392779691,0.273815448,-0.077122292
1.2142963,0.187127027,-0.156148867,1.455523389,0.953027892,-0.589085399,1.344310652,-0.397698669,0.263955397,-0.078088134
1.213240433,0.17653002,-0.151577657,1.454624553,0.899057907,-0.571840105,1.295773974,-0.403131977,0.25442522,-0.079154964
1.212255933,0.16597143,-0.146178217,1.453796513,0.845283575,-0.551470241,1.238443227,-0.399575561,0.243168328,-0.078456661
1.211276667,0.15607871,-0.14216433,1.45296384,0.794900484,-0.536327498,1.195824155,-0.407339581,0.234800073,-0.079981127
1.210260133,0.146282503,-0.13784931,1.45209247,0.74500893,-0.520048704,1.150007678,-0.411414658,0.225804008,-0.080781268
1.209326133,0.136774077,-0.13347707,1.451299369,0.696583024,-0.503554042,1.103583644,-0.41341653,0.216688649,-0.081174336
1.208274333,0.1278575,-0.129221233,1.450379698,0.651171378,-0.487498522,1.05839557,-0.413640102,0.20781597,-0.081218234
1.207244933,0.119371473,-0.125199937,1.449476047,0.6079525,-0.472327825,1.01569782,-0.414161229,0.199432267,-0.081320557
1.206287533,0.110708323,-0.121332052,1.44864702,0.563831542,-0.457735889,0.974628983,-0.417213351,0.191368401,-0.081919841
1.205287833,0.102590218,-0.11787595,1.447767617,0.522486468,-0.444697437,0.937932413,-0.421861855,0.184163029,-0.082832575
1.204305567,0.094350372,-0.11417671,1.446907451,0.480521375,-0.430741727,0.89865423,-0.424548765,0.176450758,-0.08336015
1.203284633,0.087009157,-0.111390863,1.445995303,0.44313296,-0.420231875,0.869074372,-0.432357322,0.170642753,-0.08489336
1.202233767,0.079672101,-0.107458872,1.445053159,0.405765728,-0.405398091,0.827324861,-0.427975043,0.162445236,-0.0840329
1.201265833,0.072963514,-0.104467504,1.444184636,0.371599255,-0.394112892,0.7955628,-0.430379455,0.156208756,-0.084505006
1.200257367,0.066232896,-0.101607146,1.443275906,0.337320581,-0.383321936,0.76519178,-0.434287109,0.150245406,-0.085272274
1.199243167,0.059472196,-0.098564947,1.442361888,0.302888697,-0.371844972,0.732889997,-0.436417209,0.143902951,-0.085690519
1.198352633,0.053324359,-0.095605295,1.441562455,0.271578097,-0.360679424,0.701464693,-0.436302506,0.137732593,-0.085667997
1.197175133,0.045734021,-0.092599045,1.440497431,0.23292091,-0.349338081,0.669544613,-0.443039613,0.131465085,-0.086990828
1.196059433,0.03788378,-0.090192772,1.439498059,0.192940058,-0.340260202,0.643995029,-0.457470881,0.126448424,-0.089824407
1.195022367,0.032308244,-0.086941045,1.438543612,0.164544151,-0.327992775,0.6094685,-0.451340259,0.11966914,-0.08862066
1.193937033,0.026048217,-0.085133819,1.437551042,0.13266217,-0.321174857,0.590279548,-0.464033288,0.115901389,-0.091112936
1.192978333,0.020629677,-0.08272763,1.436672636,0.105065838,-0.312097294,0.564730852,-0.466080923,0.110884903,-0.091514989
1.192068833,0.015833879,-0.080456502,1.435834202,0.080641096,-0.303529263,0.540616228,-0.466391041,0.106149996,-0.091575881
1.190947633,0.011211139,-0.078114099,1.434781503,0.057097731,-0.294692342,0.515744817,-0.465062995,0.101266495,-0.091315119
1.1899119,0.006767079,-0.076372078,1.433811623,0.034464368,-0.288120413,0.497248201,-0.469199742,0.097634684,-0.092127369
1.1889451,0.00269513,-0.07459162,1.432905163,0.013726151,-0.281403478,0.478343465,-0.471033224,0.093922739,-0.092487373
1.187913333,-0.001189102,-0.072769358,1.431930954,-0.006056032,-0.274528833,0.458994855,-0.471466797,0.09012364,-0.092572505
1.186965167,-0.005269317,-0.071158407,1.431043249,-0.026836346,-0.268451378,0.441889928,-0.475142184,0.086765087,-0.093294168
1.1860093,-0.008969044,-0.068906606,1.430142206,-0.045678859,-0.259956262,0.417980524,-0.470075292,0.082070476,-0.092299284
1.184932267,-0.012536829,-0.067669773,1.429118042,-0.063849398,-0.255290199,0.404847944,-0.475113252,0.079491894,-0.093288487
1.183897433,-0.015911706,-0.066442234,1.428133218,-0.081037463,-0.250659199,0.39181405,-0.479267423,0.076932689,-0.094104159
1.182899167,-0.019140109,-0.065529401,1.427182791,-0.097479548,-0.247215456,0.382121675,-0.486017132,0.075029591,-0.095429464
1.181939967,-0.021979406,-0.064005832,1.426265665,-0.111939932,-0.241467658,0.365944562,-0.484300404,0.071853215,-0.095092384
1.1810137,-0.024974108,-0.062393977,1.425383775,-0.12719179,-0.235386792,0.348830037,-0.482437737,0.068492778,-0.09472665
1.1799762,-0.027899737,-0.061273075,1.424389628,-0.142091861,-0.231158092,0.336928409,-0.48543618,0.066155893,-0.095315394
1.178966333,-0.030483598,-0.060344281,1.423418049,-0.155251325,-0.227654134,0.327066561,-0.488733796,0.064219519,-0.095962881
1.177959967,-0.033042027,-0.059021967,1.422449594,-0.16828127,-0.222665586,0.313026352,-0.487723531,0.061462724,-0.095764515
1.176910433,-0.035619867,-0.057988799,1.42143826,-0.181410069,-0.218767868,0.302056267,-0.489882246,0.059308748,-0.096188379
1.175963133,-0.037708847,-0.056782854,1.420521916,-0.192049133,-0.214218336,0.289251664,-0.487716707,0.056794564,-0.095763175
1.175077533,-0.039777541,-0.056088977,1.41966697,-0.202584879,-0.211600621,0.281884136,-0.490884924,0.05534795,-0.096385255
1.173973567,-0.042100425,-0.054989178,1.418597425,-0.214415202,-0.207451532,0.270206573,-0.491037685,0.053055061,-0.09641525
1.172904367,-0.04404647,-0.054119104,1.417557062,-0.224326307,-0.204169103,0.260968213,-0.491710429,0.051241109,-0.096547343
1.171988667,-0.046022846,-0.052806698,1.416670649,-0.234391882,-0.199217934,0.247033206,-0.487840997,0.04850497,-0.09578758
1.170949533,-0.047804628,-0.052449923,1.415657918,-0.2434664,-0.19787197,0.243245006,-0.493127315,0.047761157,-0.096825548
1.169926533,-0.049441634,-0.051259359,1.414659176,-0.251803587,-0.193380462,0.230603709,-0.488823206,0.045279038,-0.095980436
1.169053767,-0.050806335,-0.052060673,1.413806632,-0.258753934,-0.19640349,0.239111986,-0.50428183,0.046949638,-0.099015737
1.1680218,-0.052435777,-0.051450107,1.412798811,-0.267052595,-0.194100074,0.23262905,-0.506097554,0.045676714,-0.099372255
1.166929333,-0.053921372,-0.050839036,1.411728358,-0.274618649,-0.191794755,0.226140755,-0.507175314,0.044402737,-0.099583873
1.1659747,-0.055517895,-0.05014988,1.410797383,-0.282749655,-0.189194855,0.218823369,-0.507988933,0.042965968,-0.099743627
1.1649832,-0.056646269,-0.04952689,1.409822603,-0.288496403,-0.186844568,0.212208512,-0.507120825,0.041667141,-0.099573174
1.163933367,-0.057939909,-0.048980029,1.40879194,-0.295084845,-0.184781487,0.206401993,-0.507902748,0.040527031,-0.099726705
1.1630255,-0.058816763,-0.048182717,1.407897066,-0.299550615,-0.181773557,0.197936209,-0.503902735,0.038864775,-0.098941302
1.161988733,-0.059801735,-0.047847923,1.406874895,-0.304567023,-0.180510517,0.194381398,-0.505364331,0.038166788,-0.099228286
1.160974967,-0.061132914,-0.047752576,1.405880855,-0.311346646,-0.180150813,0.193369016,-0.511131572,0.037968006,-0.100360684
1.159930033,-0.061945188,-0.046682367,1.404847958,-0.315483512,-0.176113355,0.182005638,-0.50390506,0.035736807,-0.098941758
1.158976367,-0.062833833,-0.046190625,1.403907459,-0.320009337,-0.174258216,0.176784371,-0.503209618,0.034711611,-0.098805208
1.157977733,-0.063710416,-0.045889835,1.402921816,-0.324473727,-0.173123459,0.173590611,-0.504480248,0.034084516,-0.099054697
1.157011867,-0.064413051,-0.045493344,1.401966361,-0.328052206,-0.171627662,0.169380707,-0.503848822,0.033257902,-0.098930716
1.155955967,-0.064972173,-0.045167315,1.400918746,-0.330899788,-0.170397687,0.165918958,-0.503234655,0.032578187,-0.098810125
1.154952867,-0.065794439,-0.044649088,1.399927831,-0.335087544,-0.168442629,0.160416469,-0.501919923,0.031497774,-0.098551977
1.1539709,-0.066432276,-0.044254403,1.398955316,-0.338336012,-0.166953646,0.156225744,-0.500977666,0.030674925,-0.098366965
1.152927167,-0.067269612,-0.043624634,1.39792399,-0.342600519,-0.164577786,0.149538912,-0.498555341,0.029361965,-0.097891341
1.152005033,-0.067641574,-0.043417778,1.397007369,-0.3444949,-0.163797406,0.147342542,-0.498253352,0.028930708,-0.097832046
1.151011433,-0.068121246,-0.04336013,1.396020877,-0.346937844,-0.163579921,0.146730434,-0.500084187,0.028810521,-0.09819153
1.1499015,-0.068301457,-0.043017984,1.394913614,-0.347855651,-0.162289145,0.143097559,-0.49736912,0.028097206,-0.097658427
1.148952033,-0.068775674,-0.042463005,1.393971174,-0.350270811,-0.160195439,0.137204848,-0.493891568,0.026940172,-0.096975609
1.1480017,-0.069317675,-0.04253147,1.393028872,-0.353031194,-0.160453729,0.137931803,-0.497378907,0.02708291,-0.097660348
1.1469456,-0.06970718,-0.042172215,1.391978544,-0.355014922,-0.159098407,0.134117264,-0.495548096,0.026333925,-0.097300869
1.1460286,-0.069975524,-0.041695853,1.391065521,-0.356381584,-0.15730129,0.1290593,-0.491856794,0.025340794,-0.096576081
1.145012467,-0.070370978,-0.041480621,1.390055247,-0.358395612,-0.156489308,0.126773987,-0.491585508,0.024892072,-0.096522815
1.143923967,-0.070396577,-0.041512255,1.388967127,-0.358525986,-0.156608652,0.127109877,-0.492051773,0.024958024,-0.096614366
1.142978333,-0.070521488,-0.041115942,1.388023344,-0.359162148,-0.155113526,0.122901863,-0.48847992,0.024131781,-0.095913032
1.1420016,-0.070958454,-0.041024122,1.387053086,-0.361387595,-0.154767127,0.121926927,-0.489730432,0.023940352,-0.09615857
1.140974367,-0.07111567,-0.040758309,1.386028182,-0.362188286,-0.153764324,0.11910455,-0.487708745,0.023386178,-0.095761612
1.140019133,-0.071485329,-0.040202415,1.385078427,-0.364070941,-0.151667162,0.113202112,-0.483688963,0.022227235,-0.094972328
1.138963367,-0.071571608,-0.039966691,1.384023939,-0.364510356,-0.150777873,0.110699217,-0.481625482,0.021735791,-0.094567163
1.137964733,-0.071587605,-0.040000306,1.383025542,-0.364591824,-0.150904688,0.111056138,-0.482063872,0.021805873,-0.094653241
1.136948033,-0.071394747,-0.039742954,1.382005984,-0.363609609,-0.149933807,0.108323606,-0.478349124,0.02126934,-0.09392385
1.1359913,-0.07159949,-0.039470666,1.381052285,-0.364652354,-0.148906576,0.105432474,-0.476500737,0.020701666,-0.09356092
1.135042967,-0.071743409,-0.039390784,1.380106084,-0.365385327,-0.148605214,0.104584294,-0.476385531,0.020535126,-0.093538299
1.134056767,-0.071802678,-0.03934348,1.379120763,-0.365687183,-0.148426756,0.104082028,-0.476185121,0.020436506,-0.093498948
1.1329706,-0.071778658,-0.039578858,1.37803424,-0.365564847,-0.14931474,0.106581246,-0.478562003,0.020927228,-0.093965649
1.131971567,-0.071898508,-0.038918573,1.377036983,-0.366175236,-0.146823756,0.099570402,-0.472161548,0.019550648,-0.09270892
1.131001667,-0.071636071,-0.038988803,1.376063194,-0.364838659,-0.147088706,0.100316101,-0.47157067,0.019697066,-0.092592901
1.129979533,-0.071577604,-0.038681116,1.375040194,-0.36454089,-0.145927928,0.097049106,-0.468005905,0.019055592,-0.091892959
1.1290185,-0.07180245,-0.03770795,1.374082493,-0.365686018,-0.142256572,0.086716117,-0.458818045,0.01702671,-0.090088923
1.128079133,-0.071804861,-0.03834242,1.373143162,-0.365698301,-0.144650169,0.093452867,-0.465567077,0.01834947,-0.091414096
1.126934233,-0.071795426,-0.038140977,1.371998122,-0.365650247,-0.143890205,0.091313957,-0.463380114,0.017929495,-0.090984685
1.125980567,-0.071625953,-0.03799365,1.371041944,-0.364787128,-0.143334401,0.089749653,-0.460952691,0.017622344,-0.090508061
1.1250257,-0.071437788,-0.038073283,1.370084289,-0.363828818,-0.143634826,0.090595196,-0.460839923,0.017788367,-0.090485919
1.123962133,-0.071106757,-0.037943684,1.369015817,-0.362142893,-0.143145901,0.089219122,-0.457777925,0.017518175,-0.089884695
1.123015,-0.071172195,-0.037836762,1.368069653,-0.362476167,-0.142742528,0.088083834,-0.456975911,0.017295261,-0.08972722
1.122022833,-0.071025943,-0.037658688,1.367075319,-0.36173131,-0.142070728,0.086193061,-0.454340281,0.016924008,-0.089209714
1.12094,-0.070975537,-0.037200531,1.365991739,-0.361474598,-0.140342291,0.081328393,-0.449218901,0.01596883,-0.088204131
1.119954167,-0.070689564,-0.037404095,1.365001668,-0.360018151,-0.141110255,0.08348982,-0.449923881,0.016393226,-0.088342554
1.1189605,-0.070515493,-0.0371247,1.364005422,-0.359131619,-0.140056213,0.08052323,-0.446070759,0.015810736,-0.087585993
1.1179916,-0.070121909,-0.037232101,1.36303069,-0.357127117,-0.140461391,0.081663601,-0.445206627,0.016034648,-0.087416321
1.1170061,-0.06997597,-0.037234707,1.362043027,-0.356383855,-0.140471224,0.081691274,-0.444491039,0.016040082,-0.087275816
1.116002133,-0.069948851,-0.036930452,1.361038659,-0.35624574,-0.139323393,0.078460716,-0.441122366,0.015405762,-0.086614377
1.114980933,-0.069769819,-0.036925,1.360014806,-0.355333941,-0.139302827,0.078402835,-0.440152685,0.015394397,-0.08642398
1.1139392,-0.069496608,-0.036852111,1.358969024,-0.35394249,-0.139027847,0.077628906,-0.437987306,0.015242436,-0.085998808
1.112925067,-0.069327704,-0.036412058,1.357952388,-0.35308227,-0.137367707,0.072956461,-0.43245464,0.014325001,-0.084912469
1.111956367,-0.068794293,-0.036615959,1.356975783,-0.350365638,-0.138136941,0.075121463,-0.43190301,0.014750099,-0.084804156
1.1110316,-0.068507713,-0.035972173,1.35604677,-0.348906103,-0.1357082,0.0682858,-0.423607813,0.013407917,-0.083175394
1.109944133,-0.068467004,-0.036021523,1.3549587,-0.348698771,-0.135894379,0.068809797,-0.423924478,0.013510804,-0.083237571
1.108957767,-0.068012678,-0.036333087,1.353965601,-0.346384916,-0.137069782,0.072117954,-0.42491878,0.01416036,-0.083432803
1.108010333,-0.067845813,-0.0356864,1.353015695,-0.345535079,-0.134630096,0.065251489,-0.417202477,0.01281213,-0.081917706
1.106934767,-0.067604901,-0.03614498,1.351936559,-0.344308127,-0.136360131,0.070120652,-0.420844688,0.01376819,-0.082632855
1.105970733,-0.067167591,-0.035998077,1.350966045,-0.342080934,-0.135805927,0.06856085,-0.417057693,0.013461923,-0.081889278
1.105041633,-0.06661788,-0.03621049,1.350028799,-0.339281283,-0.136607272,0.070816227,-0.41651342,0.013904766,-0.08178241
1.103961533,-0.066455109,-0.035850642,1.348946287,-0.338452298,-0.135249716,0.066995402,-0.41186361,0.013154547,-0.08086942
1.102956933,-0.066146069,-0.035816901,1.347937108,-0.336878377,-0.135122423,0.066637136,-0.409931423,0.013084202,-0.080490035
1.1019944,-0.066053912,-0.035821799,1.346973209,-0.336409023,-0.135140902,0.066689146,-0.409514079,0.013094414,-0.080408089
1.1009897,-0.065514507,-0.035878946,1.345960516,-0.333661866,-0.135356495,0.067295928,-0.407373703,0.013213555,-0.079987827
1.099984767,-0.065210385,-0.0358161,1.344951076,-0.332112985,-0.135119404,0.066628638,-0.405157533,0.013082533,-0.079552682
1.099032767,-0.06461896,-0.035681241,1.343990312,-0.329100893,-0.134610636,0.065196718,-0.400713521,0.012801376,-0.0786801
1.0980122,-0.064278433,-0.035479269,1.342964699,-0.327366607,-0.133848676,0.063052191,-0.396834708,0.012380298,-0.077918495
1.096961833,-0.064099152,-0.035505666,1.341911676,-0.326453535,-0.133948263,0.063332476,-0.396201921,0.012435332,-0.077794247
1.095964333,-0.063699911,-0.035250761,1.34090826,-0.324420224,-0.13298661,0.060625915,-0.391462049,0.011903898,-0.076863573
1.0950128,-0.063275607,-0.035364558,1.339950439,-0.322259265,-0.133415922,0.061834208,-0.390509383,0.012141147,-0.076676517
1.0940066,-0.063027126,-0.035189745,1.338940557,-0.320993766,-0.132756424,0.05997806,-0.387387736,0.011776692,-0.076063582
1.0930078,-0.062486292,-0.035133306,1.337933743,-0.318239329,-0.1325435,0.059378789,-0.384034028,0.011659025,-0.075405081
1.0919817,-0.061907415,-0.03494563,1.336899065,-0.31529114,-0.131835477,0.057386066,-0.379093116,0.011267754,-0.074434933
1.090968833,-0.061773417,-0.034997237,1.335884212,-0.314608694,-0.132030171,0.057934028,-0.378958631,0.011375346,-0.074408527
1.0899685,-0.061333248,-0.035016551,1.334877357,-0.312366935,-0.132103034,0.058139102,-0.376921947,0.011415613,-0.074008624
1.088974467,-0.061156441,-0.035128764,1.333880703,-0.311466466,-0.132526365,0.059330562,-0.377212938,0.011649556,-0.07406576
1.0880227,-0.060627392,-0.034961088,1.332921097,-0.30877205,-0.131893795,0.057550201,-0.372738161,0.011299982,-0.073187138
1.086967633,-0.060229799,-0.034852256,1.331860139,-0.30674713,-0.131483214,0.056394626,-0.369557666,0.011073085,-0.072562648
1.085910733,-0.059605284,-0.034628084,1.330793984,-0.30356651,-0.130637507,0.054014393,-0.363996813,0.010605726,-0.071470774
1.0849873,-0.059289213,-0.034653896,1.329865867,-0.301956778,-0.130734884,0.054288458,-0.362661146,0.010659539,-0.071208516
1.0839513,-0.059052791,-0.034589142,1.328826364,-0.300752693,-0.130490595,0.05360091,-0.360769513,0.010524539,-0.070837094
1.082928733,-0.058654126,-0.034542457,1.32779789,-0.298722312,-0.130314473,0.053105217,-0.358243439,0.010427209,-0.070341099
1.082013067,-0.058203844,-0.034660879,1.326875551,-0.296429048,-0.130761229,0.054362607,-0.357207565,0.010674098,-0.070137705
1.080962333,-0.057953262,-0.034601204,1.325821104,-0.29515285,-0.130536101,0.053728987,-0.355297746,0.010549687,-0.069762712
1.0798921,-0.057347731,-0.034373169,1.324741898,-0.292068913,-0.129675816,0.051307726,-0.349792548,0.010074272,-0.068681767
1.078976933,-0.056900751,-0.034655943,1.323820108,-0.289792466,-0.130742608,0.054310197,-0.350518572,0.010663807,-0.068824322
1.0780017,-0.056758329,-0.034341458,1.322842764,-0.289067122,-0.129556184,0.050971021,-0.346454052,0.01000816,-0.068026253
1.0769499,-0.056370813,-0.034176895,1.321785222,-0.287093523,-0.128935358,0.049223714,-0.342733147,0.009665076,-0.067295653
1.075993867,-0.055774016,-0.034023255,1.320820345,-0.284054065,-0.128355735,0.047592372,-0.338062346,0.009344762,-0.066378542
1.075017167,-0.055578346,-0.032935543,1.319840745,-0.28305753,-0.124252248,0.036043155,-0.325516594,0.007077073,-0.063915183
1.073926667,-0.055263533,-0.034117208,1.31874558,-0.281454204,-0.128710183,0.048589963,-0.336460077,0.009540639,-0.066063936
1.072943367,-0.054666976,-0.03415563,1.31775344,-0.278415973,-0.128855131,0.048997917,-0.3338298,0.009620741,-0.065547481
1.071975733,-0.05453826,-0.033923161,1.316783899,-0.277760426,-0.127978123,0.046529586,-0.330705922,0.009136084,-0.064934108
1.070962633,-0.054163862,-0.033920096,1.315765251,-0.275853637,-0.127966561,0.046497046,-0.328766593,0.009129695,-0.064553321
1.069986267,-0.053860184,-0.03383906,1.314784385,-0.274307023,-0.127660843,0.045636606,-0.326359539,0.008960748,-0.064080696
1.0689448,-0.053459441,-0.034124057,1.31373698,-0.272266061,-0.128736021,0.048662681,-0.327344652,0.009554917,-0.064274122
1.0679717,-0.053190578,-0.033948134,1.312759896,-0.270896756,-0.128072336,0.046794747,-0.324107413,0.009188149,-0.063638491
1.0669615,-0.052628885,-0.033752709,1.311741372,-0.268036082,-0.127335079,0.044719747,-0.319171738,0.008780722,-0.062669371
1.065934867,-0.052359618,-0.033816799,1.310710749,-0.266664723,-0.127576861,0.045400241,-0.318480874,0.008914337,-0.06253372
1.065037733,-0.052187386,-0.033776806,1.309811063,-0.265787551,-0.127425986,0.044975603,-0.317179064,0.00883096,-0.062278109
1.064040867,-0.051880116,-0.03357238,1.308809644,-0.264222643,-0.126654769,0.042805023,-0.313443576,0.008404766,-0.061544646
1.0629298,-0.051566006,-0.033606396,1.307693922,-0.2626229,-0.126783099,0.043166205,-0.312205015,0.008475684,-0.061301455
1.061973633,-0.05128853,-0.033615293,1.306733644,-0.261209728,-0.126816664,0.043260673,-0.31088631,0.008494233,-0.061042527
1.060998433,-0.050844169,-0.033574957,1.305751859,-0.258946619,-0.126664492,0.042832389,-0.308194918,0.00841014,-0.060514072
1.059935033,-0.050402984,-0.033531518,1.304681922,-0.256699691,-0.126500615,0.042371158,-0.305486758,0.008319577,-0.059982325
1.059012033,-0.050340569,-0.033343188,1.303757997,-0.256381813,-0.125790125,0.040371491,-0.303169214,0.007926942,-0.059527275
1.058052267,-0.049986795,-0.02084455,1.302792988,-0.254580059,-0.078637906,0.092337881,-0.35333385,0.018130543,-0.069377101
1.0569582,-0.049696896,-0.031466677,1.301694625,-0.253103621,-0.11871082,0.02044687,-0.279966401,0.004014743,-0.054971403
1.0559481,-0.049379819,-0.032529838,1.300679827,-0.251488767,-0.12272169,0.031735417,-0.289640093,0.006231249,-0.056870832
1.055000267,-0.049225088,-0.033198564,1.2997297,-0.250700728,-0.125244515,0.03883588,-0.295952518,0.007625425,-0.058110277
1.0539455,-0.048667597,-0.032903962,1.298666673,-0.247861457,-0.124133106,0.035707831,-0.289985197,0.007011233,-0.056938593
1.0529924,-0.048499741,-0.03283312,1.297711085,-0.247006573,-0.123865848,0.034955637,-0.28837812,0.006863539,-0.056623044
1.051985533,-0.048356118,-0.032892686,1.29670209,-0.246275112,-0.124090565,0.0355881,-0.288279122,0.006987723,-0.056603606
1.0509436,-0.048217891,-0.032839688,1.295658109,-0.24557113,-0.123890625,0.035025372,-0.287012411,0.006877232,-0.056354887
1.049903767,-0.047822356,-0.032714674,1.294612414,-0.243556691,-0.123418999,0.033697985,-0.283670586,0.006616599,-0.05569872
1.0489469,-0.047681195,-0.032950992,1.293653456,-0.242837764,-0.124310528,0.036207184,-0.285460858,0.007109281,-0.056050239
1.048018067,-0.047198833,-0.032894636,1.292717475,-0.240381122,-0.124097923,0.035608808,-0.28240584,0.006991789,-0.055450387
1.0470282,-0.046964867,-0.032775202,1.291724141,-0.239189542,-0.123647346,0.034340666,-0.279946118,0.00674279,-0.05496742
1.045938533,-0.046941449,-0.032689922,1.290634127,-0.239070279,-0.123325621,0.033435174,-0.278921363,0.006564996,-0.05476621
1.044937767,-0.046582932,-0.032583397,1.289628048,-0.237244371,-0.122923746,0.032304102,-0.275964383,0.00634291,-0.054185607
1.0439908,-0.046405049,-0.03248981,1.288678445,-0.236338419,-0.122570681,0.031310404,-0.274064733,0.006147798,-0.05381261
1.042930967,-0.046223538,-0.032297379,1.287615922,-0.235413994,-0.121844716,0.029267186,-0.271097089,0.005746612,-0.053229913
1.0419811,-0.045925447,-0.032290225,1.286661639,-0.233895836,-0.121817727,0.029191225,-0.269502971,0.005731697,-0.052916908
1.0410744,-0.04549174,-0.032500986,1.285748512,-0.231686989,-0.122612841,0.031429062,-0.269531961,0.006171096,-0.052922601
1.039907433,-0.045486245,-0.03214401,1.284581464,-0.231659003,-0.12126612,0.027638732,-0.265713645,0.005426865,-0.052172874
1.0389182,-0.045297194,-0.03237219,1.283589429,-0.230696177,-0.122126948,0.030061522,-0.267173609,0.00590258,-0.052459538
1.038012833,-0.045287614,-0.032263825,1.28268392,-0.230647385,-0.121718132,0.028910916,-0.265974211,0.005676658,-0.052224036
1.036962967,-0.044930415,-0.032276552,1.281628761,-0.228828188,-0.121766144,0.029046043,-0.264290141,0.005703191,-0.051893369
1.035948733,-0.044801455,-0.0322774,1.280612616,-0.228171403,-0.121769344,0.029055051,-0.263642363,0.005704959,-0.051766178
1.035038867,-0.044350147,-0.032136954,1.279696062,-0.225872917,-0.121239499,0.027563808,-0.259852635,0.005412154,-0.051022065
1.033931433,-0.044212822,-0.032258362,1.278586594,-0.225173527,-0.121697523,0.02885291,-0.260442347,0.005665269,-0.051137855
1.032879533,-0.044212305,-0.032042331,1.277534686,-0.225170894,-0.120882525,0.02655911,-0.258145914,0.005214881,-0.05068695
1.031980833,-0.043981056,-0.031998313,1.276632559,-0.223993157,-0.120716465,0.026091735,-0.256500801,0.005123112,-0.050363932
1.030983233,-0.04376406,-0.031972435,1.275631744,-0.222888006,-0.120618838,0.025816964,-0.25512088,0.005069161,-0.050092985
1.029974367,-0.043724706,-0.032064456,1.274622294,-0.222687578,-0.120965994,0.026794031,-0.255897519,0.005261008,-0.050245478
1.02899,-0.043439097,-0.031944774,1.273633695,-0.221232985,-0.120514483,0.025523259,-0.253172154,0.005011492,-0.049710352
1.0279412,-0.043090118,-0.031947951,1.272579724,-0.219455654,-0.12052647,0.025556996,-0.251428559,0.005018116,-0.049367998
1.0269033,-0.043192851,-0.031502303,1.271543346,-0.219978871,-0.118845221,0.02082514,-0.247219921,0.004089016,-0.048541631
1.0259785,-0.042886031,-0.031795014,1.270614,-0.218416253,-0.119949501,0.023933125,-0.248765288,0.004699269,-0.048845064
1.024923033,-0.044100376,-0.031816717,1.269576527,-0.224600847,-0.120031378,0.024163565,-0.255180322,0.004744516,-0.050104656
1.023947467,-0.042884702,-0.031824333,1.268582946,-0.218409485,-0.120060109,0.024244428,-0.249069822,0.004760393,-0.04890486
1.0229198,-0.0426215,-0.031857271,1.26755138,-0.217069008,-0.120184371,0.024594164,-0.248079081,0.004829064,-0.048710328
1.0218738,-0.042180402,-0.031569258,1.266498843,-0.214822519,-0.119097816,0.021536065,-0.242774494,0.004228606,-0.047668772
1.0209056,-0.042138199,-0.031720733,1.265530018,-0.214607582,-0.119669268,0.023144413,-0.244167904,0.004544405,-0.047942368
1.0198777,-0.042145878,-0.031622796,1.264502232,-0.21464669,-0.119299794,0.02210453,-0.24316713,0.004340225,-0.047745866
1.018884767,-0.041923831,-0.031252424,1.263506008,-0.213515817,-0.117902531,0.018171952,-0.238103678,0.003568063,-0.046751657
1.018007333,-0.041799312,-0.031223098,1.262626729,-0.21288165,-0.117791896,0.017860571,-0.237158131,0.003506923,-0.046565999
1.0169051,-0.041746434,-0.03121123,1.261523713,-0.212612345,-0.117747122,0.017734554,-0.236762809,0.00348218,-0.046488378
1.015846167,-0.041386825,-0.031376078,1.26045945,-0.210780878,-0.118369027,0.019484898,-0.236681686,0.00382586,-0.046472449
1.014913933,-0.041255814,-0.03145633,1.259525276,-0.210113646,-0.118671784,0.020337003,-0.236866558,0.003993171,-0.046508749
1.013936833,-0.041386896,-0.03110868,1.258550118,-0.210781239,-0.117360246,0.016645695,-0.233842844,0.003268382,-0.045915042
1.012885267,-0.041177177,-0.031211799,1.257495444,-0.209713152,-0.117749269,0.017740596,-0.233869657,0.003483366,-0.045920307
1.0119456,-0.041061331,-0.027700914,1.25655406,-0.209123151,-0.104504147,0.019537644,-0.235076705,0.003836216,-0.046157311
1.010943067,-0.04099062,-0.030728396,1.255550479,-0.208763024,-0.115925588,0.012607868,-0.227786801,0.002475555,-0.044725938
1.009818367,-0.040763101,-0.031008672,1.254422408,-0.207604285,-0.116982955,0.015583816,-0.22960401,0.003059882,-0.045082747
1.0089153,-0.040450888,-0.031084565,1.253514715,-0.206014201,-0.117269267,0.016389637,-0.228819748,0.003218105,-0.044928757
1.007929967,-0.040549268,-0.03098929,1.252530839,-0.206515243,-0.116909834,0.015378016,-0.228309169,0.003019473,-0.044828505
1.006924933,-0.040458946,-0.030765396,1.251524467,-0.20605524,-0.116065175,0.013000734,-0.225471884,0.002552694,-0.044271404
1.005939467,-0.040335788,-0.030751909,1.250537176,-0.205428003,-0.116014296,0.012857534,-0.224701446,0.002524577,-0.044120129
1.004916033,-0.040183582,-0.030813575,1.249511487,-0.204652822,-0.116246934,0.013512291,-0.224581023,0.002653138,-0.044096484
1.0038772,-0.040166974,-0.031002579,1.248472408,-0.204568242,-0.116959969,0.015519121,-0.226503273,0.003047179,-0.044473918
1.002899433,-0.039852178,-0.030641431,1.247489976,-0.202965003,-0.115597506,0.011684485,-0.221065398,0.002294249,-0.043406191
1.001929367,-0.0397826,-0.030727503,1.246518878,-0.202610644,-0.115922222,0.012598393,-0.221624947,0.002473695,-0.043516058
1.000946967,-0.039855226,-0.030701322,1.245537555,-0.202980523,-0.115823449,0.012320399,-0.221716831,0.00241911,-0.0435341
0.999939283,-0.039793786,-0.030589579,1.244528961,-0.202667612,-0.115401889,0.011133922,-0.220217444,0.002186146,-0.043239695
0.998876707,-0.03964386,-0.030675864,1.243464163,-0.201904049,-0.115727408,0.012050092,-0.22037005,0.002366036,-0.043269659
0.997878117,-0.039766218,-0.030077216,1.242467386,-0.202527213,-0.113468957,0.005693707,-0.21463683,0.001117959,-0.042143942
0.996921933,-0.039251817,-0.029225488,1.24150358,-0.199907393,-0.110255736,0.003349864,-0.209673167,0.000657746,-0.041169326
0.99590206,-0.039125801,-0.030507291,1.240481839,-0.199265604,-0.115091451,0.010260199,-0.215941713,0.00201459,-0.042400155
0.994956117,-0.03926439,-0.030362272,1.239537949,-0.199971427,-0.114544353,0.008720398,-0.215107734,0.00171225,-0.042236404
0.99394228,-0.039104531,-0.030290269,1.238521744,-0.199157277,-0.114272717,0.00795588,-0.213529067,0.001562137,-0.041926432
0.99284955,-0.039014656,-0.030324317,1.237427682,-0.198699547,-0.114401164,0.008317395,-0.213432852,0.001633121,-0.04190754
0.991870207,-0.039013977,-0.030318926,1.236448329,-0.198696087,-0.114380828,0.008260158,-0.213372154,0.001621882,-0.041895622
0.99094961,-0.03886051,-0.030241318,1.235525458,-0.197914489,-0.114088045,0.007436123,-0.211766522,0.001460083,-0.041580357
0.989910407,-0.038548518,-0.030057069,1.234481631,-0.196325531,-0.113392949,0.005479785,-0.208221225,0.001075956,-0.040884238
0.98893718,-0.038576209,-0.030003556,1.233508815,-0.196466561,-0.113191067,0.004911589,-0.20779406,0.00096439,-0.040800364
0.987953723,-0.038619577,-0.029850855,1.232526001,-0.196687431,-0.11261499,0.003290227,-0.206393567,0.000646036,-0.040525377
0.986864327,-0.038614331,-0.029992145,1.231436527,-0.196660715,-0.113148016,0.004790424,-0.207867048,0.0009406,-0.040814695
0.98587771,-0.038560381,-0.029698484,1.230449111,-0.196385947,-0.112040157,0.001672366,-0.204474223,0.000328369,-0.040148514
0.984945297,-0.038324731,-0.0294259,1.229513205,-0.195185797,-0.111011808,0.001221909,-0.202823616,0.000239922,-0.039824417
0.983939867,-0.038070614,-0.028790779,1.22850401,-0.193891593,-0.108615759,0.00796556,-0.208273063,0.001564038,-0.040894416
0.98294304,-0.038076051,-0.029709866,1.227507264,-0.19391928,-0.112083096,0.001793219,-0.202128409,0.000352099,-0.039687913
0.98195038,-0.03818171,-0.029952604,1.226516169,-0.194457396,-0.112998844,0.004370581,-0.205243887,0.000858164,-0.040299637
0.980887137,-0.038006175,-0.029861656,1.225450325,-0.193563409,-0.112655737,0.003404911,-0.20338423,0.000668554,-0.039934494
0.97988818,-0.037943904,-0.030108083,1.224450445,-0.193246263,-0.113585403,0.006021443,-0.205683615,0.00118231,-0.040385978
0.978939353,-0.037974635,-0.029723699,1.223502074,-0.193402774,-0.112135283,0.001940097,-0.20175878,0.000380938,-0.039615337
0.97797988,-0.03778663,-0.029657569,1.222539815,-0.192445278,-0.111885799,0.001237928,-0.200099115,0.000243067,-0.039289461
0.976960043,-0.037493357,-0.029664258,1.221515632,-0.190951651,-0.111911035,0.001308954,-0.198676515,0.000257013,-0.039010134
0.97588271,-0.037639116,-0.029508206,1.220440459,-0.191693997,-0.111322315,0.000347991,-0.198457898,6.83281E-05,-0.038967208
0.97488443,-0.037580525,-0.029389917,1.219441311,-0.191395595,-0.110876059,0.001603973,-0.199415477,0.00031494,-0.039155229
0.973938167,-0.037459553,-0.029533502,1.218493255,-0.190779492,-0.111417745,7.94042E-05,-0.197274806,1.5591E-05,-0.038734908
0.97294303,-0.037398819,-0.029496062,1.217497218,-0.190470176,-0.111276499,0.000476939,-0.197363024,9.36469E-05,-0.03875223
0.971936643,-0.0374369,-0.029412492,1.216491396,-0.190664122,-0.110961225,0.001364274,-0.198444305,0.000267875,-0.038964539
0.97101887,-0.037097619,-0.029296589,1.215568595,-0.188936182,-0.110523971,0.002594921,-0.197947012,0.000509513,-0.038866896
0.969926833,-0.037083805,-0.029413136,1.214476354,-0.188865825,-0.110963656,0.001357432,-0.196639166,0.000266532,-0.0386101
0.968846657,-0.037219511,-0.02928062,1.213398188,-0.18955697,-0.110463727,0.002764478,-0.198737357,0.000542805,-0.03902208
0.967964077,-0.037092916,-0.02932315,1.212513732,-0.188912226,-0.110624176,0.002312895,-0.197641031,0.000454137,-0.038806816
0.966925187,-0.037034697,-0.028977015,1.211473979,-0.18861572,-0.109318351,0.005988124,-0.201019754,0.001175768,-0.039470229
0.965855577,-0.0370592,-0.029040292,1.210404732,-0.188740516,-0.109557069,0.005316255,-0.20047268,0.001043847,-0.039362811
0.96492688,-0.036852147,-0.029039409,1.209472967,-0.187686006,-0.109553737,0.005325634,-0.19942755,0.001045688,-0.039157599
0.963928683,-0.036657762,-0.029004032,1.20847189,-0.186696011,-0.109420273,0.005701267,-0.198813187,0.001119444,-0.039036969
0.96287034,-0.03681443,-0.029098753,1.207415868,-0.187493914,-0.109777617,0.004695525,-0.198605348,0.000921966,-0.03899616
0.961937787,-0.036741148,-0.028849456,1.206482229,-0.187120691,-0.108837124,0.007342533,-0.200879134,0.001441706,-0.039442618
0.96093786,-0.036847087,-0.028883907,1.205483872,-0.187660236,-0.108967092,0.006976739,-0.201052885,0.001369883,-0.039476734
0.959938763,-0.03665493,-0.028888001,1.204481928,-0.186681591,-0.108982537,0.00693327,-0.20003077,0.001361348,-0.039276042
0.958938043,-0.03659582,-0.028838026,1.203480332,-0.186380547,-0.108794003,0.007463896,-0.200260352,0.001465536,-0.03932112
0.95787829,-0.036324746,-0.028810928,1.202416562,-0.184999978,-0.108691772,0.007751624,-0.199167511,0.001522031,-0.039106541
0.95696813,-0.036386012,-0.028893278,1.20150731,-0.185312002,-0.109002443,0.006877243,-0.198605155,0.001350347,-0.038996122
0.95661396,-0.041280296,-0.03396203,1.201225665,-0.21023833,-0.128124759,0.046942294,-0.263596533,0.009217119,-0.051757179
