Edisk/V,Idisk/mA,Iring/mA,E-iR vs RHE,jdisk mAcm-2,jring mAcm-2,jCER,jOER,I cer,I OER
0.960329613,-0.005507662,-0.04122185,1.204411228,-0.028050228,-0.155513073,0.103018462,-0.172652526,0.020227675,-0.033900323
0.961493413,0.001351564,-0.037863937,1.205473385,0.006883443,-0.14284505,0.067788245,-0.102488639,0.013310222,-0.020123644
0.962489207,0.00438053,-0.035311969,1.206424295,0.022309801,-0.133217524,0.041013759,-0.060287794,0.008053052,-0.011837508
0.963478643,0.00610041,-0.033052244,1.207388245,0.031069061,-0.124692513,0.017305405,-0.027820181,0.003397916,-0.005462493
0.964466653,0.007217152,-0.032629219,1.208359707,0.036756565,-0.123096613,0.012867154,-0.017694426,0.002526466,-0.0034743
0.965479753,0.008164986,-0.031402807,1.209358762,0.041583836,-0.118469863,0,0,0,0
0.96645538,0.00903429,-0.030421459,1.210321507,0.046011151,-0.114767644,0.010296002,-0.005868687,0.00202162,-0.001152317
0.967473803,0.009690326,-0.02968147,1.211330209,0.049352308,-0.111975969,0.018059748,-0.010291277,0.003546032,-0.002020692
0.968484463,0.010248178,-0.029120244,1.212332602,0.052193418,-0.109858694,0.023947963,-0.013338382,0.004702183,-0.002618991
0.96946726,0.010631331,-0.028494994,1.213309721,0.054144799,-0.107499882,0.030507902,-0.017946939,0.005990227,-0.003523882
0.970457497,0.010976373,-0.027983041,1.214294845,0.055902079,-0.105568496,0.035879152,-0.02156091,0.007044872,-0.004233485
0.971479617,0.011303966,-0.027637218,1.215312111,0.057570489,-0.104263846,0.039507431,-0.023520778,0.007757284,-0.004618305
0.97247076,0.011627776,-0.027348906,1.216298456,0.059219639,-0.103176164,0.042532314,-0.024896511,0.00835122,-0.00488843
0.973468383,0.011991016,-0.026996032,1.217290696,0.061069598,-0.101844915,0.046234562,-0.0267488,0.009078156,-0.005252127
0.97448041,0.012187837,-0.026568434,1.218299807,0.062071999,-0.100231766,0.050720785,-0.030232622,0.009959026,-0.005936175
0.97549631,0.01243505,-0.02641466,1.219312043,0.06333104,-0.099651639,0.052334139,-0.030586936,0.010275808,-0.006005745
0.976489663,0.012671978,-0.026185231,1.220301886,0.064537704,-0.098786098,0.054741239,-0.031787371,0.010748442,-0.00624145
0.977498173,0.01281284,-0.025997899,1.221308308,0.065255106,-0.098079371,0.05670667,-0.033035401,0.011134355,-0.006486501
0.978467347,0.012896947,-0.025664906,1.222276235,0.065683459,-0.096823125,0.060200337,-0.036100714,0.011820336,-0.007088375
0.979485847,0.013248259,-0.025651578,1.22328953,0.067472672,-0.096772844,0.06034017,-0.034451334,0.011847792,-0.006764519
0.98046857,0.013363617,-0.025407711,1.224270543,0.068060185,-0.095852836,0.062898742,-0.036422393,0.012350168,-0.007151537
0.981466473,0.013625813,-0.025213664,1.225264561,0.069395532,-0.095120774,0.064934632,-0.037122937,0.012749915,-0.007289089
0.98248482,0.013682072,-0.025037002,1.226282074,0.069682056,-0.094454304,0.06678811,-0.03868989,0.013113845,-0.00759676
0.983461897,0.013833837,-0.02488137,1.227256902,0.070454989,-0.093867168,0.068420954,-0.039549802,0.013434454,-0.007765604
0.984473667,0.013893027,-0.024650496,1.228267795,0.070756441,-0.092996176,0.070843215,-0.04167061,0.013910065,-0.008182024
0.985440077,0.014067663,-0.024700325,1.229231617,0.071645851,-0.093184158,0.070320431,-0.040258417,0.013807417,-0.00790474
0.986489297,0.014324356,-0.024457516,1.230277034,0.072953176,-0.092268139,0.07286791,-0.04149857,0.014307614,-0.008148244
0.987473747,0.014500118,-0.024262201,1.231258879,0.073848322,-0.091531299,0.074917088,-0.042652602,0.01470997,-0.008374838
0.988468427,0.014513649,-0.024296596,1.232253359,0.073917235,-0.091661057,0.074556227,-0.042222829,0.014639115,-0.008290452
0.98948296,0.014647284,-0.02415078,1.233265912,0.074597831,-0.091110951,0.076086091,-0.043072096,0.014939504,-0.008457206
0.990462107,0.014695899,-0.024107245,1.234244338,0.074845424,-0.090946711,0.076542848,-0.04328126,0.015029188,-0.008498275
0.991455853,0.014758065,-0.024067148,1.235237163,0.075162032,-0.090795443,0.076963529,-0.043385334,0.015111789,-0.00851871
0.992437817,0.014974276,-0.023811124,1.236215923,0.076263183,-0.08982957,0.079649656,-0.04497031,0.01563921,-0.00882992
0.99349338,0.015131314,-0.023591561,1.237269159,0.077062967,-0.089001248,0.08195325,-0.046474119,0.016091521,-0.009125193
0.99444719,0.015249162,-0.023767912,1.238221223,0.077663164,-0.089666548,0.080103026,-0.044023698,0.015728229,-0.008644053
0.99545282,0.015287646,-0.023604429,1.239226283,0.077859158,-0.089049796,0.081818236,-0.045542914,0.016065011,-0.008942351
0.996498703,0.015393732,-0.0235904,1.240270594,0.07839945,-0.088996867,0.081965433,-0.045149819,0.016093913,-0.008865167
0.997504747,0.015397854,-0.023544672,1.241276576,0.078420443,-0.088824357,0.08244519,-0.045608584,0.016188113,-0.008955245
0.99849671,0.015658588,-0.023400941,1.242264676,0.079748347,-0.088282118,0.083953176,-0.045788665,0.016484206,-0.008990604
0.999521887,0.015765801,-0.023512609,1.243288264,0.080294376,-0.088703394,0.082781592,-0.044071053,0.016254166,-0.008653351
1.00045222,0.015929598,-0.023477068,1.24421617,0.081128587,-0.088569314,0.083154472,-0.043609722,0.016327381,-0.008562769
1.0014801,0.015877481,-0.023424857,1.245244822,0.080863156,-0.088372344,0.083702253,-0.044422933,0.016434937,-0.008722443
1.0024364,0.015991451,-0.023384677,1.246199433,0.081443601,-0.088220759,0.084123816,-0.044264052,0.016517711,-0.008691247
1.003474167,0.016031373,-0.023101749,1.247236608,0.081646921,-0.08715339,0.087092206,-0.047029121,0.017100555,-0.009234168
1.004457633,0.016102354,-0.023222619,1.248219023,0.082008422,-0.087609381,0.085824079,-0.045399494,0.016851558,-0.008914191
1.0054417,0.01639179,-0.023239997,1.249198801,0.083482504,-0.087674943,0.08564175,-0.043743083,0.016815758,-0.008588954
1.006469333,0.016482148,-0.0231594,1.250225095,0.083942692,-0.087370882,0.086487355,-0.044128499,0.016981792,-0.008664631
1.007492667,0.016473559,-0.023095428,1.251248556,0.083898949,-0.087129541,0.087158531,-0.044843418,0.017113578,-0.008805005
1.008450333,0.016611288,-0.022956724,1.252204182,0.084600397,-0.086606271,0.088613763,-0.045597202,0.017399312,-0.008953011
1.0094736,0.016659599,-0.022821919,1.253226733,0.084846441,-0.086097705,0.090028105,-0.046765501,0.017677018,-0.009182406
1.010494167,0.016698234,-0.022889195,1.254246727,0.085043207,-0.086351512,0.089322257,-0.045862886,0.017538425,-0.009005178
1.011443633,0.01695432,-0.022851462,1.255192399,0.086347441,-0.086209161,0.089718142,-0.044954537,0.017616157,-0.008826823
1.012441167,0.016996311,-0.022634217,1.25618931,0.086561299,-0.085389584,0.091997412,-0.04701995,0.018063692,-0.009232367
1.0134999,0.017325385,-0.022544111,1.257243167,0.088237257,-0.085049649,0.092942784,-0.046289363,0.018249316,-0.009088917
1.014470733,0.017279852,-0.022754346,1.258214675,0.088005358,-0.085842781,0.090737057,-0.044315535,0.017816221,-0.008701355
1.0155083,0.017303309,-0.022720093,1.259251894,0.088124821,-0.085713557,0.091096432,-0.044555447,0.017886784,-0.008748462
1.016495733,0.017341175,-0.022658755,1.260238766,0.088317673,-0.085482155,0.091739971,-0.045006135,0.018013143,-0.008836955
1.0174457,0.017472058,-0.022623333,1.261186793,0.088984253,-0.085348521,0.09211161,-0.044711194,0.018086115,-0.008779043
1.0185199,0.017688771,-0.02266247,1.262257782,0.090087959,-0.08549617,0.091700994,-0.043196872,0.01800549,-0.008481706
1.019471733,0.017813644,-0.022639084,1.263207765,0.090723933,-0.085407944,0.091946352,-0.042806255,0.018053666,-0.008405008
1.020507867,0.017827202,-0.022630931,1.264243697,0.09079298,-0.085377186,0.092031891,-0.042822747,0.018070462,-0.008408246
1.021513533,0.017997089,-0.022384922,1.265246846,0.091658207,-0.084449096,0.094612944,-0.044538573,0.018577252,-0.008745149
1.022475133,0.018002628,-0.022403352,1.266208364,0.091686417,-0.084518627,0.094419576,-0.044316995,0.018539284,-0.008701642
1.023496133,0.018081384,-0.022477858,1.267228197,0.092087519,-0.084799705,0.093637886,-0.043134204,0.018385799,-0.008469401
1.0244791,0.018687553,-0.022390904,1.268202182,0.095174702,-0.084471665,0.094550178,-0.040959313,0.018564927,-0.008042361
1.025491467,0.018580202,-0.022347132,1.269216139,0.094627972,-0.084306531,0.095009422,-0.041965287,0.0186551,-0.008239884
1.0265223,0.019148364,-0.022379741,1.270238553,0.097521587,-0.08442955,0.094667302,-0.038729551,0.018587925,-0.007604547
1.0275413,0.018738236,-0.022335685,1.271263631,0.095432831,-0.084263347,0.095129518,-0.041280524,0.018678681,-0.008105431
1.028521633,0.018735188,-0.022093765,1.272244009,0.095417306,-0.083350681,0.097667672,-0.043834203,0.019177047,-0.008606846
1.029541733,0.018816625,-0.022013318,1.273262902,0.09583206,-0.083047186,0.098511703,-0.044263479,0.019342773,-0.008691134
1.030514233,0.019059936,-0.022284402,1.274231797,0.09707123,-0.084069876,0.095667567,-0.040180173,0.018784327,-0.007889377
1.031527467,0.019128312,-0.022071019,1.275244017,0.097419465,-0.083264871,0.097906314,-0.042070685,0.019223905,-0.008260579
1.032573567,0.019293909,-0.022149177,1.276287663,0.098262842,-0.083559729,0.097086303,-0.040407298,0.019062896,-0.007933973
1.033519933,0.019336536,-0.022166778,1.277233398,0.098479939,-0.083626127,0.096901647,-0.040005545,0.019026638,-0.007855089
1.034533333,0.01946602,-0.021918451,1.278244879,0.099139392,-0.082689294,0.099507015,-0.041951459,0.019538202,-0.008237169
1.035542267,0.019529383,-0.022039209,1.279252874,0.099462097,-0.083144863,0.09824006,-0.0403618,0.019289436,-0.007925039
1.036487167,0.019607992,-0.022070549,1.280196609,0.099862451,-0.083263097,0.097911249,-0.039632634,0.019224874,-0.007781868
1.0375276,0.019939908,-0.021983661,1.281232124,0.101552882,-0.082935304,0.098822851,-0.038853806,0.019403867,-0.007628945
1.038579067,0.020050212,-0.022035572,1.282281956,0.102114654,-0.083131142,0.098278218,-0.0377474,0.019296928,-0.007411702
1.0395446,0.020120198,-0.02189723,1.283246452,0.102471087,-0.082609235,0.099729662,-0.038842411,0.019581919,-0.007626707
1.040514867,0.020230233,-0.021830406,1.284215088,0.103031491,-0.082357135,0.100430759,-0.038983104,0.01971958,-0.007654333
1.041533633,0.020282095,-0.021887611,1.285233086,0.103295618,-0.082572949,0.099830575,-0.038118793,0.019601733,-0.007484625
1.042512,0.02034164,-0.021927145,1.286210571,0.10359888,-0.082722094,0.099415797,-0.037400754,0.019520292,-0.007343638
1.043516733,0.020651805,-0.021888292,1.287210708,0.105178535,-0.082575517,0.099823433,-0.036228734,0.019600331,-0.007113512
1.044536567,0.020745981,-0.021984024,1.288229146,0.105658168,-0.082936672,0.098819047,-0.034744715,0.01940312,-0.006822125
1.045522767,0.02093755,-0.02191301,1.289212507,0.106633815,-0.082668767,0.0995641,-0.034514121,0.019549411,-0.006776848
1.0465235,0.020986393,-0.021893924,1.290212517,0.106882574,-0.082596764,0.099764343,-0.034465606,0.019588729,-0.006767322
1.0475087,0.02109644,-0.021863998,1.291196086,0.107443037,-0.082483864,0.100078323,-0.034219122,0.019650379,-0.006718925
1.0485536,0.021162865,-0.021752602,1.292240002,0.107781334,-0.082063614,0.101247051,-0.035049553,0.019879859,-0.00688198
1.049566367,0.021326743,-0.021735249,1.29325034,0.108615956,-0.081998146,0.101429121,-0.034397001,0.019915608,-0.006753851
1.050533167,0.021610084,-0.021634806,1.294212941,0.110058998,-0.081619217,0.102482935,-0.034007773,0.020122524,-0.006677426
1.0515615,0.02178775,-0.021781096,1.295238642,0.110963842,-0.082171109,0.100948105,-0.0315681,0.01982116,-0.006198396
1.0525327,0.021839894,-0.021742601,1.296209069,0.111229405,-0.082025883,0.101351983,-0.031706415,0.019900462,-0.006225555
1.053553,0.022007576,-0.021761777,1.297226884,0.112083402,-0.082098229,0.101150787,-0.030651222,0.019860957,-0.006018367
1.054571467,0.021994428,-0.02178595,1.298245546,0.11201644,-0.082189422,0.100897174,-0.030464571,0.01981116,-0.005981718
1.055516067,0.022129475,-0.021638708,1.299188145,0.112704229,-0.081633939,0.102441992,-0.031321599,0.020114485,-0.006149996
1.056535167,0.022459272,-0.021751625,1.300202358,0.114383867,-0.082059926,0.101257309,-0.028457278,0.019881873,-0.005587587
1.0575238,0.02250313,-0.021601926,1.301190341,0.11460723,-0.081495176,0.102827896,-0.029804502,0.020190257,-0.005852114
1.058523033,0.022712961,-0.021506893,1.302186465,0.115675892,-0.081136655,0.103824956,-0.029732901,0.02038603,-0.005838055
1.059495567,0.022854769,-0.021708075,1.303156897,0.116398111,-0.081895632,0.101714214,-0.02689994,0.019971586,-0.005281803
1.0605636,0.022947597,-0.021467157,1.304223555,0.11687088,-0.080986746,0.104241858,-0.028954814,0.020467889,-0.005685278
1.061539967,0.023008997,-0.021537813,1.305199012,0.117183585,-0.081253304,0.103500551,-0.027900802,0.020322333,-0.005478322
1.062525433,0.023305293,-0.021420112,1.306180088,0.118692605,-0.080809265,0.104735441,-0.027626672,0.020564804,-0.005424497
1.063591867,0.023487529,-0.021456092,1.307243821,0.119620725,-0.080945004,0.104357946,-0.026321058,0.020490683,-0.00516814
1.0645266,0.023782831,-0.021539414,1.308174178,0.12112468,-0.081259341,0.103483762,-0.023942918,0.020319037,-0.004701192
1.065556933,0.023765853,-0.021416603,1.309204763,0.121038214,-0.080796027,0.104772254,-0.025317877,0.020572032,-0.004971165
1.0665459,0.023949803,-0.021162076,1.310191004,0.121975062,-0.079835803,0.107442672,-0.027051447,0.021096369,-0.005311552
1.067524833,0.024047935,-0.021359824,1.311168483,0.122474841,-0.080581823,0.105367964,-0.024476959,0.020689,-0.004806051
1.0685316,0.02420315,-0.021337997,1.31217295,0.123265341,-0.080499479,0.105596967,-0.023915462,0.020733964,-0.004695801
1.0695296,0.024543271,-0.021396096,1.31316591,0.12499756,-0.080718664,0.104987404,-0.02157368,0.020614277,-0.004235992
1.070549367,0.024637263,-0.021385279,1.314184283,0.125476257,-0.080677853,0.105100901,-0.021208481,0.020636562,-0.004164285
1.0715152,0.024826993,-0.021418255,1.315147305,0.126442543,-0.08080226,0.104754922,-0.019896215,0.020568629,-0.003906622
1.072545233,0.024988518,-0.021339765,1.316174945,0.127265178,-0.080506148,0.10557842,-0.019897079,0.020730323,-0.003906791
1.073535667,0.025136607,-0.021220026,1.317163184,0.128019391,-0.080054425,0.106834678,-0.020399124,0.020976989,-0.004005368
1.0745647,0.025261324,-0.02122528,1.318190369,0.128654564,-0.080074245,0.106779557,-0.019708829,0.020966166,-0.003869829
1.075528667,0.025560964,-0.021351872,1.319149896,0.130180616,-0.080551826,0.105451388,-0.016854608,0.02070538,-0.003309402
1.076530733,0.025728072,-0.021221584,1.320149486,0.13103169,-0.080060302,0.106818333,-0.01737048,0.02097378,-0.003410694
1.077544133,0.025974334,-0.021288811,1.321159237,0.132285887,-0.08031392,0.106113011,-0.01541096,0.02083529,-0.003025942
1.078509333,0.026117874,-0.021086157,1.32212231,0.133016931,-0.07954939,0.108239196,-0.016806102,0.021252766,-0.003299878
1.079546633,0.026367392,-0.021075713,1.323155913,0.134287709,-0.079509991,0.108348766,-0.015644893,0.02127428,-0.003071875
1.080572933,0.026442506,-0.021255703,1.324181099,0.134670262,-0.080189016,0.106460373,-0.013373947,0.020903494,-0.002625975
1.081516067,0.026730241,-0.021276842,1.325119969,0.136135679,-0.080268766,0.106238586,-0.011686743,0.020859946,-0.002294692
1.082548067,0.027039538,-0.021178411,1.326147386,0.137710916,-0.079897428,0.107271292,-0.011144212,0.021062718,-0.002188166
1.083539133,0.027217821,-0.021231581,1.327135811,0.1386189,-0.080098015,0.10671345,-0.009678386,0.020953186,-0.001900351
1.084543367,0.027398649,-0.021341309,1.328137364,0.139539847,-0.080511973,0.105562219,-0.007606209,0.020727142,-0.001493479
1.0855647,0.027673896,-0.021130947,1.329154619,0.140941664,-0.079718364,0.107769274,-0.008411447,0.021160497,-0.001651588
1.0865679,0.027795226,-0.021246337,1.330156021,0.141559591,-0.080153684,0.106558635,-0.006582881,0.020922788,-0.001292549
1.087532467,0.028014881,-0.021072823,1.331117333,0.142678284,-0.079499088,0.108379088,-0.007284641,0.021280234,-0.001430339
1.088522367,0.028478193,-0.021059038,1.332100367,0.145037908,-0.079447084,0.108523714,-0.005069642,0.021308631,-0.000995424
1.089538967,0.028623583,-0.021048224,1.333114813,0.145778372,-0.079406284,0.10863718,-0.004442644,0.02133091,-0.000872313
1.090518167,0.028983948,-0.021156213,1.334088673,0.14761369,-0.079813684,0.107504185,-0.001474331,0.021108447,-0.000289485
1.091552133,0.02912331,-0.021124159,1.335120574,0.148323451,-0.079692757,0.107840489,-0.001100874,0.02117448,-0.000216157
1.092532967,0.029346786,-0.02122869,1.336098096,0.149461603,-0.08008711,0.106743779,0.001133987,0.020959141,0.000222658
1.093547567,0.029529688,-0.021225068,1.337109986,0.150393116,-0.080073444,0.106781783,0.002027497,0.020966603,0.000398099
1.094532367,0.029842156,-0.020998828,1.338090156,0.151984499,-0.079219933,0.109155429,0.001245234,0.021432668,0.000244502
1.0955414,0.030204131,-0.020974095,1.339093825,0.153828018,-0.079126627,0.109414915,0.002829266,0.021483619,0.000555526
1.096549833,0.030517573,-0.020929374,1.340097614,0.155424361,-0.078957912,0.109884117,0.003956408,0.021575746,0.000776841
1.097532133,0.030704396,-0.021068938,1.341077145,0.156375837,-0.079484432,0.108419848,0.006372153,0.021288237,0.001251172
1.0985335,0.03100156,-0.020967417,1.342074109,0.157889279,-0.079101432,0.109484984,0.006820459,0.021497377,0.001339197
1.0995449,0.03116498,-0.021227821,1.343083087,0.158721567,-0.080083831,0.106752898,0.010384833,0.020960932,0.002039062
1.100495833,0.031469143,-0.021109245,1.344029513,0.160270654,-0.079636492,0.107996962,0.010689856,0.021205203,0.002098953
1.101515,0.031962065,-0.021078158,1.345041375,0.162781078,-0.079519214,0.108323118,0.012874124,0.021269244,0.002527834
1.1025428,0.032224943,-0.021068784,1.34606528,0.164119902,-0.079483848,0.108421471,0.014114594,0.021288556,0.002771401
1.103502467,0.03246622,-0.020948221,1.347021371,0.165348712,-0.079029017,0.109686373,0.014078503,0.021536919,0.002764314
1.104556033,0.032753612,-0.020921814,1.348070679,0.166812388,-0.078929392,0.109963434,0.015265118,0.02159132,0.002997306
1.105540167,0.032999801,-0.021003899,1.349051165,0.168066212,-0.079239063,0.109102226,0.017380149,0.021422222,0.003412592
1.106531033,0.033202628,-0.020962514,1.350039026,0.169099202,-0.079082937,0.109536418,0.017978948,0.021507476,0.003530166
1.1075645,0.033599936,-0.021242595,1.351066605,0.171122669,-0.080139567,0.106597894,0.022940939,0.020930496,0.004504453
1.108567467,0.033920189,-0.02092295,1.352064826,0.1727537,-0.078933677,0.109951517,0.021218347,0.02158898,0.004166222
1.109527933,0.034306107,-0.021053172,1.353019574,0.174719158,-0.079424951,0.108585265,0.024550057,0.021320717,0.004820404
1.1105252,0.034476838,-0.020992023,1.354014311,0.175588682,-0.079194262,0.10922682,0.024778026,0.021446686,0.004865165
1.111539333,0.034801784,-0.02087795,1.355023629,0.177243614,-0.078763912,0.110423638,0.02523614,0.021681681,0.004955116
1.112518833,0.035044187,-0.020989208,1.355999537,0.178478163,-0.079183643,0.109256351,0.027637976,0.021452484,0.005426717
1.113500467,0.035384851,-0.021087822,1.356976122,0.180213147,-0.079555671,0.108221729,0.030407581,0.021249336,0.005970529
1.114553867,0.035799459,-0.020943204,1.358023378,0.182324719,-0.079010088,0.109739015,0.031001868,0.021547256,0.006087217
1.115533433,0.036139585,-0.021039064,1.358997905,0.184056965,-0.079371727,0.108733284,0.033739844,0.02134978,0.006624818
1.1165455,0.036375744,-0.021162894,1.360006472,0.18525971,-0.079838889,0.107434089,0.036241784,0.021094683,0.007116074
1.117547933,0.036687296,-0.021183716,1.361004289,0.186846429,-0.079917441,0.107215634,0.038046959,0.02105179,0.00747052
1.118535467,0.03688046,-0.02126556,1.36198896,0.187830199,-0.080226204,0.106356953,0.03988941,0.020883188,0.007832286
1.119535033,0.037143403,-0.021164837,1.36298463,0.189169356,-0.07984622,0.107413703,0.040171816,0.021090681,0.007887736
1.120533533,0.037595604,-0.021275461,1.363976429,0.191472389,-0.080263558,0.10625307,0.043635483,0.02086279,0.008567827
1.121548833,0.037827305,-0.021184251,1.364988296,0.192652434,-0.079919459,0.107210022,0.043858575,0.021050688,0.008611631
1.1225273,0.038212221,-0.021078174,1.365961059,0.194612788,-0.079519273,0.108322953,0.044705999,0.021269212,0.008778023
1.1235447,0.038487612,-0.020999609,1.366974378,0.196015338,-0.079222881,0.109147229,0.045284273,0.021431058,0.008891567
1.1245549,0.038790355,-0.021164226,1.367980092,0.197557194,-0.079843914,0.107420115,0.048553242,0.02109194,0.009533429
1.125528767,0.038987995,-0.021201049,1.36895103,0.198563765,-0.079982832,0.10703378,0.049946149,0.021016083,0.009806926
1.126522833,0.039452646,-0.021345765,1.369938211,0.200930206,-0.080528787,0.10551546,0.053830909,0.020717961,0.010569699
1.1275444,0.039740166,-0.021143726,1.370955517,0.202394532,-0.079766575,0.107635196,0.053175499,0.021134171,0.010441009
1.128535533,0.040309126,-0.021225035,1.371938219,0.205292213,-0.080073319,0.106782131,0.056926245,0.020966671,0.011177468
1.129571933,0.040418368,-0.02142235,1.372973,0.205848575,-0.080817709,0.104711958,0.05955278,0.020560193,0.011693188
1.1305385,0.04070407,-0.021405086,1.373935334,0.207303643,-0.080752579,0.104893086,0.060826721,0.020595757,0.011943327
1.131549767,0.040938216,-0.021314174,1.374943131,0.208496134,-0.080409604,0.105846911,0.061065387,0.020783041,0.011990189
1.132549533,0.04128419,-0.021430676,1.37593777,0.21025816,-0.080849119,0.104624604,0.06404972,0.020543041,0.012576162
1.133541,0.041802841,-0.021631912,1.376921552,0.212899623,-0.0816083,0.102513297,0.06880249,0.020128486,0.013509369
1.134564067,0.042018841,-0.021685754,1.377941417,0.213999698,-0.081811424,0.101948401,0.070467461,0.020017568,0.013836286
1.1355517,0.04236323,-0.0217038,1.378923948,0.215753654,-0.081879502,0.101759075,0.072410743,0.019980394,0.014217849
1.1365411,0.042726022,-0.021791406,1.379907972,0.217601336,-0.082210007,0.100839929,0.075177571,0.01979992,0.014761116
1.1375412,0.043064918,-0.021748241,1.38090305,0.219327315,-0.082047161,0.101292807,0.076450671,0.019888843,0.015011089
1.138574067,0.043316327,-0.021902484,1.381932191,0.220607726,-0.082629056,0.099674537,0.079349353,0.019571095,0.015580245
1.139515767,0.043820574,-0.022040537,1.382866419,0.223175829,-0.083149872,0.09822613,0.083365863,0.019286701,0.016368887
1.140551133,0.044199418,-0.022157759,1.383896172,0.225105261,-0.083592104,0.096996268,0.086525156,0.019045217,0.016989214
1.141556467,0.044739828,-0.022142734,1.384893497,0.227857538,-0.083535419,0.09715391,0.089119792,0.01907617,0.017498671
1.142529333,0.044982941,-0.022216057,1.385862761,0.229095703,-0.083812037,0.096384626,0.091127241,0.018925121,0.017892834
1.143557133,0.04536717,-0.022342469,1.386884867,0.231052561,-0.084288937,0.095058351,0.094410373,0.018664707,0.018537477
1.1445262,0.04565987,-0.02253276,1.387849597,0.232543265,-0.085006827,0.093061874,0.097897554,0.018272699,0.019222185
1.145527333,0.046117265,-0.022480298,1.388843952,0.234872751,-0.084808912,0.093612281,0.099676633,0.018380771,0.019571507
1.146526667,0.046679216,-0.022627425,1.389834958,0.237734739,-0.085363961,0.09206867,0.104082232,0.018077683,0.020436546
1.147508567,0.047163232,-0.022764383,1.390809686,0.240199805,-0.085880647,0.090631749,0.10798422,0.017795544,0.021202702
1.148536233,0.047569369,-0.022832392,1.391831335,0.242268242,-0.086137215,0.089918224,0.110766181,0.017655443,0.02174894
1.1495313,0.048132399,-0.023115623,1.392818058,0.24513572,-0.087205731,0.086946644,0.11660524,0.017071974,0.022895439
1.150517933,0.048464416,-0.023266133,1.393799771,0.246826667,-0.087773543,0.085367541,0.119875289,0.016761917,0.023537513
1.1515579,0.048989433,-0.023433187,1.394831958,0.249500548,-0.088403767,0.083614864,0.124301848,0.016417779,0.024406668
1.152507767,0.049693014,-0.023608819,1.395771399,0.253083852,-0.089066357,0.081772178,0.129727838,0.016055967,0.025472061
1.153527567,0.050141665,-0.023660147,1.396784551,0.255368804,-0.089259995,0.081233666,0.132551302,0.01595023,0.026026448
1.154528967,0.050897464,-0.023832337,1.397774751,0.259218049,-0.089909596,0.079427102,0.138207111,0.015595512,0.027136966
1.155534333,0.051437532,-0.024141404,1.398772115,0.261968585,-0.091075579,0.076184462,0.144200287,0.014958819,0.028313726
1.156537567,0.05198224,-0.024290482,1.399767277,0.264742755,-0.091637991,0.074620374,0.148538545,0.01465171,0.029165543
1.157552767,0.052491812,-0.024346485,1.400774926,0.267337976,-0.091849265,0.074032814,0.151721326,0.014536343,0.029790482
1.158530167,0.053265241,-0.024530595,1.401740865,0.271277012,-0.092543839,0.072101181,0.157591995,0.014157067,0.030943188
1.159542967,0.054035083,-0.024867223,1.402742257,0.275197773,-0.093813796,0.068569384,0.165044552,0.013463599,0.032406498
1.160543233,0.054783239,-0.025111815,1.403731437,0.279008091,-0.094736543,0.066003195,0.17142106,0.012959727,0.033658525
1.161520767,0.055484875,-0.025603167,1.404698573,0.282581485,-0.096590209,0.060848084,0.180149565,0.011947521,0.035372367
1.162545433,0.056290979,-0.025970794,1.405711295,0.286686933,-0.097977117,0.056991044,0.188112052,0.011190192,0.036935801
1.163537533,0.057018983,-0.02602024,1.406692607,0.290394617,-0.098163656,0.056472272,0.192338509,0.011088331,0.037765666
1.164525033,0.057889013,-0.026329312,1.407667215,0.294825634,-0.099329656,0.053229585,0.200012213,0.010451629,0.039272398
1.165521167,0.059033742,-0.02685183,1.408646385,0.300655674,-0.101300903,0.047747479,0.211324359,0.009375217,0.041493538
1.166530767,0.059938511,-0.027213973,1.409642578,0.305263618,-0.102667117,0.04394799,0.219731791,0.008629188,0.043144337
1.1675163,0.060973694,-0.027510143,1.410612771,0.310535747,-0.103784444,0.040840663,0.228111248,0.008019064,0.044789643
1.1685605,0.062034124,-0.02783611,1.411641258,0.31593646,-0.105014185,0.037420712,0.236931912,0.007347557,0.046521581
1.1695118,0.063009268,-0.028443293,1.412578108,0.320902818,-0.107304838,0.031050326,0.248268655,0.006096732,0.04874755
1.170520667,0.064071511,-0.02872188,1.413571234,0.326312765,-0.108355832,0.028127475,0.256601453,0.00552283,0.050383695
1.1715454,0.06548344,-0.029312631,1.414575045,0.33350364,-0.110584492,0.021929493,0.269990311,0.004305856,0.053012597
1.1725349,0.066721249,-0.02983657,1.415546202,0.339807738,-0.112561096,0.016432489,0.281791413,0.003226519,0.055329744
1.173576233,0.068183578,-0.030212747,1.416565866,0.347255301,-0.113980259,0.012485746,0.293185719,0.002451576,0.057567016
1.174579433,0.06960283,-0.031051316,1.417548035,0.354483472,-0.117143835,0.003687731,0.309211904,0.000724086,0.060713757
1.175536033,0.071074605,-0.031892443,1.418482826,0.361979144,-0.120317058,0.005137114,0.315258194,0.001008672,0.061900946
1.1765402,0.072501977,-0.03241273,1.419465842,0.369248675,-0.12227989,0.010595816,0.317069022,0.002080489,0.062256503
1.1775124,0.074214051,-0.033137702,1.420412671,0.377968176,-0.125014909,0.018202002,0.318182338,0.003573963,0.062475102
1.178526233,0.076072241,-0.033795642,1.42139897,0.387431836,-0.127497045,0.025104907,0.320743092,0.004929349,0.062977906
1.179534833,0.077915601,-0.034671776,1.422380254,0.396819971,-0.13080234,0.034297049,0.320939085,0.006734226,0.063016389
1.180510067,0.079864408,-0.035349354,1.423326609,0.406745137,-0.133358563,0.041405995,0.323755306,0.008130067,0.063569354
1.181520267,0.081971591,-0.036395862,1.424305584,0.417476907,-0.137306607,0.052385643,0.323507428,0.010285921,0.063520683
1.1824924,0.084094813,-0.03740266,1.425246255,0.428290362,-0.141104841,0.062948665,0.323757861,0.01235997,0.063569856
1.1835328,0.086314666,-0.038432498,1.426253761,0.439595956,-0.144989994,0.07375341,0.32425871,0.014481482,0.063668198
1.184488933,0.088889251,-0.039481784,1.427171743,0.452708181,-0.148948519,0.084762207,0.326362137,0.016643059,0.064081206
1.185538533,0.091368338,-0.040673448,1.428184607,0.465334034,-0.153444176,0.097264785,0.326485413,0.019097941,0.064105411
1.186525767,0.09412616,-0.041657618,1.429130974,0.479379475,-0.157157045,0.107590405,0.330205234,0.021125376,0.064835798
1.187524333,0.096908668,-0.042942157,1.430088308,0.493550637,-0.162003081,0.1210674,0.330899401,0.023771584,0.064972097
1.1885811,0.100658155,-0.044359211,1.431089514,0.512646575,-0.167349045,0.135934712,0.335128026,0.026690781,0.065802388
1.1895799,0.104420064,-0.044360397,1.432032569,0.531805775,-0.167353517,0.135947149,0.35427479,0.026693223,0.069561855
1.190626567,0.107994247,-0.046636963,1.433026272,0.550008896,-0.175942066,0.159832203,0.348592856,0.031383053,0.068446207
1.1915802,0.111416163,-0.048824154,1.433929198,0.567436533,-0.184193434,0.182779549,0.343073149,0.035888764,0.067362413
1.1927066,0.116228373,-0.0510948,1.434984289,0.59194486,-0.192759648,0.206602489,0.343758535,0.040566399,0.067496988
1.193869867,0.120772973,-0.052893852,1.436080212,0.615090264,-0.199546731,0.225477603,0.348028825,0.044272527,0.06833546
1.194835867,0.124908267,-0.054668866,1.436984934,0.636151091,-0.206243128,0.244100518,0.350466737,0.047929137,0.068814144
1.195797367,0.129113903,-0.056882352,1.437884114,0.657570172,-0.214593699,0.267323745,0.34866259,0.052489017,0.0684599
1.196817067,0.133700267,-0.0584422,1.438835852,0.680928274,-0.220478364,0.283689206,0.355655232,0.055702376,0.069832905
1.197815367,0.138518817,-0.060603024,1.439762749,0.705468891,-0.228630262,0.30635992,0.357525134,0.06015377,0.07020006
1.198822,0.143615633,-0.062698796,1.440693856,0.731426704,-0.23653675,0.328348139,0.361494729,0.064471157,0.07097949
1.1997942,0.14877239,-0.065304383,1.441589641,0.757689789,-0.246366557,0.355685176,0.360420776,0.069838784,0.070768619
1.200816133,0.154262523,-0.067748078,1.44253022,0.785650743,-0.255585613,0.381323691,0.362743215,0.074872907,0.07122463
1.2018429,0.15986208,-0.070164878,1.44347401,0.814168984,-0.264703203,0.406680029,0.365905119,0.079851624,0.07184547
1.2028127,0.165819217,-0.072831545,1.444355536,0.844508361,-0.27476344,0.434657899,0.368266625,0.085345078,0.072309152
1.2038264,0.172362347,-0.075531428,1.445272277,0.87783217,-0.284948988,0.462984265,0.373264069,0.090906961,0.0732904
1.2048276,0.178813473,-0.07787763,1.446177882,0.910687412,-0.29380024,0.487599906,0.381503669,0.095740242,0.074908245
1.205846333,0.1858849,-0.081472931,1.447091829,0.946701808,-0.307363832,0.52532073,0.379797242,0.103146725,0.074573188
1.206851933,0.19297284,-0.084863817,1.447992397,0.982800306,-0.320156249,0.560896889,0.38031958,0.110132104,0.07467575
1.207824167,0.200279363,-0.087540761,1.44885636,1.020012036,-0.330255257,0.588982583,0.389445617,0.11564673,0.076467647
1.2088373,0.208029797,-0.091039738,1.449754645,1.059484577,-0.343455458,0.625692803,0.392207937,0.122854782,0.077010028
1.209821133,0.21628745,-0.095012744,1.450616114,1.101540362,-0.358443973,0.667376387,0.392580138,0.131039354,0.07708311
1.2108229,0.224684773,-0.098104339,1.451493446,1.144307478,-0.37010729,0.699812479,0.402911163,0.13740818,0.079111607
1.211803167,0.23358341,-0.100776483,1.45234185,1.189627757,-0.380188188,0.727847809,0.420196112,0.142912917,0.082505506
1.212821133,0.242570097,-0.103521086,1.453226649,1.235396469,-0.390542447,0.756643364,0.437169269,0.148566924,0.085838186
1.213827233,0.25226017,-0.108826458,1.454089158,1.284747492,-0.410557429,0.812305729,0.430857926,0.15949623,0.084598954
1.214852367,0.261880583,-0.112238682,1.454971733,1.33374374,-0.423430345,0.84810576,0.444054144,0.166525566,0.087190031
1.215813733,0.272092677,-0.116596833,1.455781773,1.385753383,-0.439871858,0.89383018,0.450339366,0.175503556,0.088424135
1.216821667,0.28284023,-0.121237617,1.456630446,1.440490094,-0.457379623,0.942519887,0.456386371,0.18506378,0.089611464
1.217839367,0.293917757,-0.12633932,1.457483995,1.496907342,-0.47662625,0.996045429,0.459278077,0.19557352,0.09017925
1.218855233,0.30530705,-0.13102408,1.458331092,1.554912401,-0.494299921,1.045196526,0.468132039,0.205224338,0.091917726
1.219806733,0.31700004,-0.135322843,1.459109321,1.614464171,-0.510517385,1.090297862,0.482582473,0.214079985,0.094755069
1.2208034,0.329102823,-0.140446057,1.459926645,1.676102996,-0.52984516,1.14404908,0.49047008,0.224634037,0.0963038
1.221819333,0.34139409,-0.14540156,1.460760442,1.738701757,-0.548540235,1.196040735,0.501077186,0.234842598,0.098386505
1.2227628,0.354487727,-0.151782737,1.461509883,1.805386945,-0.572613788,1.262990127,0.500812982,0.247988111,0.098334629
1.223835633,0.367826383,-0.157831873,1.462385059,1.873320007,-0.59543469,1.326455855,0.505280316,0.260449607,0.09921179
1.224842367,0.381673993,-0.16289918,1.463186594,1.94384514,-0.614551552,1.379620517,0.522640788,0.270888488,0.102620519
1.225806067,0.39583093,-0.169060553,1.463940512,2.015945658,-0.637795878,1.444263798,0.530098024,0.283581197,0.104084747
1.2268653,0.41023605,-0.175001197,1.464786285,2.08931016,-0.66020748,1.506591246,0.541135078,0.295819191,0.106251873
1.2278308,0.42522053,-0.18213362,1.46552974,2.165625312,-0.687115177,1.581422493,0.542618982,0.310512307,0.106543237
1.228813933,0.44051654,-0.188620527,1.466286212,2.243527069,-0.711587606,1.649481173,0.55246206,0.323875628,0.108475925
1.229843267,0.456365237,-0.195080113,1.467080694,2.32424363,-0.735956967,1.717253219,0.565406574,0.33718267,0.111017581
1.230828233,0.472592363,-0.201583697,1.467825202,2.406887514,-0.76049231,1.785486865,0.579816812,0.350580346,0.113847031
1.2317978,0.489102493,-0.208612687,1.468550116,2.490972719,-0.787009796,1.85923292,0.590155962,0.365060384,0.115877123
1.2328239,0.50617244,-0.215702727,1.469323268,2.57790904,-0.813757599,1.933619494,0.60270571,0.379666188,0.118341266
1.233799933,0.523649617,-0.223539573,1.470040319,2.666919362,-0.843322795,2.015841339,0.609494186,0.395810447,0.119674184
1.234772567,0.541086057,-0.230149553,1.470754573,2.755722214,-0.868259529,2.085191267,0.62894711,0.409427305,0.123493765
1.235805733,0.559737603,-0.239493607,1.471511355,2.850713539,-0.903510796,2.183226272,0.62590343,0.428676479,0.122896138
1.2368424,0.577926933,-0.24520402,1.472278486,2.943350819,-0.925053835,2.243138217,0.658628766,0.440440189,0.129321758
1.2377986,0.59728408,-0.255117343,1.472947845,3.041935727,-0.962452723,2.347145832,0.653206058,0.460862084,0.12825701
1.238800767,0.61655237,-0.26232715,1.473664488,3.140068093,-0.989652356,2.422788962,0.675695294,0.475714613,0.132672771
1.2398464,0.63627998,-0.27048577,1.474417791,3.24053975,-1.020431471,2.508386756,0.690569158,0.49252174,0.135593254
1.240807167,0.65609026,-0.277453133,1.475085002,3.341432442,-1.046716465,2.581486243,0.718362363,0.506874824,0.14105045
1.241813267,0.676782587,-0.28746616,1.475784477,3.44681735,-1.084491493,2.686539916,0.718693597,0.527502113,0.141115488
1.242833433,0.698064863,-0.296360803,1.476489276,3.555206842,-1.118047321,2.779859847,0.733763158,0.545825481,0.144074396
1.243807633,0.719638587,-0.305696537,1.477143789,3.665080655,-1.1532672,2.877807561,0.745689258,0.565057515,0.146416086
1.244834667,0.74096501,-0.31373455,1.4778548,3.773694983,-1.183591316,2.962139987,0.76997116,0.581616186,0.151183837
1.245843067,0.763186497,-0.323067983,1.478533915,3.886867821,-1.218802518,3.060063571,0.785220414,0.600843482,0.154178028
1.246819933,0.785567167,-0.333579143,1.479179137,4.000851371,-1.258456798,3.170343509,0.788924025,0.622496948,0.154905232
1.2478141,0.808033207,-0.340978463,1.479840395,4.115269705,-1.286371386,3.247974956,0.825710913,0.637739883,0.162128338
1.248834633,0.831534407,-0.35235721,1.480512679,4.234960054,-1.329298714,3.367357354,0.826018864,0.661180616,0.162188804
1.2498155,0.855076133,-0.362492083,1.481144697,4.354856803,-1.367533419,3.473689405,0.839583561,0.682058915,0.164852232
1.250833233,0.878605267,-0.370489457,1.481813768,4.474689415,-1.397704216,3.557595448,0.875510131,0.698533866,0.171906414
1.2518627,0.9028971,-0.380108853,1.48248327,4.598406417,-1.433994241,3.658519273,0.898303307,0.718350259,0.176381854
1.252812167,0.92742714,-0.390940257,1.483069242,4.723336593,-1.474856667,3.772159109,0.909593647,0.740663441,0.178598713
1.253832633,0.951973277,-0.400595813,1.483725976,4.848348748,-1.511283108,3.873462314,0.933302597,0.760554325,0.183253965
1.254790167,0.977886087,-0.412514693,1.484299525,4.980321297,-1.556248136,3.998511629,0.940225832,0.785107758,0.184613342
1.2558397,1.004646897,-0.423660527,1.484952507,5.116612664,-1.598296777,4.11545037,0.959578458,0.80806868,0.18841323
1.2569285,1.032224447,-0.435208163,1.485632654,5.257063645,-1.641861257,4.236604711,0.978875097,0.831857335,0.192202125
1.2578822,1.058512123,-0.445700523,1.486196815,5.39094537,-1.681444612,4.346687406,1.002674127,0.853472072,0.196875065
1.258921833,1.084834433,-0.457180727,1.486846395,5.52500348,-1.724754694,4.467134257,1.016285387,0.877121811,0.199547636
1.259927467,1.111537167,-0.46837941,1.487456338,5.660999066,-1.767002716,4.584627484,1.034787746,0.900191606,0.203180574
1.260919967,1.139037333,-0.481223257,1.488041332,5.801055938,-1.815457263,4.719381272,1.04009083,0.926650513,0.204221834
1.261985167,1.169728267,-0.492349377,1.488651743,5.957363212,-1.857431534,4.836113186,1.079666189,0.949570824,0.211992456
1.263097967,1.200637,-0.50564599,1.489306527,6.11477973,-1.907594183,4.975617266,1.097578628,0.97696245,0.215509564
1.264107433,1.228569533,-0.516661723,1.48990208,6.257038622,-1.94915201,5.091191037,1.124263748,0.99965536,0.220749187
1.265099333,1.256269033,-0.525530997,1.49048352,6.398110687,-1.982612128,5.184244793,1.172282057,1.017926465,0.230177582
1.266115267,1.284952967,-0.538276713,1.491074405,6.544196418,-2.03069647,5.31796903,1.184643552,1.044183219,0.232604761
1.267045733,1.314605033,-0.55357899,1.491565478,6.6952128,-2.088425661,5.478515928,1.175113036,1.075706602,0.230733445
1.268133567,1.343577033,-0.562746683,1.492223994,6.84276564,-2.123011594,5.574700617,1.226481186,1.094592466,0.240819581
1.2691013,1.372847333,-0.57488223,1.492757991,6.991837705,-2.168794017,5.702023134,1.248230735,1.119592242,0.245090105
1.270110133,1.402039933,-0.58509787,1.493334238,7.140514048,-2.207333421,5.809202565,1.289727646,1.140636924,0.253238023
1.271159533,1.431914067,-0.597649297,1.493940953,7.292661404,-2.254684788,5.94088837,1.310189198,1.166493431,0.257255649
1.2721187,1.4624032,-0.61100161,1.494448322,7.447940922,-2.30505757,6.080976837,1.325380248,1.193999802,0.260238412
1.273109867,1.492296867,-0.621851963,1.494996514,7.60018776,-2.345991487,6.194815491,1.363788433,1.216352022,0.267779859
1.274094333,1.522928233,-0.634738383,1.495527075,7.756191665,-2.394606645,6.330015945,1.384591883,1.242898631,0.271864616
1.275090467,1.553933733,-0.649699787,1.496063759,7.91410101,-2.451049861,6.486986502,1.385530671,1.2737198,0.272048947
1.276091367,1.5846356,-0.659276387,1.496609708,8.070463967,-2.487178431,6.587461318,1.441418813,1.29344803,0.283022584
1.277104633,1.6158719,-0.672602853,1.497160105,8.229548765,-2.537453704,6.72727861,1.460686319,1.320901155,0.286805759
1.278115633,1.648709933,-0.690219343,1.4976845,8.396791104,-2.603913469,6.91210554,1.443101728,1.357191923,0.283353024
1.2791105,1.679129267,-0.696482377,1.498228603,8.551715135,-2.627541316,6.977815408,1.53231589,1.370094055,0.300870225
1.280100467,1.711730933,-0.71348387,1.498735467,8.717753671,-2.691680952,7.156189978,1.519979857,1.405117902,0.298448045
1.2810885,1.7439044,-0.725350083,1.499246743,8.881611408,-2.736447291,7.280686729,1.559340842,1.429562839,0.306176574
1.282153967,1.775168833,-0.7338442,1.499848923,9.040839487,-2.768492096,7.369804454,1.629451197,1.447061105,0.319942742
1.2831289,1.807629767,-0.749484917,1.50034284,9.206161277,-2.827498082,7.533902163,1.630675277,1.47928169,0.320183091
1.2840939,1.840933667,-0.763499217,1.500814331,9.37577625,-2.880368268,7.680935996,1.653256417,1.508151783,0.324616897
1.2851337,1.8737704,-0.77637035,1.501367546,9.543011968,-2.928925755,7.815976068,1.685452064,1.534666901,0.330938513
1.286061533,1.906888033,-0.790788573,1.501804631,9.711678296,-2.983319777,7.967247743,1.702846716,1.564369094,0.334353953
1.287101233,1.939314333,-0.797911367,1.502363827,9.876823699,-3.010191144,8.041977955,1.793261908,1.579042371,0.352106976
1.288100767,1.974177533,-0.819357577,1.502846746,10.0543801,-3.091098867,8.266985159,1.745811108,1.623222536,0.342790011
1.289101567,2.007887067,-0.83293021,1.503348027,10.22606095,-3.142302826,8.409385158,1.775091951,1.651182776,0.348539305
1.290100467,2.041526233,-0.848593813,1.50384845,10.39738341,-3.201395153,8.573722987,1.782076591,1.683450508,0.349910739
1.291070767,2.075649,-0.85934337,1.504313108,10.57116883,-3.241948806,8.686504112,1.843080883,1.705595082,0.361888931
1.292072967,2.1089766,-0.872867587,1.504821448,10.74090451,-3.292970109,8.828396138,1.870924533,1.733455582,0.367356032
1.2930969,2.1422053,-0.879708963,1.505352988,10.91013649,-3.318779807,8.90017381,1.968378844,1.747549128,0.386491186
1.294092067,2.1796313,-0.902990797,1.505793564,11.1007451,-3.40661258,9.144439824,1.914721438,1.795510759,0.375955554
1.295093867,2.213196133,-0.909510753,1.506297989,11.27168899,-3.431209693,9.212845254,2.0172599,1.808942166,0.396088981
1.296122233,2.247957933,-0.92503508,1.506811243,11.44872897,-3.489776587,9.375721834,2.0314233,1.840922982,0.398869965
1.297095333,2.283694267,-0.942851823,1.50725479,11.6307322,-3.556991826,9.562649762,2.026498597,1.877626281,0.397903
1.2981,2.3185204,-0.95548698,1.507743392,11.80809982,-3.604659071,9.695214037,2.071301948,1.903655276,0.406700138
1.2990947,2.354666067,-0.971824473,1.508202473,11.99218776,-3.666293709,9.866622118,2.083981806,1.937311253,0.409189828
1.3000757,2.3887969,-0.98024454,1.508677711,12.16601426,-3.698059154,9.954962932,2.169467491,1.954656972,0.425974942
1.301118033,2.425183233,-0.999866557,1.50918086,12.3513279,-3.772084946,10.16083125,2.148912817,1.995079215,0.421939032
1.302097933,2.4612712,-1.013065393,1.509625996,12.53512198,-3.821878724,10.29930948,2.194228656,2.022269417,0.430836797
1.3030593,2.495517967,-1.02689565,1.510079883,12.70953892,-3.874054589,10.44441239,2.223542693,2.050760373,0.436592608
1.304097667,2.531494667,-1.042444967,1.510585135,12.89276632,-3.932715761,10.60755116,2.243631326,2.08279267,0.440537011
1.305057133,2.565830633,-1.049115873,1.5110358,13.06763755,-3.957882346,10.67754031,2.348513407,2.09653504,0.461130607
1.306055367,2.6039545,-1.068080533,1.511469101,13.26180036,-4.029428201,10.87651183,2.343704685,2.135603099,0.460186415
1.307086867,2.639900267,-1.0806893,1.511967945,13.44487021,-4.076995888,11.00879923,2.394487145,2.161577729,0.470157551
1.308080567,2.6775761,-1.098157767,1.512403351,13.63675121,-4.142897222,11.19207315,2.403094226,2.197563562,0.471847551
1.309090833,2.714254767,-1.1102804,1.512870101,13.82355369,-4.188630928,11.31926018,2.462709671,2.222536737,0.483553044
1.3100927,2.749076667,-1.123437667,1.513355966,14.00089975,-4.238267879,11.45730228,2.50201364,2.249641302,0.491270378
1.3110786,2.785710167,-1.138853467,1.513799018,14.1874722,-4.296425347,11.61904023,2.526848136,2.281398549,0.496146632
1.3120528,2.822738167,-1.157133033,1.514224525,14.37605382,-4.365386627,11.81082396,2.523646019,2.319055285,0.495517896
1.3131252,2.858032633,-1.165109867,1.51477392,14.55580664,-4.395479936,11.8945145,2.619708298,2.335487923,0.514379724
1.314087433,2.897508933,-1.1868448,1.51515118,14.75685731,-4.477476893,12.12255091,2.59272257,2.38026287,0.509081077
1.315109367,2.9351933,-1.200730733,1.515614694,14.94878177,-4.529862804,12.26823795,2.638959976,2.408868522,0.518159791
1.316090567,2.9713289,-1.210223233,1.516060425,15.13281844,-4.565674099,12.36783042,2.723404182,2.428423503,0.534740411
1.3170767,3.008983,-1.227157667,1.516488587,15.32458874,-4.629560745,12.54550141,2.737503494,2.463309203,0.537508811
1.318097867,3.046552733,-1.239422167,1.516953033,15.51592938,-4.675829655,12.67417687,2.800168671,2.488574629,0.549813119
1.319079967,3.086871,-1.262277733,1.517337683,15.72126814,-4.7620543,12.91397062,2.765713685,2.535658132,0.543047882
1.320077033,3.124072867,-1.2737375,1.51778348,15.91073525,-4.805287283,13.03420306,2.834948358,2.55926577,0.55664211
1.3210905,3.1620871,-1.2862111,1.518233639,16.1043397,-4.852345041,13.16507233,2.897683535,2.584961952,0.568960162
1.3220902,3.200938467,-1.306567567,1.518657627,16.30220762,-4.92914161,13.37864627,2.881977514,2.626897196,0.565876285
1.323092633,3.237646033,-1.316333133,1.519116115,16.48915729,-4.965983074,13.48110367,2.966469782,2.647014705,0.582466342
1.324116367,3.277316167,-1.330392067,1.519552003,16.69119514,-5.019021642,13.62860578,3.021005527,2.675976745,0.593174435
1.325081833,3.315551133,-1.347564833,1.519950891,16.88592378,-5.083807422,13.8087773,3.035562639,2.711353423,0.596032724
1.326113967,3.354919733,-1.3639075,1.520399648,17.08642594,-5.145461576,13.98023966,3.064602446,2.745020057,0.60173469
1.327104733,3.394462833,-1.381722,1.520804452,17.28781682,-5.212668352,14.16714405,3.079088938,2.781718734,0.604579113
1.328108333,3.431702367,-1.394083833,1.521256224,17.47747577,-5.25930446,14.2968407,3.139051232,2.807184671,0.616352709
1.3291006,3.471418067,-1.414668667,1.52165997,17.67974569,-5.336962563,14.5128106,3.125351259,2.849590361,0.61366272
1.3301014,3.509543967,-1.420921667,1.522095808,17.87391885,-5.360552558,14.5784152,3.253919819,2.862471824,0.638907156
1.331075633,3.5511845,-1.4426611,1.522452998,18.08599185,-5.442566492,14.80649881,3.237909202,2.907256042,0.635763472
1.332107467,3.589614867,-1.456584533,1.522915357,18.28171564,-5.495093875,14.9525793,3.287552507,2.935938946,0.645510935
1.3330992,3.627975167,-1.464672767,1.523338655,18.47708259,-5.52560745,15.03743862,3.398060135,2.952601073,0.667209108
1.334099,3.6694015,-1.4887838,1.523724585,18.68806468,-5.616568454,15.29040435,3.356076494,3.002270894,0.65896562
1.335136233,3.707082667,-1.499635267,1.524203447,18.87997284,-5.657506571,15.40425468,3.434134317,3.024625407,0.674292273
1.336101533,3.747056733,-1.516414667,1.524576398,19.08355861,-5.72080834,15.58029912,3.461675657,3.059191732,0.679700015
1.3371118,3.786583433,-1.531106667,1.525000944,19.28486597,-5.776235208,15.73444318,3.508838959,3.089457918,0.68896053
1.3381044,3.8286093,-1.553390633,1.525370791,19.49890145,-5.860303442,15.96823987,3.489077744,3.135363899,0.685080415
1.339087267,3.867988033,-1.5637213,1.525770131,19.69945522,-5.899276795,16.07662613,3.58124526,3.15664554,0.703177507
1.340115767,3.9081889,-1.582156567,1.526202921,19.90419608,-5.968825467,16.27004342,3.592568824,3.194623025,0.705400889
1.341119733,3.9468911,-1.596358933,1.526633385,20.1013043,-6.022405151,16.41905039,3.640670077,3.223880544,0.71484557
1.342079133,3.987414433,-1.6060949,1.526992297,20.30768746,-6.059134945,16.52119723,3.744906394,3.243937077,0.73531237
1.343071,4.026338667,-1.623700967,1.527407372,20.50592649,-6.125555388,16.7059148,3.758427851,3.280206372,0.737967309
1.344104933,4.068942467,-1.645265633,1.527809988,20.72290536,-6.206909999,16.93216482,3.749156699,3.324630563,0.736146918
1.3450845,4.107528467,-1.653152967,1.528217774,20.91942178,-6.236665661,17.01491636,3.862921588,3.340878827,0.758484654
1.346082067,4.148365867,-1.669984633,1.528610198,21.12740446,-6.300164611,17.19150916,3.894311472,3.375552823,0.764648058
1.347086367,4.188518233,-1.6884784,1.529019507,21.33189831,-6.36993398,17.38554021,3.904774264,3.41365082,0.766702427
1.348112167,4.229681167,-1.700964567,1.529435341,21.54153892,-6.417039147,17.51654133,3.983413756,3.439372889,0.782143291
1.349107,4.270037967,-1.718195267,1.529832154,21.74707393,-6.482043485,17.69732066,4.008169433,3.474868912,0.787004068
1.350086833,4.3104307,-1.7346499,1.530213434,21.95279195,-6.544120044,17.86995774,4.041250374,3.508766203,0.793499511
1.3510968,4.351415,-1.747201033,1.530616082,22.16152279,-6.591470303,18.00164047,4.118298485,3.534622106,0.808627908
1.3521141,4.391678,-1.766855933,1.531036752,22.36658009,-6.665620151,18.20785379,4.117142464,3.575112091,0.808400923
1.353077367,4.434549,-1.7863982,1.531364741,22.58491979,-6.739345079,18.41288539,4.130450562,3.615370046,0.811013968
1.3541025,4.475335767,-1.797062633,1.531785483,22.7926446,-6.779577596,18.52477342,4.226287336,3.637339262,0.829831519
1.3551265,4.513598767,-1.802903667,1.532242489,22.987516,-6.80161341,18.58605579,4.359876369,3.649372055,0.856061725
1.3561573,4.556719633,-1.8262291,1.53263431,23.20712826,-6.889610669,18.83077925,4.334765175,3.697423505,0.851131142
1.357104133,4.596490367,-1.828933133,1.532991807,23.40967847,-6.899811874,18.85914915,4.508945476,3.702993936,0.885331444
1.358088067,4.641167167,-1.865941667,1.533313705,23.63721501,-7.039429836,19.24743159,4.348199584,3.779233192,0.853768988
1.3591169,4.6794737,-1.869557267,1.533774899,23.83230812,-7.053070007,19.28536538,4.505358909,3.786681492,0.884627222
1.360104033,4.721248467,-1.888021867,1.534143,24.04506477,-7.122729342,19.47909042,4.524390505,3.824719405,0.888364076
1.361113267,4.763835133,-1.908076767,1.53452117,24.26195637,-7.198388224,19.68950042,4.530872113,3.866033408,0.889636739
1.362096033,4.803912467,-1.9185604,1.534910057,24.46606808,-7.237938658,19.79949156,4.624992681,3.887630167,0.908117313
1.363080467,4.8463365,-1.932763533,1.535265837,24.6821314,-7.291521233,19.94850657,4.692040988,3.916889266,0.921282248
1.364085833,4.8876783,-1.9521389,1.535658587,24.89268296,-7.364616516,20.15178711,4.699312017,3.956803399,0.922709915
1.3650908,4.930108733,-1.968567767,1.536034805,25.10877888,-7.426595868,20.32415385,4.743041192,3.990647609,0.931296138
1.3661103,4.972091333,-1.9794431,1.536432193,25.32259401,-7.467624024,20.43825459,4.842755582,4.013051289,0.950875058
1.367125633,5.011158633,-1.9912643,1.536868614,25.52156167,-7.512220546,20.56227907,4.917698756,4.037403496,0.965590151
1.368137833,5.055663233,-2.0177158,1.53722133,25.7482212,-7.612011167,20.83980028,4.866837086,4.091894785,0.955603462
1.369095533,5.094244933,-2.0221922,1.537607314,25.94471573,-7.628898781,20.88676533,5.016366565,4.101116372,0.984963575
1.3701273,5.135384233,-2.033875533,1.538029465,26.15423597,-7.672975189,21.00934336,5.10330878,4.125184568,1.002034679
1.371130567,5.1806469,-2.066766567,1.538362014,26.3847563,-7.797059519,21.35442622,4.988746251,4.192941587,0.979540326
1.372115433,5.221421567,-2.072562633,1.538742668,26.59241949,-7.818925693,21.41523681,5.135598844,4.204881747,1.008374833
1.373132633,5.261557267,-2.084824167,1.539165124,26.79682845,-7.865183411,21.54388114,5.211363476,4.230141062,1.023251219
1.374133833,5.304867767,-2.1070308,1.539524534,27.0174065,-7.948959897,21.77686648,5.198956188,4.275887733,1.020815048
1.3750997,5.347469667,-2.120317133,1.539859112,27.23437569,-7.999083764,21.9162627,5.276529151,4.303258182,1.036046499
1.376126667,5.390996133,-2.142127433,1.540241089,27.45605365,-8.081365048,22.14508983,5.26937998,4.348188388,1.034642759
1.377110267,5.430642133,-2.1492365,1.540637201,27.65796859,-8.10818463,22.21967603,5.396708732,4.362833388,1.059643759
1.3781191,5.475111767,-2.1692617,1.540987069,27.88445005,-8.183731467,22.42977442,5.413091792,4.404086207,1.062860573
1.3790881,5.5158256,-2.180133433,1.541352758,28.09180341,-8.224746042,22.54383738,5.506382191,4.42648247,1.081178143
1.3801004,5.560888133,-2.207672133,1.541697306,28.32130447,-8.328638221,22.83276517,5.44695547,4.483213441,1.069509707
1.381073567,5.597788333,-2.200228367,1.542123673,28.50923521,-8.300555954,22.7546674,5.712983974,4.467878944,1.121744403
1.382083167,5.644885533,-2.238497433,1.542435371,28.74909872,-8.44492939,23.15617497,5.551339911,4.546714956,1.090005592
1.3830798,5.6870435,-2.249797967,1.542807294,28.96380698,-8.48756165,23.27473678,5.647486363,4.569994566,1.108883947
1.384104667,5.726571567,-2.2576143,1.54324642,29.1651213,-8.517049459,23.3567434,5.766794057,4.586096567,1.132310013
1.385067033,5.7702732,-2.272995633,1.543561202,29.38769137,-8.575076898,23.51811974,5.827987791,4.617782811,1.144325403
1.386082667,5.8128888,-2.2928293,1.543945343,29.60473033,-8.649901158,23.72620862,5.836937869,4.658641063,1.146082751
1.387103533,5.853387667,-2.297722967,1.544366084,29.81098888,-8.668362948,23.77755151,5.991853538,4.668722238,1.176500442
1.388104567,5.8972648,-2.326359267,1.544716931,30.03445276,-8.776395921,24.07799498,5.914873948,4.727714314,1.1613855
1.3890742,5.942465,-2.350283633,1.545016773,30.26465495,-8.866652708,24.32900226,5.894068857,4.776999594,1.15730042
1.390093367,5.9793051,-2.3348836,1.545490031,30.4522796,-8.808554721,24.16742973,6.243266039,4.745274827,1.225865287
1.391129867,6.0262618,-2.369998467,1.545830711,30.69142755,-8.941028659,24.53584438,6.113999338,4.817613044,1.20048377
1.392061,6.0702227,-2.3912301,1.546110417,30.91531805,-9.021126872,24.75860031,6.115133909,4.861351171,1.200706543
1.393065467,6.107339533,-2.3890257,1.546564874,31.10435209,-9.012810578,24.73547241,6.327295851,4.856810007,1.24236454
1.394080367,6.154566,-2.418308533,1.546879956,31.34487395,-9.123282655,25.04269911,6.260591002,4.91713397,1.229267043
1.395095533,6.1955307,-2.4272753,1.547288094,31.55350497,-9.157110575,25.13677574,6.375145391,4.935605916,1.251759798
1.396034033,6.237478267,-2.449491433,1.547605001,31.76714167,-9.240922901,25.36986075,6.355697085,4.981372158,1.247941123
1.397123233,6.2821525,-2.4648361,1.548032204,31.99466514,-9.298812012,25.53085239,6.422228914,5.012982866,1.261004647
1.398068233,6.3261315,-2.4818275,1.548325508,32.21864782,-9.36291357,25.70912106,6.467942925,5.04798592,1.269980593
1.399067067,6.3680757,-2.493048133,1.548702798,32.43226738,-9.405244401,25.82684458,6.563838961,5.071100934,1.28880978
1.4001082,6.411901467,-2.506773433,1.549094507,32.65546965,-9.457024308,25.97084631,6.643039505,5.099375674,1.304360807
1.401119667,6.4506162,-2.5084335,1.549532286,32.85264171,-9.463287056,25.98826324,6.82279464,5.102795486,1.339655727
1.402058633,6.4961203,-2.532732233,1.549796957,33.08439165,-9.554956175,26.24319826,6.799609552,5.152851978,1.335103336
1.4030987,6.539742467,-2.552394633,1.550190616,33.306557,-9.629134317,26.44949026,6.815482899,5.193357413,1.338220067
1.404103967,6.584818867,-2.5763611,1.550527926,33.53612868,-9.71954993,26.70093924,6.793605601,5.242729421,1.33392446
1.405027,6.6242555,-2.5795184,1.550866574,33.73697734,-9.731461123,26.73406469,6.96132881,5.249233602,1.366856912
1.40611,6.667080367,-2.597392833,1.551314981,33.95508208,-9.798894003,26.92159788,6.991900361,5.286055745,1.372859636
1.407102333,6.713479667,-2.621624633,1.551619754,34.19139122,-9.89031061,27.17583066,6.973976724,5.335974351,1.36934033
1.408094967,6.7548944,-2.6259297,1.55199869,34.40231423,-9.906551854,27.22099813,7.139732267,5.344842983,1.401886431
1.409103767,6.799704233,-2.643840867,1.552343483,34.63052831,-9.974123313,27.40891672,7.180027751,5.381740798,1.409798449
1.410087667,6.842103433,-2.655653367,1.552699097,34.84646516,-10.01868701,27.53284993,7.272031391,5.406075084,1.427863364
1.411064633,6.882996733,-2.665836967,1.553070093,35.05473254,-10.05710554,27.63969321,7.373455493,5.427053761,1.447777986
1.412117333,6.923269433,-2.672830633,1.553526019,35.25983923,-10.08348977,27.71306866,7.505186737,5.441461031,1.473643416
1.413084167,6.9717466,-2.706159,1.553774502,35.50673084,-10.20922398,28.06273989,7.402407113,5.510118977,1.453462637
1.414082333,7.0158941,-2.719951967,1.554118476,35.73157168,-10.26125916,28.20745156,7.482536288,5.538533114,1.469196
1.415066333,7.059523867,-2.7353685,1.554455956,35.95377574,-10.3194194,28.3691972,7.542994701,5.570291871,1.48106701
1.4161085,7.097411633,-2.734753067,1.554936689,36.1467361,-10.31709762,28.36274026,7.742412003,5.56902405,1.520222597
1.417079833,7.144653967,-2.7614344,1.555207969,36.38733877,-10.41775531,28.64267281,7.70308212,5.623988806,1.512500174
1.418078967,7.187038433,-2.780799067,1.555579035,36.60320058,-10.49081023,28.84584109,7.715775656,5.663880897,1.51499255
1.419088267,7.230633567,-2.792664367,1.555942328,36.82522825,-10.53557312,28.97032825,7.813316158,5.688323953,1.534144628
1.4200861,7.272732267,-2.7937483,1.556316329,37.03963467,-10.53966235,28.98170056,8.016350271,5.690556905,1.574010376
1.4210766,7.316680267,-2.820289833,1.556655593,37.26345947,-10.63979263,29.26016637,7.961709265,5.745233666,1.563281614
1.422053333,7.363775233,-2.841989333,1.556934457,37.5033116,-10.72165591,29.48783101,7.973896753,5.78993562,1.565674628
1.423106033,7.402515233,-2.841506167,1.557413095,37.70061234,-10.71983313,29.48276177,8.176266732,5.788940274,1.605409973
1.424055867,7.446750833,-2.860815367,1.557707431,37.92590188,-10.79267879,29.68534811,8.19896993,5.828718101,1.609867746
1.425065667,7.491770433,-2.8818226,1.558050115,38.15518428,-10.87193043,29.9057497,8.207850741,5.871993954,1.611611493
1.426052733,7.536934367,-2.8977047,1.558367928,38.38520177,-10.93184706,30.07237993,8.271237996,5.9047118,1.624057581
1.427087067,7.5741838,-2.8927764,1.558850286,38.57491113,-10.91325461,30.02067369,8.512653604,5.894559279,1.671459535
1.428059833,7.6233603,-2.927360067,1.559094339,38.8253644,-11.04372455,30.38351515,8.400265417,5.965803199,1.649392115
1.429046733,7.664122067,-2.9371292,1.559477218,39.03296189,-11.08057947,30.48600996,8.505368087,5.985928057,1.670029024
1.4300728,7.707543033,-2.947245567,1.559859858,39.25410254,-11.11874436,30.59214785,8.620370852,6.00676823,1.692609817
1.431076967,7.747162667,-2.945061467,1.560276928,39.4558832,-11.11050465,30.56923293,8.845066438,6.002268885,1.736728795
1.432075167,7.797935333,-2.985969067,1.560522762,39.71446567,-11.26483218,30.9984232,8.674458629,6.086540395,1.703229952
1.4330788,7.836134567,-2.989942,1.560960346,39.90901231,-11.27982042,31.04010603,8.827322447,6.094724818,1.733244762
1.434070133,7.882597433,-3.002675133,1.561263177,40.14564519,-11.3278573,31.17369824,8.930363113,6.12095565,1.753476797
1.4350622,7.927925567,-3.0162189,1.561583556,40.37649894,-11.37895235,31.31579538,9.019119723,6.148856423,1.770904158
1.436130067,7.972300533,-3.0422337,1.56199386,40.60249826,-11.47709548,31.58873486,8.972179563,6.20244809,1.761687457
1.437150933,8.018379667,-3.058733467,1.562331911,40.83717681,-11.53934231,31.76184546,9.033747509,6.236438357,1.773776323
1.438125867,8.060338167,-3.068206733,1.562685089,41.0508692,-11.57508105,31.86123614,9.148049222,6.255953716,1.796219465
1.439128133,8.102156633,-3.0754794,1.563067676,41.2638484,-11.60251783,31.93753878,9.284725788,6.270935739,1.823055909
1.440139667,8.145624167,-3.094027067,1.563435093,41.48522621,-11.67249054,32.13213533,9.311507043,6.309144772,1.828314408
1.441100833,8.1911181,-3.114464833,1.563722115,41.71692437,-11.74959382,32.34656225,9.328778282,6.351247498,1.831705616
1.4421547,8.235949367,-3.122685767,1.564111657,41.9452476,-11.78060802,32.43281382,9.470849947,6.368182993,1.859601387
1.443133133,8.272322333,-3.118538933,1.564551104,42.13049317,-11.76496372,32.38930649,9.699602844,6.359640329,1.904517018
1.444139167,8.322472567,-3.157653967,1.564813994,42.38590561,-11.91252864,32.79968969,9.544632088,6.44021907,1.87408851
1.445147267,8.367016133,-3.1674977,1.565162033,42.6127636,-11.94966499,32.90296718,9.668212581,6.460497607,1.89835354
1.4461192,8.409708333,-3.186035067,1.565501339,42.83019268,-12.01959885,33.09745568,9.69115317,6.498685422,1.902857925
1.4471397,8.452315333,-3.1986025,1.565890474,43.04718784,-12.0670106,33.22930942,9.776294589,6.524574904,1.919575443
1.4481181,8.496572167,-3.203691333,1.566213061,43.27258552,-12.08620867,33.28269993,9.94830175,6.535058132,1.953349049
1.449124467,8.5389503,-3.2146516,1.566591455,43.48841508,-12.12755725,33.39769176,10.04913948,6.557636778,1.973148536
1.450140067,8.5869554,-3.235535267,1.566895699,43.73290247,-12.20634273,33.61679693,10.0745217,6.600658078,1.978132336
1.451112933,8.6257232,-3.241692633,1.567294092,43.93034479,-12.22957194,33.68139818,10.20736278,6.613342532,2.004215682
1.452122467,8.670197167,-3.262459133,1.567644595,44.15684832,-12.30791539,33.89927407,10.21599041,6.656122463,2.005909717
1.453131267,8.715272267,-3.2818837,1.567985457,44.38641338,-12.38119629,34.1030708,10.24175875,6.696137951,2.01096933
1.454139467,8.7569663,-3.283512033,1.568375821,44.59875885,-12.38733932,34.12015478,10.43702023,6.699492391,2.049308923
1.4551334,8.8061692,-3.314118533,1.568640649,44.84934657,-12.50280505,34.441269,10.36649374,6.762543168,2.035461046
1.456157133,8.845943433,-3.309895233,1.569074995,45.05191461,-12.48687227,34.3969594,10.61337137,6.753842979,2.083935468
1.457115867,8.891144133,-3.332834333,1.569363929,45.28211934,-12.57341205,34.63762956,10.60290595,6.801098564,2.081880583
1.458102867,8.930215533,-3.340663533,1.569771956,45.48110789,-12.6029484,34.71977118,10.71975287,6.817227071,2.104823476
1.459154767,8.9721581,-3.346691433,1.570202337,45.69471912,-12.62568919,34.7830141,10.87012119,6.829644818,2.134348295
1.460082667,9.021395067,-3.374985633,1.570400627,45.94548035,-12.73243156,35.07986836,10.82402815,6.887932153,2.125297928
1.4611312,9.062959667,-3.382968733,1.570833243,46.15716662,-12.76254851,35.16362465,10.95195814,6.9043777,2.15041698
1.462170267,9.1115564,-3.412906733,1.571152187,46.40466718,-12.87549226,35.47772517,10.88535817,6.966051337,2.137340076
1.4631015,9.151489233,-3.402470967,1.571491682,46.60804295,-12.83612241,35.36823624,11.19822288,6.944553185,2.198771062
1.464103333,9.191506367,-3.423629833,1.571900528,46.81184806,-12.9159461,35.59022872,11.1800355,6.988141409,2.195199971
1.465117533,9.237887067,-3.4375493,1.572227443,47.04806247,-12.96845852,35.73626759,11.27021105,7.016816141,2.212905939
1.4661095,9.284840267,-3.449671433,1.572523642,47.2871926,-13.01419034,35.86344938,11.38215938,7.041788285,2.234886995
1.467113233,9.327531533,-3.453672733,1.572894762,47.50461693,-13.0292856,35.90542982,11.55760327,7.050031145,2.269335402
1.468158567,9.374753967,-3.485957167,1.573240337,47.74511824,-13.15108148,36.24414841,11.45938599,7.116538541,2.25005044
1.469107767,9.413444467,-3.483198967,1.573616209,47.94216688,-13.14067592,36.2152102,11.68537284,7.110856524,2.294422957
1.470117367,9.456209567,-3.500185567,1.573992101,48.15996724,-13.20475937,36.39342852,11.72495488,7.145849689,2.302194891
1.471099567,9.5017425,-3.5190662,1.574299579,48.39186402,-13.27598823,36.59151846,11.75876172,7.18474465,2.308832864
1.47208,9.543048567,-3.516351,1.574667925,48.6022336,-13.2657449,36.5630314,11.99761836,7.179151215,2.355732366
1.4731517,9.593033967,-3.545110767,1.574998925,48.85680655,-13.37424366,36.86477024,11.95045247,7.238397637,2.346471343
1.4741405,9.6325124,-3.5445631,1.57540272,49.05786809,-13.37217754,36.85902429,12.15725997,7.237269419,2.387077995
1.475150733,9.680580133,-3.568735133,1.57570067,49.30267448,-13.46336867,37.11263001,12.14846063,7.287064903,2.385350244
1.476118567,9.7221455,-3.569833667,1.576052574,49.51436465,-13.46751298,37.1241555,12.34862532,7.289327932,2.424652582
1.477138833,9.765170733,-3.575724833,1.576435278,49.73348986,-13.48973793,37.18596385,12.50594217,7.301464002,2.455541745
1.478170133,9.807571433,-3.588460667,1.576838271,49.94943434,-13.53778499,37.3195844,12.58826611,7.327700396,2.471706051
1.479130367,9.845990633,-3.5991966,1.577229195,50.14510126,-13.57828724,37.43222259,12.67129484,7.349816905,2.488008742
1.480114867,9.894908267,-3.627276533,1.577488818,50.39423614,-13.68422127,37.72682883,12.62582348,7.40766284,2.47908044
1.481151667,9.938722367,-3.6392552,1.577876366,50.617379,-13.72941185,37.85250541,12.72328976,7.432339437,2.498217944
1.482097667,9.9832167,-3.657081733,1.578163034,50.84398625,-13.79666403,38.03953605,12.76286636,7.469062903,2.505988811
1.483115967,10.0260228,-3.6680963,1.578547019,51.06199542,-13.83821745,38.15509758,12.865314,7.49175341,2.526104404
1.484141567,10.07127333,-3.6874104,1.578902081,51.29245395,-13.9110816,38.35773532,12.89313479,7.531541331,2.531567016
1.485148133,10.11128373,-3.686182767,1.579315761,51.49622477,-13.90645025,38.34485536,13.10978557,7.529012351,2.574106396
1.486121,10.15859987,-3.694595267,1.579587481,51.73720329,-13.93818715,38.43311679,13.26250267,7.546342482,2.604092398
1.487192067,10.19865247,-3.691192867,1.580065035,51.94118903,-13.92535129,38.39741983,13.50218537,7.539333384,2.651154097
1.488112167,10.24736887,-3.7386402,1.580263239,52.18929904,-14.10435055,38.89522302,13.25249218,7.637077041,2.60212684
1.489147633,10.29075873,-3.742669167,1.58065574,52.4102813,-14.11955018,38.93749373,13.43120373,7.645376895,2.637216852
1.490225033,10.3299498,-3.726444767,1.581152394,52.6098793,-14.0583422,38.76727219,13.80102327,7.611953895,2.709830918
1.4911926,10.3849827,-3.7626832,1.581304465,52.8901589,-14.19505489,39.14747497,13.70110009,7.68660671,2.690211003
1.492268933,10.42844933,-3.7768948,1.581736695,53.11153213,-14.24866941,39.29657882,13.77336948,7.71588325,2.704401097
1.493198633,10.47388467,-3.793271133,1.581993119,53.34293184,-14.31045057,39.46839439,13.83295361,7.749619239,2.716100441
1.494216633,10.515347,-3.7952922,1.582396716,53.55409728,-14.31807523,39.48959882,14.02291462,7.753782728,2.753399286
1.495267,10.56087867,-3.807947067,1.58277238,53.78598761,-14.36581683,39.62236989,14.12203389,7.779852327,2.772861353
1.496187,10.60487933,-3.824182533,1.583040363,54.01008064,-14.42706656,39.79270753,14.17578927,7.813298124,2.783416223
1.4972051,10.647454,-3.834539267,1.583427577,54.22691113,-14.46613825,39.90136727,14.28396002,7.834633464,2.80465555
1.498223067,10.69108433,-3.845584167,1.583799015,54.44911807,-14.50780611,40.01724705,14.39028718,7.857386459,2.825532888
1.4992348,10.732065,-3.840957533,1.584203483,54.6578304,-14.49035173,39.9687058,14.64754077,7.847855384,2.876044629
1.500191867,10.78399233,-3.874726233,1.584391074,54.92229352,-14.61774714,40.32299688,14.55771281,7.917420437,2.85840691
1.501249733,10.82773133,-3.885272667,1.584800801,55.1450539,-14.65753449,40.43364689,14.66982317,7.939146567,2.88041978
1.5022197,10.864603,-3.876238567,1.585224391,55.33283932,-14.62345255,40.33886382,14.95239166,7.920535912,2.935902102
1.5032152,10.91232733,-3.913896267,1.585512696,55.57589678,-14.76551955,40.73395712,14.80035583,7.998112481,2.906049866
1.504221867,10.94970233,-3.9041418,1.585965528,55.76624565,-14.72871996,40.63161618,15.09304563,7.978017837,2.96351951
1.505196467,10.999199,-3.9218139,1.586206669,56.01832951,-14.79538952,40.81702655,15.15971912,8.014423164,2.97661085
1.5062615,11.042971,-3.945426133,1.586623075,56.24125796,-14.88446876,41.06475903,15.1349151,8.063065435,2.971740579
1.507240667,11.079553,-3.9263808,1.587060157,56.42756812,-14.81261855,40.8649411,15.52104318,8.023831185,3.047556829
1.5082374,11.12804567,-3.9516414,1.58733831,56.67453866,-14.9079164,41.12996774,15.50298709,8.075869166,3.044011515
1.5093023,11.16763767,-3.9569622,1.587816523,56.87617859,-14.92798959,41.18579198,15.64880278,8.086830255,3.072642425
1.510226433,11.21417033,-3.9740873,1.588051119,57.11316696,-14.99259554,41.36546339,15.70611974,8.122108737,3.08389661
1.511327133,11.257877,-3.966557767,1.588504159,57.33576267,-14.96418971,41.28646579,16.00771305,8.106597557,3.143114457
1.512322167,11.30791767,-4.003170033,1.588757673,57.5906171,-15.10231272,41.67059071,15.87844255,8.182020486,3.117732195
1.513339133,11.35627067,-4.016869967,1.589058129,57.83687633,-15.15399693,41.8143263,15.98096619,8.210242969,3.137862711
1.5143219,11.39898033,-4.011769767,1.58940801,58.05439436,-15.13475598,41.76081653,16.25199399,8.199736326,3.191079021
1.515402567,11.45133267,-4.0574453,1.589712902,58.32102198,-15.30707096,42.24003053,16.03940762,8.293829995,3.149337686
1.516447967,11.50180867,-4.072597267,1.590010332,58.57809354,-15.3642331,42.39900042,16.13750928,8.325043733,3.168599948
1.517446533,11.54255433,-4.0703279,1.590405116,58.78560903,-15.35567171,42.37519091,16.36883429,8.320368735,3.214020612
1.518430367,11.579854,-4.064083167,1.59083623,58.97557423,-15.3321129,42.30967304,16.62431736,8.307504301,3.264184713
1.519456,11.62243067,-4.070597633,1.591230948,59.19241491,-15.3566893,42.37802087,16.7728102,8.320924398,3.293341283
1.520449567,11.66855333,-4.0955143,1.591541054,59.42731517,-15.45068963,42.63943906,16.74629227,8.37225386,3.288134487
1.521421633,11.714321,-4.1039626,1.59183492,59.66040744,-15.48256159,42.72807609,16.89074751,8.389657741,3.316498273
1.522413533,11.76177367,-4.129730367,1.592123651,59.90208132,-15.57977276,42.99842377,16.86207371,8.442740508,3.310868172
1.523398133,11.799663,-4.121784333,1.592546794,60.09504966,-15.54979565,42.91505638,17.13840944,8.426371319,3.365126694
1.524405467,11.84976433,-4.154464467,1.592811709,60.35021305,-15.67308434,43.25792653,17.05070268,8.493693875,3.347905472
1.525478367,11.891349,-4.147607167,1.593268393,60.56200153,-15.64721457,43.1859818,17.33443589,8.479567526,3.403616487
1.526421067,11.940901,-4.183148,1.593476815,60.8143672,-15.78129551,43.55886556,17.2139178,8.552783254,3.37995276
1.527455333,11.98586367,-4.1883875,1.59384481,61.04335965,-15.80106198,43.61383683,17.38793898,8.563576861,3.414121819
1.5284509,12.022717,-4.1894694,1.594294272,61.23105169,-15.80514355,43.6251878,17.56428006,8.565805624,3.44874639
1.529473467,12.06544933,-4.1944517,1.594683617,61.44868517,-15.82393971,43.6774606,17.72964074,8.576069388,3.481214959
1.530437867,12.121218,-4.243965,1.594821618,61.73271199,-16.01073301,44.19693929,17.49418887,8.67806903,3.434983984
1.531458967,12.15941933,-4.2245817,1.595276638,61.92726933,-15.9376078,43.99357552,17.89210998,8.638138553,3.513115794
1.532460533,12.202588,-4.2362005,1.595638517,62.14712503,-15.98144075,44.11547649,17.99006471,8.662073808,3.532349206
1.533437467,12.24396633,-4.250068667,1.596002292,62.35786266,-16.03375964,44.26097713,18.05530169,8.69064286,3.545158487
1.534428733,12.28640067,-4.2391213,1.596364753,62.57397844,-15.99245973,44.14612064,18.38627396,8.668090788,3.610144892
1.535407,12.335211,-4.286698667,1.596619732,62.82256684,-16.17194955,44.64528811,18.1356949,8.76610232,3.560943694
1.536433433,12.37931967,-4.2813794,1.596992548,63.04720991,-16.15188214,44.58947996,18.41614612,8.755144389,3.616010291
1.5374063,12.42416267,-4.293350233,1.597300916,63.2755929,-16.19704317,44.71507435,18.51893472,8.779804849,3.636192832
1.5384731,12.470671,-4.302275333,1.59767854,63.51245735,-16.2307139,44.80871382,18.66215969,8.798190959,3.664315055
1.539441267,12.51104633,-4.325557567,1.598048412,63.71808675,-16.31854818,45.05298403,18.62351888,8.846153415,3.656727932
1.540439133,12.55034867,-4.317373267,1.598463883,63.91825142,-16.28767219,44.96711681,18.90955077,8.829293386,3.712890294
1.5414466,12.59446467,-4.335126067,1.598817624,64.14293184,-16.35464619,45.15337387,18.94797414,8.865864959,3.720434722
1.5424337,12.63697433,-4.332211967,1.599174802,64.35943129,-16.34365249,45.1228,19.19504745,8.85986178,3.768947567
1.543468633,12.676199,-4.330597733,1.599628491,64.55920041,-16.33756266,45.10586395,19.41175262,8.856536387,3.811497627
1.5444404,12.723973,-4.344551433,1.599892327,64.80251082,-16.39020422,45.25226199,19.508665,8.885281641,3.830526373
1.545472533,12.76115767,-4.340066733,1.600373445,64.99189033,-16.3732853,45.20520986,19.74509664,8.876042956,3.876949725
1.546442567,12.802521,-4.3529549,1.600730543,65.20255157,-16.42190704,45.34042864,19.82053909,8.902593163,3.891762851
1.547413867,12.84923467,-4.363173933,1.601009624,65.44046176,-16.46045925,45.44764367,19.95123425,8.923644835,3.917424845
1.548411167,12.893695,-4.378822633,1.601348096,65.66689585,-16.51949535,45.61182514,20.01348687,8.955881866,3.929648148
1.549413033,12.93223367,-4.375078067,1.601778884,65.86317121,-16.50536864,45.57253827,20.2490491,8.948167889,3.975900791
1.550467667,12.97768867,-4.392758833,1.60215995,66.09467108,-16.5720709,45.75803957,20.29504767,8.98459107,3.984932611
1.551435167,13.03114033,-4.4283584,1.602335385,66.36689755,-16.70637341,46.13153955,20.19377416,9.05792779,3.965047557
1.552435333,13.07301533,-4.434178967,1.602715034,66.58016467,-16.72833201,46.19260719,20.34597365,9.069918422,3.994931926
1.553474567,13.119398,-4.448302567,1.603066954,66.8163891,-16.78161454,46.34078776,20.4340175,9.099013678,4.012219336
1.5544371,13.15952667,-4.4362491,1.603434847,67.02076224,-16.73614177,46.21432641,20.764852,9.07418299,4.07717869
1.555450367,13.197825,-4.442192233,1.603880597,67.2158136,-16.75856277,46.27667998,20.89754978,9.086426114,4.1032339
1.556424133,13.24090233,-4.4665459,1.604216029,67.43520414,-16.85043913,46.53219135,20.86142896,9.136595771,4.096141576
1.5574521,13.28809867,-4.476788067,1.604544625,67.67557253,-16.88907861,46.63964909,20.99433961,9.157695099,4.122238582
1.558435367,13.33045533,-4.476293267,1.604900236,67.89129276,-16.88721193,46.6344578,21.21525113,9.156675788,4.165614559
1.5594472,13.37014567,-4.476902333,1.605323925,68.09343349,-16.88950969,46.64084794,21.41100172,9.157930493,4.204050187
1.560461333,13.41298467,-4.484241033,1.605703256,68.31161022,-16.91719558,46.71784338,21.552183,9.173048548,4.231771133
1.561443333,13.467801,-4.525578467,1.605872969,68.59078686,-17.0731447,47.15154333,21.39765969,9.258205534,4.20143048
1.562440533,13.50878133,-4.5192488,1.606262909,68.7994975,-17.04926548,47.08513437,21.67277929,9.245166134,4.255450214
1.563438767,13.54910333,-4.534407767,1.606663637,69.00485528,-17.10645402,47.2441777,21.71909374,9.276394292,4.264544055
1.564518,13.59283333,-4.533487,1.607094865,69.22756982,-17.10298034,47.23451729,21.95146868,9.274497471,4.310170876
1.5654452,13.63962033,-4.563380567,1.607328759,69.46585349,-17.21575647,47.54815163,21.87611802,9.336079573,4.295375774
1.5664333,13.676242,-4.543719267,1.607774187,69.65236567,-17.14158248,47.34187117,22.26891067,9.295576404,4.37250061
1.567475533,13.71713733,-4.549280833,1.60821042,69.86064341,-17.16256398,47.40022146,22.41883811,9.307033483,4.401938864
1.5684168,13.75915867,-4.548899633,1.608529,70.0746558,-17.16112587,47.39622202,22.63684994,9.306248194,4.444745486
1.569446533,13.80799767,-4.5686156,1.608835021,70.3233902,-17.23550609,47.60307603,22.67873034,9.346863979,4.452968702
1.5704719,13.85696433,-4.587253733,1.609134784,70.57277481,-17.3058201,47.79862174,22.73256923,9.385259378,4.463539969
1.571451733,13.906926,-4.629316333,1.609374268,70.82722689,-17.46450497,48.23992992,22.54571313,9.47191024,4.426850773
1.572428467,13.941878,-4.632952867,1.609833071,71.00523555,-17.47822412,48.27808334,22.68556837,9.479401664,4.45431135
1.573407633,13.98955533,-4.6269579,1.610105739,71.24805365,-17.45560758,48.21518595,22.99128386,9.467051761,4.514338586
1.574448667,14.038815,-4.6467482,1.610416826,71.49893048,-17.53026823,48.42281984,23.0345268,9.507820676,4.522829338
1.575444033,14.08206833,-4.664608467,1.610771251,71.71921738,-17.59764767,48.6102044,23.06742914,9.544613635,4.529289713
1.5764413,14.122597,-4.651538367,1.61116795,71.92562771,-17.54833956,48.47307683,23.41096704,9.517688636,4.596743378
1.577427467,14.17342033,-4.674894667,1.611401,72.18446821,-17.63645326,48.71812413,23.42476025,9.565803673,4.599451674
1.5784499,14.211301,-4.684059167,1.611862105,72.37739241,-17.67102715,48.81427531,23.52153326,9.584682958,4.618453056
1.579444233,14.25599,-4.692027267,1.612194222,72.60499109,-17.70108751,48.89787423,23.66553302,9.601097605,4.646727409
1.5804115,14.29928133,-4.6778906,1.612519983,72.82547152,-17.64775569,48.74955656,24.03433112,9.571975431,4.719140916
1.581460233,14.34273767,-4.700521933,1.612924766,73.04679229,-17.73313439,48.98699773,24.01821073,9.618597003,4.715975677
1.5824103,14.37983133,-4.704644667,1.613325166,73.23570834,-17.74868777,49.03025221,24.1638723,9.627090021,4.744576326
1.583433833,14.41573067,-4.681932467,1.613816731,73.41854172,-17.66300399,48.79196262,24.58499527,9.58030186,4.827263821
1.584421367,14.463297,-4.699343533,1.614099411,73.6607945,-17.72868877,48.97463431,24.64457636,9.616169446,4.838962568
1.585448333,14.512781,-4.7187983,1.614393107,73.91281385,-17.8020836,49.17874788,24.69248213,9.656247147,4.848368867
1.586475533,14.55546467,-4.727488533,1.614787806,74.13019947,-17.83486827,49.26992321,24.81869243,9.674149422,4.873150259
1.5874373,14.59360133,-4.732311067,1.615184451,74.32442747,-17.85306171,49.32051978,24.96232385,9.684084059,4.901352288
1.588442467,14.63733867,-4.741523433,1.615541503,74.54717936,-17.88781617,49.41717317,25.08842235,9.703061952,4.926111729
1.589432567,14.681034,-4.746326267,1.615884111,74.76971734,-17.90593529,49.46756306,25.26057045,9.712956006,4.959913008
1.5903947,14.72605467,-4.774490033,1.616179113,74.99900518,-18.01218559,49.76304885,25.19437249,9.770974642,4.946915039
1.591418867,14.76119133,-4.7364966,1.616682613,75.17795433,-17.868852,49.36443314,25.77193736,9.692706447,5.0603199
1.592434733,14.81034633,-4.7593557,1.616970085,75.42829811,-17.95508998,49.60426396,25.78245031,9.739797229,5.062384118
1.5934252,14.84770567,-4.763905367,1.617406948,75.61856718,-17.972254,49.6519977,25.92498565,9.749169749,5.090370932
1.594423833,14.89458867,-4.784958367,1.617710854,75.85733978,-18.0516783,49.87287946,25.94287648,9.792539883,5.093883798
1.595451133,14.93490733,-4.7751163,1.618140698,76.06268059,-18.01454823,49.76961945,26.2514773,9.772264779,5.154477568
1.5964468,14.97569367,-4.7806651,1.618531979,76.27040319,-18.03548157,49.8278358,26.40098356,9.783695559,5.183833122
1.597418667,15.01573267,-4.770929,1.618910535,76.47431967,-17.99875127,49.72568756,26.70704828,9.763638752,5.243928929
1.598411533,15.066307,-4.799011533,1.619153974,76.73189203,-18.10469511,50.02032107,26.66998712,9.821490043,5.236651971
1.599440933,15.10623067,-4.800588767,1.619591772,76.93522112,-18.11064536,50.03686893,26.85676835,9.824739215,5.273326465
1.600438867,15.16598,-4.8435925,1.61970432,77.23952126,-18.27288075,50.48805121,26.70988622,9.913328855,5.244486159
1.601372167,15.209664,-4.8500342,1.619990296,77.46200153,-18.29718263,50.55563559,26.8647821,9.926599049,5.274899965
1.6024301,15.26189467,-4.880898,1.620274258,77.72800951,-18.41361904,50.87944933,26.80697634,9.990179875,5.263549805
1.603481733,15.30093167,-4.870971667,1.620747428,77.92682285,-18.37617107,50.77530521,27.1099338,9.969731179,5.323035502
1.604443567,15.34858867,-4.900047133,1.621003064,78.16953739,-18.48586084,51.08035629,27.04759726,10.02962796,5.310795723
1.605430833,15.39266333,-4.922119,1.621337217,78.3940073,-18.56912891,51.3119277,27.04049577,10.075097,5.309401344
1.606429667,15.42903533,-4.906868133,1.621797078,78.57924794,-18.51159367,51.15192018,27.38574393,10.04367953,5.37719082
1.607421033,15.47205367,-4.914275633,1.622150985,78.798338,-18.53953912,51.22963745,27.52711672,10.05893931,5.404949368
1.608430433,15.51549133,-4.905305233,1.622516711,79.0195637,-18.50569749,51.1355227,27.84245717,10.04045988,5.466866465
1.609455133,15.554352,-4.901535967,1.622965561,79.21747899,-18.4914776,51.09597668,28.07991847,10.03269502,5.513491992
1.6104099,15.606583,-4.949579533,1.623146351,79.48348867,-18.6727262,51.60003538,27.84186945,10.13166695,5.466751067
1.611403533,15.64401033,-4.932530267,1.623585374,79.67410407,-18.60840633,51.42115959,28.21136064,10.09654468,5.539300662
1.6123767,15.69754733,-4.965362067,1.623765211,79.94676513,-18.7322672,51.76562099,28.13956031,10.16417968,5.525202667
1.6133831,15.739893,-4.962789833,1.624144119,80.16242934,-18.72256322,51.73863388,28.38221161,10.15888076,5.57284725
1.6144285,15.78041867,-4.9594073,1.624588996,80.36882438,-18.70980232,51.70314536,28.62409518,10.15191259,5.620341089
1.615427567,15.822676,-4.959201033,1.624961879,80.58403871,-18.70902416,51.70098127,28.8414736,10.15148767,5.663023341
1.6164454,15.86554033,-4.965868467,1.625344535,80.80234445,-18.73417764,51.77093398,28.98982663,10.16522289,5.69215246
1.617466933,15.90270933,-4.963618933,1.625815286,80.99164417,-18.72569108,51.74733255,29.20272778,10.16058875,5.7339556
1.6183942,15.948765,-4.9794669,1.626060084,81.22620321,-18.78547893,51.91360467,29.2710147,10.19323628,5.747363737
1.6194037,15.99458867,-4.9637343,1.626390554,81.45958068,-18.72612631,51.74854295,29.6694539,10.16082641,5.825597273
1.6204117,16.048986,-5.025301933,1.626592476,81.73662338,-18.95839564,52.39449209,29.30054745,10.28765852,5.753162491
1.6214378,16.093674,-5.027193233,1.626956374,81.96421696,-18.96553074,52.41433504,29.50829808,10.29155469,5.793954328
1.622402433,16.12607067,-5.005782133,1.627440943,82.12921144,-18.88475547,52.1896962,29.8979314,10.24744685,5.870458831
1.623399,16.17376967,-5.0457616,1.62773069,82.37213989,-19.03558154,52.60914878,29.72140727,10.32980636,5.835798318
1.624430267,16.22120067,-5.077100767,1.628059108,82.61370342,-19.15381132,52.93794992,29.63416967,10.39436647,5.818669214
1.6254294,16.262933,-5.040944733,1.628439838,82.82624395,-19.01740949,52.55861166,30.22604846,10.3198834,5.934884614
1.626419967,16.30014567,-5.036395567,1.628878975,83.01576606,-19.00024736,52.51088317,30.46329906,10.31051191,5.981468771
1.627433733,16.345055,-5.050288067,1.62922726,83.24448689,-19.05265804,52.65663911,30.54626394,10.33913109,5.997758924
1.628456967,16.38992133,-5.057422933,1.629585649,83.47298871,-19.07957496,52.73149599,30.69990888,10.35382924,6.027927109
1.629402667,16.43416833,-5.0828012,1.629875682,83.6983363,-19.17531671,52.99775716,30.65899531,10.40610962,6.01989373
1.630425467,16.48165033,-5.084984133,1.630194878,83.94015958,-19.18355202,53.02065984,30.87791591,10.41060656,6.062878788
1.631431767,16.51840333,-5.078352933,1.63065656,84.12734063,-19.15853523,52.95108728,31.13466952,10.39694599,6.11329236
1.632427967,16.564523,-5.091407767,1.630969343,84.36222562,-19.20778574,53.08805467,31.23258711,10.42383953,6.132518479
1.633423,16.60306767,-5.090070867,1.631393209,84.55853153,-19.20274217,53.07402832,31.44291938,10.42108546,6.17381722
1.634428233,16.65078367,-5.099187233,1.631691371,84.80154656,-19.23713447,53.1696745,31.59028822,10.43986559,6.202753092
1.6354322,16.693115,-5.115225967,1.632068058,85.01713776,-19.29764201,53.33794808,31.63760584,10.47290611,6.212043907
1.636427967,16.73515133,-5.1055185,1.632440916,85.23122655,-19.26101973,53.23610025,31.95354246,10.45290829,6.274078062
1.637433333,16.76306267,-5.072334633,1.633032683,85.37337747,-19.13583066,52.88794508,32.44384856,10.38454802,6.370349665
1.638460367,16.807539,-5.092512433,1.633400651,85.59989305,-19.21195319,53.0996445,32.45866471,10.4261152,6.373258815
1.639471433,16.85522567,-5.0997968,1.633705081,85.84275868,-19.23943411,53.17606989,32.62510495,10.44112132,6.405939357
1.6404765,16.89285733,-5.091286667,1.634152509,86.03441474,-19.20732888,53.08678413,32.90604677,10.42359006,6.461102284
1.641529267,16.93706767,-5.101217133,1.634550152,86.25957559,-19.24479244,53.19097161,33.02702015,10.44404727,6.484855406
1.642509067,16.98876833,-5.1378401,1.634763835,86.52288431,-19.38295582,53.57520879,32.90609168,10.51949225,6.461111101
1.643492867,17.028614,-5.124556067,1.635157188,86.72581614,-19.33284063,53.4358367,33.24839561,10.49212654,6.528322479
1.6445112,17.06448667,-5.118886633,1.635643948,86.90851371,-19.3114522,53.3763547,33.49057517,10.48044725,6.575874435
1.645481367,17.11588567,-5.139100567,1.635852468,87.17028605,-19.38771104,53.58843323,33.54026899,10.52208886,6.585631816
1.646489433,17.15568,-5.137713433,1.636270849,87.37295646,-19.38247796,53.57387984,33.75749278,10.51923131,6.628283707
1.647542033,17.19567467,-5.138843333,1.636730794,87.57664714,-19.38674061,53.58573441,33.94932889,10.52155895,6.665950728
1.648504533,17.24152833,-5.147175967,1.637013819,87.8101774,-19.41817621,53.6731579,34.09543566,10.53872455,6.694638793
1.649515433,17.27053433,-5.110056067,1.637594899,87.9579034,-19.2781381,53.28370704,34.63261252,10.46225588,6.800113469
1.650536433,17.326595,-5.168288867,1.637785173,88.24341737,-19.49782649,53.89466812,34.30716541,10.58221809,6.736211929
1.651485667,17.35630233,-5.131037233,1.638294193,88.39471522,-19.35729141,53.50383515,34.84929623,10.50547803,6.842659315
1.652482267,17.40681,-5.155922433,1.638542354,88.65194805,-19.45117302,53.76492321,34.84544101,10.55674267,6.841902342
1.6534741,17.445322,-5.155521733,1.638963503,88.8480876,-19.44966135,53.76071918,35.04578458,10.55591721,6.881239802
1.654497267,17.48538433,-5.141598067,1.639393013,89.05212291,-19.39713308,53.61463625,35.39590282,10.52723383,6.94998552
1.6554822,17.52931567,-5.142530267,1.639726957,89.27586283,-19.40064989,53.62441661,35.60986238,10.5291542,6.991996479
1.6564906,17.58405067,-5.186798867,1.639924276,89.55462524,-19.5676571,54.08886949,35.42417192,10.62034952,6.955536156
1.657481933,17.60733033,-5.138839367,1.640570643,89.67318734,-19.38672564,53.5856928,36.0459107,10.52155078,7.077614567
1.658493567,17.668279,-5.217535033,1.640679119,89.98359562,-19.683612,54.41134413,35.53066765,10.68366742,6.976446593
1.6595019,17.716944,-5.219890433,1.640966318,90.23144385,-19.69249796,54.43605628,35.75380373,10.68851965,7.020259363
1.660489833,17.75440733,-5.1954144,1.641399107,90.42224259,-19.60015996,54.17926108,36.20139768,10.63809791,7.108144434
1.661511767,17.80567733,-5.2209589,1.641661305,90.68335795,-19.69652884,54.44726631,36.1945078,10.69072074,7.106791606
1.662490833,17.839669,-5.2018838,1.642136672,90.85647568,-19.62456634,54.24713608,36.56775576,10.65142517,7.180078843
1.663481367,17.89322033,-5.2464005,1.642333663,91.12920974,-19.79250953,54.71419195,36.37343396,10.74313159,7.141923757
1.664496567,17.92901533,-5.2160133,1.642818441,91.31151176,-19.67787113,54.39537856,36.87454936,10.68053258,7.240317766
1.665492867,17.97392567,-5.2299862,1.643149245,91.54023767,-19.73058513,54.54197804,36.9566758,10.70931739,7.256443293
1.666516033,18.01592433,-5.2350375,1.643550061,91.75413462,-19.7496416,54.59497476,37.11757602,10.71972329,7.288036052
1.667508767,18.06357767,-5.247187133,1.643836652,91.99683049,-19.79547717,54.72244507,37.23280158,10.74475209,7.31066059
1.668479067,18.105706,-5.257378233,1.64418268,92.21138783,-19.83392399,54.82936704,37.34043695,10.76574622,7.331794796
1.669499667,18.14725,-5.2607708,1.644587667,92.42296919,-19.84672275,54.86496083,37.51642452,10.77273506,7.366349955
1.670486867,18.19650967,-5.280070333,1.644844921,92.67384602,-19.91953195,55.06744575,37.56481644,10.81249297,7.375851708
1.671521,18.236254,-5.282213233,1.645290109,92.87626178,-19.92761623,55.08992841,37.74474953,10.81690744,7.41118157
1.672524767,18.27139933,-5.263758333,1.645773081,93.05525507,-19.85799349,54.89630513,38.1173661,10.77888951,7.484344834
1.673506,18.319961,-5.267079533,1.646034711,93.30257703,-19.87052301,54.93115017,38.32984303,10.78573134,7.526064678
1.674514867,18.35550367,-5.2695697,1.646516895,93.48359392,-19.87991738,54.95727625,38.48473384,10.79086119,7.556477489
1.675475867,18.40466533,-5.283837633,1.646749401,93.73397165,-19.93374442,55.10697113,38.58541668,10.82025378,7.576246566
1.676518,18.44310867,-5.254137333,1.647221868,93.92976148,-19.82169741,54.79536449,39.09281316,10.75906982,7.675873863
1.677493267,18.487216,-5.282119933,1.647543538,94.15439776,-19.92726424,55.08894954,39.02386439,10.81671524,7.662335773
1.678472,18.53007567,-5.287355433,1.647887162,94.37267974,-19.94701563,55.14387883,39.18721707,10.82750061,7.694410072
1.679511667,18.56828933,-5.2804483,1.648360566,94.56729989,-19.92095786,55.07141126,39.45430479,10.8132716,7.746852746
1.680516033,18.61458467,-5.303990833,1.648678913,94.80307953,-20.00977415,55.31841246,39.44308324,10.86177029,7.744649394
1.6814923,18.664528,-5.312372667,1.648915103,95.05743825,-20.04139535,55.40635214,39.60950227,10.87903724,7.777325771
1.682487633,18.710184,-5.317026767,1.64923389,95.2899618,-20.05895336,55.45518156,39.7931964,10.8886249,7.813394114
1.683495533,18.75493933,-5.334756833,1.649578591,95.51789831,-20.1258416,55.64120011,39.83511437,10.92514964,7.821624706
1.684461367,18.800686,-5.3339524,1.649866535,95.75088363,-20.12280681,55.63276023,40.07653956,10.92349247,7.869028542
1.685505767,18.83509833,-5.2907931,1.650401001,95.92614379,-19.95998453,55.1799458,40.70461416,10.83458236,7.992350989
1.686495067,18.901905,-5.393816633,1.650400338,96.26638655,-20.34864992,56.26083782,39.9639649,11.04681551,7.846924508
1.687480167,18.93558367,-5.358610633,1.650886376,96.43791019,-20.21583217,55.89146702,40.50485934,10.97428955,7.953129131
1.688493767,18.972491,-5.3619431,1.651353071,96.62587726,-20.2284042,55.92643026,40.65786316,10.98115458,7.983171432
1.6895106,19.012256,-5.341651933,1.651780653,96.82839827,-20.15185398,55.71354143,41.07327301,10.93935386,8.064737155
1.690445167,19.05714567,-5.361656667,1.65205003,97.05701893,-20.2273236,55.92342509,41.09201,10.98056452,8.068416164
1.6915159,19.098444,-5.378121233,1.652508791,97.26734912,-20.28943763,56.09616639,41.1295989,11.01448227,8.075796744
1.692484467,19.14176233,-5.380348833,1.652835452,97.48796707,-20.29784145,56.1195377,41.32684553,11.01907123,8.11452612
1.693482033,19.18740567,-5.382150333,1.65315666,97.72042611,-20.30463777,56.1384385,41.54040378,11.0227824,8.156458282
1.694457867,19.229419,-5.379789,1.653509926,97.93439776,-20.29572943,56.11366409,41.77914983,11.01791794,8.203336069
1.695459467,19.26861833,-5.3793049,1.653930657,98.13403786,-20.29390312,56.10858506,41.98386896,11.01692068,8.24353267
1.696429967,19.310034,-5.3815406,1.654287446,98.34496562,-20.3023375,56.13204136,42.17134043,11.02152632,8.280342693
1.697446367,19.34773167,-5.353660433,1.65474523,98.53695781,-20.1971571,55.83953101,42.65584297,10.96409191,8.375474767
1.6984683,19.39250733,-5.369078,1.655103662,98.76499788,-20.25532124,56.00128749,42.72212655,10.9958528,8.388489548
1.699470833,19.433428,-5.3679654,1.655499819,98.97340463,-20.25112385,55.98961443,42.94220637,10.99356079,8.431702221
1.7004868,19.472894,-5.362004933,1.655930966,99.17440285,-20.22863747,55.927079,43.20574002,10.98128196,8.483447052
1.701467133,19.51689333,-5.376205,1.656259302,99.39848909,-20.28220847,56.07606184,43.28084342,11.01053474,8.498193605
1.702465133,19.552843,-5.352914333,1.656724588,99.58157881,-20.19434237,55.83170315,43.70829183,10.96255491,8.5821231
1.703471033,19.60303867,-5.373832533,1.656986672,99.83722265,-20.27325813,56.05117063,43.74446818,11.00564735,8.589226327
1.704488167,19.63760767,-5.3613798,1.65749155,100.0132807,-20.2262791,55.92052029,44.05117658,10.97999416,8.649448522
1.7054577,19.691653,-5.393564733,1.657660222,100.2885307,-20.3476996,56.25819496,43.98875189,11.04629658,8.637191434
1.706490833,19.73500067,-5.397397333,1.658051015,100.509298,-20.36215842,56.29840545,44.16930874,11.05419191,8.672643771
1.7074961,19.776555,-5.403068667,1.658440516,100.720932,-20.38355403,56.35790738,44.3214408,11.06587511,8.7025149
1.708455367,19.82046867,-5.401824,1.658749055,100.944582,-20.37885841,56.34484871,44.55814941,11.06331104,8.748992637
1.7094758,19.878147,-5.4460117,1.658914792,101.2383346,-20.54556042,56.8084528,44.38829797,11.15433971,8.715642306
1.710497367,19.90914767,-5.421923933,1.65947698,101.3962193,-20.45468719,56.55573118,44.79890432,11.10471782,8.796264863
1.711472033,19.94380833,-5.401205233,1.659938034,101.5727442,-20.37652406,56.33835679,45.19280362,11.06203636,8.873606991
1.712502467,19.99074933,-5.4049409,1.660272879,101.8118122,-20.3906172,56.37755029,45.39267812,11.069732,8.912852348
1.7134623,20.02724333,-5.398553233,1.660691933,101.9976742,-20.36651916,56.3105328,45.64555758,11.05657312,8.962505231
1.714468233,20.08637033,-5.458179,1.660821702,102.2988049,-20.59146263,56.93610847,45.32111255,11.1794049,8.89880045
1.715455867,20.137695,-5.443998967,1.66104879,102.5601986,-20.5379672,56.78733581,45.73127898,11.15019339,8.979336628
1.716452033,20.20772,-5.5234782,1.661007302,102.9168322,-20.83780964,57.62120809,45.25404026,11.31392421,8.885630805
1.717449267,20.25147433,-5.5303046,1.66135617,103.1396707,-20.86356283,57.69282863,45.40525819,11.3279869,8.915322445
1.718463567,20.27933233,-5.4907923,1.66195766,103.28155,-20.71449919,57.27827743,45.96168869,11.24658977,9.024577574
1.7194662,20.342514,-5.561535367,1.662024047,103.6033308,-20.98138366,58.02049247,45.54125448,11.3923237,8.942025317
1.7204671,20.374554,-5.525474533,1.662550167,103.7665088,-20.84534098,57.64215302,46.08277193,11.31803675,9.048352268
1.721506967,20.40832967,-5.5226199,1.663089535,103.9385264,-20.83457162,57.61220307,46.28473954,11.31215607,9.088008608
1.7225165,20.452554,-5.517280867,1.663443737,104.1637586,-20.81442965,57.55618753,46.56598723,11.30115742,9.143231592
1.7234636,20.48509267,-5.496899433,1.663908669,104.3294763,-20.73753889,57.34235164,46.9455408,11.25917074,9.217756935
1.724486533,20.520427,-5.4805668,1.664408006,104.5094321,-20.67592259,57.17099455,47.29685375,11.22552478,9.286737234
1.725503533,20.562146,-5.489906467,1.6648068,104.7219048,-20.7111573,57.26898353,47.41133739,11.24476492,9.309216097
1.7264593,20.60779067,-5.5149849,1.665086189,104.9543706,-20.80576791,57.53209894,47.38068783,11.29642763,9.303198055
1.727460867,20.64195967,-5.482319967,1.665581428,105.1283915,-20.68253656,57.18938825,47.89741939,11.22913638,9.404658298
1.728474667,20.684756,-5.488774133,1.665961057,105.3463509,-20.70688548,57.25710343,48.04766364,11.24243226,9.434158755
1.729448367,20.72904833,-5.503907867,1.666278419,105.5719294,-20.76397882,57.41588202,48.11446352,11.27360844,9.447274912
1.730433,20.763965,-5.453742833,1.666745645,105.7497581,-20.5747268,56.88956554,48.81860871,11.17026619,9.585533821
1.731487067,20.821987,-5.5045231,1.666939923,106.045261,-20.76629985,57.42233687,48.58134031,11.27487584,9.53894617
1.732466467,20.86737133,-5.521755867,1.667246802,106.276401,-20.83131198,57.60313789,48.63167926,11.31037612,9.548830223
1.733455,20.922616,-5.552946233,1.667416702,106.5577591,-20.9489804,57.93037786,48.58579741,11.37462969,9.539821321
1.7344923,20.95731433,-5.543825933,1.66793983,106.7344759,-20.91457326,57.83469041,48.85820161,11.35584146,9.593307885
1.735465033,21.00296067,-5.549901967,1.668236161,106.9669502,-20.93749563,57.89843833,49.02692801,11.36835837,9.626437315
1.736456167,21.04194,-5.528974833,1.668649686,107.1654698,-20.85854617,57.67887712,49.44500887,11.32524752,9.708527491
1.737454133,21.08526733,-5.5267833,1.669005614,107.3861336,-20.85027842,57.65588421,49.68866556,11.32073286,9.756369482
1.738439633,21.12806067,-5.5498058,1.669356988,107.6040778,-20.93713283,57.89742938,49.66506454,11.36816026,9.751735422
1.739455267,21.17898367,-5.5626348,1.669618027,107.8634259,-20.98553137,58.0320274,49.78981462,11.39458858,9.776230101
1.740462433,21.215405,-5.534063133,1.67008549,108.0489177,-20.87774223,57.73226204,50.27507187,11.33572965,9.871510363
1.741450967,21.27134733,-5.5859974,1.670245051,108.333829,-21.07366884,58.27714079,50.01510442,11.44271659,9.820465753
1.7424597,21.32003633,-5.596662833,1.670532295,108.5817995,-21.11390513,58.38903932,50.15117635,11.46468787,9.847183477
1.74352,21.342816,-5.531910433,1.671255038,108.6978151,-20.86962098,57.70967656,50.94655473,11.33129499,10.00335602
1.7444886,21.393872,-5.573224833,1.671467073,108.9578406,-21.02548321,58.14313485,50.7731219,11.41640453,9.969302486
1.7454809,21.44877233,-5.597847,1.671645842,109.237445,-21.11837251,58.40146324,50.79439796,11.46712731,9.97348004
1.7465039,21.47732933,-5.5705827,1.672245675,109.3828843,-21.01551552,58.11541438,51.22588609,11.41096161,10.05820273
1.747484367,21.523578,-5.585365467,1.672540813,109.6184263,-21.07128482,58.27051074,51.30633171,11.44141478,10.07399823
1.748484067,21.55620767,-5.557214433,1.673056996,109.7846074,-20.96508256,57.97515854,51.76786505,11.38342238,10.1646203
1.749504767,21.58964267,-5.527980467,1.673582245,109.9548901,-20.85479483,57.66844452,52.24486172,11.32319908,10.2582786
1.750483533,21.631362,-5.538993833,1.673942801,110.1673644,-20.89634373,57.78399346,52.3417871,11.34588712,10.2773099
1.751504,21.678526,-5.5516855,1.674264376,110.4075681,-20.94422417,57.91715062,52.44883366,11.37203253,10.29832849
1.7524984,21.71914267,-5.563217633,1.674656904,110.6144266,-20.98773016,58.03814231,52.53470047,11.39578924,10.31518844
1.7534705,21.761524,-5.567624267,1.675000984,110.8302725,-21.00435457,58.08437538,52.70431325,11.40486711,10.34849191
1.754507667,21.79782,-5.5730945,1.675500304,111.0151261,-21.02499151,58.14176743,52.83177478,11.41613604,10.37351898
1.755489633,21.844843,-5.562470767,1.675785468,111.2546117,-20.98491254,58.03030641,53.18272142,11.39425066,10.44242735
1.7564769,21.89034733,-5.571934667,1.676098436,111.4863628,-21.02061594,58.12959881,53.31518014,11.41374673,10.46843562
1.75753,21.93184933,-5.5670357,1.676536546,111.6977302,-21.00213415,58.07820032,53.57794609,11.40365463,10.52002971
1.758477133,21.98488567,-5.598034067,1.676697769,111.9678414,-21.11907823,58.40342589,53.52283172,11.46751267,10.50920801
1.759496833,22.03336967,-5.608157,1.676999017,112.2147678,-21.15726789,58.50963267,53.66355134,11.48836637,10.53683831
1.760507067,22.07183467,-5.586377133,1.677439263,112.410668,-21.07510142,58.28112484,54.08795935,11.44349886,10.62017082
1.761462533,22.11697467,-5.590784233,1.67772583,112.6405636,-21.09172759,58.32736281,54.27161697,11.45257769,10.65623199
1.762505033,22.16490633,-5.6214935,1.678058063,112.884677,-21.20758102,58.64955523,54.19353796,11.51584017,10.64090118
1.7634884,22.199397,-5.598305367,1.678530335,113.0603361,-21.12010173,58.40627229,54.61248001,11.46807156,10.72316045
1.764512533,22.24953533,-5.618764433,1.678811502,113.315688,-21.19728537,58.62092268,54.65318146,11.51021817,10.73115218
1.765517133,22.28114667,-5.592886433,1.679347675,113.4766828,-21.09965833,58.34941846,55.0856805,11.45690832,10.81607337
1.766500867,22.31674233,-5.581375933,1.67980394,113.6579696,-21.05623395,58.22865375,55.38773203,11.43319616,10.87538118
1.767510133,22.35234933,-5.588810767,1.68028557,113.8393141,-21.08428252,58.30665779,55.49107252,11.44851226,10.89567209
1.7684862,22.40399367,-5.608454533,1.680496354,114.102336,-21.15839036,58.5127543,55.54799783,11.48897931,10.90684937
1.769505967,22.44717,-5.609764933,1.680876319,114.3222307,-21.16333396,58.52650262,55.75414425,11.49167879,10.94732622
1.770487267,22.48950167,-5.608313067,1.681230334,114.5378236,-21.15785667,58.51127007,55.9849697,11.48868788,10.9926488
1.771489767,22.52959,-5.588447433,1.681638792,114.7419913,-21.08291181,58.30284581,56.3975617,11.44776377,11.07366124
1.772454433,22.57722833,-5.606668933,1.681897538,114.9846108,-21.15165403,58.49402032,56.44900666,11.48530089,11.08376246
1.773517233,22.634664,-5.6349142,1.682109237,115.2771276,-21.25821179,58.79036119,56.44518256,11.54348742,11.08301159
1.7744896,22.66364233,-5.595591067,1.682652193,115.4247127,-21.1098618,58.37779466,57.00533417,11.46247998,11.19299736
1.775479667,22.72158867,-5.6537021,1.682783592,115.7198302,-21.32909081,58.9874782,56.6907682,11.58219134,11.13123234
1.776542633,22.75804333,-5.6310342,1.683306361,115.9054919,-21.24357415,58.74965339,57.11425467,11.53549444,11.2143839
1.777523067,22.803887,-5.6459654,1.683607468,116.1389712,-21.29990342,58.90630706,57.19108033,11.56625339,11.22946862
1.778476533,22.84014133,-5.644534433,1.684023706,116.3236126,-21.29450497,58.89129379,57.39073497,11.56330554,11.26867081
1.7794847,22.87138233,-5.6104067,1.684568933,116.4827213,-21.16575508,58.53323585,57.90790165,11.49300086,11.37021649
1.780477367,22.921403,-5.619425,1.684820377,116.7374739,-21.19977742,58.62785315,58.06803692,11.51157897,11.40165905
1.781502167,22.96637467,-5.619802467,1.685178771,116.9665122,-21.20120144,58.63181341,58.29311493,11.51235656,11.44585312
1.7824527,23.00598333,-5.634518,1.68554237,117.168237,-21.25671709,58.78620438,58.34044878,11.54267123,11.45514712
1.783498667,23.04924967,-5.6250342,1.685947202,117.3885901,-21.22093862,58.68670319,58.66030308,11.52313417,11.51795051
1.784496867,23.11184633,-5.668381233,1.686017824,117.7073916,-21.38446913,59.14148726,58.52432046,11.61243102,11.49125032
1.785483533,23.15146167,-5.661111233,1.686417457,117.9091503,-21.35704242,59.0652126,58.80235389,11.59745449,11.54584219
1.786472567,23.18521867,-5.660337133,1.686906268,118.0810729,-21.35412206,59.05709098,58.9823981,11.59585981,11.58119387
1.787516067,23.21716033,-5.606562,1.687476446,118.2437501,-21.15125061,58.49289841,59.70926786,11.4850806,11.72391474
1.788502867,23.25692433,-5.619077367,1.68787401,118.446266,-21.19846594,58.62420588,59.7804763,11.51086282,11.73789652
1.7894874,23.29310233,-5.609735333,1.688322445,118.6305186,-21.16322229,58.52619207,60.06274273,11.49161781,11.79331953
1.790511667,23.336632,-5.6151802,1.688701675,118.8522129,-21.18376353,58.58331798,60.22731107,11.50283448,11.82563253
1.791439733,23.368189,-5.572620233,1.689162119,119.012931,-21.0232023,58.13679157,60.83455559,11.41515902,11.94486499
1.7924925,23.425441,-5.628541767,1.689366507,119.3045124,-21.23417123,58.72350353,60.53942499,11.53035992,11.8869161
1.793522633,23.45693333,-5.599197867,1.689929976,119.4649011,-21.12346877,58.41563613,61.00768115,11.46991015,11.97885819
1.794483067,23.509579,-5.603483833,1.690110289,119.7330227,-21.13963796,58.4606032,61.23083562,11.47873944,12.02267457
1.7955363,23.55503167,-5.611551133,1.690489989,119.9645107,-21.17007256,58.5452429,61.37768392,11.49535844,12.05150824
1.796498667,23.59389133,-5.609493767,1.69087652,120.1624208,-21.16231096,58.52365762,61.59717939,11.49112017,12.09460617
1.7974806,23.63240333,-5.6125423,1.69128777,120.3585604,-21.17381182,58.55564192,61.76133464,11.49740029,12.12683806
1.798514433,23.676693,-5.621633367,1.691665304,120.5841253,-21.20810868,58.65102267,61.89151878,11.5161283,12.15239971
1.799503267,23.71668433,-5.604576467,1.692061533,120.787799,-21.14376001,58.47206679,62.27414838,11.48099031,12.22752903
1.8004755,23.76939633,-5.623115067,1.692252662,121.0562584,-21.21369852,58.66656822,62.34810633,11.51918067,12.24205068
1.8014972,23.817025,-5.6642971,1.692568585,121.2988286,-21.36906138,59.09863776,62.15860702,11.60401752,12.20484249
1.8024607,23.86688767,-5.663220067,1.692793203,121.5527765,-21.36499818,59.08733785,62.42385482,11.60179879,12.25692389
1.803465633,23.89862567,-5.635760967,1.693327832,121.7144164,-21.2614063,58.79924521,62.87358739,11.5452318,12.34522888
1.804484067,23.922572,-5.6077272,1.693991421,121.8363738,-21.15564643,58.50512334,63.28966665,11.48748097,12.42692605
1.8055059,23.96632833,-5.615375867,1.694364858,122.0592225,-21.1845017,58.58537085,63.43226779,11.50323757,12.45492578
1.806506,24.01828533,-5.632890667,1.694595042,122.3238367,-21.25057783,58.76913088,63.51312197,11.53931885,12.4708015
1.807495133,24.05760367,-5.6162389,1.695001543,122.5240828,-21.18775757,58.59442554,63.88807347,11.50501545,12.54442323
1.808463033,24.112627,-5.649775167,1.695154089,122.8043137,-21.3142761,58.94627799,63.8164519,11.57410168,12.53036033
1.8095174,24.15739067,-5.642707667,1.695545133,123.0322927,-21.28761333,58.8721279,64.11858094,11.55954231,12.58968337
1.810480367,24.20555067,-5.669606067,1.695794448,123.277569,-21.38908993,59.15433785,64.08164728,11.61495424,12.58243144
1.8114744,24.24115767,-5.661557167,1.696260845,123.4589135,-21.35872474,59.0698912,64.34743846,11.59837314,12.63461954
1.812477233,24.274822,-5.644351,1.696764829,123.6303641,-21.29381296,58.88936926,64.69941105,11.56292765,12.70372936
1.8134434,24.32124967,-5.663294633,1.697043015,123.8668178,-21.36527949,59.08812018,64.73711374,11.6019524,12.71113228
1.814480233,24.358997,-5.632110267,1.697520496,124.0590629,-21.24763371,58.76094316,65.2565359,11.53771119,12.81312082
1.815469767,24.400019,-5.6483213,1.697902152,124.2679857,-21.30879126,58.93102446,65.29537744,11.57110665,12.82074736
1.8164827,24.45183367,-5.652278267,1.698147278,124.5318751,-21.32371927,58.97253977,65.51775145,11.57925818,12.8644105
1.8174778,24.478857,-5.608785,1.698741937,124.6695034,-21.15963708,58.51622146,66.11169815,11.48966008,12.98103193
1.8184959,24.531893,-5.650829933,1.698974132,124.9396129,-21.3182553,58.95734429,65.94068481,11.57627455,12.94745346
1.8194693,24.57546,-5.6523153,1.699301942,125.1614973,-21.32385898,58.97292831,66.14698518,11.57933447,12.98796054
1.820466167,24.61650133,-5.644477833,1.699690644,125.3705186,-21.29429145,58.89069996,66.43823484,11.56318894,13.04514741
1.821474733,24.65481567,-5.6467854,1.700131457,125.5656515,-21.30299694,58.91491026,66.60915738,11.56794263,13.07870805
1.822471533,24.69603067,-5.623442767,1.700517519,125.7755573,-21.2149348,58.67000635,67.06396707,11.51985575,13.16800993
1.823491067,24.74124233,-5.6605514,1.700867091,126.0058178,-21.3549304,59.059339,66.904895,11.59630121,13.13677613
1.824453933,24.781246,-5.635136133,1.70123717,126.2095544,-21.25904906,58.79268964,67.37528089,11.54394461,13.2291364
1.8254584,24.82495567,-5.646189867,1.701593932,126.4321654,-21.30075024,58.9086621,67.48191941,11.5667158,13.25007488
1.826475533,24.87234567,-5.633114667,1.701908824,126.6735201,-21.25142289,58.77148102,67.86045522,11.5397803,13.32440038
1.827451967,24.91587467,-5.649346667,1.702240231,126.8952109,-21.31265955,58.9417823,67.9118448,11.57321895,13.33449073
1.828506267,24.95205433,-5.642002267,1.702758408,127.079472,-21.28495215,58.86472706,68.17316114,11.55808916,13.38580019
1.829465267,24.99021667,-5.6426104,1.703151906,127.2738307,-21.28724639,58.87110741,68.3611395,11.55934194,13.42270974
1.8304867,25.03902567,-5.6623823,1.703450071,127.5224124,-21.36183763,59.07854826,68.40228027,11.60007295,13.43078773
1.8314754,25.072328,-5.653110967,1.703945286,127.6920194,-21.3268607,58.98127621,68.66915931,11.58097358,13.48318943
1.8324864,25.1062,-5.628956633,1.70445436,127.8645276,-21.23573635,58.72785618,69.09508761,11.53121456,13.56682045
1.833497667,25.151183,-5.623711733,1.704799053,128.0936236,-21.2159495,58.67282827,69.37921153,11.52040983,13.62260818
1.8344868,25.20498467,-5.657030433,1.704990936,128.3676326,-21.34164724,59.02239807,69.30365072,11.58904786,13.60777182
1.835467,25.24702067,-5.637388867,1.705348232,128.5817197,-21.26754769,58.81632465,69.72381123,11.54858534,13.69027034
1.836463167,25.297874,-5.672057433,1.705590837,128.840713,-21.39833792,59.18005685,69.61907232,11.62000416,13.66970485
1.8375122,25.34244167,-5.6731089,1.705979452,129.0676937,-21.40230467,59.19108853,69.83502138,11.62217023,13.71210645
1.838470233,25.37920933,-5.660703967,1.70639265,129.2549495,-21.35550597,59.06093969,70.15242597,11.59661551,13.77442884
1.839506967,25.42971033,-5.6701668,1.706681042,129.5121484,-21.39120534,59.16022089,70.31034364,11.61610937,13.80543597
1.840499367,25.463839,-5.6532669,1.707167712,129.6859638,-21.32744898,58.98291221,70.66146779,11.58129481,13.8743792
1.8414647,25.50797533,-5.654380167,1.707479019,129.9107478,-21.33164887,58.99459227,70.87457171,11.58358819,13.91622215
1.842452467,25.52812133,-5.612419767,1.708168255,130.0133503,-21.17334956,58.55435634,71.41741014,11.49714787,14.02280848
1.843433633,25.59564767,-5.668049033,1.708148794,130.3572583,-21.38321588,59.13800192,71.17767254,11.61174668,13.975736
1.844494933,25.65179033,-5.681444967,1.708378154,130.6431899,-21.43375322,59.27854804,71.32305801,11.63934291,14.00428244
1.845515,25.70002633,-5.7075119,1.708683443,130.8888532,-21.53209303,59.55203449,71.29523492,11.69304197,13.99881938
1.8465005,25.73286433,-5.680182733,1.709182339,131.0560954,-21.42899134,59.26530506,71.74920651,11.63674265,14.0879567
1.847551867,25.77664767,-5.687794033,1.709584909,131.2790816,-21.45770564,59.34516054,71.89233719,11.65242227,14.11606041
1.848493467,25.800169,-5.636141,1.710177962,131.3988745,-21.26284,58.8032324,72.55405822,11.54601468,14.24598933
1.849515567,25.84824867,-5.6663583,1.710487602,131.6437416,-21.37683744,59.12026325,72.48189453,11.60826369,14.23181999
1.8505415,25.88406533,-5.642326367,1.710982792,131.826154,-21.28617485,58.86812742,72.91644272,11.55875682,14.31714353
1.851540233,25.93268967,-5.675715733,1.711260994,132.0737951,-21.41213918,59.21843864,72.81377262,11.62754043,14.29698425
1.852495467,25.963602,-5.650551667,1.711758158,132.2312299,-21.31720552,58.9544248,73.23522131,11.57570131,14.3797357
1.853514633,25.998648,-5.647902,1.712258001,132.4097173,-21.30720942,58.92662529,73.44150822,11.57024288,14.42024014
1.854531233,26.06223767,-5.6864985,1.712332308,132.7335761,-21.45281812,59.33156819,73.36042407,11.64975341,14.40431927
1.8555039,26.09856667,-5.647242533,1.71276664,132.9185977,-21.30472152,58.91970636,73.95730754,11.56888434,14.52151734
1.8565004,26.15577233,-5.688224333,1.712915447,133.2099431,-21.45932898,59.34967512,73.81868417,11.65330871,14.49429864
1.8574896,26.18302967,-5.651497667,1.713500739,133.3487633,-21.32077439,58.96434995,74.34282948,11.57765011,14.59721457
1.8585385,26.21294433,-5.628167333,1.714106353,133.5011171,-21.23275864,58.71957508,74.73995813,11.52958857,14.67519078
1.859517567,26.25688633,-5.631594667,1.714434273,133.7249113,-21.24568856,58.75553364,74.92779382,11.53664903,14.71207232
1.860490267,26.303532,-5.667524967,1.714715762,133.9624752,-21.38123879,59.13250357,74.78838776,11.61066708,14.68469994
1.8615165,26.35109467,-5.653615167,1.715037196,134.2047093,-21.32876284,58.98656612,75.17655932,11.58201226,14.76091742
1.862494967,26.38846867,-5.6648825,1.715461842,134.3950531,-21.37126985,59.1047796,75.24868961,11.60522348,14.77508021
1.8634918,26.42405733,-5.645025233,1.71593131,134.5763042,-21.29635656,58.89644312,75.63827727,11.56431661,14.85157574
1.8645046,26.46450333,-5.643138867,1.716344768,134.7822935,-21.28924007,58.87665192,75.86405776,11.56043061,14.89590774
1.865496133,26.49949233,-5.6269072,1.716817823,134.9604906,-21.22800468,58.70635414,76.21255264,11.52699264,14.96433471
1.8665144,26.53158567,-5.588815067,1.71736052,135.1239402,-21.08429874,58.3067029,76.7756535,11.44852112,15.07489957
1.867531967,26.56523433,-5.5942014,1.717879469,135.2953111,-21.10461916,58.3632147,76.89051256,11.45961721,15.09745214
1.8684839,26.605494,-5.5959015,1.718234821,135.5003514,-21.11103293,58.38105164,77.07771594,11.46311949,15.13420952
1.8695164,26.64937167,-5.597220433,1.718617128,135.723818,-21.11600873,58.39488949,77.28734469,11.46583655,15.17537013
1.870539733,26.698658,-5.615505233,1.71891012,135.9748307,-21.18498975,58.58672813,77.34651869,11.50350407,15.18698895
1.871521033,26.74560867,-5.6069951,1.719195689,136.2139479,-21.15288452,58.49744236,77.67492168,11.48597281,15.25147087
1.872519033,26.78999967,-5.5706137,1.719535888,136.4400289,-21.01563247,58.11573962,78.2827054,11.41102547,15.37080921
1.873521667,26.824777,-5.587823567,1.720023179,136.617148,-21.08055822,58.29630038,78.27926373,11.44647858,15.37013343
1.874482733,26.855913,-5.5753986,1.720522863,136.7757219,-21.03368393,58.16594136,78.56819673,11.42088259,15.42686543
1.875514133,26.91128133,-5.586726033,1.720733796,137.0577099,-21.07641768,58.28478539,78.73134064,11.44421761,15.45889874
1.8765096,26.96721767,-5.6081761,1.72090038,137.3425906,-21.15733995,58.50983306,78.79117372,11.48840572,15.47064696
1.8774926,27.02012733,-5.650798,1.721099346,137.6120567,-21.31813483,58.95700925,78.61346361,11.57620877,15.43575358
1.878530433,27.04300233,-5.5963335,1.72179821,137.7285578,-21.11266269,58.38558405,79.30138996,11.46400943,15.57082792
1.879505533,27.08220933,-5.596504067,1.722192328,137.928237,-21.11330617,58.38737359,79.49927957,11.4643608,15.60968354
1.880496333,27.126133,-5.596407233,1.722532252,138.1519379,-21.11294086,58.38635764,79.72399639,11.46416132,15.65380669
1.881511467,27.16374967,-5.577032733,1.72298997,138.3435175,-21.03984884,58.1830862,80.1188475,11.42424897,15.73133571
1.8825429,27.203463,-5.5977815,1.723432917,138.5457754,-21.1181254,58.40077603,80.10341553,11.46699237,15.72830564
1.883519733,27.24499567,-5.5828344,1.723794306,138.757299,-21.06173615,58.24395554,80.47175966,11.43620067,15.80063001
1.884522533,27.27842233,-5.557988333,1.724301778,138.9275393,-20.96800216,57.98327806,80.90267736,11.38501665,15.8852407
1.885507667,27.326374,-5.5734501,1.724576348,139.1717545,-21.02633304,58.14549828,80.9846724,11.41686859,15.90134043
1.886512367,27.36973833,-5.569194167,1.724938461,139.3926067,-21.01027716,58.1008463,81.2501766,11.40810117,15.95347218
1.887499067,27.413354,-5.5853718,1.725278849,139.614739,-21.07130871,58.27057718,81.30257797,11.44142783,15.96376118
1.888512,27.47588033,-5.6157659,1.725365247,139.9331822,-21.18597314,58.58946297,81.30213544,11.50404105,15.96367429
1.889488133,27.52171133,-5.604666567,1.725662241,140.1665971,-21.14409992,58.47301209,81.65200114,11.48117592,16.03237042
1.890502367,27.57427667,-5.639708833,1.725897544,140.4343095,-21.27629997,58.84066504,81.5520606,11.55336458,16.0127471
1.8915146,27.61463267,-5.633670967,1.726311768,140.6398404,-21.25352159,58.77731756,81.82093903,11.5409263,16.06554138
1.8924626,27.65545,-5.649108267,1.726654923,140.8477209,-21.31176016,58.93928108,81.86685599,11.57272784,16.07455717
1.893498633,27.69377433,-5.614537733,1.727123054,141.0429047,-21.18133977,58.57657741,82.42474343,11.50151097,16.18409837
1.894513267,27.71915767,-5.608501767,1.727761549,141.1721806,-21.15856855,58.51324986,82.61734694,11.48907661,16.22191607
1.895475433,27.77192233,-5.6320998,1.727941831,141.4409082,-21.24759422,58.76083335,82.63849106,11.53768963,16.22606772
1.896517967,27.81095567,-5.600643467,1.728405955,141.6397029,-21.12892242,58.43080293,83.16731615,11.47288816,16.32990253
1.897500733,27.868969,-5.6245567,1.728529061,141.9351617,-21.21913721,58.6816934,83.21188446,11.5221505,16.33865351
1.898481867,27.92106367,-5.659076233,1.728738238,142.200477,-21.3493652,59.04386199,83.11503121,11.5932623,16.31963638
1.899519033,27.952439,-5.6219859,1.729310475,142.3602699,-21.20943864,58.65472134,83.66396475,11.51685454,16.42741948
1.900504733,27.979193,-5.6161528,1.729899725,142.4965266,-21.18743275,58.5935222,83.86142057,11.50483808,16.46618993
1.9014792,28.01739833,-5.580843433,1.730308052,142.6911043,-21.05422505,58.22306692,84.42645357,11.43209919,16.57713416
1.9025233,28.06252633,-5.595187833,1.730683431,142.9209388,-21.10834056,58.37356406,84.5057909,11.4616493,16.59271204
1.903536967,28.11174367,-5.629539833,1.730967778,143.1716,-21.23793652,58.73397494,84.39604125,11.53241598,16.5711627
1.904490067,28.147973,-5.606336767,1.73138402,143.3561141,-21.1504009,58.49053533,84.82399492,11.48461661,16.6551914
1.905544767,28.19663633,-5.6034808,1.731717611,143.6039538,-21.13962651,58.46057138,85.10179861,11.47873319,16.70973816
1.906493,28.23425,-5.6148726,1.732108472,143.7955182,-21.18260309,58.58009073,85.17384364,11.50220081,16.7238842
1.9074657,28.26448967,-5.581332367,1.732633071,143.9495272,-21.05606959,58.22819666,85.67974671,11.43310641,16.82321827
1.908519833,28.31447367,-5.592989133,1.732946524,144.204093,-21.10004577,58.35049596,85.81201324,11.45711988,16.8491888
1.9095189,28.36136633,-5.625337933,1.73325072,144.4429149,-21.22208448,58.68988987,85.71144116,11.52375988,16.82944147
1.910502167,28.396246,-5.600590233,1.733717128,144.6205551,-21.1287216,58.43024442,86.14872687,11.47277849,16.91530252
1.911498667,28.439852,-5.602117033,1.73406746,144.8426381,-21.13448158,58.44626315,86.35479116,11.47592377,16.95576324
1.912532267,28.48205067,-5.595139033,1.734475746,145.0575537,-21.10815646,58.37305207,86.64291779,11.46154877,17.01233691
1.913483467,28.52002267,-5.583677767,1.734864264,145.250943,-21.06491782,58.25280389,86.95655531,11.43793804,17.07391964
1.914504767,28.56037467,-5.5841753,1.735287615,145.4564536,-21.06679481,58.25802386,87.15684591,11.43896299,17.11324669
1.915517533,28.59621933,-5.576734533,1.735769223,145.6390086,-21.03872386,58.17995757,87.41746717,11.42363467,17.16441968
1.916523233,28.646314,-5.594688867,1.736032604,145.894138,-21.10645817,58.36832905,87.48422513,11.46062141,17.1775276
1.917483933,28.689317,-5.6010054,1.736356071,146.11315,-21.13028785,58.43460023,87.63696593,11.47363375,17.20751826
1.918497933,28.74002067,-5.587869167,1.736618727,146.371381,-21.08073025,58.2967788,88.0330184,11.44657252,17.28528316
1.9195071,28.78158633,-5.587530633,1.73701196,146.5830727,-21.0794531,58.29322701,88.24826189,11.44587512,17.32754622
1.9204788,28.81506933,-5.573464067,1.737487498,146.7535999,-21.02638573,58.14564482,88.56637121,11.41689736,17.39000699
1.921512333,28.85540267,-5.574824967,1.737923358,146.9590154,-21.03151985,58.15992297,88.75750856,11.41970088,17.42753681
1.922535767,28.87623533,-5.5276036,1.738638086,147.065115,-20.85337307,57.66449055,89.35904063,11.32242272,17.54564763
1.923529133,28.92440033,-5.540742267,1.738917728,147.3104168,-20.90293985,57.8023375,89.46649543,11.34948897,17.56674638
1.924531667,28.95596133,-5.510177,1.73945258,147.4711552,-20.78762968,57.48165589,89.94791552,11.28652313,17.66127321
1.925509267,29.014017,-5.550202533,1.739569891,147.7668296,-20.93862954,57.90159178,89.82365402,11.36897755,17.63687447
1.926497633,29.05828633,-5.546652,1.73990226,147.992291,-20.92523484,57.86434065,90.08636649,11.36166329,17.68845806
1.927497933,29.106437,-5.5859405,1.740189048,148.2375197,-21.07345418,58.27654381,89.91939209,11.44259938,17.65567264
1.928469133,29.13862,-5.563773467,1.740683349,148.401426,-20.98982709,58.04397395,90.31586824,11.39693428,17.73352073
1.9295209,29.16198967,-5.536801167,1.741388816,148.5204465,-20.8880717,57.76098866,90.71787398,11.34137012,17.81245456
1.930511833,29.193697,-5.529234733,1.7419099,148.6819302,-20.85952667,57.68160391,90.95874248,11.32578293,17.85974909
1.931490533,29.24957667,-5.532660033,1.742060556,148.9665224,-20.87244891,57.71754113,91.2073974,11.3328392,17.90857248
1.9325385,29.309853,-5.557369567,1.742215328,149.2735065,-20.96566781,57.97678615,91.25513651,11.38374196,17.91794605
1.933517867,29.35617633,-5.573857333,1.74250826,149.5094287,-21.02786937,58.14977085,91.31807405,11.41770751,17.93030384
1.934493,29.40038867,-5.577766233,1.742828241,149.7345998,-21.04261604,58.19078186,91.50223409,11.42576002,17.96646366
1.935536867,29.423882,-5.524760267,1.743523975,149.8542501,-20.84264634,57.63465915,92.17800708,11.31656532,18.09915169
1.936538367,29.48409467,-5.5890387,1.743633224,150.1609099,-21.08514242,58.3090492,91.81027691,11.44898181,18.02694787
1.9375052,29.537391,-5.593677833,1.743810294,150.4323453,-21.10264396,58.35772159,92.03303987,11.45853863,18.07068738
1.938519233,29.575114,-5.574947367,1.744265336,150.6244665,-21.03198161,58.16120715,92.42167552,11.41995302,18.14699599
1.9394814,29.61860633,-5.5861578,1.744583018,150.8459706,-21.07427397,58.27882366,92.52556314,11.44304703,18.16739432
1.9405098,29.66023267,-5.569101967,1.744994586,151.0579713,-21.00992933,58.09987897,92.9165085,11.40791124,18.24415644
1.941517,29.69383367,-5.5475305,1.745503875,151.2290994,-20.92854906,57.87355761,93.31395795,11.36347304,18.32219564
1.942525333,29.739895,-5.5572707,1.745829656,151.4636873,-20.96529483,57.97574887,93.44635459,11.38353829,18.34819172
1.943489033,29.78686,-5.5781118,1.746097413,151.7028775,-21.04391972,58.19440744,93.46688624,11.4264719,18.35222311
1.9444927,29.81424633,-5.547935467,1.74669526,151.8423546,-20.93007684,57.8778064,93.9229644,11.36430729,18.44177406
1.945487433,29.85228833,-5.541066333,1.747126274,152.0361005,-20.90416242,57.80573751,94.18877915,11.35015656,18.49396679
1.946497233,29.88221033,-5.511967,1.74769268,152.1884916,-20.79438262,57.50043603,94.64647177,11.29021062,18.58383473
1.947549433,29.94018633,-5.55595,1.747885772,152.4837603,-20.96031237,57.96189248,94.48028398,11.38081759,18.55120376
1.948504067,29.97402367,-5.541941467,1.748338993,152.656092,-20.90746394,57.81491915,94.79958903,11.35195937,18.61389931
1.9495045,30.00410833,-5.516796767,1.748893621,152.8093116,-20.81260334,57.5511085,95.21661927,11.30016015,18.69578319
1.950505,30.054332,-5.541524367,1.74914989,153.065098,-20.90589039,57.81054306,95.21297114,11.35110013,18.69506688
1.9515198,30.09551933,-5.5161363,1.749554363,153.2748629,-20.81011167,57.54417908,95.6891,11.29879956,18.78855478
1.9525035,30.13064567,-5.5184204,1.750017549,153.4537594,-20.81872864,57.56814317,95.84403244,11.30350491,18.81897577
1.953490067,30.17398333,-5.522312333,1.750361924,153.6744759,-20.8334113,57.60897617,96.02391585,11.31152247,18.85429588
1.954557967,30.20037233,-5.467641667,1.751038783,153.8088736,-20.62716138,57.03538793,96.73190185,11.19889842,18.99330893
1.955522933,30.25190867,-5.516850333,1.751240067,154.0713454,-20.81280542,57.5516705,96.47809105,11.3002705,18.94347318
1.956507667,30.288214,-5.494228367,1.751686816,154.2562465,-20.72746205,57.31432761,96.90033505,11.25366823,19.02638079
1.957548967,30.33456567,-5.474564733,1.752041261,154.492313,-20.65327926,57.10802267,97.34270654,11.21316025,19.11324043
1.958516067,30.389085,-5.5247291,1.752200475,154.7699771,-20.84252877,57.63433216,97.09406109,11.31650112,19.06441889
1.959523167,30.43885167,-5.560694867,1.752470116,155.023436,-20.9782128,58.0116742,96.97017801,11.39059223,19.04009445
1.960523133,30.461364,-5.503568333,1.753136488,155.1380901,-20.7626979,57.41231974,97.68418657,11.27290898,19.18029003
1.961487967,30.513902,-5.5427812,1.753322796,155.4056634,-20.91063191,57.82372938,97.54035014,11.35368926,19.15204775
1.9624629,30.56226367,-5.552063133,1.75358109,155.6519667,-20.94564882,57.92111264,97.68927025,11.37281047,19.18128821
1.9635018,30.58985833,-5.484429333,1.754211083,155.7925049,-20.69049433,57.21151909,98.53940195,11.23348177,19.34821157
1.9645365,30.628985,-5.515650133,1.754665991,155.9917749,-20.80827756,57.53907836,98.41111269,11.29779804,19.32302198
1.965515533,30.67554267,-5.505933433,1.754955117,156.2288906,-20.77162045,57.43713366,98.75017309,11.27778119,19.38959649
1.9665354,30.71838467,-5.4675261,1.755340137,156.4470826,-20.62672539,57.03417544,99.37132332,11.19866035,19.51155933
1.967480967,30.76605867,-5.515059933,1.755579254,156.6898837,-20.80605098,57.53288616,99.11541371,11.2965822,19.46131148
1.968560867,30.79720267,-5.489711733,1.756197652,156.8484984,-20.71042266,57.26694045,99.53997414,11.24436376,19.54467392
1.9694882,30.83969833,-5.480450467,1.75649527,157.0649266,-20.67548371,57.16977402,99.85356872,11.22528513,19.60624822
1.9704655,30.89877233,-5.512263933,1.756597192,157.3657873,-20.79550282,57.50355137,99.82065208,11.29082231,19.59978504
1.971535567,30.95962733,-5.5734296,1.756765489,157.6757185,-21.02625571,58.1452832,99.48885149,11.41682636,19.53463599
1.9724687,30.97026133,-5.487613667,1.757541044,157.7298769,-20.70250751,57.24492816,100.4433649,11.24004164,19.7220547
1.973504867,31.003282,-5.472497767,1.7580879,157.8980494,-20.64548145,57.08633667,100.7701289,11.20890221,19.78621481
1.9745103,31.05710467,-5.502128767,1.758295771,158.1721654,-20.75726701,57.39721624,100.7333653,11.26994341,19.77899627
1.975492967,31.10631933,-5.5134098,1.758549158,158.422813,-20.79982571,57.51557346,100.8656557,11.29318285,19.8049715
1.976514467,31.14518733,-5.505556433,1.758994699,158.6207656,-20.77019819,57.43317829,101.1460035,11.27700456,19.86001779
1.9774933,31.17773433,-5.475731367,1.75949124,158.7865258,-20.65768049,57.12026263,101.6246793,11.21556357,19.95400578
1.9785003,31.221166,-5.501551967,1.759854655,159.0077209,-20.75509098,57.39116463,101.5749724,11.26875517,19.94424584
1.9794885,31.27218067,-5.517302667,1.760086903,159.2675359,-20.81451189,57.55641625,101.6695358,11.30120233,19.96281335
1.980506033,31.29400233,-5.4666786,1.760781075,159.3786724,-20.62352812,57.02528372,102.3118049,11.19691446,20.08892289
1.9814813,31.33767667,-5.456727967,1.761109161,159.6011035,-20.58598848,56.92088466,102.638635,11.1764157,20.15309598
1.982506433,31.38365833,-5.489892933,1.761452923,159.8352856,-20.71110625,57.26884155,102.5248602,11.24473704,20.13075631
1.9834669,31.42416133,-5.4884429,1.761813203,160.0415652,-20.70563587,57.25362823,102.7463532,11.2417499,20.17424644
1.984462067,31.44195267,-5.4200845,1.762544731,160.1321755,-20.44774776,56.5364324,103.5541593,11.1009285,20.33285918
1.985515433,31.49556033,-5.4724331,1.762803722,160.4051965,-20.64523748,57.08565821,103.2779545,11.20876899,20.27862636
1.9864791,31.544784,-5.4721257,1.763037976,160.65589,-20.64407779,57.08243306,103.5318731,11.20813573,20.32848328
1.987514967,31.58654467,-5.4521489,1.763455019,160.8685748,-20.56871355,56.87284247,103.9541485,11.16698262,20.41139706
1.988483333,31.63013967,-5.489991833,1.76377738,161.0906018,-20.71147936,57.26987917,103.7791388,11.24494078,20.3770339
1.989500667,31.666037,-5.463487167,1.764262775,161.273425,-20.61148816,56.99180016,104.240041,11.19033996,20.46753205
1.990533267,31.70257533,-5.4353784,1.764753938,161.4595128,-20.50544535,56.69689141,104.7210375,11.13243463,20.56197572
1.991455967,31.77176667,-5.490256,1.764651338,161.8119005,-20.71247595,57.27265073,104.4976659,11.24548497,20.51811671
1.9924899,31.81955333,-5.506057567,1.764977152,162.0552754,-20.77208876,57.43843603,104.5752556,11.27803691,20.53335143
1.993519667,31.85662067,-5.5018821,1.765457643,162.2440574,-20.75633644,57.39462829,104.8078453,11.26943526,20.57902042
1.9945348,31.88349667,-5.4750309,1.766074519,162.3809354,-20.65503791,57.11291355,105.226438,11.21412058,20.66121111
1.995496267,31.92021267,-5.456225533,1.766491915,162.567928,-20.58409301,56.91561328,105.6107309,11.17538067,20.73666701
1.996510033,31.96966433,-5.464705467,1.766772891,162.8197827,-20.6160843,57.0045822,105.7736167,11.19284971,20.76864963
1.9974765,32.01081967,-5.482517233,1.767129504,163.0293846,-20.68328077,57.19145791,105.7963429,11.22954276,20.77311192
1.998469,32.062606,-5.497465733,1.767354617,163.2931296,-20.73967531,57.34829309,105.9032527,11.26033735,20.79410367
1.999516633,32.10689867,-5.4979491,1.767745907,163.5187098,-20.74149885,57.35336443,106.1237615,11.26133311,20.83740057
2.0004767,32.12440933,-5.454844933,1.768446494,163.6078907,-20.57888457,56.90112844,106.6651784,11.17253657,20.94370778
2.001483067,32.17566733,-5.4731453,1.768693303,163.8689449,-20.64792432,57.0931304,106.7342307,11.21023615,20.95726619
2.0024562,32.203917,-5.445686367,1.769247823,164.0128189,-20.54433307,56.8050395,107.1661956,11.15366951,21.04208251
2.003434433,32.22945167,-5.4202741,1.769847675,164.1428656,-20.44846305,56.53842162,107.5628602,11.10131909,21.11996759
2.004468767,32.285006,-5.428665767,1.770058786,164.4258009,-20.48012135,56.62646447,107.7577526,11.1186063,21.15823471
2.005357067,32.32408333,-5.431738233,1.770368025,164.6248196,-20.4917125,56.65869987,107.9245359,11.12493572,21.19098263
2.005981133,32.35833867,-5.434081567,1.770484485,164.7992802,-20.50055294,56.68328542,108.0744109,11.12976309,21.22041059
2.006232667,32.36521333,-5.436940967,1.770634147,164.8342925,-20.51134027,56.71328539,108.0794233,11.13565359,21.22139476
2.0064335,32.35585167,-5.419658,1.770973705,164.786614,-20.44613876,56.53195769,108.2130725,11.10004989,21.24763679
2.0056014,32.34644767,-5.459939767,1.770280956,164.73872,-20.59810528,56.9545819,107.7425542,11.18303216,21.15525052
2.004619533,32.284648,-5.4337648,1.770214858,164.4239776,-20.49935791,56.679962,107.7024318,11.12911054,21.14737247
2.003619033,32.22293767,-5.4123001,1.770128802,164.1096902,-20.41838043,56.45476081,107.6133455,11.08489228,21.1298804
2.002625833,32.19265,-5.460939433,1.769584415,163.9554367,-20.60187661,56.96507011,106.9487828,11.18509152,20.9993935
2.001603367,32.14250033,-5.486780333,1.769305083,163.7000272,-20.69936369,57.23618508,106.4222582,11.23832494,20.89601041
2.000632367,32.075242,-5.426985267,1.769330739,163.3574841,-20.47378152,56.60883317,106.7070671,11.11514439,20.95193262
1.999644867,32.03006433,-5.445119067,1.769012697,163.1273967,-20.54219288,56.79908756,106.2867253,11.15250084,20.8693985
1.998605833,31.97508367,-5.4128979,1.768788385,162.8473831,-20.42063568,56.46103274,106.3447665,11.08612378,20.8807949
1.9976364,31.934646,-5.427789867,1.768418171,162.6414362,-20.47681694,56.61727479,105.9825776,11.11680191,20.80967911
1.996620733,31.877189,-5.4109543,1.768253921,162.3488108,-20.41330328,56.44064108,105.8665859,11.08211988,20.78690414
1.9955949,31.84772933,-5.438730733,1.767664631,162.1987743,-20.51809233,56.73206309,105.4251274,11.13934059,20.70022376
1.9946661,31.80660467,-5.4401307,1.76734523,161.9893286,-20.52337383,56.74675112,105.2009936,11.14222458,20.6562151
1.9936373,31.75461833,-5.443099167,1.767086781,161.724565,-20.53457263,56.77789538,104.9050858,11.14833976,20.59811359
1.992657267,31.71420733,-5.485544333,1.766705571,161.5187539,-20.69470077,57.22321734,104.2539528,11.23577872,20.47026362
1.991607067,31.66191733,-5.4619619,1.766430222,161.2524438,-20.60573396,56.97579752,104.2350624,11.18719784,20.4665545
1.9906155,31.60838967,-5.444794967,1.766231846,160.9798302,-20.54097018,56.7956872,104.1425592,11.15183318,20.4483915
1.9896096,31.55708967,-5.444774333,1.765986126,160.7185621,-20.54089234,56.79547072,103.8815075,11.15179068,20.397134
1.988632767,31.520454,-5.4958146,1.765552172,160.5319786,-20.73344626,57.3309699,103.1594249,11.25693594,20.25535307
1.987626433,31.474722,-5.455872667,1.765223511,160.299068,-20.58276179,56.91191111,103.345573,11.17465375,20.29190327
1.9866483,31.42756067,-5.4841828,1.76494423,160.0588779,-20.68956427,57.20893254,102.8083615,11.2329739,20.18642178
1.985609767,31.38468533,-5.4825241,1.764541038,159.8405161,-20.68330667,57.19152996,102.6074023,11.22955691,20.14696344
1.9845942,31.339435,-5.480810767,1.764196006,159.6100586,-20.67684297,57.17355418,102.3949206,11.22602736,20.10524265
1.983627067,31.28157367,-5.476197433,1.764086281,159.3153739,-20.65943876,57.12515247,102.1486376,11.21652369,20.05688499
1.982622367,31.22640367,-5.4515872,1.763899108,159.0343961,-20.56659448,56.86694928,102.1258629,11.16582549,20.05241319
1.981622133,31.18649567,-5.4671243,1.763490245,158.8311468,-20.62520957,57.02995987,101.7596031,11.19783262,19.98049806
1.980618967,31.11863467,-5.422500933,1.763492665,158.4855343,-20.45686397,56.56178489,101.8821656,11.10590646,20.00456322
1.979602667,31.07137033,-5.427166167,1.763176744,158.2448196,-20.47446398,56.61073112,101.5925047,11.11551706,19.94768829
1.978616467,31.02875067,-5.457167467,1.762822096,158.02776,-20.58764653,56.92549576,101.0606804,11.17732109,19.84326459
1.977639133,30.970391,-5.4346913,1.762709556,157.7305373,-20.50285321,56.68968256,100.9992709,11.13101917,19.83120684
1.9765985,30.92478,-5.4555952,1.762344802,157.4982429,-20.58171502,56.90900001,100.5476591,11.17408215,19.74253286
1.975642067,30.87292733,-5.414174833,1.762156738,157.2341601,-20.42545302,56.47442995,100.7181463,11.08875432,19.77600803
1.974665533,30.84035867,-5.444911033,1.761662818,157.0682896,-20.54140806,56.79690494,100.2298008,11.15207228,19.6801214
1.973618233,30.795599,-5.461878967,1.761278782,156.840331,-20.60542108,56.97492741,99.8238198,11.187027,19.60040702
1.972629233,30.74901267,-5.442766967,1.760980114,156.6030693,-20.53331937,56.77441003,99.78707548,11.14765541,19.59319227
1.971635133,30.703148,-5.483312433,1.760665652,156.3694831,-20.68628073,57.19980091,99.12809832,11.23118091,19.4638021
1.9705843,30.65695467,-5.474614633,1.760299327,156.1342229,-20.65346751,57.1085462,98.98409286,11.21326305,19.43552663
1.969611833,30.63171833,-5.5225517,1.75970082,156.0056956,-20.83431433,57.61148753,98.35262424,11.31201558,19.31153777
1.9686485,30.571287,-5.480706533,1.759632979,155.6979221,-20.67644974,57.17246059,98.48387765,11.22581264,19.33730938
1.967620567,30.52922167,-5.490285567,1.759228384,155.4836856,-20.71258749,57.27296094,98.16914082,11.24554588,19.2755108
1.966636367,30.47937833,-5.503903733,1.758982779,155.2298362,-20.76396323,57.41583866,97.77241368,11.27359992,19.19761343
1.965612,30.42882367,-5.481831367,1.758707548,154.972364,-20.68069328,57.18426201,97.74651813,11.22812984,19.19252884
1.964624333,30.389053,-5.5147797,1.758309216,154.7698141,-20.80499378,57.52994604,97.19828423,11.2960049,19.08488311
1.963621333,30.34272933,-5.512277267,1.757992656,154.5338902,-20.79555312,57.50369126,96.98861507,11.29084978,19.04371457
1.9626352,30.28225633,-5.4581316,1.757902632,154.2259044,-20.59128381,56.93561116,97.24870943,11.17930725,19.0947841
1.961622433,30.240048,-5.4927222,1.757515322,154.0109396,-20.72177991,57.29852536,96.67083045,11.25056545,18.98131756
1.960646067,30.201406,-5.511398967,1.757111565,153.814138,-20.79223966,57.4944764,96.27807778,11.28904044,18.90420057
1.9595892,30.15175967,-5.510590867,1.756790375,153.5612919,-20.78919103,57.48599805,96.03371002,11.28737572,18.85621896
1.9586255,30.10979267,-5.5315407,1.756448556,153.3475562,-20.86822613,57.70579742,95.60017497,11.33053332,18.77109436
1.9576311,30.06819633,-5.5105737,1.756070544,153.1357083,-20.78912627,57.48581795,95.60830656,11.28734035,18.77269099
1.956646267,30.01494533,-5.5088097,1.755874802,152.8645039,-20.78247142,57.46731059,95.35560944,11.28370643,18.72307391
1.9556056,29.96688933,-5.503241833,1.755546245,152.6197572,-20.76146615,57.4088942,95.1692792,11.27223638,18.68648797
1.954618667,29.928274,-5.5328838,1.755131526,152.4230914,-20.87329309,57.71988883,94.66161876,11.33330017,18.58680884
1.953635333,29.880491,-5.538160833,1.754856258,152.1797352,-20.89320117,57.77525388,94.36289745,11.3441711,18.52815491
1.9526203,29.832817,-5.549436533,1.754547673,151.936934,-20.93573974,57.89355514,94.00179507,11.36739955,18.45725246
1.951647533,29.786209,-5.5355992,1.75426556,151.699562,-20.88353718,57.74837799,93.90960018,11.33889402,18.43915
1.9506589,29.73182167,-5.5147648,1.754082856,151.4225702,-20.80493756,57.52978971,93.85119669,11.29597421,18.42768247
1.949614667,29.689251,-5.545408733,1.753669449,151.2057601,-20.92054451,57.85129667,93.31287961,11.3591021,18.32198391
1.948616433,29.637252,-5.5097804,1.753441754,150.940932,-20.78613347,57.47749488,93.42185329,11.28570612,18.34338089
1.947639033,29.59056967,-5.5263346,1.753156108,150.7031814,-20.84858566,57.65117658,93.01042097,11.31980852,18.26259616
1.946615533,29.543188,-5.541122767,1.752834726,150.4618691,-20.90437532,57.80632959,92.61395568,11.35027282,18.1847502
1.945654133,29.48237167,-5.490907333,1.752774523,150.1521348,-20.71493316,57.27948433,92.83106663,11.24682675,18.22737993
1.944666833,29.44740267,-5.534684667,1.752305405,149.9740396,-20.88008702,57.73878298,92.19367274,11.33701004,18.10222764
1.9435861,29.39501867,-5.4841331,1.752000915,149.7072507,-20.68937677,57.2084111,92.45725572,11.23287152,18.15398216
1.942614167,29.383262,-5.5847858,1.751203196,149.6473746,-21.06909797,58.26442905,91.3413617,11.44022064,17.93487637
1.9416371,29.32028033,-5.555709067,1.751159413,149.3266123,-20.95940343,57.95936468,91.32566383,11.38032125,17.93179409
1.940590433,29.27559933,-5.5718667,1.750774844,149.0990544,-21.02035953,58.12888572,90.92858485,11.41360671,17.85382764
1.9396476,29.22774067,-5.5426647,1.750541196,148.8553128,-20.9101924,57.8225071,90.99122186,11.35344927,17.86612641
1.938645967,29.19399267,-5.577542467,1.750039652,148.683436,-21.04177186,58.18843417,90.45341804,11.42529905,17.76052863
1.937579633,29.139811,-5.5664711,1.749776201,148.4074917,-21.00000415,58.07227671,90.29363118,11.40249153,17.72915448
1.936638367,29.08527167,-5.538646567,1.749643116,148.1297258,-20.89503364,57.78035005,90.30779195,11.34517173,17.73193495
1.935629167,29.01703133,-5.5163102,1.749645124,147.7821815,-20.81076772,57.54600359,90.19459406,11.2991578,17.70970854
1.9346004,28.968422,-5.5189616,1.749336667,147.5346168,-20.82077036,57.57382128,89.91921164,11.30461981,17.65563721
1.933646667,28.93251,-5.532373933,1.748915089,147.3517189,-20.87136958,57.71453946,89.59559557,11.33224982,17.59209519
1.932653767,28.90115267,-5.557687133,1.748386853,147.1920177,-20.96686586,57.98011796,89.17031586,11.38439616,17.50859152
1.931575633,28.86246567,-5.570462067,1.747881996,146.9949868,-21.01506042,58.11414873,88.83925428,11.4107131,17.44358758
1.930661767,28.81737067,-5.5848813,1.747636362,146.7653204,-21.06945826,58.265431,88.45830559,11.44041738,17.3687883
1.929617533,28.771644,-5.5890201,1.747269722,146.532437,-21.08507225,58.30885405,88.18199909,11.44894349,17.31453552
1.928639,28.71069333,-5.557425967,1.747194376,146.2220185,-20.96588059,57.97737788,88.20305679,11.38385815,17.3186702
1.9276192,28.67223867,-5.573444533,1.74674441,146.026171,-21.02631204,58.14543988,87.83914724,11.41685712,17.24721656
1.926594167,28.61753533,-5.567691467,1.746529989,145.7475698,-21.00460809,58.08508043,87.62090555,11.40500554,17.20436481
1.925651733,28.561254,-5.511168633,1.746421551,145.460932,-20.79137071,57.49205981,87.92728836,11.28856594,17.26452307
1.924625133,28.53992733,-5.623451567,1.745710977,145.3523164,-21.214968,58.67009868,86.64063393,11.51987387,17.01188847
1.9236364,28.48916167,-5.5760978,1.745474506,145.0937696,-21.03632173,58.17327716,86.87890864,11.42232297,17.05867371
1.9226641,28.43365033,-5.576816267,1.745324791,144.8110534,-21.03903221,58.18081509,86.58865446,11.42380304,17.0016823
1.921654333,28.38736333,-5.575346767,1.745000921,144.5753162,-21.03348839,58.16539754,86.36833481,11.42077581,16.95842254
1.920621067,28.34271733,-5.559734667,1.744629234,144.3479365,-20.97459036,58.00160007,86.3047526,11.38861417,16.94593817
1.9196171,28.30288933,-5.590749567,1.744215452,144.1450946,-21.09159681,58.3269991,85.77651171,11.45250627,16.84221807
1.918622633,28.25878333,-5.612234433,1.743874562,143.9204652,-21.17265037,58.55241188,85.32646944,11.49676607,16.75385228
1.917657133,28.20510167,-5.5626006,1.743704535,143.6470673,-20.98540235,58.03166858,85.57381489,11.39451813,16.80241855
1.916671867,28.16749,-5.593422567,1.743276611,143.4555131,-21.10168094,58.35504341,85.05888587,11.45801277,16.70131224
1.915612633,28.100478,-5.5662705,1.743210384,143.1142246,-20.99924737,58.07017207,85.00246869,11.40207829,16.69023473
1.914655933,28.05983767,-5.581837833,1.742855906,142.9072456,-21.05797651,58.23349986,84.63216186,11.4341477,16.61752498
1.913612333,28.01720667,-5.604653867,1.742444026,142.6901282,-21.14405201,58.47287884,84.17566549,11.48114976,16.52789192
1.9126107,27.95240833,-5.5538052,1.742402596,142.3601137,-20.95222092,57.93938988,84.37914002,11.3763992,16.56784414
1.911698167,27.89386933,-5.5157916,1.742357513,142.0619778,-20.80881126,57.54056259,84.47983133,11.29808946,16.58761488
1.9106332,27.85669433,-5.5329946,1.741843418,141.8726475,-20.8737111,57.72105131,84.11001234,11.33352842,16.51500092
1.909665067,27.824009,-5.588732067,1.741359627,141.7061828,-21.08398561,58.30583209,83.35876691,11.44835013,16.36749388
1.908631333,27.779766,-5.566998467,1.740981501,141.4808556,-21.00199369,58.07780968,83.3614621,11.40357793,16.36802308
1.907595033,27.73385467,-5.581821133,1.74062553,141.2470317,-21.05791351,58.23332465,82.97212317,11.4341133,16.29157638
1.906641267,27.67198833,-5.530169333,1.74058852,140.9319497,-20.86305253,57.69140946,83.19895646,11.32770825,16.3361151
1.905612767,27.62639867,-5.550244833,1.740235582,140.699764,-20.93878912,57.90203558,82.75614461,11.36906469,16.24916899
1.904616433,27.57406533,-5.533772167,1.740014742,140.4332332,-20.87664453,57.7292093,82.66244003,11.33513025,16.2307701
1.903660167,27.550866,-5.588078467,1.739402251,140.3150802,-21.08151985,58.29897472,81.97452166,11.44700369,16.09569733
1.902637867,27.49286067,-5.578503933,1.739239493,140.0196622,-21.04539908,58.19852158,81.77955675,11.42727971,16.05741597
1.901594033,27.44325,-5.5491395,1.738930807,139.7669977,-20.93461916,57.89043876,81.83497512,11.36678765,16.06829736
1.900659767,27.40658633,-5.593955333,1.738539835,139.5802716,-21.10369085,58.36063304,81.17805475,11.4591103,15.93931105
1.899660167,27.362496,-5.570967367,1.73819358,139.3557219,-21.01696671,58.11945019,81.1946879,11.41175404,15.94257697
1.8986257,27.317775,-5.570257333,1.737821804,139.1279603,-21.01428805,58.11200073,80.97437571,11.41029134,15.89931867
1.897665133,27.27447433,-5.592251933,1.737502881,138.9074323,-21.09726462,58.34276148,80.52308699,11.45560122,15.81070813
1.896627267,27.22303067,-5.564101867,1.737227324,138.6454325,-20.99106601,58.04741942,80.55642922,11.3976108,15.81725488
1.895620967,27.18761967,-5.593562767,1.736745756,138.4650862,-21.10220986,58.35651435,80.06698797,11.45830159,15.72115309
1.894621067,27.13184667,-5.5616827,1.736572319,138.1810373,-20.98193949,58.02203825,80.11741518,11.39262721,15.73105447
1.8936263,27.08881167,-5.586856067,1.736215259,137.9618623,-21.07690824,58.28614966,79.63412882,11.44448549,15.63616119
1.892657367,27.04685833,-5.587885067,1.735868004,137.7481962,-21.08079023,58.29694562,79.40966679,11.44660527,15.59208807
1.89162,26.99465933,-5.5685563,1.73560414,137.4823495,-21.00787075,58.094154,79.34661171,11.40678714,15.57970721
1.8906287,26.95172467,-5.585825133,1.73524906,137.2636856,-21.07301895,58.27533342,78.94676834,11.44236172,15.50119796
1.8896472,26.91311667,-5.624249133,1.734839666,137.0670571,-21.21797689,58.67846651,78.34700678,11.5215169,15.38343478
1.888663667,26.85245133,-5.561855967,1.734755092,136.7580918,-20.98259315,58.02385611,78.6926519,11.39298415,15.4513022
1.887643067,26.80874267,-5.5705619,1.734382182,136.535486,-21.01543705,58.11519615,78.37870596,11.41091876,15.38965892
1.886635967,26.768146,-5.5902063,1.733976657,136.3287293,-21.08954729,58.32129931,77.96584617,11.45138712,15.30859389
1.885627567,26.715932,-5.582372167,1.733741981,136.0628062,-21.05999233,58.23910593,77.78211645,11.43524845,15.27251856
1.884671267,26.666455,-5.532288233,1.733518848,135.8108225,-20.87104626,57.71364032,78.05559835,11.33207328,15.32621674
1.8836744,26.636564,-5.609005467,1.732964916,135.6585893,-21.16046881,58.51853453,77.09847089,11.49011425,15.13828476
1.8826182,26.58548967,-5.5927998,1.732665552,135.3984704,-21.0993315,58.34850953,77.00837705,11.45672985,15.12059483
1.881668033,26.52791867,-5.565293167,1.732568492,135.1052644,-20.99556029,58.05991818,77.00376239,11.40006494,15.11968875
1.880671867,26.47812133,-5.549230567,1.732310239,134.8516493,-20.93496271,57.8913942,76.91867123,11.36697525,15.1029811
1.879613167,26.446022,-5.585086833,1.731727197,134.6881691,-21.07023365,58.2675874,76.37899785,11.44084079,14.99701623
1.8786895,26.40034433,-5.576659833,1.731480398,134.4555352,-21.03844205,58.17917384,76.23477751,11.42348078,14.96869856
1.8776559,26.36799867,-5.6130449,1.730926106,134.2908004,-21.17570793,58.56091505,75.68830156,11.49843567,14.86139801
1.876656133,26.3293,-5.654884167,1.73049979,134.0937102,-21.33355026,58.99988009,75.05224629,11.58462646,14.73650856
1.8756689,26.29096167,-5.652389067,1.730080666,133.8984551,-21.32413727,58.97370225,74.88316906,11.57948644,14.70331024
1.874622933,26.25722267,-5.643800267,1.729534655,133.7266242,-21.29173526,58.88359113,74.80144926,11.56179312,14.68726456
1.8736568,26.201725,-5.650593133,1.729390905,133.4439776,-21.31736195,58.95485985,74.4475339,11.57578673,14.61777328
1.872637267,26.163117,-5.6581338,1.728943478,133.2473491,-21.34580979,59.03397427,74.17179102,11.59132085,14.56363117
1.8716661,26.11077067,-5.6537579,1.728747997,132.9807521,-21.32930132,58.98806364,73.95110459,11.5823063,14.52029939
1.870652467,26.07388233,-5.685940767,1.728280987,132.7928818,-21.45071403,59.32571662,73.4255813,11.64860446,14.41711289
1.869633,25.99945767,-5.599574267,1.72836437,132.4138409,-21.12488877,58.4195852,73.95267189,11.47068555,14.52060713
1.8686369,25.96145133,-5.6509681,1.72793146,132.2202767,-21.31877655,58.95879389,73.21989899,11.57655918,14.37672717
1.8676693,25.90484767,-5.6196016,1.727802632,131.9319973,-21.20044366,58.62970598,73.26070747,11.51194277,14.38473991
1.866641633,25.855372,-5.611420167,1.727508113,131.6800204,-21.16957848,58.54386883,73.0945677,11.49508865,14.35211837
1.8656212,25.816135,-5.620788567,1.727069106,131.4801884,-21.20492159,58.64215928,72.79644532,11.51438797,14.29358204
1.864695067,25.78125733,-5.665935367,1.726659802,131.3025584,-21.37524189,59.11582597,72.14514856,11.60739243,14.16569992
1.8636133,25.74212133,-5.6551231,1.726157965,131.1032408,-21.33445165,59.00238691,72.05927007,11.58511867,14.14883768
1.862641667,25.683597,-5.6302832,1.726053565,130.8051795,-21.24074094,58.74177412,72.02182157,11.53394735,14.14148466
1.8616486,25.63909233,-5.630970667,1.725719983,130.5785197,-21.24333447,58.74898682,71.787949,11.53536356,14.09556379
1.860639767,25.592681,-5.619187333,1.725398889,130.3421492,-21.1988808,58.62535962,71.67520577,11.51108936,14.07342665
1.859651767,25.54939333,-5.636433267,1.72505234,130.1216875,-21.26394261,58.80629878,71.27380485,11.54661677,13.99461158
1.858639,25.494379,-5.607392767,1.724854794,129.8415024,-21.15438475,58.50161456,71.29830402,11.48679202,13.99942199
1.8576602,25.46044467,-5.651424233,1.724378844,129.6686767,-21.32049735,58.96357951,70.66351334,11.57749884,13.87478084
1.856640733,25.399423,-5.597475533,1.724263617,129.3578966,-21.11697111,58.39756592,70.91874685,11.46636207,13.92489594
1.855604333,25.364738,-5.6596713,1.723741191,129.1812478,-21.35161014,59.05010526,70.08955868,11.59448817,13.76208485
1.8546459,25.307226,-5.600228467,1.723634989,128.8883422,-21.1273568,58.42644887,70.42030954,11.47203324,13.82702778
1.853642033,25.286645,-5.653241,1.722936099,128.7835243,-21.32735127,58.98264048,69.75930001,11.58124146,13.69723856
1.8526215,25.24730933,-5.660139567,1.722498455,128.5831899,-21.35337672,59.05501817,69.48658788,11.59545282,13.64369153
1.851609533,25.18315233,-5.6281034,1.722437188,128.2564417,-21.23251745,58.71890432,69.49595358,11.52945686,13.64553048
1.850682267,25.13432567,-5.624113733,1.722233451,128.0077701,-21.21746608,58.67704593,69.28914037,11.52123797,13.60492271
1.8496476,25.104107,-5.6630343,1.721646574,127.8538681,-21.36429736,59.08538884,68.72689541,11.6014161,13.49452591
1.848624333,25.058173,-5.6497453,1.721303973,127.6199287,-21.31416343,58.94596464,68.63238022,11.57404016,13.47596786
1.8476399,25.01652267,-5.6564509,1.720936728,127.4078058,-21.3394609,59.01631778,68.34990417,11.587854,13.42050368
1.8466451,24.95518833,-5.606545133,1.720850801,127.0954333,-21.15118698,58.49272145,68.56112804,11.48504586,13.46197749
1.845673667,24.910298,-5.6309155,1.720544567,126.8668093,-21.24312634,58.74840803,68.07681741,11.53524992,13.3668831
1.844629,24.88030167,-5.666178067,1.719944396,126.7140396,-21.37615749,59.1183723,67.55408342,11.6078924,13.26424428
1.8435945,24.83762667,-5.6824007,1.719542269,126.4966981,-21.43735881,59.2885753,67.16653893,11.64131176,13.18814992
1.842607433,24.78081333,-5.652241033,1.719397081,126.2073508,-21.3235788,58.97214913,67.19361786,11.57918148,13.19346687
1.841596067,24.71564067,-5.582264733,1.719351465,125.8754299,-21.05958703,58.23797877,67.59586732,11.43502713,13.27244855
1.840589967,24.67887467,-5.6435574,1.718890176,125.6881827,-21.29081903,58.88104305,66.76555578,11.5612928,13.10941688
1.8396126,24.634297,-5.621687233,1.718573376,125.461151,-21.20831189,58.65158782,66.76797935,11.51623927,13.10989275
1.8386116,24.609668,-5.691344433,1.717937336,125.3357168,-21.47109984,59.38241027,65.91172272,11.65973626,12.94176676
1.8375543,24.55961533,-5.6569279,1.717621733,125.0808013,-21.34126042,59.02132233,66.01789513,11.58883664,12.96261371
1.836603,24.51043067,-5.653211733,1.717399268,124.8303064,-21.32724085,58.98233342,65.80638917,11.58118117,12.92108451
1.8355889,24.459158,-5.632501433,1.717144944,124.5691775,-21.24910942,58.76504716,65.76254649,11.53851701,12.912476
1.834560567,24.41701367,-5.6362211,1.716741119,124.3545387,-21.26314219,58.80407279,65.50888204,11.54617969,12.86266899
1.833579533,24.37215333,-5.6449979,1.716424841,124.1260674,-21.29625344,58.89615634,65.18832722,11.5642603,12.79972805
1.832581033,24.31261967,-5.606682933,1.716308531,123.8228656,-21.15170684,58.4941672,65.28711459,11.48532973,12.81912495
1.831591667,24.27022933,-5.633208467,1.715947318,123.6069739,-21.25177676,58.77246514,64.79292496,11.53997353,12.72209082
1.830571767,24.206595,-5.577248433,1.715870373,123.2828877,-21.04066259,58.18534926,65.05595461,11.42469333,12.77373669
1.829595633,24.16030367,-5.5582929,1.7155802,123.0471284,-20.96915117,57.98647348,65.01907111,11.38564407,12.76649461
1.828613467,24.135849,-5.6312483,1.714960411,122.9225821,-21.24438186,58.75189966,64.12909862,11.5359355,12.59174851
1.827574767,24.09040433,-5.625048167,1.714595125,122.6911349,-21.22099131,58.68684972,63.96270132,11.52316294,12.5590764
1.826611867,24.04330433,-5.616518967,1.714330169,122.4512571,-21.18881415,58.59736391,63.81230936,11.5055924,12.52954694
1.825592367,24.00788933,-5.6412422,1.71383546,122.2708904,-21.28208473,58.85675267,63.37255392,11.55652339,12.44320096
1.824601333,23.96675167,-5.663473267,1.713454018,122.0613785,-21.3659534,59.08999435,62.9298003,11.60232039,12.35626629
1.8235899,23.91284067,-5.640327433,1.713241456,121.7868127,-21.27863369,58.84715521,62.89807362,11.55463893,12.35003676
1.822594333,23.86776933,-5.613787167,1.712913771,121.5572668,-21.17850819,58.56870269,62.94698026,11.49996477,12.35963957
1.821614633,23.839468,-5.671333467,1.71235345,121.4131296,-21.3956067,59.17246121,62.19908457,11.61851276,12.21279025
1.820576067,23.792392,-5.654467267,1.712012471,121.1733741,-21.33197747,58.9955061,62.13628414,11.58376762,12.20045939
1.819614167,23.738601,-5.637146633,1.711847664,120.8994194,-21.26663385,58.81378321,62.04405236,11.54808633,12.18234968
1.8186039,23.69837,-5.6587434,1.711433554,120.6945251,-21.34810956,59.04037001,61.61257124,11.59257665,12.09762836
1.817604067,23.65297667,-5.6673924,1.711106374,120.4633393,-21.38073867,59.13111272,61.29064272,11.61039398,12.0344177
1.816579533,23.60061233,-5.623875467,1.710857793,120.1966505,-21.2165672,58.67454611,61.4805206,11.52074713,12.07170022
1.8156111,23.56798467,-5.655578133,1.710372847,120.0304796,-21.33616831,59.00716098,60.98173477,11.58605606,11.97376362
1.814592033,23.536441,-5.696920867,1.709821205,119.8698294,-21.49213742,59.44091654,60.38732901,11.67122396,11.85705205
1.813565267,23.50433,-5.706813133,1.70927027,119.7062898,-21.52945687,59.54470323,60.12000272,11.69160248,11.80456253
1.812590867,23.47143033,-5.733348533,1.708783388,119.5387336,-21.62956401,59.82310469,59.67404502,11.74626661,11.71699874
1.811570733,23.41881233,-5.719365133,1.708542966,119.2707529,-21.5768104,59.67639505,59.55277402,11.71746017,11.69318718
1.810599433,23.36799033,-5.708853233,1.708324763,119.0119192,-21.53715333,59.56610735,59.404228,11.69580518,11.66402017
1.8095832,23.326461,-5.734326833,1.707923925,118.8004125,-21.63325474,59.83336872,58.92545997,11.74828195,11.57001406
1.808597733,23.26490933,-5.695330933,1.707850552,118.4869332,-21.48613926,59.42423544,59.02111393,11.66794863,11.58879572
1.8076117,23.20499367,-5.651862467,1.707752369,118.1817859,-21.32215063,58.96817732,59.17202477,11.57840162,11.61842706
1.806591433,23.15272133,-5.627261633,1.707506691,117.9155657,-21.22934181,58.71007275,59.16390915,11.52772278,11.61683356
1.8055867,23.111117,-5.6402979,1.707118465,117.7036771,-21.27852228,58.84684535,58.81524792,11.55457809,11.54837393
1.804595033,23.06061633,-5.624849167,1.706875134,117.4464799,-21.22024057,58.68476188,58.72013421,11.52275299,11.52969835
1.8036275,23.00797233,-5.590974033,1.706687697,117.1783669,-21.09244363,58.32935413,58.80742889,11.45296868,11.54683866
1.802604433,22.974171,-5.618599733,1.706165509,117.0062185,-21.19666403,58.61919469,58.34543996,11.50987888,11.45612714
1.801602567,22.924975,-5.610153033,1.705892645,116.7556659,-21.1647981,58.53057445,58.18350761,11.49247829,11.42433172
1.8006163,22.90703967,-5.6745971,1.705172151,116.6643222,-21.40791904,59.20670227,57.4160361,11.62523599,11.27363869
1.7995898,22.85733867,-5.670843933,1.704882137,116.4111977,-21.39375989,59.16732517,57.20228868,11.6175043,11.23166938
1.798647033,22.78951833,-5.593955967,1.704944354,116.0657924,-21.10369324,58.36063969,57.66356886,11.4591116,11.32224174
1.797617467,22.744534,-5.598604533,1.70458138,115.8366896,-21.12123037,58.40941105,57.3856947,11.46868786,11.26768115
1.796613833,22.71015467,-5.626297933,1.704087191,115.6615975,-21.22570617,58.6999619,56.92005175,11.52573752,11.17625216
1.795602,22.65797633,-5.613622367,1.703848554,115.395856,-21.17788647,58.56697366,56.78729855,11.49962528,11.15018607
1.7946197,22.61932333,-5.647188667,1.703439027,115.1989984,-21.3045183,58.91914121,56.23827334,11.56877338,11.04238497
1.793631067,22.571191,-5.637221,1.703163635,114.953863,-21.2669144,58.81456344,56.09771572,11.54823953,11.01478648
1.792615533,22.510622,-5.586290833,1.703045633,114.6453883,-21.07477585,58.2802194,56.3235851,11.44332108,11.05913593
1.791631233,22.45914933,-5.581095033,1.702824072,114.3832408,-21.05517423,58.22570663,56.11595035,11.4326175,11.01836685
1.790611533,22.41599467,-5.578176367,1.702443852,114.1634564,-21.0441633,58.19508485,55.92678772,11.42660491,10.98122477
1.789627967,22.36767067,-5.559786467,1.702176367,113.9173449,-20.97478578,58.00214354,55.8736175,11.38872088,10.9707848
1.7886145,22.33518233,-5.580557967,1.701644323,113.7518835,-21.0531481,58.22007189,55.49022782,11.43151111,10.89550623
1.7876226,22.29398867,-5.583422667,1.701262845,113.5420864,-21.06395543,58.25012746,55.25037511,11.43741253,10.84841115
1.786613833,22.24335333,-5.583777567,1.701004409,113.2842034,-21.06529432,58.25385096,54.98876858,11.43814364,10.79704471
1.785627833,22.18852033,-5.5565154,1.700830943,113.0049419,-20.96244539,57.96782449,54.99553353,11.38198234,10.79837301
1.784624833,22.159854,-5.591600733,1.70025273,112.8589458,-21.09480791,58.33592928,54.48143264,11.45425971,10.6974293
1.783612633,22.11594333,-5.580428133,1.699891213,112.6353111,-21.05265829,58.21870971,54.37501754,11.43124365,10.67653469
1.782626,22.07705267,-5.600787967,1.699480875,112.437243,-21.12946756,58.43231898,53.9633402,11.47318583,10.59570185
1.7816176,22.04476667,-5.624015467,1.698950899,112.2728122,-21.21709536,58.67601494,53.55521337,11.52103553,10.51556615
1.780648567,21.992721,-5.604628533,1.698753096,112.0077464,-21.14395644,58.47261305,53.49354948,11.48109757,10.50345844
1.7796066,21.95025133,-5.625309,1.698340459,111.7914506,-21.22197533,58.68958631,53.0602805,11.52370027,10.41838608
1.778593167,21.91388933,-5.623452033,1.69786585,111.6062609,-21.21496976,58.67010357,52.89457352,11.51987484,10.38584951
1.777608233,21.85994233,-5.609570167,1.697680321,111.3315118,-21.16259919,58.52445919,52.76546873,11.49127756,10.36049979
1.776624433,21.80466,-5.582108367,1.697515713,111.0499618,-21.05899712,58.23633822,52.77203975,11.43470501,10.36179
1.7755829,21.76106833,-5.599909333,1.697120136,110.8279518,-21.12615284,58.42310062,52.36326733,11.47137581,10.28152754
1.774623367,21.70742333,-5.565269933,1.696955532,110.5547407,-20.99547264,58.05967443,52.45348242,11.40001707,10.29924127
1.7736649,21.67395267,-5.5935984,1.696493045,110.3842764,-21.10234429,58.3568882,51.98580434,11.458375,10.20741268
1.772636267,21.62152233,-5.568135433,1.696241342,110.1172515,-21.00628299,58.08973839,51.98592928,11.40592013,10.20743721
1.771637433,21.58980967,-5.606566433,1.695712437,109.9557406,-21.15126734,58.49294492,51.42121184,11.48508973,10.09655495
1.7706692,21.55410367,-5.631540467,1.695273307,109.7738919,-21.24548409,58.75496499,50.97734303,11.53653738,10.0094013
1.7696211,21.50944533,-5.610744467,1.694886969,109.5464494,-21.16702934,58.53677959,50.96808594,11.49369667,10.00758367
1.7686587,21.45474233,-5.589060933,1.694735177,109.2678499,-21.08522629,58.30928246,50.91698363,11.44902761,9.997549735
1.767625667,21.41857767,-5.622049,1.694238043,109.0836652,-21.20967669,58.65538337,50.38669802,11.51698452,9.893428156
1.766613567,21.37969267,-5.6191522,1.693802154,108.885626,-21.19874826,58.62499101,50.21905116,11.51101698,9.860510696
1.765611867,21.33302967,-5.6161073,1.693491922,108.6479739,-21.1872611,58.59304483,50.01334519,11.50474435,9.820120328
1.7646252,21.28548233,-5.5953115,1.693209828,108.4058178,-21.10880711,58.37486153,49.98937247,11.46190406,9.815413285
1.7636424,21.247357,-5.593755433,1.692791982,108.2116476,-21.10293671,58.35853575,49.81152798,11.45869849,9.780493519
1.762660067,21.20613,-5.619423067,1.692420564,108.0016807,-21.19977012,58.62783286,49.33226397,11.51157498,9.686390031
1.7616538,21.151713,-5.5928801,1.692220666,107.7245378,-21.09963444,58.34935201,49.33360196,11.45689527,9.686652746
1.760608533,21.12500067,-5.635238667,1.691571232,107.5884933,-21.25943587,58.79376539,48.75314411,11.54415584,9.572679845
1.7596091,21.06235233,-5.596922867,1.691500142,107.2694287,-21.11488613,58.39176751,48.83607739,11.46522355,9.588963796
1.758597867,21.00414267,-5.5729861,1.691351479,106.97297,-21.02458256,58.14063013,48.79075607,11.41591273,9.580064954
1.757645867,20.95922133,-5.573689167,1.691065139,106.7441881,-21.02723494,58.1480065,48.55459777,11.41736108,9.533695271
1.7566322,20.92031133,-5.613485333,1.690628053,106.5460216,-21.1773695,58.56553594,47.93890178,11.49934298,9.412803365
1.7556401,20.87560467,-5.593611233,1.690298432,106.3183329,-21.1023927,58.35702285,47.91972623,11.45840144,9.409038245
1.754636233,20.82482433,-5.5499301,1.690047045,106.0597114,-20.93760177,57.89873349,48.11939407,11.36841632,9.448243025
1.7536362,20.78353767,-5.555556133,1.689658811,105.8494406,-20.95882647,57.95776015,47.85009664,11.38000621,9.395366475
1.7526394,20.75608967,-5.6001005,1.689068745,105.7096494,-21.12687403,58.42510629,47.24295931,11.47176962,9.276155061
1.7516331,20.70936467,-5.586710133,1.688754831,105.4716815,-21.07635769,58.28461857,47.14547911,11.44418486,9.257014823
1.750639567,20.67991367,-5.636451233,1.688197713,105.3216892,-21.26401039,58.80648728,46.47361804,11.54665378,9.125094903
1.749648367,20.623133,-5.581905167,1.688047907,105.0325083,-21.05823053,58.23420631,46.75671813,11.43428641,9.180681606
1.7486167,20.579133,-5.590688533,1.687668247,104.8084186,-21.09136656,58.32635875,46.44047605,11.45238054,9.118587472
1.747583,20.51731267,-5.529822033,1.687550622,104.493571,-20.86174231,57.68776569,46.76422148,11.32699279,9.182154887
1.746628533,20.48010933,-5.564162733,1.687147447,104.3040964,-20.99129563,58.04805802,46.21445457,11.39773619,9.074208156
1.745613,20.424575,-5.547885733,1.686954839,104.0212631,-20.92988921,57.87728461,46.1023946,11.36420483,9.05220518
1.744642333,20.385729,-5.5368217,1.686559806,103.8234225,-20.88814917,57.76120409,46.02063453,11.34141242,9.03615159
1.7436086,20.33445567,-5.522343967,1.686285858,103.5622901,-20.83353064,57.60930806,45.91139824,11.31158764,9.014703044
1.742638267,20.29741067,-5.561760267,1.68586447,103.3736219,-20.98223211,58.02285206,45.30918604,11.392787,8.896458679
1.741592967,20.24283467,-5.503198633,1.685627895,103.0956693,-20.76130318,57.40844096,45.6456445,11.27214738,8.962522298
1.740612833,20.21934433,-5.567794967,1.684995849,102.9760343,-21.00499855,58.08616632,44.84828414,11.40521876,8.805960591
1.7395815,20.15921,-5.521718367,1.684855606,102.6697734,-20.83117051,57.60274445,45.02544508,11.31029887,8.840746141
1.738646233,20.11881433,-5.535633233,1.684518936,102.4640404,-20.88366557,57.74873506,44.67372151,11.33896413,8.771685219
1.737645167,20.074871,-5.5381209,1.684169037,102.2402394,-20.89305051,57.77483491,44.42382062,11.34408883,8.722617179
1.736602933,20.03553067,-5.536349933,1.683709761,102.0398812,-20.88636939,57.75625446,44.24204287,11.34044056,8.686925118
1.7356154,19.99583833,-5.536880967,1.683310402,101.8377302,-20.88837276,57.7618259,44.03432051,11.34153452,8.646138832
1.7345787,19.95833567,-5.554886833,1.682829429,101.6467312,-20.95630148,57.95073805,43.65440929,11.37862742,8.571543263
1.733599467,19.921272,-5.5857727,1.682399418,101.4579679,-21.07282114,58.27478331,43.14160077,11.4422537,8.470853312
1.7326453,19.869887,-5.5523017,1.682206691,101.1962669,-20.94654884,57.92361561,43.23106742,11.37330193,8.488420089
1.731632267,19.821657,-5.5336736,1.681908346,100.9506341,-20.87627268,57.72817517,43.18087506,11.33492719,8.478564819
1.730583167,19.77520767,-5.5213375,1.681547548,100.7140701,-20.82973366,57.59874851,43.07373777,11.30951427,8.457528411
1.729638933,19.73547367,-5.524539967,1.681192106,100.511707,-20.84181524,57.63234783,42.83777532,11.3161115,8.411197184
1.7285789,19.70704067,-5.582341033,1.680553402,100.3668992,-21.05987488,58.23877929,42.08653612,11.43518431,8.263691367
1.727618633,19.65112633,-5.5329833,1.680421693,100.0821305,-20.87366846,57.72093275,42.31961396,11.33350515,8.309456201
1.7266798,19.62824433,-5.600427167,1.679821933,99.96559375,-21.12810641,58.42853357,41.49547634,11.47244257,8.14763678
1.7256292,19.57982567,-5.588465667,1.679488817,99.71900008,-21.0829806,58.3030371,41.37437914,11.44780134,8.123859345
1.724610233,19.53234633,-5.580400767,1.679173415,99.47719039,-21.05255505,58.21842259,41.21718396,11.43118728,8.092994071
1.723607433,19.496403,-5.587650933,1.678703235,99.29413293,-21.07990694,58.29448917,40.95805992,11.44612295,8.042115066
1.722622467,19.43982733,-5.5653804,1.678556625,99.0059961,-20.99588939,58.06083341,40.90357885,11.40024464,8.031417707
1.721667733,19.38900967,-5.5275019,1.678354925,98.74718445,-20.8529894,57.66342355,41.04217707,11.32221321,8.058631467
1.720620533,19.343041,-5.522026367,1.677988904,98.5130685,-20.83233247,57.60597589,40.86550877,11.31093337,8.023942647
1.719624467,19.30328867,-5.530536333,1.677581901,98.310612,-20.86443707,57.69525991,40.57376826,11.32846428,7.966659397
1.7186262,19.24922067,-5.499362,1.677384832,98.03524658,-20.74682914,57.36818815,40.62547459,11.26424374,7.976811937
1.7175877,19.21635433,-5.5368306,1.676833356,97.86786011,-20.88818274,57.76129747,40.06497881,11.34143076,7.866758589
1.716579133,19.165901,-5.511947933,1.676572424,97.610904,-20.79431069,57.50023599,40.06908417,11.29017134,7.867564677
1.715614233,19.10614867,-5.4524091,1.676492954,97.30658857,-20.56969517,56.87557241,40.38943233,11.16751864,7.930465038
1.7146112,19.07819067,-5.4998762,1.675904211,97.16419998,-20.748769,57.37358299,39.74903316,11.26530302,7.804722661
1.713584833,19.045342,-5.5336531,1.675364607,96.99690349,-20.87619534,57.72796009,39.22735956,11.33488496,7.70229205
1.712628933,19.00142233,-5.513845933,1.675059523,96.77322299,-20.80147106,57.52014924,39.21148991,11.2940813,7.699176044
1.711610033,18.946048,-5.4878669,1.674861179,96.49120448,-20.70346286,57.24758501,39.20203563,11.24056332,7.697319697
1.7106161,18.892049,-5.468993833,1.674667421,96.21619048,-20.63226255,57.04957446,39.12503218,11.20168394,7.682200069
1.709600667,18.86795967,-5.513632767,1.674008951,96.0935048,-20.80066687,57.51791276,38.5340082,11.29364217,7.56615251
1.708613833,18.813638,-5.4543956,1.673827074,95.81684747,-20.57718942,56.89641417,38.87884946,11.17161092,7.633862092
1.707625133,18.77289067,-5.479422733,1.673442182,95.60932349,-20.67160649,57.15899135,38.4087483,11.22316795,7.541557729
1.7066108,18.73871233,-5.487169267,1.672934314,95.43525507,-20.70083098,57.24026565,38.15340558,11.23912616,7.491421186
1.705594467,18.685201,-5.472351067,1.67271093,95.16272473,-20.64492801,57.08479754,38.03634335,11.2086,7.468436017
1.704603967,18.641028,-5.4720659,1.672375,94.93775401,-20.64385219,57.08180566,37.81436452,11.20801254,7.424850473
1.7036396,18.592425,-5.4389699,1.672130849,94.69022154,-20.51899461,56.73457235,37.91406536,11.13983328,7.444426733
1.702588267,18.56434767,-5.478392433,1.671495575,94.54722519,-20.6677196,57.14818175,37.35745961,11.22104549,7.335137194
1.7016179,18.50642367,-5.442345933,1.671383545,94.25222137,-20.53173099,56.76999268,37.44064486,11.14678806,7.351470618
1.700654867,18.47120467,-5.457834267,1.670942399,94.0728529,-20.5901621,56.93249163,37.09877743,11.17869473,7.284344949
1.6996289,18.42429333,-5.4552134,1.67061158,93.833936,-20.58027464,56.90499428,36.88735788,11.17329563,7.24283272
1.698605767,18.37430767,-5.442647467,1.670329151,93.57936168,-20.53286855,56.77315628,36.76462157,11.14740923,7.218733445
1.697602633,18.320553,-5.4035885,1.670122572,93.30559206,-20.38551515,56.36336131,36.90064691,11.06694599,7.24544202
1.696627733,18.28795933,-5.430494633,1.669630656,93.13959426,-20.48702091,56.64565239,36.45235803,11.12237385,7.1574205
1.695584567,18.233387,-5.4130063,1.66939616,92.8616603,-20.42104463,56.46217004,36.35790642,11.08634709,7.138874925
1.694572067,18.18293133,-5.3824253,1.669131329,92.6046923,-20.3056751,56.14132336,36.4217851,11.02334884,7.151417505
1.6936371,18.14100633,-5.3956766,1.668817621,92.39117053,-20.3556668,56.28035203,36.06923466,11.05064712,7.082194226
1.692581767,18.09375167,-5.366357967,1.668462523,92.15050505,-20.24505967,55.97274972,36.13617149,10.99024941,7.095337273
1.6916141,18.05299233,-5.366790133,1.668098842,91.94291996,-20.24669006,55.97728388,35.92405224,10.99113969,7.053687657
1.690646067,18.00882267,-5.3689823,1.667785329,91.71796622,-20.2549602,56.00028344,35.67609894,10.99565565,7.005002027
1.689605233,17.95274367,-5.3386567,1.667575493,91.43235888,-20.14055419,55.68211634,35.70865871,10.93318354,7.011395138
1.6886205,17.90859433,-5.319225633,1.66724498,91.2075087,-20.06724878,55.47825141,35.68767345,10.89315466,7.007274682
1.687633933,17.86887733,-5.327432133,1.666846953,91.00523215,-20.09820852,55.56435155,35.39929677,10.91006043,6.95065192
1.6866404,17.83596167,-5.376698967,1.666341175,90.83759443,-20.28407201,56.08124439,34.7147662,11.01155234,6.816244344
1.685613967,17.78203133,-5.325918667,1.666113899,90.56293014,-20.09249884,55.54847271,34.97287359,10.90694262,6.86692373
1.684607833,17.738737,-5.335551867,1.665749316,90.34243443,-20.12884094,55.64954136,34.65130924,10.92678745,6.803784568
1.6836141,17.68898167,-5.318661367,1.665492873,90.08903319,-20.06512003,55.4723313,34.57511806,10.89199225,6.78882443
1.6826586,17.639597,-5.2890919,1.665269172,89.83751974,-19.95356661,55.16209732,34.63383858,10.83107781,6.800354205
1.6816575,17.60265433,-5.294693333,1.664815501,89.64937272,-19.97469851,55.22086588,34.386923,10.84261702,6.751872332
1.680620433,17.562442,-5.2945825,1.664374314,89.44457347,-19.97428038,55.21970305,34.18328658,10.84238869,6.71188832
1.679683833,17.52945333,-5.314391767,1.663926551,89.27656396,-20.04901259,55.42753593,33.80744419,10.88319668,6.638091667
1.678611267,17.49483667,-5.331753867,1.663366945,89.10026314,-20.11451264,55.60969388,33.44898542,10.91896339,6.567708287
1.6776077,17.45522633,-5.3382095,1.662950338,88.89852984,-20.13886709,55.67742445,33.17952155,10.93226229,6.514799057
1.6766136,17.409706,-5.336195133,1.662630773,88.66669722,-20.13126772,55.65629032,32.96882307,10.9281126,6.47342841
1.675581867,17.36677933,-5.314108233,1.662235142,88.44807402,-20.04794293,55.42456119,32.98192899,10.88261259,6.476001758
1.6746128,17.32317033,-5.308748733,1.661912288,88.22597572,-20.02772375,55.36833092,32.81606097,10.87157178,6.443433571
1.6736153,17.28111667,-5.318602733,1.661537953,88.01179866,-20.06489883,55.47171613,32.49849869,10.89187146,6.381080218
1.672630767,17.23415333,-5.3149632,1.661249338,87.77261693,-20.05116837,55.43353124,32.29750185,10.88437386,6.341614488
1.6716521,17.19305167,-5.327050033,1.660879729,87.56328835,-20.09676702,55.56034267,31.96136184,10.90927328,6.275613397
1.670627533,17.13903867,-5.293023733,1.660655545,87.28820304,-19.96839979,55.20334893,32.04327027,10.83917756,6.291696117
1.669613333,17.092758,-5.274468567,1.660327148,87.05249809,-19.89839879,55.00867369,32.00224056,10.80095308,6.283639935
1.668655667,17.038555,-5.261030533,1.660172679,86.77644512,-19.84770262,54.86768587,31.86717541,10.77327012,6.257119892
1.667622467,17.00181067,-5.275299367,1.659683969,86.58930821,-19.90153305,55.01739019,31.53033418,10.80266456,6.190981116
1.666626,16.97346,-5.276006067,1.659107612,86.44491979,-19.90419914,55.02480468,31.37853127,10.8041204,6.161174615
1.665621767,16.91991233,-5.242783867,1.658896866,86.1722044,-19.77886546,54.67624732,31.45437324,10.73568116,6.176066186
1.664628667,16.87393233,-5.231113633,1.658585113,85.93803073,-19.73483847,54.55380673,31.34264016,10.71163995,6.154127395
1.663597033,16.822113,-5.203770033,1.658321356,85.67411765,-19.63168232,54.26692588,31.36560793,10.6553109,6.158637117
1.662616267,16.773093,-5.215361267,1.658066984,85.42446142,-19.67541128,54.38853762,30.99433996,10.67918936,6.085738651
1.6616291,16.732567,-5.202901833,1.657680345,85.21806468,-19.62840696,54.25781699,30.91866386,10.65352237,6.070879649
1.660614467,16.701783,-5.222498267,1.657121879,85.06128342,-19.70233624,54.46341689,30.5562827,10.69389191,5.999726108
1.659585867,16.66496067,-5.230566167,1.656638925,84.87374926,-19.7327731,54.54806287,30.28410255,10.71051215,5.946283535
1.6586381,16.61710833,-5.208968633,1.65640025,84.63003989,-19.6512945,54.32146803,30.26698803,10.66602025,5.942923099
1.657611267,16.57822533,-5.2307493,1.655949598,84.43201086,-19.73346399,54.54998425,29.84044277,10.71088941,5.859170939
1.6565635,16.53048167,-5.1897661,1.655609313,84.18885494,-19.57885125,54.12000081,30.02727029,10.62646216,5.895854521
1.6556324,16.49397367,-5.2209522,1.6552192,84.00292165,-19.69650357,54.44719602,29.5141418,10.69070694,5.795101742
1.654615767,16.44191067,-5.199546333,1.654974054,83.73776759,-19.61574804,54.22261209,29.47357167,10.64660988,5.787135797
1.653616733,16.39411667,-5.189134767,1.654683248,83.49435532,-19.57646949,54.11337705,29.33939443,10.62516158,5.760790097
1.652621733,16.35423433,-5.191196733,1.654279238,83.29123674,-19.58424844,54.13501059,29.11464231,10.62940933,5.716660018
1.6516313,16.30222833,-5.156376367,1.654059446,83.02637297,-19.45288553,53.76968574,29.2151034,10.5576778,5.736385552
1.650615033,16.26267633,-5.182522633,1.653629275,82.82493676,-19.55152463,54.04400453,28.7393484,10.61154029,5.642971058
1.649621667,16.217719,-5.1475121,1.653302101,82.59597148,-19.4194443,53.67668451,28.87770313,10.539417,5.67013701
1.648644233,16.17418267,-5.131404733,1.652969803,82.37424327,-19.35867783,53.50769085,28.82496858,10.5062351,5.659782582
1.6476401,16.12378933,-5.1061511,1.652712415,82.11759273,-19.26340627,53.2427373,28.83327159,10.45421147,5.661412877
1.6466364,16.08998633,-5.1359873,1.652209619,81.94543587,-19.37596597,53.55576977,28.34808227,10.51567539,5.566145953
1.645606967,16.042653,-5.111183333,1.651881587,81.70436975,-19.28239082,53.29553399,28.36725192,10.4645781,5.569909915
1.6446179,15.99978867,-5.114356367,1.651527698,81.486064,-19.29436136,53.3288245,28.11565566,10.47111469,5.520508989
1.643634133,15.95706867,-5.115305733,1.651176971,81.26849334,-19.29794293,53.33878497,27.88812453,10.47307043,5.475833251
1.642616133,15.915944,-5.0933005,1.65076837,81.05904762,-19.21492625,53.10791266,27.90955112,10.42773865,5.480040362
1.641641733,15.87368867,-5.0958007,1.650420123,80.84384348,-19.22435847,53.13414401,27.66811563,10.43288918,5.432634504
1.640597833,15.82542667,-5.0716583,1.650091386,80.5980477,-19.13327913,52.88084919,27.67561468,10.38315474,5.434106942
1.6395796,15.78367733,-5.0952722,1.649691808,80.38542059,-19.22236466,53.12859915,27.21523761,10.43180044,5.343711904
1.6385742,15.74019133,-5.0888338,1.649330798,80.16394873,-19.19807523,53.06104939,27.06131551,10.41853705,5.3134893
1.637537633,15.69120067,-5.063631233,1.649020191,79.9144419,-19.10299632,52.79663161,27.07622645,10.36661862,5.316417063
1.636584867,15.65283833,-5.052724533,1.648635891,79.7190646,-19.06184983,52.68220179,26.99527897,10.34415032,5.300523026
1.6355728,15.61042667,-5.068986733,1.648252294,79.50306426,-19.12320041,52.85281991,26.60866051,10.37765119,5.22461049
1.634561067,15.56106533,-5.041964067,1.647972014,79.25166964,-19.02125501,52.5693062,26.6407796,10.32198327,5.230917075
1.6335399,15.52662667,-5.057938267,1.647461171,79.07627536,-19.0815191,52.73690271,26.29778881,10.35489085,5.163570832
1.6325815,15.47840867,-5.047506,1.647217281,78.83070368,-19.04216245,52.6274505,26.16166934,10.33339991,5.136843774
1.631515767,15.43702067,-5.0380462,1.646764849,78.61991682,-19.00647452,52.52820112,26.05013186,10.31391229,5.114943391
1.630560967,15.38466567,-5.004608,1.646585863,78.35327561,-18.88032595,52.17737755,26.13431423,10.24502808,5.131472599
1.6296229,15.35920667,-5.044240633,1.646025056,78.22361429,-19.02984356,52.59319125,25.5888392,10.3266731,5.024368578
1.6285471,15.31072033,-5.009095533,1.645667743,77.976676,-18.89725557,52.2244594,25.71063276,10.2542726,5.048282743
1.627576167,15.25889067,-4.975114333,1.645464838,77.7127103,-18.76905849,51.86793884,25.80318762,10.18426979,5.066455889
1.6265788,15.22485733,-5.0157841,1.644971789,77.53938036,-18.92248878,52.29463384,25.20316268,10.26805135,4.948640993
1.625592833,15.177508,-4.975263267,1.644687461,77.29823275,-18.76962035,51.86950141,25.3871475,10.1845766,4.984766412
1.6245526,15.13156433,-4.973248933,1.644328036,77.06424412,-18.7620211,51.84836763,25.17429266,10.18042698,4.942972364
1.6235846,15.096619,-4.9967284,1.643877867,76.88626942,-18.85059946,52.09470715,24.74997843,10.22879575,4.859658265
1.622544133,15.04703433,-4.964141067,1.643572163,76.63373737,-18.72766087,51.75281062,24.83934292,10.16166437,4.877204982
1.621540833,15.007011,-4.975042667,1.643161942,76.42990069,-18.76878812,51.86718694,24.52112991,10.18412216,4.814723858
1.6205427,14.95656833,-4.9382682,1.642911285,76.1729989,-18.63005319,51.48136026,24.6500548,10.10836509,4.84003826
1.619533467,14.91692533,-4.943687433,1.642489495,75.97109923,-18.65049773,51.53821723,24.39129816,10.11952895,4.789231393
1.618545067,14.861585,-4.909255367,1.642321146,75.68925388,-18.52059972,51.17696631,24.47070373,10.04859734,4.804822678
1.6175676,14.81641233,-4.900921667,1.642013063,75.45919192,-18.4891601,51.08953163,24.32807645,10.03142954,4.776817811
1.616570267,14.78532533,-4.9103106,1.641476387,75.3008675,-18.52458068,51.18803751,24.07124616,10.05077116,4.726389183
1.615591467,14.743721,-4.9070964,1.641114094,75.08897886,-18.51245482,51.15431508,23.89307994,10.04414977,4.691406247
1.6145622,14.707827,-4.9105199,1.640616717,74.90617265,-18.52537028,51.19023342,23.6743554,10.05120233,4.648459682
1.6135527,14.664398,-4.9123928,1.640250762,74.68499109,-18.53243596,51.20988332,23.43352393,10.05506059,4.601172423
1.612536433,14.61579567,-4.887080667,1.639954701,74.43746202,-18.4369437,50.94431601,23.45156217,10.00291645,4.604714232
1.611538833,14.58326933,-4.926938533,1.639439087,74.27180715,-18.58731102,51.3624928,22.86773051,10.08502546,4.490078887
1.610564867,14.536353,-4.884348733,1.639160342,74.03286478,-18.42663724,50.91565339,23.07562756,9.997288542,4.530899471
1.609549067,14.51082433,-4.933313833,1.638522835,73.90284865,-18.61136241,51.42938053,22.43188429,10.09815887,4.40450048
1.6085506,14.47251367,-4.946348033,1.638092068,73.70773449,-18.66053508,51.56613145,22.1000192,10.12500991,4.33933877
1.607563433,14.42545433,-4.924929133,1.637802243,73.46806383,-18.57973039,51.34141077,22.08506922,10.08088601,4.336403342
1.606583167,14.387371,-4.924001533,1.637386307,73.27410746,-18.57623093,51.33167867,21.90084495,10.07897511,4.300230906
1.605561,14.33565867,-4.908264633,1.637130431,73.01073933,-18.51686209,51.16657184,21.80258365,10.04655638,4.2809373
1.6045693,14.29496467,-4.893681233,1.636741749,72.80348697,-18.46184492,51.01356718,21.74833596,10.01651392,4.270285765
1.603558667,14.25611733,-4.893428467,1.636306768,72.60563959,-18.46089134,51.01091523,21.55314053,10.0159932,4.231959143
1.602589367,14.21048133,-4.8834106,1.636013717,72.37321789,-18.42309805,50.90581077,21.42582328,9.995355945,4.206960402
1.601571033,14.16267033,-4.852437167,1.635703863,72.12971904,-18.30624804,50.5808468,21.5072884,9.931549269,4.222956078
1.6005765,14.12167833,-4.843892433,1.635316763,71.92094899,-18.27401227,50.49119802,21.38816713,9.913946731,4.199566616
1.5995583,14.07517067,-4.835609433,1.634987729,71.68408794,-18.24276392,50.40429527,21.23820884,9.896883376,4.170122305
1.598547067,14.026481,-4.813010233,1.634697996,71.43611408,-18.15750644,50.16719124,21.22733901,9.850327999,4.167988014
1.597566533,13.987288,-4.805658,1.634298237,71.23650624,-18.12976949,50.09005381,21.10486859,9.835182065,4.143940948
1.5965733,13.94275567,-4.796600033,1.633964899,71.00970546,-18.09559752,49.99502034,20.97310128,9.816522244,4.118068437
1.595563467,13.90226167,-4.8076482,1.633555119,70.80347169,-18.1372777,50.11093439,20.65095346,9.839281968,4.054814713
1.594588367,13.86113667,-4.8043987,1.633189423,70.59402428,-18.12501867,50.07684161,20.47559883,9.83258785,4.02038383
1.593566167,13.817833,-4.7917207,1.632808911,70.37348103,-18.0771898,49.94382784,20.38806936,9.806470596,4.003197418
1.592542467,13.78256733,-4.7924932,1.63230779,70.19387488,-18.08010412,49.95193268,20.20035837,9.808061981,3.966340366
1.591569233,13.73923633,-4.780340367,1.63197665,69.97319243,-18.03425649,49.82442879,20.1071798,9.783026593,3.948044754
1.5905127,13.692708,-4.770069133,1.631609589,69.73622613,-17.99550735,49.71666609,19.9779762,9.761867387,3.922675626
1.589558933,13.64023667,-4.730927133,1.63143336,69.46899245,-17.8478407,49.30599997,20.12140864,9.681233093,3.950838587
1.5885484,13.594982,-4.716383267,1.631093425,69.23851286,-17.79297267,49.15341008,20.04351894,9.651272069,3.935544945
1.5875823,13.554661,-4.7352945,1.630724815,69.03316017,-17.86431697,49.35182107,19.63975527,9.690230067,3.856265947
1.5865592,13.510105,-4.6935967,1.630361961,68.80623886,-17.70700834,48.91434025,19.85031477,9.604330709,3.897609305
1.585581867,13.464047,-4.680162433,1.63006713,68.57166794,-17.65632638,48.77339196,19.75669215,9.576655511,3.879226503
1.584584167,13.42818867,-4.6962708,1.629600791,68.38904337,-17.71709662,48.94239611,19.40506343,9.609839476,3.810184204
1.583555233,13.37752167,-4.6584681,1.629322658,68.13099907,-17.57448259,48.54578152,19.54363371,9.531964201,3.837392479
1.582579533,13.33878833,-4.6726122,1.628920922,67.93373228,-17.62784246,48.69417717,19.19797127,9.561101688,3.769521659
1.5815351,13.29478733,-4.644220033,1.62852851,67.70963755,-17.5207305,48.39629507,19.27175864,9.502612538,3.784009809
1.580539667,13.25600567,-4.635491067,1.628107756,67.51212461,-17.4877997,48.30471337,19.1658274,9.484630471,3.763210209
1.5795563,13.20935467,-4.625268467,1.627815679,67.27453357,-17.44923404,48.19746092,19.03548881,9.463571452,3.737618229
1.5785385,13.16412633,-4.620682367,1.627468088,67.0441881,-17.43193257,48.14934493,18.85325933,9.454123878,3.701837469
1.577536067,13.12179867,-4.601202333,1.62709288,66.82861557,-17.35844242,47.94496627,18.84206547,9.413994126,3.699639554
1.576576333,13.07952833,-4.600214667,1.626759523,66.61333503,-17.35471636,47.93460396,18.63714723,9.411959488,3.659403859
1.5755716,13.04019633,-4.598847233,1.626337624,66.41301927,-17.3495576,47.92025726,18.45117817,9.409142514,3.622888833
1.574563333,12.99014933,-4.5612812,1.62607097,66.15813259,-17.20783642,47.52612571,18.59042304,9.331754782,3.650229565
1.573542233,12.94364467,-4.546648967,1.625738992,65.92128682,-17.15263503,47.3726087,18.50709428,9.301611719,3.633867962
1.572571233,12.90671667,-4.560555633,1.625315204,65.7332145,-17.20509916,47.51851328,18.17311738,9.330260082,3.568291598
1.5715726,12.863936,-4.5404841,1.624950508,65.51533486,-17.12937752,47.30792877,18.16582226,9.288911814,3.5668592
1.570570867,12.82066067,-4.524632433,1.624590043,65.29493591,-17.06957571,47.14161784,18.11173424,9.256256662,3.556239018
1.569559733,12.779249,-4.522409267,1.624192562,65.08402852,-17.06118862,47.11829304,17.92415165,9.251676838,3.519407176
1.568549333,12.74147533,-4.515377367,1.623741905,64.89164927,-17.03466015,47.04451645,17.80554898,9.237190805,3.496119542
1.567550267,12.70315667,-4.522069467,1.623310657,64.69649436,-17.05990669,47.11472796,17.54018256,9.250976835,3.444014846
1.5665911,12.651196,-4.492413267,1.623121461,64.43186147,-16.94802606,46.803584,17.58669363,9.189883719,3.453147295
1.565563967,12.61198267,-4.475809267,1.622675404,64.23215007,-16.885386,46.62937981,17.56118642,9.155678726,3.448138954
1.5646006,12.57094433,-4.489742833,1.622320157,64.02314405,-16.93795161,46.77556662,17.20599359,9.184382505,3.378396842
1.563581833,12.534099,-4.487035767,1.621847376,63.83549274,-16.92773896,46.74716488,17.04674402,9.178805825,3.347128189
1.562547267,12.49251567,-4.4800384,1.621429005,63.62371106,-16.90134078,46.67375061,16.90837661,9.164390933,3.319959748
1.561589267,12.449475,-4.464294133,1.621108796,63.40450726,-16.84194414,46.50856649,16.85435693,9.13195703,3.309352984
1.560564333,12.418262,-4.4840087,1.620546388,63.24554113,-16.91631909,46.71540581,16.48855148,9.17256993,3.237527083
1.559539767,12.39055367,-4.515474333,1.619932412,63.10442407,-17.03502597,47.0455338,16.01730644,9.237390561,3.144998119
1.5586085,12.344989,-4.490396667,1.619676338,62.87236567,-16.94041825,46.78242644,16.0483554,9.185729431,3.151094582
1.557560533,12.300552,-4.4837373,1.619286854,62.64605042,-16.91529521,46.71255836,15.89190822,9.172010834,3.12037618
1.556544267,12.255821,-4.478345567,1.618933426,62.41823784,-16.89495441,46.65598991,15.72066409,9.160903619,3.086752395
1.555595367,12.20690333,-4.430632933,1.618709404,62.16910279,-16.71495429,46.15540327,15.97211569,9.062613432,3.136124915
1.554571467,12.164595,-4.440242267,1.618312443,61.95362872,-16.75120635,46.25622151,15.65582337,9.082409094,3.074020919
1.553574833,12.12421733,-4.4252591,1.617914139,61.74798744,-16.69468103,46.09902262,15.60738098,9.051543092,3.064509255
1.552628433,12.082408,-4.421770333,1.617587284,61.53505475,-16.68151935,46.06241953,15.43105138,9.044356075,3.029886939
1.551525067,12.03832233,-4.417247,1.617137194,61.31052882,-16.66445467,46.01496207,15.25398291,9.035037803,2.995119544
1.550558967,11.996198,-4.400809133,1.616795306,61.09599185,-16.60244137,45.8425009,15.21190711,9.001175053,2.986857961
1.549585333,11.95053033,-4.375635767,1.616498391,60.86340888,-16.50747262,45.57838949,15.24343555,8.949316776,2.993048571
1.548547533,11.90413333,-4.3453834,1.616148118,60.62711145,-16.39334289,45.26099073,15.32453688,8.88699553,3.008972817
1.547538333,11.874204,-4.3861185,1.61558242,60.47468296,-16.54701966,45.68837118,14.74472794,8.970911682,2.895127332
1.546584567,11.83065067,-4.354591133,1.615274042,60.25286818,-16.42807988,45.35759551,14.85368883,8.905963878,2.916521802
1.545547867,11.788593,-4.3513097,1.614860566,60.03867074,-16.41570038,45.32316769,14.67391921,8.899203977,2.881224037
1.544563167,11.74357833,-4.321846867,1.614542908,59.80941346,-16.30454924,45.01405248,14.75377714,8.838509205,2.896904142
1.543559433,11.70386167,-4.334178767,1.61412771,59.60713861,-16.35107242,45.14343508,14.4221197,8.863913478,2.831783203
1.542543067,11.66226067,-4.3277622,1.613727801,59.39526696,-16.32686536,45.07611438,14.27756873,8.850695059,2.803400621
1.541574533,11.62435,-4.317809033,1.61332104,59.20218997,-16.28931616,44.97168874,14.18891739,8.830191085,2.785993929
1.540552633,11.573478,-4.279251567,1.613052979,58.9431016,-16.14385471,44.56715537,14.3343624,8.750760956,2.814552057
1.539566233,11.53264667,-4.277680167,1.612671631,58.73514982,-16.13792646,44.55066871,14.14289727,8.747523801,2.776957879
1.538547967,11.493772,-4.2845501,1.612229422,58.53716323,-16.16384389,44.62274599,13.8728334,8.761676175,2.723930839
1.5375645,11.44292533,-4.239820933,1.611999418,58.27820389,-15.99509916,44.15346099,14.08315906,8.669532065,2.765228282
1.536551467,11.409413,-4.265229267,1.611482982,58.10752737,-16.09095434,44.4200376,13.64590594,8.721874383,2.679373631
1.535525633,11.35391367,-4.212789,1.611279556,57.82487225,-15.8931188,43.86985005,13.91343837,8.613845057,2.731903623
1.534545967,11.32140733,-4.229502833,1.610781579,57.65931924,-15.95617321,44.04520658,13.57252883,8.648276311,2.664966036
1.5335726,11.276481,-4.2107407,1.610473946,57.43051184,-15.88539141,43.8483599,13.54056811,8.609625466,2.658690548
1.532550733,11.23261233,-4.186475967,1.61010214,57.20709108,-15.79385056,43.59378159,13.57172565,8.559639016,2.664808331
1.5315531,11.19074733,-4.176152333,1.609724876,56.99387488,-15.75490374,43.48546913,13.46682192,8.538371863,2.644210484
1.530583067,11.150131,-4.177791433,1.609356709,56.78701808,-15.76108739,43.50266607,13.24276817,8.541748484,2.60021753
1.529586133,11.10363133,-4.1643894,1.609048823,56.55019778,-15.71052703,43.36205596,13.14655798,8.514139687,2.58132666
1.528552633,11.06274433,-4.1504453,1.6086212,56.34196248,-15.65792168,43.21575864,13.08462,8.48541421,2.569165138
1.527557567,11.02134733,-4.138353033,1.608239568,56.13112979,-15.61230254,43.08889021,13.00065574,8.460503592,2.552678755
1.5265255,10.979638,-4.122740667,1.607825564,55.91870639,-15.5534035,42.92508994,12.95203262,8.428341409,2.543131604
1.525593467,10.94074233,-4.131496267,1.6074699,55.72061285,-15.58643478,43.01695107,12.66207795,8.446378342,2.486199005
1.524576533,10.88886,-4.087158033,1.607221776,55.45637892,-15.41916487,42.55176762,12.86302746,8.355039572,2.525655442
1.523555267,10.85418333,-4.0988403,1.60671436,55.27977252,-15.46323726,42.67433446,12.56385422,8.379105571,2.466912776
1.522563633,10.81127233,-4.083238533,1.606358596,55.0612291,-15.40437821,42.5106454,12.50899986,8.346965224,2.456142123
1.5215365,10.76157967,-4.0435619,1.606067825,54.80814702,-15.25469461,42.09437006,12.67219312,8.265229562,2.488185119
1.5205562,10.724525,-4.055860467,1.605636614,54.61942959,-15.30109204,42.22340294,12.35444282,8.290565166,2.425794847
1.519560067,10.68006933,-4.0331935,1.605299239,54.39301927,-15.2155789,41.98558792,12.36584751,8.243870188,2.428034159
1.518548133,10.63856867,-4.0234651,1.604902277,54.1816586,-15.17887765,41.88352046,12.2565543,8.223829243,2.406574438
1.517560667,10.59233767,-4.0148536,1.604599876,53.9462066,-15.14639001,41.79317119,12.11145158,8.206089163,2.378083518
1.516574233,10.55721967,-4.0080863,1.604133833,53.76735252,-15.12085977,41.7221707,12.00359798,8.192148218,2.356906463
1.5155183,10.521349,-4.007907733,1.603609443,53.58466514,-15.12018611,41.72029724,11.82278407,8.191780362,2.321403651
1.514586733,10.48357467,-4.004785267,1.603237629,53.39228249,-15.10840633,41.68753725,11.6631614,8.18534794,2.290061741
1.513577133,10.4416441,-3.995847367,1.602849371,53.17873237,-15.07468732,41.59376349,11.54338504,8.166935461,2.266543653
1.512543633,10.40394493,-3.990484867,1.602374509,52.98673254,-15.05445681,41.53750174,11.40764695,8.155888468,2.23989148
1.511596867,10.36752753,-3.9989125,1.601967388,52.80126067,-15.0862508,41.62592195,11.13375489,8.173249774,2.186112773
1.510573367,10.32618457,-3.999109267,1.601556522,52.59070317,-15.08699312,41.62798636,10.92113297,8.173655122,2.144364458
1.509526533,10.27934593,-3.9613496,1.601203759,52.35215652,-14.94454144,41.23182326,11.07874942,8.095868498,2.175312449
1.5086035,10.24104213,-3.9639351,1.600848324,52.15707733,-14.95429547,41.25894955,10.85654394,8.101194745,2.131682402
1.507550933,10.20151187,-3.961465433,1.60038153,51.9557518,-14.94497843,41.23303855,10.68112942,8.09610712,2.097239761
1.506556833,10.15199297,-3.9279848,1.600121218,51.70355471,-14.81866979,40.88176979,10.78020108,8.027135498,2.116692483
1.505590333,10.1073891,-3.904259967,1.599815673,51.47638961,-14.72916575,40.63285595,10.80194982,7.978261266,2.120962848
1.504542067,10.0685865,-3.915487767,1.599342396,51.27877005,-14.77152362,40.75065466,10.48653156,8.001391043,2.059030471
1.503551433,10.03076,-3.904109233,1.598912288,51.08612172,-14.7285971,40.6312745,10.41326338,7.977950748,2.044644265
1.502573233,9.982505567,-3.874995967,1.598649138,50.84036449,-14.61876473,40.32582684,10.47295381,7.9179761,2.056364481
1.501560233,9.945915567,-3.869325633,1.598178341,50.65401358,-14.5973729,40.2663354,10.34609434,7.906294956,2.031455624
1.500550933,9.906593267,-3.8623987,1.597751732,50.45374722,-14.57124043,40.19366009,10.21850329,7.892025159,2.006403121
1.4995657,9.8623213,-3.8504054,1.597422536,50.22827247,-14.52599464,40.06782999,10.11885865,7.867318418,1.986837896
1.498544967,9.8136068,-3.816471267,1.59712367,49.98017214,-14.39797513,39.71180324,10.22678507,7.797412565,2.008029248
1.497551667,9.767736,-3.800869867,1.596810099,49.74655462,-14.33911747,39.54811803,10.15685276,7.765272974,1.994298039
1.496554767,9.729472233,-3.807997633,1.596380204,49.55167931,-14.3660076,39.62290042,9.887195062,7.779956497,1.94135075
1.495517667,9.6870024,-3.783920533,1.595972436,49.33538273,-14.27517461,39.3702907,9.923508196,7.730356579,1.948480834
1.4946063,9.644720933,-3.7735072,1.59568761,49.1200455,-14.23588939,39.26103713,9.817424529,7.708904641,1.927651306
1.493534367,9.605760467,-3.7663688,1.595193006,48.92162193,-14.20895914,39.18614318,9.693894917,7.694199213,1.903396267
1.492573333,9.563550033,-3.735468867,1.594857461,48.70664646,-14.09238641,38.86195035,9.803112283,7.63054395,1.924841097
1.491601533,9.519418867,-3.728733467,1.594539611,48.4818888,-14.06697652,38.79128455,9.649020419,7.616668721,1.894585159
1.490601133,9.476564133,-3.7160967,1.594174247,48.26363195,-14.0193032,38.65870338,9.563344731,7.590636409,1.877762738
1.489606833,9.4350489,-3.690729067,1.593795134,48.0521971,-13.92360156,38.39255378,9.618059481,7.538377935,1.888505979
1.488588067,9.3882927,-3.665423733,1.593469216,47.81407028,-13.82813496,38.12705781,9.645428635,7.486247801,1.893879913
1.487603233,9.347794333,-3.6589943,1.593084501,47.60781428,-13.80387935,38.05960212,9.506628316,7.473002877,1.86662647
1.486565433,9.3084746,-3.651407633,1.592629354,47.40756099,-13.77525798,37.98000509,9.385972059,7.457374,1.842935614
1.485617267,9.267388633,-3.636908467,1.592290013,47.19831237,-13.72055859,37.82788418,9.328844347,7.42750506,1.831718587
1.484595633,9.2250328,-3.6286404,1.591896022,46.98259638,-13.68936658,37.74113811,9.199874439,7.410472468,1.806395346
1.483605567,9.180096,-3.601027867,1.591571844,46.75373568,-13.58519586,37.45143569,9.260716151,7.353589397,1.818341616
1.4826087,9.1436863,-3.620047433,1.591114509,46.56830303,-13.65694886,37.65098328,8.875735915,7.392770567,1.742750747
1.481572633,9.0941817,-3.571775533,1.590812018,46.31617876,-13.47483885,37.14452898,9.130065947,7.293328265,1.792688449
1.480601,9.05887,-3.578627667,1.590363645,46.13633817,-13.50068913,37.21641951,8.878334828,7.30744397,1.743261043
1.479601833,9.012014733,-3.551530833,1.590058795,45.89770682,-13.39846393,36.93212766,8.923995322,7.251623266,1.752226481
1.478594867,8.971108433,-3.5404629,1.589657992,45.68937323,-13.35670917,36.81600622,8.831783171,7.228822821,1.734120626
1.477552967,8.938016567,-3.5466342,1.589106458,45.52083813,-13.37999095,36.88075365,8.598500643,7.241535979,1.688315601
1.476551967,8.9049778,-3.5599672,1.588595037,45.35257347,-13.43029087,37.02063949,8.290350142,7.269002563,1.62781025
1.475615933,8.8571647,-3.5285688,1.588367514,45.10906392,-13.31183763,36.69121689,8.37626319,7.204320436,1.644679277
1.474559933,8.820446633,-3.537476467,1.587855615,44.92206078,-13.34544259,36.78467346,8.095803482,7.222670633,1.589611014
1.473586867,8.7762604,-3.512315533,1.587537315,44.69702266,-13.25052074,36.52069249,8.134746337,7.17083797,1.597257443
1.4725922,8.7340759,-3.493063867,1.587167752,44.48217927,-13.17789213,36.31870978,8.121885659,7.131178665,1.594732249
1.4715554,8.692662567,-3.488185167,1.586744629,44.27126339,-13.1594868,36.26752392,7.962155635,7.121128322,1.563369259
1.470547233,8.652254733,-3.472436433,1.586335239,44.06546847,-13.10007331,36.10229293,7.921591698,7.088685217,1.55540453
1.4696017,8.6120116,-3.465807233,1.585986041,43.86051235,-13.07506407,36.03274135,7.786187161,7.075028765,1.528817849
1.468587767,8.570324567,-3.444358133,1.58558984,43.64820253,-12.99414545,35.80770383,7.798914865,7.030842647,1.531316934
1.4675648,8.526565233,-3.422622133,1.585215314,43.4253386,-12.91214446,35.57965623,7.804098526,6.986065502,1.532334745
1.4666241,8.485703167,-3.4213775,1.584880122,43.21723029,-12.90744898,35.56659791,7.609048535,6.9835015,1.49403668
1.465558467,8.447293267,-3.415440633,1.584383659,43.02161073,-12.88505162,35.50431009,7.475716803,6.971271286,1.467856994
1.464552333,8.402169233,-3.3859052,1.584046189,42.79179645,-12.77362659,35.19443318,7.555779436,6.910426955,1.483577292
1.463555467,8.361465967,-3.373711233,1.583652477,42.5844969,-12.72762377,35.06649774,7.476415327,6.885306831,1.467994149
1.462591133,8.3192075,-3.3629087,1.583314344,42.3692768,-12.68687026,34.9531608,7.374532167,6.863053123,1.447989391
1.461598667,8.2794528,-3.3482043,1.582910975,42.16680825,-12.63139661,34.79888664,7.326337771,6.832761392,1.438526421
1.4605777,8.229515533,-3.3144066,1.582629996,41.91248043,-12.5038918,34.44429131,7.426605289,6.763136599,1.458213948
1.459604167,8.196192567,-3.330045333,1.582150253,41.74276836,-12.56289031,34.60836821,7.09281631,6.795353098,1.392674482
1.458562767,8.149189633,-3.297187033,1.581805358,41.50338494,-12.43892947,34.26362878,7.198172326,6.727663511,1.413361136
1.457576,8.110267467,-3.293609933,1.581395353,41.30515644,-12.42543454,34.22609892,7.037473683,6.720294523,1.381807958
1.456568867,8.072276767,-3.2874864,1.580951179,41.11167184,-12.40233297,34.16185264,6.908235364,6.707679767,1.356432014
1.455574733,8.030253067,-3.2691946,1.580579767,40.8976474,-12.33332554,33.96994056,6.886122999,6.66999783,1.352090251
1.454582767,7.986776367,-3.252684367,1.580232052,40.6762229,-12.27103922,33.79672015,6.837918919,6.635986001,1.34262538
1.453594333,7.9442679,-3.227174367,1.579873524,40.45972956,-12.17480049,33.52907688,6.889068852,6.583434245,1.352668669
1.452575667,7.902121533,-3.219470667,1.579479396,40.24508038,-12.1457376,33.44825197,6.755244581,6.567564273,1.326392274
1.4515449,7.8590258,-3.203067533,1.579087236,40.02559613,-12.08385533,33.27615521,6.707857083,6.533773075,1.317087738
1.450594267,7.821457233,-3.2020244,1.578693306,39.83426144,-12.07992002,33.26521097,6.527466634,6.531624173,1.281668074
1.4495985,7.778722733,-3.1731461,1.578330794,39.61661693,-11.97097408,32.9622285,6.612804585,6.472133567,1.29842418
1.448540567,7.736641733,-3.1523688,1.577896431,39.40230065,-11.89258988,32.7442393,6.616477514,6.429331387,1.29914536
1.447582533,7.698696467,-3.1498409,1.577500683,39.20904745,-11.88305316,32.71771733,6.449746279,6.424123799,1.266407682
1.446554633,7.655021033,-3.1246799,1.57711998,38.98661081,-11.78813106,32.45373567,6.49129131,6.372290998,1.274565049
1.445547933,7.615056367,-3.114013733,1.57670549,38.78307291,-11.747892,32.34182945,6.399659632,6.350318212,1.256573169
1.444577133,7.576447467,-3.109741767,1.576306809,38.58643986,-11.73177563,32.29700925,6.247846772,6.341517767,1.226764714
1.443573967,7.531457767,-3.0776511,1.575970315,38.35730974,-11.61071076,31.9603236,6.355402299,6.275409539,1.247883241
1.442596833,7.492944233,-3.0815394,1.575563888,38.16116238,-11.62537971,32.00111848,6.118460066,6.283419613,1.201359634
1.441571833,7.4506882,-3.0617438,1.575165052,37.94595467,-11.55069906,31.79342898,6.110941857,6.24263978,1.199883434
1.440623167,7.405254967,-3.026620367,1.57488963,37.71456566,-11.4181928,31.42492445,6.248057371,6.170283916,1.226806065
1.439587967,7.366555867,-3.027844833,1.574427886,37.51747322,-11.42281221,31.43777119,6.038118197,6.172806372,1.185584508
1.438572067,7.325138533,-3.006967633,1.574025722,37.30653697,-11.34405113,31.21873386,6.046219266,6.129798394,1.187175153
1.437594067,7.285800767,-3.0082516,1.573630642,37.10619183,-11.34889501,31.23220486,5.83240314,6.132443424,1.145192357
1.436603767,7.245011167,-2.995906667,1.573244776,36.89845259,-11.30232266,31.10268552,5.754183238,6.107012302,1.129833879
1.435525633,7.199769633,-2.9639177,1.572837047,36.66803989,-11.18164145,30.76706687,5.859389185,6.041113581,1.150491066
1.434517833,7.1604587,-2.958749833,1.572411769,36.46783142,-11.16214522,30.71284717,5.713400421,6.030467541,1.121826173
1.433521767,7.118315033,-2.945023267,1.572040202,36.25319599,-11.11036053,30.56883214,5.642780012,6.002190192,1.107959855
1.4324819,7.072567933,-2.916220833,1.571678231,36.02020847,-11.00170081,30.26664565,5.711978983,5.942855874,1.121547073
1.431497633,7.032257233,-2.9050859,1.571291302,35.81490824,-10.95969329,30.14982127,5.623503136,5.919917406,1.104174841
1.430539567,6.989550433,-2.887076433,1.570966078,35.5974048,-10.89175098,29.96087135,5.594949622,5.882817089,1.098568358
1.429561867,6.951820233,-2.875850233,1.570547477,35.40524692,-10.84939915,29.84308942,5.520573664,5.859690608,1.083964639
1.428518667,6.913868433,-2.865034267,1.57006666,35.21196044,-10.80859496,29.72961154,5.440765065,5.837409227,1.06829422
1.4275166,6.8645962,-2.839145033,1.569794725,34.96101961,-10.71092554,29.45798947,5.4614463,5.784076233,1.072354981
1.426534867,6.824139433,-2.823910867,1.569412494,34.75497547,-10.6534533,29.29815716,5.41523447,5.752693159,1.063281288
1.4255045,6.787776,-2.823373733,1.568920973,34.56977846,-10.65142692,29.29252172,5.2356729,5.75158664,1.028024374
1.4244969,6.748751167,-2.815537767,1.568491656,34.37102708,-10.62186504,29.21030911,5.119134133,5.735444193,1.005141987
1.423548633,6.7044762,-2.784235567,1.56819947,34.14553705,-10.50377473,28.88189581,5.222057402,5.670960243,1.025350971
1.422498833,6.662745633,-2.7640783,1.567768048,33.93300552,-10.42772966,28.67041182,5.221009866,5.62943536,1.025145287
1.421519667,6.619633067,-2.745213767,1.567427737,33.71343553,-10.35656154,28.47249079,5.199360907,5.590573566,1.020894514
1.420511067,6.583241467,-2.7369553,1.5669584,33.52809507,-10.32540574,28.38584543,5.100665799,5.573560751,1.00151573
1.419516,6.539379767,-2.7189018,1.566613291,33.30470979,-10.25729732,28.19643352,5.066692426,5.536369723,0.994845058
1.4185439,6.5018333,-2.7228066,1.566197567,33.11348765,-10.27202852,28.23740152,4.834502298,5.544413788,0.949254526
1.417547367,6.4587145,-2.690065933,1.565839982,32.89388592,-10.14851146,27.89389626,4.958405823,5.47696653,0.973582983
1.4165455,6.418678733,-2.676059,1.565431379,32.68998591,-10.09566907,27.74693971,4.901462359,5.448111613,0.962402134
1.4155226,6.377048967,-2.661204033,1.565025363,32.47796774,-10.03962739,27.59108586,4.845298049,5.417509708,0.951374272
1.414543667,6.335420933,-2.639117067,1.564663287,32.26595841,-9.95630236,27.35935603,4.865018543,5.372009556,0.955246391
1.4135299,6.295283933,-2.629379667,1.564244284,32.06154282,-9.919567158,27.25719415,4.76276484,5.351950071,0.935168876
1.412554967,6.256103533,-2.625539467,1.563849939,31.86199915,-9.905079664,27.21690392,4.603511394,5.344039085,0.903899462
1.4115489,6.212978067,-2.593728067,1.56348292,31.64236347,-9.785068347,26.88314825,4.717631379,5.278506159,0.926306921
1.410551067,6.175200967,-2.591114833,1.56304488,31.44996673,-9.775209693,26.85573099,4.552651899,5.27312278,0.8939132
1.409542233,6.133823733,-2.572719967,1.562649189,31.2392347,-9.705813433,26.66273757,4.534913298,5.235228521,0.890430226
1.4085414,6.091425133,-2.541016733,1.562276632,31.02330091,-9.586210183,26.33011675,4.651600323,5.169918424,0.913341723
1.4075548,6.0513277,-2.532370967,1.561884209,30.81908683,-9.553593265,26.23940796,4.538095041,5.152107752,0.891054961
1.406540033,6.010514733,-2.520248,1.561474223,30.61122859,-9.507858302,26.11221743,4.457427326,5.127133892,0.875215855
1.405529767,5.972637033,-2.5104619,1.56102524,30.4183195,-9.470939375,26.0095446,4.367191061,5.106974082,0.857497965
1.4045328,5.9317843,-2.495241633,1.560633643,30.21025872,-9.413519573,25.84985813,4.318816759,5.075619643,0.847999671
1.403554367,5.890764367,-2.478323067,1.560263057,30.00134641,-9.349692786,25.6723536,4.287408971,5.040766629,0.841832751
1.402496,5.851510367,-2.465796067,1.559786369,29.80142789,-9.302433571,25.54092407,4.218919985,5.014960441,0.828384939
1.4015504,5.806987933,-2.438662667,1.559500517,29.57467753,-9.200070422,25.25624857,4.276845121,4.959064408,0.839758539
1.4005497,5.7680629,-2.436108433,1.559076621,29.37643443,-9.190434351,25.22945032,4.105400268,4.953802571,0.806095343
1.3995567,5.728288833,-2.417206333,1.558673007,29.17386724,-9.119124508,25.03113516,4.101148248,4.914863389,0.805260459
1.398548833,5.6913797,-2.4113188,1.558212072,28.98589101,-9.096913268,24.96936493,3.974942249,4.902734803,0.780479911
1.397569267,5.646084933,-2.380600433,1.557903698,28.7552072,-8.981025515,24.64707703,4.066546328,4.839453576,0.798466371
1.396524567,5.6121507,-2.381738867,1.557361847,28.58238197,-8.985320356,24.65902113,3.881777,4.8417988,0.762186914
1.395545967,5.568007333,-2.347893067,1.557037378,28.35756218,-8.857634084,24.30392115,4.012057189,4.772074918,0.787767429
1.3945184,5.528814633,-2.342210033,1.556590582,28.15795586,-8.836194339,24.24429647,3.872075555,4.760367612,0.760282035
1.393499533,5.4881228,-2.323820033,1.5561747,27.95071454,-8.766816438,24.0513541,3.8577766,4.722483378,0.757474435
1.392505133,5.443233833,-2.2928931,1.55584548,27.72209745,-8.650141849,23.72687799,3.953635615,4.658772494,0.776296353
1.391548333,5.409200667,-2.299796167,1.555392995,27.54876836,-8.676184278,23.7993029,3.70788162,4.672993124,0.728042556
1.3905151,5.3689952,-2.283300567,1.554955539,27.34400407,-8.61395317,23.62623601,3.676184228,4.639011441,0.721818773
1.389567367,5.324965933,-2.2496843,1.554660246,27.11976538,-8.487132833,23.27354422,3.804637327,4.569760408,0.747040539
1.3885411,5.286910067,-2.247323533,1.554197904,26.9259489,-8.478226632,23.24877577,3.635589299,4.564897122,0.713847959
1.387516467,5.248579833,-2.2362592,1.553741261,26.73073508,-8.436485457,23.1326921,3.556459148,4.542104093,0.698310754
1.386500633,5.2109294,-2.219801967,1.553283345,26.53898345,-8.37439909,22.96002774,3.537371871,4.508201447,0.694562967
1.385558733,5.169182167,-2.1997114,1.552960069,26.32636703,-8.298605651,22.74924354,3.535539655,4.466813969,0.694203211
1.3845085,5.131339533,-2.192786533,1.5524706,26.13363653,-8.27248098,22.67658992,3.415462781,4.45254843,0.670626117
1.383510167,5.0929311,-2.1822141,1.552041416,25.93802445,-8.232595541,22.56566712,3.330773494,4.430768738,0.653997376
1.382560367,5.051182467,-2.157694367,1.551710261,25.7254009,-8.14009268,22.30841343,3.375403637,4.380256976,0.662760504
1.381539633,5.0096601,-2.132950433,1.55130482,25.51392972,-8.046744005,22.0488075,3.423538383,4.329283352,0.672211762
1.380531067,4.969882667,-2.118985933,1.550885689,25.31134539,-7.994061694,21.90229615,3.367465399,4.300515849,0.661201831
1.379553567,4.932811133,-2.115483933,1.550457527,25.12254206,-7.98085009,21.86555422,3.215404005,4.293301571,0.631344576
1.378557433,4.892894267,-2.096801433,1.550052895,24.9192476,-7.910368708,21.66954303,3.208120736,4.254814774,0.629914506
1.377550367,4.853491633,-2.0796632,1.54962971,24.71857211,-7.845713208,21.48973383,3.187254446,4.219509237,0.62581741
1.376571733,4.815947067,-2.069419467,1.549207424,24.52735965,-7.807067819,21.38225965,3.103516164,4.198406682,0.609375399
1.3755158,4.772106667,-2.042341167,1.548801133,24.30408285,-7.704912539,21.09816224,3.164336766,4.142624156,0.621317524
1.3744447,4.730985967,-2.032663733,1.548339373,24.09465733,-7.668403566,20.99662951,3.056443978,4.122688205,0.600132775
1.3733972,4.691286867,-2.023026167,1.547880147,23.89247195,-7.632044994,20.89551506,2.955373055,4.102834381,0.580287499
1.3723408,4.646466933,-1.995693767,1.547487904,23.66420643,-7.5289311,20.60875171,3.013870887,4.046528398,0.591773549
1.3713853,4.609869167,-1.984615167,1.547074722,23.47781597,-7.487136102,20.49251836,2.943713777,4.02370598,0.5779982
1.3703396,4.5778739,-1.997793867,1.546503139,23.3148658,-7.536853913,20.63078533,2.642496634,4.0508547,0.518854214
1.369363933,4.535010833,-1.964496433,1.546162631,23.09656651,-7.411236403,20.28143864,2.773544024,3.982260478,0.544585369
1.368353667,4.498379867,-1.959774133,1.545695174,22.91000696,-7.393421109,20.23189369,2.636529435,3.972532326,0.517682554
1.367369233,4.459116933,-1.9428963,1.545292552,22.71004295,-7.329747991,20.05481652,2.613642591,3.937763224,0.513188723
1.366341267,4.4221514,-1.932289067,1.544812353,22.52177948,-7.289731266,19.94352861,2.536667027,3.915911843,0.498074571
1.365350567,4.380802,-1.904648133,1.544434382,22.3111892,-7.185453402,19.65352823,2.616077138,3.858970268,0.513666746
1.364342367,4.342944467,-1.896649067,1.543987168,22.11838282,-7.155276216,19.56960442,2.507194564,3.842491828,0.492287653
1.3633454,4.304812133,-1.8850831,1.543555259,21.9241769,-7.111642585,19.44825777,2.434335293,3.818665412,0.477981735
1.362347167,4.267595667,-1.8713166,1.543108512,21.73463543,-7.059707247,19.30382378,2.389227818,3.790305798,0.469124882
1.361335633,4.226408033,-1.848599833,1.54270731,21.52486903,-6.974006237,19.06548627,2.417798918,3.74350823,0.474734818
1.360387067,4.187955833,-1.8321554,1.542328541,21.32903404,-6.911968159,18.89295621,2.394493993,3.709631952,0.470158895
1.3593941,4.1512223,-1.8181747,1.541879904,21.14195213,-6.859224733,18.7462749,2.354093393,3.680831076,0.462226238
1.3583361,4.115807467,-1.815079,1.541346693,20.96158628,-6.847545931,18.71379574,2.206206706,3.674453794,0.433188687
1.3573636,4.077593333,-1.806413367,1.540940463,20.76696376,-6.814854064,18.62287851,2.102501404,3.656602196,0.412826151
1.3563426,4.035209433,-1.766830267,1.540547522,20.55110483,-6.665523321,18.2075845,2.301936494,3.575059216,0.451985231
1.3551941,3.993563467,-1.774830267,1.540016145,20.33900416,-6.695704028,18.2915181,2.005902223,3.591539579,0.393858901
1.354240967,3.954146467,-1.7525072,1.539647106,20.1382555,-6.611488286,18.05731118,2.039360481,3.54555305,0.40042843
1.353225367,3.915917467,-1.7385535,1.539197996,19.94355725,-6.55884672,17.91091314,1.991060274,3.516807796,0.390944685
1.352251333,3.8763647,-1.718441367,1.538810069,19.74211714,-6.482971919,17.69990267,2.00063063,3.475375889,0.392823824
1.351243333,3.840712067,-1.708801667,1.538330382,19.56054019,-6.446605299,17.59876583,1.920190526,3.455517671,0.37702941
1.350257333,3.801819733,-1.685964333,1.537920701,19.36246363,-6.360449441,17.35916338,1.961716415,3.408471729,0.385183018
1.3492277,3.7623562,-1.6660496,1.537475852,19.16147797,-6.28531935,17.15022397,1.96967017,3.367446476,0.386744738
1.348273233,3.725501933,-1.653485433,1.537067504,18.97378117,-6.237919921,17.0184045,1.913792839,3.341563723,0.375773224
1.347224433,3.687827667,-1.6380393,1.536576974,18.78190816,-6.179648018,16.8563483,1.883976023,3.309743988,0.369918692
1.3462544,3.651136933,-1.630398333,1.536150636,18.59504422,-6.150821796,16.77618157,1.77727882,3.294003251,0.348968696
1.3452326,3.6153347,-1.6192689,1.535659365,18.41270537,-6.108835025,16.65941489,1.711706646,3.271076114,0.3360936
1.3442131,3.574549367,-1.592331767,1.535244236,18.20498786,-6.007212309,16.37679857,1.78660546,3.215584398,0.350799982
1.343268433,3.5379456,-1.578638333,1.534841976,18.01856684,-5.955552621,16.23313117,1.74385184,3.187375305,0.342405309
1.342204867,3.503082767,-1.572987467,1.534295019,17.84101231,-5.934234227,16.17384397,1.625584501,3.175734264,0.319183517
1.341240267,3.463977267,-1.546270733,1.533909897,17.6418501,-5.83344299,15.89354002,1.706726245,3.120696582,0.335115698
1.340227633,3.425354133,-1.528226833,1.533469594,17.44514455,-5.765370783,15.70422883,1.69933189,3.08352533,0.333663817
1.339228833,3.392522,-1.529400767,1.532957311,17.27793226,-5.76979955,15.71654538,1.519803043,3.085943686,0.298413327
1.3382532,3.3514436,-1.4967724,1.532590392,17.06872218,-5.646706153,15.37421835,1.652919998,3.018727772,0.324550842
1.337238467,3.317785367,-1.495939033,1.532074417,16.89730261,-5.643562204,15.36547491,1.490243857,3.017010999,0.292609381
1.336263267,3.2806512,-1.475653067,1.531649484,16.70818029,-5.567031602,15.15264063,1.51395582,2.975220988,0.297265225
1.335224867,3.243334367,-1.457588,1.531164057,16.51812766,-5.498879541,14.96310737,1.513436455,2.938006132,0.297163248
1.334260367,3.206795867,-1.440145833,1.530740997,16.33203905,-5.433077426,14.78010939,1.51034582,2.902074479,0.296556402
1.333231067,3.169870533,-1.423744767,1.530258868,16.14398031,-5.371202953,14.60803432,1.494362155,2.868287538,0.293418009
1.332228667,3.134001167,-1.413256533,1.529787993,15.96129955,-5.331635166,14.49799492,1.421720797,2.846681302,0.279154878
1.331222167,3.098397033,-1.405251267,1.529309087,15.77996961,-5.30143459,14.41400606,1.324379716,2.83019009,0.260041957
1.3302172,3.059575633,-1.375669167,1.528879388,15.58225431,-5.189833503,14.10363954,1.437030934,2.769249623,0.282161024
1.329230567,3.025532933,-1.369302,1.528397211,15.40887667,-5.165812804,14.03683713,1.330455695,2.756132971,0.261234976
1.3282197,2.988764033,-1.350809467,1.527931198,15.22161463,-5.096048088,13.84281902,1.337211777,2.718037515,0.262561533
1.3272582,2.953367467,-1.340122433,1.527494216,15.04134182,-5.05573031,13.73069387,1.269064114,2.696021742,0.249180739
1.326228,2.915954733,-1.311963633,1.527018411,14.85080078,-4.949498749,13.43526019,1.373956759,2.638013337,0.26977641
1.325214033,2.883340767,-1.312417067,1.526487729,14.6846996,-4.951209366,13.44001747,1.203098293,2.638947431,0.23622835
1.324263,2.845532733,-1.2886437,1.526096947,14.49214532,-4.861522239,13.19059444,1.259967044,2.589973218,0.247394529
1.323214167,2.811619133,-1.2791385,1.525550657,14.31942518,-4.825663032,13.09086873,1.18697261,2.570392075,0.233062072
1.3222636,2.775992233,-1.2633614,1.525128022,14.13797929,-4.766142528,12.92534013,1.171055324,2.537890534,0.229936713
1.321239167,2.740196967,-1.243942933,1.524634015,13.95567592,-4.692884647,12.7216074,1.192484684,2.497887613,0.234144368
1.320249767,2.7053035,-1.2315722,1.524161678,13.77796537,-4.646214962,12.59181737,1.144564157,2.472403341,0.224735172
1.319203467,2.670503867,-1.220149567,1.52363105,13.60073271,-4.603122068,12.47197453,1.087174338,2.448872199,0.213466681
1.318232033,2.632876733,-1.1931825,1.523217188,13.40909974,-4.501386426,12.18904415,1.178471747,2.39331882,0.231392927
1.3172302,2.601093633,-1.193065333,1.522686328,13.24723012,-4.500944405,12.18781488,1.017831403,2.393077451,0.199851196
1.316217967,2.5650642,-1.1698335,1.52220799,13.06373415,-4.41330026,11.94407345,1.078076864,2.345218821,0.211680392
1.315250567,2.531268267,-1.159702967,1.52174139,12.89161328,-4.375081928,11.83778693,1.012242509,2.324349464,0.198753817
1.3141987,2.496696233,-1.142957233,1.521201823,12.71553977,-4.311907169,11.66209572,1.011860214,2.289852494,0.198678753
1.313217,2.462812967,-1.131213733,1.520722217,12.54297411,-4.267603778,11.53888644,0.962503838,2.265660352,0.188987628
1.312197267,2.4276637,-1.1140845,1.520223337,12.36396078,-4.202982231,11.35917166,0.96320529,2.230373355,0.189125359
1.311249467,2.394876567,-1.103199467,1.519761387,12.19697768,-4.161917481,11.24496915,0.910424688,2.207949693,0.178761887
1.310230767,2.359770433,-1.082395967,1.519262902,12.01818403,-4.083434439,11.02670507,0.94989512,2.16509354,0.186511907
1.3092475,2.3270941,-1.073527,1.518763844,11.85176522,-4.049975478,10.93365453,0.876526849,2.146823067,0.172106047
1.3082611,2.292826533,-1.053357723,1.518285232,11.67724234,-3.9738851,10.72204453,0.913613976,2.105273443,0.179388104
1.307238767,2.2595877,-1.044112143,1.517755443,11.50795875,-3.939005332,10.62504267,0.841332236,2.086227129,0.165195585
1.3062094,2.2267185,-1.032613907,1.517213143,11.34055768,-3.895627218,10.50440662,0.794567218,2.06254024,0.156013273
1.305232333,2.1929407,-1.014470647,1.516736607,11.16852916,-3.827180166,10.31405298,0.812892341,2.025164303,0.159611411
1.3042274,2.160128367,-1.002705793,1.516217898,11.00141771,-3.782796217,10.19061967,0.769214203,2.000928172,0.151035209
1.3031882,2.127180533,-0.985935297,1.51566693,10.83361616,-3.719528037,10.01466864,0.77736368,1.966380188,0.152635359
1.3022284,2.095058467,-0.975514207,1.515183125,10.6700202,-3.680213554,9.905333694,0.723102672,1.944912271,0.14198121
1.301227233,2.062271233,-0.961125687,1.514667811,10.50303658,-3.62593159,9.754373656,0.707079091,1.915271267,0.13883498
1.3002385,2.030120767,-0.948349847,1.514155494,10.33929599,-3.577733605,9.620333374,0.677378774,1.888952458,0.133003322
1.299239967,1.997157367,-0.930005527,1.513645423,10.17141516,-3.508528037,9.42787027,0.701961054,1.851162327,0.137830053
1.298259733,1.964811733,-0.916069973,1.513144498,10.00668059,-3.45595493,9.281662623,0.683434128,1.822454456,0.134192291
1.297245367,1.932341567,-0.900165227,1.512611285,9.841311773,-3.395952868,9.114794791,0.684933146,1.789689957,0.134486623
1.296249,1.902380067,-0.89284082,1.512058898,9.688719464,-3.368320896,9.037949312,0.609186315,1.774601347,0.119613733
1.295227133,1.8701326,-0.878072273,1.511514885,9.524484848,-3.312605249,8.883002149,0.599898863,1.744177472,0.117790142
1.294248933,1.838380167,-0.861457587,1.511007203,9.362771412,-3.249924875,8.708685839,0.612501736,1.709950465,0.120264716
1.293237967,1.807150767,-0.85361902,1.510459004,9.203721755,-3.22035319,8.626445948,0.535691971,1.693802662,0.105183118
1.292230733,1.775574833,-0.837289453,1.509919674,9.042907223,-3.158748456,8.455121032,0.546202355,1.660163015,0.107246832
1.291266167,1.745008533,-0.82383011,1.509408049,8.8872347,-3.107971894,8.313909638,0.531741226,1.632436157,0.10440739
1.2902478,1.7148935,-0.811243477,1.508835936,8.733860453,-3.060487708,8.181854455,0.510422162,1.606507122,0.100221391
1.289245467,1.685193033,-0.802918177,1.508273715,8.582597572,-3.029079778,8.094507904,0.446505832,1.589356627,0.08767142
1.288254067,1.654220933,-0.78647943,1.507741269,8.424858331,-2.967063153,7.922037504,0.461236991,1.555492064,0.090563883
1.2872498,1.623481733,-0.771685583,1.507192507,8.268305237,-2.911252059,7.766824901,0.4598965,1.525016069,0.090300678
1.286229333,1.593660833,-0.760036867,1.506613936,8.116428996,-2.867306246,7.644610059,0.430235101,1.501019185,0.084476662
1.285254767,1.563918167,-0.748246013,1.506080106,7.964951193,-2.82282421,7.520903961,0.402463395,1.476729493,0.079023688
1.2842033,1.534319067,-0.733831367,1.505467249,7.814204567,-2.768443682,7.369669811,0.402950919,1.447034667,0.079119413
1.283238367,1.504707967,-0.72225809,1.504941102,7.663396825,-2.724782473,7.248246463,0.373566526,1.423193193,0.073349787
1.282225233,1.475881167,-0.709524053,1.504355134,7.516583482,-2.676742194,7.114644769,0.360354877,1.3969605,0.07075568
1.281238667,1.447642967,-0.699038407,1.503787011,7.372767847,-2.637184165,7.004632508,0.326551502,1.375359593,0.064118387
1.280226533,1.419089867,-0.68800533,1.503197987,7.227348442,-2.595560908,6.888876776,0.29688783,1.352630955,0.058293925
1.279185267,1.389461533,-0.670865917,1.502595763,7.076452933,-2.530900957,6.709055191,0.325813905,1.317322987,0.06397356
1.278277767,1.361433933,-0.659006953,1.502103585,6.933709872,-2.48616197,6.584634504,0.307491531,1.292892985,0.060375962
1.277230733,1.3337101,-0.648779333,1.501467373,6.792513878,-2.447577369,6.477329382,0.27360066,1.271823624,0.05372149
1.276219267,1.305896567,-0.637567817,1.500868056,6.650861047,-2.405280932,6.359701511,0.2495757,1.248727392,0.049004189
1.2752342,1.278803367,-0.627301713,1.500284465,6.512876836,-2.36655115,6.251992634,0.219300366,1.227578754,0.043059627
1.274226833,1.2504964,-0.61162579,1.499696561,6.368710975,-2.307412344,6.087525547,0.239601592,1.195285641,0.047045773
1.2732104,1.223209133,-0.599668227,1.499084479,6.229738392,-2.26230138,5.962070378,0.226084178,1.170652519,0.044391628
1.272253633,1.196887633,-0.58929926,1.498517753,6.095684407,-2.223183536,5.853282289,0.200818281,1.149291977,0.03943067
1.2711935,1.170386667,-0.57909691,1.49785032,5.960716408,-2.184694269,5.746242292,0.172890279,1.128274674,0.033947006
1.270234467,1.1439571,-0.567381243,1.497282929,5.826112045,-2.140495882,5.623325031,0.161203177,1.10413987,0.031652244
1.269249333,1.117590933,-0.555595597,1.496688498,5.691830575,-2.096033488,5.49967356,0.150573178,1.079860904,0.029565043
1.2682199,1.09155094,-0.543729873,1.496044934,5.559210288,-2.051268998,5.375181949,0.142444502,1.055416976,0.027968978
1.267210533,1.065918563,-0.534036553,1.495415397,5.428665971,-2.014700092,5.273482543,0.113599591,1.035448297,0.02230528
1.2662259,1.04050557,-0.523320277,1.494807342,5.299238961,-1.974271991,5.161050582,0.096604543,1.013372282,0.018968302
1.2652187,1.015455173,-0.51098129,1.494171347,5.171658637,-1.927722073,5.031593634,0.098481167,0.98795341,0.019336777
1.264225067,0.991507423,-0.500084013,1.493532579,5.049694033,-1.886611134,4.917262675,0.090847522,0.965504526,0.017837911
1.2632519,0.967575083,-0.490295937,1.49291405,4.927807911,-1.84968475,4.814569109,0.071654965,0.945340645,0.014069452
1.262218333,0.942895013,-0.479636847,1.492246201,4.802113641,-1.809472391,4.702737134,0.057792671,0.923382436,0.011347591
1.2612278,0.919081673,-0.469150113,1.491608541,4.680833579,-1.769910263,4.592713472,0.046536271,0.90177929,0.009137397
1.260218633,0.896042907,-0.455187103,1.490940771,4.563498379,-1.717233574,4.446217758,0.075696784,0.873014857,0.014863064
1.2592397,0.873707477,-0.45117255,1.490292811,4.449745234,-1.702088316,4.404098269,0.004063129,0.864744695,0.000797795
1.2582344,0.850184817,-0.439297067,1.489636078,4.32994559,-1.657287006,4.279504259,0.008857495,0.840280661,0.001739169
1.257247533,0.827015877,-0.427650053,1.488992536,4.211947424,-1.613347619,4.157307287,0.0130563,0.816287286,0.002563605
1.256250633,0.804312547,-0.417844613,1.488332062,4.096320584,-1.57635573,4.054431551,0.000305196,0.796087635,5.99253E-05
1.2552219,0.781623047,-0.408467233,1.487639549,3.98076418,-1.540978735,3.956046892,-0.016866549,0.776769807,-0.003311747
1.254199033,0.76012198,-0.400413037,1.486935292,3.871260402,-1.510593566,3.871544676,-0.04186811,0.760177797,-0.008220803
1.253218033,0.738181827,-0.390648963,1.486279409,3.75952038,-1.473757737,3.769102947,-0.051166403,0.740063364,-0.010046523
1.252224067,0.71846773,-0.380289803,1.485577572,3.659117545,-1.43467689,3.660417747,-0.042884038,0.718723025,-0.008420281
1.2512375,0.698186577,-0.371368963,1.484891539,3.555826721,-1.401022233,3.566822968,-0.052580084,0.70034569,-0.010324099
1.2502195,0.67711542,-0.361992883,1.484185778,3.448512452,-1.365650143,3.468451949,-0.061523333,0.68103054,-0.012080106
1.249191433,0.657225967,-0.356008947,1.48345244,3.347216535,-1.343075213,3.40567028,-0.100037581,0.668703359,-0.019642379
1.248209467,0.63640515,-0.344172487,1.482779003,3.241177235,-1.298421121,3.281485691,-0.081892293,0.644319715,-0.016079552
1.247234,0.616809467,-0.33744626,1.482093912,3.141377472,-1.273045837,3.210916138,-0.111122502,0.630463384,-0.021818903
1.2462344,0.597129703,-0.32689633,1.481385933,3.041149495,-1.233245294,3.100229436,-0.100663777,0.60873005,-0.019765333
1.245253833,0.578064363,-0.3190191,1.480687883,2.944050743,-1.203527747,3.017583901,-0.115116994,0.592502599,-0.022603222
1.244234367,0.5593623,-0.311749527,1.47994555,2.848802139,-1.17610264,2.941313717,-0.134095415,0.577526948,-0.026329635
1.243202467,0.540599443,-0.30271452,1.479191684,2.753243918,-1.142017278,2.846521137,-0.134861055,0.558914425,-0.026479968
1.2422469,0.52239987,-0.29568237,1.478505805,2.660554469,-1.115487871,2.772741928,-0.153771295,0.544427878,-0.030192994
1.241151,0.503311007,-0.28687812,1.47769277,2.563335914,-1.08227306,2.680370377,-0.158618299,0.526290723,-0.031144703
1.240114533,0.484246027,-0.277004523,1.476938814,2.466238995,-1.045024044,2.576779561,-0.152124403,0.505950667,-0.029869627
1.239100467,0.46621111,-0.26923261,1.476191995,2.374388133,-1.015703814,2.495238977,-0.16243468,0.489940173,-0.031894049
1.237990467,0.44804566,-0.261201927,1.475351177,2.281872473,-0.985407352,2.410983456,-0.17069482,0.473396602,-0.033515928
1.237063067,0.43126435,-0.253248947,1.474672448,2.196406162,-0.955404032,2.327543175,-0.172720849,0.457013102,-0.033913739
1.236029167,0.41530334,-0.247093443,1.473875063,2.115117596,-0.932181851,2.26296148,-0.18942772,0.444332487,-0.037194133
1.235013533,0.399360757,-0.239063027,1.473095673,2.033922876,-0.901886395,2.178708756,-0.186369717,0.427789464,-0.036593694
1.2340066,0.383932937,-0.232274127,1.472317354,1.955349818,-0.87627467,2.107481653,-0.193715672,0.413804023,-0.038036072
1.233003667,0.367414347,-0.22291332,1.471559198,1.871221526,-0.840960199,2.009270877,-0.179633187,0.394520337,-0.035270976
1.2319405,0.35140541,-0.216920143,1.470733257,1.789688872,-0.818350411,1.946392264,-0.198287229,0.382174121,-0.038933697
1.230941167,0.33682716,-0.21100298,1.46994995,1.715442628,-0.796027389,1.884311161,-0.210452369,0.369984496,-0.041322323
1.2299679,0.32291736,-0.205817603,1.469182803,1.644600764,-0.776465097,1.829907744,-0.226890816,0.359302386,-0.044550012
1.228928633,0.30892961,-0.198739763,1.468350811,1.573361905,-7.50E-01,1.755649169,-0.223871101,0.344721714,-0.043957091
1.2279599,0.29557698,-0.193167403,1.467579942,1.505357678,-0.7287411,1.697185639,-0.233411798,0.3332424,-0.045830407
1.2269159,0.28274472,-0.187987457,1.466726094,1.440003667,-7.09E-01,1.642839192,-0.244419361,0.322571475,-0.047991742
1.225959267,0.270057603,-0.1819353,1.465957463,1.375388863,-0.686366997,1.579341779,-0.245536752,0.310103758,-0.048211141
1.224943,0.25744512,-0.175943763,1.465128092,1.311154163,-0.663763396,1.516480373,-0.246910046,0.297760921,-0.048480788
1.223909467,0.2454453,-0.17045754,1.464272376,1.250039725,-0.643066133,1.458920563,-0.250464675,0.286459053,-0.049178739
1.222979,0.233670577,-0.165133353,1.463516392,1.190071692,-0.622980169,1.403060793,-0.254572938,0.275490987,-0.049985396
1.221926033,0.22220721,-0.160595993,1.462633293,1.131689381,-0.605862577,1.355456173,-0.265350628,0.26614382,-0.052101596
1.220938367,0.21128643,-0.15571483,1.461807454,1.076070435,-0.587447957,1.304244471,-0.269757872,0.256088402,-0.052966958
1.219979233,0.200567023,-0.150888333,1.461007164,1.021477073,-0.569239572,1.253606315,-0.273713078,0.2461456,-0.053743563
1.2189719,0.190046783,-0.146583443,1.460155723,0.967898056,-0.552998994,1.2084407,-0.28212648,0.237277331,-0.055395534
1.217951933,0.179811183,-0.142237333,1.459287431,0.915768695,-0.53660291,1.162842617,-0.288657758,0.228324148,-0.056677951
1.216965367,0.16991391,-0.13773983,1.458447526,0.865362414,-0.519635681,1.115656161,-0.291877583,0.219059087,-0.057310163
1.215984433,0.160478307,-0.13402316,1.457606412,0.817307393,-0.505614215,1.076661974,-0.300938417,0.211402579,-0.059089258
1.214953667,0.151193383,-0.129689497,1.456713233,0.770019778,-0.489265087,1.031194478,-0.302758537,0.202475036,-0.059446639
1.213985067,0.142432127,-0.125887743,1.45587446,0.725399168,-0.474922637,0.991307622,-0.30749229,0.194643252,-0.060376111
1.212915767,0.133802863,-0.121700507,1.454933031,0.681450794,-0.459125918,0.947376394,-0.307509437,0.186017355,-0.060379478
1.2119204,0.125323087,-0.118160261,1.454063321,0.638263747,-0.445770027,0.910233194,-0.313553284,0.178724288,-0.061566187
1.210966267,0.117247573,-0.114363838,1.453228853,0.597135591,-0.431447686,0.870402263,-0.314850508,0.170903484,-0.061820897
1.209943633,0.109527385,-0.111117488,1.45232062,0.557817087,-0.419200542,0.836342529,-0.320109278,0.164215855,-0.062853457
1.208946333,0.10179969,-0.107136809,1.451437832,0.518460353,-0.404183081,0.794578445,-0.317701929,0.156015478,-0.062380774
1.207951333,0.09481798,-0.104914537,1.450546289,0.482902876,-0.395799364,0.771263034,-0.329943994,0.151437497,-0.064784503
1.206976433,0.08788813,-0.1019827,1.449674078,0.447609522,-0.38473875,0.740503079,-0.334477393,0.14539778,-0.065674636
1.20597,0.081060817,-0.099010106,1.448768814,0.412838384,-0.373524373,0.709315507,-0.33806096,0.1392741,-0.066378269
1.204933267,0.074416523,-0.096053227,1.447830538,0.378999353,-0.362369286,0.67829282,-0.340877303,0.133182795,-0.066931258
1.203956533,0.068136827,-0.093217534,1.446946859,0.347017201,-0.351671384,0.648541579,-0.343108215,0.127341139,-0.067369298
1.202912467,0.062016839,-0.089609391,1.44599348,0.315848427,-0.338059347,0.610686028,-0.336421437,0.119908202,-0.066056349
1.201924667,0.056387462,-0.088217158,1.445089098,0.287178313,-0.332807023,0.596079133,-0.350484657,0.117040138,-0.068817662
1.2008964,0.050299851,-0.08524286,1.44415104,0.256174437,-0.321586223,0.564873694,-0.350283094,0.11091295,-0.068778085
1.199786433,0.043751589,-0.082347855,1.443138108,0.222824492,-0.31066456,0.53450017,-0.353259514,0.104949108,-0.069362506
1.198741167,0.037742334,-0.080321974,1.442181888,0.192219679,-0.303021745,0.513245234,-0.362609391,0.100775702,-0.071198354
1.197738067,0.031477768,-0.07815592,1.441271619,0.160314581,-0.294850114,0.490519642,-0.371788897,0.096313532,-0.07300075
1.196625067,0.025911262,-0.076249973,1.440241105,0.131964663,-0.287659763,0.470523024,-0.380142197,0.092387196,-0.07464092
1.195633067,0.021354067,-0.074113167,1.439316635,0.108755116,-0.279598471,0.448104289,-0.38093301,0.087985277,-0.074796196
1.194634333,0.017240816,-0.072124922,1.438378853,0.087806548,-0.272097642,0.427244223,-0.381021511,0.083889403,-0.074813574
1.1936517,0.013087562,-0.070367249,1.437457764,0.066654248,-0.265466667,0.408803248,-0.383732836,0.080268518,-0.075345942
1.192646933,0.008972353,-0.068781626,1.436513978,0.045695712,-0.259484761,0.39216736,-0.388055485,0.077002061,-0.076194694
1.191603633,0.005214182,-0.067276987,1.435526368,0.026555547,-0.253808378,0.376381139,-0.391409428,0.073902437,-0.076853241
1.190603533,0.001539157,-0.065798624,1.434580726,0.007838841,-0.248231125,0.360870605,-0.3946156,0.070856943,-0.077482773
1.189625533,-0.001936981,-0.064042241,1.433654236,-0.00986494,-0.241605015,0.342443161,-0.393891937,0.067238715,-0.077340682
1.1886187,-0.005129671,-0.06212617,1.432694713,-0.026125139,-0.234376465,0.322340311,-0.390049287,0.06329152,-0.076586178
1.187644067,-0.008218889,-0.061787249,1.431765857,-0.041858362,-0.233097857,0.318784457,-0.402226656,0.062593328,-0.078977204
1.1866271,-0.011327048,-0.060263639,1.430794948,-0.057688046,-0.227349903,0.302799195,-0.402071077,0.059454622,-0.078946656
1.185625333,-0.014233734,-0.059247403,1.429836254,-0.072491644,-0.223516064,0.292137155,-0.406212635,0.05736113,-0.079759851
1.184609533,-0.017059305,-0.057956394,1.428862324,-0.086882124,-0.218645618,0.278592276,-0.407058236,0.054701593,-0.079925885
1.183569833,-0.019696322,-0.056836003,1.4278617,-0.100312308,-0.214418843,0.266837466,-0.40873361,0.052393536,-0.080254844
1.182596233,-0.022194613,-0.055551922,1.426925121,-0.113035973,-0.209574534,0.253365273,-0.407985082,0.049748271,-0.080107871
1.181678233,-0.024302383,-0.054832241,1.426038354,-0.123770733,-0.206859476,0.245814603,-0.411169172,0.048265697,-0.080733067
1.1806184,-0.026736961,-0.05369793,1.425014597,-0.136169906,-0.202580186,0.233913748,-0.41166749,0.045928964,-0.080830912
1.1796255,-0.029048597,-0.052235977,1.424055952,-0.147942945,-0.197064839,0.218575376,-0.408102158,0.042917275,-0.080130859
1.1786544,-0.030972392,-0.051583103,1.423113359,-0.157740727,-0.194601813,0.211725614,-0.411050177,0.041572324,-0.080709702
1.177593633,-0.033000294,-0.050920598,1.422082643,-0.168068724,-0.192102457,0.204774817,-0.414427378,0.040207535,-0.081372816
1.176626867,-0.034875243,-0.050032502,1.42114366,-0.17761774,-0.188752037,0.19545718,-0.414658757,0.038378017,-0.081418247
1.175668733,-0.036558726,-0.049015894,1.420210473,-0.186191625,-0.184916793,0.184791234,-0.412566696,0.036283759,-0.081007471
1.174606233,-0.038246315,-0.048143577,1.41917298,-0.194786427,-0.181625899,0.175639142,-0.412009406,0.034486746,-0.080898047
1.1736285,-0.039913509,-0.047857318,1.418219952,-0.203277357,-0.180545961,0.172635799,-0.417496992,0.033897039,-0.081975534
1.172641167,-0.041449748,-0.047345165,1.417255383,-0.211101339,-0.178613819,0.167262443,-0.419947619,0.032841981,-0.082456715
1.171605767,-0.042953612,-0.046512158,1.416242268,-0.218760436,-0.175471225,0.15852278,-0.418867052,0.031125948,-0.082244546
1.170649433,-0.044312402,-0.045708064,1.415306069,-0.225680681,-0.172437711,0.15008647,-0.417350987,0.029469478,-0.081946866
1.1696411,-0.045526961,-0.045192629,1.414315734,-0.231866368,-0.170493185,0.144678677,-0.418128881,0.028407658,-0.082099606
1.168623333,-0.046642898,-0.044853085,1.413314503,-0.237549773,-0.169212227,0.141116287,-0.420249897,0.027708183,-0.082516067
1.167676,-0.048027367,-0.045105508,1.412387686,-0.244600798,-0.170164514,0.14376463,-0.429949264,0.028228185,-0.084420538
1.166591133,-0.04914085,-0.04484665,1.411319319,-0.250271707,-0.169187949,0.141048769,-0.432904313,0.027694926,-0.085000762
1.165646933,-0.050149553,-0.044244767,1.410390066,-0.255408977,-0.166917295,0.134734,-0.431726814,0.026455021,-0.08476956
1.1646356,-0.05113025,-0.043961467,1.409393265,-0.260403616,-0.165848519,0.131761698,-0.433749151,0.025871409,-0.085166646
1.163639867,-0.052042012,-0.043405852,1.408411043,-0.265047173,-0.163752411,0.125932349,-0.432563358,0.024726817,-0.084933815
1.162631167,-0.052728133,-0.04308415,1.40741251,-0.268541548,-0.162538763,0.122557151,-0.432682536,0.024064097,-0.084957216
1.161638,-0.053567336,-0.042967914,1.406431779,-0.272815564,-0.162100254,0.121337642,-0.435737042,0.023824646,-0.085556968
1.160641533,-0.054426676,-0.042399287,1.405448046,-0.277192138,-0.159955057,0.115371774,-0.434147749,0.022653248,-0.08524491
1.1596334,-0.055074953,-0.042209416,1.404449519,-0.280493775,-0.159238752,0.113379704,-0.435457316,0.022262105,-0.085502044
1.158621967,-0.055861463,-0.04162335,1.40344974,-0.28449943,-0.157027766,0.107230876,-0.433314142,0.021054782,-0.085081232
1.157612433,-0.056505838,-0.040967234,1.402449756,-0.287781197,-0.154552511,0.100347103,-0.429712137,0.019703154,-0.084373978
1.156613767,-0.056956315,-0.040570067,1.401457764,-0.29007545,-0.153054164,0.09618015,-0.427839437,0.018884972,-0.084006273
1.1556421,-0.057382541,-0.040312678,1.400492414,-0.2922462,-0.152083142,0.093479702,-0.427309738,0.018354739,-0.083902267
1.1546373,-0.057969386,-0.040387297,1.39949631,-0.29523497,-0.152364646,0.094262575,-0.431081381,0.018508457,-0.084642829
1.1536393,-0.058519478,-0.039903386,1.398506461,-0.298036555,-0.150539051,0.089185533,-0.428805925,0.017511579,-0.084196043
1.152649367,-0.059108204,-0.039490982,1.397525252,-0.301034905,-0.148983218,0.084858707,-0.427477448,0.016662007,-0.083935197
1.1516256,-0.059307091,-0.039446841,1.396504432,-0.302047828,-0.148816692,0.084395593,-0.428027257,0.016571075,-0.084043152
1.150602367,-0.059660725,-0.03943233,1.395486439,-0.303848867,-0.148761951,0.084243354,-0.429676058,0.016541183,-0.084366894
1.149646733,-0.059832553,-0.039181426,1.394533352,-0.304723978,-0.147815393,0.081610945,-0.427918759,0.016024309,-0.084021848
1.1486257,-0.060237719,-0.038775449,1.393518323,-0.306787468,-0.146283807,0.077351549,-0.425722853,0.015187977,-0.083590682
1.147619167,-0.060585413,-0.038623386,1.392516942,-0.308558255,-0.145710138,0.075756157,-0.425898248,0.014874721,-0.083625121
1.146635467,-0.060860955,-0.038405043,1.391537325,-0.309961575,-0.144886417,0.07346536,-0.425010772,0.014424923,-0.083450865
1.145619333,-0.061050085,-0.038291827,1.390523994,-0.310924803,-0.144459303,0.072277539,-0.424786178,0.014191695,-0.083406766
1.1446099,-0.06131159,-0.037986875,1.389518436,-0.312256635,-0.143308844,0.069078074,-0.422918546,0.01356348,-0.083040056
1.143621933,-0.061323503,-0.037866444,1.388530645,-0.312317304,-0.142854506,0.067814545,-0.421715685,0.013315386,-0.082803875
1.142667933,-0.061467573,-0.038038995,1.38757878,-0.313051045,-0.143505469,0.069624894,-0.424259776,0.013670848,-0.083303407
1.1416254,-0.06179181,-0.037640945,1.386541052,-0.314702368,-0.142003793,0.06544868,-0.421734885,0.012850848,-0.082807645
1.140663167,-0.061920545,-0.037434403,1.385580726,-0.315358009,-0.141224595,0.063281704,-0.420223549,0.012425362,-0.082510894
1.139615833,-0.062071712,-0.03754961,1.384535633,-0.316127894,-0.141659222,0.064490417,-0.422202148,0.012662693,-0.082899392
1.138635167,-0.062128177,-0.037457976,1.383555803,-0.316415469,-0.141313526,0.063529024,-0.42152833,0.012473924,-0.082767088
1.137662367,-0.062153862,-0.036739093,1.382583383,-0.316546281,-0.138601475,0.055986716,-0.414116834,0.010992992,-0.08131184
1.136637567,-0.061974771,-0.036787648,1.381555929,-0.31563418,-0.138784654,0.056496144,-0.413714161,0.011093018,-0.081232775
1.135662933,-0.062182937,-0.036716228,1.380584381,-0.316694355,-0.138515215,0.055746823,-0.414025015,0.010945889,-0.081293812
1.1346656,-0.06227838,-0.036701617,1.379588462,-0.317180441,-0.138460095,0.055593533,-0.41435781,0.01091579,-0.081359156
1.133637133,-0.062292161,-0.036823637,1.378560199,-0.317250631,-0.138920424,0.056873723,-0.41570819,0.011167155,-0.081624303
1.132674467,-0.06225297,-0.036145863,1.377596952,-0.31705103,-0.136363462,0.049762725,-0.408397591,0.009770911,-0.080188867
1.131625667,-0.062258955,-0.036173816,1.376548241,-0.317081513,-0.136468918,0.050055999,-0.408721348,0.009828495,-0.080252437
1.1306533,-0.06206758,-0.036343211,1.375573038,-0.316106848,-0.137107974,0.051833237,-0.409523922,0.010177456,-0.080410022
1.1296758,-0.062040581,-0.036270818,1.374595138,-0.315969346,-0.136834865,0.051073712,-0.408626894,0.010028323,-0.080233891
1.128652233,-0.062186625,-0.036036746,1.373573735,-0.316713138,-0.135951809,0.048617902,-0.406914876,0.009546125,-0.079897736
1.127630233,-0.062171105,-0.036204079,1.372551505,-0.316634099,-0.136583089,0.050373513,-0.408591448,0.009890839,-0.080226931
1.126652133,-0.062096182,-0.03606983,1.371572295,-0.316252518,-0.136076623,0.048965013,-0.406801368,0.00961428,-0.079875449
1.125622767,-0.062013871,-0.035564971,1.370541709,-0.315833311,-0.134171997,0.043668184,-0.401085331,0.008574248,-0.078753105
1.124616033,-0.061724742,-0.035375846,1.369530691,-0.314360794,-0.133458505,0.041683937,-0.397628568,0.008184641,-0.078074369
1.1236919,-0.061537425,-0.035528236,1.368603782,-0.313406799,-0.134033409,0.043282764,-0.398273399,0.008498571,-0.078200982
1.1225992,-0.061566812,-0.035371562,1.367511518,-0.313556465,-0.133442345,0.041638994,-0.396779296,0.008175817,-0.077907615
1.1216273,-0.061435168,-0.035205492,1.366537667,-0.31288601,-0.13281583,0.039896634,-0.39436648,0.007833704,-0.077433858
1.1206618,-0.061271382,-0.035282276,1.36556974,-0.312051856,-0.133105503,0.040702225,-0.394337918,0.007991882,-0.07742825
1.119630033,-0.061078764,-0.03514766,1.364535119,-0.311070865,-0.132597655,0.039289882,-0.391944583,0.007714568,-0.076958319
1.1186349,-0.060865996,-0.0350863,1.363536833,-0.309987247,-0.132366169,0.038646111,-0.390217195,0.007588164,-0.076619146
1.117663833,-0.06056458,-0.03500443,1.362561299,-0.308452152,-0.132057306,0.037787152,-0.38782314,0.007419507,-0.076149074
1.116645467,-0.06052853,-0.035093264,1.361542399,-0.308268553,-0.13239244,0.038719172,-0.388571561,0.007602509,-0.076296026
1.1156079,-0.060425117,-0.034902452,1.3605033,-0.307741873,-0.131672583,0.036717226,-0.386042935,0.007209427,-0.07579953
1.114641267,-0.060274395,-0.034804924,1.359534433,-0.306974255,-0.13130465,0.035693991,-0.384252083,0.007008515,-0.075447896
1.113614033,-0.059995208,-0.034725615,1.358503062,-0.305552371,-0.13100545,0.034861905,-0.381998112,0.006845135,-0.075005329
1.112666133,-0.059781256,-0.034786064,1.357551992,-0.304462725,-0.131233502,0.035496125,-0.381542686,0.006969664,-0.074915906
1.111623733,-0.059416174,-0.034713112,1.356504182,-0.30260338,-0.130958284,0.034730734,-0.378917951,0.00681938,-0.07440054
1.1106188,-0.059191838,-0.034649102,1.355495924,-0.301460851,-0.130716798,0.034059154,-0.377103841,0.006687515,-0.074044339
1.109684567,-0.059017715,-0.034679663,1.354559111,-0.300574053,-0.130832092,0.034379791,-0.37653768,0.006750472,-0.073933173
1.10863,-0.058734054,-0.034666635,1.353500341,-0.299129383,-0.130782944,0.034243108,-0.374956327,0.006723634,-0.073622675
1.107651467,-0.058568772,-0.034506925,1.352519358,-0.298287609,-0.130180425,0.032567482,-0.372438927,0.006394625,-0.073128383
1.1066429,-0.058267493,-0.03446525,1.351506327,-0.296753209,-0.130023203,0.032130241,-0.370467286,0.006308773,-0.072741252
1.1056139,-0.057869951,-0.034344279,1.350471436,-0.294728551,-0.129566826,0.030861042,-0.36717343,0.006059566,-0.072094503
1.1046507,-0.057497925,-0.034120288,1.349502723,-0.292833841,-0.128721801,0.028510996,-0.362928673,0.005598134,-0.071261045
1.103632633,-0.057334611,-0.034269088,1.348482237,-0.292002092,-0.129283164,0.030072168,-0.363658096,0.00590467,-0.071404267
1.102675733,-0.057110426,-0.034170127,1.347522015,-0.290860333,-0.128909824,0.029033895,-0.361478064,0.005700805,-0.070976218
1.101658367,-0.056906865,-0.034259595,1.346501632,-0.289823608,-0.129247351,0.02997257,-0.361380014,0.005885114,-0.070956966
1.1006385,-0.056527741,-0.034005562,1.345476147,-0.287892749,-0.128288989,0.027307332,-0.356783918,0.005361795,-0.070054522
1.099646367,-0.056154984,-0.033939463,1.34447849,-0.285994315,-0.128039625,0.026613841,-0.354191992,0.005225628,-0.069545598
1.098654367,-0.055686485,-0.033957536,1.343479548,-0.283608278,-0.128107805,0.026803454,-0.351995568,0.005262858,-0.06911433
1.0976873,-0.055453883,-0.033651676,1.342509034,-0.282423645,-0.12695392,0.023594459,-0.34760194,0.004632772,-0.068251641
1.0966451,-0.055162862,-0.033768734,1.341462522,-0.280941492,-0.127395533,0.0248226,-0.347347929,0.004873918,-0.068201766
1.095678033,-0.054819014,-0.033960021,1.34049036,-0.279190293,-0.128117182,0.026829529,-0.347603659,0.005267978,-0.068251978
1.094604767,-0.054571072,-0.033634624,1.339413419,-0.277927539,-0.12688959,0.023415555,-0.34292693,0.004597644,-0.067333703
1.093651467,-0.054193101,-0.033560351,1.338454518,-0.276002552,-0.12660939,0.022636308,-0.340222696,0.004444639,-0.066802726
1.0926263,-0.053773696,-0.03375325,1.337423137,-0.273866546,-0.127337117,0.024660143,-0.340110526,0.004842019,-0.066780702
1.0916612,-0.053413306,-0.033425038,1.336452696,-0.272031096,-0.12609891,0.021216645,-0.334831577,0.004165888,-0.06574418
1.0906677,-0.0531622,-0.033467658,1.335455475,-0.270752226,-0.126259699,0.021663804,-0.333999867,0.004253688,-0.065580874
1.089603567,-0.052813842,-0.033458548,1.33438618,-0.268978058,-0.126225328,0.021568218,-0.332130112,0.00423492,-0.065213748
1.0886435,-0.052606906,-0.033695886,1.333423047,-0.267924144,-0.127120709,0.024058304,-0.333566285,0.004723848,-0.06549574
1.0876424,-0.052216965,-0.033554829,1.332416168,-0.265938195,-0.126588558,0.022578373,-0.330100405,0.004433264,-0.064815214
1.086622633,-0.051789312,-0.033257524,1.331390065,-0.263760185,-0.125466947,0.019459135,-0.324803156,0.003820801,-0.0637751
1.085622933,-0.051288244,-0.033242272,1.33038294,-0.261208273,-0.125409409,0.019299119,-0.322091228,0.003789382,-0.063242613
1.084641033,-0.051095003,-0.03332771,1.329398176,-0.260224103,-0.125731731,0.020195509,-0.322003448,0.003965388,-0.063225377
1.083597733,-0.050867934,-0.033467111,1.328351511,-0.259067653,-0.126257633,0.021658059,-0.322309548,0.00425256,-0.06328548
1.082621767,-0.050512174,-0.033499116,1.327370273,-0.257255786,-0.126378376,0.021993849,-0.320833472,0.004318492,-0.062995652
1.0816312,-0.050179427,-0.033459072,1.326374775,-0.255561126,-0.126227307,0.021573723,-0.318718685,0.004236,-0.062580414
1.0806386,-0.049899682,-0.033315159,1.32537803,-0.254136399,-0.125684383,0.020063831,-0.315784066,0.003939533,-0.062004201
1.0796538,-0.049382997,-0.033371104,1.324385574,-0.251504952,-0.125895439,0.020650785,-0.313739574,0.004054782,-0.061602765
1.078625967,-0.049098408,-0.033135757,1.323353523,-0.250055556,-0.12500757,0.018181592,-0.309820984,0.003569956,-0.06083335
1.0776371,-0.048862894,-0.033142225,1.322361167,-0.248856095,-0.125031973,0.018249456,-0.308689387,0.003583281,-0.060611161
1.0766505,-0.04851093,-0.033174918,1.321369351,-0.247063562,-0.12515531,0.018592461,-0.307239859,0.00365063,-0.060326546
1.075645267,-0.048202589,-0.032949037,1.320359549,-0.245493196,-0.124303154,0.016222585,-0.303299617,0.003185305,-0.05955288
1.074639933,-0.047901721,-0.033100778,1.319349757,-0.243960893,-0.124875609,0.017814603,-0.303359332,0.003497897,-0.059564605
1.0736183,-0.04748283,-0.033111634,1.318321916,-0.2418275,-0.124916567,0.017928507,-0.301339844,0.003520262,-0.059168078
1.0726398,-0.047112269,-0.033052183,1.317337925,-0.239940253,-0.124692281,1.73E-02,-0.298828851,0.00339779,-0.058675045
1.071653267,-0.046960158,-0.032862247,1.316349138,-0.23916556,-0.123975731,0.01531201,-0.296061407,0.003006513,-0.058131657
1.070653133,-0.04665752,-0.032779112,1.31534452,-0.237624242,-0.123662096,0.014439779,-0.293647858,0.002835251,-0.057657757
1.069640733,-0.046354548,-0.032772889,1.31432763,-0.236081224,-0.123638619,0.014374489,-0.29203955,0.002822431,-0.057341966
1.068649267,-0.046043201,-0.032808958,1.31333155,-0.234495549,-0.123774695,1.48E-02,-0.290832307,0.002896736,-0.057104923
1.067657367,-0.045770264,-0.032929754,1.312335606,-0.233105494,-0.124230407,0.016020274,-0.290709604,0.003145581,-0.057080831
1.0666347,-0.045354652,-0.032570371,1.31130678,-0.230988804,-0.122874602,0.012249731,-0.284822372,0.002405235,-0.055924873
1.065666033,-0.045115305,-0.032686603,1.310334567,-0.229769823,-0.123313098,1.35E-02,-0.284822865,0.002644679,-0.05592497
1.064640667,-0.044938922,-0.032738934,1.309306587,-0.228871515,-0.123510522,0.014018247,-0.284473599,0.002752483,-0.055856391
1.063642333,-0.044739578,-0.032545872,1.308305299,-0.227856265,-0.12278218,0.011992702,-0.281432804,0.002354767,-0.055259331
1.0626508,-0.044424605,-0.032541537,1.307309099,-0.226252125,-0.122765823,0.011947214,-0.279783175,0.002345835,-0.054935426
1.061650733,-0.044185373,-0.03255229,1.306305487,-0.225033729,-0.122806391,0.012060034,-0.2786776,0.002367988,-0.054718347
1.060670367,-0.043765196,-0.03257337,1.305318894,-0.222893792,-0.122885916,0.012281196,-0.276758824,0.002411413,-0.054341595
1.059675733,-0.043487498,-0.032281656,1.304320146,-0.221479491,-1.22E-01,9.22E-03,-0.272283951,0.001810469,-0.053462954
1.058682833,-0.043334831,-0.032246077,1.303324983,-0.220701964,-1.22E-01,8.85E-03,-0.271133144,0.001737176,-0.053236993
1.0576502,-0.043045488,-0.032322672,1.302288062,-0.219228359,-0.121940137,0.009650951,-0.270463147,0.001894964,-0.053105439
1.056668633,-0.042847016,-0.032443851,1.301303555,-0.21821755,-0.122397294,0.010922321,-0.270723708,0.002144598,-0.0531566
1.055664367,-0.042602652,-0.032374351,1.300295667,-0.216973018,-0.122135101,0.010193155,-0.268750009,0.002001426,-0.052769064
1.054676367,-0.042341009,-0.032413139,1.29930379,-0.215640482,-0.122281431,0.010600104,-0.267824422,0.00208133,-0.052587325
